unit_id,item,unit_type,parent_id,source_start,source_end,source_loc,authority_sha256,source_topics,topic_evidence_labels,topic_evidence_tags,decision_id,disposition,review_state,stacks_labels,stacks_tags,rationale
fac:introduction,fac:introduction,semantic_target,fac,components/001_opening_introduction_contents_and_I_1_1_2.tex:21,components/001_opening_introduction_contents_and_I_1_1_2.tex:21,components/001_opening_introduction_contents_and_I_1_1_2.tex:21,B8C6508249308F5D8BC886B9E6360F1EC4FDC8F0F18EFAA03EE0E36B591551CA,,,,,structural_only,classified,,,Source structure; no independent Stacks object.
fac:I,fac:I,chapter,fac,components/001_opening_introduction_contents_and_I_1_1_2.tex:78,components/001_opening_introduction_contents_and_I_1_1_2.tex:78,components/001_opening_introduction_contents_and_I_1_1_2.tex:78,B8C6508249308F5D8BC886B9E6360F1EC4FDC8F0F18EFAA03EE0E36B591551CA,ext,cohomology-section-ext;derived-section-ext,06XP;0BQP,,structural_only,classified,,,Source structure; no independent Stacks object.
fac:I:1,fac:I:1,section,fac:I,components/001_opening_introduction_contents_and_I_1_1_2.tex:82,components/001_opening_introduction_contents_and_I_1_1_2.tex:82,components/001_opening_introduction_contents_and_I_1_1_2.tex:82,B8C6508249308F5D8BC886B9E6360F1EC4FDC8F0F18EFAA03EE0E36B591551CA,,,,,structural_only,classified,,,Source structure; no independent Stacks object.
fac:I:1:no:1,1,numbered_paragraph,fac:I:1,components/001_opening_introduction_contents_and_I_1_1_2.tex:86,components/001_opening_introduction_contents_and_I_1_1_2.tex:86,components/001_opening_introduction_contents_and_I_1_1_2.tex:86,B8C6508249308F5D8BC886B9E6360F1EC4FDC8F0F18EFAA03EE0E36B591551CA,sheaves,sheaves-section-sheaves,006S,D000001,existing_equivalent,reviewed_source_image_and_stacks,sheaves-definition-sheaf;sheaves-definition-abelian-sheaf;sheaves-section-stalks,006T;0070;0078,Stacks uses the presheaf gluing formulation and stalks in place of the equivalent espace-etale presentation; the same sheaf object and constant-sheaf example result.
fac:I:1:no:1:data:item:a,1,subitem,fac:I:1:no:1,components/001_opening_introduction_contents_and_I_1_1_2.tex:90,components/001_opening_introduction_contents_and_I_1_1_2.tex:90,components/001_opening_introduction_contents_and_I_1_1_2.tex:90,B8C6508249308F5D8BC886B9E6360F1EC4FDC8F0F18EFAA03EE0E36B591551CA,,,,,structural_only,inherits_parent,,,Embedded source component; inherit the parent disposition.
fac:I:1:no:1:data:item:b,1,subitem,fac:I:1:no:1,components/001_opening_introduction_contents_and_I_1_1_2.tex:91,components/001_opening_introduction_contents_and_I_1_1_2.tex:91,components/001_opening_introduction_contents_and_I_1_1_2.tex:91,B8C6508249308F5D8BC886B9E6360F1EC4FDC8F0F18EFAA03EE0E36B591551CA,,,,,structural_only,inherits_parent,,,Embedded source component; inherit the parent disposition.
fac:I:1:no:1:axiom:I,1,numbered_paragraph,fac:I:1:no:1,components/001_opening_introduction_contents_and_I_1_1_2.tex:99,components/001_opening_introduction_contents_and_I_1_1_2.tex:99,components/001_opening_introduction_contents_and_I_1_1_2.tex:99,B8C6508249308F5D8BC886B9E6360F1EC4FDC8F0F18EFAA03EE0E36B591551CA,,,,D000002,existing_equivalent,reviewed_source_image_and_stacks,sheaves-definition-sheaf;sheaves-section-stalks,006T;0078,The local-homeomorphism axiom is the espace-etale form of local representability by sections used in the Stacks stalk and sheafification construction.
fac:I:1:no:1:axiom:II,1,numbered_paragraph,fac:I:1:no:1,components/001_opening_introduction_contents_and_I_1_1_2.tex:103,components/001_opening_introduction_contents_and_I_1_1_2.tex:103,components/001_opening_introduction_contents_and_I_1_1_2.tex:103,B8C6508249308F5D8BC886B9E6360F1EC4FDC8F0F18EFAA03EE0E36B591551CA,,,,D000003,existing_equivalent,reviewed_source_image_and_stacks,sheaves-definition-abelian-sheaf;sheaves-definition-sheaf-values-in-category,0070;0072,Continuity of the fibrewise group laws is replaced by the equivalent requirement that the section presheaf be a sheaf of abelian groups.
fac:I:1:no:2,2,numbered_paragraph,fac:I:1,components/001_opening_introduction_contents_and_I_1_1_2.tex:111,components/001_opening_introduction_contents_and_I_1_1_2.tex:111,components/001_opening_introduction_contents_and_I_1_1_2.tex:111,B8C6508249308F5D8BC886B9E6360F1EC4FDC8F0F18EFAA03EE0E36B591551CA,sheaves,sheaves-section-sheaves,006S,D000004,existing_equivalent,reviewed_source_image_and_stacks,sheaves-section-stalks,0078,Stacks defines the stalk as the filtered colimit of sections over open neighbourhoods and uses the same restriction maps.
fac:I:1:no:3,3,numbered_paragraph,fac:I:1,components/002_I_1_3_construction_of_sheaves.tex:6,components/002_I_1_3_construction_of_sheaves.tex:6,components/002_I_1_3_construction_of_sheaves.tex:6,B8C6508249308F5D8BC886B9E6360F1EC4FDC8F0F18EFAA03EE0E36B591551CA,,,,D000005,existing_equivalent,reviewed_source_image_and_stacks,sheaves-section-sheafification;sheaves-lemma-sheafification-sheaf;sheaves-lemma-sheafify-universal,007X;007Y;0080,Stacks sheafification reconstructs the sheaf from the local germs of a presheaf and supplies its universal property.
fac:I:1:no:3:item:a,3,subitem,fac:I:1:no:3,components/002_I_1_3_construction_of_sheaves.tex:12,components/002_I_1_3_construction_of_sheaves.tex:12,components/002_I_1_3_construction_of_sheaves.tex:12,B8C6508249308F5D8BC886B9E6360F1EC4FDC8F0F18EFAA03EE0E36B591551CA,,,,,structural_only,inherits_parent,,,Embedded source component; inherit the parent disposition.
fac:I:1:no:3:item:b,3,subitem,fac:I:1:no:3,components/002_I_1_3_construction_of_sheaves.tex:14,components/002_I_1_3_construction_of_sheaves.tex:14,components/002_I_1_3_construction_of_sheaves.tex:14,B8C6508249308F5D8BC886B9E6360F1EC4FDC8F0F18EFAA03EE0E36B591551CA,,,,,structural_only,inherits_parent,,,Embedded source component; inherit the parent disposition.
fac:I:1:no:3:prop:1,3,proposition,fac:I:1:no:3,components/002_I_1_3_construction_of_sheaves.tex:22,components/002_I_1_3_construction_of_sheaves.tex:22,components/002_I_1_3_construction_of_sheaves.tex:22,B8C6508249308F5D8BC886B9E6360F1EC4FDC8F0F18EFAA03EE0E36B591551CA,,,,D000006,existing_equivalent,reviewed_source_image_and_stacks,sheaves-lemma-separated-presheaf-into-sheaf,0082,The FAC local-zero criterion is exactly separatedness and Stacks identifies it with injectivity into the sheafification.
fac:footnote:inj-surj,fac:footnote:inj-surj,footnote,fac,components/002_I_1_3_construction_of_sheaves.tex:23,components/002_I_1_3_construction_of_sheaves.tex:23,components/002_I_1_3_construction_of_sheaves.tex:23,B8C6508249308F5D8BC886B9E6360F1EC4FDC8F0F18EFAA03EE0E36B591551CA,ext,cohomology-section-ext;derived-section-ext,06XP;0BQP,,structural_only,inherits_parent,,,Embedded source component; inherit the parent disposition.
fac:I:1:no:3:prop:2,3,proposition,fac:I:1:no:3,components/002_I_1_3_construction_of_sheaves.tex:35,components/002_I_1_3_construction_of_sheaves.tex:35,components/002_I_1_3_construction_of_sheaves.tex:35,B8C6508249308F5D8BC886B9E6360F1EC4FDC8F0F18EFAA03EE0E36B591551CA,ext,cohomology-section-ext;derived-section-ext,06XP;0BQP,D000007,existing_equivalent,reviewed_source_image_and_stacks,sheaves-definition-sheaf;sheaves-lemma-sheafification-sheaf,006T;007Y,Under separatedness the stated compatible-local-section criterion is exactly surjectivity onto the sheafification and hence the sheaf axiom.
fac:I:1:no:3:prop:3,3,proposition,fac:I:1:no:3,components/002_I_1_3_construction_of_sheaves.tex:49,components/002_I_1_3_construction_of_sheaves.tex:49,components/002_I_1_3_construction_of_sheaves.tex:49,B8C6508249308F5D8BC886B9E6360F1EC4FDC8F0F18EFAA03EE0E36B591551CA,ext,cohomology-section-ext;derived-section-ext,06XP;0BQP,D000008,existing_equivalent,reviewed_source_image_and_stacks,sheaves-lemma-sheafify-universal;sheaves-lemma-stalk-sheafification,0080;007Z,A sheaf is canonically unchanged by sheafification; Stacks gives this through the universal property and equality on stalks.
fac:I:1:no:4,4,numbered_paragraph,fac:I:1,components/003_I_1_4_gluing_of_sheaves.tex:6,components/003_I_1_4_gluing_of_sheaves.tex:6,components/003_I_1_4_gluing_of_sheaves.tex:6,B8C6508249308F5D8BC886B9E6360F1EC4FDC8F0F18EFAA03EE0E36B591551CA,,,,D000009,existing_equivalent,reviewed_source_image_and_stacks,sheaves-section-glueing-sheaves;sheaves-lemma-mapping-property-glue,00AK;00AN,Stacks develops restriction and gluing as an equivalence with descent data on an open covering.
fac:I:1:no:4:prop:4,4,proposition,fac:I:1:no:4,components/003_I_1_4_gluing_of_sheaves.tex:14,components/003_I_1_4_gluing_of_sheaves.tex:14,components/003_I_1_4_gluing_of_sheaves.tex:14,B8C6508249308F5D8BC886B9E6360F1EC4FDC8F0F18EFAA03EE0E36B591551CA,ext,cohomology-section-ext;derived-section-ext,06XP;0BQP,D000010,existing_equivalent,reviewed_source_image_and_stacks,sheaves-lemma-glue-sheaves;sheaves-lemma-glue-sheaves-structures;sheaves-lemma-mapping-property-glue,00AL;00AM;00AN,The Stacks gluing lemmas have the same cocycle data existence uniqueness and compatibility and also cover module structures.
fac:I:1:no:5,5,numbered_paragraph,fac:I:1,components/004_I_1_5_extension_and_restriction.tex:6,components/004_I_1_5_extension_and_restriction.tex:6,components/004_I_1_5_extension_and_restriction.tex:6,B8C6508249308F5D8BC886B9E6360F1EC4FDC8F0F18EFAA03EE0E36B591551CA,ext;sheaves,cohomology-section-ext;derived-section-ext;sheaves-section-sheaves,006S;06XP;0BQP,D000011,existing_stronger,reviewed_source_image_and_stacks,sheaves-section-closed-immersions;sheaves-lemma-stalks-closed-pushforward;sheaves-lemma-equivalence-categories-closed-abelian,00AD;00AE;00AG,Stacks identifies closed pushforward by its stalks and characterizes its essential image categorically not only by global sections.
fac:I:1:no:5:prop:5,5,proposition,fac:I:1:no:5,components/004_I_1_5_extension_and_restriction.tex:12,components/004_I_1_5_extension_and_restriction.tex:12,components/004_I_1_5_extension_and_restriction.tex:12,B8C6508249308F5D8BC886B9E6360F1EC4FDC8F0F18EFAA03EE0E36B591551CA,ext,cohomology-section-ext;derived-section-ext,06XP;0BQP,D000012,existing_stronger,reviewed_source_image_and_stacks,sheaves-lemma-stalks-closed-pushforward;sheaves-lemma-equivalence-categories-closed-abelian,00AE;00AG,Full faithfulness of closed pushforward and the stalk characterization imply the stated bijection of global sections.
fac:I:1:no:5:prop:6,5,proposition,fac:I:1:no:5,components/004_I_1_5_extension_and_restriction.tex:24,components/004_I_1_5_extension_and_restriction.tex:24,components/004_I_1_5_extension_and_restriction.tex:24,B8C6508249308F5D8BC886B9E6360F1EC4FDC8F0F18EFAA03EE0E36B591551CA,ext,cohomology-section-ext;derived-section-ext,06XP;0BQP,D000013,existing_equivalent,reviewed_source_image_and_stacks,sheaves-lemma-stalks-closed-pushforward;sheaves-lemma-equivalence-categories-closed-abelian,00AE;00AG,Closed pushforward gives the unique sheaf with the prescribed stalks on the closed subset and zero stalks off it.
fac:I:1:no:6,6,numbered_paragraph,fac:I:1,components/005_I_1_6_sheaves_of_rings_and_modules.tex:6,components/005_I_1_6_sheaves_of_rings_and_modules.tex:6,components/005_I_1_6_sheaves_of_rings_and_modules.tex:6,B8C6508249308F5D8BC886B9E6360F1EC4FDC8F0F18EFAA03EE0E36B591551CA,sheaf-modules,sheaves-section-sheaves-modules,0076,D000014,existing_stronger,reviewed_source_image_and_stacks,sheaves-definition-sheaf-values-in-category;sheaves-definition-sheaf-modules,0072;0077,Stacks treats sheaves of many algebraic structures uniformly and defines sheaves of modules over a sheaf of rings.
fac:I:1:no:7,7,numbered_paragraph,fac:I:1,components/006_I_1_7_subsheaf_and_quotient_sheaf.tex:6,components/006_I_1_7_subsheaf_and_quotient_sheaf.tex:6,components/006_I_1_7_subsheaf_and_quotient_sheaf.tex:6,B8C6508249308F5D8BC886B9E6360F1EC4FDC8F0F18EFAA03EE0E36B591551CA,sheaves,sheaves-section-sheaves,006S,D000015,existing_stronger,reviewed_source_image_and_stacks,modules-section-kernels;modules-lemma-abelian,01AF;01AG,Stacks constructs kernels and cokernels including the sheafification required for quotients and proves that sheaves of modules form an abelian category.
fac:I:1:no:7:item:a,7,subitem,fac:I:1:no:7,components/006_I_1_7_subsheaf_and_quotient_sheaf.tex:12,components/006_I_1_7_subsheaf_and_quotient_sheaf.tex:12,components/006_I_1_7_subsheaf_and_quotient_sheaf.tex:12,B8C6508249308F5D8BC886B9E6360F1EC4FDC8F0F18EFAA03EE0E36B591551CA,sheaves,sheaves-section-sheaves,006S,,structural_only,inherits_parent,,,Embedded source component; inherit the parent disposition.
fac:I:1:no:7:item:b,7,subitem,fac:I:1:no:7,components/006_I_1_7_subsheaf_and_quotient_sheaf.tex:13,components/006_I_1_7_subsheaf_and_quotient_sheaf.tex:13,components/006_I_1_7_subsheaf_and_quotient_sheaf.tex:13,B8C6508249308F5D8BC886B9E6360F1EC4FDC8F0F18EFAA03EE0E36B591551CA,sheaves,sheaves-section-sheaves,006S,,structural_only,inherits_parent,,,Embedded source component; inherit the parent disposition.
fac:I:1:no:8,8,numbered_paragraph,fac:I:1,components/007_I_1_8_homomorphisms.tex:6,components/007_I_1_8_homomorphisms.tex:6,components/007_I_1_8_homomorphisms.tex:6,B8C6508249308F5D8BC886B9E6360F1EC4FDC8F0F18EFAA03EE0E36B591551CA,,,,D000016,existing_stronger,reviewed_source_image_and_stacks,sheaves-definition-sheaf-modules;modules-section-kernels;modules-lemma-abelian,0077;01AF;01AG,Stacks defines module morphisms and develops kernels images cokernels and exactness categorically with stalkwise detection.
fac:I:1:no:8:prop:7,8,proposition,fac:I:1:no:8,components/007_I_1_8_homomorphisms.tex:12,components/007_I_1_8_homomorphisms.tex:12,components/007_I_1_8_homomorphisms.tex:12,B8C6508249308F5D8BC886B9E6360F1EC4FDC8F0F18EFAA03EE0E36B591551CA,ext,cohomology-section-ext;derived-section-ext,06XP;0BQP,D000017,existing_stronger,reviewed_source_image_and_stacks,modules-section-kernels;modules-lemma-abelian,01AF;01AG,The abelian-category result proves the kernel image coimage and cokernel statements and the stalkwise exactness assertion in a stronger unified form.
fac:I:1:no:9,9,numbered_paragraph,fac:I:1,components/008_I_1_9_direct_sum.tex:6,components/008_I_1_9_direct_sum.tex:6,components/008_I_1_9_direct_sum.tex:6,B8C6508249308F5D8BC886B9E6360F1EC4FDC8F0F18EFAA03EE0E36B591551CA,,,,D000018,existing_stronger,reviewed_source_image_and_stacks,modules-section-kernels;modules-lemma-limits-colimits,01AF;01AH,Stacks identifies finite sums with products and extends the construction to arbitrary coproducts and all limits and colimits.
fac:I:1:no:10,10,numbered_paragraph,fac:I:1,components/009_I_1_10_tensor_product.tex:6,components/009_I_1_10_tensor_product.tex:6,components/009_I_1_10_tensor_product.tex:6,B8C6508249308F5D8BC886B9E6360F1EC4FDC8F0F18EFAA03EE0E36B591551CA,,,,D000019,existing_stronger,reviewed_source_image_and_stacks,modules-section-tensor-product;modules-lemma-stalk-tensor-product;modules-lemma-tensor-product-exact,01CA;01CB;01CC,Stacks gives the universal construction of the tensor-product sheaf its stalk formula symmetry associativity and right exactness.
fac:I:1:no:10:prop:8,10,proposition,fac:I:1:no:10,components/009_I_1_10_tensor_product.tex:12,components/009_I_1_10_tensor_product.tex:12,components/009_I_1_10_tensor_product.tex:12,B8C6508249308F5D8BC886B9E6360F1EC4FDC8F0F18EFAA03EE0E36B591551CA,ext,cohomology-section-ext;derived-section-ext,06XP;0BQP,D000020,existing_equivalent,reviewed_source_image_and_stacks,modules-section-tensor-product;modules-lemma-stalk-tensor-product,01CA;01CB,The tensor-product sheaf defined by sheafification has exactly the prescribed stalks and local pure-tensor sections giving the stated existence and uniqueness.
fac:I:1:no:11,11,numbered_paragraph,fac:I:1,components/010_I_1_11_and_I_2_12_definitions.tex:6,components/010_I_1_11_and_I_2_12_definitions.tex:6,components/010_I_1_11_and_I_2_12_definitions.tex:6,B8C6508249308F5D8BC886B9E6360F1EC4FDC8F0F18EFAA03EE0E36B591551CA,sheaves,sheaves-section-sheaves,006S,D000021,existing_stronger,reviewed_source_image_and_stacks,modules-section-internal-hom;modules-lemma-internal-hom-exact;modules-lemma-stalk-internal-hom,01CM;01CO;01CP,Stacks gives the same internal Hom sheaf canonical stalk map bifunctoriality left exactness and finite direct-sum identities and strengthens the later stalk comparison with finite-type and finite-presentation criteria.
fac:I:2,fac:I:2,section,fac:I,components/010_I_1_11_and_I_2_12_definitions.tex:55,components/010_I_1_11_and_I_2_12_definitions.tex:55,components/010_I_1_11_and_I_2_12_definitions.tex:55,B8C6508249308F5D8BC886B9E6360F1EC4FDC8F0F18EFAA03EE0E36B591551CA,coherent,coherent-section-coherent-sheaves;modules-section-coherent,01BU;01XY,,structural_only,classified,,,Source structure; no independent Stacks object.
fac:I:2:no:12,12,numbered_paragraph,fac:I:2,components/010_I_1_11_and_I_2_12_definitions.tex:62,components/010_I_1_11_and_I_2_12_definitions.tex:62,components/010_I_1_11_and_I_2_12_definitions.tex:62,B8C6508249308F5D8BC886B9E6360F1EC4FDC8F0F18EFAA03EE0E36B591551CA,,,,D000022,existing_stronger,reviewed_source_image_and_stacks,modules-section-finite-type;modules-section-coherent,01B4;01BU,Stacks organizes the relation-sheaf construction finite-type modules and coherent modules into dedicated sections and proves the same local properties with additional consequences.
fac:I:2:no:12:def:1,12,definition,fac:I:2:no:12,components/010_I_1_11_and_I_2_12_definitions.tex:71,components/010_I_1_11_and_I_2_12_definitions.tex:71,components/010_I_1_11_and_I_2_12_definitions.tex:71,B8C6508249308F5D8BC886B9E6360F1EC4FDC8F0F18EFAA03EE0E36B591551CA,ext,cohomology-section-ext;derived-section-ext,06XP;0BQP,D000023,existing_equivalent,reviewed_source_image_and_stacks,modules-definition-finite-type,01B5,Both definitions require a finite set of local sections generating the restricted module sheaf equivalently a local quotient of a finite free module.
fac:I:2:no:12:prop:1,12,proposition,fac:I:2:no:12,components/010_I_1_11_and_I_2_12_definitions.tex:76,components/010_I_1_11_and_I_2_12_definitions.tex:76,components/010_I_1_11_and_I_2_12_definitions.tex:76,B8C6508249308F5D8BC886B9E6360F1EC4FDC8F0F18EFAA03EE0E36B591551CA,ext,cohomology-section-ext;derived-section-ext,06XP;0BQP,D000024,existing_stronger,reviewed_source_image_and_stacks,modules-lemma-finite-type-surjective-on-stalk,01B8,Apply the Stacks lemma to the map from the finite free module determined by the given sections; stalkwise surjectivity then persists on a neighbourhood exactly as claimed.
fac:I:2:no:12:def:2,12,definition,fac:I:2:no:12,components/010_I_1_11_and_I_2_12_definitions.tex:85,components/010_I_1_11_and_I_2_12_definitions.tex:85,components/010_I_1_11_and_I_2_12_definitions.tex:85,B8C6508249308F5D8BC886B9E6360F1EC4FDC8F0F18EFAA03EE0E36B591551CA,ext,cohomology-section-ext;derived-section-ext,06XP;0BQP,D000025,existing_equivalent,reviewed_source_image_and_stacks,modules-definition-coherent,01BV,The two conditions agree exactly: finite type and finite generation of every local relation sheaf for a finite collection of sections.
fac:I:2:no:12:def:2:item:a,12,definition,fac:I:2:no:12:def:2,components/010_I_1_11_and_I_2_12_definitions.tex:89,components/010_I_1_11_and_I_2_12_definitions.tex:89,components/010_I_1_11_and_I_2_12_definitions.tex:89,B8C6508249308F5D8BC886B9E6360F1EC4FDC8F0F18EFAA03EE0E36B591551CA,,,,D000026,existing_equivalent,reviewed_source_image_and_stacks,modules-definition-coherent;modules-definition-finite-type,01BV;01B5,The first coherent-module condition is verbatim the finite-type condition already defined in both sources.
fac:I:2:no:12:def:2:item:b,12,definition,fac:I:2:no:12:def:2,components/010_I_1_11_and_I_2_12_definitions.tex:90,components/010_I_1_11_and_I_2_12_definitions.tex:90,components/010_I_1_11_and_I_2_12_definitions.tex:90,B8C6508249308F5D8BC886B9E6360F1EC4FDC8F0F18EFAA03EE0E36B591551CA,,,,D000027,existing_equivalent,reviewed_source_image_and_stacks,modules-definition-coherent,01BV,The second condition in both sources is finite type of the kernel of the finite free module map defined by any finite local family of sections.
fac:I:2:no:12:prop:2,12,proposition,fac:I:2:no:12,components/010_I_1_11_and_I_2_12_definitions.tex:95,components/010_I_1_11_and_I_2_12_definitions.tex:95,components/010_I_1_11_and_I_2_12_definitions.tex:95,B8C6508249308F5D8BC886B9E6360F1EC4FDC8F0F18EFAA03EE0E36B591551CA,ext,cohomology-section-ext;derived-section-ext,06XP;0BQP,D000028,existing_stronger,reviewed_source_image_and_stacks,modules-lemma-coherent-finite-presentation;modules-definition-finite-presentation,01BW;01BN,Stacks proves the same local finite free presentation and additionally records its consequence that every coherent module is quasi-coherent.
fac:I:2:no:12:prop:3,12,proposition,fac:I:2:no:12,components/010_I_1_11_and_I_2_12_definitions.tex:100,components/010_I_1_11_and_I_2_12_definitions.tex:100,components/010_I_1_11_and_I_2_12_definitions.tex:100,B8C6508249308F5D8BC886B9E6360F1EC4FDC8F0F18EFAA03EE0E36B591551CA,ext,cohomology-section-ext;derived-section-ext,06XP;0BQP,D000029,existing_equivalent,reviewed_source_image_and_stacks,modules-lemma-coherent-abelian,01BY,Part one of the Stacks lemma is exactly the assertion that a finite-type subsheaf of a coherent module is coherent.
fac:I:2:no:13,13,numbered_paragraph,fac:I:2,components/011_I_2_13_main_properties.tex:6,components/011_I_2_13_main_properties.tex:6,components/011_I_2_13_main_properties.tex:6,B8C6508249308F5D8BC886B9E6360F1EC4FDC8F0F18EFAA03EE0E36B591551CA,coherent,coherent-section-coherent-sheaves;modules-section-coherent,01BU;01XY,D000030,existing_stronger,reviewed_source_image_and_stacks,modules-lemma-coherent-abelian,01BY,Stacks consolidates all exact-sequence kernel cokernel image sum and intersection results into one lemma and additionally identifies coherent modules as an abelian weak Serre subcategory.
fac:I:2:no:13:thm:1,13,theorem,fac:I:2:no:13,components/011_I_2_13_main_properties.tex:9,components/011_I_2_13_main_properties.tex:9,components/011_I_2_13_main_properties.tex:9,B8C6508249308F5D8BC886B9E6360F1EC4FDC8F0F18EFAA03EE0E36B591551CA,ext,cohomology-section-ext;derived-section-ext,06XP;0BQP,D000031,existing_equivalent,reviewed_source_image_and_stacks,modules-lemma-coherent-abelian,01BY,Part four of the Stacks lemma is exactly the two-out-of-three property for coherent modules in a short exact sequence; its proof avoids the coefficient-sheaf misprint on source p. 208.
fac:I:2:no:13:thm:1:cor,13,theorem,fac:I:2:no:13:thm:1,components/011_I_2_13_main_properties.tex:40,components/011_I_2_13_main_properties.tex:40,components/011_I_2_13_main_properties.tex:40,B8C6508249308F5D8BC886B9E6360F1EC4FDC8F0F18EFAA03EE0E36B591551CA,ext,cohomology-section-ext;derived-section-ext,06XP;0BQP,D000032,existing_equivalent,reviewed_source_image_and_stacks,modules-lemma-coherent-abelian,01BY,Finite direct sums are coherent by applying the Stacks two-out-of-three assertion to the split short exact sequence and inducting on the finite family.
fac:I:2:no:13:thm:2,13,theorem,fac:I:2:no:13,components/011_I_2_13_main_properties.tex:43,components/011_I_2_13_main_properties.tex:43,components/011_I_2_13_main_properties.tex:43,B8C6508249308F5D8BC886B9E6360F1EC4FDC8F0F18EFAA03EE0E36B591551CA,ext,cohomology-section-ext;derived-section-ext,06XP;0BQP,D000033,existing_equivalent,reviewed_source_image_and_stacks,modules-lemma-coherent-abelian,01BY,Parts one and three of the Stacks lemma give coherence of the image kernel and cokernel of a morphism between coherent modules.
fac:I:2:no:13:thm:2:cor,13,theorem,fac:I:2:no:13:thm:2,components/011_I_2_13_main_properties.tex:58,components/011_I_2_13_main_properties.tex:58,components/011_I_2_13_main_properties.tex:58,B8C6508249308F5D8BC886B9E6360F1EC4FDC8F0F18EFAA03EE0E36B591551CA,ext,cohomology-section-ext;derived-section-ext,06XP;0BQP,D000034,existing_equivalent,reviewed_source_image_and_stacks,modules-lemma-coherent-abelian,01BY,The sum is a finite-type submodule and the intersection is the kernel of the quotient map so both conclusions follow from parts one and three of the Stacks lemma.
fac:I:2:no:14,14,numbered_paragraph,fac:I:2,components/012_I_2_14_operations_on_coherent_sheaves.tex:6,components/012_I_2_14_operations_on_coherent_sheaves.tex:6,components/012_I_2_14_operations_on_coherent_sheaves.tex:6,B8C6508249308F5D8BC886B9E6360F1EC4FDC8F0F18EFAA03EE0E36B591551CA,coherent,coherent-section-coherent-sheaves;modules-section-coherent,01BU;01XY,D000035,existing_stronger,reviewed_source_image_and_stacks,modules-lemma-tensor-product-permanence;modules-lemma-stalk-internal-hom;modules-lemma-internal-hom-locally-kernel-direct-sum,01CE;01CP;01CQ,Stacks proves all three tensor and internal-Hom assertions under finite-type or finite-presentation hypotheses and records additional permanence and base-change results.
fac:I:2:no:14:prop:4,14,proposition,fac:I:2:no:14,components/012_I_2_14_operations_on_coherent_sheaves.tex:11,components/012_I_2_14_operations_on_coherent_sheaves.tex:11,components/012_I_2_14_operations_on_coherent_sheaves.tex:11,B8C6508249308F5D8BC886B9E6360F1EC4FDC8F0F18EFAA03EE0E36B591551CA,coherent;ext,coherent-section-coherent-sheaves;cohomology-section-ext;derived-section-ext;modules-section-coherent,01BU;01XY;06XP;0BQP,D000036,existing_equivalent,reviewed_source_image_and_stacks,modules-lemma-tensor-product-permanence,01CE,Part six of the Stacks tensor-permanence lemma is exactly coherence of the tensor product of two coherent modules.
fac:I:2:no:14:prop:5,14,proposition,fac:I:2:no:14,components/012_I_2_14_operations_on_coherent_sheaves.tex:22,components/012_I_2_14_operations_on_coherent_sheaves.tex:22,components/012_I_2_14_operations_on_coherent_sheaves.tex:22,B8C6508249308F5D8BC886B9E6360F1EC4FDC8F0F18EFAA03EE0E36B591551CA,coherent;ext,coherent-section-coherent-sheaves;cohomology-section-ext;derived-section-ext;modules-section-coherent,01BU;01XY;06XP;0BQP,D000037,existing_stronger,reviewed_source_image_and_stacks,modules-lemma-stalk-internal-hom,01CP,Stacks proves injectivity for finite-type modules and bijectivity already for finitely presented modules; a coherent module has finite presentation by the preceding Stacks lemma.
fac:I:2:no:14:prop:6,14,proposition,fac:I:2:no:14,components/012_I_2_14_operations_on_coherent_sheaves.tex:43,components/012_I_2_14_operations_on_coherent_sheaves.tex:43,components/012_I_2_14_operations_on_coherent_sheaves.tex:43,B8C6508249308F5D8BC886B9E6360F1EC4FDC8F0F18EFAA03EE0E36B591551CA,coherent;ext,coherent-section-coherent-sheaves;cohomology-section-ext;derived-section-ext;modules-section-coherent,01BU;01XY;06XP;0BQP,D000038,existing_stronger,reviewed_source_image_and_stacks,modules-lemma-internal-hom-locally-kernel-direct-sum,01CQ,Stacks only requires the first argument to be finitely presented and the second coherent and gives the same local kernel of finite direct sums used in the FAC proof.
fac:I:2:no:15,15,numbered_paragraph,fac:I:2,components/013_I_2_15_coherent_sheaves_of_rings.tex:7,components/013_I_2_15_coherent_sheaves_of_rings.tex:7,components/013_I_2_15_coherent_sheaves_of_rings.tex:7,B8C6508249308F5D8BC886B9E6360F1EC4FDC8F0F18EFAA03EE0E36B591551CA,coherent,coherent-section-coherent-sheaves;modules-section-coherent,01BU;01XY,D000039,existing_stronger,reviewed_source_image_and_stacks,modules-definition-coherent;modules-lemma-coherent-structure-sheaf;coherent-lemma-coherent-Noetherian;modules-lemma-coherent-annihilator,01BV;01BZ;01XZ;0H2L,Stacks develops coherent structure sheaves finite presentations locally Noetherian schemes and annihilators in greater generality while the analytic Oka example remains outside its algebraic scope.
fac:I:2:no:15:def:3,15,definition,fac:I:2:no:15,components/013_I_2_15_coherent_sheaves_of_rings.tex:12,components/013_I_2_15_coherent_sheaves_of_rings.tex:12,components/013_I_2_15_coherent_sheaves_of_rings.tex:12,B8C6508249308F5D8BC886B9E6360F1EC4FDC8F0F18EFAA03EE0E36B591551CA,coherent;ext,coherent-section-coherent-sheaves;cohomology-section-ext;derived-section-ext;modules-section-coherent,01BU;01XY;06XP;0BQP,D000040,existing_equivalent,reviewed_source_image_and_stacks,modules-definition-coherent,01BV,Specializing the Stacks definition of a coherent module to the structure sheaf gives exactly finite generation of every local relation sheaf.
fac:I:2:no:15:example:1,15,example,fac:I:2:no:15,components/013_I_2_15_coherent_sheaves_of_rings.tex:15,components/013_I_2_15_coherent_sheaves_of_rings.tex:15,components/013_I_2_15_coherent_sheaves_of_rings.tex:15,B8C6508249308F5D8BC886B9E6360F1EC4FDC8F0F18EFAA03EE0E36B591551CA,coherent,coherent-section-coherent-sheaves;modules-section-coherent,01BU;01XY,D000041,outside_scope,reviewed_source_image_and_stacks,,,Coherence of the holomorphic-function sheaf on a complex analytic variety is Oka's analytic theorem and has no algebraic Stacks statement; no tag is assigned.
fac:I:2:no:15:example:2,15,example,fac:I:2:no:15,components/013_I_2_15_coherent_sheaves_of_rings.tex:17,components/013_I_2_15_coherent_sheaves_of_rings.tex:17,components/013_I_2_15_coherent_sheaves_of_rings.tex:17,B8C6508249308F5D8BC886B9E6360F1EC4FDC8F0F18EFAA03EE0E36B591551CA,coherent,coherent-section-coherent-sheaves;modules-section-coherent,01BU;01XY,D000042,existing_stronger,reviewed_source_image_and_stacks,coherent-lemma-coherent-Noetherian,01XZ,Stacks proves the structure sheaf coherent for every locally Noetherian scheme which includes algebraic varieties over a field.
fac:I:2:no:15:prop:7,15,proposition,fac:I:2:no:15,components/013_I_2_15_coherent_sheaves_of_rings.tex:21,components/013_I_2_15_coherent_sheaves_of_rings.tex:21,components/013_I_2_15_coherent_sheaves_of_rings.tex:21,B8C6508249308F5D8BC886B9E6360F1EC4FDC8F0F18EFAA03EE0E36B591551CA,coherent;ext,coherent-section-coherent-sheaves;cohomology-section-ext;derived-section-ext;modules-section-coherent,01BU;01XY;06XP;0BQP,D000043,existing_equivalent,reviewed_source_image_and_stacks,modules-lemma-coherent-structure-sheaf,01BZ,When the structure sheaf is coherent Stacks identifies coherent modules exactly with finite-presentation modules equivalently local cokernels of maps between finite free modules.
fac:I:2:no:15:prop:8,15,proposition,fac:I:2:no:15,components/013_I_2_15_coherent_sheaves_of_rings.tex:26,components/013_I_2_15_coherent_sheaves_of_rings.tex:26,components/013_I_2_15_coherent_sheaves_of_rings.tex:26,B8C6508249308F5D8BC886B9E6360F1EC4FDC8F0F18EFAA03EE0E36B591551CA,coherent;ext,coherent-section-coherent-sheaves;cohomology-section-ext;derived-section-ext;modules-section-coherent,01BU;01XY;06XP;0BQP,D000044,existing_equivalent,reviewed_source_image_and_stacks,modules-definition-coherent;modules-lemma-coherent-abelian,01BV;01BY,A submodule of a finite free coherent module is coherent exactly when it is finite type by the definition and part one of the Stacks coherent-category lemma.
fac:I:2:no:15:prop:8:cor,15,proposition,fac:I:2:no:15:prop:8,components/013_I_2_15_coherent_sheaves_of_rings.tex:31,components/013_I_2_15_coherent_sheaves_of_rings.tex:31,components/013_I_2_15_coherent_sheaves_of_rings.tex:31,B8C6508249308F5D8BC886B9E6360F1EC4FDC8F0F18EFAA03EE0E36B591551CA,coherent;ext,coherent-section-coherent-sheaves;cohomology-section-ext;derived-section-ext;modules-section-coherent,01BU;01XY;06XP;0BQP,D000045,existing_equivalent,reviewed_source_image_and_stacks,modules-definition-coherent;modules-lemma-coherent-abelian,01BV;01BY,The relation sheaf is finite type by coherence and is a submodule of a finite free coherent module so the preceding Stacks result makes it coherent.
fac:I:2:no:15:prop:9,15,proposition,fac:I:2:no:15,components/013_I_2_15_coherent_sheaves_of_rings.tex:36,components/013_I_2_15_coherent_sheaves_of_rings.tex:36,components/013_I_2_15_coherent_sheaves_of_rings.tex:36,B8C6508249308F5D8BC886B9E6360F1EC4FDC8F0F18EFAA03EE0E36B591551CA,coherent;ext,coherent-section-coherent-sheaves;cohomology-section-ext;derived-section-ext;modules-section-coherent,01BU;01XY;06XP;0BQP,D000046,existing_equivalent,reviewed_source_image_and_stacks,modules-lemma-coherent-annihilator;modules-lemma-coherent-abelian,0H2L;01BY,Stacks proves the annihilator coherent when the structure sheaf and module are coherent; applying this to the coherent quotient also gives the conductor assertion.
fac:I:2:no:16,16,numbered_paragraph,fac:I:2,components/014_I_2_16_change_of_rings.tex:6,components/014_I_2_16_change_of_rings.tex:6,components/014_I_2_16_change_of_rings.tex:6,B8C6508249308F5D8BC886B9E6360F1EC4FDC8F0F18EFAA03EE0E36B591551CA,sheaf-modules,sheaves-section-sheaves-modules,0076,D000047,new_statement,integrated_source_and_stacks,modules-lemma-coherent-change-rings,,The exact coherent change-of-rings theorem was absent; the new Stacks lemma proves invariance of coherence for modules over a coherent quotient sheaf of rings and proves the quotient coherent over itself.
fac:I:2:no:16:thm:3,16,theorem,fac:I:2:no:16,components/014_I_2_16_change_of_rings.tex:11,components/014_I_2_16_change_of_rings.tex:11,components/014_I_2_16_change_of_rings.tex:11,B8C6508249308F5D8BC886B9E6360F1EC4FDC8F0F18EFAA03EE0E36B591551CA,ext;sheaf-modules,cohomology-section-ext;derived-section-ext;sheaves-section-sheaves-modules,0076;06XP;0BQP,D000048,new_statement,integrated_source_and_stacks,modules-lemma-coherent-change-rings,,The new lemma is the source theorem in Stacks form: a module over the quotient by a coherent ideal is coherent over the quotient exactly when it is coherent over the original coherent sheaf of rings.
fac:I:2:no:17,17,numbered_paragraph,fac:I:2,components/015_I_2_17_extension_and_restriction.tex:6,components/015_I_2_17_extension_and_restriction.tex:6,components/015_I_2_17_extension_and_restriction.tex:6,B8C6508249308F5D8BC886B9E6360F1EC4FDC8F0F18EFAA03EE0E36B591551CA,coherent;ext;sheaves,coherent-section-coherent-sheaves;cohomology-section-ext;derived-section-ext;modules-section-coherent;sheaves-section-sheaves,006S;01BU;01XY;06XP;0BQP,D000049,extend_existing,integrated_source_and_stacks,modules-lemma-i-star-reflects-finite-type,01C4,The existing closed-pushforward lemma already gives the finite-type result in greater generality and is extended under the source's identity-on-rings hypothesis to include coherence and coherence of the ring sheaf itself.
fac:I:2:no:17:prop:10,17,proposition,fac:I:2:no:17,components/015_I_2_17_extension_and_restriction.tex:11,components/015_I_2_17_extension_and_restriction.tex:11,components/015_I_2_17_extension_and_restriction.tex:11,B8C6508249308F5D8BC886B9E6360F1EC4FDC8F0F18EFAA03EE0E36B591551CA,ext,cohomology-section-ext;derived-section-ext,06XP;0BQP,D000050,existing_stronger,reviewed_source_image_and_stacks,modules-lemma-i-star-reflects-finite-type,01C4,Stacks proves reflection and preservation of finite type for any closed ringed-space morphism with surjective structure map; extension by zero is the special case in which that map is an isomorphism.
fac:I:2:no:17:prop:10:proof,17,proposition,fac:I:2:no:17:prop:10,components/015_I_2_17_extension_and_restriction.tex:14,components/015_I_2_17_extension_and_restriction.tex:14,components/015_I_2_17_extension_and_restriction.tex:14,B8C6508249308F5D8BC886B9E6360F1EC4FDC8F0F18EFAA03EE0E36B591551CA,ext,cohomology-section-ext;derived-section-ext,06XP;0BQP,D000051,existing_stronger,reviewed_source_image_and_stacks,modules-lemma-i-star-reflects-finite-type,01C4,The Stacks proof uses the same correspondence of local generators and surjections and also handles a general surjective structure map rather than only extension by zero.
fac:I:2:no:17:prop:11,17,proposition,fac:I:2:no:17,components/015_I_2_17_extension_and_restriction.tex:19,components/015_I_2_17_extension_and_restriction.tex:19,components/015_I_2_17_extension_and_restriction.tex:19,B8C6508249308F5D8BC886B9E6360F1EC4FDC8F0F18EFAA03EE0E36B591551CA,ext,cohomology-section-ext;derived-section-ext,06XP;0BQP,D000052,extend_existing,integrated_source_and_stacks,modules-lemma-i-star-reflects-finite-type,01C4,"The lemma now records that when the structure sheaf on X is exactly the closed pushforward of the structure sheaf on Z, relation sheaves correspond under exact pushforward, so coherence is preserved and reflected."
fac:I:2:no:17:prop:11:cor,17,proposition,fac:I:2:no:17:prop:11,components/015_I_2_17_extension_and_restriction.tex:24,components/015_I_2_17_extension_and_restriction.tex:24,components/015_I_2_17_extension_and_restriction.tex:24,B8C6508249308F5D8BC886B9E6360F1EC4FDC8F0F18EFAA03EE0E36B591551CA,ext,cohomology-section-ext;derived-section-ext,06XP;0BQP,D000053,extend_existing,integrated_source_and_stacks,modules-lemma-i-star-reflects-finite-type,01C4,Applying the new coherence clause to the structure sheaf gives exactly the source corollary: coherence of the ring sheaf is invariant under closed extension by zero.
fac:I:3,fac:I:3,section,fac:I,components/016_I_3_18_cochains_of_a_covering.tex:5,components/016_I_3_18_cochains_of_a_covering.tex:5,components/016_I_3_18_cochains_of_a_covering.tex:5,B8C6508249308F5D8BC886B9E6360F1EC4FDC8F0F18EFAA03EE0E36B591551CA,cech;cohomology;sheaves,cohomology-section-cech;cohomology-section-cech-cohomology-cohomology;cohomology-section-cohomology-sheaves;sheaves-section-sheaves,006S;01DZ;01ED;01EO,,structural_only,classified,,,Source structure; no independent Stacks object.
fac:I:3:no:18,18,numbered_paragraph,fac:I:3,components/016_I_3_18_cochains_of_a_covering.tex:11,components/016_I_3_18_cochains_of_a_covering.tex:11,components/016_I_3_18_cochains_of_a_covering.tex:11,B8C6508249308F5D8BC886B9E6360F1EC4FDC8F0F18EFAA03EE0E36B591551CA,cech;cohomology,cohomology-section-cech;cohomology-section-cech-cohomology-cohomology;cohomology-section-cohomology-sheaves,01DZ;01ED;01EO,D000054,existing_equivalent,reviewed_source_image_and_stacks,cohomology-section-cech;cohomology-definition-cech-complex;cohomology-section-alternating-cech;cohomology-definition-alternating-cech-complex,01ED;01EF;01FG;01FH,"Stacks gives the same product over ordered index tuples for ordinary cochains and the same vanishing-on-repetitions and sign-under-permutations conditions for alternating cochains, in the slightly more general setting of abelian presheaves."
fac:I:3:no:18:alternating:item:a,18,subitem,fac:I:3:no:18,components/016_I_3_18_cochains_of_a_covering.tex:26,components/016_I_3_18_cochains_of_a_covering.tex:26,components/016_I_3_18_cochains_of_a_covering.tex:26,B8C6508249308F5D8BC886B9E6360F1EC4FDC8F0F18EFAA03EE0E36B591551CA,cech;cohomology,cohomology-section-cech;cohomology-section-cech-cohomology-cohomology;cohomology-section-cohomology-sheaves,01DZ;01ED;01EO,,structural_only,inherits_parent,,,Embedded source component; inherit the parent disposition.
fac:I:3:no:18:alternating:item:b,18,subitem,fac:I:3:no:18,components/016_I_3_18_cochains_of_a_covering.tex:28,components/016_I_3_18_cochains_of_a_covering.tex:28,components/016_I_3_18_cochains_of_a_covering.tex:28,B8C6508249308F5D8BC886B9E6360F1EC4FDC8F0F18EFAA03EE0E36B591551CA,cech;cohomology,cohomology-section-cech;cohomology-section-cech-cohomology-cohomology;cohomology-section-cohomology-sheaves,01DZ;01ED;01EO,,structural_only,inherits_parent,,,Embedded source component; inherit the parent disposition.
fac:I:3:no:19,19,numbered_paragraph,fac:I:3,components/017_I_3_19_simplicial_operations.tex:7,components/017_I_3_19_simplicial_operations.tex:7,components/017_I_3_19_simplicial_operations.tex:7,B8C6508249308F5D8BC886B9E6360F1EC4FDC8F0F18EFAA03EE0E36B591551CA,,,,D000055,historical_reference,integrated_historical_and_modern,cohomology-remark-FAC-simplicial-operators;simplicial-definition-cosimplicial-object;simplicial-section-dold-kan-cosimplicial;cohomology-equation-d-cech,016J;019H;01EE,Stacks uses cosimplicial functoriality and the associated cochain complex instead of FAC's ad hoc vertex-supported operator calculus; the new historical remark preserves the exact transpose construction and identifies the direct face-map differential used here without claiming an exact modern theorem match.
fac:I:3:no:19:simplicial-endomorphism:item:i,19,subitem,fac:I:3:no:19,components/017_I_3_19_simplicial_operations.tex:20,components/017_I_3_19_simplicial_operations.tex:20,components/017_I_3_19_simplicial_operations.tex:20,B8C6508249308F5D8BC886B9E6360F1EC4FDC8F0F18EFAA03EE0E36B591551CA,,,,,structural_only,inherits_parent,,,Embedded source component; inherit the parent disposition.
fac:I:3:no:19:simplicial-endomorphism:item:ii,19,subitem,fac:I:3:no:19,components/017_I_3_19_simplicial_operations.tex:22,components/017_I_3_19_simplicial_operations.tex:22,components/017_I_3_19_simplicial_operations.tex:22,B8C6508249308F5D8BC886B9E6360F1EC4FDC8F0F18EFAA03EE0E36B591551CA,,,,,structural_only,inherits_parent,,,Embedded source component; inherit the parent disposition.
fac:I:3:no:20,20,numbered_paragraph,fac:I:3,components/018_I_3_20_cochain_complexes.tex:7,components/018_I_3_20_cochain_complexes.tex:7,components/018_I_3_20_cochain_complexes.tex:7,B8C6508249308F5D8BC886B9E6360F1EC4FDC8F0F18EFAA03EE0E36B591551CA,cech;cohomology,cohomology-section-cech;cohomology-section-cech-cohomology-cohomology;cohomology-section-cohomology-sheaves,01DZ;01ED;01EO,D000056,existing_equivalent,reviewed_source_image_and_stacks,cohomology-equation-d-cech;cohomology-definition-cech-complex;cohomology-definition-alternating-cech-complex,01EE;01EF;01FH,"The Stacks Cech complex uses the identical alternating restriction-map differential, proves d squared is zero, and defines the same cohomology groups; its alternating cochains form the same subcomplex."
fac:I:3:no:20:prop:1,20,proposition,fac:I:3:no:20,components/018_I_3_20_cochain_complexes.tex:36,components/018_I_3_20_cochain_complexes.tex:36,components/018_I_3_20_cochain_complexes.tex:36,B8C6508249308F5D8BC886B9E6360F1EC4FDC8F0F18EFAA03EE0E36B591551CA,cech;cohomology;ext,cohomology-section-cech;cohomology-section-cech-cohomology-cohomology;cohomology-section-cohomology-sheaves;cohomology-section-ext;derived-section-ext,01DZ;01ED;01EO;06XP;0BQP,D000057,existing_equivalent,reviewed_source_image_and_stacks,cohomology-lemma-cech-h0,01EG,"The sheaf axiom is exactly the assertion that degree-zero Cech cohomology for every open covering equals the sections on the covered open, giving the source proposition when that open is X."
fac:I:3:no:20:prop:2,20,proposition,fac:I:3:no:20,components/018_I_3_20_cochain_complexes.tex:45,components/018_I_3_20_cochain_complexes.tex:45,components/018_I_3_20_cochain_complexes.tex:45,B8C6508249308F5D8BC886B9E6360F1EC4FDC8F0F18EFAA03EE0E36B591551CA,cech;cohomology;ext,cohomology-section-cech;cohomology-section-cech-cohomology-cohomology;cohomology-section-cohomology-sheaves;cohomology-section-ext;derived-section-ext,01DZ;01ED;01EO;06XP;0BQP,D000058,existing_stronger,reviewed_source_image_and_stacks,cohomology-lemma-alternating-usual,01FM,The source proves that alternating and unrestricted covering cochains have isomorphic cohomology; Stacks proves the stronger statement that the inclusion is a homotopy equivalence.
fac:I:3:no:20:formula:homotopy,20,numbered_paragraph,fac:I:3:no:20,components/018_I_3_20_cochain_complexes.tex:68,components/018_I_3_20_cochain_complexes.tex:68,components/018_I_3_20_cochain_complexes.tex:68,B8C6508249308F5D8BC886B9E6360F1EC4FDC8F0F18EFAA03EE0E36B591551CA,cech;cohomology,cohomology-section-cech;cohomology-section-cech-cohomology-cohomology;cohomology-section-cohomology-sheaves,01DZ;01ED;01EO,D000059,existing_stronger,reviewed_source_image_and_stacks,cohomology-lemma-alternating-usual;cohomology-equation-first-homotopy;cohomology-equation-second-homotopy,01FM;01FN;01FO,"The source invokes an abstract dimension-raising simplicial homotopy. Stacks supplies explicit cochain homotopies, including their signs, which establish the same projection-to-alternating comparison and the stronger homotopy-equivalence conclusion."
fac:I:3:no:20:prop:2:cor,20,proposition,fac:I:3:no:20:prop:2,components/018_I_3_20_cochain_complexes.tex:74,components/018_I_3_20_cochain_complexes.tex:74,components/018_I_3_20_cochain_complexes.tex:74,B8C6508249308F5D8BC886B9E6360F1EC4FDC8F0F18EFAA03EE0E36B591551CA,cech;cohomology;ext,cohomology-section-cech;cohomology-section-cech-cohomology-cohomology;cohomology-section-cohomology-sheaves;cohomology-section-ext;derived-section-ext,01DZ;01ED;01EO;06XP;0BQP,D000060,new_statement,integrated_source_and_stacks,cohomology-lemma-cech-vanishing-cover-dimension,,"No named Stacks result stated the source's useful nerve-dimension vanishing bound. The new lemma records it with the necessary sheaf hypothesis, derives it from the alternating-complex homotopy equivalence, and avoids introducing a competing definition of covering dimension."
fac:I:3:no:21,21,numbered_paragraph,fac:I:3,components/019_I_3_21_finer_coverings.tex:7,components/019_I_3_21_finer_coverings.tex:7,components/019_I_3_21_finer_coverings.tex:7,B8C6508249308F5D8BC886B9E6360F1EC4FDC8F0F18EFAA03EE0E36B591551CA,cech;cohomology,cohomology-section-cech;cohomology-section-cech-cohomology-cohomology;cohomology-section-cohomology-sheaves,01DZ;01ED;01EO,D000061,existing_equivalent,reviewed_source_image_and_stacks,cohomology-section-refinements-cech;cohomology-equation-transformation,09UY;08BM,"Stacks defines the same restriction map from a covering to a refinement, proves it commutes with the differential, and records the resulting transition map on covering cohomology, with a later total-complex version for complexes of sheaves."
fac:I:3:no:21:prop:3,21,proposition,fac:I:3:no:21,components/019_I_3_21_finer_coverings.tex:21,components/019_I_3_21_finer_coverings.tex:21,components/019_I_3_21_finer_coverings.tex:21,B8C6508249308F5D8BC886B9E6360F1EC4FDC8F0F18EFAA03EE0E36B591551CA,cech;cohomology;ext,cohomology-section-cech;cohomology-section-cech-cohomology-cohomology;cohomology-section-cohomology-sheaves;cohomology-section-ext;derived-section-ext,01DZ;01ED;01EO;06XP;0BQP,D000062,extend_existing,integrated_source_and_stacks,cohomology-section-refinements-cech;cohomology-remark-FAC-refinement-homotopy;cohomology-equation-transformation,09UY;08BM,"The existing section proves choice-independence by the same prism homotopy, but its local displayed identity had the sign reversed relative to both the source and its own later detailed calculation. The sign is corrected to gamma-prime minus gamma and a labelled reference note now fixes the ordering convention and the distinction between cochain-level dependence and cohomological independence."
fac:I:3:no:22,22,numbered_paragraph,fac:I:3,components/020_I_3_22_cohomology_groups_of_X.tex:6,components/020_I_3_22_cohomology_groups_of_X.tex:6,components/020_I_3_22_cohomology_groups_of_X.tex:6,B8C6508249308F5D8BC886B9E6360F1EC4FDC8F0F18EFAA03EE0E36B591551CA,cohomology;sheaves,cohomology-section-cohomology-sheaves;sheaves-section-sheaves,006S;01DZ,D000063,extend_existing,integrated_source_and_stacks,cohomology-section-refinements-cech;cohomology-definition-cech-cohomology-space;cohomology-remark-FAC-cech-colimit-notation,09UY,Stacks already constructs the directed refinement system and its transition maps. The integration makes the colimit a labelled definition and records the source's set-sized cofinal presentation by covering families without conflating Cech cohomology with derived-functor cohomology.
fac:I:3:no:22:def:1,22,definition,fac:I:3:no:22,components/020_I_3_22_cohomology_groups_of_X.tex:31,components/020_I_3_22_cohomology_groups_of_X.tex:31,components/020_I_3_22_cohomology_groups_of_X.tex:31,B8C6508249308F5D8BC886B9E6360F1EC4FDC8F0F18EFAA03EE0E36B591551CA,cohomology;ext,cohomology-section-cohomology-sheaves;cohomology-section-ext;derived-section-ext,01DZ;06XP;0BQP,D000064,extend_existing,integrated_source_and_stacks,cohomology-definition-cech-cohomology-space;cohomology-remark-FAC-cech-colimit-notation,,The source definition is the modern direct-limit definition of Cech cohomology. Stacks now exposes it as a labelled reusable definition and explicitly preserves the modern check accent that distinguishes this group from sheaf cohomology.
fac:I:3:no:22:prop:4,22,proposition,fac:I:3:no:22,components/020_I_3_22_cohomology_groups_of_X.tex:50,components/020_I_3_22_cohomology_groups_of_X.tex:50,components/020_I_3_22_cohomology_groups_of_X.tex:50,B8C6508249308F5D8BC886B9E6360F1EC4FDC8F0F18EFAA03EE0E36B591551CA,cohomology;ext,cohomology-section-cohomology-sheaves;cohomology-section-ext;derived-section-ext,01DZ;06XP;0BQP,D000065,new_statement,integrated_source_and_stacks,cohomology-lemma-cech-h0-space,,The coveringwise degree-zero result was present but its colimit consequence was not named. The new lemma proves that global sections map isomorphically to degree-zero Cech cohomology by applying the sheaf axiom on every covering and passing through identity transition maps.
fac:I:3:no:23,23,numbered_paragraph,fac:I:3,components/021_I_3_23_homomorphisms_of_sheaves.tex:6,components/021_I_3_23_homomorphisms_of_sheaves.tex:6,components/021_I_3_23_homomorphisms_of_sheaves.tex:6,B8C6508249308F5D8BC886B9E6360F1EC4FDC8F0F18EFAA03EE0E36B591551CA,,,,D000066,new_statement,integrated_source_and_stacks,cohomology-lemma-cech-cohomology-additive,,"Stacks uses functoriality of the Cech complex throughout but had no single labelled result collecting the source's formal consequences. The new lemma proves covariance and additivity, finite-direct-sum compatibility, the natural degree-zero identification, and the canonical module structure over global sections."
fac:I:3:no:24,24,numbered_paragraph,fac:I:3,components/022_I_3_24_exact_sequence_general_case.tex:8,components/022_I_3_24_exact_sequence_general_case.tex:8,components/022_I_3_24_exact_sequence_general_case.tex:8,B8C6508249308F5D8BC886B9E6360F1EC4FDC8F0F18EFAA03EE0E36B591551CA,,,,D000067,historical_reference,integrated_historical_and_modern,cohomology-remark-FAC-cech-low-degree-exact-sequence;cohomology-lemma-cech-always;derived-lemma-higher-derived-functors,09V1;015B,The source repairs the failure of right exactness for a fixed-cover Cech complex by inserting its image complex and obtains the low-degree exact sequence after refinement. The new reference remark preserves that construction and identifies its six terms with the stronger modern derived-functor sequence.
fac:I:3:no:24:prop:5,24,proposition,fac:I:3:no:24,components/022_I_3_24_exact_sequence_general_case.tex:63,components/022_I_3_24_exact_sequence_general_case.tex:63,components/022_I_3_24_exact_sequence_general_case.tex:63,B8C6508249308F5D8BC886B9E6360F1EC4FDC8F0F18EFAA03EE0E36B591551CA,ext,cohomology-section-ext;derived-section-ext,06XP;0BQP,D000068,historical_reference,integrated_historical_and_modern,cohomology-remark-FAC-cech-low-degree-exact-sequence,,The image-complex long exact sequence is source-specific historical machinery. The reference remark records the construction and its refinement compatibility without introducing the auxiliary H_0 groups as a competing modern theory.
fac:I:3:no:24:prop:6,24,proposition,fac:I:3:no:24,components/022_I_3_24_exact_sequence_general_case.tex:89,components/022_I_3_24_exact_sequence_general_case.tex:89,components/022_I_3_24_exact_sequence_general_case.tex:89,B8C6508249308F5D8BC886B9E6360F1EC4FDC8F0F18EFAA03EE0E36B591551CA,ext,cohomology-section-ext;derived-section-ext,06XP;0BQP,D000069,historical_reference,integrated_historical_and_modern,cohomology-remark-FAC-cech-low-degree-exact-sequence;sheaves-definition-injective-surjective,007U,The source's degree-zero isomorphism and degree-one injection for its auxiliary image-complex cohomology are preserved in the reference remark and traced to the local lifting criterion for an epimorphism of sheaves.
fac:I:3:no:24:lemma:1,24,lemma,fac:I:3:no:24,components/022_I_3_24_exact_sequence_general_case.tex:94,components/022_I_3_24_exact_sequence_general_case.tex:94,components/022_I_3_24_exact_sequence_general_case.tex:94,B8C6508249308F5D8BC886B9E6360F1EC4FDC8F0F18EFAA03EE0E36B591551CA,ext,cohomology-section-ext;derived-section-ext,06XP;0BQP,D000070,existing_equivalent,reviewed_source_image_and_stacks,sheaves-definition-injective-surjective,007U,"The source lemma is exactly the local lifting criterion for a surjective morphism of sheaves, organized simultaneously over the members of a covering by taking the union of the local lifting covers."
fac:I:3:no:24:proof:H1-injectivity,24,proof,fac:I:3:no:24,components/022_I_3_24_exact_sequence_general_case.tex:99,components/022_I_3_24_exact_sequence_general_case.tex:99,components/022_I_3_24_exact_sequence_general_case.tex:99,B8C6508249308F5D8BC886B9E6360F1EC4FDC8F0F18EFAA03EE0E36B591551CA,,,,,structural_only,inherits_parent,,,Embedded source component; inherit the parent disposition.
fac:I:3:no:24:cor:1,24,corollary,fac:I:3:no:24,components/022_I_3_24_exact_sequence_general_case.tex:102,components/022_I_3_24_exact_sequence_general_case.tex:102,components/022_I_3_24_exact_sequence_general_case.tex:102,B8C6508249308F5D8BC886B9E6360F1EC4FDC8F0F18EFAA03EE0E36B591551CA,ext,cohomology-section-ext;derived-section-ext,06XP;0BQP,D000071,existing_stronger,integrated_historical_and_modern,cohomology-remark-FAC-cech-low-degree-exact-sequence;cohomology-lemma-cech-h0-space;cohomology-lemma-cech-always;derived-lemma-higher-derived-functors,09V1;015B,"The source proves the six-term exact sequence for direct-limit Cech cohomology. Degree zero and one agree with derived-functor cohomology, whose universal delta-functor supplies the full long exact sequence in every degree."
fac:I:3:no:24:cor:2,24,corollary,fac:I:3:no:24,components/022_I_3_24_exact_sequence_general_case.tex:115,components/022_I_3_24_exact_sequence_general_case.tex:115,components/022_I_3_24_exact_sequence_general_case.tex:115,B8C6508249308F5D8BC886B9E6360F1EC4FDC8F0F18EFAA03EE0E36B591551CA,ext,cohomology-section-ext;derived-section-ext,06XP;0BQP,D000072,existing_stronger,integrated_historical_and_modern,cohomology-remark-FAC-cech-low-degree-exact-sequence;derived-lemma-higher-derived-functors,015B,The source's surjectivity criterion is the immediate degree-zero consequence of the full derived-functor long exact sequence and is recorded explicitly in the reference remark.
fac:I:3:no:25,25,numbered_paragraph,fac:I:3,components/023_I_3_25_exact_sequence_paracompact_case.tex:8,components/023_I_3_25_exact_sequence_paracompact_case.tex:8,components/023_I_3_25_exact_sequence_paracompact_case.tex:8,B8C6508249308F5D8BC886B9E6360F1EC4FDC8F0F18EFAA03EE0E36B591551CA,,,,D000073,extend_existing,integrated_source_and_stacks,topology-definition-paracompact;topology-lemma-paracompact-shrinking;topology-lemma-paracompact-refine-covering;cohomology-lemma-cech-paracompact,,Stacks previously proved the Cech-to-derived comparison only for Hausdorff quasi-compact spaces. The integration adds the source's paracompact refinement mechanism and strengthens the comparison theorem to every paracompact space while retaining the prior compact statement as a corollary.
fac:I:3:no:25:prop:7,25,proposition,fac:I:3:no:25,components/023_I_3_25_exact_sequence_paracompact_case.tex:12,components/023_I_3_25_exact_sequence_paracompact_case.tex:12,components/023_I_3_25_exact_sequence_paracompact_case.tex:12,B8C6508249308F5D8BC886B9E6360F1EC4FDC8F0F18EFAA03EE0E36B591551CA,ext,cohomology-section-ext;derived-section-ext,06XP;0BQP,D000074,extend_existing,integrated_source_and_stacks,cohomology-lemma-cech-paracompact;topology-lemma-paracompact-refine-covering,,The source proves that its auxiliary image-complex cohomology maps isomorphically to direct-limit Cech cohomology in every degree on a paracompact space. The strengthened Stacks lemma uses the same simultaneous lifting mechanism to prove the stronger modern conclusion that Cech and derived-functor cohomology agree in every degree.
fac:I:3:no:25:lemma:2,25,lemma,fac:I:3:no:25,components/023_I_3_25_exact_sequence_paracompact_case.tex:21,components/023_I_3_25_exact_sequence_paracompact_case.tex:21,components/023_I_3_25_exact_sequence_paracompact_case.tex:21,B8C6508249308F5D8BC886B9E6360F1EC4FDC8F0F18EFAA03EE0E36B591551CA,ext,cohomology-section-ext;derived-section-ext,06XP;0BQP,D000075,new_statement,integrated_source_and_stacks,topology-lemma-paracompact-refine-covering;topology-lemma-paracompact-shrinking,,No Stacks result supplied the source's locally finite simultaneous-refinement argument beyond the quasi-compact case. The new topology lemmas prove a shrinking theorem and the degree-p refinement theorem needed to lift every component of a cochain on one common refinement.
fac:I:3:no:25:lemma:2:item:a,25,lemma,fac:I:3:no:25:lemma:2,components/023_I_3_25_exact_sequence_paracompact_case.tex:30,components/023_I_3_25_exact_sequence_paracompact_case.tex:30,components/023_I_3_25_exact_sequence_paracompact_case.tex:30,B8C6508249308F5D8BC886B9E6360F1EC4FDC8F0F18EFAA03EE0E36B591551CA,,,,D000076,new_statement,integrated_source_and_stacks,topology-lemma-paracompact-refine-covering,,The first neighbourhood condition is retained in the new refinement proof: membership in V_j or W_j permits simultaneous shrinking inside the corresponding open. Direct authority review reverses the inherited false overline in this condition.
fac:I:3:no:25:lemma:2:item:b,25,lemma,fac:I:3:no:25:lemma:2,components/023_I_3_25_exact_sequence_paracompact_case.tex:31,components/023_I_3_25_exact_sequence_paracompact_case.tex:31,components/023_I_3_25_exact_sequence_paracompact_case.tex:31,B8C6508249308F5D8BC886B9E6360F1EC4FDC8F0F18EFAA03EE0E36B591551CA,,,,D000077,new_statement,integrated_source_and_stacks,topology-lemma-paracompact-refine-covering;topology-lemma-paracompact-shrinking,,"The second condition is the star-control step in the new proof: if a chosen neighbourhood meets the shrunken W_j then it lies in V_j, using closure(W_j) contained in V_j and local finiteness."
fac:I:3:no:25:lemma:2:item:c,25,lemma,fac:I:3:no:25:lemma:2,components/023_I_3_25_exact_sequence_paracompact_case.tex:32,components/023_I_3_25_exact_sequence_paracompact_case.tex:32,components/023_I_3_25_exact_sequence_paracompact_case.tex:32,B8C6508249308F5D8BC886B9E6360F1EC4FDC8F0F18EFAA03EE0E36B591551CA,,,,D000078,new_statement,integrated_source_and_stacks,topology-lemma-paracompact-refine-covering;sheaves-definition-injective-surjective,007U,"The third condition combines local finiteness with the local lifting criterion for a sheaf epimorphism; only finitely many index tuples occur near a point, so all required component lifts can be imposed on one neighbourhood."
fac:I:3:no:25:prop:7:cor,25,proposition,fac:I:3:no:25:prop:7,components/023_I_3_25_exact_sequence_paracompact_case.tex:57,components/023_I_3_25_exact_sequence_paracompact_case.tex:57,components/023_I_3_25_exact_sequence_paracompact_case.tex:57,B8C6508249308F5D8BC886B9E6360F1EC4FDC8F0F18EFAA03EE0E36B591551CA,ext,cohomology-section-ext;derived-section-ext,06XP;0BQP,D000079,existing_stronger,integrated_source_and_stacks,cohomology-lemma-cech-paracompact;derived-lemma-higher-derived-functors,015B,"On a paracompact space the new comparison theorem identifies the source's full exact sequence of direct-limit Cech groups with derived-functor cohomology. The modern derived long exact sequence itself exists for every space, so it is stronger than the source corollary."
fac:I:3:no:26,26,numbered_paragraph,fac:I:3,components/024_I_3_26_cohomology_of_closed_subspace.tex:7,components/024_I_3_26_cohomology_of_closed_subspace.tex:7,components/024_I_3_26_cohomology_of_closed_subspace.tex:7,B8C6508249308F5D8BC886B9E6360F1EC4FDC8F0F18EFAA03EE0E36B591551CA,cohomology,cohomology-section-cohomology-sheaves,01DZ,D000080,existing_equivalent,reviewed_source_image_and_stacks,sheaves-lemma-equivalence-categories-closed-abelian;modules-lemma-i-star-exact;cohomology-lemma-cohomology-and-closed-immersions,00AG;01AX;02UV,The source identifies a sheaf supported on a closed subspace with extension by zero and constructs the restriction map on Cech cochains. Stacks expresses the same construction categorically as the fully faithful exact closed-pushforward functor and its induced cohomology identity.
fac:I:3:no:26:prop:8,26,proposition,fac:I:3:no:26,components/024_I_3_26_cohomology_of_closed_subspace.tex:38,components/024_I_3_26_cohomology_of_closed_subspace.tex:38,components/024_I_3_26_cohomology_of_closed_subspace.tex:38,B8C6508249308F5D8BC886B9E6360F1EC4FDC8F0F18EFAA03EE0E36B591551CA,cohomology;ext,cohomology-section-cohomology-sheaves;cohomology-section-ext;derived-section-ext,01DZ;06XP;0BQP,D000081,existing_equivalent,integrated_source_and_stacks,cohomology-lemma-cohomology-and-closed-immersions;modules-lemma-i-star-exact,02UV;01AX,FAC Proposition 8 states exactly that cohomology is unchanged by extending an abelian sheaf from a closed subspace by zero. The Stacks lemma proves the same identity from exactness of closed pushforward and Leray.
fac:I:4,fac:I:4,section,fac:I,components/025_I_4_27_double_complexes.tex:7,components/025_I_4_27_double_complexes.tex:7,components/025_I_4_27_double_complexes.tex:7,B8C6508249308F5D8BC886B9E6360F1EC4FDC8F0F18EFAA03EE0E36B591551CA,cech;cohomology,cohomology-section-cech;cohomology-section-cech-cohomology-cohomology;cohomology-section-cohomology-sheaves,01DZ;01ED;01EO,,structural_only,classified,,,Source structure; no independent Stacks object.
fac:I:4:no:27,27,numbered_paragraph,fac:I:4,components/025_I_4_27_double_complexes.tex:17,components/025_I_4_27_double_complexes.tex:17,components/025_I_4_27_double_complexes.tex:17,B8C6508249308F5D8BC886B9E6360F1EC4FDC8F0F18EFAA03EE0E36B591551CA,cech;cohomology,cohomology-section-cech;cohomology-section-cech-cohomology-cohomology;cohomology-section-cohomology-sheaves,01DZ;01ED;01EO,D000082,existing_equivalent,reviewed_source_image_and_stacks,homology-definition-double-complex;homology-definition-associated-simple-complex;homology-lemma-ss-double-complex,012Y;012Z;0130,"FAC defines a first-quadrant double complex with anticommuting differentials and total differential d-prime plus d-double-prime. Stacks uses commuting squares and inserts the standard sign in the total differential; the two conventions are equivalent by a sign twist, and Stacks develops both associated spectral sequences."
fac:I:4:no:27:prop:1,27,proposition,fac:I:4:no:27,components/025_I_4_27_double_complexes.tex:49,components/025_I_4_27_double_complexes.tex:49,components/025_I_4_27_double_complexes.tex:49,B8C6508249308F5D8BC886B9E6360F1EC4FDC8F0F18EFAA03EE0E36B591551CA,cech;cohomology;ext,cohomology-section-cech;cohomology-section-cech-cohomology-cohomology;cohomology-section-cohomology-sheaves;cohomology-section-ext;derived-section-ext,01DZ;01ED;01EO;06XP;0BQP,D000083,existing_stronger,integrated_source_and_stacks,homology-lemma-double-complex-gives-resolution;homology-lemma-first-quadrant-ss,0133;0132,FAC Proposition 1 is the first-quadrant abelian-group case of the second-variable variant of the Stacks resolution lemma: horizontal acyclicity away from degree zero makes the edge complex quasi-isomorphic to the total complex. Stacks proves the result in an arbitrary abelian category under the precise finite-diagonal convergence hypothesis.
fac:I:4:no:28,28,numbered_paragraph,fac:I:4,components/026_I_4_28_double_complex_from_two_coverings.tex:7,components/026_I_4_28_double_complex_from_two_coverings.tex:7,components/026_I_4_28_double_complex_from_two_coverings.tex:7,B8C6508249308F5D8BC886B9E6360F1EC4FDC8F0F18EFAA03EE0E36B591551CA,cech;cohomology,cohomology-section-cech;cohomology-section-cech-cohomology-cohomology;cohomology-section-cohomology-sheaves,01DZ;01ED;01EO,D000084,historical_reference,integrated_historical_and_modern,cohomology-remark-FAC-two-covering-double-complex;homology-definition-double-complex;cohomology-definition-cech-complex,012Y;01EF,Stacks contains the general double-complex and Cech-complex formalisms but no dedicated reusable construction for FAC's double complex attached to two coverings. The new reference remark records the construction with the Stacks commuting-square convention and the corresponding total-complex sign.
fac:I:4:no:28:prop:2,28,proposition,fac:I:4:no:28,components/026_I_4_28_double_complex_from_two_coverings.tex:96,components/026_I_4_28_double_complex_from_two_coverings.tex:96,components/026_I_4_28_double_complex_from_two_coverings.tex:96,B8C6508249308F5D8BC886B9E6360F1EC4FDC8F0F18EFAA03EE0E36B591551CA,cech;cohomology;ext,cohomology-section-cech;cohomology-section-cech-cohomology-cohomology;cohomology-section-cohomology-sheaves;cohomology-section-ext;derived-section-ext,01DZ;01ED;01EO;06XP;0BQP,D000085,historical_reference,integrated_historical_and_modern,cohomology-remark-FAC-two-covering-double-complex;cohomology-lemma-cech-h0,01EG,The source computes horizontal cohomology as the product of the Cech cohomology groups of the restricted coverings and identifies the degree-zero edge complex with the Cech complex of the other covering. The reference remark preserves this computation and its symmetric counterpart without presenting it as a new tagged theorem.
fac:I:4:no:29,29,numbered_paragraph,fac:I:4,components/027_I_4_29_applications.tex:7,components/027_I_4_29_applications.tex:7,components/027_I_4_29_applications.tex:7,B8C6508249308F5D8BC886B9E6360F1EC4FDC8F0F18EFAA03EE0E36B591551CA,,,,D000086,extend_existing,integrated_source_and_stacks,cohomology-lemma-cech-refinement-acyclic;cohomology-lemma-cech-cofinal-refinements;cohomology-remark-FAC-cech-cofinal-question,,"Stacks had the abstract double-complex resolution lemma, refinement maps, and the derived Leray criterion, but not FAC's Cech-acyclic refinement theorem or its cofinal consequence. The integration adds both reusable statements, proves them with the two-covering complex, and records the source's proposed weakening separately."
fac:I:4:no:29:prop:3,29,proposition,fac:I:4:no:29,components/027_I_4_29_applications.tex:11,components/027_I_4_29_applications.tex:11,components/027_I_4_29_applications.tex:11,B8C6508249308F5D8BC886B9E6360F1EC4FDC8F0F18EFAA03EE0E36B591551CA,ext,cohomology-section-ext;derived-section-ext,06XP;0BQP,D000087,existing_stronger,integrated_source_and_stacks,homology-lemma-double-complex-gives-resolution;cohomology-remark-FAC-two-covering-double-complex,0133,FAC Proposition 3 is the horizontal-acyclic edge comparison for its two-covering double complex. The abstract Stacks resolution lemma proves this edge quasi-isomorphism in any abelian category once the source's explicit complex is supplied.
fac:I:4:no:29:lemma:1,29,lemma,fac:I:4:no:29,components/027_I_4_29_applications.tex:27,components/027_I_4_29_applications.tex:27,components/027_I_4_29_applications.tex:27,B8C6508249308F5D8BC886B9E6360F1EC4FDC8F0F18EFAA03EE0E36B591551CA,ext,cohomology-section-ext;derived-section-ext,06XP;0BQP,D000088,existing_stronger,reviewed_source_image_and_stacks,cohomology-lemma-cech-trivial,0G6S,The source proves vanishing of positive Cech cohomology when a covering contains the whole space. The Stacks lemma is stronger: for any abelian presheaf it gives an explicit contraction of the entire augmented Cech complex.
fac:I:4:no:29:prop:4,29,proposition,fac:I:4:no:29,components/027_I_4_29_applications.tex:41,components/027_I_4_29_applications.tex:41,components/027_I_4_29_applications.tex:41,B8C6508249308F5D8BC886B9E6360F1EC4FDC8F0F18EFAA03EE0E36B591551CA,ext,cohomology-section-ext;derived-section-ext,06XP;0BQP,D000089,existing_equivalent,integrated_source_and_stacks,cohomology-lemma-cech-refinement-acyclic;cohomology-remark-FAC-two-covering-double-complex;cohomology-remark-FAC-refinement-homotopy,,"The source proves that the fine-cover edge maps isomorphically to two-covering total cohomology and that the resulting comparison equals the standard refinement homomorphism. The new refinement lemma retains the same explicit edge homotopy, while the existing refinement section supplies functoriality and independence of the refinement function."
fac:I:4:no:29:prop:5,29,proposition,fac:I:4:no:29,components/027_I_4_29_applications.tex:98,components/027_I_4_29_applications.tex:98,components/027_I_4_29_applications.tex:98,B8C6508249308F5D8BC886B9E6360F1EC4FDC8F0F18EFAA03EE0E36B591551CA,ext,cohomology-section-ext;derived-section-ext,06XP;0BQP,D000090,new_statement,integrated_source_and_stacks,cohomology-lemma-cech-refinement-acyclic,,FAC Proposition 5 is now a standalone Stacks lemma: a refinement induces an isomorphism on Cech cohomology when its restrictions to every finite intersection of the coarse cover are Cech-acyclic in positive degrees.
fac:I:4:no:29:thm:1,29,theorem,fac:I:4:no:29,components/027_I_4_29_applications.tex:118,components/027_I_4_29_applications.tex:118,components/027_I_4_29_applications.tex:118,B8C6508249308F5D8BC886B9E6360F1EC4FDC8F0F18EFAA03EE0E36B591551CA,ext,cohomology-section-ext;derived-section-ext,06XP;0BQP,D000091,new_statement,integrated_source_and_stacks,cohomology-lemma-cech-cofinal-refinements,,FAC Theorem 1 is now a standalone Stacks lemma identifying the Cech cohomology of one covering with the refinement-colimit Cech cohomology when a cofinal family satisfies the restricted-cover acyclicity criterion.
fac:I:4:no:29:thm:1:item:a,29,theorem,fac:I:4:no:29:thm:1,components/027_I_4_29_applications.tex:122,components/027_I_4_29_applications.tex:122,components/027_I_4_29_applications.tex:122,B8C6508249308F5D8BC886B9E6360F1EC4FDC8F0F18EFAA03EE0E36B591551CA,,,,D000092,new_statement,integrated_source_and_stacks,cohomology-lemma-cech-cofinal-refinements,,The cofinality hypothesis is retained exactly: every covering admits a refinement in the designated family. The proof explicitly restricts to the still-cofinal subfamily also refining the fixed covering.
fac:I:4:no:29:thm:1:item:b,29,theorem,fac:I:4:no:29:thm:1,components/027_I_4_29_applications.tex:123,components/027_I_4_29_applications.tex:123,components/027_I_4_29_applications.tex:123,B8C6508249308F5D8BC886B9E6360F1EC4FDC8F0F18EFAA03EE0E36B591551CA,,,,D000093,new_statement,integrated_source_and_stacks,cohomology-lemma-cech-refinement-acyclic;cohomology-lemma-cech-cofinal-refinements,,The positive-degree Cech-acyclicity of each family member restricted to every finite intersection of the fixed cover is the precise hypothesis passed to the new refinement lemma.
fac:I:4:no:29:remarks,29,numbered_paragraph,fac:I:4:no:29,components/027_I_4_29_applications.tex:141,components/027_I_4_29_applications.tex:141,components/027_I_4_29_applications.tex:141,B8C6508249308F5D8BC886B9E6360F1EC4FDC8F0F18EFAA03EE0E36B591551CA,ext,cohomology-section-ext;derived-section-ext,06XP;0BQP,D000094,historical_reference,integrated_historical_and_modern,cohomology-remark-FAC-cech-cofinal-question;cohomology-lemma-cech-spectral-sequence-application,01ET,"The two closing remarks are preserved together: the unproved proposed weakening is explicitly not promoted, and the comparison with Leray is separated from the modern derived-cohomology acyclic-cover criterion."
fac:I:4:no:29:remark:1,29,remark,fac:I:4:no:29,components/027_I_4_29_applications.tex:144,components/027_I_4_29_applications.tex:144,components/027_I_4_29_applications.tex:144,B8C6508249308F5D8BC886B9E6360F1EC4FDC8F0F18EFAA03EE0E36B591551CA,,,,D000095,historical_reference,integrated_historical_and_modern,cohomology-remark-FAC-cech-cofinal-question,,The source labels as probable the replacement of pointwise restricted-cover vanishing by vanishing only after passage to the cofinal system. The Stacks remark records the question and the exact point where the present proof still needs pre-colimit edge quasi-isomorphisms.
fac:I:4:no:29:remark:2,29,remark,fac:I:4:no:29,components/027_I_4_29_applications.tex:149,components/027_I_4_29_applications.tex:149,components/027_I_4_29_applications.tex:149,B8C6508249308F5D8BC886B9E6360F1EC4FDC8F0F18EFAA03EE0E36B591551CA,,,,D000096,existing_stronger,reviewed_source_image_and_stacks,cohomology-lemma-cech-spectral-sequence-application;cohomology-remark-FAC-cech-cofinal-question,01ET,The source notes the analogy with Leray's acyclic-cover theorem. Stacks proves the modern derived-cohomology comparison by a Cech spectral sequence under vanishing of derived cohomology on all finite intersections; the remark states that this is a different hypothesis from FAC's refinement-colimit criterion.
fac:II,fac:II,chapter,fac,components/028_II_1_30_spaces_condition_A.tex:6,components/028_II_1_30_spaces_condition_A.tex:6,components/028_II_1_30_spaces_condition_A.tex:6,B8C6508249308F5D8BC886B9E6360F1EC4FDC8F0F18EFAA03EE0E36B591551CA,coherent;ext;varieties,coherent-section-coherent-sheaves;cohomology-section-ext;derived-section-ext;modules-section-coherent;varieties-section-varieties,01BU;01XY;020C;06XP;0BQP,,structural_only,classified,,,Source structure; no independent Stacks object.
fac:II:1,fac:II:1,section,fac:II,components/028_II_1_30_spaces_condition_A.tex:15,components/028_II_1_30_spaces_condition_A.tex:15,components/028_II_1_30_spaces_condition_A.tex:15,B8C6508249308F5D8BC886B9E6360F1EC4FDC8F0F18EFAA03EE0E36B591551CA,varieties,varieties-section-varieties,020C,,structural_only,classified,,,Source structure; no independent Stacks object.
fac:II:1:no:30,30,numbered_paragraph,fac:II:1,components/028_II_1_30_spaces_condition_A.tex:19,components/028_II_1_30_spaces_condition_A.tex:19,components/028_II_1_30_spaces_condition_A.tex:19,B8C6508249308F5D8BC886B9E6360F1EC4FDC8F0F18EFAA03EE0E36B591551CA,,,,D000097,extend_existing,integrated_source_and_stacks,topology-definition-noetherian;topology-lemma-Noetherian;topology-lemma-finite-union-Noetherian;topology-lemma-Noetherian-quasi-compact;topology-definition-irreducible-components;topology-lemma-pick-irreducible-components;topology-lemma-irreducible-open-cover,0051;0052;0053;04ZA;004V;0G2Y,FAC condition (A) is the modern Noetherian condition. Stacks already contains the definition and all three Noetherian permanence and component conclusions; the integration adds exact source references and the missing finite irreducible-open-cover criterion.
fac:II:1:no:30:condition:A,30,condition,fac:II:1:no:30,components/028_II_1_30_spaces_condition_A.tex:24,components/028_II_1_30_spaces_condition_A.tex:24,components/028_II_1_30_spaces_condition_A.tex:24,B8C6508249308F5D8BC886B9E6360F1EC4FDC8F0F18EFAA03EE0E36B591551CA,,,,D000098,existing_equivalent,reviewed_source_image_and_stacks,topology-definition-noetherian,0051,FAC's stationarity of every decreasing sequence of closed subsets is exactly the descending-chain definition of a Noetherian topological space used by Stacks.
fac:II:1:no:30:condition:A-prime,30,condition,fac:II:1:no:30,components/028_II_1_30_spaces_condition_A.tex:35,components/028_II_1_30_spaces_condition_A.tex:35,components/028_II_1_30_spaces_condition_A.tex:35,B8C6508249308F5D8BC886B9E6360F1EC4FDC8F0F18EFAA03EE0E36B591551CA,,,,D000099,existing_equivalent,reviewed_source_image_and_stacks,topology-definition-noetherian,0051,The minimum condition on the poset of closed subsets is the standard equivalent well-founded form of the descending-chain condition recorded in the Stacks definition.
fac:II:1:no:30:prop:1,30,proposition,fac:II:1:no:30,components/028_II_1_30_spaces_condition_A.tex:42,components/028_II_1_30_spaces_condition_A.tex:42,components/028_II_1_30_spaces_condition_A.tex:42,B8C6508249308F5D8BC886B9E6360F1EC4FDC8F0F18EFAA03EE0E36B591551CA,ext,cohomology-section-ext;derived-section-ext,06XP;0BQP,D000100,existing_equivalent,reviewed_source_image_and_stacks,topology-lemma-Noetherian-quasi-compact;topology-lemma-Noetherian;topology-lemma-finite-union-Noetherian,04ZA;0052;0053,"The three parts of FAC Proposition 1 are exactly the Stacks quasi-compactness, hereditary Noetherianity, and finite-union lemmas, split into their reusable modern locations."
fac:II:1:no:30:prop:1:item:a,30,proposition,fac:II:1:no:30:prop:1,components/028_II_1_30_spaces_condition_A.tex:45,components/028_II_1_30_spaces_condition_A.tex:45,components/028_II_1_30_spaces_condition_A.tex:45,B8C6508249308F5D8BC886B9E6360F1EC4FDC8F0F18EFAA03EE0E36B591551CA,,,,D000101,existing_equivalent,reviewed_source_image_and_stacks,topology-lemma-Noetherian-quasi-compact,04ZA,FAC's quasi-compactness conclusion is part (1) of the Stacks lemma; Stacks additionally records retrocompactness of every subset.
fac:II:1:no:30:prop:1:item:b,30,proposition,fac:II:1:no:30:prop:1,components/028_II_1_30_spaces_condition_A.tex:46,components/028_II_1_30_spaces_condition_A.tex:46,components/028_II_1_30_spaces_condition_A.tex:46,B8C6508249308F5D8BC886B9E6360F1EC4FDC8F0F18EFAA03EE0E36B591551CA,,,,D000102,existing_equivalent,reviewed_source_image_and_stacks,topology-lemma-Noetherian,0052,FAC's hereditary condition (A) is exactly the Stacks assertion that every subset of a Noetherian space is Noetherian in its induced topology.
fac:II:1:no:30:prop:1:item:c,30,proposition,fac:II:1:no:30:prop:1,components/028_II_1_30_spaces_condition_A.tex:47,components/028_II_1_30_spaces_condition_A.tex:47,components/028_II_1_30_spaces_condition_A.tex:47,B8C6508249308F5D8BC886B9E6360F1EC4FDC8F0F18EFAA03EE0E36B591551CA,,,,D000103,existing_equivalent,reviewed_source_image_and_stacks,topology-lemma-finite-union-Noetherian,0053,The Stacks finite-union lemma has exactly FAC's conclusion for a finite family of Noetherian subspaces and states it for the induced topology on their union.
fac:II:1:no:30:irreducible-open-properties,30,numbered_paragraph,fac:II:1:no:30,components/028_II_1_30_spaces_condition_A.tex:73,components/028_II_1_30_spaces_condition_A.tex:73,components/028_II_1_30_spaces_condition_A.tex:73,B8C6508249308F5D8BC886B9E6360F1EC4FDC8F0F18EFAA03EE0E36B591551CA,,,,D000104,new_statement,integrated_source_and_stacks,topology-definition-irreducible-components;topology-lemma-irreducible-open-cover,004V,"The equivalence with pairwise intersection of nonempty opens and the inheritance and density of nonempty open subspaces are now recorded in one reusable topology lemma. Stacks retains its explicit nonempty-space convention, unlike the vacuous empty-space convention implicit in FAC."
fac:II:1:no:30:prop:2,30,proposition,fac:II:1:no:30,components/028_II_1_30_spaces_condition_A.tex:76,components/028_II_1_30_spaces_condition_A.tex:76,components/028_II_1_30_spaces_condition_A.tex:76,B8C6508249308F5D8BC886B9E6360F1EC4FDC8F0F18EFAA03EE0E36B591551CA,ext,cohomology-section-ext;derived-section-ext,06XP;0BQP,D000105,existing_stronger,reviewed_source_image_and_stacks,topology-lemma-Noetherian;topology-lemma-pick-irreducible-components,0052;0G2Y,Stacks proves that a Noetherian space has finitely many irreducible components and additionally that each contains a nonempty open; its general finite-cover lemma supplies the source's uniqueness assertion after redundant members are removed.
fac:II:1:no:30:prop:3,30,proposition,fac:II:1:no:30,components/028_II_1_30_spaces_condition_A.tex:89,components/028_II_1_30_spaces_condition_A.tex:89,components/028_II_1_30_spaces_condition_A.tex:89,B8C6508249308F5D8BC886B9E6360F1EC4FDC8F0F18EFAA03EE0E36B591551CA,ext,cohomology-section-ext;derived-section-ext,06XP;0BQP,D000106,new_statement,integrated_source_and_stacks,topology-lemma-irreducible-open-cover,,FAC's finite open-cover criterion was used informally elsewhere but had no dedicated topology lemma. It is now stated for a nonempty finite cover and proved directly using the pairwise-open characterization of irreducibility.
fac:II:1:no:31,31,numbered_paragraph,fac:II:1,components/029_II_1_31_locally_closed_affine_subsets.tex:7,components/029_II_1_31_locally_closed_affine_subsets.tex:7,components/029_II_1_31_locally_closed_affine_subsets.tex:7,B8C6508249308F5D8BC886B9E6360F1EC4FDC8F0F18EFAA03EE0E36B591551CA,affine,modules-section-quasi-coherent;schemes-section-quasi-coherent-affine,01BD;01I6,D000107,extend_existing,integrated_historical_and_modern,constructions-definition-affine-n-space;schemes-lemma-spec-sheaves;schemes-definition-immersion;schemes-remark-reduced-induced-locally-closed;schemes-example-closed-immersion-affines,01M0;01HV;01IO;0F2L;01IG,Stacks replaces the classical locally closed subset of the closed-point space K^r by affine n-space as a scheme and its locally closed reduced induced subscheme. Exact references and a bridge remark identify the classical regular-function sheaf while preserving the additional nonclosed scheme points and the distinction between reduced and nonreduced closed subschemes.
fac:II:1:no:31:prop:4,31,proposition,fac:II:1:no:31,components/029_II_1_31_locally_closed_affine_subsets.tex:33,components/029_II_1_31_locally_closed_affine_subsets.tex:33,components/029_II_1_31_locally_closed_affine_subsets.tex:33,B8C6508249308F5D8BC886B9E6360F1EC4FDC8F0F18EFAA03EE0E36B591551CA,affine;ext,cohomology-section-ext;derived-section-ext;modules-section-quasi-coherent;schemes-section-quasi-coherent-affine,01BD;01I6;06XP;0BQP,D000108,existing_stronger,integrated_source_and_stacks,schemes-example-closed-immersion-affines;schemes-remark-reduced-induced-locally-closed,01IG;0F2L,"FAC computes the kernel at a classical point as I(F)O_x for the radical vanishing ideal of a closed algebraic set. The affine closed-immersion construction proves the same stalk quotient for every ring, every ideal, and every scheme point; the bridge remark specializes it to the reduced classical setting."
fac:II:1:no:31:cor:prop:4,31,proposition,fac:II:1:no:31,components/029_II_1_31_locally_closed_affine_subsets.tex:46,components/029_II_1_31_locally_closed_affine_subsets.tex:46,components/029_II_1_31_locally_closed_affine_subsets.tex:46,B8C6508249308F5D8BC886B9E6360F1EC4FDC8F0F18EFAA03EE0E36B591551CA,affine;ext,cohomology-section-ext;derived-section-ext;modules-section-quasi-coherent;schemes-section-quasi-coherent-affine,01BD;01I6;06XP;0BQP,D000109,existing_stronger,reviewed_source_image_and_stacks,schemes-example-closed-immersion-affines;schemes-lemma-spec-sheaves,01IG;01HV,"The source's coordinate-ring localization at the maximal ideal of a K-point is the closed-point case of the Stacks identity O_(Spec(R/I),p/I) = R_p/IR_p for arbitrary primes and arbitrary ideals."
fac:II:1:no:32,32,numbered_paragraph,fac:II:1,components/030_II_1_32_regular_maps.tex:7,components/030_II_1_32_regular_maps.tex:7,components/030_II_1_32_regular_maps.tex:7,B8C6508249308F5D8BC886B9E6360F1EC4FDC8F0F18EFAA03EE0E36B591551CA,varieties,varieties-section-varieties,020C,D000110,extend_existing,integrated_historical_and_modern,schemes-definition-locally-ringed-space;schemes-lemma-isomorphism-locally-ringed;schemes-lemma-morphism-into-affine;schemes-remark-reduced-induced-locally-closed;schemes-lemma-map-into-reduction;morphisms-lemma-ubiquity-Jacobson-schemes;more-morphisms-definition-regular,01HB;01HC;01I1;0F2L;0356;02J6;07R7,"Stacks identifies FAC's classical regular maps with morphisms between the associated reduced locally closed schemes, adds exact historical references and the closed-point/Jacobson factorization argument, and explicitly separates this use of regular from the later technical notion of a regular morphism."
fac:II:1:no:32:def:item:a,32,definition,fac:II:1:no:32,components/030_II_1_32_regular_maps.tex:12,components/030_II_1_32_regular_maps.tex:12,components/030_II_1_32_regular_maps.tex:12,B8C6508249308F5D8BC886B9E6360F1EC4FDC8F0F18EFAA03EE0E36B591551CA,varieties,varieties-section-varieties,020C,D000111,existing_equivalent,reviewed_source_image_and_stacks,schemes-definition-locally-ringed-space,01HB,Continuity is the underlying-topological-map part of a morphism of locally ringed spaces and hence of a morphism between the associated schemes.
fac:II:1:no:32:def:item:b,32,definition,fac:II:1:no:32,components/030_II_1_32_regular_maps.tex:13,components/030_II_1_32_regular_maps.tex:13,components/030_II_1_32_regular_maps.tex:13,B8C6508249308F5D8BC886B9E6360F1EC4FDC8F0F18EFAA03EE0E36B591551CA,varieties,varieties-section-varieties,020C,D000112,existing_equivalent,reviewed_source_image_and_stacks,schemes-definition-locally-ringed-space,01HB,Pulling every regular germ at the image point back to a regular germ is the classical sheaf-level formulation of the local homomorphism on structure sheaves in the definition of a morphism of locally ringed spaces.
fac:II:1:no:32:prop:5,32,proposition,fac:II:1:no:32,components/030_II_1_32_regular_maps.tex:18,components/030_II_1_32_regular_maps.tex:18,components/030_II_1_32_regular_maps.tex:18,B8C6508249308F5D8BC886B9E6360F1EC4FDC8F0F18EFAA03EE0E36B591551CA,ext;varieties,cohomology-section-ext;derived-section-ext;varieties-section-varieties,020C;06XP;0BQP,D000113,existing_stronger,integrated_source_and_stacks,schemes-lemma-morphism-into-affine;schemes-remark-reduced-induced-locally-closed;schemes-lemma-map-into-reduction;morphisms-lemma-ubiquity-Jacobson-schemes,01I1;0F2L;0356;02J6,FAC's coordinate criterion is the reduced locally closed finite-type case of the Stacks bijection between morphisms to affine space and tuples of global functions; Jacobson closed-point density plus reduced factorization accounts for the prescribed target V.
fac:II:1:no:33,33,numbered_paragraph,fac:II:1,components/031_II_1_33_products.tex:6,components/031_II_1_33_products.tex:6,components/031_II_1_33_products.tex:6,B8C6508249308F5D8BC886B9E6360F1EC4FDC8F0F18EFAA03EE0E36B591551CA,,,,D000114,extend_existing,integrated_historical_and_modern,schemes-lemma-fibre-product-affine-schemes;schemes-definition-fibre-product;schemes-lemma-points-fibre-product;schemes-remark-classical-products-varieties;algebra-lemma-perfect-reduced,01I4;01JP;01JT;00I4,"Stacks replaces the classical product of locally closed K-point sets by the scheme product over K. Exact references and a bridge remark retain the classical closed-point and regular-function description while distinguishing the finer Zariski topology, additional scheme points, and reduced finite-type scope; perfectness of the algebraically closed ground field guarantees that the product remains reduced."
fac:II:1:no:33:prop:6,33,proposition,fac:II:1:no:33,components/031_II_1_33_products.tex:12,components/031_II_1_33_products.tex:12,components/031_II_1_33_products.tex:12,B8C6508249308F5D8BC886B9E6360F1EC4FDC8F0F18EFAA03EE0E36B591551CA,ext,cohomology-section-ext;derived-section-ext,06XP;0BQP,D000115,existing_equivalent,reviewed_source_image_and_stacks,categories-definition-products;schemes-definition-fibre-product,001S;01JP,FAC Proposition 6 is exactly the universal property of the product: a map into U times U-prime is a morphism if and only if its two projections are morphisms.
fac:II:1:no:33:prop:7,33,proposition,fac:II:1:no:33,components/031_II_1_33_products.tex:19,components/031_II_1_33_products.tex:19,components/031_II_1_33_products.tex:19,B8C6508249308F5D8BC886B9E6360F1EC4FDC8F0F18EFAA03EE0E36B591551CA,ext,cohomology-section-ext;derived-section-ext,06XP;0BQP,D000116,extend_existing,integrated_source_and_stacks,categories-definition-products;schemes-definition-fibre-product;schemes-remark-classical-products-varieties,001S;01JP,The forward construction of a product morphism is categorical. FAC's converse is recovered by constant-point sections when both source factors are nonempty; the integration records that necessary hypothesis and the empty-factor failure mode.
fac:II:1:no:33:cor:prop:7,33,proposition,fac:II:1:no:33,components/031_II_1_33_products.tex:24,components/031_II_1_33_products.tex:24,components/031_II_1_33_products.tex:24,B8C6508249308F5D8BC886B9E6360F1EC4FDC8F0F18EFAA03EE0E36B591551CA,ext,cohomology-section-ext;derived-section-ext,06XP;0BQP,D000117,extend_existing,integrated_source_and_stacks,categories-definition-products;schemes-lemma-isomorphism-locally-ringed;schemes-remark-classical-products-varieties,001S;01HC,"Products of two isomorphisms are isomorphisms categorically. The converse in FAC follows for nonempty classical source factors by recovering both component maps and their inverses from constant-point sections, but fails without nonemptiness."
fac:II:1:no:34,34,numbered_paragraph,fac:II:1,components/032_II_1_34_algebraic_variety_structure.tex:7,components/032_II_1_34_algebraic_variety_structure.tex:7,components/032_II_1_34_algebraic_variety_structure.tex:7,B8C6508249308F5D8BC886B9E6360F1EC4FDC8F0F18EFAA03EE0E36B591551CA,varieties,varieties-section-varieties,020C,D000118,extend_existing,integrated_historical_and_modern,schemes-definition-scheme;schemes-definition-reduced;morphisms-definition-finite-type;schemes-definition-separated;varieties-definition-variety,01IJ;01J0;01T1;01KK;020D,"Stacks separates the ingredients of FAC's definition: the associated classical actual-function spaces give reduced finite-type schemes over the algebraically closed ground field, VA_II is separatedness, and the modern Stacks term variety additionally requires integrality."
fac:II:1:no:34:def,34,definition,fac:II:1:no:34,components/032_II_1_34_algebraic_variety_structure.tex:10,components/032_II_1_34_algebraic_variety_structure.tex:10,components/032_II_1_34_algebraic_variety_structure.tex:10,B8C6508249308F5D8BC886B9E6360F1EC4FDC8F0F18EFAA03EE0E36B591551CA,ext;varieties,cohomology-section-ext;derived-section-ext;varieties-section-varieties,020C;06XP;0BQP,D000119,extend_existing,integrated_historical_and_modern,schemes-definition-scheme;schemes-definition-reduced;schemes-definition-separated;varieties-definition-variety,01IJ;01J0;01KK;020D,"The classical set, topology, and sheaf definition is retained as provenance while the Stacks formulation uses a scheme with reduced finite-type and separatedness hypotheses; nonclosed scheme points and possible nilpotents remain explicit boundaries."
fac:II:1:no:34:def:item:1,34,definition,fac:II:1:no:34:def,components/032_II_1_34_algebraic_variety_structure.tex:13,components/032_II_1_34_algebraic_variety_structure.tex:13,components/032_II_1_34_algebraic_variety_structure.tex:13,B8C6508249308F5D8BC886B9E6360F1EC4FDC8F0F18EFAA03EE0E36B591551CA,varieties,varieties-section-varieties,020C,D000120,existing_equivalent,reviewed_source_image_and_stacks,schemes-definition-scheme,01IJ,"FAC's topology is the underlying topology of the associated scheme, restricted classically to its closed K-points."
fac:II:1:no:34:def:item:2,34,definition,fac:II:1:no:34:def,components/032_II_1_34_algebraic_variety_structure.tex:16,components/032_II_1_34_algebraic_variety_structure.tex:16,components/032_II_1_34_algebraic_variety_structure.tex:16,B8C6508249308F5D8BC886B9E6360F1EC4FDC8F0F18EFAA03EE0E36B591551CA,varieties,varieties-section-varieties,020C,D000121,extend_existing,integrated_source_and_stacks,schemes-definition-locally-ringed-space;schemes-definition-reduced;schemes-remark-reduced-induced-locally-closed,01HB;01J0;0F2L,"FAC's subsheaf of germs of actual K-valued functions agrees with the structure sheaf on the associated reduced locally closed scheme at closed points, whereas general schemes also retain nonclosed points and nilpotent functions."
fac:II:1:no:34:axiom:VA-I,34,numbered_paragraph,fac:II:1:no:34,components/032_II_1_34_algebraic_variety_structure.tex:23,components/032_II_1_34_algebraic_variety_structure.tex:23,components/032_II_1_34_algebraic_variety_structure.tex:23,B8C6508249308F5D8BC886B9E6360F1EC4FDC8F0F18EFAA03EE0E36B591551CA,varieties,varieties-section-varieties,020C,D000122,existing_equivalent,integrated_source_and_stacks,schemes-definition-scheme;schemes-definition-reduced;morphisms-definition-finite-type;schemes-remark-reduced-induced-locally-closed,01IJ;01J0;01T1;0F2L,"Over an algebraically closed field, a finite cover by reduced locally closed affine algebraic sets is the classical presentation of a reduced finite-type scheme; conversely a reduced finite-type scheme admits a finite affine cover of this form on closed points."
fac:II:1:no:34:prop:8,34,proposition,fac:II:1:no:34,components/032_II_1_34_algebraic_variety_structure.tex:30,components/032_II_1_34_algebraic_variety_structure.tex:30,components/032_II_1_34_algebraic_variety_structure.tex:30,B8C6508249308F5D8BC886B9E6360F1EC4FDC8F0F18EFAA03EE0E36B591551CA,ext;varieties,cohomology-section-ext;derived-section-ext;varieties-section-varieties,020C;06XP;0BQP,D000123,existing_stronger,reviewed_source_image_and_stacks,schemes-lemma-glue;schemes-lemma-glue-schemes,01JB;01JC,"FAC's finite gluing proposition is the reduced finite-type closed-point case of the general Stacks gluing construction for locally ringed spaces and schemes, which allows arbitrary index sets satisfying the cocycle data."
fac:II:1:no:34:prop:8:item:a,34,proposition,fac:II:1:no:34:prop:8,components/032_II_1_34_algebraic_variety_structure.tex:34,components/032_II_1_34_algebraic_variety_structure.tex:34,components/032_II_1_34_algebraic_variety_structure.tex:34,B8C6508249308F5D8BC886B9E6360F1EC4FDC8F0F18EFAA03EE0E36B591551CA,varieties,varieties-section-varieties,020C,D000124,existing_equivalent,reviewed_source_image_and_stacks,schemes-lemma-glue;schemes-lemma-glue-schemes,01JB;01JC,The requirement that pairwise overlaps be open is exactly the open-overlap hypothesis in scheme gluing data.
fac:II:1:no:34:prop:8:item:b,34,proposition,fac:II:1:no:34:prop:8,components/032_II_1_34_algebraic_variety_structure.tex:35,components/032_II_1_34_algebraic_variety_structure.tex:35,components/032_II_1_34_algebraic_variety_structure.tex:35,B8C6508249308F5D8BC886B9E6360F1EC4FDC8F0F18EFAA03EE0E36B591551CA,varieties,varieties-section-varieties,020C,D000125,existing_equivalent,reviewed_source_image_and_stacks,schemes-lemma-glue;schemes-lemma-glue-schemes,01JB;01JC,Agreement of the induced structures on overlaps is the identity-form instance of compatible overlap isomorphisms and their cocycle condition.
fac:II:1:no:34:cor:prop:8,34,proposition,fac:II:1:no:34,components/032_II_1_34_algebraic_variety_structure.tex:42,components/032_II_1_34_algebraic_variety_structure.tex:42,components/032_II_1_34_algebraic_variety_structure.tex:42,B8C6508249308F5D8BC886B9E6360F1EC4FDC8F0F18EFAA03EE0E36B591551CA,ext;varieties,cohomology-section-ext;derived-section-ext;varieties-section-varieties,020C;06XP;0BQP,D000126,existing_stronger,integrated_source_and_stacks,schemes-lemma-fibre-products;schemes-definition-fibre-product;schemes-remark-classical-products-varieties,01JM;01JP,The unique classical product structure is recovered from the scheme fibre product over K on closed points and regular functions; Stacks supplies the general universal construction and retains the additional nonclosed points.
fac:II:1:no:34:axiom:VA-II,34,numbered_paragraph,fac:II:1:no:34,components/032_II_1_34_algebraic_variety_structure.tex:49,components/032_II_1_34_algebraic_variety_structure.tex:49,components/032_II_1_34_algebraic_variety_structure.tex:49,B8C6508249308F5D8BC886B9E6360F1EC4FDC8F0F18EFAA03EE0E36B591551CA,varieties,varieties-section-varieties,020C,D000127,existing_equivalent,reviewed_source_image_and_stacks,schemes-lemma-diagonal-immersion;schemes-lemma-immersion-when-closed;schemes-definition-separated,01KJ;01IQ;01KK,"Because a scheme diagonal is an immersion, FAC's condition that its image be a closed subset is equivalent to the modern requirement that the diagonal be a closed immersion, namely separatedness over K."
fac:II:1:no:34:axiom:VA-II-prime,34,numbered_paragraph,fac:II:1:no:34,components/032_II_1_34_algebraic_variety_structure.tex:62,components/032_II_1_34_algebraic_variety_structure.tex:62,components/032_II_1_34_algebraic_variety_structure.tex:62,B8C6508249308F5D8BC886B9E6360F1EC4FDC8F0F18EFAA03EE0E36B591551CA,varieties,varieties-section-varieties,020C,D000128,existing_equivalent,reviewed_source_image_and_stacks,schemes-lemma-closed-local-target;schemes-definition-separated;schemes-lemma-characterize-separated,01HL;01KK;01KP,The closed-graph condition on every pair of affine charts is the target-local verification of closedness of the diagonal and hence of separatedness.
fac:II:1:no:34:examples,34,numbered_paragraph,fac:II:1:no:34,components/032_II_1_34_algebraic_variety_structure.tex:67,components/032_II_1_34_algebraic_variety_structure.tex:67,components/032_II_1_34_algebraic_variety_structure.tex:67,B8C6508249308F5D8BC886B9E6360F1EC4FDC8F0F18EFAA03EE0E36B591551CA,varieties,varieties-section-varieties,020C,D000129,existing_stronger,integrated_source_and_stacks,schemes-definition-immersion;schemes-lemma-affine-separated;constructions-lemma-projective-space-separated;constructions-lemma-closed-in-projective-space;morphisms-lemma-quasi-projective-finite-type-over-S,01IO;01KN;01NH;03GL;01VS,"Stacks places the affine locally closed and projective examples in the more general scheme-theoretic framework of immersions, separated affine and projective space, closed projective subschemes, and finite-type quasi-projective morphisms; FAC's algebraic-fibre-space example remains historical context rather than a lexical identification."
fac:II:1:no:34:remarks,34,numbered_paragraph,fac:II:1:no:34,components/032_II_1_34_algebraic_variety_structure.tex:70,components/032_II_1_34_algebraic_variety_structure.tex:70,components/032_II_1_34_algebraic_variety_structure.tex:70,B8C6508249308F5D8BC886B9E6360F1EC4FDC8F0F18EFAA03EE0E36B591551CA,varieties,varieties-section-varieties,020C,D000130,historical_reference,reviewed_source_image_and_stacks,schemes-definition-separated,01KK,The two remarks record the historical separation analogy and the independence of the closed-diagonal axiom from the finite-chart axiom.
fac:II:1:no:34:remark:1,34,remark,fac:II:1:no:34,components/032_II_1_34_algebraic_variety_structure.tex:71,components/032_II_1_34_algebraic_variety_structure.tex:71,components/032_II_1_34_algebraic_variety_structure.tex:71,B8C6508249308F5D8BC886B9E6360F1EC4FDC8F0F18EFAA03EE0E36B591551CA,ext;varieties,cohomology-section-ext;derived-section-ext;varieties-section-varieties,020C;06XP;0BQP,D000131,historical_reference,reviewed_source_image_and_stacks,schemes-definition-separated,01KK,"FAC explicitly presents its closed-diagonal axiom as analogous to Hausdorff-type separation in topological, differentiable, and analytic geometry; Stacks records the exact algebraic closed-immersion formulation."
fac:II:1:no:34:remark:2,34,remark,fac:II:1:no:34,components/032_II_1_34_algebraic_variety_structure.tex:73,components/032_II_1_34_algebraic_variety_structure.tex:73,components/032_II_1_34_algebraic_variety_structure.tex:73,B8C6508249308F5D8BC886B9E6360F1EC4FDC8F0F18EFAA03EE0E36B591551CA,varieties,varieties-section-varieties,020C,D000132,existing_stronger,integrated_source_and_stacks,schemes-example-affine-space-zero-doubled;schemes-definition-separated,01JD;01KK,"Stacks supplies an explicit affine-space-with-doubled-zero gluing example showing that a scheme assembled from affine charts need not be separated, thereby realizing FAC's assertion that VA_I does not imply VA_II."
fac:II:1:no:35,35,numbered_paragraph,fac:II:1,components/033_II_1_35_regular_maps_induced_structures_products.tex:7,components/033_II_1_35_regular_maps_induced_structures_products.tex:7,components/033_II_1_35_regular_maps_induced_structures_products.tex:7,B8C6508249308F5D8BC886B9E6360F1EC4FDC8F0F18EFAA03EE0E36B591551CA,varieties,varieties-section-varieties,020C,D000133,extend_existing,integrated_historical_and_modern,schemes-definition-locally-ringed-space;schemes-remark-reduced-induced-locally-closed;schemes-definition-immersion;schemes-definition-fibre-product;schemes-definition-separated;schemes-lemma-semi-diagonal;schemes-lemma-separated-permanence;schemes-remark-classical-products-varieties;more-morphisms-definition-regular,01HB;0F2L;01IO;01JP;01KK;01KS;01KU;07R7,"Stacks separates FAC's composite discussion into ordinary scheme morphisms, reduced induced locally closed subschemes, immersions, products, permanence of separatedness, and the graph as a semi-diagonal. The integration preserves the reduced-source and nonempty-factor qualifications and the modern terminology collision for regular morphisms."
fac:II:1:no:35:def:regular,35,definition,fac:II:1:no:35,components/033_II_1_35_regular_maps_induced_structures_products.tex:10,components/033_II_1_35_regular_maps_induced_structures_products.tex:10,components/033_II_1_35_regular_maps_induced_structures_products.tex:10,B8C6508249308F5D8BC886B9E6360F1EC4FDC8F0F18EFAA03EE0E36B591551CA,varieties,varieties-section-varieties,020C,D000134,extend_existing,integrated_source_and_stacks,schemes-definition-locally-ringed-space;schemes-remark-reduced-induced-locally-closed;more-morphisms-definition-regular,01HB;0F2L;07R7,"FAC's regular maps are morphisms between the associated reduced finite-type schemes, characterized by pullback of local regular functions. This classical use of regular remains distinct from the technical Stacks property of a regular morphism."
fac:II:1:no:35:def:regular:item:a,35,definition,fac:II:1:no:35:def:regular,components/033_II_1_35_regular_maps_induced_structures_products.tex:14,components/033_II_1_35_regular_maps_induced_structures_products.tex:14,components/033_II_1_35_regular_maps_induced_structures_products.tex:14,B8C6508249308F5D8BC886B9E6360F1EC4FDC8F0F18EFAA03EE0E36B591551CA,varieties,varieties-section-varieties,020C,D000135,existing_equivalent,reviewed_source_image_and_stacks,schemes-definition-locally-ringed-space,01HB,Continuity is the underlying-topological-map condition in the definition of a morphism of locally ringed spaces and hence of schemes.
fac:II:1:no:35:def:regular:item:b,35,definition,fac:II:1:no:35:def:regular,components/033_II_1_35_regular_maps_induced_structures_products.tex:15,components/033_II_1_35_regular_maps_induced_structures_products.tex:15,components/033_II_1_35_regular_maps_induced_structures_products.tex:15,B8C6508249308F5D8BC886B9E6360F1EC4FDC8F0F18EFAA03EE0E36B591551CA,varieties,varieties-section-varieties,020C,D000136,existing_equivalent,reviewed_source_image_and_stacks,schemes-definition-locally-ringed-space;schemes-remark-reduced-induced-locally-closed,01HB;0F2L,Pullback of every regular germ to a regular germ is the classical actual-function formulation of the structure-sheaf map for a morphism between the associated reduced schemes.
fac:II:1:no:36,36,numbered_paragraph,fac:II:1,components/034_II_1_36_rational_function_field.tex:7,components/034_II_1_36_rational_function_field.tex:7,components/034_II_1_36_rational_function_field.tex:7,B8C6508249308F5D8BC886B9E6360F1EC4FDC8F0F18EFAA03EE0E36B591551CA,varieties,varieties-section-varieties,020C,D000137,extend_existing,integrated_historical_and_modern,sheaves-definition-locally-constant-sheaf;sheaves-lemma-locally-constant-irreducible;morphisms-lemma-integral-scheme-rational-functions;morphisms-definition-function-field;morphisms-lemma-sections-intersection-local-rings;varieties-lemma-dimension-locally-algebraic,01RV;01RW;0A21,"Stacks now records FAC's topological constancy lemmas and intersection-of-local-rings formula, while the existing generic-point and dimension statements give the modern scheme-theoretic formulation. The integration keeps irreducibility, integrality, finite type, nonempty-open, and component hypotheses explicit."
fac:II:1:no:36:lemma:1,36,lemma,fac:II:1:no:36,components/034_II_1_36_rational_function_field.tex:12,components/034_II_1_36_rational_function_field.tex:12,components/034_II_1_36_rational_function_field.tex:12,B8C6508249308F5D8BC886B9E6360F1EC4FDC8F0F18EFAA03EE0E36B591551CA,ext;varieties,cohomology-section-ext;derived-section-ext;varieties-section-varieties,020C;06XP;0BQP,D000138,new_statement,integrated_source_and_stacks,sheaves-lemma-locally-constant-irreducible,,"The new lemma records that global sections of a constant sheaf on a connected space are exactly its constant values, in the slightly more general set-valued form proved directly in Stacks."
fac:II:1:no:36:lemma:2,36,lemma,fac:II:1:no:36,components/034_II_1_36_rational_function_field.tex:23,components/034_II_1_36_rational_function_field.tex:23,components/034_II_1_36_rational_function_field.tex:23,B8C6508249308F5D8BC886B9E6360F1EC4FDC8F0F18EFAA03EE0E36B591551CA,ext;varieties,cohomology-section-ext;derived-section-ext;varieties-section-varieties,020C;06XP;0BQP,D000139,new_statement,integrated_source_and_stacks,sheaves-definition-locally-constant-sheaf;sheaves-lemma-locally-constant-irreducible,,"The new definition and lemma prove that every locally constant sheaf of sets on an irreducible space is constant; FAC's abelian-sheaf argument is retained as the historical source case, while the broader statement has its own complete proof."
fac:II:1:no:36:prop:9,36,proposition,fac:II:1:no:36,components/034_II_1_36_rational_function_field.tex:56,components/034_II_1_36_rational_function_field.tex:56,components/034_II_1_36_rational_function_field.tex:56,B8C6508249308F5D8BC886B9E6360F1EC4FDC8F0F18EFAA03EE0E36B591551CA,ext;varieties,cohomology-section-ext;derived-section-ext;varieties-section-varieties,020C;06XP;0BQP,D000140,extend_existing,integrated_historical_and_modern,morphisms-lemma-integral-scheme-rational-functions;morphisms-definition-function-field,01RV;01RW,FAC obtains the function field by proving a sheaf of fraction fields constant on the classical closed-point space. Stacks packages the same invariant at the generic point of an integral scheme and explicitly identifies it with the generic local and residue fields.
fac:II:2,fac:II:2,section,fac:II,components/035_II_2_37_sheaf_of_local_rings.tex:6,components/035_II_2_37_sheaf_of_local_rings.tex:6,components/035_II_2_37_sheaf_of_local_rings.tex:6,B8C6508249308F5D8BC886B9E6360F1EC4FDC8F0F18EFAA03EE0E36B591551CA,coherent;sheaves,coherent-section-coherent-sheaves;modules-section-coherent;sheaves-section-sheaves,006S;01BU;01XY,,structural_only,classified,,,Source structure; no independent Stacks object.
fac:II:2:no:37,37,numbered_paragraph,fac:II:2,components/035_II_2_37_sheaf_of_local_rings.tex:9,components/035_II_2_37_sheaf_of_local_rings.tex:9,components/035_II_2_37_sheaf_of_local_rings.tex:9,B8C6508249308F5D8BC886B9E6360F1EC4FDC8F0F18EFAA03EE0E36B591551CA,sheaves;varieties,sheaves-section-sheaves;varieties-section-varieties,006S;020C,D000141,existing_stronger,integrated_historical_and_modern,schemes-remark-reduced-induced-locally-closed;coherent-lemma-coherent-Noetherian;coherent-lemma-coherent-Noetherian-quasi-coherent-sub-quotient,0F2L;01XZ;01Y1,"FAC proves coherence of the classical local-ring sheaf first on affine space, then for a closed subvariety by its vanishing ideal and quotient, and finally locally for algebraic and prealgebraic varieties. Stacks identifies the classical reduced structure sheaf and proves the corresponding results for every locally Noetherian scheme."
fac:II:2:no:37:lemma:1,37,lemma,fac:II:2:no:37,components/035_II_2_37_sheaf_of_local_rings.tex:13,components/035_II_2_37_sheaf_of_local_rings.tex:13,components/035_II_2_37_sheaf_of_local_rings.tex:13,B8C6508249308F5D8BC886B9E6360F1EC4FDC8F0F18EFAA03EE0E36B591551CA,ext;sheaves,cohomology-section-ext;derived-section-ext;sheaves-section-sheaves,006S;06XP;0BQP,D000142,existing_stronger,integrated_source_and_stacks,coherent-lemma-coherent-Noetherian,01XZ,FAC's relation-sheaf calculation on affine space is the polynomial-ring case of the Stacks theorem that the structure sheaf of every locally Noetherian scheme is coherent.
fac:II:2:no:37:lemma:2,37,lemma,fac:II:2:no:37,components/035_II_2_37_sheaf_of_local_rings.tex:34,components/035_II_2_37_sheaf_of_local_rings.tex:34,components/035_II_2_37_sheaf_of_local_rings.tex:34,B8C6508249308F5D8BC886B9E6360F1EC4FDC8F0F18EFAA03EE0E36B591551CA,ext;sheaves,cohomology-section-ext;derived-section-ext;sheaves-section-sheaves,006S;06XP;0BQP,D000143,existing_stronger,integrated_source_and_stacks,schemes-remark-reduced-induced-locally-closed;coherent-lemma-coherent-Noetherian-quasi-coherent-sub-quotient,0F2L;01Y1,FAC's sheaf J(V) is the ideal sheaf of the reduced closed subscheme defined by I(V). Stacks proves more generally that every quasi-coherent submodule or quotient of a coherent module on a locally Noetherian scheme is coherent.
fac:II:2:no:37:prop:1,37,proposition,fac:II:2:no:37,components/035_II_2_37_sheaf_of_local_rings.tex:45,components/035_II_2_37_sheaf_of_local_rings.tex:45,components/035_II_2_37_sheaf_of_local_rings.tex:45,B8C6508249308F5D8BC886B9E6360F1EC4FDC8F0F18EFAA03EE0E36B591551CA,ext;sheaves,cohomology-section-ext;derived-section-ext;sheaves-section-sheaves,006S;06XP;0BQP,D000144,existing_stronger,integrated_historical_and_modern,schemes-remark-reduced-induced-locally-closed;coherent-lemma-coherent-Noetherian;coherent-lemma-coherent-Noetherian-quasi-coherent-sub-quotient,0F2L;01XZ;01Y1,"The classical quotient O/J(V) and local chart argument become the structure sheaf of a reduced locally finite type scheme; Stacks proves its coherence, and that of all locally Noetherian structure sheaves, without a chosen affine embedding."
fac:II:2:no:37:remark,37,remark,fac:II:2:no:37,components/035_II_2_37_sheaf_of_local_rings.tex:50,components/035_II_2_37_sheaf_of_local_rings.tex:50,components/035_II_2_37_sheaf_of_local_rings.tex:50,B8C6508249308F5D8BC886B9E6360F1EC4FDC8F0F18EFAA03EE0E36B591551CA,ext;sheaves,cohomology-section-ext;derived-section-ext;sheaves-section-sheaves,006S;06XP;0BQP,D000145,existing_stronger,integrated_historical_and_modern,schemes-remark-reduced-induced-locally-closed;coherent-lemma-coherent-Noetherian,0F2L;01XZ,"FAC observes that separatedness is unnecessary by extending Proposition 1 to prealgebraic varieties. The Stacks result is local and applies to arbitrary locally Noetherian schemes, including nonseparated ones."
fac:II:2:no:38,38,numbered_paragraph,fac:II:2,components/036_II_2_38_coherent_algebraic_sheaves.tex:6,components/036_II_2_38_coherent_algebraic_sheaves.tex:6,components/036_II_2_38_coherent_algebraic_sheaves.tex:6,B8C6508249308F5D8BC886B9E6360F1EC4FDC8F0F18EFAA03EE0E36B591551CA,coherent,coherent-section-coherent-sheaves;modules-section-coherent,01BU;01XY,D000146,existing_stronger,integrated_source_and_stacks,sheaves-definition-sheaf-modules;cohomology-equation-cohomology-modules;modules-definition-coherent;modules-definition-finite-presentation;coherent-lemma-coherent-Noetherian,0077;0714;01BV;01BN;01XZ,"FAC defines algebraic sheaves and their homomorphisms as modules and module maps over the classical structure sheaf, records the global-section-ring action on cohomology, and characterizes coherence by a local finite presentation. Stacks gives each construction on general ringed spaces and the coherence equivalence on locally Noetherian schemes."
fac:II:2:no:38:def:algebraic-sheaf,38,definition,fac:II:2:no:38,components/036_II_2_38_coherent_algebraic_sheaves.tex:8,components/036_II_2_38_coherent_algebraic_sheaves.tex:8,components/036_II_2_38_coherent_algebraic_sheaves.tex:8,B8C6508249308F5D8BC886B9E6360F1EC4FDC8F0F18EFAA03EE0E36B591551CA,coherent;sheaves,coherent-section-coherent-sheaves;modules-section-coherent;sheaves-section-sheaves,006S;01BU;01XY,D000147,existing_stronger,reviewed_source_image_and_stacks,sheaves-definition-sheaf-modules,0077,FAC's algebraic sheaf is exactly a sheaf of modules over the classical local-ring sheaf. Stacks makes the same definition for an arbitrary sheaf of rings on any topological space.
fac:II:2:no:38:def:algebraic-homomorphism,38,definition,fac:II:2:no:38,components/036_II_2_38_coherent_algebraic_sheaves.tex:9,components/036_II_2_38_coherent_algebraic_sheaves.tex:9,components/036_II_2_38_coherent_algebraic_sheaves.tex:9,B8C6508249308F5D8BC886B9E6360F1EC4FDC8F0F18EFAA03EE0E36B591551CA,coherent,coherent-section-coherent-sheaves;modules-section-coherent,01BU;01XY,D000148,existing_stronger,reviewed_source_image_and_stacks,sheaves-definition-sheaf-modules,0077,FAC's algebraic homomorphism is exactly a morphism of sheaves of O_V-modules. Stacks packages these morphisms and their category for arbitrary ringed spaces.
fac:II:2:no:38:def:coherent-algebraic-sheaf,38,definition,fac:II:2:no:38,components/036_II_2_38_coherent_algebraic_sheaves.tex:17,components/036_II_2_38_coherent_algebraic_sheaves.tex:17,components/036_II_2_38_coherent_algebraic_sheaves.tex:17,B8C6508249308F5D8BC886B9E6360F1EC4FDC8F0F18EFAA03EE0E36B591551CA,coherent;sheaves,coherent-section-coherent-sheaves;modules-section-coherent;sheaves-section-sheaves,006S;01BU;01XY,D000149,existing_stronger,integrated_source_and_stacks,modules-definition-coherent;modules-definition-finite-presentation;coherent-lemma-coherent-Noetherian,01BV;01BN;01XZ,"FAC defines coherence by the general ringed-space relation-sheaf condition and, because O_V is coherent, characterizes it by a local cokernel O_V^q to O_V^p. Stacks proves coherent equals finite-presentation for every locally Noetherian scheme and defines the displayed local presentation explicitly."
fac:II:2:no:39,39,numbered_paragraph,fac:II:2,components/037_II_2_39_ideal_sheaf_closed_subvariety.tex:6,components/037_II_2_39_ideal_sheaf_closed_subvariety.tex:6,components/037_II_2_39_ideal_sheaf_closed_subvariety.tex:6,B8C6508249308F5D8BC886B9E6360F1EC4FDC8F0F18EFAA03EE0E36B591551CA,sheaves;support;varieties,modules-section-support;sheaves-section-sheaves;varieties-section-varieties,006S;01AS;020C,D000150,existing_stronger,integrated_historical_and_modern,schemes-remark-reduced-induced-locally-closed;morphisms-lemma-closed-immersion;coherent-lemma-coherent-Noetherian-quasi-coherent-sub-quotient;coherent-lemma-i-star-equivalence;cohomology-lemma-cohomology-and-closed-immersions;coherent-lemma-power-ideal-kills-sheaf,0F2L;01QO;01Y1;087T;02UV;01Y9,"FAC treats the ideal of a closed classical subvariety, coherence of that ideal, the exact structure-sheaf quotient, coherent direct image and descent, preservation of cohomology, and power-annihilation for sheaves supported on the subvariety. Stacks gives the corresponding statements for closed immersions and coherent modules on locally Noetherian or Noetherian schemes, while retaining scheme-theoretic structure."
fac:II:2:no:39:def:ideal-sheaf,39,definition,fac:II:2:no:39,components/037_II_2_39_ideal_sheaf_closed_subvariety.tex:8,components/037_II_2_39_ideal_sheaf_closed_subvariety.tex:8,components/037_II_2_39_ideal_sheaf_closed_subvariety.tex:8,B8C6508249308F5D8BC886B9E6360F1EC4FDC8F0F18EFAA03EE0E36B591551CA,sheaves;support;varieties,modules-section-support;sheaves-section-sheaves;varieties-section-varieties,006S;01AS;020C,D000151,existing_stronger,integrated_source_and_stacks,schemes-remark-reduced-induced-locally-closed;morphisms-lemma-closed-immersion;coherent-lemma-i-star-equivalence,0F2L;01QO;087T,The classical ideal sheaf J(W) is the kernel of O_V to i_*O_W for the reduced closed subscheme associated to W. The modern closed-immersion formulation permits arbitrary quasi-coherent defining ideals and therefore also nonreduced closed subschemes.
fac:II:2:no:39:prop:2,39,proposition,fac:II:2:no:39,components/037_II_2_39_ideal_sheaf_closed_subvariety.tex:11,components/037_II_2_39_ideal_sheaf_closed_subvariety.tex:11,components/037_II_2_39_ideal_sheaf_closed_subvariety.tex:11,B8C6508249308F5D8BC886B9E6360F1EC4FDC8F0F18EFAA03EE0E36B591551CA,ext;sheaves;support;varieties,cohomology-section-ext;derived-section-ext;modules-section-support;sheaves-section-sheaves;varieties-section-varieties,006S;01AS;020C;06XP;0BQP,D000152,existing_stronger,reviewed_source_image_and_stacks,coherent-lemma-coherent-Noetherian-quasi-coherent-sub-quotient,01Y1,"FAC proves coherence of J(W) by an affine embedding and finite generation. Stacks proves that every quasi-coherent ideal sheaf, as a submodule of O_X, is coherent on an arbitrary locally Noetherian scheme."
fac:II:2:no:39:prop:3,39,proposition,fac:II:2:no:39,components/037_II_2_39_ideal_sheaf_closed_subvariety.tex:23,components/037_II_2_39_ideal_sheaf_closed_subvariety.tex:23,components/037_II_2_39_ideal_sheaf_closed_subvariety.tex:23,B8C6508249308F5D8BC886B9E6360F1EC4FDC8F0F18EFAA03EE0E36B591551CA,ext;sheaves;support;varieties,cohomology-section-ext;derived-section-ext;modules-section-support;sheaves-section-sheaves;varieties-section-varieties,006S;01AS;020C;06XP;0BQP,D000153,existing_stronger,integrated_historical_and_modern,coherent-lemma-i-star-equivalence;morphisms-lemma-i-star-equivalence;cohomology-lemma-cohomology-and-closed-immersions,087T;01QY;02UV,"FAC identifies coherent sheaves on W with coherent sheaves on V annihilated by J(W), using closed extension by zero, and records unchanged cohomology. Stacks makes this an equivalence for coherent modules under any closed immersion of locally Noetherian schemes and derives the cohomology identity from exact pushforward."
fac:II:2:no:39:remark,39,remark,fac:II:2:no:39,components/037_II_2_39_ideal_sheaf_closed_subvariety.tex:30,components/037_II_2_39_ideal_sheaf_closed_subvariety.tex:30,components/037_II_2_39_ideal_sheaf_closed_subvariety.tex:30,B8C6508249308F5D8BC886B9E6360F1EC4FDC8F0F18EFAA03EE0E36B591551CA,ext;sheaves;support;varieties,cohomology-section-ext;derived-section-ext;modules-section-support;sheaves-section-sheaves;varieties-section-varieties,006S;01AS;020C;06XP;0BQP,D000154,existing_stronger,integrated_source_and_stacks,coherent-lemma-power-ideal-kills-sheaf,01Y9,"FAC observes that set-theoretic support on W need only force annihilation by a power of J(W), not by J(W) itself. Stacks proves the converse as well for coherent sheaves on arbitrary Noetherian schemes and quasi-coherent defining ideals."
fac:II:2:no:40,40,numbered_paragraph,fac:II:2,components/038_II_2_40_sheaves_of_fractional_ideals.tex:6,components/038_II_2_40_sheaves_of_fractional_ideals.tex:6,components/038_II_2_40_sheaves_of_fractional_ideals.tex:6,B8C6508249308F5D8BC886B9E6360F1EC4FDC8F0F18EFAA03EE0E36B591551CA,invertible;support,modules-section-invertible;modules-section-support,01AS;01CR,D000155,extend_existing,integrated_historical_and_modern,divisors-definition-sheaf-meromorphic-functions;divisors-lemma-meromorphic-functions-integral-scheme;divisors-lemma-coherent-subsheaf-meromorphic-functions;modules-lemma-coherent-abelian;coherent-lemma-coherent-Noetherian,01X2;01X5;01BY;01XZ,"Stacks already constructs the meromorphic-function sheaf and identifies it with the constant function-field sheaf on an integral scheme. A new lemma records FAC's finite-type criterion for its submodules, the positive-dimensional noncoherence boundary, and the denominator-clearing reduction to a finite type submodule of the coherent structure sheaf."
fac:II:2:no:40:def:fractional-ideal-sheaf,40,definition,fac:II:2:no:40,components/038_II_2_40_sheaves_of_fractional_ideals.tex:8,components/038_II_2_40_sheaves_of_fractional_ideals.tex:8,components/038_II_2_40_sheaves_of_fractional_ideals.tex:8,B8C6508249308F5D8BC886B9E6360F1EC4FDC8F0F18EFAA03EE0E36B591551CA,invertible;sheaves;support,modules-section-invertible;modules-section-support;sheaves-section-sheaves,006S;01AS;01CR,D000156,extend_existing,integrated_historical_and_modern,divisors-definition-sheaf-meromorphic-functions;divisors-lemma-meromorphic-functions-integral-scheme;divisors-lemma-coherent-subsheaf-meromorphic-functions,01X2;01X5,FAC's sheaf of fractional ideals is an arbitrary O_V-submodule of the constant function-field sheaf. The Stacks bridge uses the meromorphic-function sheaf on an integral scheme and explicitly records that the historical term imposes neither invertibility nor local rank one.
fac:II:2:no:40:prop:4,40,proposition,fac:II:2:no:40,components/038_II_2_40_sheaves_of_fractional_ideals.tex:11,components/038_II_2_40_sheaves_of_fractional_ideals.tex:11,components/038_II_2_40_sheaves_of_fractional_ideals.tex:11,B8C6508249308F5D8BC886B9E6360F1EC4FDC8F0F18EFAA03EE0E36B591551CA,ext;invertible;support,cohomology-section-ext;derived-section-ext;modules-section-invertible;modules-section-support,01AS;01CR;06XP;0BQP,D000157,new_statement,integrated_source_and_stacks,divisors-lemma-coherent-subsheaf-meromorphic-functions,,The new lemma proves FAC Proposition 4 for locally Noetherian integral schemes: an O_X-submodule of K_X is coherent exactly when it is of finite type. Its proof clears a common local denominator and invokes coherence of finite type submodules of O_X; it also proves that K_X itself is coherent exactly in dimension zero.
fac:II:2:no:41,41,numbered_paragraph,fac:II:2,components/039_II_2_41_sheaf_associated_fiber_space.tex:6,components/039_II_2_41_sheaf_associated_fiber_space.tex:6,components/039_II_2_41_sheaf_associated_fiber_space.tex:6,B8C6508249308F5D8BC886B9E6360F1EC4FDC8F0F18EFAA03EE0E36B591551CA,module-sheaf;sheaves,modules-section-quasi-coherent;schemes-section-quasi-coherent-affine;sheaves-section-sheaves,006S;01BD;01I6,D000158,extend_existing,integrated_historical_and_modern,constructions-definition-vector-bundle;constructions-lemma-category-vector-bundles;modules-definition-locally-free;coherent-lemma-coherent-Noetherian;morphisms-lemma-smooth-omega-finite-locally-free;derham-section-hodge-cohomology;derham-section-hodge-to-de-rham;weil-lemma-poincare-duality,01M2;062N;01C6;01XZ;02G1;0FM4;0FM6;0FIJ,"Stacks separates FAC's discussion into the vector-bundle/module anti-equivalence, finite locally free modules and their coherence, differentials of smooth morphisms, algebraic Hodge cohomology and its spectral sequence, and Poincare duality for Weil cohomology. Historical notes record the dual convention and the extra comparison needed for topological Betti numbers."
fac:II:2:no:41:def:sheaf-of-germs-of-sections,41,definition,fac:II:2:no:41,components/039_II_2_41_sheaf_associated_fiber_space.tex:10,components/039_II_2_41_sheaf_associated_fiber_space.tex:10,components/039_II_2_41_sheaf_associated_fiber_space.tex:10,B8C6508249308F5D8BC886B9E6360F1EC4FDC8F0F18EFAA03EE0E36B591551CA,module-sheaf;sheaves,modules-section-quasi-coherent;schemes-section-quasi-coherent-affine;sheaves-section-sheaves,006S;01BD;01I6,D000159,extend_existing,integrated_historical_and_modern,constructions-definition-vector-bundle;constructions-lemma-category-vector-bundles;modules-definition-locally-free,01M2;062N;01C6,"The sheaf of regular sections of a classical rank-r bundle is finite locally free of rank r. Under the Stacks convention V(E)=Spec(Sym(E)), the degree-one module is dual to the classical section sheaf, so the corresponding geometric bundle is V(S(E)^vee)."
fac:II:2:no:41:prop:5,41,proposition,fac:II:2:no:41,components/039_II_2_41_sheaf_associated_fiber_space.tex:13,components/039_II_2_41_sheaf_associated_fiber_space.tex:13,components/039_II_2_41_sheaf_associated_fiber_space.tex:13,B8C6508249308F5D8BC886B9E6360F1EC4FDC8F0F18EFAA03EE0E36B591551CA,ext;module-sheaf;sheaves,cohomology-section-ext;derived-section-ext;modules-section-quasi-coherent;schemes-section-quasi-coherent-affine;sheaves-section-sheaves,006S;01BD;01I6;06XP;0BQP,D000160,existing_stronger,integrated_source_and_stacks,constructions-lemma-category-vector-bundles;modules-definition-locally-free;coherent-lemma-coherent-Noetherian,062N;01C6;01XZ,"FAC Proposition 5 and its converse identify classical rank-r vector bundles with locally free sheaves of rank r and deduce coherence. Stacks gives the vector-bundle anti-equivalence for arbitrary quasi-coherent modules; after restricting to finite locally free modules and applying the dual convention, it recovers the classical equivalence and the coherence conclusion."
fac:II:2:no:41:formula:h-p-q,41,numbered_paragraph,fac:II:2:no:41,components/039_II_2_41_sheaf_associated_fiber_space.tex:19,components/039_II_2_41_sheaf_associated_fiber_space.tex:19,components/039_II_2_41_sheaf_associated_fiber_space.tex:19,B8C6508249308F5D8BC886B9E6360F1EC4FDC8F0F18EFAA03EE0E36B591551CA,module-sheaf;sheaves,modules-section-quasi-coherent;schemes-section-quasi-coherent-affine;sheaves-section-sheaves,006S;01BD;01I6,D000161,extend_existing,integrated_historical_and_modern,morphisms-lemma-smooth-omega-finite-locally-free;derham-section-hodge-cohomology;derham-section-hodge-to-de-rham,02G1;0FM4;0FM6,"FAC's h^(p,q) is the dimension of H^q(V,Omega^p) for a nonsingular projective variety. Stacks defines the same groups as the bidegree pieces of algebraic Hodge cohomology and places them on the first page of the Hodge-to-de Rham spectral sequence; finiteness and numerical dimensions require the proper finite-type hypotheses used later."
fac:II:2:no:41:formula:Betti-sum,41,numbered_paragraph,fac:II:2:no:41,components/039_II_2_41_sheaf_associated_fiber_space.tex:24,components/039_II_2_41_sheaf_associated_fiber_space.tex:24,components/039_II_2_41_sheaf_associated_fiber_space.tex:24,B8C6508249308F5D8BC886B9E6360F1EC4FDC8F0F18EFAA03EE0E36B591551CA,module-sheaf;sheaves,modules-section-quasi-coherent;schemes-section-quasi-coherent-affine;sheaves-section-sheaves,006S;01BD;01I6,D000162,historical_reference,reviewed_source_image_and_stacks,derham-section-hodge-cohomology;derham-section-hodge-to-de-rham;derham-remark-hodge-cohomology-is-weil,0FM4;0FM6;0FWE,"The formula B_n=sum_(p+q=n) h^(p,q) is recalled from complex Hodge theory and proposed speculatively as a definition in the general case. Stacks defines the algebraic Hodge direct sum but does not identify its dimension with a topological or etale Betti number without additional comparison, degeneration, and characteristic hypotheses."
fac:II:2:no:41:formula:Poincare-duality,41,numbered_paragraph,fac:II:2:no:41,components/039_II_2_41_sheaf_associated_fiber_space.tex:29,components/039_II_2_41_sheaf_associated_fiber_space.tex:29,components/039_II_2_41_sheaf_associated_fiber_space.tex:29,B8C6508249308F5D8BC886B9E6360F1EC4FDC8F0F18EFAA03EE0E36B591551CA,module-sheaf;sheaves,modules-section-quasi-coherent;schemes-section-quasi-coherent-affine;sheaves-section-sheaves,006S;01BD;01I6,D000163,existing_stronger,reviewed_source_image_and_stacks,weil-lemma-poincare-duality,0FIJ,"FAC records the numerical symmetry B_n=B_(2m-n) for an irreducible nonsingular projective variety of dimension m. The Stacks Weil-cohomology lemma proves the underlying perfect duality for every nonempty smooth projective equidimensional scheme under the stated Weil-cohomology axioms, and hence the corresponding dimension symmetry."
fac:II:3,fac:II:3,section,fac:II,components/040_II_3_42_affine_varieties.tex:6,components/040_II_3_42_affine_varieties.tex:6,components/040_II_3_42_affine_varieties.tex:6,B8C6508249308F5D8BC886B9E6360F1EC4FDC8F0F18EFAA03EE0E36B591551CA,affine;coherent;varieties,coherent-section-coherent-sheaves;modules-section-coherent;modules-section-quasi-coherent;schemes-section-quasi-coherent-affine;varieties-section-varieties,01BD;01BU;01I6;01XY;020C,,structural_only,classified,,,Source structure; no independent Stacks object.
fac:II:3:no:42,42,numbered_paragraph,fac:II:3,components/040_II_3_42_affine_varieties.tex:10,components/040_II_3_42_affine_varieties.tex:10,components/040_II_3_42_affine_varieties.tex:10,B8C6508249308F5D8BC886B9E6360F1EC4FDC8F0F18EFAA03EE0E36B591551CA,affine;varieties,modules-section-quasi-coherent;schemes-section-quasi-coherent-affine;varieties-section-varieties,01BD;01I6;020C,D000164,existing_stronger,integrated_historical_and_modern,varieties-definition-variety-type;schemes-definition-affine-scheme;schemes-lemma-fibre-product-affine-schemes;morphisms-lemma-closed-immersion-affine;schemes-lemma-open-subspace-scheme;schemes-lemma-characterize-separated;schemes-lemma-f-open;schemes-lemma-f-open-affine;schemes-lemma-standard-open-affine;algebra-lemma-topology-spec;schemes-lemma-basis-affine-opens;schemes-lemma-good-subcover,04L1;01HW;01I4;01SE;01IK;01KP;01HZ;01I0;01I3;04PM;01IT;01IX,"Stacks supplies scheme-theoretic versions of every construction in FAC no. 42: affine objects, products and closed subobjects, affine opens and principal opens, standard-open bases, affine refinements, and the separatedness criterion governing affine intersections. The modern statements work over arbitrary rings or schemes with their stated hypotheses and retain nonclosed points and scheme structure."
fac:II:3:no:42:def:affine-variety,42,definition,fac:II:3:no:42,components/040_II_3_42_affine_varieties.tex:12,components/040_II_3_42_affine_varieties.tex:12,components/040_II_3_42_affine_varieties.tex:12,B8C6508249308F5D8BC886B9E6360F1EC4FDC8F0F18EFAA03EE0E36B591551CA,affine;varieties,modules-section-quasi-coherent;schemes-section-quasi-coherent-affine;varieties-section-varieties,01BD;01I6;020C,D000165,extend_existing,integrated_historical_and_modern,varieties-definition-variety-type;schemes-definition-affine-scheme;schemes-lemma-fibre-product-affine-schemes;morphisms-lemma-closed-immersion-affine,04L1;01HW;01I4;01SE,"FAC defines an affine classical variety as a closed subvariety of affine space and records closure under products and closed subvarieties. Stacks defines affine schemes intrinsically as spectra, identifies affine varieties with the integral finite-type case, and proves the product and closed-immersion statements without discarding scheme structure; FAC's broader reducible variety convention remains explicit."
fac:II:3:no:42:def:affine-open-subset,42,definition,fac:II:3:no:42,components/040_II_3_42_affine_varieties.tex:15,components/040_II_3_42_affine_varieties.tex:15,components/040_II_3_42_affine_varieties.tex:15,B8C6508249308F5D8BC886B9E6360F1EC4FDC8F0F18EFAA03EE0E36B591551CA,affine;varieties,modules-section-quasi-coherent;schemes-section-quasi-coherent-affine;varieties-section-varieties,01BD;01I6;020C,D000166,existing_stronger,reviewed_source_image_and_stacks,schemes-definition-affine-scheme;schemes-lemma-open-subspace-scheme,01HW;01IK,"FAC equips an open subset with its induced classical-variety structure and calls it affine when that object is affine. Stacks gives every open subspace its canonical open-subscheme structure and uses the same affine-scheme condition, for arbitrary schemes."
fac:II:3:no:42:prop:1,42,proposition,fac:II:3:no:42,components/040_II_3_42_affine_varieties.tex:18,components/040_II_3_42_affine_varieties.tex:18,components/040_II_3_42_affine_varieties.tex:18,B8C6508249308F5D8BC886B9E6360F1EC4FDC8F0F18EFAA03EE0E36B591551CA,affine;ext;varieties,cohomology-section-ext;derived-section-ext;modules-section-quasi-coherent;schemes-section-quasi-coherent-affine;varieties-section-varieties,01BD;01I6;020C;06XP;0BQP,D000167,existing_stronger,integrated_source_and_stacks,schemes-lemma-characterize-separated;schemes-remark-intersection-affine-opens,01KP;01IU,FAC proves affine intersections by the closed diagonal and notes failure without its separatedness axiom. Stacks proves the relative statement for every separated morphism and explicitly records that two affine opens of a general scheme need not have affine intersection.
fac:II:3:no:42:notation:V-f,42,numbered_paragraph,fac:II:3:no:42,components/040_II_3_42_affine_varieties.tex:25,components/040_II_3_42_affine_varieties.tex:25,components/040_II_3_42_affine_varieties.tex:25,B8C6508249308F5D8BC886B9E6360F1EC4FDC8F0F18EFAA03EE0E36B591551CA,affine;varieties,modules-section-quasi-coherent;schemes-section-quasi-coherent-affine;varieties-section-varieties,01BD;01I6;020C,D000168,existing_equivalent,integrated_historical_and_modern,schemes-lemma-f-open;schemes-lemma-f-open-affine,01HZ;01I0,"FAC's V_f is the locus of classical points where a regular function is nonzero. On the associated reduced scheme it is exactly D(f), the open locus where the germ is a unit; for an affine scheme this agrees with the standard open."
fac:II:3:no:42:prop:2,42,proposition,fac:II:3:no:42,components/040_II_3_42_affine_varieties.tex:28,components/040_II_3_42_affine_varieties.tex:28,components/040_II_3_42_affine_varieties.tex:28,B8C6508249308F5D8BC886B9E6360F1EC4FDC8F0F18EFAA03EE0E36B591551CA,affine;ext;varieties,cohomology-section-ext;derived-section-ext;modules-section-quasi-coherent;schemes-section-quasi-coherent-affine;varieties-section-varieties,01BD;01I6;020C;06XP;0BQP,D000169,existing_stronger,integrated_source_and_stacks,schemes-lemma-standard-open-affine;algebra-lemma-standard-open,01I3;00E4,"FAC proves V_f affine by the graph equation lambda f=1 in V times affine one-space. Stacks identifies D(f) with Spec(R_f), proving the assertion over an arbitrary ring and retaining the full scheme structure."
fac:II:3:no:42:prop:3,42,proposition,fac:II:3:no:42,components/040_II_3_42_affine_varieties.tex:33,components/040_II_3_42_affine_varieties.tex:33,components/040_II_3_42_affine_varieties.tex:33,B8C6508249308F5D8BC886B9E6360F1EC4FDC8F0F18EFAA03EE0E36B591551CA,affine;ext;varieties,cohomology-section-ext;derived-section-ext;modules-section-quasi-coherent;schemes-section-quasi-coherent-affine;varieties-section-varieties,01BD;01I6;020C;06XP;0BQP,D000170,existing_stronger,integrated_historical_and_modern,algebra-lemma-topology-spec;algebra-lemma-standard-open,04PM;00E4,"FAC uses polynomials vanishing on a closed set to obtain a basis of principal opens in its complement. The spectrum theorem gives the intrinsic standard-open basis for every ring and includes all prime points, with the classical statement recovered on the reduced finite-type closed-point space."
fac:II:3:no:42:thm:1,42,theorem,fac:II:3:no:42,components/040_II_3_42_affine_varieties.tex:38,components/040_II_3_42_affine_varieties.tex:38,components/040_II_3_42_affine_varieties.tex:38,B8C6508249308F5D8BC886B9E6360F1EC4FDC8F0F18EFAA03EE0E36B591551CA,affine;ext;varieties,cohomology-section-ext;derived-section-ext;modules-section-quasi-coherent;schemes-section-quasi-coherent-affine;varieties-section-varieties,01BD;01I6;020C;06XP;0BQP,D000171,existing_stronger,integrated_source_and_stacks,schemes-lemma-basis-affine-opens;schemes-lemma-open-subspace-scheme,01IT;01IK,"FAC proves that affine opens form a basis by locally embedding a classical variety in affine space. In Stacks this is built into local affineness and holds for every scheme, with standard affine neighbourhoods available inside each open subspace."
fac:II:3:no:42:thm:1:cor,42,theorem,fac:II:3:no:42:thm:1,components/040_II_3_42_affine_varieties.tex:43,components/040_II_3_42_affine_varieties.tex:43,components/040_II_3_42_affine_varieties.tex:43,B8C6508249308F5D8BC886B9E6360F1EC4FDC8F0F18EFAA03EE0E36B591551CA,affine;ext;varieties,cohomology-section-ext;derived-section-ext;modules-section-quasi-coherent;schemes-section-quasi-coherent-affine;varieties-section-varieties,01BD;01I6;020C;06XP;0BQP,D000172,existing_stronger,integrated_historical_and_modern,schemes-lemma-basis-affine-opens;schemes-lemma-good-subcover;schemes-lemma-characterize-separated,01IT;01IX;01KP,"FAC's phrase arbitrarily fine means that every open covering admits an affine refinement. Stacks gives that basis statement for all schemes and a finite standard refinement over an affine member; FAC's additional finite-intersection assertion is recovered under separatedness, not for arbitrary schemes."
fac:II:3:no:43,43,numbered_paragraph,fac:II:3,components/041_II_3_43_preliminary_irreducible_varieties.tex:6,components/041_II_3_43_preliminary_irreducible_varieties.tex:6,components/041_II_3_43_preliminary_irreducible_varieties.tex:6,B8C6508249308F5D8BC886B9E6360F1EC4FDC8F0F18EFAA03EE0E36B591551CA,varieties,varieties-section-varieties,020C,D000173,existing_stronger,integrated_historical_and_modern,schemes-lemma-spec-sheaves;properties-lemma-invert-f-sections;schemes-lemma-basis-affine-opens;modules-lemma-coherent-finite-presentation;modules-lemma-finite-type-surjective-on-stalk,01HV;01P7;01IT;01BW;01B8,"FAC no. 43 proves affine global sections and two power-denominator statements by local affine reduction, Nullstellensatz, finite presentation, and local lifting. Stacks proves the global-section identity for every affine scheme and packages both power statements in localization of global sections of any quasi-coherent module on a quasi-compact quasi-separated scheme."
fac:II:3:no:43:prop:4,43,proposition,fac:II:3:no:43,components/041_II_3_43_preliminary_irreducible_varieties.tex:18,components/041_II_3_43_preliminary_irreducible_varieties.tex:18,components/041_II_3_43_preliminary_irreducible_varieties.tex:18,B8C6508249308F5D8BC886B9E6360F1EC4FDC8F0F18EFAA03EE0E36B591551CA,ext;varieties,cohomology-section-ext;derived-section-ext;varieties-section-varieties,020C;06XP;0BQP,D000174,existing_stronger,integrated_source_and_stacks,schemes-lemma-spec-sheaves,01HV,"FAC proves that the coordinate ring of an irreducible closed classical subvariety over an algebraically closed field is its ring of regular functions, while noting irreducibility is unnecessary. Stacks identifies global sections of Spec(A), and of every associated module, directly for an arbitrary ring; the history records the circular ordering of one printed equality in the FAC proof."
fac:II:3:no:43:prop:5,43,proposition,fac:II:3:no:43,components/041_II_3_43_preliminary_irreducible_varieties.tex:33,components/041_II_3_43_preliminary_irreducible_varieties.tex:33,components/041_II_3_43_preliminary_irreducible_varieties.tex:33,B8C6508249308F5D8BC886B9E6360F1EC4FDC8F0F18EFAA03EE0E36B591551CA,ext;varieties,cohomology-section-ext;derived-section-ext;varieties-section-varieties,020C;06XP;0BQP,D000175,existing_stronger,integrated_source_and_stacks,properties-lemma-invert-f-sections,01P7,"FAC clears a uniform power of Q from a regular function on X_Q using a finite affine cover and Nullstellensatz. Stacks proves Gamma(X,O_X)_Q isomorphic to Gamma(X_Q,O_X) for every quasi-compact quasi-separated scheme, which gives exactly the extension after multiplying by a power and removes irreducibility and finite-type hypotheses."
fac:II:3:no:43:prop:6,43,proposition,fac:II:3:no:43,components/041_II_3_43_preliminary_irreducible_varieties.tex:51,components/041_II_3_43_preliminary_irreducible_varieties.tex:51,components/041_II_3_43_preliminary_irreducible_varieties.tex:51,B8C6508249308F5D8BC886B9E6360F1EC4FDC8F0F18EFAA03EE0E36B591551CA,ext;varieties,cohomology-section-ext;derived-section-ext;varieties-section-varieties,020C;06XP;0BQP,D000176,existing_stronger,integrated_source_and_stacks,properties-lemma-invert-f-sections,01P7,"FAC proves that a global section of a coherent algebraic sheaf vanishing on X_Q is killed by a high power of Q. The kernel statement for localization in the Stacks lemma proves this for every quasi-coherent module on a quasi-compact quasi-separated scheme, so coherence and irreducibility are unnecessary."
fac:II:3:no:43:prop:6:item:a,43,proposition,fac:II:3:no:43:prop:6,components/041_II_3_43_preliminary_irreducible_varieties.tex:57,components/041_II_3_43_preliminary_irreducible_varieties.tex:57,components/041_II_3_43_preliminary_irreducible_varieties.tex:57,B8C6508249308F5D8BC886B9E6360F1EC4FDC8F0F18EFAA03EE0E36B591551CA,varieties,varieties-section-varieties,020C,D000177,existing_stronger,integrated_historical_and_modern,schemes-lemma-basis-affine-opens;schemes-lemma-spec-sheaves,01IT;01HV,"FAC reduces locally to a closed classical subvariety of affine space and then uses a finite affine cover to globalize an exponent. Stacks instead uses the affine-open basis and the intrinsic Spec construction, with quasi-compactness supplying the finite uniformization step."
fac:II:3:no:43:prop:6:item:b,43,proposition,fac:II:3:no:43:prop:6,components/041_II_3_43_preliminary_irreducible_varieties.tex:58,components/041_II_3_43_preliminary_irreducible_varieties.tex:58,components/041_II_3_43_preliminary_irreducible_varieties.tex:58,B8C6508249308F5D8BC886B9E6360F1EC4FDC8F0F18EFAA03EE0E36B591551CA,varieties,varieties-section-varieties,020C,D000178,existing_stronger,integrated_source_and_stacks,modules-lemma-coherent-finite-presentation;modules-definition-finite-presentation;coherent-lemma-coherent-Noetherian,01BW;01BN;01XZ,"FAC locally presents a coherent sheaf as the cokernel of a map between finite free sheaves. Stacks proves every coherent module is of finite presentation and, on the locally Noetherian schemes corresponding to classical varieties, identifies coherence with the required finite-presentation behavior."
fac:II:3:no:43:prop:6:item:c,43,proposition,fac:II:3:no:43:prop:6,components/041_II_3_43_preliminary_irreducible_varieties.tex:59,components/041_II_3_43_preliminary_irreducible_varieties.tex:59,components/041_II_3_43_preliminary_irreducible_varieties.tex:59,B8C6508249308F5D8BC886B9E6360F1EC4FDC8F0F18EFAA03EE0E36B591551CA,varieties,varieties-section-varieties,020C,D000179,existing_stronger,integrated_source_and_stacks,modules-lemma-finite-type-surjective-on-stalk,01B8,FAC shrinks locally so that a section of the cokernel lifts to a section of the finite free source. Stacks proves the relevant local-surjectivity and local-lifting mechanism for finite type target modules on arbitrary ringed spaces.
fac:II:3:no:43:prop:6:proof:denominator-clearing,43,proposition,fac:II:3:no:43:prop:6,components/041_II_3_43_preliminary_irreducible_varieties.tex:73,components/041_II_3_43_preliminary_irreducible_varieties.tex:73,components/041_II_3_43_preliminary_irreducible_varieties.tex:73,B8C6508249308F5D8BC886B9E6360F1EC4FDC8F0F18EFAA03EE0E36B591551CA,varieties,varieties-section-varieties,020C,D000180,existing_stronger,integrated_historical_and_modern,properties-lemma-invert-f-sections,01P7,"FAC clears pointwise denominators, uses Nullstellensatz to place a high power of Q in their ideal, and uses quasi-compactness for a uniform exponent. Stacks packages the same denominator and torsion calculations in the kernel and surjectivity of localization of global sections on a quasi-compact quasi-separated scheme."
fac:II:3:no:44,44,numbered_paragraph,fac:II:3,components/042_II_3_44_vanishing_cohomology_groups.tex:7,components/042_II_3_44_vanishing_cohomology_groups.tex:7,components/042_II_3_44_vanishing_cohomology_groups.tex:7,B8C6508249308F5D8BC886B9E6360F1EC4FDC8F0F18EFAA03EE0E36B591551CA,cohomology;vanishing,coherent-section-vanishing;cohomology-section-cohomology-sheaves;properties-section-ample,01DZ;01PR;01XE,D000181,existing_stronger,integrated_historical_and_modern,coherent-lemma-cech-cohomology-quasi-coherent-trivial;coherent-lemma-quasi-coherent-affine-cohomology-zero;cohomology-lemma-cech-vanish-basis;schemes-lemma-equivalence-quasi-coherent;schemes-lemma-spec-sheaves,01X9;01XB;01EW;01IB;01HV,"FAC no. 44 proves vanishing of higher Cech cohomology for a finite principal-open cover, passes to higher sheaf cohomology, deduces exactness of global sections, and recovers the coordinate ring of an arbitrary closed classical subvariety. Stacks proves each step for arbitrary quasi-coherent modules on affine schemes and records the cofinal-cover passage explicitly."
fac:II:3:no:44:prop:7,44,proposition,fac:II:3:no:44,components/042_II_3_44_vanishing_cohomology_groups.tex:10,components/042_II_3_44_vanishing_cohomology_groups.tex:10,components/042_II_3_44_vanishing_cohomology_groups.tex:10,B8C6508249308F5D8BC886B9E6360F1EC4FDC8F0F18EFAA03EE0E36B591551CA,cohomology;ext;vanishing,coherent-section-vanishing;cohomology-section-cohomology-sheaves;cohomology-section-ext;derived-section-ext;properties-section-ample,01DZ;01PR;01XE;06XP;0BQP,D000182,existing_stronger,integrated_source_and_stacks,coherent-lemma-cech-cohomology-quasi-coherent-trivial,01X9,FAC constructs an explicit contracting cochain after clearing powers of the covering functions for a coherent subsheaf of O_X^p on an irreducible affine classical variety. Stacks proves higher Cech cohomology zero for every quasi-coherent module and every finite standard-open cover of any affine scheme; its alternating homotopy also exposes the printed q-versus-j sign defect.
fac:II:3:no:44:prop:7:cor:1,44,proposition,fac:II:3:no:44:prop:7,components/042_II_3_44_vanishing_cohomology_groups.tex:77,components/042_II_3_44_vanishing_cohomology_groups.tex:77,components/042_II_3_44_vanishing_cohomology_groups.tex:77,B8C6508249308F5D8BC886B9E6360F1EC4FDC8F0F18EFAA03EE0E36B591551CA,cohomology;ext;vanishing,coherent-section-vanishing;cohomology-section-cohomology-sheaves;cohomology-section-ext;derived-section-ext;properties-section-ample,01DZ;01PR;01XE;06XP;0BQP,D000183,existing_stronger,integrated_source_and_stacks,coherent-lemma-quasi-coherent-affine-cohomology-zero;cohomology-lemma-cech-vanish-basis,01XB;01EW,"FAC uses the cofinality of its principal-open covers to pass from Proposition 7 to H^q(X,F)=0. Stacks makes this Cech-to-derived-cohomology passage explicit and proves affine vanishing for every quasi-coherent module without irreducibility or coherence assumptions."
fac:II:3:no:44:prop:7:cor:2,44,proposition,fac:II:3:no:44:prop:7,components/042_II_3_44_vanishing_cohomology_groups.tex:82,components/042_II_3_44_vanishing_cohomology_groups.tex:82,components/042_II_3_44_vanishing_cohomology_groups.tex:82,B8C6508249308F5D8BC886B9E6360F1EC4FDC8F0F18EFAA03EE0E36B591551CA,cohomology;ext;vanishing,coherent-section-vanishing;cohomology-section-cohomology-sheaves;cohomology-section-ext;derived-section-ext;properties-section-ample,01DZ;01PR;01XE;06XP;0BQP,D000184,existing_stronger,integrated_source_and_stacks,schemes-lemma-equivalence-quasi-coherent;schemes-lemma-kernel-cokernel-quasi-coherent;coherent-lemma-quasi-coherent-affine-cohomology-zero,01IB;01IC;01XB,"FAC derives surjectivity of Gamma(O_X^p) to Gamma(O_X^p/F) from H^1(X,F)=0. On an affine scheme Stacks identifies quasi-coherent sheaves with modules, preserves kernels and cokernels, and hence gives exactness of global sections for all quasi-coherent short exact sequences."
fac:II:3:no:44:prop:7:cor:3,44,proposition,fac:II:3:no:44:prop:7,components/042_II_3_44_vanishing_cohomology_groups.tex:93,components/042_II_3_44_vanishing_cohomology_groups.tex:93,components/042_II_3_44_vanishing_cohomology_groups.tex:93,B8C6508249308F5D8BC886B9E6360F1EC4FDC8F0F18EFAA03EE0E36B591551CA,cohomology;ext;vanishing,coherent-section-vanishing;cohomology-section-cohomology-sheaves;cohomology-section-ext;derived-section-ext;properties-section-ample,01DZ;01PR;01XE;06XP;0BQP,D000185,existing_stronger,integrated_source_and_stacks,schemes-lemma-spec-sheaves;schemes-lemma-equivalence-quasi-coherent,01HV;01IB,"FAC applies Corollary 2 on affine space to prove that every regular function on an arbitrary closed classical subvariety comes from its coordinate ring. Stacks identifies Gamma(Spec(A),O) with A directly for every ring, including reducible and nonreduced affine schemes."
fac:II:3:no:45,45,numbered_paragraph,fac:II:3,components/043_II_3_45_global_sections_affine_variety.tex:6,components/043_II_3_45_global_sections_affine_variety.tex:6,components/043_II_3_45_global_sections_affine_variety.tex:6,B8C6508249308F5D8BC886B9E6360F1EC4FDC8F0F18EFAA03EE0E36B591551CA,affine;coherent;sheaves;varieties,coherent-section-coherent-sheaves;modules-section-coherent;modules-section-quasi-coherent;schemes-section-quasi-coherent-affine;sheaves-section-sheaves;varieties-section-varieties,006S;01BD;01BU;01I6;01XY;020C,D000186,existing_stronger,integrated_historical_and_modern,schemes-lemma-quasi-coherent-affine;properties-lemma-invert-f-sections;properties-lemma-finite-type-module;schemes-lemma-equivalence-quasi-coherent,01IA;01P7;01PB;01IB,"FAC no. 45 proves stalkwise generation by global sections, extension from a principal open after multiplying by a power, finite global generation for coherent sheaves, and exactness of global sections. Stacks obtains all four conclusions from the affine quasi-coherent module correspondence and localization, under weaker hypotheses and without the classical irreducibility reduction."
fac:II:3:no:45:thm:2,45,theorem,fac:II:3:no:45,components/043_II_3_45_global_sections_affine_variety.tex:9,components/043_II_3_45_global_sections_affine_variety.tex:9,components/043_II_3_45_global_sections_affine_variety.tex:9,B8C6508249308F5D8BC886B9E6360F1EC4FDC8F0F18EFAA03EE0E36B591551CA,affine;ext;varieties,cohomology-section-ext;derived-section-ext;modules-section-quasi-coherent;schemes-section-quasi-coherent-affine;varieties-section-varieties,01BD;01I6;020C;06XP;0BQP,D000187,existing_stronger,integrated_source_and_stacks,schemes-lemma-quasi-coherent-affine;modules-lemma-globally-generated,01IA;01AN,"FAC proves that global sections generate every stalk of a coherent algebraic sheaf on an affine classical variety. Stacks identifies every quasi-coherent module on an arbitrary affine scheme with the sheaf associated to its global-section module, whose localizations are generated by the images of those global sections; coherence, irreducibility, reducedness, and finite type are unnecessary."
fac:II:3:no:45:lemma:1,45,lemma,fac:II:3:no:45,components/043_II_3_45_global_sections_affine_variety.tex:22,components/043_II_3_45_global_sections_affine_variety.tex:22,components/043_II_3_45_global_sections_affine_variety.tex:22,B8C6508249308F5D8BC886B9E6360F1EC4FDC8F0F18EFAA03EE0E36B591551CA,affine;ext;varieties,cohomology-section-ext;derived-section-ext;modules-section-quasi-coherent;schemes-section-quasi-coherent-affine;varieties-section-varieties,01BD;01I6;020C;06XP;0BQP,D000188,existing_stronger,integrated_source_and_stacks,properties-lemma-invert-f-sections,01P7,"FAC patches across a finite principal-open cover to show that a section over X_Q becomes the restriction of a global section after multiplication by Q to a high power. Stacks proves directly that Gamma(X,F)_Q maps isomorphically to Gamma(X_Q,F) for every quasi-coherent module on a quasi-compact quasi-separated scheme."
fac:II:3:no:45:thm:2:cor:1,45,theorem,fac:II:3:no:45:thm:2,components/043_II_3_45_global_sections_affine_variety.tex:56,components/043_II_3_45_global_sections_affine_variety.tex:56,components/043_II_3_45_global_sections_affine_variety.tex:56,B8C6508249308F5D8BC886B9E6360F1EC4FDC8F0F18EFAA03EE0E36B591551CA,affine;ext;varieties,cohomology-section-ext;derived-section-ext;modules-section-quasi-coherent;schemes-section-quasi-coherent-affine;varieties-section-varieties,01BD;01I6;020C;06XP;0BQP,D000189,existing_stronger,integrated_source_and_stacks,properties-lemma-finite-type-module;schemes-lemma-quasi-coherent-affine;modules-lemma-globally-generated,01PB;01IA;01AN,"FAC uses finite stalk generators and quasi-compactness to obtain a surjection O_X^p to a coherent sheaf on an affine classical variety. Stacks identifies a finite type quasi-coherent sheaf on an affine scheme with a finite module; any finite generating set of that module sheafifies to the required finite free surjection, without irreducibility or reducedness assumptions."
fac:II:3:no:45:thm:2:cor:2,45,theorem,fac:II:3:no:45:thm:2,components/043_II_3_45_global_sections_affine_variety.tex:65,components/043_II_3_45_global_sections_affine_variety.tex:65,components/043_II_3_45_global_sections_affine_variety.tex:65,B8C6508249308F5D8BC886B9E6360F1EC4FDC8F0F18EFAA03EE0E36B591551CA,affine;ext;varieties,cohomology-section-ext;derived-section-ext;modules-section-quasi-coherent;schemes-section-quasi-coherent-affine;varieties-section-varieties,01BD;01I6;020C;06XP;0BQP,D000190,existing_stronger,integrated_source_and_stacks,schemes-lemma-equivalence-quasi-coherent;schemes-lemma-kernel-cokernel-quasi-coherent,01IB;01IC,"FAC proves exactness of global sections for a sequence of coherent algebraic sheaves on an affine variety by resolving the image with a finite free sheaf. Stacks makes global sections part of an exact equivalence between quasi-coherent modules on an affine scheme and modules over its coordinate ring, and preserves the relevant kernels and images; coherence is unnecessary."
fac:II:3:no:46,46,numbered_paragraph,fac:II:3,components/044_II_3_46_affine_cohomology_coherent_sheaf.tex:6,components/044_II_3_46_affine_cohomology_coherent_sheaf.tex:6,components/044_II_3_46_affine_cohomology_coherent_sheaf.tex:6,B8C6508249308F5D8BC886B9E6360F1EC4FDC8F0F18EFAA03EE0E36B591551CA,affine;coherent;cohomology;sheaves;varieties,coherent-section-coherent-sheaves;cohomology-section-cohomology-sheaves;modules-section-coherent;modules-section-quasi-coherent;schemes-section-quasi-coherent-affine;sheaves-section-sheaves;varieties-section-varieties,006S;01BD;01BU;01DZ;01I6;01XY;020C,D000191,existing_stronger,integrated_historical_and_modern,coherent-lemma-cech-cohomology-quasi-coherent-trivial;coherent-lemma-quasi-coherent-affine-cohomology-zero;cohomology-lemma-ses-cech-h1,01X9;01XB;01EU,"FAC no. 46 extends principal-cover Cech vanishing from an irreducible finite-free-subsheaf case to arbitrary coherent sheaves on affine classical varieties, then derives affine sheaf-cohomology vanishing and a global-section lifting result. Stacks proves the Cech and sheaf-cohomology statements for every quasi-coherent module on any affine scheme and isolates the lifting obstruction for arbitrary short exact sequences."
fac:II:3:no:46:thm:3,46,theorem,fac:II:3:no:46,components/044_II_3_46_affine_cohomology_coherent_sheaf.tex:10,components/044_II_3_46_affine_cohomology_coherent_sheaf.tex:10,components/044_II_3_46_affine_cohomology_coherent_sheaf.tex:10,B8C6508249308F5D8BC886B9E6360F1EC4FDC8F0F18EFAA03EE0E36B591551CA,affine;coherent;cohomology;ext;sheaves,coherent-section-coherent-sheaves;cohomology-section-cohomology-sheaves;cohomology-section-ext;derived-section-ext;modules-section-coherent;modules-section-quasi-coherent;schemes-section-quasi-coherent-affine;sheaves-section-sheaves,006S;01BD;01BU;01DZ;01I6;01XY;06XP;0BQP,D000192,existing_stronger,integrated_source_and_stacks,coherent-lemma-cech-cohomology-quasi-coherent-trivial,01X9,"FAC proves positive-degree Cech vanishing for a coherent algebraic sheaf and a finite principal-open cover of an arbitrary affine classical variety, first resolving the irreducible case by a finite free sheaf and then using a closed embedding for the general case. Stacks proves the same result directly for every quasi-coherent module and every finite standard-open cover of an arbitrary affine scheme."
fac:II:3:no:46:thm:3:cor:1,46,theorem,fac:II:3:no:46:thm:3,components/044_II_3_46_affine_cohomology_coherent_sheaf.tex:56,components/044_II_3_46_affine_cohomology_coherent_sheaf.tex:56,components/044_II_3_46_affine_cohomology_coherent_sheaf.tex:56,B8C6508249308F5D8BC886B9E6360F1EC4FDC8F0F18EFAA03EE0E36B591551CA,affine;coherent;cohomology;ext;sheaves,coherent-section-coherent-sheaves;cohomology-section-cohomology-sheaves;cohomology-section-ext;derived-section-ext;modules-section-coherent;modules-section-quasi-coherent;schemes-section-quasi-coherent-affine;sheaves-section-sheaves,006S;01BD;01BU;01DZ;01I6;01XY;06XP;0BQP,D000193,existing_stronger,integrated_source_and_stacks,coherent-lemma-quasi-coherent-affine-cohomology-zero;cohomology-lemma-cech-vanish-basis,01XB;01EW,"FAC passes from its cofinal family of finite principal-open coverings to vanishing of higher sheaf cohomology for coherent algebraic sheaves on affine varieties. Stacks verifies the basis and cofinality conditions explicitly and proves affine vanishing for all quasi-coherent modules without classical irreducibility, reducedness, or finite-type hypotheses."
fac:II:3:no:46:thm:3:cor:2,46,theorem,fac:II:3:no:46:thm:3,components/044_II_3_46_affine_cohomology_coherent_sheaf.tex:65,components/044_II_3_46_affine_cohomology_coherent_sheaf.tex:65,components/044_II_3_46_affine_cohomology_coherent_sheaf.tex:65,B8C6508249308F5D8BC886B9E6360F1EC4FDC8F0F18EFAA03EE0E36B591551CA,affine;coherent;cohomology;ext;sheaves,coherent-section-coherent-sheaves;cohomology-section-cohomology-sheaves;cohomology-section-ext;derived-section-ext;modules-section-coherent;modules-section-quasi-coherent;schemes-section-quasi-coherent-affine;sheaves-section-sheaves,006S;01BD;01BU;01DZ;01I6;01XY;06XP;0BQP,D000194,existing_stronger,integrated_source_and_stacks,cohomology-lemma-ses-cech-h1;coherent-lemma-quasi-coherent-affine-cohomology-zero,01EU;01XB,"FAC uses H^1(X,A)=0 to show that global sections of B surject onto those of C in a short exact sequence whose kernel A is coherent on an affine variety; it imposes no coherence hypothesis on B or C. Stacks isolates the same Cech H^1 obstruction for arbitrary sheaves on a ringed space, while affine quasi-coherent vanishing supplies the required kernel condition."
fac:II:3:no:47,47,numbered_paragraph,fac:II:3,components/045_II_3_47_affine_open_coverings.tex:9,components/045_II_3_47_affine_open_coverings.tex:9,components/045_II_3_47_affine_open_coverings.tex:9,B8C6508249308F5D8BC886B9E6360F1EC4FDC8F0F18EFAA03EE0E36B591551CA,affine;cech;cohomology;varieties,cohomology-section-cech;cohomology-section-cech-cohomology-cohomology;cohomology-section-cohomology-sheaves;modules-section-quasi-coherent;schemes-section-quasi-coherent-affine;varieties-section-varieties,01BD;01DZ;01ED;01EO;01I6;020C,D000195,extend_existing,integrated_historical_and_modern,coherent-lemma-affine-diagonal;coherent-lemma-cech-cohomology-quasi-coherent;coherent-lemma-quasi-coherent-affine-cohomology-zero;cohomology-remark-FAC-cech-low-degree-exact-sequence;derived-lemma-higher-derived-functors,0BDX;01XD;01XB;015B,"FAC no. 47 proves Cech vanishing and Cech-to-sheaf-cohomology comparison for finite affine-open covers, then uses kernel-coherent lifting to identify its auxiliary image complex and obtain a long exact sequence. Stacks already has the stronger affine-intersection comparison and derived-functor long exact sequence; the integration extends the historical image-complex record without creating a competing cohomology theory."
fac:II:3:prop:8,fac:II:3:prop:8,proposition,fac:II:3,components/045_II_3_47_affine_open_coverings.tex:12,components/045_II_3_47_affine_open_coverings.tex:12,components/045_II_3_47_affine_open_coverings.tex:12,B8C6508249308F5D8BC886B9E6360F1EC4FDC8F0F18EFAA03EE0E36B591551CA,affine;cech;cohomology;ext,cohomology-section-cech;cohomology-section-cech-cohomology-cohomology;cohomology-section-cohomology-sheaves;cohomology-section-ext;derived-section-ext;modules-section-quasi-coherent;schemes-section-quasi-coherent-affine,01BD;01DZ;01ED;01EO;01I6;06XP;0BQP,D000196,existing_stronger,integrated_source_and_stacks,coherent-lemma-affine-diagonal;coherent-lemma-cech-cohomology-quasi-coherent;coherent-lemma-quasi-coherent-affine-cohomology-zero,0BDX;01XD;01XB,"FAC refines a finite affine-open cover of an affine classical variety by principal opens and proves positive-degree Cech vanishing. Stacks uses affineness of all finite intersections to identify Cech cohomology with sheaf cohomology, then applies affine vanishing; the result holds for any quasi-coherent module and does not require a finite cover."
fac:II:3:thm:4,fac:II:3:thm:4,theorem,fac:II:3,components/045_II_3_47_affine_open_coverings.tex:32,components/045_II_3_47_affine_open_coverings.tex:32,components/045_II_3_47_affine_open_coverings.tex:32,B8C6508249308F5D8BC886B9E6360F1EC4FDC8F0F18EFAA03EE0E36B591551CA,affine;cech;cohomology;ext,cohomology-section-cech;cohomology-section-cech-cohomology-cohomology;cohomology-section-cohomology-sheaves;cohomology-section-ext;derived-section-ext;modules-section-quasi-coherent;schemes-section-quasi-coherent-affine,01BD;01DZ;01ED;01EO;01I6;06XP;0BQP,D000197,existing_stronger,integrated_source_and_stacks,coherent-lemma-affine-diagonal;coherent-lemma-cech-cohomology-quasi-coherent;cohomology-lemma-cech-spectral-sequence-application,0BDX;01XD;01ET,"FAC proves that a finite affine-open cover of a classical algebraic variety computes cohomology of a coherent algebraic sheaf by its cofinal-refinement criterion. Stacks obtains the same comparison from the Cech spectral sequence whenever every finite intersection is affine, including any affine cover of a separated scheme, and needs only quasi-coherence."
fac:II:3:thm:5,fac:II:3:thm:5,theorem,fac:II:3,components/045_II_3_47_affine_open_coverings.tex:50,components/045_II_3_47_affine_open_coverings.tex:50,components/045_II_3_47_affine_open_coverings.tex:50,B8C6508249308F5D8BC886B9E6360F1EC4FDC8F0F18EFAA03EE0E36B591551CA,affine;cech;cohomology;ext,cohomology-section-cech;cohomology-section-cech-cohomology-cohomology;cohomology-section-cohomology-sheaves;cohomology-section-ext;derived-section-ext;modules-section-quasi-coherent;schemes-section-quasi-coherent-affine,01BD;01DZ;01ED;01EO;01I6;06XP;0BQP,D000198,historical_reference,integrated_historical_and_modern,cohomology-remark-FAC-cech-low-degree-exact-sequence;cohomology-lemma-ses-cech-h1,01EU,"FAC proves that its source-specific image subcomplex C_0 equals the ordinary Cech complex for the quotient sheaf on a finite affine-open cover because the coherent kernel has vanishing H^1 on every affine intersection. The existing Stacks historical remark now records this all-degree specialization, while the modern Cech lifting lemma supplies the exact sectionwise mechanism."
fac:II:3:thm:5:cor:1,fac:II:3:thm:5:cor:1,theorem,fac:II:3:thm:5,components/045_II_3_47_affine_open_coverings.tex:66,components/045_II_3_47_affine_open_coverings.tex:66,components/045_II_3_47_affine_open_coverings.tex:66,B8C6508249308F5D8BC886B9E6360F1EC4FDC8F0F18EFAA03EE0E36B591551CA,affine;cech;cohomology;ext,cohomology-section-cech;cohomology-section-cech-cohomology-cohomology;cohomology-section-cohomology-sheaves;cohomology-section-ext;derived-section-ext;modules-section-quasi-coherent;schemes-section-quasi-coherent-affine,01BD;01DZ;01ED;01EO;01I6;06XP;0BQP,D000199,historical_reference,integrated_historical_and_modern,cohomology-remark-FAC-cech-low-degree-exact-sequence;cohomology-lemma-cech-cofinal-refinements,,"FAC passes the fixed-cover image-complex comparison to the refinement colimit and identifies H_0^q(X,C) with its Cech cohomology. This auxiliary construction is preserved in the historical remark and cofinal-refinement record but is not introduced as a separate modern invariant."
fac:II:3:thm:5:cor:2,fac:II:3:thm:5:cor:2,theorem,fac:II:3:thm:5,components/045_II_3_47_affine_open_coverings.tex:75,components/045_II_3_47_affine_open_coverings.tex:75,components/045_II_3_47_affine_open_coverings.tex:75,B8C6508249308F5D8BC886B9E6360F1EC4FDC8F0F18EFAA03EE0E36B591551CA,affine;cech;cohomology;ext,cohomology-section-cech;cohomology-section-cech-cohomology-cohomology;cohomology-section-cohomology-sheaves;cohomology-section-ext;derived-section-ext;modules-section-quasi-coherent;schemes-section-quasi-coherent-affine,01BD;01DZ;01ED;01EO;01I6;06XP;0BQP,D000200,existing_stronger,integrated_source_and_stacks,cohomology-remark-FAC-cech-low-degree-exact-sequence;derived-lemma-higher-derived-functors,015B,"FAC obtains the long exact sequence by combining its image-complex exact sequence with the preceding all-degree comparison under a coherent-kernel hypothesis. Modern derived-functor cohomology supplies the long exact sequence for every short exact sequence of sheaves, with no affineness or coherence restriction."
fac:II:4,fac:II:4,section,fac:II,components/046_II_4_48_sheaf_associated_to_module.tex:6,components/046_II_4_48_sheaf_associated_to_module.tex:6,components/046_II_4_48_sheaf_associated_to_module.tex:6,B8C6508249308F5D8BC886B9E6360F1EC4FDC8F0F18EFAA03EE0E36B591551CA,coherent;module-sheaf;sheaves,coherent-section-coherent-sheaves;modules-section-coherent;modules-section-quasi-coherent;schemes-section-quasi-coherent-affine;sheaves-section-sheaves,006S;01BD;01BU;01I6;01XY,,structural_only,classified,,,Source structure; no independent Stacks object.
fac:II:4:no:48,48,numbered_paragraph,fac:II:4,components/046_II_4_48_sheaf_associated_to_module.tex:9,components/046_II_4_48_sheaf_associated_to_module.tex:9,components/046_II_4_48_sheaf_associated_to_module.tex:9,B8C6508249308F5D8BC886B9E6360F1EC4FDC8F0F18EFAA03EE0E36B591551CA,module-sheaf;sheaves,modules-section-quasi-coherent;schemes-section-quasi-coherent-affine;sheaves-section-sheaves,006S;01BD;01I6,D000201,extend_existing,integrated_historical_and_modern,schemes-lemma-category-affine-schemes;modules-lemma-construct-quasi-coherent-sheaves;schemes-lemma-spec-sheaves;algebra-proposition-localization-exact;coherent-lemma-coherent-Noetherian,01I2;01BH;01HV;00CS;01XZ,"FAC no. 48 identifies classical affine varieties through reduced finite-type coordinate algebras, constructs the associated sheaf of a module, proves localization and sheafification exactness, detects the original module, and proves coherence for finite modules. Stacks contains stronger all-ring and locally Noetherian versions; the integration adds exact classical provenance and proof boundaries to those existing results."
fac:II:4:no:48:def:coordinate-ring,48,definition,fac:II:4:no:48,components/046_II_4_48_sheaf_associated_to_module.tex:12,components/046_II_4_48_sheaf_associated_to_module.tex:12,components/046_II_4_48_sheaf_associated_to_module.tex:12,B8C6508249308F5D8BC886B9E6360F1EC4FDC8F0F18EFAA03EE0E36B591551CA,module-sheaf;sheaves,modules-section-quasi-coherent;schemes-section-quasi-coherent-affine;sheaves-section-sheaves,006S;01BD;01I6,D000202,existing_stronger,integrated_source_and_stacks,schemes-lemma-category-affine-schemes;schemes-lemma-spec-sheaves;varieties-definition-variety-type,01I2;01HV;04L1,"FAC identifies a classical affine variety over the fixed algebraically closed field with the character space of its reduced finitely generated coordinate algebra. Stacks recovers every affine scheme from the full prime spectrum of an arbitrary ring, retains nilpotents, and records the contravariant equivalence; the source convention also permits reducible varieties."
fac:II:4:no:48:construction:A-M,48,numbered_paragraph,fac:II:4:no:48,components/046_II_4_48_sheaf_associated_to_module.tex:27,components/046_II_4_48_sheaf_associated_to_module.tex:27,components/046_II_4_48_sheaf_associated_to_module.tex:27,B8C6508249308F5D8BC886B9E6360F1EC4FDC8F0F18EFAA03EE0E36B591551CA,module-sheaf;sheaves,modules-section-quasi-coherent;schemes-section-quasi-coherent-affine;sheaves-section-sheaves,006S;01BD;01I6,D000203,existing_stronger,integrated_source_and_stacks,modules-lemma-construct-quasi-coherent-sheaves;modules-definition-sheaf-associated;schemes-lemma-compare-constructions,01BH;01BI;01I7,"FAC forms O tensor_A M from constant sheaves and obtains a covariant associated-sheaf functor on a classical affine variety. Stacks makes sheafification and pullback explicit on every ringed space, proves the resulting module quasi-coherent, and identifies it with the usual tilde construction on an affine scheme."
fac:II:4:prop:1,fac:II:4:prop:1,proposition,fac:II:4,components/046_II_4_48_sheaf_associated_to_module.tex:43,components/046_II_4_48_sheaf_associated_to_module.tex:43,components/046_II_4_48_sheaf_associated_to_module.tex:43,B8C6508249308F5D8BC886B9E6360F1EC4FDC8F0F18EFAA03EE0E36B591551CA,ext;module-sheaf;sheaves,cohomology-section-ext;derived-section-ext;modules-section-quasi-coherent;schemes-section-quasi-coherent-affine;sheaves-section-sheaves,006S;01BD;01I6;06XP;0BQP,D000204,existing_stronger,integrated_source_and_stacks,schemes-lemma-spec-sheaves;algebra-proposition-localization-exact,01HV;00CS,"FAC proves exactness of its associated-sheaf functor by identifying each classical stalk with a localization of the coordinate ring. Stacks proves exactness of M maps to tilde M for every ring and every prime stalk, with localization exactness providing the algebraic mechanism."
fac:II:4:lemma:1,fac:II:4:lemma:1,lemma,fac:II:4,components/046_II_4_48_sheaf_associated_to_module.tex:63,components/046_II_4_48_sheaf_associated_to_module.tex:63,components/046_II_4_48_sheaf_associated_to_module.tex:63,B8C6508249308F5D8BC886B9E6360F1EC4FDC8F0F18EFAA03EE0E36B591551CA,ext;module-sheaf;sheaves,cohomology-section-ext;derived-section-ext;modules-section-quasi-coherent;schemes-section-quasi-coherent-affine;sheaves-section-sheaves,006S;01BD;01I6;06XP;0BQP,D000205,existing_stronger,integrated_source_and_stacks,algebra-proposition-localization-exact;algebra-definition-localization-module,00CS;07JZ,"FAC constructs module fractions, identifies A_S tensor_A M with M_S, and proves exactness for a multiplicative set excluding zero. Stacks gives the same fraction proof for arbitrary multiplicative subsets, including the zero-ring localization when zero belongs to the set."
fac:II:4:prop:2,fac:II:4:prop:2,proposition,fac:II:4,components/046_II_4_48_sheaf_associated_to_module.tex:91,components/046_II_4_48_sheaf_associated_to_module.tex:91,components/046_II_4_48_sheaf_associated_to_module.tex:91,B8C6508249308F5D8BC886B9E6360F1EC4FDC8F0F18EFAA03EE0E36B591551CA,ext;module-sheaf;sheaves,cohomology-section-ext;derived-section-ext;modules-section-quasi-coherent;schemes-section-quasi-coherent-affine;sheaves-section-sheaves,006S;01BD;01I6;06XP;0BQP,D000206,existing_stronger,integrated_source_and_stacks,schemes-lemma-spec-sheaves;schemes-lemma-equivalence-quasi-coherent,01HV;01IB,"FAC detects M from vanishing of its associated sheaf by testing classical closed-point stalks and using the maximal ideals of its finite-type coordinate ring. Stacks has the stronger identity Gamma(Spec(A),tilde M)=M and an equivalence with quasi-coherent modules for every ring."
fac:II:4:prop:3,fac:II:4:prop:3,proposition,fac:II:4,components/046_II_4_48_sheaf_associated_to_module.tex:101,components/046_II_4_48_sheaf_associated_to_module.tex:101,components/046_II_4_48_sheaf_associated_to_module.tex:101,B8C6508249308F5D8BC886B9E6360F1EC4FDC8F0F18EFAA03EE0E36B591551CA,ext;module-sheaf;sheaves,cohomology-section-ext;derived-section-ext;modules-section-quasi-coherent;schemes-section-quasi-coherent-affine;sheaves-section-sheaves,006S;01BD;01I6;06XP;0BQP,D000207,existing_stronger,integrated_source_and_stacks,coherent-lemma-coherent-Noetherian;modules-lemma-finite-presentation-quasi-coherent,01XZ;01BO,FAC uses Noetherianity of the finite-type coordinate algebra to present a finite module by finite free modules and concludes that its associated sheaf is coherent. Stacks characterizes coherent modules on every locally Noetherian scheme and isolates the necessary finite-presentation condition.
fac:II:4:no:49,49,numbered_paragraph,fac:II:4,components/047_II_4_49_module_associated_to_sheaf.tex:7,components/047_II_4_49_module_associated_to_sheaf.tex:7,components/047_II_4_49_module_associated_to_sheaf.tex:7,B8C6508249308F5D8BC886B9E6360F1EC4FDC8F0F18EFAA03EE0E36B591551CA,module-sheaf;sheaves,modules-section-quasi-coherent;schemes-section-quasi-coherent-affine;sheaves-section-sheaves,006S;01BD;01I6,D000208,extend_existing,integrated_historical_and_modern,schemes-lemma-equivalence-quasi-coherent;schemes-lemma-spec-sheaves;properties-lemma-finite-type-module;coherent-proposition-coherent-modules-on-proj,01IB;01HV;01PB;0BXD,"FAC no. 49 constructs the global-section module, proves that associated sheaf and global sections are quasi-inverse on finite modules and coherent sheaves over a classical affine variety, and warns that projective space requires a modified correspondence. Stacks contains the unrestricted affine equivalence and the precise graded quotient for projective space; the integration records the finite-free proof and forward-looking boundary."
fac:II:4:no:49:def:global-sections-module,49,definition,fac:II:4:no:49,components/047_II_4_49_module_associated_to_sheaf.tex:9,components/047_II_4_49_module_associated_to_sheaf.tex:9,components/047_II_4_49_module_associated_to_sheaf.tex:9,B8C6508249308F5D8BC886B9E6360F1EC4FDC8F0F18EFAA03EE0E36B591551CA,module-sheaf;sheaves,modules-section-quasi-coherent;schemes-section-quasi-coherent-affine;sheaves-section-sheaves,006S;01BD;01I6,D000209,existing_stronger,integrated_source_and_stacks,schemes-lemma-equivalence-quasi-coherent;properties-lemma-finite-type-module,01IB;01PB,"FAC makes global sections a covariant module functor, proves its exactness on coherent sheaves over a classical affine variety by no. 45, and shows the module is finite. Stacks identifies global sections as one side of an exact equivalence on all quasi-coherent modules over any affine scheme and separately characterizes finite type."
fac:II:4:thm:1,fac:II:4:thm:1,theorem,fac:II:4,components/047_II_4_49_module_associated_to_sheaf.tex:34,components/047_II_4_49_module_associated_to_sheaf.tex:34,components/047_II_4_49_module_associated_to_sheaf.tex:34,B8C6508249308F5D8BC886B9E6360F1EC4FDC8F0F18EFAA03EE0E36B591551CA,ext;module-sheaf;sheaves,cohomology-section-ext;derived-section-ext;modules-section-quasi-coherent;schemes-section-quasi-coherent-affine;sheaves-section-sheaves,006S;01BD;01I6;06XP;0BQP,D000210,existing_stronger,integrated_source_and_stacks,schemes-lemma-equivalence-quasi-coherent,01IB,FAC states that associated sheaf and global sections are inverse on the finite-module and coherent-sheaf subcategories of a classical affine variety. Stacks gives natural quasi-inverse equivalences between every module over an arbitrary ring and every quasi-coherent module on its affine spectrum.
fac:II:4:thm:1:a,fac:II:4:thm:1:a,theorem,fac:II:4:thm:1,components/047_II_4_49_module_associated_to_sheaf.tex:36,components/047_II_4_49_module_associated_to_sheaf.tex:36,components/047_II_4_49_module_associated_to_sheaf.tex:36,B8C6508249308F5D8BC886B9E6360F1EC4FDC8F0F18EFAA03EE0E36B591551CA,module-sheaf;sheaves,modules-section-quasi-coherent;schemes-section-quasi-coherent-affine;sheaves-section-sheaves,006S;01BD;01I6,D000211,existing_stronger,integrated_source_and_stacks,schemes-lemma-spec-sheaves;schemes-lemma-equivalence-quasi-coherent,01HV;01IB,"FAC proves Gamma(A(M)) is canonically M for finite modules. Stacks proves Gamma(Spec(R),tilde M)=M functorially for every module over every ring, without finite generation, reducedness, or finite-type hypotheses."
fac:II:4:thm:1:b,fac:II:4:thm:1:b,theorem,fac:II:4:thm:1,components/047_II_4_49_module_associated_to_sheaf.tex:40,components/047_II_4_49_module_associated_to_sheaf.tex:40,components/047_II_4_49_module_associated_to_sheaf.tex:40,B8C6508249308F5D8BC886B9E6360F1EC4FDC8F0F18EFAA03EE0E36B591551CA,module-sheaf;sheaves,modules-section-quasi-coherent;schemes-section-quasi-coherent-affine;sheaves-section-sheaves,006S;01BD;01I6,D000212,existing_stronger,integrated_source_and_stacks,schemes-lemma-quasi-coherent-affine;schemes-lemma-equivalence-quasi-coherent,01IA;01IB,"FAC proves that the sheaf associated to the global sections of a coherent algebraic sheaf is canonically the original sheaf. Stacks proves the counit isomorphism for every quasi-coherent module on an arbitrary affine scheme, without coherence or Noetherianity."
fac:II:4:thm:1:a:proof,fac:II:4:thm:1:a:proof,theorem,fac:II:4:thm:1:a,components/047_II_4_49_module_associated_to_sheaf.tex:45,components/047_II_4_49_module_associated_to_sheaf.tex:45,components/047_II_4_49_module_associated_to_sheaf.tex:45,B8C6508249308F5D8BC886B9E6360F1EC4FDC8F0F18EFAA03EE0E36B591551CA,module-sheaf;sheaves,modules-section-quasi-coherent;schemes-section-quasi-coherent-affine;sheaves-section-sheaves,006S;01BD;01I6,D000213,historical_reference,integrated_historical_and_modern,schemes-lemma-spec-sheaves;schemes-lemma-equivalence-quasi-coherent,01HV;01IB,FAC proves the unit isomorphism first for finite free modules and then for finite modules using a two-row finite-free presentation diagram plus exactness of both associated sheaf and affine global sections. Stacks records the stronger global-section identity directly; the finite-presentation diagram is retained as proof lineage rather than duplicated.
fac:II:4:diagram:1,fac:II:4:diagram:1,diagram,fac:II:4,components/047_II_4_49_module_associated_to_sheaf.tex:72,components/047_II_4_49_module_associated_to_sheaf.tex:72,components/047_II_4_49_module_associated_to_sheaf.tex:72,B8C6508249308F5D8BC886B9E6360F1EC4FDC8F0F18EFAA03EE0E36B591551CA,module-sheaf;sheaves,modules-section-quasi-coherent;schemes-section-quasi-coherent-affine;sheaves-section-sheaves,006S;01BD;01I6,,structural_only,inherits_parent,,,Embedded source component; inherit the parent disposition.
fac:II:4:no:49:remark:1,49,remark,fac:II:4:no:49,components/047_II_4_49_module_associated_to_sheaf.tex:107,components/047_II_4_49_module_associated_to_sheaf.tex:107,components/047_II_4_49_module_associated_to_sheaf.tex:107,B8C6508249308F5D8BC886B9E6360F1EC4FDC8F0F18EFAA03EE0E36B591551CA,ext;module-sheaf;sheaves,cohomology-section-ext;derived-section-ext;modules-section-quasi-coherent;schemes-section-quasi-coherent-affine;sheaves-section-sheaves,006S;01BD;01I6;06XP;0BQP,D000214,historical_reference,integrated_historical_and_modern,schemes-lemma-equivalence-quasi-coherent,01IB,FAC notes that the counit isomorphism can instead be deduced from the unit and points forward to no. 65. Stacks states the natural quasi-inverse equivalence directly; the forward citation is retained as an alternate-proof lineage and will be reconciled when no. 65 is reviewed.
fac:II:4:no:49:remark:2,49,remark,fac:II:4:no:49,components/047_II_4_49_module_associated_to_sheaf.tex:111,components/047_II_4_49_module_associated_to_sheaf.tex:111,components/047_II_4_49_module_associated_to_sheaf.tex:111,B8C6508249308F5D8BC886B9E6360F1EC4FDC8F0F18EFAA03EE0E36B591551CA,module-sheaf;sheaves,modules-section-quasi-coherent;schemes-section-quasi-coherent-affine;sheaves-section-sheaves,006S;01BD;01I6,D000215,historical_reference,integrated_historical_and_modern,coherent-proposition-coherent-modules-on-proj;coherent-proposition-coherent-modules-on-proj-general,0BXD;0BXF,FAC warns that coherent sheaves on projective space require a modification of the affine correspondence. Stacks makes the modification precise by passing from finite graded modules to their quotient by high-degree-invisible modules and using the graded family of twisted global sections.
fac:II:4:no:50,50,numbered_paragraph,fac:II:4,components/048_II_4_50_projective_modules_vector_fiber_spaces.tex:8,components/048_II_4_50_projective_modules_vector_fiber_spaces.tex:8,components/048_II_4_50_projective_modules_vector_fiber_spaces.tex:8,B8C6508249308F5D8BC886B9E6360F1EC4FDC8F0F18EFAA03EE0E36B591551CA,projective,constructions-section-proj;constructions-section-projective-space,01M3;01ND,D000216,extend_existing,integrated_historical_and_modern,algebra-lemma-characterize-projective;algebra-lemma-finite-projective;properties-lemma-finite-locally-free;constructions-lemma-category-vector-bundles,05CF;00NX;05P2;062N,"FAC no. 50 links projective modules, stalkwise freeness, locally free coherent sheaves, and classical vector bundles over an affine variety, then records the 1955 polynomial-ring question. Stacks contains stronger ring-, scheme-, and categorical formulations; the integration preserves the historical proof and marks Quillen--Suslin as an answered question without inventing a Stacks tag."
fac:II:4:no:50:def:projective-module,50,definition,fac:II:4:no:50,components/048_II_4_50_projective_modules_vector_fiber_spaces.tex:10,components/048_II_4_50_projective_modules_vector_fiber_spaces.tex:10,components/048_II_4_50_projective_modules_vector_fiber_spaces.tex:10,B8C6508249308F5D8BC886B9E6360F1EC4FDC8F0F18EFAA03EE0E36B591551CA,projective,constructions-section-proj;constructions-section-projective-space,01M3;01ND,D000217,existing_equivalent,integrated_source_and_stacks,algebra-definition-projective;algebra-lemma-characterize-projective,05CE;05CF,FAC defines projective modules as direct summands of free modules. Stacks defines them by exactness of Hom and proves the direct-summand characterization as an equivalent condition.
fac:II:4:prop:4,fac:II:4:prop:4,proposition,fac:II:4,components/048_II_4_50_projective_modules_vector_fiber_spaces.tex:14,components/048_II_4_50_projective_modules_vector_fiber_spaces.tex:14,components/048_II_4_50_projective_modules_vector_fiber_spaces.tex:14,B8C6508249308F5D8BC886B9E6360F1EC4FDC8F0F18EFAA03EE0E36B591551CA,ext;projective,cohomology-section-ext;constructions-section-proj;constructions-section-projective-space;derived-section-ext,01M3;01ND;06XP;0BQP,D000218,existing_stronger,integrated_source_and_stacks,algebra-lemma-finite-projective;properties-lemma-locally-free-module,00NX;05JM,FAC tests a finite module over a classical affine coordinate ring by freeness at every classical closed-point stalk. Stacks proves the equivalent finite-projective criterion over any ring using localizations at every prime or every maximal ideal and makes finite presentation explicit.
fac:II:4:prop:4:formula:projective-dimension,fac:II:4:prop:4:formula:projective-dimension,proposition,fac:II:4:prop:4,components/048_II_4_50_projective_modules_vector_fiber_spaces.tex:26,components/048_II_4_50_projective_modules_vector_fiber_spaces.tex:26,components/048_II_4_50_projective_modules_vector_fiber_spaces.tex:26,B8C6508249308F5D8BC886B9E6360F1EC4FDC8F0F18EFAA03EE0E36B591551CA,projective,constructions-section-proj;constructions-section-projective-space,01M3;01ND,D000219,historical_reference,integrated_historical_and_modern,algebra-lemma-projective-dimension-ext;algebra-lemma-finite-projective,065R;00NX,FAC proves the converse through the historical equality between global projective dimension and the supremum of the projective dimensions of its classical localizations. Stacks characterizes projective dimension by Ext vanishing and proves the finite-projective local criterion directly; the displayed dim is not a rank formula.
fac:II:4:no:50:cor,50,corollary,fac:II:4:no:50,components/048_II_4_50_projective_modules_vector_fiber_spaces.tex:41,components/048_II_4_50_projective_modules_vector_fiber_spaces.tex:41,components/048_II_4_50_projective_modules_vector_fiber_spaces.tex:41,B8C6508249308F5D8BC886B9E6360F1EC4FDC8F0F18EFAA03EE0E36B591551CA,ext;projective,cohomology-section-ext;constructions-section-proj;constructions-section-projective-space;derived-section-ext,01M3;01ND;06XP;0BQP,D000220,existing_stronger,integrated_source_and_stacks,properties-lemma-finite-locally-free;constructions-lemma-category-vector-bundles,05P2;062N,FAC gives three equivalent conditions for a coherent sheaf on a connected classical affine variety. Stacks separates finite local freeness on arbitrary schemes from the vector-bundle anti-equivalence and removes connectedness except when one wants a single constant rank.
fac:II:4:no:50:cor:i,50,corollary,fac:II:4:no:50:cor,components/048_II_4_50_projective_modules_vector_fiber_spaces.tex:46,components/048_II_4_50_projective_modules_vector_fiber_spaces.tex:46,components/048_II_4_50_projective_modules_vector_fiber_spaces.tex:46,B8C6508249308F5D8BC886B9E6360F1EC4FDC8F0F18EFAA03EE0E36B591551CA,projective,constructions-section-proj;constructions-section-projective-space,01M3;01ND,D000221,existing_stronger,integrated_source_and_stacks,schemes-lemma-equivalence-quasi-coherent;algebra-lemma-finite-projective,01IB;00NX,FAC asks that the global-section module be projective in its finite coherent affine setting. Stacks identifies global sections under the full affine quasi-coherent equivalence and characterizes finite projective modules over any ring.
fac:II:4:no:50:cor:ii,50,corollary,fac:II:4:no:50:cor,components/048_II_4_50_projective_modules_vector_fiber_spaces.tex:49,components/048_II_4_50_projective_modules_vector_fiber_spaces.tex:49,components/048_II_4_50_projective_modules_vector_fiber_spaces.tex:49,B8C6508249308F5D8BC886B9E6360F1EC4FDC8F0F18EFAA03EE0E36B591551CA,projective,constructions-section-proj;constructions-section-projective-space,01M3;01ND,D000222,existing_stronger,integrated_source_and_stacks,properties-lemma-finite-locally-free;modules-definition-locally-free,05P2;01C6,FAC requires local isomorphisms to O^p with p constant on the connected variety. Stacks defines locally free modules on arbitrary ringed spaces and gives equivalent finite locally free criteria with rank only locally constant in general.
fac:II:4:no:50:cor:iii,50,corollary,fac:II:4:no:50:cor,components/048_II_4_50_projective_modules_vector_fiber_spaces.tex:53,components/048_II_4_50_projective_modules_vector_fiber_spaces.tex:53,components/048_II_4_50_projective_modules_vector_fiber_spaces.tex:53,B8C6508249308F5D8BC886B9E6360F1EC4FDC8F0F18EFAA03EE0E36B591551CA,projective,constructions-section-proj;constructions-section-projective-space,01M3;01ND,D000223,existing_stronger,integrated_source_and_stacks,constructions-lemma-category-vector-bundles;properties-lemma-finite-locally-free,062N;05P2,"FAC identifies the sheaf with the regular-section sheaf of a finite-rank classical fibre space. Stacks gives an anti-equivalence between quasi-coherent modules and relative-spectrum vector bundles, with the dual convention explicitly recorded."
fac:II:4:no:50:correspondence,50,numbered_paragraph,fac:II:4:no:50,components/048_II_4_50_projective_modules_vector_fiber_spaces.tex:57,components/048_II_4_50_projective_modules_vector_fiber_spaces.tex:57,components/048_II_4_50_projective_modules_vector_fiber_spaces.tex:57,B8C6508249308F5D8BC886B9E6360F1EC4FDC8F0F18EFAA03EE0E36B591551CA,projective,constructions-section-proj;constructions-section-projective-space,01M3;01ND,D000224,existing_stronger,integrated_source_and_stacks,constructions-lemma-category-vector-bundles;schemes-lemma-equivalence-quasi-coherent;algebra-lemma-finite-projective,062N;01IB;00NX,"FAC states a bijection on isomorphism classes between finite projective modules and classical vector bundles, with free corresponding to trivial. Stacks upgrades the affine module-sheaf step and the sheaf-bundle step to categorical equivalences, subject to the relative-spectrum dual convention."
fac:II:4:no:50:historical-question,50,numbered_paragraph,fac:II:4:no:50,components/048_II_4_50_projective_modules_vector_fiber_spaces.tex:65,components/048_II_4_50_projective_modules_vector_fiber_spaces.tex:65,components/048_II_4_50_projective_modules_vector_fiber_spaces.tex:65,B8C6508249308F5D8BC886B9E6360F1EC4FDC8F0F18EFAA03EE0E36B591551CA,projective,constructions-section-proj;constructions-section-projective-space,01M3;01ND,D000225,outside_scope,reviewed_source_and_stacks_no_tag,,,"FAC records as open in 1955 whether finite projective modules over a polynomial ring over a field are free. Quillen--Suslin later answered this affirmatively, but the theorem is not developed in the current Stacks snapshot; no official tag is assigned."
fac:III,fac:III,chapter,fac,components/049_III_1_51_projective_space_notation.tex:9,components/049_III_1_51_projective_space_notation.tex:9,components/049_III_1_51_projective_space_notation.tex:9,B8C6508249308F5D8BC886B9E6360F1EC4FDC8F0F18EFAA03EE0E36B591551CA,coherent;ext;projective;varieties,coherent-section-coherent-sheaves;cohomology-section-ext;constructions-section-proj;constructions-section-projective-space;derived-section-ext;modules-section-coherent;varieties-section-varieties,01BU;01M3;01ND;01XY;020C;06XP;0BQP,,structural_only,classified,,,Source structure; no independent Stacks object.
fac:III:1,fac:III:1,section,fac:III,components/049_III_1_51_projective_space_notation.tex:14,components/049_III_1_51_projective_space_notation.tex:14,components/049_III_1_51_projective_space_notation.tex:14,B8C6508249308F5D8BC886B9E6360F1EC4FDC8F0F18EFAA03EE0E36B591551CA,projective;varieties,constructions-section-proj;constructions-section-projective-space;varieties-section-varieties,01M3;01ND;020C,,structural_only,classified,,,Source structure; no independent Stacks object.
fac:III:1:no:51,51,numbered_paragraph,fac:III:1,components/049_III_1_51_projective_space_notation.tex:18,components/049_III_1_51_projective_space_notation.tex:18,components/049_III_1_51_projective_space_notation.tex:18,B8C6508249308F5D8BC886B9E6360F1EC4FDC8F0F18EFAA03EE0E36B591551CA,projective,constructions-section-proj;constructions-section-projective-space,01M3;01ND,D000226,extend_existing,integrated_historical_and_modern,algebra-definition-proj;algebra-lemma-topology-proj;constructions-definition-structure-sheaf;constructions-definition-projective-space;constructions-lemma-standard-covering-projective-space;varieties-definition-variety-type,00JN;00JP;01M6;01NF;01NG;04L1,"FAC no. 51 constructs classical projective space from scalar orbits, its quotient topology, degree-zero invariant functions, affine coordinate charts, and the closed-subvariety definition of projective varieties. Stacks replaces the point-set construction by homogeneous prime spectra and degree-zero localizations, extends it over arbitrary bases, and separates scheme, chart, separation, and projective-morphism statements."
fac:III:1:no:51:formula:scalar-action,51,numbered_paragraph,fac:III:1:no:51,components/049_III_1_51_projective_space_notation.tex:26,components/049_III_1_51_projective_space_notation.tex:26,components/049_III_1_51_projective_space_notation.tex:26,B8C6508249308F5D8BC886B9E6360F1EC4FDC8F0F18EFAA03EE0E36B591551CA,projective,constructions-section-proj;constructions-section-projective-space,01M3;01ND,D000227,historical_reference,integrated_historical_and_modern,algebra-definition-proj;constructions-definition-projective-space,00JN;01NF,FAC starts with the scalar action of K-star on the punctured affine space and forms an orbit set. Stacks constructs projective space by Proj and represents its full functor of points; the scalar action remains the classical closed-point lineage rather than the definition of the scheme.
fac:III:1:no:51:def:projective-space,51,definition,fac:III:1:no:51,components/049_III_1_51_projective_space_notation.tex:31,components/049_III_1_51_projective_space_notation.tex:31,components/049_III_1_51_projective_space_notation.tex:31,B8C6508249308F5D8BC886B9E6360F1EC4FDC8F0F18EFAA03EE0E36B591551CA,projective,constructions-section-proj;constructions-section-projective-space,01M3;01ND,D000228,existing_stronger,integrated_source_and_stacks,constructions-definition-projective-space;constructions-lemma-projective-space;algebra-definition-proj,01NF;01NE;00JN,"FAC defines P_r(K) as equivalence classes of nonzero coordinate vectors. Stacks defines projective n-space over Z by Proj, base changes it over any scheme, and gives its functorial line-bundle description, retaining nonclosed and scheme-valued points."
fac:III:1:no:51:formula:coordinate,51,numbered_paragraph,fac:III:1:no:51,components/049_III_1_51_projective_space_notation.tex:40,components/049_III_1_51_projective_space_notation.tex:40,components/049_III_1_51_projective_space_notation.tex:40,B8C6508249308F5D8BC886B9E6360F1EC4FDC8F0F18EFAA03EE0E36B591551CA,projective,constructions-section-proj;constructions-section-projective-space,01M3;01ND,D000229,historical_reference,integrated_historical_and_modern,constructions-definition-projective-space;constructions-lemma-standard-covering-projective-space,01NF;01NG,"FAC's coordinate functions t_i on affine space become the degree-one polynomial generators T_i in the Proj construction. They are homogeneous coordinates, not global regular scalar-valued functions on projective space."
fac:III:1:no:51:cover,51,numbered_paragraph,fac:III:1:no:51,components/049_III_1_51_projective_space_notation.tex:44,components/049_III_1_51_projective_space_notation.tex:44,components/049_III_1_51_projective_space_notation.tex:44,B8C6508249308F5D8BC886B9E6360F1EC4FDC8F0F18EFAA03EE0E36B591551CA,projective,constructions-section-proj;constructions-section-projective-space,01M3;01ND,D000230,existing_stronger,integrated_source_and_stacks,constructions-lemma-standard-covering-projective-space;algebra-lemma-topology-proj,01NG;00JP,"FAC covers the classical quotient by loci where one coordinate is nonzero. Stacks identifies these with the standard opens D_+(T_i), proves the standard-open topology for every graded ring, and obtains the cover over Z and every base change."
fac:III:1:no:51:map:affine-chart,51,numbered_paragraph,fac:III:1:no:51,components/049_III_1_51_projective_space_notation.tex:51,components/049_III_1_51_projective_space_notation.tex:51,components/049_III_1_51_projective_space_notation.tex:51,B8C6508249308F5D8BC886B9E6360F1EC4FDC8F0F18EFAA03EE0E36B591551CA,affine;projective,constructions-section-proj;constructions-section-projective-space;modules-section-quasi-coherent;schemes-section-quasi-coherent-affine,01BD;01I6;01M3;01ND,D000231,existing_stronger,integrated_source_and_stacks,constructions-lemma-standard-covering-projective-space;constructions-lemma-proj-scheme,01NG;01MB,"FAC uses the ratios t_j/t_i to give a bijection from each U_i to K^r and then proves it biregular. Stacks identifies the whole standard open as Spec of the degree-zero localization, canonically affine n-space over the base."
fac:III:1:no:51:construction:structure-sheaf,51,numbered_paragraph,fac:III:1:no:51,components/049_III_1_51_projective_space_notation.tex:56,components/049_III_1_51_projective_space_notation.tex:56,components/049_III_1_51_projective_space_notation.tex:56,B8C6508249308F5D8BC886B9E6360F1EC4FDC8F0F18EFAA03EE0E36B591551CA,projective;sheaves,constructions-section-proj;constructions-section-projective-space;sheaves-section-sheaves,006S;01M3;01ND,D000232,existing_stronger,integrated_source_and_stacks,constructions-definition-structure-sheaf;constructions-lemma-proj-sheaves;constructions-lemma-proj-scheme,01M6;01M7;01MB,"FAC defines regular functions by scalar-invariant functions upstairs and locally by same-degree homogeneous fractions P/Q. Stacks constructs the structure sheaf on all homogeneous prime points from the rings S_(f), proves its restriction and stalk formulas, and identifies every standard open with an affine scheme."
fac:III:1:prop:1,fac:III:1:prop:1,proposition,fac:III:1,components/049_III_1_51_projective_space_notation.tex:79,components/049_III_1_51_projective_space_notation.tex:79,components/049_III_1_51_projective_space_notation.tex:79,B8C6508249308F5D8BC886B9E6360F1EC4FDC8F0F18EFAA03EE0E36B591551CA,ext;projective,cohomology-section-ext;constructions-section-proj;constructions-section-projective-space;derived-section-ext,01M3;01ND;06XP;0BQP,D000233,existing_stronger,integrated_source_and_stacks,constructions-lemma-proj-scheme;constructions-lemma-proj-separated;constructions-lemma-standard-covering-projective-space,01MB;01MC;01NG,"FAC verifies its two classical variety axioms using affine charts and closed transition graphs. Stacks proves Proj is a scheme for every graded ring, proves separatedness separately, and specializes the standard affine cover to projective space over arbitrary bases."
fac:III:1:no:51:def:projective-variety,51,definition,fac:III:1:no:51,components/049_III_1_51_projective_space_notation.tex:92,components/049_III_1_51_projective_space_notation.tex:92,components/049_III_1_51_projective_space_notation.tex:92,B8C6508249308F5D8BC886B9E6360F1EC4FDC8F0F18EFAA03EE0E36B591551CA,projective;varieties,constructions-section-proj;constructions-section-projective-space;varieties-section-varieties,01M3;01ND;020C,D000234,existing_stronger,integrated_source_and_stacks,varieties-definition-variety-type;morphisms-lemma-characterize-locally-projective,04L1;01WB,"FAC calls a classical variety projective when it is isomorphic to a closed subvariety of some projective space. Stacks defines projectivity intrinsically through the structure morphism and proves the equivalent closed-subscheme characterization, while its variety convention imposes integrality and its scheme language retains structure beyond closed points."
fac:III:1:no:52,52,numbered_paragraph,fac:III:1,components/050_III_1_52_cohomology_projective_subvarieties.tex:6,components/050_III_1_52_cohomology_projective_subvarieties.tex:6,components/050_III_1_52_cohomology_projective_subvarieties.tex:6,B8C6508249308F5D8BC886B9E6360F1EC4FDC8F0F18EFAA03EE0E36B591551CA,cohomology;projective;varieties,cohomology-section-cohomology-sheaves;constructions-section-proj;constructions-section-projective-space;varieties-section-varieties,01DZ;01M3;01ND;020C,D000235,extend_existing,integrated_historical_and_modern,coherent-lemma-cech-cohomology-quasi-coherent;coherent-lemma-vanishing-nr-affines;coherent-lemma-coherent-projective;cohomology-proposition-vanishing-Noetherian;constructions-lemma-proj-scheme;constructions-lemma-d-uple,01XD;01XI;01YS;02UZ;01MB;0B5J,"FAC no. 52 computes coherent cohomology from the standard projective cover, bounds it first by ambient dimension and then by support dimension, and proves the latter through homogeneous principal opens and a Veronese argument. Stacks separates these ingredients into affine-intersection Cech comparison, finite-cover vanishing, Grothendieck vanishing on Noetherian spaces, and the direct Proj localization and Veronese-subring constructions."
fac:III:1:prop:2,fac:III:1:prop:2,proposition,fac:III:1,components/050_III_1_52_cohomology_projective_subvarieties.tex:12,components/050_III_1_52_cohomology_projective_subvarieties.tex:12,components/050_III_1_52_cohomology_projective_subvarieties.tex:12,B8C6508249308F5D8BC886B9E6360F1EC4FDC8F0F18EFAA03EE0E36B591551CA,cohomology;ext;projective;varieties,cohomology-section-cohomology-sheaves;cohomology-section-ext;constructions-section-proj;constructions-section-projective-space;derived-section-ext;varieties-section-varieties,01DZ;01M3;01ND;020C;06XP;0BQP,D000236,existing_stronger,integrated_source_and_stacks,coherent-lemma-cech-cohomology-quasi-coherent,01XD,"FAC proves that the finite standard affine cover of classical projective space computes coherent sheaf cohomology. Stacks proves the comparison for any quasi-coherent module and any open cover whose finite intersections are affine, with no restriction to projective space or a finite index set."
fac:III:1:no:52:cor:1,52,corollary,fac:III:1:no:52,components/050_III_1_52_cohomology_projective_subvarieties.tex:25,components/050_III_1_52_cohomology_projective_subvarieties.tex:25,components/050_III_1_52_cohomology_projective_subvarieties.tex:25,B8C6508249308F5D8BC886B9E6360F1EC4FDC8F0F18EFAA03EE0E36B591551CA,cohomology;ext;projective;varieties,cohomology-section-cohomology-sheaves;cohomology-section-ext;constructions-section-proj;constructions-section-projective-space;derived-section-ext;varieties-section-varieties,01DZ;01M3;01ND;020C;06XP;0BQP,D000237,existing_stronger,integrated_source_and_stacks,coherent-lemma-vanishing-nr-affines;coherent-lemma-coherent-projective,01XI;01YS,"FAC obtains H^n(P_r(K),F)=0 for n>r from its r+1 standard charts. Stacks gives the finite-affine-cover bound for every quasi-coherent module on a quasi-compact scheme with affine diagonal and records the projective-space specialization over every Noetherian base ring."
fac:III:1:prop:3,fac:III:1:prop:3,proposition,fac:III:1,components/050_III_1_52_cohomology_projective_subvarieties.tex:33,components/050_III_1_52_cohomology_projective_subvarieties.tex:33,components/050_III_1_52_cohomology_projective_subvarieties.tex:33,B8C6508249308F5D8BC886B9E6360F1EC4FDC8F0F18EFAA03EE0E36B591551CA,cohomology;ext;projective;varieties,cohomology-section-cohomology-sheaves;cohomology-section-ext;constructions-section-proj;constructions-section-projective-space;derived-section-ext;varieties-section-varieties,01DZ;01M3;01ND;020C;06XP;0BQP,D000238,existing_stronger,integrated_source_and_stacks,cohomology-proposition-vanishing-Noetherian;cohomology-lemma-cohomology-and-closed-immersions,02UZ;02UV,FAC proves vanishing above the dimension of the support for coherent sheaves on classical quasi-projective varieties. Grothendieck vanishing in Stacks applies to every abelian sheaf on a Noetherian topological space; applying it to the closed support and using exact closed pushforward removes the coherence and quasi-projective restrictions.
fac:III:1:no:52:cor:2,52,corollary,fac:III:1:no:52,components/050_III_1_52_cohomology_projective_subvarieties.tex:45,components/050_III_1_52_cohomology_projective_subvarieties.tex:45,components/050_III_1_52_cohomology_projective_subvarieties.tex:45,B8C6508249308F5D8BC886B9E6360F1EC4FDC8F0F18EFAA03EE0E36B591551CA,cohomology;ext;projective;varieties,cohomology-section-cohomology-sheaves;cohomology-section-ext;constructions-section-proj;constructions-section-projective-space;derived-section-ext;varieties-section-varieties,01DZ;01M3;01ND;020C;06XP;0BQP,D000239,existing_stronger,integrated_source_and_stacks,cohomology-proposition-vanishing-Noetherian,02UZ,"FAC specializes Proposition 3 to W=V and obtains vanishing above dim V. Stacks proves this for every abelian sheaf on every Noetherian topological space, so the classical finite-type variety and coherent-module hypotheses are unnecessary for the vanishing bound."
fac:III:1:lemma:1,fac:III:1:lemma:1,lemma,fac:III:1,components/050_III_1_52_cohomology_projective_subvarieties.tex:57,components/050_III_1_52_cohomology_projective_subvarieties.tex:57,components/050_III_1_52_cohomology_projective_subvarieties.tex:57,B8C6508249308F5D8BC886B9E6360F1EC4FDC8F0F18EFAA03EE0E36B591551CA,cohomology;ext;projective;varieties,cohomology-section-cohomology-sheaves;cohomology-section-ext;constructions-section-proj;constructions-section-projective-space;derived-section-ext;varieties-section-varieties,01DZ;01M3;01ND;020C;06XP;0BQP,D000240,historical_reference,integrated_historical_and_modern,cohomology-proposition-vanishing-Noetherian,02UZ,FAC constructs k+1 positive-degree homogeneous polynomials vanishing on the projective boundary and without a common zero on the k-dimensional support. This dimension-lowering construction is recorded as the source's special proof route to support-dimension vanishing; the modern target proves the stronger theorem without requiring projective equations.
fac:III:1:lemma:2,fac:III:1:lemma:2,lemma,fac:III:1,components/050_III_1_52_cohomology_projective_subvarieties.tex:79,components/050_III_1_52_cohomology_projective_subvarieties.tex:79,components/050_III_1_52_cohomology_projective_subvarieties.tex:79,B8C6508249308F5D8BC886B9E6360F1EC4FDC8F0F18EFAA03EE0E36B591551CA,cohomology;ext;projective;varieties,cohomology-section-cohomology-sheaves;cohomology-section-ext;constructions-section-proj;constructions-section-projective-space;derived-section-ext;varieties-section-varieties,01DZ;01M3;01ND;020C;06XP;0BQP,D000241,existing_stronger,integrated_source_and_stacks,constructions-lemma-proj-scheme,01MB,"FAC proves that the nonvanishing locus of a positive-degree homogeneous polynomial on classical projective space is affine by a Veronese embedding. Stacks identifies D_+(f) directly with Spec(S_(f)) for every graded ring, retaining nonclosed points and arbitrary bases."
fac:III:1:no:52:map:veronese,52,numbered_paragraph,fac:III:1:no:52,components/050_III_1_52_cohomology_projective_subvarieties.tex:92,components/050_III_1_52_cohomology_projective_subvarieties.tex:92,components/050_III_1_52_cohomology_projective_subvarieties.tex:92,B8C6508249308F5D8BC886B9E6360F1EC4FDC8F0F18EFAA03EE0E36B591551CA,cohomology;projective;varieties,cohomology-section-cohomology-sheaves;constructions-section-proj;constructions-section-projective-space;varieties-section-varieties,01DZ;01M3;01ND;020C,D000242,historical_reference,integrated_historical_and_modern,constructions-lemma-d-uple;constructions-lemma-proj-scheme,0B5J;01MB,FAC uses the map given by all degree-n monomials and its closed classical Veronese image to reduce the nonvanishing locus to a hyperplane complement. Stacks records the canonical Proj isomorphism for the Veronese subring and proves standard-open affineness directly; these are related ingredients but the subring isomorphism alone is not silently promoted to the ambient closed-immersion assertion.
fac:III:1:no:52:cover:B,52,numbered_paragraph,fac:III:1:no:52,components/050_III_1_52_cohomology_projective_subvarieties.tex:118,components/050_III_1_52_cohomology_projective_subvarieties.tex:118,components/050_III_1_52_cohomology_projective_subvarieties.tex:118,B8C6508249308F5D8BC886B9E6360F1EC4FDC8F0F18EFAA03EE0E36B591551CA,cohomology;projective;varieties,cohomology-section-cohomology-sheaves;constructions-section-proj;constructions-section-projective-space;varieties-section-varieties,01DZ;01M3;01ND;020C,D000243,historical_reference,integrated_historical_and_modern,cohomology-proposition-vanishing-Noetherian;coherent-lemma-cech-cohomology-quasi-coherent;constructions-lemma-proj-scheme,02UZ;01XD;01MB,"FAC covers the chosen open neighbourhood by homogeneous principal affine opens, with only k+1 members capable of meeting the support simultaneously, and computes cohomology by the resulting Cech complex. Stacks retains each ingredient separately and obtains the final bound more generally from Grothendieck vanishing."
fac:III:1:no:52:formula:alternating-cochains,52,numbered_paragraph,fac:III:1:no:52,components/050_III_1_52_cohomology_projective_subvarieties.tex:133,components/050_III_1_52_cohomology_projective_subvarieties.tex:133,components/050_III_1_52_cohomology_projective_subvarieties.tex:133,B8C6508249308F5D8BC886B9E6360F1EC4FDC8F0F18EFAA03EE0E36B591551CA,cech;cohomology;projective;varieties,cohomology-section-cech;cohomology-section-cech-cohomology-cohomology;cohomology-section-cohomology-sheaves;constructions-section-proj;constructions-section-projective-space;varieties-section-varieties,01DZ;01ED;01EO;01M3;01ND;020C,D000244,existing_equivalent,integrated_source_and_stacks,cohomology-lemma-alternating-usual;coherent-lemma-vanishing-nr-affines,01FM;01XI,"FAC uses alternating cochains indexed by distinct cover members, so the degree-n group is zero once n exceeds the k+1 support-relevant members. Stacks proves the alternating complex is homotopy equivalent to the usual Cech complex and uses the identical degree-counting argument in its finite-affine-cover vanishing lemma."
fac:III:1:no:53,53,numbered_paragraph,fac:III:1,components/051_III_1_53_cohomology_irreducible_algebraic_curves.tex:6,components/051_III_1_53_cohomology_irreducible_algebraic_curves.tex:6,components/051_III_1_53_cohomology_irreducible_algebraic_curves.tex:6,B8C6508249308F5D8BC886B9E6360F1EC4FDC8F0F18EFAA03EE0E36B591551CA,cohomology,cohomology-section-cohomology-sheaves,01DZ,D000245,extend_existing,integrated_historical_and_modern,cohomology-remark-FAC-cech-colimit-notation;cohomology-proposition-vanishing-Noetherian;cohomology-lemma-alternating-usual;simplicial-example-simplex-contractible,02UZ;01FM;08Q3,FAC no. 53 proves higher direct-limit Cech vanishing on a classical irreducible curve from a cofinal system of finite-complement covers and the acyclicity of a finite simplex. Stacks now records that proof lineage beside its distinct derived-functor vanishing theorem and its general alternating-complex and simplicial-contraction results.
fac:III:1:no:53:cover:B-F,53,numbered_paragraph,fac:III:1:no:53,components/051_III_1_53_cohomology_irreducible_algebraic_curves.tex:15,components/051_III_1_53_cohomology_irreducible_algebraic_curves.tex:15,components/051_III_1_53_cohomology_irreducible_algebraic_curves.tex:15,B8C6508249308F5D8BC886B9E6360F1EC4FDC8F0F18EFAA03EE0E36B591551CA,cohomology,cohomology-section-cohomology-sheaves,01DZ,D000246,historical_reference,integrated_historical_and_modern,cohomology-remark-FAC-cech-colimit-notation;cohomology-definition-cech-cohomology-space,,"FAC introduces covers B_F whose members restore one point at a time to the complement of a finite closed-point set. The construction is retained as the source's curve-specific cofinal system for its direct-limit Cech theory, not promoted to a general Stacks theorem."
fac:III:1:lemma:3,fac:III:1:lemma:3,lemma,fac:III:1,components/051_III_1_53_cohomology_irreducible_algebraic_curves.tex:18,components/051_III_1_53_cohomology_irreducible_algebraic_curves.tex:18,components/051_III_1_53_cohomology_irreducible_algebraic_curves.tex:18,B8C6508249308F5D8BC886B9E6360F1EC4FDC8F0F18EFAA03EE0E36B591551CA,cohomology;ext,cohomology-section-cohomology-sheaves;cohomology-section-ext;derived-section-ext,01DZ;06XP;0BQP,D000247,historical_reference,integrated_historical_and_modern,cohomology-remark-FAC-cech-colimit-notation;cohomology-lemma-cech-cofinal-refinements,,"FAC proves that the finite-complement covers are cofinal by collecting the finite complements of a given cover and assigning each point of their union to a covering member. Stacks supplies general refinement and cofinality formalism, but its stated hypotheses are not asserted to be an exact reformulation of this curve lemma."
fac:III:1:lemma:4,fac:III:1:lemma:4,lemma,fac:III:1,components/051_III_1_53_cohomology_irreducible_algebraic_curves.tex:36,components/051_III_1_53_cohomology_irreducible_algebraic_curves.tex:36,components/051_III_1_53_cohomology_irreducible_algebraic_curves.tex:36,B8C6508249308F5D8BC886B9E6360F1EC4FDC8F0F18EFAA03EE0E36B591551CA,cohomology;ext,cohomology-section-cohomology-sheaves;cohomology-section-ext;derived-section-ext,01DZ;06XP;0BQP,D000248,historical_reference,integrated_historical_and_modern,cohomology-lemma-alternating-usual;simplicial-example-simplex-contractible,01FM;08Q3,FAC identifies the positive-degree alternating Cech complex of B_F with the cochain complex of the simplex on F and concludes that its cohomology vanishes in degrees at least two. Stacks contains the general alternating-to-usual comparison and the standard simplex contraction; the source's coefficient-system identification remains historical proof data.
fac:III:1:no:53:formula:simplex-cohomology,53,numbered_paragraph,fac:III:1:no:53,components/051_III_1_53_cohomology_irreducible_algebraic_curves.tex:53,components/051_III_1_53_cohomology_irreducible_algebraic_curves.tex:53,components/051_III_1_53_cohomology_irreducible_algebraic_curves.tex:53,B8C6508249308F5D8BC886B9E6360F1EC4FDC8F0F18EFAA03EE0E36B591551CA,cohomology,cohomology-section-cohomology-sheaves,01DZ,D000249,historical_reference,integrated_historical_and_modern,simplicial-example-simplex-contractible;cohomology-lemma-alternating-usual,08Q3;01FM,"The displayed vanishing follows from acyclicity of the nonempty finite simplex after identifying every positive multiple intersection with the whole curve and hence every coefficient group with Gamma(V,F). The Stacks labels record the two reusable ingredients without suppressing the degree truncation or the sheaf-theoretic identification."
fac:III:1:prop:4,fac:III:1:prop:4,proposition,fac:III:1,components/051_III_1_53_cohomology_irreducible_algebraic_curves.tex:62,components/051_III_1_53_cohomology_irreducible_algebraic_curves.tex:62,components/051_III_1_53_cohomology_irreducible_algebraic_curves.tex:62,B8C6508249308F5D8BC886B9E6360F1EC4FDC8F0F18EFAA03EE0E36B591551CA,cohomology;ext,cohomology-section-cohomology-sheaves;cohomology-section-ext;derived-section-ext,01DZ;06XP;0BQP,D000250,existing_stronger,integrated_source_and_stacks,cohomology-proposition-vanishing-Noetherian;cohomology-remark-FAC-cech-colimit-notation,02UZ,"FAC proves vanishing in degrees at least two for its direct-limit Cech groups of an abelian sheaf on a classical irreducible algebraic curve. Stacks proves the stronger derived-functor vanishing theorem for every abelian sheaf on any Noetherian topological space of dimension at most one, while the notation remark prevents an unproved identification of the two theories."
fac:III:1:no:53:remark,53,remark,fac:III:1:no:53,components/051_III_1_53_cohomology_irreducible_algebraic_curves.tex:70,components/051_III_1_53_cohomology_irreducible_algebraic_curves.tex:70,components/051_III_1_53_cohomology_irreducible_algebraic_curves.tex:70,B8C6508249308F5D8BC886B9E6360F1EC4FDC8F0F18EFAA03EE0E36B591551CA,cohomology;ext,cohomology-section-cohomology-sheaves;cohomology-section-ext;derived-section-ext,01DZ;06XP;0BQP,D000251,historical_reference,integrated_historical_and_modern,cohomology-proposition-vanishing-Noetherian;cohomology-remark-FAC-cech-colimit-notation,02UZ,"FAC records that the author did not know an arbitrary-dimensional analogue of the preceding curve result. Grothendieck vanishing later gives the derived-functor analogue on all finite-dimensional Noetherian spaces, but this history is not stated as an exact answer for the source's direct-limit Cech groups without a comparison theorem."
fac:III:2,fac:III:2,section,fac:III,components/052_III_2_54_operation_F_n.tex:9,components/052_III_2_54_operation_F_n.tex:9,components/052_III_2_54_operation_F_n.tex:9,B8C6508249308F5D8BC886B9E6360F1EC4FDC8F0F18EFAA03EE0E36B591551CA,coherent;graded-proj;projective,algebra-section-graded;algebra-section-proj;coherent-section-coherent-sheaves;constructions-section-proj;constructions-section-projective-space;modules-section-coherent,00JL;00JM;01BU;01M3;01ND;01XY,,structural_only,classified,,,Source structure; no independent Stacks object.
fac:III:2:no:54,54,numbered_paragraph,fac:III:2,components/052_III_2_54_operation_F_n.tex:13,components/052_III_2_54_operation_F_n.tex:13,components/052_III_2_54_operation_F_n.tex:13,B8C6508249308F5D8BC886B9E6360F1EC4FDC8F0F18EFAA03EE0E36B591551CA,graded-proj,algebra-section-graded;algebra-section-proj;constructions-section-proj,00JL;00JM;01M3,D000252,extend_existing,integrated_source_and_stacks,constructions-definition-twist;constructions-lemma-apply-modules;constructions-lemma-proj-sheaves;coherent-lemma-cohomology-projective-space-over-ring;coherent-lemma-tensor-hom-coherent,01MN;01MT;01M7;01XT;01Y2,"FAC no. 54 constructs twists by transition functions on classical projective space, identifies O(n) with degree-n homogeneous functions on the punctured cone, proves the tensor description, and computes global sections. Stacks distributes these facts among shifted graded modules, Proj localization, invertibility in the degree-one generated case, coherent tensor products, and the full cohomology computation over arbitrary base rings."
fac:III:2:no:54:construction:twist,54,numbered_paragraph,fac:III:2:no:54,components/052_III_2_54_operation_F_n.tex:15,components/052_III_2_54_operation_F_n.tex:15,components/052_III_2_54_operation_F_n.tex:15,B8C6508249308F5D8BC886B9E6360F1EC4FDC8F0F18EFAA03EE0E36B591551CA,graded-proj,algebra-section-graded;algebra-section-proj;constructions-section-proj,00JL;00JM;01M3,D000253,existing_equivalent,integrated_source_and_stacks,constructions-definition-twist;constructions-lemma-apply-modules,01MN;01MT,"FAC glues the restrictions of F on the standard charts with the cocycle (t_j/t_i)^n. For the standard graded polynomial ring, Stacks defines O(n) as the sheaf associated to S(n), defines F(n)=F tensor O(n), and proves that these twists are invertible and their multiplication maps are isomorphisms."
fac:III:2:no:54:theta,54,numbered_paragraph,fac:III:2:no:54,components/052_III_2_54_operation_F_n.tex:19,components/052_III_2_54_operation_F_n.tex:19,components/052_III_2_54_operation_F_n.tex:19,B8C6508249308F5D8BC886B9E6360F1EC4FDC8F0F18EFAA03EE0E36B591551CA,graded-proj,algebra-section-graded;algebra-section-proj;constructions-section-proj,00JL;00JM;01M3,D000254,existing_equivalent,integrated_source_and_stacks,constructions-lemma-apply-modules;constructions-lemma-standard-covering-projective-space,01MT;01NG,"On D_+(t_i), t_i^n is the local generator of O(n), and changing from the jth generator to the ith multiplies coefficients by (t_j/t_i)^n. This is exactly FAC's theta_ij(n), with the source and target order retained so the sign convention is not reversed."
fac:III:2:no:54:formula:canonical-isomorphisms,54,numbered_paragraph,fac:III:2:no:54,components/052_III_2_54_operation_F_n.tex:37,components/052_III_2_54_operation_F_n.tex:37,components/052_III_2_54_operation_F_n.tex:37,B8C6508249308F5D8BC886B9E6360F1EC4FDC8F0F18EFAA03EE0E36B591551CA,graded-proj,algebra-section-graded;algebra-section-proj;constructions-section-proj,00JL;00JM;01M3,D000255,existing_equivalent,integrated_source_and_stacks,constructions-lemma-apply-modules;modules-definition-invertible,01MT;01CS,"FAC's canonical isomorphisms F(0)=F and F(n)(m)=F(n+m), together with exactness of twisting, are the degree-one-generated Proj case of the Stacks multiplication isomorphisms and the tensor autoequivalence attached to an invertible module."
fac:III:2:no:54:formula:homogeneous-function,54,numbered_paragraph,fac:III:2:no:54,components/052_III_2_54_operation_F_n.tex:64,components/052_III_2_54_operation_F_n.tex:64,components/052_III_2_54_operation_F_n.tex:64,B8C6508249308F5D8BC886B9E6360F1EC4FDC8F0F18EFAA03EE0E36B591551CA,graded-proj,algebra-section-graded;algebra-section-proj;constructions-section-proj,00JL;00JM;01M3,D000256,existing_equivalent,integrated_source_and_stacks,constructions-definition-twist;constructions-lemma-proj-sheaves,01MN;01M7,"FAC describes local sections of O-prime(n) as homogeneous fractions P/Q with degree difference n and scalar law f(lambda y)=lambda^n f(y). For S=K[t_0,...,t_r], the Stacks sheaf associated to S(n) has exactly the corresponding degree-zero localized sections on each standard open, while retaining all homogeneous prime points."
fac:III:2:prop:1,fac:III:2:prop:1,proposition,fac:III:2,components/052_III_2_54_operation_F_n.tex:78,components/052_III_2_54_operation_F_n.tex:78,components/052_III_2_54_operation_F_n.tex:78,B8C6508249308F5D8BC886B9E6360F1EC4FDC8F0F18EFAA03EE0E36B591551CA,ext;graded-proj,algebra-section-graded;algebra-section-proj;cohomology-section-ext;constructions-section-proj;derived-section-ext,00JL;00JM;01M3;06XP;0BQP,D000257,existing_equivalent,integrated_source_and_stacks,constructions-definition-twist;constructions-lemma-proj-sheaves;constructions-lemma-apply-modules;coherent-lemma-cohomology-projective-space-over-ring,01MN;01M7;01MT;01XT,"FAC canonically identifies the transition-function sheaf O(n) with the degree-n homogeneous-function sheaf O-prime(n), then identifies its global sections for r at least one. Stacks builds O(n) directly from S(n), proves the identical standard-open fraction formulas and invertibility on projective space, and computes all cohomology over arbitrary base rings."
fac:III:2:prop:2,fac:III:2:prop:2,proposition,fac:III:2,components/052_III_2_54_operation_F_n.tex:105,components/052_III_2_54_operation_F_n.tex:105,components/052_III_2_54_operation_F_n.tex:105,B8C6508249308F5D8BC886B9E6360F1EC4FDC8F0F18EFAA03EE0E36B591551CA,ext;graded-proj,algebra-section-graded;algebra-section-proj;cohomology-section-ext;constructions-section-proj;derived-section-ext,00JL;00JM;01M3;06XP;0BQP,D000258,existing_equivalent,integrated_source_and_stacks,constructions-definition-twist;constructions-lemma-apply-modules,01MN;01MT,"FAC proves F(n) is canonically F tensor O(n) by comparing the same transition cocycle after local tensor trivialization. Stacks takes this tensor description as the definition and proves the multiplication identifications whenever Proj is covered by degree-one standard opens, including every projective space."
fac:III:2:no:55,55,numbered_paragraph,fac:III:2,components/053_III_2_55_sections_of_F_n.tex:6,components/053_III_2_55_sections_of_F_n.tex:6,components/053_III_2_55_sections_of_F_n.tex:6,B8C6508249308F5D8BC886B9E6360F1EC4FDC8F0F18EFAA03EE0E36B591551CA,graded-proj,algebra-section-graded;algebra-section-proj;constructions-section-proj,00JL;00JM;01M3,D000259,extend_existing,integrated_source_and_stacks,properties-lemma-invert-f-sections;properties-lemma-invert-s-sections;properties-proposition-characterize-ample;coherent-lemma-coherent-projective;modules-lemma-globally-generated,01P7;01PW;01Q3;01YS;01AN,"FAC no. 55 clears denominators for coherent-module sections on affine charts, globalizes a prescribed chart section after a high twist, proves eventual global generation on projective space, and obtains a finite quotient by one twist of O. Stacks separates these into localization for quasi-coherent modules, the invertible-section localization theorem, the ample-sheaf characterization, the stalk criterion for global generation, and the projective coherent-sheaf package."
fac:III:2:no:55:lemma:1,55,lemma,fac:III:2:no:55,components/053_III_2_55_sections_of_F_n.tex:12,components/053_III_2_55_sections_of_F_n.tex:12,components/053_III_2_55_sections_of_F_n.tex:12,B8C6508249308F5D8BC886B9E6360F1EC4FDC8F0F18EFAA03EE0E36B591551CA,ext;graded-proj,algebra-section-graded;algebra-section-proj;cohomology-section-ext;constructions-section-proj;derived-section-ext,00JL;00JM;01M3;06XP;0BQP,D000260,existing_stronger,integrated_source_and_stacks,properties-lemma-invert-f-sections,01P7,"FAC proves that a section of a coherent algebraic sheaf over the principal open V_Q extends after multiplication by every sufficiently high power of Q. Stacks identifies localized global sections with sections on X_f for every quasi-coherent module on a quasi-compact quasi-separated scheme, removing coherence, irreducibility, and finite-type-over-a-field restrictions."
fac:III:2:no:55:theorem:1,55,theorem,fac:III:2:no:55,components/053_III_2_55_sections_of_F_n.tex:38,components/053_III_2_55_sections_of_F_n.tex:38,components/053_III_2_55_sections_of_F_n.tex:38,B8C6508249308F5D8BC886B9E6360F1EC4FDC8F0F18EFAA03EE0E36B591551CA,ext;graded-proj,algebra-section-graded;algebra-section-proj;cohomology-section-ext;constructions-section-proj;derived-section-ext,00JL;00JM;01M3;06XP;0BQP,D000261,existing_stronger,integrated_source_and_stacks,properties-proposition-characterize-ample;modules-lemma-globally-generated;coherent-lemma-coherent-projective,01Q3;01AN;01YS,FAC proves that F(n) is generated by global sections for every sufficiently large n on classical projective space. Stacks makes eventual global generation of every finite-type quasi-coherent module equivalent to ampleness of the twisting line bundle on a quasi-compact scheme and records the projective-space consequence over arbitrary Noetherian base rings.
fac:III:2:no:55:formula:compatibility,55,numbered_paragraph,fac:III:2:no:55,components/053_III_2_55_sections_of_F_n.tex:49,components/053_III_2_55_sections_of_F_n.tex:49,components/053_III_2_55_sections_of_F_n.tex:49,B8C6508249308F5D8BC886B9E6360F1EC4FDC8F0F18EFAA03EE0E36B591551CA,graded-proj,algebra-section-graded;algebra-section-proj;constructions-section-proj,00JL;00JM;01M3,D000262,existing_equivalent,integrated_source_and_stacks,constructions-definition-twist;constructions-lemma-apply-modules,01MN;01MT,FAC writes a global section of F(n) as chart components satisfying s_i=(t_j/t_i)^n s_j. This is exactly the transition law obtained from the local generators t_i^n of the sheaf associated to S(n) on the degree-one standard cover.
fac:III:2:no:55:def:i-th-component,55,definition,fac:III:2:no:55,components/053_III_2_55_sections_of_F_n.tex:54,components/053_III_2_55_sections_of_F_n.tex:54,components/053_III_2_55_sections_of_F_n.tex:54,B8C6508249308F5D8BC886B9E6360F1EC4FDC8F0F18EFAA03EE0E36B591551CA,graded-proj,algebra-section-graded;algebra-section-proj;constructions-section-proj,00JL;00JM;01M3,D000263,historical_reference,integrated_historical_and_modern,constructions-definition-twist;constructions-lemma-standard-covering-projective-space,01MN;01NG,FAC names the local representative s_i on its fixed standard cover the ith component of a section. This cover-dependent terminology is preserved as proof lineage; Stacks works intrinsically with restrictions and local trivializations and does not need a new definition.
fac:III:2:no:55:lemma:2,55,lemma,fac:III:2:no:55,components/053_III_2_55_sections_of_F_n.tex:67,components/053_III_2_55_sections_of_F_n.tex:67,components/053_III_2_55_sections_of_F_n.tex:67,B8C6508249308F5D8BC886B9E6360F1EC4FDC8F0F18EFAA03EE0E36B591551CA,ext;graded-proj,algebra-section-graded;algebra-section-proj;cohomology-section-ext;constructions-section-proj;derived-section-ext,00JL;00JM;01M3;06XP;0BQP,D000264,existing_stronger,integrated_source_and_stacks,properties-lemma-invert-s-sections,01PW,"FAC globalizes any section on one standard chart as the prescribed component of a sufficiently high twist by clearing chart denominators and overlap defects. Stacks proves the corresponding localization map is an isomorphism for every quasi-coherent module, invertible sheaf, and section on a quasi-compact quasi-separated scheme."
fac:III:2:no:55:formula:lemma2-local-extension,55,numbered_paragraph,fac:III:2:no:55,components/053_III_2_55_sections_of_F_n.tex:79,components/053_III_2_55_sections_of_F_n.tex:79,components/053_III_2_55_sections_of_F_n.tex:79,B8C6508249308F5D8BC886B9E6360F1EC4FDC8F0F18EFAA03EE0E36B591551CA,ext;graded-proj,algebra-section-graded;algebra-section-proj;cohomology-section-ext;constructions-section-proj;derived-section-ext,00JL;00JM;01M3;06XP;0BQP,D000265,existing_equivalent,integrated_source_and_stacks,properties-lemma-invert-f-sections;properties-lemma-invert-s-sections,01P7;01PW,"FAC extends the restriction of s_i from U_i intersect U_j to U_j after multiplication by a common high power of t_i/t_j. This is the principal-open denominator-clearing step in the general localization theorem, with the finite chart set supplying one common exponent."
fac:III:2:no:55:formula:lemma2-compatibility,55,numbered_paragraph,fac:III:2:no:55,components/053_III_2_55_sections_of_F_n.tex:97,components/053_III_2_55_sections_of_F_n.tex:97,components/053_III_2_55_sections_of_F_n.tex:97,B8C6508249308F5D8BC886B9E6360F1EC4FDC8F0F18EFAA03EE0E36B591551CA,graded-proj,algebra-section-graded;algebra-section-proj;constructions-section-proj,00JL;00JM;01M3,D000266,existing_equivalent,integrated_source_and_stacks,properties-lemma-invert-s-sections;constructions-lemma-apply-modules,01PW;01MT,FAC observes that the pairwise overlap defect vanishes where t_i/t_j is invertible and kills every defect by one further common power. The Stacks proof of invertible-section localization performs the same finite-cover uniformization intrinsically.
fac:III:2:no:55:formula:gluing,55,numbered_paragraph,fac:III:2:no:55,components/053_III_2_55_sections_of_F_n.tex:104,components/053_III_2_55_sections_of_F_n.tex:104,components/053_III_2_55_sections_of_F_n.tex:104,B8C6508249308F5D8BC886B9E6360F1EC4FDC8F0F18EFAA03EE0E36B591551CA,graded-proj,algebra-section-graded;algebra-section-proj;constructions-section-proj,00JL;00JM;01M3,D000267,existing_equivalent,integrated_source_and_stacks,constructions-definition-twist;constructions-lemma-apply-modules;properties-lemma-invert-s-sections,01MN;01MT;01PW,"After setting n=p+q, FAC obtains s_j=(t_k/t_j)^n s_k, exactly the cocycle for F(n), and hence glues the local sections. Stacks packages the same equality through the shifted-module transition law and the surjectivity of localization at an invertible section."
fac:III:2:no:55:corollary,55,numbered_paragraph,fac:III:2:no:55,components/053_III_2_55_sections_of_F_n.tex:111,components/053_III_2_55_sections_of_F_n.tex:111,components/053_III_2_55_sections_of_F_n.tex:111,B8C6508249308F5D8BC886B9E6360F1EC4FDC8F0F18EFAA03EE0E36B591551CA,ext;graded-proj,algebra-section-graded;algebra-section-proj;cohomology-section-ext;constructions-section-proj;derived-section-ext,00JL;00JM;01M3;06XP;0BQP,D000268,existing_stronger,integrated_source_and_stacks,properties-proposition-characterize-ample;coherent-lemma-coherent-projective,01Q3;01YS,FAC deduces that every coherent algebraic sheaf on projective space is a quotient of finitely many copies of a single O(n). Stacks derives the finite-type quotient criterion from ampleness on any quasi-compact scheme and records the projective-space result over every Noetherian base ring.
fac:III:2:no:56,56,numbered_paragraph,fac:III:2,components/054_III_2_56_graded_modules.tex:6,components/054_III_2_56_graded_modules.tex:6,components/054_III_2_56_graded_modules.tex:6,B8C6508249308F5D8BC886B9E6360F1EC4FDC8F0F18EFAA03EE0E36B591551CA,graded-proj,algebra-section-graded;algebra-section-proj;constructions-section-proj,00JL;00JM;01M3,D000269,extend_existing,integrated_source_and_stacks,algebra-section-graded;algebra-remark-FAC-graded-conventions;homology-definition-serre-subcategory;homology-lemma-serre-subcategory-is-kernel;coherent-proposition-coherent-modules-on-proj,00JL;02MO;02MS;0BXD,"FAC no. 56 fixes the graded-ring, graded-module, degree-shift, high-degree-negligibility, finite-tail, and graded-free conventions used in the projective correspondence. Stacks distributes the same interfaces among general graded algebra, Serre quotients, and the finite graded-module model of coherent sheaves on Proj."
fac:III:2:no:56:def:graded-algebra,56,definition,fac:III:2:no:56,components/054_III_2_56_graded_modules.tex:9,components/054_III_2_56_graded_modules.tex:9,components/054_III_2_56_graded_modules.tex:9,B8C6508249308F5D8BC886B9E6360F1EC4FDC8F0F18EFAA03EE0E36B591551CA,graded-proj,algebra-section-graded;algebra-section-proj;constructions-section-proj,00JL;00JM;01M3,D000270,existing_stronger,integrated_source_and_stacks,algebra-section-graded;algebra-remark-FAC-graded-conventions,00JL,"FAC gives the standard nonnegative grading on K[t_0,...,t_r]. Stacks uses the same multiplication law for every nonnegatively graded ring and explicitly records the irrelevant ideal, so the polynomial-ring definition is a special case."
fac:III:2:no:56:def:graded-module,56,definition,fac:III:2:no:56,components/054_III_2_56_graded_modules.tex:20,components/054_III_2_56_graded_modules.tex:20,components/054_III_2_56_graded_modules.tex:20,B8C6508249308F5D8BC886B9E6360F1EC4FDC8F0F18EFAA03EE0E36B591551CA,graded-proj,algebra-section-graded;algebra-section-proj;constructions-section-proj,00JL;00JM;01M3,D000271,existing_stronger,integrated_source_and_stacks,algebra-section-graded;algebra-remark-FAC-graded-conventions,00JL,FAC defines an integer-graded module and homogeneous submodules over the standard polynomial ring. Stacks uses the same direct-sum and compatibility conditions over an arbitrary nonnegatively graded ring and retains negative module degrees.
fac:III:2:no:56:def:homogeneous-homomorphism,56,definition,fac:III:2:no:56,components/054_III_2_56_graded_modules.tex:32,components/054_III_2_56_graded_modules.tex:32,components/054_III_2_56_graded_modules.tex:32,B8C6508249308F5D8BC886B9E6360F1EC4FDC8F0F18EFAA03EE0E36B591551CA,graded-proj,algebra-section-graded;algebra-section-proj;constructions-section-proj,00JL;00JM;01M3,D000272,existing_equivalent,integrated_source_and_stacks,algebra-section-graded;algebra-remark-FAC-graded-conventions,00JL,FAC's degree-s homogeneous homomorphisms are exactly the elements of GrHom_s in Stacks notation. Both reserve the unqualified graded-module map for degree zero; the history note makes the degree convention and sign explicit.
fac:III:2:no:56:def:shift,56,definition,fac:III:2:no:56,components/054_III_2_56_graded_modules.tex:42,components/054_III_2_56_graded_modules.tex:42,components/054_III_2_56_graded_modules.tex:42,B8C6508249308F5D8BC886B9E6360F1EC4FDC8F0F18EFAA03EE0E36B591551CA,graded-proj,algebra-section-graded;algebra-section-proj;constructions-section-proj,00JL;00JM;01M3,D000273,existing_equivalent,integrated_source_and_stacks,algebra-section-graded;algebra-remark-FAC-graded-conventions,00JL,"Both sources define M(n)_p=M_{n+p}, so twisting lowers displayed degrees by n. The comparison records this exact sign convention and its consequence that a basis element of degree d corresponds to S(-d)."
fac:III:2:no:56:def:class-C,56,definition,fac:III:2:no:56,components/054_III_2_56_graded_modules.tex:53,components/054_III_2_56_graded_modules.tex:53,components/054_III_2_56_graded_modules.tex:53,B8C6508249308F5D8BC886B9E6360F1EC4FDC8F0F18EFAA03EE0E36B591551CA,graded-proj,algebra-section-graded;algebra-section-proj;constructions-section-proj,00JL;00JM;01M3,D000274,extend_existing,integrated_source_and_stacks,homology-definition-serre-subcategory;coherent-proposition-coherent-modules-on-proj,02MO;0BXD,"FAC's class C consists of graded modules with one uniform upper cutoff and satisfies Serre's exact-sequence closure condition. Stacks gives the abstract Serre-subcategory definition and, for finite graded modules on degree-one Proj, identifies the same high-degree-invisible subcategory used in the coherent quotient."
fac:III:2:no:56:def:C-morphism,56,definition,fac:III:2:no:56,components/054_III_2_56_graded_modules.tex:64,components/054_III_2_56_graded_modules.tex:64,components/054_III_2_56_graded_modules.tex:64,B8C6508249308F5D8BC886B9E6360F1EC4FDC8F0F18EFAA03EE0E36B591551CA,graded-proj,algebra-section-graded;algebra-section-proj;constructions-section-proj,00JL;00JM;01M3,D000275,existing_equivalent,integrated_source_and_stacks,homology-lemma-serre-subcategory-is-kernel;coherent-proposition-coherent-modules-on-proj,02MS;0BXD,"FAC calls a morphism C-injective or C-surjective according as its kernel or cokernel lies in C, and C-bijective when both do. These are exactly the arrows inverted by the Stacks construction of the Serre quotient used for coherent modules on Proj."
fac:III:2:no:56:def:TF,56,definition,fac:III:2:no:56,components/054_III_2_56_graded_modules.tex:74,components/054_III_2_56_graded_modules.tex:74,components/054_III_2_56_graded_modules.tex:74,B8C6508249308F5D8BC886B9E6360F1EC4FDC8F0F18EFAA03EE0E36B591551CA,graded-proj,algebra-section-graded;algebra-section-proj;constructions-section-proj,00JL;00JM;01M3,D000276,extend_existing,integrated_historical_and_modern,coherent-proposition-coherent-modules-on-proj;homology-lemma-serre-subcategory-is-kernel,0BXD;02MS,FAC's condition (TF) requires only a finitely generated high-degree tail and equivalently a finite graded representative up to C-isomorphism. Stacks starts with finite representatives in the Serre quotient; the extended history preserves the source's wider finite-tail formulation without silently identifying it with ordinary finite generation.
fac:III:2:no:56:def:free-graded-module,56,definition,fac:III:2:no:56,components/054_III_2_56_graded_modules.tex:85,components/054_III_2_56_graded_modules.tex:85,components/054_III_2_56_graded_modules.tex:85,B8C6508249308F5D8BC886B9E6360F1EC4FDC8F0F18EFAA03EE0E36B591551CA,graded-proj,algebra-section-graded;algebra-section-proj;constructions-section-proj,00JL;00JM;01M3,D000277,existing_equivalent,integrated_source_and_stacks,algebra-section-graded;algebra-remark-FAC-graded-conventions;algebra-lemma-graded-NAK,00JL;0EKB,"FAC defines graded free modules by homogeneous bases and hence as direct sums of shifts S(n_i). Stacks uses the same shifted free summands, including the finite direct sum mapping onto a finite graded module in graded Nakayama, with the sign S(-d_i) for a generator of degree d_i."
fac:III:2:no:57,57,numbered_paragraph,fac:III:2,components/055_III_2_57_sheaf_associated_to_graded_module.tex:6,components/055_III_2_57_sheaf_associated_to_graded_module.tex:6,components/055_III_2_57_sheaf_associated_to_graded_module.tex:6,B8C6508249308F5D8BC886B9E6360F1EC4FDC8F0F18EFAA03EE0E36B591551CA,graded-proj;module-sheaf;sheaves,algebra-section-graded;algebra-section-proj;constructions-section-proj;modules-section-quasi-coherent;schemes-section-quasi-coherent-affine;sheaves-section-sheaves,006S;00JL;00JM;01BD;01I6;01M3,D000278,extend_existing,integrated_source_correction_and_stacks,algebra-lemma-proj-prime;constructions-lemma-standard-open;constructions-definition-structure-sheaf;constructions-lemma-proj-sheaves;constructions-remark-global-sections-not-isomorphism,00JR;01M4;01M6;01M7;01M9,"FAC no. 57 constructs same-degree fractions for a graded module on classical projective space, gives restriction maps, closed-point stalks, and an additive functor, but incorrectly calls the raw assignment on every nonempty open a sheaf. Stacks proves the standard-open sheaf condition, extends uniquely to all opens of Proj, computes every homogeneous-prime stalk, and the existing global-sections counterexample supplies the required correction."
fac:III:2:no:57:def:S-U,57,definition,fac:III:2:no:57,components/055_III_2_57_sheaf_associated_to_graded_module.tex:9,components/055_III_2_57_sheaf_associated_to_graded_module.tex:9,components/055_III_2_57_sheaf_associated_to_graded_module.tex:9,B8C6508249308F5D8BC886B9E6360F1EC4FDC8F0F18EFAA03EE0E36B591551CA,graded-proj;module-sheaf;sheaves,algebra-section-graded;algebra-section-proj;constructions-section-proj;modules-section-quasi-coherent;schemes-section-quasi-coherent-affine;sheaves-section-sheaves,006S;00JL;00JM;01BD;01I6;01M3,D000279,historical_reference,integrated_historical_correction_and_modern,constructions-lemma-standard-open;constructions-definition-structure-sheaf;constructions-remark-global-sections-not-isomorphism,01M4;01M6;01M9,"FAC's S(U) is the multiplicative set of homogeneous polynomials nonvanishing at every classical point of a nonempty open U. Stacks does not use this all-open denominator set: it works on the standard-open basis D_+(f), localizes at powers of f, verifies descent there, and then extends the sheaf."
fac:III:2:no:57:def:M-U,57,definition,fac:III:2:no:57,components/055_III_2_57_sheaf_associated_to_graded_module.tex:16,components/055_III_2_57_sheaf_associated_to_graded_module.tex:16,components/055_III_2_57_sheaf_associated_to_graded_module.tex:16,B8C6508249308F5D8BC886B9E6360F1EC4FDC8F0F18EFAA03EE0E36B591551CA,graded-proj;module-sheaf;sheaves,algebra-section-graded;algebra-section-proj;constructions-section-proj;modules-section-quasi-coherent;schemes-section-quasi-coherent-affine;sheaves-section-sheaves,006S;00JL;00JM;01BD;01I6;01M3,D000280,historical_reference,integrated_historical_correction_and_modern,algebra-lemma-proj-prime;constructions-definition-structure-sheaf;constructions-lemma-proj-sheaves;constructions-remark-global-sections-not-isomorphism,00JR;01M6;01M7;01M9,"FAC's M_U consists of same-degree fractions with one denominator nonvanishing throughout U. This agrees with degree-zero localization on a standard open and yields the right stalk fractions, but on arbitrary opens it need not equal sheaf sections and the raw assignment need not be separated; Stacks therefore constructs the associated sheaf from the standard-open basis."
fac:III:2:no:57:formula:equivalence,57,numbered_paragraph,fac:III:2:no:57,components/055_III_2_57_sheaf_associated_to_graded_module.tex:21,components/055_III_2_57_sheaf_associated_to_graded_module.tex:21,components/055_III_2_57_sheaf_associated_to_graded_module.tex:21,B8C6508249308F5D8BC886B9E6360F1EC4FDC8F0F18EFAA03EE0E36B591551CA,graded-proj;module-sheaf;sheaves,algebra-section-graded;algebra-section-proj;constructions-section-proj;modules-section-quasi-coherent;schemes-section-quasi-coherent-affine;sheaves-section-sheaves,006S;00JL;00JM;01BD;01I6;01M3,D000281,existing_equivalent,integrated_source_and_stacks,algebra-lemma-proj-prime;constructions-lemma-proj-sheaves,00JR;01M7,"FAC identifies m/Q and m'/Q' when a further admissible homogeneous denominator annihilates Q'm-Qm'. This is exactly the localization equivalence used by Stacks for M_(p), including the necessary allowance for zero divisors and module torsion."
fac:III:2:no:57:formula:module-operations,57,numbered_paragraph,fac:III:2:no:57,components/055_III_2_57_sheaf_associated_to_graded_module.tex:32,components/055_III_2_57_sheaf_associated_to_graded_module.tex:32,components/055_III_2_57_sheaf_associated_to_graded_module.tex:32,B8C6508249308F5D8BC886B9E6360F1EC4FDC8F0F18EFAA03EE0E36B591551CA,graded-proj;module-sheaf;sheaves,algebra-section-graded;algebra-section-proj;constructions-section-proj;modules-section-quasi-coherent;schemes-section-quasi-coherent-affine;sheaves-section-sheaves,006S;00JL;00JM;01BD;01I6;01M3,D000282,existing_equivalent,integrated_source_and_stacks,algebra-lemma-proj-prime;constructions-lemma-proj-sheaves,00JR;01M7,FAC's addition and scalar-multiplication formulas are the ordinary localization formulas restricted to total degree zero. Stacks uses the same S_(p)-module operations at stalks and the corresponding S_(f)-module operations on standard opens.
fac:III:2:no:57:formula:transition,57,numbered_paragraph,fac:III:2:no:57,components/055_III_2_57_sheaf_associated_to_graded_module.tex:41,components/055_III_2_57_sheaf_associated_to_graded_module.tex:41,components/055_III_2_57_sheaf_associated_to_graded_module.tex:41,B8C6508249308F5D8BC886B9E6360F1EC4FDC8F0F18EFAA03EE0E36B591551CA,graded-proj;module-sheaf;sheaves,algebra-section-graded;algebra-section-proj;constructions-section-proj;modules-section-quasi-coherent;schemes-section-quasi-coherent-affine;sheaves-section-sheaves,006S;00JL;00JM;01BD;01I6;01M3,D000283,existing_equivalent,integrated_source_and_stacks,constructions-lemma-standard-open;constructions-lemma-proj-sheaves,01M4;01M7,"For U contained in V, FAC uses S(V) contained in S(U) to obtain the contravariant restriction M_V to M_U. On the standard-open basis Stacks gives the same localization map M_(f) to M_(g) whenever D_+(g) is contained in D_+(f), and proves its compatibility."
fac:III:2:no:57:construction:A,57,numbered_paragraph,fac:III:2:no:57,components/055_III_2_57_sheaf_associated_to_graded_module.tex:45,components/055_III_2_57_sheaf_associated_to_graded_module.tex:45,components/055_III_2_57_sheaf_associated_to_graded_module.tex:45,B8C6508249308F5D8BC886B9E6360F1EC4FDC8F0F18EFAA03EE0E36B591551CA,graded-proj;module-sheaf;sheaves,algebra-section-graded;algebra-section-proj;constructions-section-proj;modules-section-quasi-coherent;schemes-section-quasi-coherent-affine;sheaves-section-sheaves,006S;00JL;00JM;01BD;01I6;01M3,D000284,existing_stronger,integrated_source_correction_and_stacks,constructions-definition-structure-sheaf;constructions-lemma-proj-sheaves;constructions-remark-global-sections-not-isomorphism,01M6;01M7;01M9,"FAC says that the raw all-open fraction system defines a sheaf A(M), which fails for general graded M. Stacks supplies the correct stronger construction: prove the sheaf condition for degree-zero localizations on the standard-open basis, extend uniquely to every open, and retain the raw assignment only after sheafification where necessary."
fac:III:2:no:57:formula:stalk,57,numbered_paragraph,fac:III:2:no:57,components/055_III_2_57_sheaf_associated_to_graded_module.tex:49,components/055_III_2_57_sheaf_associated_to_graded_module.tex:49,components/055_III_2_57_sheaf_associated_to_graded_module.tex:49,B8C6508249308F5D8BC886B9E6360F1EC4FDC8F0F18EFAA03EE0E36B591551CA,graded-proj;module-sheaf;sheaves,algebra-section-graded;algebra-section-proj;constructions-section-proj;modules-section-quasi-coherent;schemes-section-quasi-coherent-affine;sheaves-section-sheaves,006S;00JL;00JM;01BD;01I6;01M3,D000285,existing_equivalent,integrated_source_and_stacks,algebra-lemma-proj-prime;constructions-lemma-proj-sheaves,00JR;01M7,FAC identifies the colimit over neighborhoods of a classical point x with the same-degree fraction module M_x. Stacks gives the identical stalk computation as M_(p) for the corresponding homogeneous prime p and strengthens it to every point of Proj.
fac:III:2:no:57:formula:functoriality,57,numbered_paragraph,fac:III:2:no:57,components/055_III_2_57_sheaf_associated_to_graded_module.tex:64,components/055_III_2_57_sheaf_associated_to_graded_module.tex:64,components/055_III_2_57_sheaf_associated_to_graded_module.tex:64,B8C6508249308F5D8BC886B9E6360F1EC4FDC8F0F18EFAA03EE0E36B591551CA,graded-proj;module-sheaf;sheaves,algebra-section-graded;algebra-section-proj;constructions-section-proj;modules-section-quasi-coherent;schemes-section-quasi-coherent-affine;sheaves-section-sheaves,006S;00JL;00JM;01BD;01I6;01M3,D000286,existing_stronger,integrated_source_and_stacks,constructions-lemma-proj-sheaves,01M7,"FAC records that degree-zero graded-module maps induce an additive covariant functor M maps to A(M). The Stacks associated-sheaf construction is functorial for every graded module over every graded ring and additionally proves exactness, while preserving contravariance only in the open-set variable."
fac:III:2:no:58,58,numbered_paragraph,fac:III:2,components/056_III_2_58_first_properties_functor_A.tex:6,components/056_III_2_58_first_properties_functor_A.tex:6,components/056_III_2_58_first_properties_functor_A.tex:6,B8C6508249308F5D8BC886B9E6360F1EC4FDC8F0F18EFAA03EE0E36B591551CA,graded-proj,algebra-section-graded;algebra-section-proj;constructions-section-proj,00JL;00JM;01M3,D000287,extend_existing,integrated_source_correction_and_stacks,constructions-lemma-proj-sheaves;constructions-lemma-when-invertible;constructions-lemma-apply-modules;coherent-lemma-recover-tail-graded-module;coherent-proposition-coherent-modules-on-proj;homology-lemma-serre-subcategory-is-kernel,01M7;01MS;01MT;0AG7;0BXD;02MS,"FAC no. 58 proves exactness of the associated-sheaf functor, compatibility with every integer shift, coherence and high-degree-kernel detection under condition (TF), and detection of relative injectivity and surjectivity. Stacks contains the all-prime and general-base forms, packages the kernel statement as a Serre quotient, and the integration corrects both the printed negative-shift formula and the same pre-localization defect in the existing Proj proof."
fac:III:2:no:58:prop:3,58,proposition,fac:III:2:no:58,components/056_III_2_58_first_properties_functor_A.tex:9,components/056_III_2_58_first_properties_functor_A.tex:9,components/056_III_2_58_first_properties_functor_A.tex:9,B8C6508249308F5D8BC886B9E6360F1EC4FDC8F0F18EFAA03EE0E36B591551CA,ext;graded-proj,algebra-section-graded;algebra-section-proj;cohomology-section-ext;constructions-section-proj;derived-section-ext,00JL;00JM;01M3;06XP;0BQP,D000288,existing_stronger,integrated_source_and_stacks,constructions-lemma-proj-sheaves,01M7,"FAC proves exactness by clearing one further homogeneous denominator in every classical stalk. Stacks uses the same localization exactness at every homogeneous prime of Proj for every graded module over every graded ring, so the modern statement is stronger in ring and point scope."
fac:III:2:no:58:formula:graded-exact-sequence,58,numbered_paragraph,fac:III:2:no:58,components/056_III_2_58_first_properties_functor_A.tex:13,components/056_III_2_58_first_properties_functor_A.tex:13,components/056_III_2_58_first_properties_functor_A.tex:13,B8C6508249308F5D8BC886B9E6360F1EC4FDC8F0F18EFAA03EE0E36B591551CA,graded-proj,algebra-section-graded;algebra-section-proj;constructions-section-proj,00JL;00JM;01M3,D000289,existing_equivalent,integrated_source_and_stacks,algebra-section-graded;constructions-lemma-proj-sheaves,00JL;01M7,FAC starts with a three-term exact sequence of graded modules and degree-zero maps. Stacks uses the same degreewise exact structure on graded modules before applying the associated-sheaf functor.
fac:III:2:no:58:formula:stalk-exact-sequence,58,numbered_paragraph,fac:III:2:no:58,components/056_III_2_58_first_properties_functor_A.tex:19,components/056_III_2_58_first_properties_functor_A.tex:19,components/056_III_2_58_first_properties_functor_A.tex:19,B8C6508249308F5D8BC886B9E6360F1EC4FDC8F0F18EFAA03EE0E36B591551CA,graded-proj,algebra-section-graded;algebra-section-proj;constructions-section-proj,00JL;00JM;01M3,D000290,existing_equivalent,integrated_source_and_stacks,algebra-lemma-proj-prime;constructions-lemma-proj-sheaves,00JR;01M7,FAC reduces exactness of associated sheaves to exactness of the localized fraction sequence at each classical point. Stacks identifies every stalk with M_(p) and checks sheaf exactness on all such stalks.
fac:III:2:no:58:formula:preimage,58,numbered_paragraph,fac:III:2:no:58,components/056_III_2_58_first_properties_functor_A.tex:27,components/056_III_2_58_first_properties_functor_A.tex:27,components/056_III_2_58_first_properties_functor_A.tex:27,B8C6508249308F5D8BC886B9E6360F1EC4FDC8F0F18EFAA03EE0E36B591551CA,graded-proj,algebra-section-graded;algebra-section-proj;constructions-section-proj,00JL;00JM;01M3,D000291,existing_equivalent,integrated_source_and_stacks,algebra-lemma-proj-prime;constructions-lemma-proj-sheaves,00JR;01M7,"FAC clears a denominator R annihilating beta(m'), lifts Rm' through alpha, and represents the required preimage by m/(RQ). This is the standard localization proof of exactness used by the Stacks stalk argument."
fac:III:2:no:58:prop:4,58,proposition,fac:III:2:no:58,components/056_III_2_58_first_properties_functor_A.tex:33,components/056_III_2_58_first_properties_functor_A.tex:33,components/056_III_2_58_first_properties_functor_A.tex:33,B8C6508249308F5D8BC886B9E6360F1EC4FDC8F0F18EFAA03EE0E36B591551CA,ext;graded-proj,algebra-section-graded;algebra-section-proj;cohomology-section-ext;constructions-section-proj;derived-section-ext,00JL;00JM;01M3;06XP;0BQP,D000292,existing_stronger,integrated_source_correction_and_stacks,constructions-definition-twist;constructions-lemma-when-invertible;constructions-lemma-apply-modules,01MN;01MS;01MT,"FAC proves A(M(n)) is canonically A(M)(n) on projective space using the degree-one chart cover. Stacks constructs the canonical multiplication map for every graded ring, proves the local isomorphism in multiples of each chart degree, and obtains the source statement whenever degree-one standard opens cover Proj."
fac:III:2:no:58:formula:eta,58,numbered_paragraph,fac:III:2:no:58,components/056_III_2_58_first_properties_functor_A.tex:40,components/056_III_2_58_first_properties_functor_A.tex:40,components/056_III_2_58_first_properties_functor_A.tex:40,B8C6508249308F5D8BC886B9E6360F1EC4FDC8F0F18EFAA03EE0E36B591551CA,graded-proj,algebra-section-graded;algebra-section-proj;constructions-section-proj,00JL;00JM;01M3,D000293,existing_equivalent,integrated_source_correction_and_stacks,constructions-lemma-when-invertible;constructions-lemma-apply-modules,01MS;01MT,"FAC's chart map is multiplication by t_i^(-n) in the localized graded module, written as m/(t_i^n Q). Stacks uses multiplication by f^n after f is inverted; the corrected formulation is valid for every integer n, whereas the printed assertion t_i^n Q in S(x) is literal only for n at least zero."
fac:III:2:no:58:formula:eta-transition,58,numbered_paragraph,fac:III:2:no:58,components/056_III_2_58_first_properties_functor_A.tex:48,components/056_III_2_58_first_properties_functor_A.tex:48,components/056_III_2_58_first_properties_functor_A.tex:48,B8C6508249308F5D8BC886B9E6360F1EC4FDC8F0F18EFAA03EE0E36B591551CA,graded-proj,algebra-section-graded;algebra-section-proj;constructions-section-proj,00JL;00JM;01M3,D000294,existing_equivalent,integrated_source_and_stacks,constructions-definition-twist;constructions-lemma-apply-modules,01MN;01MT,FAC computes that its local identifications differ by the transition function (t_j/t_i)^n on overlaps. Stacks obtains exactly this cocycle from the canonical multiplication map and the degree-one trivializations of O_X(n).
fac:III:2:no:58:corollary,58,numbered_paragraph,fac:III:2:no:58,components/056_III_2_58_first_properties_functor_A.tex:58,components/056_III_2_58_first_properties_functor_A.tex:58,components/056_III_2_58_first_properties_functor_A.tex:58,B8C6508249308F5D8BC886B9E6360F1EC4FDC8F0F18EFAA03EE0E36B591551CA,ext;graded-proj,algebra-section-graded;algebra-section-proj;cohomology-section-ext;constructions-section-proj;derived-section-ext,00JL;00JM;01M3;06XP;0BQP,D000295,existing_stronger,integrated_source_and_stacks,constructions-definition-twist;constructions-lemma-apply-modules,01MN;01MT,"FAC specializes the shift comparison to A(S(n)) isomorphic to O(n) on classical projective space. Stacks defines O_X(n) as the sheaf associated to S(n) for every graded ring and, under the degree-one-cover hypothesis, identifies it with the tensor-power twist used by the source."
fac:III:2:no:58:prop:5,58,proposition,fac:III:2:no:58,components/056_III_2_58_first_properties_functor_A.tex:70,components/056_III_2_58_first_properties_functor_A.tex:70,components/056_III_2_58_first_properties_functor_A.tex:70,B8C6508249308F5D8BC886B9E6360F1EC4FDC8F0F18EFAA03EE0E36B591551CA,ext;graded-proj,algebra-section-graded;algebra-section-proj;cohomology-section-ext;constructions-section-proj;derived-section-ext,00JL;00JM;01M3;06XP;0BQP,D000296,existing_stronger,integrated_source_correction_and_stacks,constructions-lemma-proj-sheaves;coherent-lemma-recover-tail-graded-module;coherent-proposition-coherent-modules-on-proj,01M7;0AG7;0BXD,"FAC proves that a module satisfying (TF) has a coherent associated sheaf and that the sheaf vanishes exactly when the module vanishes in all high degrees. Stacks proves the finite graded-module version over every Noetherian degree-one generated base, recovers high tails from twisted sections, and identifies the kernel as the Serre subcategory used in the coherent quotient."
fac:III:2:no:58:formula:free-presentation,58,numbered_paragraph,fac:III:2:no:58,components/056_III_2_58_first_properties_functor_A.tex:88,components/056_III_2_58_first_properties_functor_A.tex:88,components/056_III_2_58_first_properties_functor_A.tex:88,B8C6508249308F5D8BC886B9E6360F1EC4FDC8F0F18EFAA03EE0E36B591551CA,graded-proj,algebra-section-graded;algebra-section-proj;constructions-section-proj,00JL;00JM;01M3,D000297,existing_equivalent,integrated_source_and_stacks,algebra-lemma-graded-NAK;coherent-proposition-coherent-modules-on-proj,0EKB;0BXD,"FAC resolves a finite graded module over the Noetherian polynomial ring through two finite graded free modules. Stacks uses the same homogeneous finite-free presentation mechanism, with Noetherianity controlling the first syzygy and shifts recording generator degrees."
fac:III:2:no:58:formula:sheaf-presentation,58,numbered_paragraph,fac:III:2:no:58,components/056_III_2_58_first_properties_functor_A.tex:94,components/056_III_2_58_first_properties_functor_A.tex:94,components/056_III_2_58_first_properties_functor_A.tex:94,B8C6508249308F5D8BC886B9E6360F1EC4FDC8F0F18EFAA03EE0E36B591551CA,graded-proj;sheaves,algebra-section-graded;algebra-section-proj;constructions-section-proj;sheaves-section-sheaves,006S;00JL;00JM;01M3,D000298,existing_equivalent,integrated_source_and_stacks,constructions-lemma-proj-sheaves;constructions-definition-twist;coherent-proposition-coherent-modules-on-proj,01M7;01MN;0BXD,"FAC applies exactness to the finite graded free presentation and identifies the two free sheaves with finite sums of twists O(n_i), making the cokernel coherent. These are the exact associated-sheaf and shifted-free-module steps used in the Stacks coherent Proj correspondence."
fac:III:2:no:58:prop:6,58,proposition,fac:III:2:no:58,components/056_III_2_58_first_properties_functor_A.tex:122,components/056_III_2_58_first_properties_functor_A.tex:122,components/056_III_2_58_first_properties_functor_A.tex:122,B8C6508249308F5D8BC886B9E6360F1EC4FDC8F0F18EFAA03EE0E36B591551CA,ext;graded-proj,algebra-section-graded;algebra-section-proj;cohomology-section-ext;constructions-section-proj;derived-section-ext,00JL;00JM;01M3;06XP;0BQP,D000299,existing_stronger,integrated_source_and_stacks,homology-lemma-serre-subcategory-is-kernel;coherent-proposition-coherent-modules-on-proj,02MS;0BXD,"FAC detects injectivity, surjectivity, and isomorphy after sheafification by asking whether the kernel, cokernel, or both lie in class C. Stacks makes these precisely the arrows inverted by the Serre quotient and proves the resulting functor is an equivalence with coherent sheaves."
fac:III:2:no:58:formula:A-phi,58,numbered_paragraph,fac:III:2:no:58,components/056_III_2_58_first_properties_functor_A.tex:127,components/056_III_2_58_first_properties_functor_A.tex:127,components/056_III_2_58_first_properties_functor_A.tex:127,B8C6508249308F5D8BC886B9E6360F1EC4FDC8F0F18EFAA03EE0E36B591551CA,graded-proj,algebra-section-graded;algebra-section-proj;constructions-section-proj,00JL;00JM;01M3,D000300,existing_equivalent,integrated_source_and_stacks,constructions-lemma-proj-sheaves;homology-lemma-serre-subcategory-is-kernel;coherent-proposition-coherent-modules-on-proj,01M7;02MS;0BXD,"The FAC morphism A(phi) is the functorial associated-sheaf map. Exactness identifies its kernel and cokernel with the sheaves associated to Ker(phi) and Coker(phi), exactly as required by the Stacks quotient criterion."
fac:III:2:no:59,59,numbered_paragraph,fac:III:2,components/057_III_2_59_graded_module_associated_to_algebraic_sheaf.tex:6,components/057_III_2_59_graded_module_associated_to_algebraic_sheaf.tex:6,components/057_III_2_59_graded_module_associated_to_algebraic_sheaf.tex:6,B8C6508249308F5D8BC886B9E6360F1EC4FDC8F0F18EFAA03EE0E36B591551CA,graded-proj;module-sheaf;sheaves,algebra-section-graded;algebra-section-proj;constructions-section-proj;modules-section-quasi-coherent;schemes-section-quasi-coherent-affine;sheaves-section-sheaves,006S;00JL;00JM;01BD;01I6;01M3,D000301,extend_existing,integrated_source_and_stacks,modules-definition-gamma-star;constructions-lemma-apply-modules;constructions-lemma-comparison-proj-quasi-coherent;constructions-lemma-comparison-proj-triangle-identities;properties-lemma-proj-quasi-coherent;coherent-proposition-coherent-modules-on-proj,01CV;01MT;0B5I;0AG5;0BXD,"FAC no. 59 constructs the graded module of all twisted sections, the canonical maps in both directions, and their two identity composites. Stacks already contains the graded-section and comparison constructions and stronger recovery theorems; this checkpoint adds their missing joint triangle-identity statement with a complete standard-open proof."
fac:III:2:no:59:formula:graded-sections,59,numbered_paragraph,fac:III:2:no:59,components/057_III_2_59_graded_module_associated_to_algebraic_sheaf.tex:11,components/057_III_2_59_graded_module_associated_to_algebraic_sheaf.tex:11,components/057_III_2_59_graded_module_associated_to_algebraic_sheaf.tex:11,B8C6508249308F5D8BC886B9E6360F1EC4FDC8F0F18EFAA03EE0E36B591551CA,graded-proj;module-sheaf;sheaves,algebra-section-graded;algebra-section-proj;constructions-section-proj;modules-section-quasi-coherent;schemes-section-quasi-coherent-affine;sheaves-section-sheaves,006S;00JL;00JM;01BD;01I6;01M3,D000302,existing_stronger,integrated_source_and_stacks,modules-definition-gamma-star;constructions-equation-global-sections-module,01CV;03GK,"FAC forms the integer-graded sum of Gamma(X,F(n)) on projective space. Stacks defines the same construction for an arbitrary ringed space with an invertible sheaf and distinguishes its intrinsic graded section ring from the chosen ring S."
fac:III:2:no:59:formula:S-action,59,numbered_paragraph,fac:III:2:no:59,components/057_III_2_59_graded_module_associated_to_algebraic_sheaf.tex:23,components/057_III_2_59_graded_module_associated_to_algebraic_sheaf.tex:23,components/057_III_2_59_graded_module_associated_to_algebraic_sheaf.tex:23,B8C6508249308F5D8BC886B9E6360F1EC4FDC8F0F18EFAA03EE0E36B591551CA,graded-proj;module-sheaf;sheaves,algebra-section-graded;algebra-section-proj;constructions-section-proj;modules-section-quasi-coherent;schemes-section-quasi-coherent-affine;sheaves-section-sheaves,006S;00JL;00JM;01BD;01I6;01M3,D000303,existing_stronger,integrated_source_and_stacks,modules-definition-gamma-star;constructions-lemma-apply-modules,01CV;01MT,"FAC defines P.s by tensoring sections of O(p) and F(q). Stacks gives the same graded action through the canonical ring map from S to the graded section ring and the associativity constraints for tensor powers, over any degree-one covered Proj."
fac:III:2:no:59:formula:component-action,59,numbered_paragraph,fac:III:2:no:59,components/057_III_2_59_graded_module_associated_to_algebraic_sheaf.tex:39,components/057_III_2_59_graded_module_associated_to_algebraic_sheaf.tex:39,components/057_III_2_59_graded_module_associated_to_algebraic_sheaf.tex:39,B8C6508249308F5D8BC886B9E6360F1EC4FDC8F0F18EFAA03EE0E36B591551CA,graded-proj;module-sheaf;sheaves,algebra-section-graded;algebra-section-proj;constructions-section-proj;modules-section-quasi-coherent;schemes-section-quasi-coherent-affine;sheaves-section-sheaves,006S;00JL;00JM;01BD;01I6;01M3,D000304,existing_equivalent,integrated_source_and_stacks,constructions-lemma-apply-modules;constructions-definition-twist,01MT;01MN,"On D_+(t_i), FAC's formula (P.s)_i=(P/t_i^p)s_i is exactly the standard-open trivialization of the canonical graded action. The overlap rule is the twist cocycle already recorded by the Stacks construction."
fac:III:2:no:59:formula:alpha-beta,59,numbered_paragraph,fac:III:2:no:59,components/057_III_2_59_graded_module_associated_to_algebraic_sheaf.tex:47,components/057_III_2_59_graded_module_associated_to_algebraic_sheaf.tex:47,components/057_III_2_59_graded_module_associated_to_algebraic_sheaf.tex:47,B8C6508249308F5D8BC886B9E6360F1EC4FDC8F0F18EFAA03EE0E36B591551CA,graded-proj;module-sheaf;sheaves,algebra-section-graded;algebra-section-proj;constructions-section-proj;modules-section-quasi-coherent;schemes-section-quasi-coherent-affine;sheaves-section-sheaves,006S;00JL;00JM;01BD;01I6;01M3,D000305,extend_existing,integrated_source_and_stacks,constructions-lemma-apply-modules;constructions-lemma-comparison-proj-quasi-coherent;constructions-lemma-comparison-proj-triangle-identities,01MT;0B5I,FAC places the canonical unit-like map alpha and counit-like map beta side by side. Stacks constructs both maps separately; the new lemma records their two compatibility identities without asserting an unjustified adjunction.
fac:III:2:no:59:def:alpha,59,definition,fac:III:2:no:59,components/057_III_2_59_graded_module_associated_to_algebraic_sheaf.tex:54,components/057_III_2_59_graded_module_associated_to_algebraic_sheaf.tex:54,components/057_III_2_59_graded_module_associated_to_algebraic_sheaf.tex:54,B8C6508249308F5D8BC886B9E6360F1EC4FDC8F0F18EFAA03EE0E36B591551CA,graded-proj;module-sheaf;sheaves,algebra-section-graded;algebra-section-proj;constructions-section-proj;modules-section-quasi-coherent;schemes-section-quasi-coherent-affine;sheaves-section-sheaves,006S;00JL;00JM;01BD;01I6;01M3,D000306,existing_equivalent,integrated_source_and_stacks,constructions-lemma-apply-modules;constructions-equation-global-sections-more-generally-simplified,01MT;0AG4,"FAC sends m in degree n to the section represented by m/1 after shifting M(n). Under the degree-one-cover hypothesis this is exactly the degree-n component of the Stacks canonical map M to the direct sum of Gamma(X,tilde M(n))."
fac:III:2:no:59:def:beta,59,definition,fac:III:2:no:59,components/057_III_2_59_graded_module_associated_to_algebraic_sheaf.tex:67,components/057_III_2_59_graded_module_associated_to_algebraic_sheaf.tex:67,components/057_III_2_59_graded_module_associated_to_algebraic_sheaf.tex:67,B8C6508249308F5D8BC886B9E6360F1EC4FDC8F0F18EFAA03EE0E36B591551CA,graded-proj;module-sheaf;sheaves,algebra-section-graded;algebra-section-proj;constructions-section-proj;modules-section-quasi-coherent;schemes-section-quasi-coherent-affine;sheaves-section-sheaves,006S;00JL;00JM;01BD;01I6;01M3,D000307,existing_stronger,integrated_source_and_stacks,constructions-lemma-comparison-proj-quasi-coherent;properties-lemma-proj-quasi-coherent,0B5I;0AG5,"FAC sends a same-degree localized fraction s/Q to Q^(-1)s near a classical point. Stacks defines this comparison on every homogeneous standard open, functorially for quasi-coherent modules, and proves it is an isomorphism on every quasi-compact Proj."
fac:III:2:no:59:formula:beta-x,59,numbered_paragraph,fac:III:2:no:59,components/057_III_2_59_graded_module_associated_to_algebraic_sheaf.tex:80,components/057_III_2_59_graded_module_associated_to_algebraic_sheaf.tex:80,components/057_III_2_59_graded_module_associated_to_algebraic_sheaf.tex:80,B8C6508249308F5D8BC886B9E6360F1EC4FDC8F0F18EFAA03EE0E36B591551CA,graded-proj;module-sheaf;sheaves,algebra-section-graded;algebra-section-proj;constructions-section-proj;modules-section-quasi-coherent;schemes-section-quasi-coherent-affine;sheaves-section-sheaves,006S;00JL;00JM;01BD;01I6;01M3,D000308,existing_equivalent,integrated_source_and_stacks,constructions-lemma-comparison-proj-quasi-coherent,0B5I,"FAC's chart expression beta_x(s/Q)=(t_i^n/Q)s_i(x) is the germ at x of the Stacks local formula m/f^r maps to m restricted times f^(-r), after trivializing F(n) by t_i^n."
fac:III:2:no:59:prop:7,59,proposition,fac:III:2:no:59,components/057_III_2_59_graded_module_associated_to_algebraic_sheaf.tex:90,components/057_III_2_59_graded_module_associated_to_algebraic_sheaf.tex:90,components/057_III_2_59_graded_module_associated_to_algebraic_sheaf.tex:90,B8C6508249308F5D8BC886B9E6360F1EC4FDC8F0F18EFAA03EE0E36B591551CA,ext;graded-proj;module-sheaf;sheaves,algebra-section-graded;algebra-section-proj;cohomology-section-ext;constructions-section-proj;derived-section-ext;modules-section-quasi-coherent;schemes-section-quasi-coherent-affine;sheaves-section-sheaves,006S;00JL;00JM;01BD;01I6;01M3;06XP;0BQP,D000309,new_statement,integrated_source_and_stacks,constructions-lemma-comparison-proj-triangle-identities,,FAC asserts that sheafifying alpha and then applying beta returns the associated sheaf of every graded module. The new Stacks lemma isolates this identity under the source's degree-one-cover hypothesis and proves it on standard-open fractions.
fac:III:2:no:59:formula:prop7-composite,59,numbered_paragraph,fac:III:2:no:59,components/057_III_2_59_graded_module_associated_to_algebraic_sheaf.tex:93,components/057_III_2_59_graded_module_associated_to_algebraic_sheaf.tex:93,components/057_III_2_59_graded_module_associated_to_algebraic_sheaf.tex:93,B8C6508249308F5D8BC886B9E6360F1EC4FDC8F0F18EFAA03EE0E36B591551CA,graded-proj;module-sheaf;sheaves,algebra-section-graded;algebra-section-proj;constructions-section-proj;modules-section-quasi-coherent;schemes-section-quasi-coherent-affine;sheaves-section-sheaves,006S;00JL;00JM;01BD;01I6;01M3,D000310,existing_equivalent,integrated_source_and_stacks,constructions-lemma-comparison-proj-triangle-identities,,The displayed FAC composite is exactly the first composite in the new Stacks lemma. A fraction m/f^r maps to alpha(m)/f^r and then back to m/f^r.
fac:III:2:no:59:prop:8,59,proposition,fac:III:2:no:59,components/057_III_2_59_graded_module_associated_to_algebraic_sheaf.tex:104,components/057_III_2_59_graded_module_associated_to_algebraic_sheaf.tex:104,components/057_III_2_59_graded_module_associated_to_algebraic_sheaf.tex:104,B8C6508249308F5D8BC886B9E6360F1EC4FDC8F0F18EFAA03EE0E36B591551CA,ext;graded-proj;module-sheaf;sheaves,algebra-section-graded;algebra-section-proj;cohomology-section-ext;constructions-section-proj;derived-section-ext;modules-section-quasi-coherent;schemes-section-quasi-coherent-affine;sheaves-section-sheaves,006S;00JL;00JM;01BD;01I6;01M3;06XP;0BQP,D000311,new_statement,integrated_source_and_stacks,constructions-lemma-comparison-proj-triangle-identities,,FAC asserts that applying alpha to the twisted-section module and then beta degreewise returns every twisted global section. The new Stacks lemma states and proves this second identity for quasi-coherent modules on degree-one covered Proj.
fac:III:2:no:59:formula:prop8-composite,59,numbered_paragraph,fac:III:2:no:59,components/057_III_2_59_graded_module_associated_to_algebraic_sheaf.tex:107,components/057_III_2_59_graded_module_associated_to_algebraic_sheaf.tex:107,components/057_III_2_59_graded_module_associated_to_algebraic_sheaf.tex:107,B8C6508249308F5D8BC886B9E6360F1EC4FDC8F0F18EFAA03EE0E36B591551CA,graded-proj;module-sheaf;sheaves,algebra-section-graded;algebra-section-proj;constructions-section-proj;modules-section-quasi-coherent;schemes-section-quasi-coherent-affine;sheaves-section-sheaves,006S;00JL;00JM;01BD;01I6;01M3,D000312,existing_equivalent,integrated_source_and_stacks,constructions-lemma-comparison-proj-triangle-identities,,The displayed FAC composite is the degreewise second composite in the new Stacks lemma: a section s is represented locally by s/1 and the comparison map returns s on every standard open.
fac:III:2:no:59:forecast:no:65,59,numbered_paragraph,fac:III:2:no:59,components/057_III_2_59_graded_module_associated_to_algebraic_sheaf.tex:119,components/057_III_2_59_graded_module_associated_to_algebraic_sheaf.tex:119,components/057_III_2_59_graded_module_associated_to_algebraic_sheaf.tex:119,B8C6508249308F5D8BC886B9E6360F1EC4FDC8F0F18EFAA03EE0E36B591551CA,graded-proj;module-sheaf;sheaves,algebra-section-graded;algebra-section-proj;constructions-section-proj;modules-section-quasi-coherent;schemes-section-quasi-coherent-affine;sheaves-section-sheaves,006S;00JL;00JM;01BD;01I6;01M3,D000313,historical_reference,integrated_historical_and_modern,properties-lemma-proj-quasi-coherent;coherent-proposition-coherent-modules-on-proj,0AG5;0BXD,FAC forecasts the later coherent recovery theorem and the high-tail equivalence for alpha. Stacks proves a stronger quasi-coherent recovery theorem on quasi-compact Proj and packages the finite graded coherent case as an equivalence modulo high-degree torsion; no. 65 remains the source's proof checkpoint.
fac:III:2:no:60,60,numbered_paragraph,fac:III:2,components/058_III_2_60_coherent_algebraic_sheaves.tex:6,components/058_III_2_60_coherent_algebraic_sheaves.tex:6,components/058_III_2_60_coherent_algebraic_sheaves.tex:6,B8C6508249308F5D8BC886B9E6360F1EC4FDC8F0F18EFAA03EE0E36B591551CA,coherent,coherent-section-coherent-sheaves;modules-section-coherent,01BU;01XY,D000314,extend_existing,integrated_source_correction_and_stacks,modules-definition-gamma-star;coherent-lemma-coherent-on-proj;properties-lemma-proj-quasi-coherent;coherent-proposition-coherent-modules-on-proj,01CV;0AG6;0AG5;0BXD,FAC no. 60 proves recovery for finite sums of twists and constructs a high-tail-finite graded representative of every coherent algebraic sheaf from a presentation. Stacks contains stronger direct recovery and quotient-equivalence statements; this checkpoint adds the exact historical proof route and its zero-dimensional boundary.
fac:III:2:no:60:prop:9,60,proposition,fac:III:2:no:60,components/058_III_2_60_coherent_algebraic_sheaves.tex:11,components/058_III_2_60_coherent_algebraic_sheaves.tex:11,components/058_III_2_60_coherent_algebraic_sheaves.tex:11,B8C6508249308F5D8BC886B9E6360F1EC4FDC8F0F18EFAA03EE0E36B591551CA,coherent;ext,coherent-section-coherent-sheaves;cohomology-section-ext;derived-section-ext;modules-section-coherent,01BU;01XY;06XP;0BQP,D000315,existing_stronger,integrated_source_and_stacks,modules-definition-gamma-star;coherent-lemma-coherent-on-proj;properties-lemma-proj-quasi-coherent,01CV;0AG6;0AG5,FAC proves high-tail finiteness and comparison-map bijectivity for finite sums of twists on classical projective space. Stacks proves tail finiteness for every coherent sheaf under Noetherian degree-one hypotheses and direct recovery for every quasi-coherent sheaf on a quasi-compact Proj.
fac:III:2:no:60:theorem:2,60,theorem,fac:III:2:no:60,components/058_III_2_60_coherent_algebraic_sheaves.tex:34,components/058_III_2_60_coherent_algebraic_sheaves.tex:34,components/058_III_2_60_coherent_algebraic_sheaves.tex:34,B8C6508249308F5D8BC886B9E6360F1EC4FDC8F0F18EFAA03EE0E36B591551CA,coherent;ext,coherent-section-coherent-sheaves;cohomology-section-ext;derived-section-ext;modules-section-coherent,01BU;01XY;06XP;0BQP,D000316,existing_stronger,integrated_source_and_stacks,coherent-lemma-coherent-on-proj;properties-lemma-proj-quasi-coherent;coherent-proposition-coherent-modules-on-proj,0AG6;0AG5;0BXD,FAC realizes every coherent algebraic sheaf as the sheaf associated to a graded module satisfying its high-tail condition. Stacks gives direct recovery from twisted sections and a full equivalence between coherent sheaves and finite graded modules modulo high-degree torsion over a more general base.
fac:III:2:no:60:formula:sheaf-presentation,60,numbered_paragraph,fac:III:2:no:60,components/058_III_2_60_coherent_algebraic_sheaves.tex:43,components/058_III_2_60_coherent_algebraic_sheaves.tex:43,components/058_III_2_60_coherent_algebraic_sheaves.tex:43,B8C6508249308F5D8BC886B9E6360F1EC4FDC8F0F18EFAA03EE0E36B591551CA,coherent;sheaves,coherent-section-coherent-sheaves;modules-section-coherent;sheaves-section-sheaves,006S;01BU;01XY,D000317,existing_equivalent,integrated_source_and_stacks,coherent-lemma-coherent-on-proj;coherent-proposition-coherent-modules-on-proj,0AG6;0BXD,FAC presents a coherent algebraic sheaf as the cokernel of a map between two finite sums of twists. The finite-twist quotient in the Stacks coherent Proj lemma supplies exactly this presentation after presenting its coherent kernel once more.
fac:III:2:no:60:formula:Gamma-phi,60,numbered_paragraph,fac:III:2:no:60,components/058_III_2_60_coherent_algebraic_sheaves.tex:51,components/058_III_2_60_coherent_algebraic_sheaves.tex:51,components/058_III_2_60_coherent_algebraic_sheaves.tex:51,B8C6508249308F5D8BC886B9E6360F1EC4FDC8F0F18EFAA03EE0E36B591551CA,coherent,coherent-section-coherent-sheaves;modules-section-coherent,01BU;01XY,D000318,existing_equivalent,integrated_source_and_stacks,modules-definition-gamma-star;constructions-lemma-apply-modules,01CV;01MT,FAC applies all twisted global sections degreewise to the presentation map. Stacks obtains the same graded module homomorphism functorially from a sheaf morphism and the canonical twist action; no exactness of global sections is asserted.
fac:III:2:no:60:formula:module-cokernel,60,numbered_paragraph,fac:III:2:no:60,components/058_III_2_60_coherent_algebraic_sheaves.tex:59,components/058_III_2_60_coherent_algebraic_sheaves.tex:59,components/058_III_2_60_coherent_algebraic_sheaves.tex:59,B8C6508249308F5D8BC886B9E6360F1EC4FDC8F0F18EFAA03EE0E36B591551CA,coherent,coherent-section-coherent-sheaves;modules-section-coherent,01BU;01XY,D000319,existing_equivalent,integrated_source_and_stacks,modules-definition-gamma-star;constructions-lemma-proj-sheaves;coherent-proposition-coherent-modules-on-proj,01CV;01M7;0BXD,FAC defines the desired graded representative as the cokernel of the map between twisted-section modules. This is the ordinary graded cokernel used before applying the exact associated-sheaf functor in the Stacks quotient construction.
fac:III:2:no:60:formula:sheafified-cokernel,60,numbered_paragraph,fac:III:2:no:60,components/058_III_2_60_coherent_algebraic_sheaves.tex:65,components/058_III_2_60_coherent_algebraic_sheaves.tex:65,components/058_III_2_60_coherent_algebraic_sheaves.tex:65,B8C6508249308F5D8BC886B9E6360F1EC4FDC8F0F18EFAA03EE0E36B591551CA,coherent;sheaves,coherent-section-coherent-sheaves;modules-section-coherent;sheaves-section-sheaves,006S;01BU;01XY,D000320,existing_equivalent,integrated_source_and_stacks,constructions-lemma-proj-sheaves;coherent-proposition-coherent-modules-on-proj,01M7;0BXD,FAC sheafifies the graded cokernel sequence and uses exactness of the associated-sheaf functor. Stacks proves that exactness by degree-zero localization at every homogeneous prime and uses it in the coherent quotient equivalence.
fac:III:2:no:60:diagram:theorem2,60,diagram,fac:III:2:no:60,components/058_III_2_60_coherent_algebraic_sheaves.tex:73,components/058_III_2_60_coherent_algebraic_sheaves.tex:73,components/058_III_2_60_coherent_algebraic_sheaves.tex:73,B8C6508249308F5D8BC886B9E6360F1EC4FDC8F0F18EFAA03EE0E36B591551CA,coherent,coherent-section-coherent-sheaves;modules-section-coherent,01BU;01XY,D000321,historical_reference,integrated_source_correction_and_modern,constructions-lemma-proj-sheaves;properties-lemma-proj-quasi-coherent;coherent-proposition-coherent-modules-on-proj,01M7;0AG5;0BXD,FAC's two-row cokernel diagram records naturality of the comparison maps and proves that the induced cokernels are isomorphic. The print has roman L in the two upper-left objects where the mathematical types require script sheaves; the corrected source and English edition repair only those symbols.
fac:III:3,fac:III:3,section,fac:III,components/059_III_3_61_complexes_Ck_and_C.tex:9,components/059_III_3_61_complexes_Ck_and_C.tex:9,components/059_III_3_61_complexes_Ck_and_C.tex:9,B8C6508249308F5D8BC886B9E6360F1EC4FDC8F0F18EFAA03EE0E36B591551CA,coherent;cohomology;projective;sheaves,coherent-section-coherent-sheaves;cohomology-section-cohomology-sheaves;constructions-section-proj;constructions-section-projective-space;modules-section-coherent;sheaves-section-sheaves,006S;01BU;01DZ;01M3;01ND;01XY,,structural_only,classified,,,Source structure; no independent Stacks object.
fac:III:3:no:61,61,numbered_paragraph,fac:III:3,components/059_III_3_61_complexes_Ck_and_C.tex:15,components/059_III_3_61_complexes_Ck_and_C.tex:15,components/059_III_3_61_complexes_Ck_and_C.tex:15,B8C6508249308F5D8BC886B9E6360F1EC4FDC8F0F18EFAA03EE0E36B591551CA,,,,D000322,extend_existing,integrated_source_and_stacks,algebra-lemma-directed-colimit-exact;homology-lemma-long-exact-sequence-cochain;more-algebra-definition-koszul;more-algebra-lemma-extended-alternating-Cech-is-colimit-koszul;more-algebra-lemma-extended-alternating-form-module,00DB;0117;0622;0913;0G6H,"FAC no. 61 constructs the positive graded Koszul cochain system C_k(M), its transition maps, direct limit, functoriality, and exact-sequence formalism. Stacks contains the module Koszul-to-extended-alternating-Cech colimit and the exact homological infrastructure; the integration adds the precise graded truncation history."
fac:III:3:no:61:formula:cochain-value,61,numbered_paragraph,fac:III:3:no:61,components/059_III_3_61_complexes_Ck_and_C.tex:25,components/059_III_3_61_complexes_Ck_and_C.tex:25,components/059_III_3_61_complexes_Ck_and_C.tex:25,B8C6508249308F5D8BC886B9E6360F1EC4FDC8F0F18EFAA03EE0E36B591551CA,cech;cohomology,cohomology-section-cech;cohomology-section-cech-cohomology-cohomology;cohomology-section-cohomology-sheaves,01DZ;01ED;01EO,D000323,existing_equivalent,integrated_source_and_stacks,cohomology-definition-alternating-cech-complex;more-algebra-lemma-extended-alternating-Cech-is-colimit-koszul;more-algebra-lemma-extended-alternating-form-module,01FH;0913;0G6H,"At fixed k, FAC's alternating families on q + 1 indices are the internal-degree-zero numerator pieces of the corresponding localization terms; their values on increasing tuples determine the entire family."
fac:III:3:no:61:formula:differential,61,numbered_paragraph,fac:III:3:no:61,components/059_III_3_61_complexes_Ck_and_C.tex:38,components/059_III_3_61_complexes_Ck_and_C.tex:38,components/059_III_3_61_complexes_Ck_and_C.tex:38,B8C6508249308F5D8BC886B9E6360F1EC4FDC8F0F18EFAA03EE0E36B591551CA,,,,D000324,existing_equivalent,integrated_source_and_stacks,more-algebra-definition-koszul;more-algebra-lemma-extended-alternating-Cech-is-colimit-koszul,0622;0913,"FAC's insertion formula is the cochain Koszul differential, equivalently exterior multiplication by the sum of t_i^k dx_i. Stacks presents the reversed homological convention in its Koszul-to-Cech colimit proof."
fac:III:3:no:61:formula:complex-Ck,61,numbered_paragraph,fac:III:3:no:61,components/059_III_3_61_complexes_Ck_and_C.tex:44,components/059_III_3_61_complexes_Ck_and_C.tex:44,components/059_III_3_61_complexes_Ck_and_C.tex:44,B8C6508249308F5D8BC886B9E6360F1EC4FDC8F0F18EFAA03EE0E36B591551CA,,,,D000325,existing_equivalent,integrated_source_and_stacks,homology-section-complexes;more-algebra-definition-koszul,010V;0622,"Exterior multiplication squares to zero, so FAC's finite direct sum is a cochain complex. Its H_k^q notation is the cohomology of the positive truncation, not of the augmented complex."
fac:III:3:no:61:formula:omega-m,61,numbered_paragraph,fac:III:3:no:61,components/059_III_3_61_complexes_Ck_and_C.tex:54,components/059_III_3_61_complexes_Ck_and_C.tex:54,components/059_III_3_61_complexes_Ck_and_C.tex:54,B8C6508249308F5D8BC886B9E6360F1EC4FDC8F0F18EFAA03EE0E36B591551CA,,,,D000326,existing_equivalent,integrated_source_correction_and_stacks,more-algebra-definition-koszul,0622,FAC's exterior-form dictionary is the standard exterior-algebra model for the cochain Koszul complex. The corrected source and English edition replace the printed terminal coefficient index i_i by the type-consistent i_q without changing the diplomatic layer.
fac:III:3:no:61:formula:alpha-k,61,numbered_paragraph,fac:III:3:no:61,components/059_III_3_61_complexes_Ck_and_C.tex:60,components/059_III_3_61_complexes_Ck_and_C.tex:60,components/059_III_3_61_complexes_Ck_and_C.tex:60,B8C6508249308F5D8BC886B9E6360F1EC4FDC8F0F18EFAA03EE0E36B591551CA,,,,D000327,existing_equivalent,integrated_source_and_stacks,more-algebra-definition-koszul,0622,The one-form alpha_k packages the sequence t_0^k through t_r^k defining the Koszul differential; it is the cochain exterior-multiplication counterpart of the Stacks derivation convention.
fac:III:3:no:61:formula:omega-dm,61,numbered_paragraph,fac:III:3:no:61,components/059_III_3_61_complexes_Ck_and_C.tex:62,components/059_III_3_61_complexes_Ck_and_C.tex:62,components/059_III_3_61_complexes_Ck_and_C.tex:62,B8C6508249308F5D8BC886B9E6360F1EC4FDC8F0F18EFAA03EE0E36B591551CA,,,,D000328,existing_equivalent,integrated_source_and_stacks,more-algebra-definition-koszul,0622,"The identity omega_dm = alpha_k wedge omega_m is exactly the exterior-algebra expression for FAC's coboundary, including its alternating signs."
fac:III:3:no:61:formula:rho,61,numbered_paragraph,fac:III:3:no:61,components/059_III_3_61_complexes_Ck_and_C.tex:71,components/059_III_3_61_complexes_Ck_and_C.tex:71,components/059_III_3_61_complexes_Ck_and_C.tex:71,B8C6508249308F5D8BC886B9E6360F1EC4FDC8F0F18EFAA03EE0E36B591551CA,,,,D000329,existing_equivalent,integrated_source_and_stacks,more-algebra-lemma-extended-alternating-Cech-is-colimit-koszul,0913,FAC's transition map multiplies each subset component by the corresponding product of variables to the exponent h - k. These are precisely the localization transition maps in the Stacks Koszul-colimit system.
fac:III:3:no:61:formula:direct-limit-complex,61,numbered_paragraph,fac:III:3:no:61,components/059_III_3_61_complexes_Ck_and_C.tex:79,components/059_III_3_61_complexes_Ck_and_C.tex:79,components/059_III_3_61_complexes_Ck_and_C.tex:79,B8C6508249308F5D8BC886B9E6360F1EC4FDC8F0F18EFAA03EE0E36B591551CA,,,,D000330,existing_equivalent,integrated_source_and_stacks,more-algebra-lemma-extended-alternating-Cech-is-colimit-koszul;more-algebra-lemma-extended-alternating-form-module,0913;0G6H,The colimit C(M) is the internal-degree-zero positive localization complex: the augmentation term is absent and the remaining degrees are shifted down by one. This is not yet an identification with sheaf cohomology.
fac:III:3:no:61:formula:direct-limit-cohomology,61,numbered_paragraph,fac:III:3:no:61,components/059_III_3_61_complexes_Ck_and_C.tex:85,components/059_III_3_61_complexes_Ck_and_C.tex:85,components/059_III_3_61_complexes_Ck_and_C.tex:85,B8C6508249308F5D8BC886B9E6360F1EC4FDC8F0F18EFAA03EE0E36B591551CA,cohomology,cohomology-section-cohomology-sheaves,01DZ,D000331,existing_equivalent,integrated_source_and_stacks,algebra-lemma-directed-colimit-exact,00DB,"Because the index system is directed and filtered colimits of modules are exact, taking cohomology commutes with this colimit. The statement does not extend to arbitrary unfiltered colimits."
fac:III:3:no:61:formula:functorial-chain-map,61,numbered_paragraph,fac:III:3:no:61,components/059_III_3_61_complexes_Ck_and_C.tex:91,components/059_III_3_61_complexes_Ck_and_C.tex:91,components/059_III_3_61_complexes_Ck_and_C.tex:91,B8C6508249308F5D8BC886B9E6360F1EC4FDC8F0F18EFAA03EE0E36B591551CA,,,,D000332,existing_equivalent,integrated_source_and_stacks,homology-section-complexes;more-algebra-lemma-extended-alternating-form-module,010V;0G6H,"A degree-preserving graded module map acts componentwise on FAC's numerator families, commutes with the Koszul coboundary and transition maps, and therefore induces the corresponding map of colimit complexes."
fac:III:3:no:61:formula:functorial-cohomology,61,numbered_paragraph,fac:III:3:no:61,components/059_III_3_61_complexes_Ck_and_C.tex:101,components/059_III_3_61_complexes_Ck_and_C.tex:101,components/059_III_3_61_complexes_Ck_and_C.tex:101,B8C6508249308F5D8BC886B9E6360F1EC4FDC8F0F18EFAA03EE0E36B591551CA,cohomology,cohomology-section-cohomology-sheaves,01DZ,D000333,existing_equivalent,integrated_source_and_stacks,homology-section-complexes,010V,"The induced H_k^q and H^q maps are the ordinary functorial maps on cohomology of cochain complexes, with compatibility across k inherited from the transition system."
fac:III:3:no:61:formula:long-exact-sequence,61,numbered_paragraph,fac:III:3:no:61,components/059_III_3_61_complexes_Ck_and_C.tex:112,components/059_III_3_61_complexes_Ck_and_C.tex:112,components/059_III_3_61_complexes_Ck_and_C.tex:112,B8C6508249308F5D8BC886B9E6360F1EC4FDC8F0F18EFAA03EE0E36B591551CA,,,,D000334,existing_equivalent,integrated_source_and_stacks,homology-lemma-long-exact-sequence-cochain,0117,Degreewise exactness of a short exact sequence of graded modules gives a short exact sequence of FAC cochain complexes and hence the displayed functorial long exact cohomology sequence. Exact filtered colimits give the same result for C(M).
fac:III:3:no:61:remark:no:69,61,remark,fac:III:3:no:61,components/059_III_3_61_complexes_Ck_and_C.tex:120,components/059_III_3_61_complexes_Ck_and_C.tex:120,components/059_III_3_61_complexes_Ck_and_C.tex:120,B8C6508249308F5D8BC886B9E6360F1EC4FDC8F0F18EFAA03EE0E36B591551CA,ext,cohomology-section-ext;derived-section-ext,06XP;0BQP,D000335,historical_reference,integrated_historical_and_modern,cohomology-section-ext;derived-section-ext;more-algebra-section-koszul,0BQP;06XP;0621,FAC only forecasts an Ext description of H_k^q(M) at no. 69. The forecast is preserved as provenance; no Ext identification is imported before its source proof checkpoint.
fac:III:3:no:62,62,numbered_paragraph,fac:III:3,components/060_III_3_62_computation_Hk_for_modules.tex:7,components/060_III_3_62_computation_Hk_for_modules.tex:7,components/060_III_3_62_computation_Hk_for_modules.tex:7,B8C6508249308F5D8BC886B9E6360F1EC4FDC8F0F18EFAA03EE0E36B591551CA,,,,D000336,extend_existing,integrated_source_boundary_and_stacks,algebra-item-submodule;algebra-definition-regular-sequence;algebra-lemma-regular-sequence-powers;more-algebra-lemma-regular-koszul-regular;more-algebra-lemma-vanishing-extended-alternating-koszul;coherent-lemma-cohomology-projective-space-over-ring,00BX;00LF;07DV;062F;0G6L;01XT,"FAC no. 62 turns the finite graded Koszul system into an injectivity criterion, computes it for polynomial twists, proves eventual stabilization, and extracts the monomial formula. Stacks already has the regular-to-Koszul implication and projective-space cohomology formula; the integration adds the module Cech-vanishing form and records the source's zero-dimensional boundary defect."
fac:III:3:no:62:def:alpha-k,62,definition,fac:III:3:no:62,components/060_III_3_62_computation_Hk_for_modules.tex:13,components/060_III_3_62_computation_Hk_for_modules.tex:13,components/060_III_3_62_computation_Hk_for_modules.tex:13,B8C6508249308F5D8BC886B9E6360F1EC4FDC8F0F18EFAA03EE0E36B591551CA,,,,D000337,existing_equivalent,integrated_source_and_stacks,more-algebra-definition-koszul;more-algebra-lemma-regular-koszul-regular;more-algebra-lemma-vanishing-extended-alternating-koszul,0622;062F;0G6L,FAC's alpha-k sends a degree-zero element to the diagonal degree-zero cocycle in the positive cochain Koszul truncation. It is the augmentation image whose exactness is supplied by the module Koszul-regularity lemmas.
fac:III:3:no:62:def:alpha,62,definition,fac:III:3:no:62,components/060_III_3_62_computation_Hk_for_modules.tex:19,components/060_III_3_62_computation_Hk_for_modules.tex:19,components/060_III_3_62_computation_Hk_for_modules.tex:19,B8C6508249308F5D8BC886B9E6360F1EC4FDC8F0F18EFAA03EE0E36B591551CA,,,,D000338,existing_equivalent,integrated_source_and_stacks,more-algebra-lemma-extended-alternating-Cech-is-colimit-koszul;coherent-lemma-cohomology-projective-space-over-ring,0913;01XT,"Compatibility of the finite augmentation maps produces the direct-limit map alpha. For polynomial twists its positive-dimensional value agrees with the degree-zero branch of the Stacks projective-space computation, while the source-local H notation is retained until FAC proves its sheaf comparison."
fac:III:3:no:62:def:generated-submodule,62,definition,fac:III:3:no:62,components/060_III_3_62_computation_Hk_for_modules.tex:26,components/060_III_3_62_computation_Hk_for_modules.tex:26,components/060_III_3_62_computation_Hk_for_modules.tex:26,B8C6508249308F5D8BC886B9E6360F1EC4FDC8F0F18EFAA03EE0E36B591551CA,,,,D000339,existing_equivalent,integrated_source_and_stacks,algebra-item-submodule;algebra-definition-regular-sequence,00BX;00LF,"FAC's notation (P_0,...,P_h)M is the submodule generated by the indicated scalar multiples and is the standard quotient notation used in the Stacks definition of a module-regular sequence."
fac:III:3:no:62:def:colon-submodule,62,definition,fac:III:3:no:62,components/060_III_3_62_computation_Hk_for_modules.tex:34,components/060_III_3_62_computation_Hk_for_modules.tex:34,components/060_III_3_62_computation_Hk_for_modules.tex:34,B8C6508249308F5D8BC886B9E6360F1EC4FDC8F0F18EFAA03EE0E36B591551CA,,,,D000340,existing_equivalent,integrated_source_and_stacks,algebra-item-submodule;algebra-definition-regular-sequence;more-algebra-lemma-regular-koszul-regular,00BX;00LF;062F,The equality N:P=N says precisely that multiplication by P is injective on M/N. Stacks states the same condition directly as injectivity on each successive quotient rather than introducing the colon notation.
fac:III:3:no:62:prop:1,62,proposition,fac:III:3:no:62,components/060_III_3_62_computation_Hk_for_modules.tex:42,components/060_III_3_62_computation_Hk_for_modules.tex:42,components/060_III_3_62_computation_Hk_for_modules.tex:42,B8C6508249308F5D8BC886B9E6360F1EC4FDC8F0F18EFAA03EE0E36B591551CA,ext,cohomology-section-ext;derived-section-ext,06XP;0BQP,D000341,extend_existing,integrated_source_and_stacks,more-algebra-lemma-regular-koszul-regular;more-algebra-lemma-vanishing-extended-alternating-koszul,062F;0G6L,FAC Proposition 1 is the finite-power graded-module instance of exactness for an augmented Koszul complex under successive injectivity. The integration extends the existing alternating-Cech vanishing lemma from the ring case to an arbitrary module and records the positive-truncation consequence.
fac:III:3:no:62:prop:1:hypothesis,62,proposition,fac:III:3:no:62:prop:1,components/060_III_3_62_computation_Hk_for_modules.tex:45,components/060_III_3_62_computation_Hk_for_modules.tex:45,components/060_III_3_62_computation_Hk_for_modules.tex:45,B8C6508249308F5D8BC886B9E6360F1EC4FDC8F0F18EFAA03EE0E36B591551CA,,,,D000342,existing_equivalent,integrated_source_and_stacks,algebra-definition-regular-sequence;more-algebra-lemma-regular-koszul-regular,00LF;062F,Each colon equality is exactly injectivity of t_i^k on M modulo the submodule generated by the preceding powers. The first sentence of the Stacks lemma deliberately needs no nonzero final quotient and therefore matches the source hypothesis exactly.
fac:III:3:no:62:prop:1:item:a,62,proposition,fac:III:3:no:62:prop:1,components/060_III_3_62_computation_Hk_for_modules.tex:52,components/060_III_3_62_computation_Hk_for_modules.tex:52,components/060_III_3_62_computation_Hk_for_modules.tex:52,B8C6508249308F5D8BC886B9E6360F1EC4FDC8F0F18EFAA03EE0E36B591551CA,,,,D000343,existing_equivalent,integrated_source_and_stacks,more-algebra-lemma-regular-koszul-regular;more-algebra-lemma-vanishing-extended-alternating-koszul,062F;0G6L,"For r at least one, exactness at the first localization term identifies every degree-zero cocycle with a unique augmentation element. The r at least one boundary is necessary because the positive complex otherwise has no differential leaving degree zero."
fac:III:3:no:62:prop:1:item:b,62,proposition,fac:III:3:no:62:prop:1,components/060_III_3_62_computation_Hk_for_modules.tex:55,components/060_III_3_62_computation_Hk_for_modules.tex:55,components/060_III_3_62_computation_Hk_for_modules.tex:55,B8C6508249308F5D8BC886B9E6360F1EC4FDC8F0F18EFAA03EE0E36B591551CA,,,,D000344,existing_equivalent,integrated_source_and_stacks,more-algebra-lemma-regular-koszul-regular;more-algebra-lemma-vanishing-extended-alternating-koszul,062F;0G6L,The vanishing for 0<q<r is the intermediate exactness of the positive cochain Koszul truncation on the r+1 powers. The range is empty at the low-dimensional boundaries and is not enlarged to include top degree.
fac:III:3:no:62:prop:2,62,proposition,fac:III:3:no:62,components/060_III_3_62_computation_Hk_for_modules.tex:69,components/060_III_3_62_computation_Hk_for_modules.tex:69,components/060_III_3_62_computation_Hk_for_modules.tex:69,B8C6508249308F5D8BC886B9E6360F1EC4FDC8F0F18EFAA03EE0E36B591551CA,ext,cohomology-section-ext;derived-section-ext,06XP;0BQP,D000345,existing_stronger,integrated_source_boundary_and_stacks,algebra-lemma-regular-sequence-powers;more-algebra-lemma-regular-koszul-regular;more-algebra-lemma-vanishing-extended-alternating-koszul;coherent-lemma-cohomology-projective-space-over-ring,07DV;062F;0G6L;01XT,"FAC computes the finite systems for the twists S(n) over a field by regularity of the polynomial variables and a monomial quotient. Stacks gives the stabilized cohomology formula over an arbitrary base ring, while the finite-k source statement is preserved with its r at least one top-quotient boundary."
fac:III:3:no:62:prop:2:item:a,62,proposition,fac:III:3:no:62:prop:2,components/060_III_3_62_computation_Hk_for_modules.tex:73,components/060_III_3_62_computation_Hk_for_modules.tex:73,components/060_III_3_62_computation_Hk_for_modules.tex:73,B8C6508249308F5D8BC886B9E6360F1EC4FDC8F0F18EFAA03EE0E36B591551CA,,,,D000346,existing_stronger,integrated_source_and_stacks,more-algebra-lemma-regular-koszul-regular;more-algebra-lemma-vanishing-extended-alternating-koszul;coherent-lemma-cohomology-projective-space-over-ring,062F;0G6L;01XT,"For positive projective dimension the finite augmentation is bijective, hence so is its limit. The Stacks formula strengthens the resulting degree-zero computation from a field to every base ring and separately handles projective zero-space."
fac:III:3:no:62:prop:2:item:b,62,proposition,fac:III:3:no:62:prop:2,components/060_III_3_62_computation_Hk_for_modules.tex:76,components/060_III_3_62_computation_Hk_for_modules.tex:76,components/060_III_3_62_computation_Hk_for_modules.tex:76,B8C6508249308F5D8BC886B9E6360F1EC4FDC8F0F18EFAA03EE0E36B591551CA,,,,D000347,existing_stronger,integrated_source_and_stacks,more-algebra-lemma-vanishing-extended-alternating-koszul;coherent-lemma-cohomology-projective-space-over-ring,0G6L;01XT,FAC's finite middle-cohomology vanishing stabilizes to the middle branch of the projective-space formula. Stacks proves the final sheaf-cohomology statement over an arbitrary base ring.
fac:III:3:no:62:prop:2:item:c,62,proposition,fac:III:3:no:62:prop:2,components/060_III_3_62_computation_Hk_for_modules.tex:79,components/060_III_3_62_computation_Hk_for_modules.tex:79,components/060_III_3_62_computation_Hk_for_modules.tex:79,B8C6508249308F5D8BC886B9E6360F1EC4FDC8F0F18EFAA03EE0E36B591551CA,,,,D000348,existing_stronger,integrated_source_boundary_and_stacks,coherent-lemma-cohomology-projective-space-over-ring,01XT,"For r at least one, the bounded nonnegative exponent basis of the finite top quotient becomes the strictly negative exponent basis in the Stacks top-cohomology module. The printed statement cannot be used unqualified when r=0 because top degree then coincides with degree zero."
fac:III:3:no:62:formula:top-cohomology-quotient,62,numbered_paragraph,fac:III:3:no:62,components/060_III_3_62_computation_Hk_for_modules.tex:90,components/060_III_3_62_computation_Hk_for_modules.tex:90,components/060_III_3_62_computation_Hk_for_modules.tex:90,B8C6508249308F5D8BC886B9E6360F1EC4FDC8F0F18EFAA03EE0E36B591551CA,cohomology,cohomology-section-cohomology-sheaves,01DZ,D000349,existing_equivalent,integrated_source_boundary_and_stacks,more-algebra-definition-koszul;coherent-lemma-cohomology-projective-space-over-ring,0622;01XT,"For r at least one, the last cochain term modulo the image of the preceding differential is exactly the displayed homogeneous quotient. For r=0 there is no preceding term, so the source formula is not valid; the Stacks piecewise computation retains the correct degree-zero group."
fac:III:3:no:62:formula:beta-conditions,62,numbered_paragraph,fac:III:3:no:62,components/060_III_3_62_computation_Hk_for_modules.tex:109,components/060_III_3_62_computation_Hk_for_modules.tex:109,components/060_III_3_62_computation_Hk_for_modules.tex:109,B8C6508249308F5D8BC886B9E6360F1EC4FDC8F0F18EFAA03EE0E36B591551CA,,,,D000350,existing_equivalent,integrated_source_and_stacks,coherent-lemma-cohomology-projective-space-over-ring,01XT,The substitution beta_i=k-alpha_i turns surviving numerator monomials into the strictly negative Laurent-monomial basis used by Stacks. Positivity and the sum condition also give the source's eventual bound beta_i<=-n-r.
fac:III:3:no:62:cor:1,62,corollary,fac:III:3:no:62,components/060_III_3_62_computation_Hk_for_modules.tex:119,components/060_III_3_62_computation_Hk_for_modules.tex:119,components/060_III_3_62_computation_Hk_for_modules.tex:119,B8C6508249308F5D8BC886B9E6360F1EC4FDC8F0F18EFAA03EE0E36B591551CA,ext,cohomology-section-ext;derived-section-ext,06XP;0BQP,D000351,existing_stronger,integrated_source_boundary_and_stacks,coherent-lemma-cohomology-projective-space-over-ring,01XT,"For r at least one and nonnegative k in the established context, FAC's stable basis is the finite numerator representation of the negative-exponent basis in the Stacks formula. Stacks states the resulting module canonically over any base ring."
fac:III:3:no:62:cor:2,62,corollary,fac:III:3:no:62,components/060_III_3_62_computation_Hk_for_modules.tex:131,components/060_III_3_62_computation_Hk_for_modules.tex:131,components/060_III_3_62_computation_Hk_for_modules.tex:131,B8C6508249308F5D8BC886B9E6360F1EC4FDC8F0F18EFAA03EE0E36B591551CA,ext,cohomology-section-ext;derived-section-ext,06XP;0BQP,D000352,historical_reference,integrated_historical_and_modern,more-algebra-lemma-extended-alternating-Cech-is-colimit-koszul;coherent-lemma-cohomology-projective-space-over-ring,0913;01XT,"FAC proves that the concrete finite transition maps for S(n) are already isomorphisms once k>=-n-r, with the ambient convention k>=0. Stacks uses the colimit and gives its value but does not isolate this exact finite stabilization bound as a separate result."
fac:III:3:no:62:cor:3,62,corollary,fac:III:3:no:62,components/060_III_3_62_computation_Hk_for_modules.tex:150,components/060_III_3_62_computation_Hk_for_modules.tex:150,components/060_III_3_62_computation_Hk_for_modules.tex:150,B8C6508249308F5D8BC886B9E6360F1EC4FDC8F0F18EFAA03EE0E36B591551CA,ext,cohomology-section-ext;derived-section-ext,06XP;0BQP,D000353,existing_stronger,integrated_source_boundary_and_stacks,coherent-lemma-cohomology-projective-space-over-ring,01XT,"For r at least one, FAC obtains the classical field-valued dimension binomial(-n-1,r), and its alpha statement also treats nonnegative twists when r=0. Stacks gives the full module formula over any base ring and resolves the source's overlapping r=0 branches, where H^0(P^0,O(n)) has rank one for every n."
fac:III:3:no:63,63,numbered_paragraph,fac:III:3,components/061_III_3_63_general_properties_Hq_M.tex:7,components/061_III_3_63_general_properties_Hq_M.tex:7,components/061_III_3_63_general_properties_Hq_M.tex:7,B8C6508249308F5D8BC886B9E6360F1EC4FDC8F0F18EFAA03EE0E36B591551CA,,,,D000354,extend_existing,integrated_source_boundary_and_stacks,more-algebra-lemma-extended-alternating-Cech-is-colimit-koszul;coherent-lemma-coherent-projective;coherent-lemma-recover-tail-graded-module;coherent-proposition-coherent-modules-on-proj,0913;01YS;0AG7;0BXD,"FAC no. 63 transfers the finite-stage computations from free graded modules to every module satisfying (TF), obtaining stabilization, finite-dimensionality, eventual higher vanishing, and eventual recovery of graded pieces. The integration records the finite-resolution method and relates its conclusions to the stronger modern sheaf statements without anticipating the source comparison proved only in no. 64."
fac:III:3:no:63:prop:3,63,proposition,fac:III:3:no:63,components/061_III_3_63_general_properties_Hq_M.tex:10,components/061_III_3_63_general_properties_Hq_M.tex:10,components/061_III_3_63_general_properties_Hq_M.tex:10,B8C6508249308F5D8BC886B9E6360F1EC4FDC8F0F18EFAA03EE0E36B591551CA,ext,cohomology-section-ext;derived-section-ext,06XP;0BQP,D000355,extend_existing,integrated_source_boundary_and_stacks,more-algebra-lemma-extended-alternating-Cech-is-colimit-koszul;coherent-lemma-coherent-projective;coherent-lemma-recover-tail-graded-module,0913;01YS;0AG7,"The three assertions combine a source-specific finite-stage stabilization theorem with modern finiteness, Serre vanishing, and graded-tail recovery. No single Stacks statement has the same algebraic H notation or finite transition system, so the result is distributed across the verified existing lemmas."
fac:III:3:no:63:prop:3:item:a,63,proposition,fac:III:3:no:63:prop:3,components/061_III_3_63_general_properties_Hq_M.tex:15,components/061_III_3_63_general_properties_Hq_M.tex:15,components/061_III_3_63_general_properties_Hq_M.tex:15,B8C6508249308F5D8BC886B9E6360F1EC4FDC8F0F18EFAA03EE0E36B591551CA,,,,D000356,historical_reference,integrated_historical_and_modern,more-algebra-lemma-extended-alternating-Cech-is-colimit-koszul;homology-lemma-five-lemma,0913;05QB,FAC proves eventual isomorphy of the concrete power-transition maps on every H_k^q by a finite graded free resolution and the five lemma. Stacks identifies the colimit system but does not state this finite-stage stabilization over the source polynomial ring as a separate theorem.
fac:III:3:no:63:prop:3:item:b,63,proposition,fac:III:3:no:63:prop:3,components/061_III_3_63_general_properties_Hq_M.tex:20,components/061_III_3_63_general_properties_Hq_M.tex:20,components/061_III_3_63_general_properties_Hq_M.tex:20,B8C6508249308F5D8BC886B9E6360F1EC4FDC8F0F18EFAA03EE0E36B591551CA,,,,D000357,existing_stronger,integrated_source_boundary_and_stacks,coherent-lemma-coherent-projective,01YS,"FAC shows its algebraic colimit groups are finite-dimensional over the field K. After the no. 64 comparison, this is the field case of finite cohomology; Stacks tag 01YS proves finite generation over an arbitrary Noetherian base ring directly for coherent sheaves on projective space."
fac:III:3:no:63:prop:3:item:c,63,proposition,fac:III:3:no:63:prop:3,components/061_III_3_63_general_properties_Hq_M.tex:24,components/061_III_3_63_general_properties_Hq_M.tex:24,components/061_III_3_63_general_properties_Hq_M.tex:24,B8C6508249308F5D8BC886B9E6360F1EC4FDC8F0F18EFAA03EE0E36B591551CA,,,,D000358,existing_stronger,integrated_source_boundary_and_stacks,coherent-lemma-coherent-projective;coherent-lemma-recover-tail-graded-module,01YS;0AG7,"FAC proves eventual higher-degree vanishing and eventual bijectivity from M_n to its algebraic H^0(M(n)). Stacks tags 01YS and 0AG7 state the corresponding sheaf-cohomology vanishing and global-section recovery over a Noetherian degree-one generated base, hence strengthen the source after its no. 64 comparison."
fac:III:3:no:63:def:dimension,63,definition,fac:III:3:no:63,components/061_III_3_63_general_properties_Hq_M.tex:32,components/061_III_3_63_general_properties_Hq_M.tex:32,components/061_III_3_63_general_properties_Hq_M.tex:32,B8C6508249308F5D8BC886B9E6360F1EC4FDC8F0F18EFAA03EE0E36B591551CA,,,,D000359,historical_reference,integrated_historical_and_modern,coherent-lemma-coherent-projective;coherent-proposition-coherent-modules-on-proj,01YS;0BXD,"The source calls the length of a finite graded free resolution the dimension of M and invokes graded Hilbert syzygy to bound it by r+1 over K[t_0,...,t_r]. Stacks proves the destination statements without this terminology or a matching labelled Hilbert-syzygy theorem, so no official tag is assigned to the definition."
fac:III:3:no:63:formula:short-exact,63,numbered_paragraph,fac:III:3:no:63,components/061_III_3_63_general_properties_Hq_M.tex:51,components/061_III_3_63_general_properties_Hq_M.tex:51,components/061_III_3_63_general_properties_Hq_M.tex:51,B8C6508249308F5D8BC886B9E6360F1EC4FDC8F0F18EFAA03EE0E36B591551CA,,,,D000360,existing_equivalent,integrated_source_and_stacks,homology-lemma-long-exact-sequence-cochain;coherent-lemma-coherent-projective,0117;01YS,Taking the kernel of a finite graded free quotient gives the short exact sequence used for induction; degreewise exactness yields the long exact cohomology rows. The modern projective-space proof uses the analogous kernel of a finite quotient by twists.
fac:III:3:no:63:diagram:five-lemma,63,diagram,fac:III:3:no:63,components/061_III_3_63_general_properties_Hq_M.tex:60,components/061_III_3_63_general_properties_Hq_M.tex:60,components/061_III_3_63_general_properties_Hq_M.tex:60,B8C6508249308F5D8BC886B9E6360F1EC4FDC8F0F18EFAA03EE0E36B591551CA,,,,D000361,existing_equivalent,integrated_source_and_stacks,homology-lemma-five-lemma;homology-lemma-long-exact-sequence-cochain,05QB;0117,Naturality of the finite-power transition maps gives a morphism between exact five-term cohomology segments. Eventual isomorphy for the kernel and free middle module supplies the four outer vertical isomorphisms required by the five lemma.
fac:III:3:no:63:formula:cohomology-segment,63,numbered_paragraph,fac:III:3:no:63,components/061_III_3_63_general_properties_Hq_M.tex:75,components/061_III_3_63_general_properties_Hq_M.tex:75,components/061_III_3_63_general_properties_Hq_M.tex:75,B8C6508249308F5D8BC886B9E6360F1EC4FDC8F0F18EFAA03EE0E36B591551CA,cohomology,cohomology-section-cohomology-sheaves,01DZ,D000362,existing_equivalent,integrated_source_and_stacks,homology-lemma-long-exact-sequence-cochain;coherent-lemma-coherent-projective,0117;01YS,"The displayed three terms are the exact segment obtained from the short exact sequence after twisting. Vanishing of the left and right terms for large twists forces the middle higher cohomology to vanish, exactly as in the modern descending-induction proof."
fac:III:3:no:63:diagram:alpha,63,diagram,fac:III:3:no:63,components/061_III_3_63_general_properties_Hq_M.tex:82,components/061_III_3_63_general_properties_Hq_M.tex:82,components/061_III_3_63_general_properties_Hq_M.tex:82,B8C6508249308F5D8BC886B9E6360F1EC4FDC8F0F18EFAA03EE0E36B591551CA,,,,D000363,existing_equivalent,integrated_source_and_stacks,homology-lemma-long-exact-sequence-cochain;coherent-lemma-recover-tail-graded-module,0117;0AG7,"The degree-n exact row and the low-degree cohomology row form a natural diagram. Once the two left comparison maps are isomorphisms and H^1(N(n)) vanishes, exactness makes the comparison for M_n bijective; tag 0AG7 gives the resulting direct global-section recovery."
fac:III:3:no:64,64,numbered_paragraph,fac:III:3,components/062_III_3_64_comparison_cohomology_groups.tex:7,components/062_III_3_64_comparison_cohomology_groups.tex:7,components/062_III_3_64_comparison_cohomology_groups.tex:7,B8C6508249308F5D8BC886B9E6360F1EC4FDC8F0F18EFAA03EE0E36B591551CA,cohomology,cohomology-section-cohomology-sheaves,01DZ,D000364,extend_existing,integrated_source_boundary_and_stacks,more-algebra-lemma-extended-alternating-Cech-is-colimit-koszul;constructions-lemma-proj-sheaves;cohomology-lemma-alternating-usual;coherent-lemma-cech-cohomology-quasi-coherent,0913;01M7;01FM;01XD,"FAC no. 64 identifies its algebraic direct-limit complex with alternating cochains on the standard projective covering and then with sheaf cohomology. The integration completes the existing colimit history, records the standard-open fraction formula, and notes that the modern Proj construction removes the source's condition (TF) from the cochain comparison."
fac:III:3:no:64:map:iota,64,numbered_paragraph,fac:III:3:no:64,components/062_III_3_64_comparison_cohomology_groups.tex:35,components/062_III_3_64_comparison_cohomology_groups.tex:35,components/062_III_3_64_comparison_cohomology_groups.tex:35,B8C6508249308F5D8BC886B9E6360F1EC4FDC8F0F18EFAA03EE0E36B591551CA,cohomology,cohomology-section-cohomology-sheaves,01DZ,D000365,existing_equivalent,integrated_source_and_stacks,more-algebra-lemma-extended-alternating-Cech-is-colimit-koszul;constructions-lemma-proj-sheaves,0913;01M7,The component map sends the internal-degree-zero finite-power representative to the corresponding degree-zero localization fraction on each standard-open intersection. Tags 0913 and 01M7 give exactly the colimit and section identifications used to assemble this morphism of complexes.
fac:III:3:no:64:prop:4,64,proposition,fac:III:3:no:64,components/062_III_3_64_comparison_cohomology_groups.tex:41,components/062_III_3_64_comparison_cohomology_groups.tex:41,components/062_III_3_64_comparison_cohomology_groups.tex:41,B8C6508249308F5D8BC886B9E6360F1EC4FDC8F0F18EFAA03EE0E36B591551CA,cohomology;ext,cohomology-section-cohomology-sheaves;cohomology-section-ext;derived-section-ext,01DZ;06XP;0BQP,D000366,existing_stronger,integrated_source_boundary_and_stacks,more-algebra-lemma-extended-alternating-Cech-is-colimit-koszul;constructions-lemma-proj-sheaves,0913;01M7,"FAC proves the cochain map is bijective for modules satisfying (TF). In the modern basis-sheaf construction every standard-open section is already the degree-zero localization of an arbitrary graded module, so the same finite-cover denominator argument proves the comparison without (TF)."
fac:III:3:no:64:formula:sheaf-exact,64,numbered_paragraph,fac:III:3:no:64,components/062_III_3_64_comparison_cohomology_groups.tex:59,components/062_III_3_64_comparison_cohomology_groups.tex:59,components/062_III_3_64_comparison_cohomology_groups.tex:59,B8C6508249308F5D8BC886B9E6360F1EC4FDC8F0F18EFAA03EE0E36B591551CA,cohomology;sheaves,cohomology-section-cohomology-sheaves;sheaves-section-sheaves,006S;01DZ,D000367,existing_stronger,integrated_source_and_stacks,constructions-lemma-proj-sheaves,01M7,"The source uses exactness of the associated-sheaf functor for a finite graded presentation. Tag 01M7 proves the standard-open and stalk formulas and the exactness assertion for graded modules over an arbitrary graded ring, strengthening the polynomial-field case."
fac:III:3:no:64:formula:cochain-exact,64,numbered_paragraph,fac:III:3:no:64,components/062_III_3_64_comparison_cohomology_groups.tex:66,components/062_III_3_64_comparison_cohomology_groups.tex:66,components/062_III_3_64_comparison_cohomology_groups.tex:66,B8C6508249308F5D8BC886B9E6360F1EC4FDC8F0F18EFAA03EE0E36B591551CA,cech;cohomology,cohomology-section-cech;cohomology-section-cech-cohomology-cohomology;cohomology-section-cohomology-sheaves,01DZ;01ED;01EO,D000368,existing_stronger,integrated_source_and_stacks,coherent-lemma-quasi-coherent-affine-cohomology-zero;coherent-lemma-cech-cohomology-quasi-coherent,01XB;01XD,"Every finite intersection of the standard projective covering is affine, so sections of a short exact sequence of quasi-coherent modules are exact there. Stacks works for arbitrary quasi-coherent modules on any cover with affine finite intersections rather than only coherent algebraic sheaves over K."
fac:III:3:no:64:diagram:iota,64,diagram,fac:III:3:no:64,components/062_III_3_64_comparison_cohomology_groups.tex:76,components/062_III_3_64_comparison_cohomology_groups.tex:76,components/062_III_3_64_comparison_cohomology_groups.tex:76,B8C6508249308F5D8BC886B9E6360F1EC4FDC8F0F18EFAA03EE0E36B591551CA,cohomology,cohomology-section-cohomology-sheaves,01DZ,D000369,existing_equivalent,integrated_source_and_stacks,constructions-lemma-proj-sheaves;homology-lemma-long-exact-sequence-cochain,01M7;0117,Naturality of localization fractions gives the commutative right-exact diagram. Isomorphy for the two finite free modules identifies the cokernels and hence gives isomorphy for the presented module.
fac:III:3:no:64:formula:fraction,64,numbered_paragraph,fac:III:3:no:64,components/062_III_3_64_comparison_cohomology_groups.tex:100,components/062_III_3_64_comparison_cohomology_groups.tex:100,components/062_III_3_64_comparison_cohomology_groups.tex:100,B8C6508249308F5D8BC886B9E6360F1EC4FDC8F0F18EFAA03EE0E36B591551CA,cohomology,cohomology-section-cohomology-sheaves,01DZ,D000370,existing_stronger,integrated_source_and_stacks,constructions-lemma-proj-sheaves,01M7,FAC expresses a degree-n section on a standard intersection as a homogeneous numerator of degree n+k(q+1) divided by the kth power of the product of its q+1 coordinates. Tag 01M7 supplies the degree-zero localization formula for every graded module and every homogeneous standard open.
fac:III:3:no:64:map:nu,64,numbered_paragraph,fac:III:3:no:64,components/062_III_3_64_comparison_cohomology_groups.tex:112,components/062_III_3_64_comparison_cohomology_groups.tex:112,components/062_III_3_64_comparison_cohomology_groups.tex:112,B8C6508249308F5D8BC886B9E6360F1EC4FDC8F0F18EFAA03EE0E36B591551CA,cohomology,cohomology-section-cohomology-sheaves,01DZ,D000371,existing_equivalent,integrated_source_and_stacks,more-algebra-lemma-extended-alternating-Cech-is-colimit-koszul;constructions-lemma-proj-sheaves,0913;01M7,"A finite alternating cochain admits one common denominator exponent; its numerators define a finite-stage element, and different exponents agree in the colimit. This is the inverse of iota under the two verified localization identifications."
fac:III:3:no:64:cor,64,corollary,fac:III:3:no:64,components/062_III_3_64_comparison_cohomology_groups.tex:120,components/062_III_3_64_comparison_cohomology_groups.tex:120,components/062_III_3_64_comparison_cohomology_groups.tex:120,B8C6508249308F5D8BC886B9E6360F1EC4FDC8F0F18EFAA03EE0E36B591551CA,cohomology;ext,cohomology-section-cohomology-sheaves;cohomology-section-ext;derived-section-ext,01DZ;06XP;0BQP,D000372,existing_stronger,integrated_source_and_stacks,cohomology-lemma-alternating-usual;coherent-lemma-cech-cohomology-quasi-coherent,01FM;01XD,FAC passes from the alternating complex to ordinary Cech cohomology and then uses the coherent standard-cover comparison. Tags 01FM and 01XD give the homotopy comparison and identify Cech with sheaf cohomology for every quasi-coherent module on a cover with affine finite intersections.
fac:III:3:no:64:remark,64,remark,fac:III:3:no:64,components/062_III_3_64_comparison_cohomology_groups.tex:132,components/062_III_3_64_comparison_cohomology_groups.tex:132,components/062_III_3_64_comparison_cohomology_groups.tex:132,B8C6508249308F5D8BC886B9E6360F1EC4FDC8F0F18EFAA03EE0E36B591551CA,cohomology;ext,cohomology-section-cohomology-sheaves;cohomology-section-ext;derived-section-ext,01DZ;06XP;0BQP,D000373,existing_stronger,integrated_source_boundary_and_stacks,more-algebra-lemma-extended-alternating-Cech-is-colimit-koszul;constructions-lemma-proj-sheaves,0913;01M7,The source remarks only that iota remains injective without (TF). The modern standard-open section formula and colimit description show it is in fact bijective for every graded module in the Proj basis construction.
fac:III:3:no:65,65,numbered_paragraph,fac:III:3,components/063_III_3_65_applications.tex:6,components/063_III_3_65_applications.tex:6,components/063_III_3_65_applications.tex:6,B8C6508249308F5D8BC886B9E6360F1EC4FDC8F0F18EFAA03EE0E36B591551CA,,,,D000374,extend_existing,integrated_source_boundary_and_stacks,coherent-lemma-recover-tail-graded-module;coherent-proposition-coherent-modules-on-proj;constructions-lemma-comparison-proj-triangle-identities;coherent-lemma-coherent-projective;coherent-lemma-cohomology-projective-space-over-ring,0AG7;0BXD;01YS;01XT,"FAC no. 65 applies the preceding algebraic-to-sheaf comparison to finish the projective module--sheaf correspondence, transfer finiteness and eventual vanishing to coherent sheaves, and compute the twist cohomology basis. The integration records those terminal applications in the five existing destinations and preserves the projective-zero-space boundary."
fac:III:3:no:65:prop:5,65,proposition,fac:III:3:no:65,components/063_III_3_65_applications.tex:9,components/063_III_3_65_applications.tex:9,components/063_III_3_65_applications.tex:9,B8C6508249308F5D8BC886B9E6360F1EC4FDC8F0F18EFAA03EE0E36B591551CA,ext,cohomology-section-ext;derived-section-ext,06XP;0BQP,D000375,existing_equivalent,integrated_source_and_stacks,coherent-lemma-recover-tail-graded-module;coherent-proposition-coherent-modules-on-proj,0AG7;0BXD,"FAC shows that the canonical map from a type-TF graded module to all twisted sections is bijective in sufficiently high degrees. Tag 0AG7 gives the same eventual recovery for a finite graded representative, and tag 0BXD identifies this as the unit of the Serre-quotient equivalence."
fac:III:3:no:65:prop:6,65,proposition,fac:III:3:no:65,components/063_III_3_65_applications.tex:29,components/063_III_3_65_applications.tex:29,components/063_III_3_65_applications.tex:29,B8C6508249308F5D8BC886B9E6360F1EC4FDC8F0F18EFAA03EE0E36B591551CA,ext,cohomology-section-ext;derived-section-ext,06XP;0BQP,D000376,existing_stronger,integrated_source_and_stacks,coherent-proposition-coherent-modules-on-proj;constructions-lemma-comparison-proj-triangle-identities,0BXD,"FAC proves over a field that twisted global sections satisfy the source finiteness condition and that their associated sheaf maps isomorphically to the original coherent algebraic sheaf. Tag 0BXD gives a functorial quasi-inverse over any Noetherian degree-one generated base, while the triangle-identity lemma supplies the exact composite used in the source proof."
fac:III:3:no:65:formula:alpha-beta-composite,65,numbered_paragraph,fac:III:3:no:65,components/063_III_3_65_applications.tex:51,components/063_III_3_65_applications.tex:51,components/063_III_3_65_applications.tex:51,B8C6508249308F5D8BC886B9E6360F1EC4FDC8F0F18EFAA03EE0E36B591551CA,,,,D000377,existing_equivalent,integrated_source_and_stacks,constructions-lemma-comparison-proj-triangle-identities,,The displayed composite is the first comparison triangle: sheafify the module-to-twisted-sections map and then apply the sheaf comparison. The existing proved lemma states that this composite is the identity on every associated sheaf under the same degree-one standard-cover hypothesis.
fac:III:3:no:65:prop:7,65,proposition,fac:III:3:no:65,components/063_III_3_65_applications.tex:62,components/063_III_3_65_applications.tex:62,components/063_III_3_65_applications.tex:62,B8C6508249308F5D8BC886B9E6360F1EC4FDC8F0F18EFAA03EE0E36B591551CA,ext,cohomology-section-ext;derived-section-ext,06XP;0BQP,D000378,existing_stronger,integrated_source_and_stacks,coherent-lemma-coherent-projective,01YS,FAC obtains finite-dimensional cohomology and eventual higher-cohomology vanishing for coherent algebraic sheaves on projective space over a field. Tag 01YS gives finite cohomology modules and Serre vanishing over an arbitrary Noetherian base ring.
fac:III:3:no:65:prop:8,65,proposition,fac:III:3:no:65,components/063_III_3_65_applications.tex:74,components/063_III_3_65_applications.tex:74,components/063_III_3_65_applications.tex:74,B8C6508249308F5D8BC886B9E6360F1EC4FDC8F0F18EFAA03EE0E36B591551CA,ext,cohomology-section-ext;derived-section-ext,06XP;0BQP,D000379,existing_stronger,integrated_source_boundary_and_stacks,coherent-lemma-cohomology-projective-space-over-ring,01XT,FAC computes intermediate vanishing and top cohomology of every twist on projective r-space over a field. Tag 01XT gives the full piecewise computation over an arbitrary ring and explicitly resolves the degree-zero projective-space overlap.
fac:III:3:no:65:formula:top-basis,65,numbered_paragraph,fac:III:3:no:65,components/063_III_3_65_applications.tex:80,components/063_III_3_65_applications.tex:80,components/063_III_3_65_applications.tex:80,B8C6508249308F5D8BC886B9E6360F1EC4FDC8F0F18EFAA03EE0E36B591551CA,,,,D000380,existing_stronger,integrated_source_boundary_and_stacks,coherent-lemma-cohomology-projective-space-over-ring,01XT,"The reciprocal monomials with all exponents positive and total exponent minus the twist form the source's top-cohomology basis. Tag 01XT identifies the corresponding graded piece of the free reciprocal-polynomial module over any base ring, yielding this basis over a field and the rank formula."
fac:III:3:no:65:formula:canonical-top-class,65,numbered_paragraph,fac:III:3:no:65,components/063_III_3_65_applications.tex:97,components/063_III_3_65_applications.tex:97,components/063_III_3_65_applications.tex:97,B8C6508249308F5D8BC886B9E6360F1EC4FDC8F0F18EFAA03EE0E36B591551CA,,,,D000381,existing_stronger,integrated_source_and_stacks,coherent-lemma-cohomology-projective-space-over-ring,01XT,The class of 1/(t_0...t_r) generates top cohomology in twist -r-1. Tag 01XT identifies that graded piece as a free rank-one module on the same generator over every base ring.
fac:III:3:no:66,66,numbered_paragraph,fac:III:3,components/064_III_3_66_coherent_sheaves_projective_varieties.tex:6,components/064_III_3_66_coherent_sheaves_projective_varieties.tex:6,components/064_III_3_66_coherent_sheaves_projective_varieties.tex:6,B8C6508249308F5D8BC886B9E6360F1EC4FDC8F0F18EFAA03EE0E36B591551CA,coherent;projective;varieties,coherent-section-coherent-sheaves;constructions-section-proj;constructions-section-projective-space;modules-section-coherent;varieties-section-varieties,01BU;01M3;01ND;01XY;020C,D000382,extend_existing,integrated_source_boundary_and_stacks,coherent-lemma-i-star-equivalence;coherent-lemma-relative-affine-cohomology;coherent-lemma-proper-over-affine-cohomology-finite;cohomology-proposition-vanishing-Noetherian;properties-proposition-characterize-ample;coherent-lemma-coherent-proper-ample;constructions-definition-twist;morphisms-definition-very-ample,087T;089W;02O6;02UZ;01Q3;0B5T;01MN;01VM,"FAC no. 66 transfers the projective-space results to a closed projective variety, constructs twists from the restricted hyperplane bundle, and records their embedding dependence. The integration connects the closed-pushforward proof, proper finiteness, dimension bound, ample global generation and vanishing, and the intrinsic line-bundle formulation."
fac:III:3:no:66:theorem:1,66,theorem,fac:III:3:no:66,components/064_III_3_66_coherent_sheaves_projective_varieties.tex:20,components/064_III_3_66_coherent_sheaves_projective_varieties.tex:20,components/064_III_3_66_coherent_sheaves_projective_varieties.tex:20,B8C6508249308F5D8BC886B9E6360F1EC4FDC8F0F18EFAA03EE0E36B591551CA,coherent;ext;projective;varieties,coherent-section-coherent-sheaves;cohomology-section-ext;constructions-section-proj;constructions-section-projective-space;derived-section-ext;modules-section-coherent;varieties-section-varieties,01BU;01M3;01ND;01XY;020C;06XP;0BQP,D000383,existing_stronger,integrated_source_and_stacks,coherent-lemma-proper-over-affine-cohomology-finite;cohomology-proposition-vanishing-Noetherian,02O6;02UZ,FAC proves finite-dimensional coherent cohomology and vanishing above dimension for a closed projective variety over a field. Tags 02O6 and 02UZ give finiteness for proper schemes over Noetherian affine bases and dimension vanishing for every abelian sheaf on any Noetherian space.
fac:III:3:no:66:corollary,66,numbered_paragraph,fac:III:3:no:66,components/064_III_3_66_coherent_sheaves_projective_varieties.tex:27,components/064_III_3_66_coherent_sheaves_projective_varieties.tex:27,components/064_III_3_66_coherent_sheaves_projective_varieties.tex:27,B8C6508249308F5D8BC886B9E6360F1EC4FDC8F0F18EFAA03EE0E36B591551CA,coherent;ext;projective;varieties,coherent-section-coherent-sheaves;cohomology-section-ext;constructions-section-proj;constructions-section-projective-space;derived-section-ext;modules-section-coherent;varieties-section-varieties,01BU;01M3;01ND;01XY;020C;06XP;0BQP,D000384,existing_stronger,integrated_source_and_stacks,coherent-lemma-proper-over-affine-cohomology-finite,02O6,The finite-dimensionality of global sections is the degree-zero case of the source theorem. Tag 02O6 gives finite cohomology modules in every degree for a coherent sheaf on a proper scheme over a Noetherian affine base.
fac:III:3:no:66:construction:twist,66,numbered_paragraph,fac:III:3:no:66,components/064_III_3_66_coherent_sheaves_projective_varieties.tex:35,components/064_III_3_66_coherent_sheaves_projective_varieties.tex:35,components/064_III_3_66_coherent_sheaves_projective_varieties.tex:35,B8C6508249308F5D8BC886B9E6360F1EC4FDC8F0F18EFAA03EE0E36B591551CA,coherent;projective;varieties,coherent-section-coherent-sheaves;constructions-section-proj;constructions-section-projective-space;modules-section-coherent;varieties-section-varieties,01BU;01M3;01ND;01XY;020C,D000385,existing_equivalent,integrated_source_and_stacks,constructions-definition-twist;morphisms-definition-very-ample,01MN;01VM,The source glues by the restricted transition functions (t_j/t_i)^n and identifies the result with F tensor O_V(n). Tags 01MN and 01VM encode the same twist once O_V(1) is identified as the pullback of the ambient O(1).
fac:III:3:no:66:theorem:2,66,theorem,fac:III:3:no:66,components/064_III_3_66_coherent_sheaves_projective_varieties.tex:52,components/064_III_3_66_coherent_sheaves_projective_varieties.tex:52,components/064_III_3_66_coherent_sheaves_projective_varieties.tex:52,B8C6508249308F5D8BC886B9E6360F1EC4FDC8F0F18EFAA03EE0E36B591551CA,coherent;ext;projective;varieties,coherent-section-coherent-sheaves;cohomology-section-ext;constructions-section-proj;constructions-section-projective-space;derived-section-ext;modules-section-coherent;varieties-section-varieties,01BU;01M3;01ND;01XY;020C;06XP;0BQP,D000386,existing_stronger,integrated_source_and_stacks,properties-proposition-characterize-ample;coherent-lemma-coherent-proper-ample,01Q3;0B5T,FAC gives one large-twist threshold for global generation and higher-cohomology vanishing on a closed projective variety. Tags 01Q3 and 0B5T give the two conclusions for finite-type sheaves and ample line bundles on the corresponding broader scheme-theoretic surface.
fac:III:3:no:66:theorem:2:item:a,66,theorem,fac:III:3:no:66:theorem:2,components/064_III_3_66_coherent_sheaves_projective_varieties.tex:57,components/064_III_3_66_coherent_sheaves_projective_varieties.tex:57,components/064_III_3_66_coherent_sheaves_projective_varieties.tex:57,B8C6508249308F5D8BC886B9E6360F1EC4FDC8F0F18EFAA03EE0E36B591551CA,coherent;projective;varieties,coherent-section-coherent-sheaves;constructions-section-proj;constructions-section-projective-space;modules-section-coherent;varieties-section-varieties,01BU;01M3;01ND;01XY;020C,D000387,existing_stronger,integrated_source_and_stacks,properties-proposition-characterize-ample,01Q3,The source's stalkwise generation by global sections is precisely global generation of F(n). Tag 01Q3 makes eventual global generation part of the characterization of an ample invertible sheaf on an arbitrary quasi-compact scheme.
fac:III:3:no:66:theorem:2:item:b,66,theorem,fac:III:3:no:66:theorem:2,components/064_III_3_66_coherent_sheaves_projective_varieties.tex:62,components/064_III_3_66_coherent_sheaves_projective_varieties.tex:62,components/064_III_3_66_coherent_sheaves_projective_varieties.tex:62,B8C6508249308F5D8BC886B9E6360F1EC4FDC8F0F18EFAA03EE0E36B591551CA,coherent;projective;varieties,coherent-section-coherent-sheaves;constructions-section-proj;constructions-section-projective-space;modules-section-coherent;varieties-section-varieties,01BU;01M3;01ND;01XY;020C,D000388,existing_stronger,integrated_source_and_stacks,coherent-lemma-coherent-proper-ample,0B5T,FAC proves eventual higher-cohomology vanishing for twists by the restricted hyperplane bundle. Tag 0B5T proves the corresponding Serre-vanishing statement over a Noetherian base for every proper scheme equipped with an ample invertible sheaf.
fac:III:3:no:66:remark,66,remark,fac:III:3:no:66,components/064_III_3_66_coherent_sheaves_projective_varieties.tex:65,components/064_III_3_66_coherent_sheaves_projective_varieties.tex:65,components/064_III_3_66_coherent_sheaves_projective_varieties.tex:65,B8C6508249308F5D8BC886B9E6360F1EC4FDC8F0F18EFAA03EE0E36B591551CA,coherent;ext;projective;varieties,coherent-section-coherent-sheaves;cohomology-section-ext;constructions-section-proj;constructions-section-projective-space;derived-section-ext;modules-section-coherent;varieties-section-varieties,01BU;01M3;01ND;01XY;020C;06XP;0BQP,D000389,existing_equivalent,integrated_source_and_stacks,morphisms-definition-very-ample;constructions-definition-twist,01VM;01MN,"The source observes that the operation depends on the projective embedding through the hyperplane line-bundle class. Tags 01VM and 01MN separate exactly these data: an embedding pulls back O(1), and tensor powers of that invertible sheaf define the twists."
fac:III:3:no:66:formula:action,66,numbered_paragraph,fac:III:3:no:66,components/064_III_3_66_coherent_sheaves_projective_varieties.tex:71,components/064_III_3_66_coherent_sheaves_projective_varieties.tex:71,components/064_III_3_66_coherent_sheaves_projective_varieties.tex:71,B8C6508249308F5D8BC886B9E6360F1EC4FDC8F0F18EFAA03EE0E36B591551CA,coherent;projective;varieties,coherent-section-coherent-sheaves;constructions-section-proj;constructions-section-projective-space;modules-section-coherent;varieties-section-varieties,01BU;01M3;01ND;01XY;020C,D000390,historical_reference,integrated_historical_reference,morphisms-definition-very-ample;constructions-definition-twist,01VM;01MN,The weight-minus-n action of K* is the source's principal-bundle convention for producing O_V(n). The modern destinations define the same line bundle by pullback and graded shift but do not state this exact action formula.
fac:III:3:no:66:construction:bundle,66,numbered_paragraph,fac:III:3:no:66,components/064_III_3_66_coherent_sheaves_projective_varieties.tex:78,components/064_III_3_66_coherent_sheaves_projective_varieties.tex:78,components/064_III_3_66_coherent_sheaves_projective_varieties.tex:78,B8C6508249308F5D8BC886B9E6360F1EC4FDC8F0F18EFAA03EE0E36B591551CA,coherent;projective;varieties,coherent-section-coherent-sheaves;constructions-section-proj;constructions-section-projective-space;modules-section-coherent;varieties-section-varieties,01BU;01M3;01ND;01XY;020C,D000391,historical_reference,integrated_historical_reference,morphisms-definition-very-ample;constructions-definition-twist,01VM;01MN,The associated fiber space E^n and its sheaf of sections give the source's torsor realization of the restricted twist line bundle. The modern text uses the pullback O_V(1) and its tensor powers instead of reproducing this principal-bundle construction.
fac:III:3:no:66:formula:twist-bundle,66,numbered_paragraph,fac:III:3:no:66,components/064_III_3_66_coherent_sheaves_projective_varieties.tex:87,components/064_III_3_66_coherent_sheaves_projective_varieties.tex:87,components/064_III_3_66_coherent_sheaves_projective_varieties.tex:87,B8C6508249308F5D8BC886B9E6360F1EC4FDC8F0F18EFAA03EE0E36B591551CA,coherent;projective;varieties,coherent-section-coherent-sheaves;constructions-section-proj;constructions-section-projective-space;modules-section-coherent;varieties-section-varieties,01BU;01M3;01ND;01XY;020C,D000392,existing_equivalent,integrated_source_and_stacks,constructions-definition-twist;morphisms-definition-very-ample,01MN;01VM,The identity F(n)=F tensor O_V(n)=F tensor S(E^n) says that only the line bundle attached to the embedding enters the twist. Tags 01MN and 01VM give the same intrinsic tensor formula from the pulled-back hyperplane bundle.
fac:III:3:no:67,67,numbered_paragraph,fac:III:3,components/065_III_3_67_supplement.tex:6,components/065_III_3_67_supplement.tex:6,components/065_III_3_67_supplement.tex:6,B8C6508249308F5D8BC886B9E6360F1EC4FDC8F0F18EFAA03EE0E36B591551CA,,,,D000393,new_statement,integrated_source_boundary_and_stacks,constructions-lemma-comparison-proj-isomorphism;constructions-lemma-apply-modules;coherent-lemma-recover-tail-graded-module,01MT;0AG7,FAC no. 67 gives the exact two-condition criterion for the canonical graded module-to-twisted-sections map to be an isomorphism in every degree. The new lemma isolates the finite degree-one cover and eventual-bijectivity hypotheses used in the source's descending induction and proves the criterion in that reusable form.
fac:III:3:no:67:def:M-natural,67,definition,fac:III:3:no:67,components/065_III_3_67_supplement.tex:9,components/065_III_3_67_supplement.tex:9,components/065_III_3_67_supplement.tex:9,B8C6508249308F5D8BC886B9E6360F1EC4FDC8F0F18EFAA03EE0E36B591551CA,,,,D000394,existing_equivalent,integrated_source_and_stacks,constructions-lemma-apply-modules;constructions-lemma-comparison-proj-isomorphism,01MT,"The source's M-natural is the direct sum over all integer degrees of the global sections of the twists of the associated sheaf. The two Stacks lemmas use exactly this graded twisted-section module, denoted N_M."
fac:III:3:no:67:map:alpha,67,numbered_paragraph,fac:III:3:no:67,components/065_III_3_67_supplement.tex:13,components/065_III_3_67_supplement.tex:13,components/065_III_3_67_supplement.tex:13,B8C6508249308F5D8BC886B9E6360F1EC4FDC8F0F18EFAA03EE0E36B591551CA,,,,D000395,existing_equivalent,integrated_source_and_stacks,constructions-lemma-apply-modules;constructions-lemma-comparison-proj-isomorphism,01MT,"The source map alpha sends each homogeneous element to its canonical twisted global section. Tag 01MT constructs the same graded map, and the new criterion lemma denotes it a_M and determines when it is injective or bijective in every degree."
fac:III:3:no:67:prop:9,67,proposition,fac:III:3:no:67,components/065_III_3_67_supplement.tex:19,components/065_III_3_67_supplement.tex:19,components/065_III_3_67_supplement.tex:19,B8C6508249308F5D8BC886B9E6360F1EC4FDC8F0F18EFAA03EE0E36B591551CA,ext,cohomology-section-ext;derived-section-ext,06XP;0BQP,D000396,new_statement,integrated_source_and_stacks,constructions-lemma-comparison-proj-isomorphism,,No existing Stacks statement gave the source's common-annihilator and compatible-family criterion. The new lemma states it under the exact abstract prerequisite of eventual degreewise bijectivity and supplies the complete descending-induction proof.
fac:III:3:no:67:prop:9:item:i,67,proposition,fac:III:3:no:67:prop:9,components/065_III_3_67_supplement.tex:24,components/065_III_3_67_supplement.tex:24,components/065_III_3_67_supplement.tex:24,B8C6508249308F5D8BC886B9E6360F1EC4FDC8F0F18EFAA03EE0E36B591551CA,,,,D000397,new_statement,integrated_source_and_stacks,constructions-lemma-comparison-proj-isomorphism,,"The first condition says that an element annihilated by every degree-one cover element is zero. The new lemma proves that this condition is necessary and sufficient for injectivity of the comparison map, using invertibility on each standard open and descending induction."
fac:III:3:no:67:prop:9:item:ii,67,proposition,fac:III:3:no:67:prop:9,components/065_III_3_67_supplement.tex:28,components/065_III_3_67_supplement.tex:28,components/065_III_3_67_supplement.tex:28,B8C6508249308F5D8BC886B9E6360F1EC4FDC8F0F18EFAA03EE0E36B591551CA,,,,D000398,new_statement,integrated_source_and_stacks,constructions-lemma-comparison-proj-isomorphism,,The second condition is the exact degree-one compatibility-and-gluing condition: a family m_i in one common degree with f_j m_i=f_i m_j must be of the form f_i m. The new lemma retains the degree shift and uses it to prove surjectivity after injectivity.
fac:III:3:no:67:proof:necessity,67,proof,fac:III:3:no:67,components/065_III_3_67_supplement.tex:33,components/065_III_3_67_supplement.tex:33,components/065_III_3_67_supplement.tex:33,B8C6508249308F5D8BC886B9E6360F1EC4FDC8F0F18EFAA03EE0E36B591551CA,,,,,structural_only,inherits_parent,,,Embedded source component; inherit the parent disposition.
fac:III:3:no:67:proof:necessity:section-m,67,proof,fac:III:3:no:67:proof:necessity,components/065_III_3_67_supplement.tex:49,components/065_III_3_67_supplement.tex:49,components/065_III_3_67_supplement.tex:49,B8C6508249308F5D8BC886B9E6360F1EC4FDC8F0F18EFAA03EE0E36B591551CA,,,,,structural_only,inherits_parent,,,Embedded source component; inherit the parent disposition.
fac:III:3:no:67:proof:injectivity,67,proof,fac:III:3:no:67,components/065_III_3_67_supplement.tex:57,components/065_III_3_67_supplement.tex:57,components/065_III_3_67_supplement.tex:57,B8C6508249308F5D8BC886B9E6360F1EC4FDC8F0F18EFAA03EE0E36B591551CA,,,,,structural_only,inherits_parent,,,Embedded source component; inherit the parent disposition.
fac:III:3:no:67:proof:surjectivity,67,proof,fac:III:3:no:67,components/065_III_3_67_supplement.tex:67,components/065_III_3_67_supplement.tex:67,components/065_III_3_67_supplement.tex:67,B8C6508249308F5D8BC886B9E6360F1EC4FDC8F0F18EFAA03EE0E36B591551CA,,,,,structural_only,inherits_parent,,,Embedded source component; inherit the parent disposition.
fac:III:3:no:67:remark:1,67,remark,fac:III:3:no:67,components/065_III_3_67_supplement.tex:81,components/065_III_3_67_supplement.tex:81,components/065_III_3_67_supplement.tex:81,B8C6508249308F5D8BC886B9E6360F1EC4FDC8F0F18EFAA03EE0E36B591551CA,ext,cohomology-section-ext;derived-section-ext,06XP;0BQP,D000399,new_statement,integrated_source_and_stacks,constructions-lemma-comparison-proj-isomorphism,,"FAC observes that condition (i) alone characterizes injectivity. The final sentence of the new lemma states this separately, and its proof establishes necessity from the standard-open cover and sufficiency by descending induction from the eventual isomorphism range."
fac:III:3:no:67:remark:2,67,remark,fac:III:3:no:67,components/065_III_3_67_supplement.tex:86,components/065_III_3_67_supplement.tex:86,components/065_III_3_67_supplement.tex:86,B8C6508249308F5D8BC886B9E6360F1EC4FDC8F0F18EFAA03EE0E36B591551CA,,,,D000400,historical_reference,integrated_historical_reference,constructions-lemma-comparison-proj-isomorphism;more-algebra-lemma-extended-alternating-Cech-is-colimit-koszul,0913,"The source repackages its two explicit conditions as bijectivity of alpha^1 into the degree-zero cohomology of the first finite complex. The new criterion retains the explicit conditions, while tag 0913 records the surrounding finite-Koszul-to-extended-Cech system without identifying this finite stage with its colimit."
fac:III:3:no:67:formula:alpha1,67,numbered_paragraph,fac:III:3:no:67,components/065_III_3_67_supplement.tex:90,components/065_III_3_67_supplement.tex:90,components/065_III_3_67_supplement.tex:90,B8C6508249308F5D8BC886B9E6360F1EC4FDC8F0F18EFAA03EE0E36B591551CA,,,,D000401,historical_reference,integrated_historical_reference,constructions-lemma-comparison-proj-isomorphism;more-algebra-lemma-extended-alternating-Cech-is-colimit-koszul,0913,The notation H^0_1(M(n)) belongs to the source's first finite Koszul stage. Its augmentation is bijective exactly when conditions (i) and (ii) hold; this is preserved as finite-stage lineage and is not relabelled as derived local cohomology or as the colimit in tag 0913.
fac:III:3:no:67:formula:direct-sum,67,numbered_paragraph,fac:III:3:no:67,components/065_III_3_67_supplement.tex:95,components/065_III_3_67_supplement.tex:95,components/065_III_3_67_supplement.tex:95,B8C6508249308F5D8BC886B9E6360F1EC4FDC8F0F18EFAA03EE0E36B591551CA,,,,D000402,existing_equivalent,integrated_source_and_stacks,constructions-lemma-apply-modules;constructions-lemma-comparison-proj-isomorphism,01MT,"The source identifies M-natural with the graded direct sum over all integers of H^0(M(n)). Tag 01MT and the new lemma use the same all-integer direct sum of twisted global sections, with the direct-sum convention explicit."
fac:III:4,fac:III:4,section,fac:III,components/066_III_4_68_Ext_functors.tex:8,components/066_III_4_68_Ext_functors.tex:8,components/066_III_4_68_Ext_functors.tex:8,B8C6508249308F5D8BC886B9E6360F1EC4FDC8F0F18EFAA03EE0E36B591551CA,ext,cohomology-section-ext;derived-section-ext,06XP;0BQP,,structural_only,classified,,,Source structure; no independent Stacks object.
fac:III:4:no:68,68,numbered_paragraph,fac:III:4,components/066_III_4_68_Ext_functors.tex:13,components/066_III_4_68_Ext_functors.tex:13,components/066_III_4_68_Ext_functors.tex:13,B8C6508249308F5D8BC886B9E6360F1EC4FDC8F0F18EFAA03EE0E36B591551CA,ext,cohomology-section-ext;derived-section-ext,06XP;0BQP,D000403,new_statement,integrated_source_boundary_and_stacks,algebra-section-graded;algebra-lemma-graded-free-resolutions;algebra-definition-graded-ext;algebra-lemma-graded-ext-properties;algebra-lemma-ext-welldefined;algebra-lemma-long-exact-seq-ext;algebra-lemma-reverse-long-exact-seq-ext;algebra-lemma-ext-noetherian;algebra-lemma-projective-dimension-ext;algebra-proposition-finite-gl-dim-polynomial-ring,00JL;00LT;00LU;065P;08YR;065R;00OQ,"FAC no. 68 develops internal graded Ext as a graded module, including its resolution model, shifts, finiteness, polynomial-ring vanishing, and both long exact sequences. The new definition and two completely proved lemmas supply that missing reusable layer while the existing ordinary Ext results retain its comparison targets and global-dimension input."
fac:III:4:no:68:def:graded-hom,68,definition,fac:III:4:no:68,components/066_III_4_68_Ext_functors.tex:20,components/066_III_4_68_Ext_functors.tex:20,components/066_III_4_68_Ext_functors.tex:20,B8C6508249308F5D8BC886B9E6360F1EC4FDC8F0F18EFAA03EE0E36B591551CA,ext;graded-proj,algebra-section-graded;algebra-section-proj;cohomology-section-ext;constructions-section-proj;derived-section-ext,00JL;00JM;01M3;06XP;0BQP,D000404,extend_existing,integrated_source_and_stacks,algebra-section-graded;algebra-remark-FAC-graded-conventions;algebra-lemma-graded-ext-properties,00JL,The graded-ring section already defines the direct sum of homogeneous maps as GrHom. Its FAC history now records no. 68 and the exact boundary that this internal direct sum agrees with all ungraded homomorphisms when the first module is finite; the new Ext-properties lemma recovers it as GrExt in degree zero.
fac:III:4:no:68:construction:Ext,68,numbered_paragraph,fac:III:4:no:68,components/066_III_4_68_Ext_functors.tex:39,components/066_III_4_68_Ext_functors.tex:39,components/066_III_4_68_Ext_functors.tex:39,B8C6508249308F5D8BC886B9E6360F1EC4FDC8F0F18EFAA03EE0E36B591551CA,ext,cohomology-section-ext;derived-section-ext,06XP;0BQP,D000405,new_statement,integrated_source_and_stacks,algebra-lemma-graded-free-resolutions;algebra-definition-graded-ext;algebra-lemma-ext-welldefined,00LT,"The source derives internal graded Hom by a graded free resolution. The new construction makes the category, projectives, resolution comparison, homogeneous cochain complexes, and resolution independence explicit; tag 00LT remains the ordinary-module prototype rather than a substitute for the internal grading."
fac:III:4:no:68:formula:resolution,68,numbered_paragraph,fac:III:4:no:68,components/066_III_4_68_Ext_functors.tex:41,components/066_III_4_68_Ext_functors.tex:41,components/066_III_4_68_Ext_functors.tex:41,B8C6508249308F5D8BC886B9E6360F1EC4FDC8F0F18EFAA03EE0E36B591551CA,ext,cohomology-section-ext;derived-section-ext,06XP;0BQP,D000406,new_statement,integrated_source_and_stacks,algebra-lemma-graded-free-resolutions,,"The source requires free graded modules and degree-zero differentials. The new lemma proves existence of resolutions by direct sums of twists for every graded module, finite graded free terms under the precise Noetherian finite-module hypotheses, and degree-zero comparison maps unique up to homogeneous homotopy."
fac:III:4:no:68:def:Ext,68,definition,fac:III:4:no:68,components/066_III_4_68_Ext_functors.tex:49,components/066_III_4_68_Ext_functors.tex:49,components/066_III_4_68_Ext_functors.tex:49,B8C6508249308F5D8BC886B9E6360F1EC4FDC8F0F18EFAA03EE0E36B591551CA,ext,cohomology-section-ext;derived-section-ext,06XP;0BQP,D000407,new_statement,integrated_source_boundary_and_stacks,algebra-definition-graded-ext;algebra-lemma-graded-ext-properties,,"The source's Ext notation denotes the internal direct sum over homogeneous degrees, not ordinary Ext without qualification. The new definition names it GrExt, defines each graded piece from the homogeneous Hom complex, and constructs its graded S-module action without suppressing the nonfinite boundary."
fac:III:4:no:68:formula:Hom-complex,68,numbered_paragraph,fac:III:4:no:68,components/066_III_4_68_Ext_functors.tex:53,components/066_III_4_68_Ext_functors.tex:53,components/066_III_4_68_Ext_functors.tex:53,B8C6508249308F5D8BC886B9E6360F1EC4FDC8F0F18EFAA03EE0E36B591551CA,ext,cohomology-section-ext;derived-section-ext,06XP;0BQP,D000408,new_statement,integrated_source_and_stacks,algebra-definition-graded-ext;algebra-lemma-graded-free-resolutions;algebra-lemma-ext-welldefined,00LT,"The source transposes the degree-zero resolution differentials to a cochain complex of internal graded Hom modules and takes its q-th cohomology. The new definition does this degree by degree, assembles the graded module, and uses the new homogeneous comparison lemma to prove independence."
fac:III:4:no:68:properties,68,numbered_paragraph,fac:III:4:no:68,components/066_III_4_68_Ext_functors.tex:66,components/066_III_4_68_Ext_functors.tex:66,components/066_III_4_68_Ext_functors.tex:66,B8C6508249308F5D8BC886B9E6360F1EC4FDC8F0F18EFAA03EE0E36B591551CA,ext,cohomology-section-ext;derived-section-ext,06XP;0BQP,D000409,new_statement,integrated_source_and_stacks,algebra-lemma-graded-ext-properties;algebra-lemma-ext-noetherian;algebra-lemma-projective-dimension-ext;algebra-proposition-finite-gl-dim-polynomial-ring,08YR;065R;00OQ,"The source collects GrExt degree zero, finite generation, Hilbert-syzygy vanishing, shifts, and exactness. The new properties lemma proves the internal graded package and reduces its ordinary finiteness and polynomial-ring vanishing to tags 08YR, 065R, and 00OQ under explicit hypotheses."
fac:III:4:no:68:formula:shift,68,numbered_paragraph,fac:III:4:no:68,components/066_III_4_68_Ext_functors.tex:75,components/066_III_4_68_Ext_functors.tex:75,components/066_III_4_68_Ext_functors.tex:75,B8C6508249308F5D8BC886B9E6360F1EC4FDC8F0F18EFAA03EE0E36B591551CA,ext,cohomology-section-ext;derived-section-ext,06XP;0BQP,D000410,new_statement,integrated_source_and_stacks,algebra-lemma-graded-ext-properties,,"The two source twist identities are absent as an internal graded Ext statement. The new lemma proves the canonical isomorphisms from the cochain complexes and retains the source convention M(a)_d=M_{a+d}, which forces the output twist by -a."
fac:III:4:no:68:formula:short-exact,68,numbered_paragraph,fac:III:4:no:68,components/066_III_4_68_Ext_functors.tex:83,components/066_III_4_68_Ext_functors.tex:83,components/066_III_4_68_Ext_functors.tex:83,B8C6508249308F5D8BC886B9E6360F1EC4FDC8F0F18EFAA03EE0E36B591551CA,ext,cohomology-section-ext;derived-section-ext,06XP;0BQP,D000411,existing_equivalent,integrated_source_and_stacks,algebra-lemma-graded-ext-properties;algebra-lemma-long-exact-seq-ext;algebra-lemma-reverse-long-exact-seq-ext,00LU;065P,The two displayed short exact sequences are exactly the covariant second-variable and contravariant first-variable inputs of the internal graded long exact sequences. The new lemma specializes the existing ordinary patterns of tags 00LU and 065P with degree-zero connecting maps.
fac:III:4:no:68:formula:long-exact-N,68,numbered_paragraph,fac:III:4:no:68,components/066_III_4_68_Ext_functors.tex:90,components/066_III_4_68_Ext_functors.tex:90,components/066_III_4_68_Ext_functors.tex:90,B8C6508249308F5D8BC886B9E6360F1EC4FDC8F0F18EFAA03EE0E36B591551CA,ext,cohomology-section-ext;derived-section-ext,06XP;0BQP,D000412,extend_existing,integrated_source_and_stacks,algebra-lemma-graded-ext-properties;algebra-lemma-long-exact-seq-ext,00LU,Tag 00LU gives the same arrow order for ordinary Ext in the second variable. The new lemma extends that result to the internal direct sum of homogeneous Ext groups and proves that the degreewise connecting maps assemble as a long exact sequence of graded S-modules.
fac:III:4:no:68:formula:long-exact-M,68,numbered_paragraph,fac:III:4:no:68,components/066_III_4_68_Ext_functors.tex:98,components/066_III_4_68_Ext_functors.tex:98,components/066_III_4_68_Ext_functors.tex:98,B8C6508249308F5D8BC886B9E6360F1EC4FDC8F0F18EFAA03EE0E36B591551CA,ext,cohomology-section-ext;derived-section-ext,06XP;0BQP,D000413,extend_existing,integrated_source_and_stacks,algebra-lemma-graded-ext-properties;algebra-lemma-reverse-long-exact-seq-ext,065P,"Tag 065P gives the same contravariant arrow order for ordinary Ext in the first variable. The new lemma carries its free-resolution proof into the graded category, preserving degree-zero maps and the connecting morphism into GrExt^{q+1}(M'',N)."
fac:III:4:no:69,69,numbered_paragraph,fac:III:4,components/067_III_4_69_interpretation_Hk_via_Ext.tex:8,components/067_III_4_69_interpretation_Hk_via_Ext.tex:8,components/067_III_4_69_interpretation_Hk_via_Ext.tex:8,B8C6508249308F5D8BC886B9E6360F1EC4FDC8F0F18EFAA03EE0E36B591551CA,ext,cohomology-section-ext;derived-section-ext,06XP;0BQP,D000414,new_statement,integrated_source_boundary_and_stacks,more-algebra-lemma-graded-ext-koszul-ideal;more-algebra-lemma-extended-alternating-Cech-is-colimit-koszul;dualizing-lemma-local-cohomology-ext;local-cohomology-lemma-local-cohomology;duality-lemma-lift-map,0913;0954;0DWR;0G2H,"FAC no. 69 identifies each finite positive Koszul stage with internal graded Ext of J_k, then passes through the cofinal J_k system to cohomology on the punctured affine cone. The new graded Koszul-ideal lemma supplies the exact finite-stage resolution, while tags 0913, 0954, 0DWR, and 0G2H record the colimit, local-cohomology shift, and open-complement form without conflating these layers."
fac:III:4:no:69:def:Bk,69,definition,fac:III:4:no:69,components/067_III_4_69_interpretation_Hk_via_Ext.tex:12,components/067_III_4_69_interpretation_Hk_via_Ext.tex:12,components/067_III_4_69_interpretation_Hk_via_Ext.tex:12,B8C6508249308F5D8BC886B9E6360F1EC4FDC8F0F18EFAA03EE0E36B591551CA,ext,cohomology-section-ext;derived-section-ext,06XP;0BQP,D000415,extend_existing,integrated_source_boundary_and_stacks,more-algebra-lemma-graded-ext-koszul-ideal;more-algebra-lemma-extended-alternating-Cech-is-colimit-koszul;algebra-definition-graded-ext,0913,"The source's B_k^q(M) is the full internal direct sum over twists of the q-th cohomology of one finite positive Koszul complex. The new lemma identifies that complex with internal GrHom on the truncated resolution of J_k, while tag 0913 retains the finite-stage system from which the colimit is formed."
fac:III:4:no:69:formula:S-action,69,numbered_paragraph,fac:III:4:no:69,components/067_III_4_69_interpretation_Hk_via_Ext.tex:21,components/067_III_4_69_interpretation_Hk_via_Ext.tex:21,components/067_III_4_69_interpretation_Hk_via_Ext.tex:21,B8C6508249308F5D8BC886B9E6360F1EC4FDC8F0F18EFAA03EE0E36B591551CA,ext,cohomology-section-ext;derived-section-ext,06XP;0BQP,D000416,existing_equivalent,integrated_source_and_stacks,algebra-definition-graded-ext;more-algebra-lemma-graded-ext-koszul-ideal,,Componentwise multiplication by S_p raises internal degree by p and commutes with the degree-zero transposed Koszul differential. This is exactly the graded S-module action in the internal GrHom complex used by the new lemma and in the GrExt definition.
fac:III:4:no:69:def:Bq,69,definition,fac:III:4:no:69,components/067_III_4_69_interpretation_Hk_via_Ext.tex:33,components/067_III_4_69_interpretation_Hk_via_Ext.tex:33,components/067_III_4_69_interpretation_Hk_via_Ext.tex:33,B8C6508249308F5D8BC886B9E6360F1EC4FDC8F0F18EFAA03EE0E36B591551CA,ext,cohomology-section-ext;derived-section-ext,06XP;0BQP,D000417,extend_existing,integrated_source_boundary_and_stacks,more-algebra-lemma-extended-alternating-Cech-is-colimit-koszul;dualizing-lemma-local-cohomology-ext;duality-lemma-lift-map,0913;0954;0G2H,The source forms the filtered colimit of the finite B_k^q modules. Tag 0913 identifies the underlying Koszul colimit with the extended alternating Cech complex; tags 0954 and 0G2H give its shifted local-cohomology and punctured-open interpretations after the finite-stage Ext comparison.
fac:III:4:no:69:formula:B0,69,numbered_paragraph,fac:III:4:no:69,components/067_III_4_69_interpretation_Hk_via_Ext.tex:39,components/067_III_4_69_interpretation_Hk_via_Ext.tex:39,components/067_III_4_69_interpretation_Hk_via_Ext.tex:39,B8C6508249308F5D8BC886B9E6360F1EC4FDC8F0F18EFAA03EE0E36B591551CA,ext,cohomology-section-ext;derived-section-ext,06XP;0BQP,D000418,existing_equivalent,integrated_source_and_stacks,coherent-lemma-homs-over-open;local-cohomology-lemma-local-cohomology;duality-lemma-lift-map,01YB;0DWR;0G2H,"For finite M over the Noetherian polynomial ring, the cofinal Hom system identifies B^0(M) with sections of the associated sheaf on the punctured affine cone. Tags 01YB, 0DWR, and 0G2H give the section comparison, the low-degree exact sequence, and the derived open-complement form."
fac:III:4:no:69:map:alpha,69,numbered_paragraph,fac:III:4:no:69,components/067_III_4_69_interpretation_Hk_via_Ext.tex:47,components/067_III_4_69_interpretation_Hk_via_Ext.tex:47,components/067_III_4_69_interpretation_Hk_via_Ext.tex:47,B8C6508249308F5D8BC886B9E6360F1EC4FDC8F0F18EFAA03EE0E36B591551CA,ext,cohomology-section-ext;derived-section-ext,06XP;0BQP,D000419,existing_equivalent,integrated_source_and_stacks,coherent-lemma-homs-over-open;local-cohomology-lemma-local-cohomology,01YB;0DWR,"The direct sum of the source maps M_n to H^0(M(n)) is the graded form of restriction from the affine cone to its punctured complement. Tag 0DWR places it between H_I^0(M) and H_I^1(M), and tag 01YB identifies its target with the cofinal Hom system in the Noetherian setting."
fac:III:4:no:69:prop:1,69,proposition,fac:III:4:no:69,components/067_III_4_69_interpretation_Hk_via_Ext.tex:54,components/067_III_4_69_interpretation_Hk_via_Ext.tex:54,components/067_III_4_69_interpretation_Hk_via_Ext.tex:54,B8C6508249308F5D8BC886B9E6360F1EC4FDC8F0F18EFAA03EE0E36B591551CA,ext,cohomology-section-ext;derived-section-ext,06XP;0BQP,D000420,new_statement,integrated_source_and_stacks,more-algebra-lemma-graded-ext-koszul-ideal;algebra-definition-graded-ext,,"No existing tagged statement recorded the source's internal graded Ext computation from the positive truncation of an equal-degree Koszul complex. The new completely proved lemma gives the graded free resolution of J and identifies its internal Hom cohomology with GrExt, specializing exactly to J_k=(t_0^k,...,t_r^k)."
fac:III:4:no:69:def:Lk,69,definition,fac:III:4:no:69,components/067_III_4_69_interpretation_Hk_via_Ext.tex:60,components/067_III_4_69_interpretation_Hk_via_Ext.tex:60,components/067_III_4_69_interpretation_Hk_via_Ext.tex:60,B8C6508249308F5D8BC886B9E6360F1EC4FDC8F0F18EFAA03EE0E36B591551CA,ext,cohomology-section-ext;derived-section-ext,06XP;0BQP,D000421,new_statement,integrated_source_and_stacks,more-algebra-lemma-graded-ext-koszul-ideal,,"The new lemma retains the source's free module indexed by q+1 element subsets and shifts each summand by -k(q+1), so its named basis has degree k(q+1) under the established graded convention."
fac:III:4:no:69:formula:d,69,numbered_paragraph,fac:III:4:no:69,components/067_III_4_69_interpretation_Hk_via_Ext.tex:66,components/067_III_4_69_interpretation_Hk_via_Ext.tex:66,components/067_III_4_69_interpretation_Hk_via_Ext.tex:66,B8C6508249308F5D8BC886B9E6360F1EC4FDC8F0F18EFAA03EE0E36B591551CA,ext,cohomology-section-ext;derived-section-ext,06XP;0BQP,D000422,new_statement,integrated_source_and_stacks,more-algebra-lemma-graded-ext-koszul-ideal,,"The alternating deletion formula is the homological Koszul differential on the positive truncation. The equal-degree shifts make every summand homogeneous of degree zero, and the new lemma states the formula explicitly."
fac:III:4:no:69:formula:augmentation,69,numbered_paragraph,fac:III:4:no:69,components/067_III_4_69_interpretation_Hk_via_Ext.tex:73,components/067_III_4_69_interpretation_Hk_via_Ext.tex:73,components/067_III_4_69_interpretation_Hk_via_Ext.tex:73,B8C6508249308F5D8BC886B9E6360F1EC4FDC8F0F18EFAA03EE0E36B591551CA,ext,cohomology-section-ext;derived-section-ext,06XP;0BQP,D000423,new_statement,integrated_source_and_stacks,more-algebra-lemma-graded-ext-koszul-ideal,,The augmentation sends the degree-k basis vector e_i to the homogeneous generator t_i^k and has image J_k. The new lemma retains this map as the terminal degree-zero arrow of the ideal resolution.
fac:III:4:no:69:lemma:1,69,lemma,fac:III:4:no:69,components/067_III_4_69_interpretation_Hk_via_Ext.tex:78,components/067_III_4_69_interpretation_Hk_via_Ext.tex:78,components/067_III_4_69_interpretation_Hk_via_Ext.tex:78,B8C6508249308F5D8BC886B9E6360F1EC4FDC8F0F18EFAA03EE0E36B591551CA,ext,cohomology-section-ext;derived-section-ext,06XP;0BQP,D000424,new_statement,integrated_source_boundary_and_stacks,more-algebra-lemma-graded-ext-koszul-ideal;more-algebra-lemma-regular-koszul-regular,062F,"For k at least one the powers of the polynomial variables form a regular and hence Koszul-regular sequence; for k=0 the unit-valued Koszul complex is contractible. Tag 062F supplies the regular-to-Koszul implication, and the new lemma extracts the exact graded resolution of the generated ideal."
fac:III:4:no:69:formula:resolution-Jk,69,numbered_paragraph,fac:III:4:no:69,components/067_III_4_69_interpretation_Hk_via_Ext.tex:80,components/067_III_4_69_interpretation_Hk_via_Ext.tex:80,components/067_III_4_69_interpretation_Hk_via_Ext.tex:80,B8C6508249308F5D8BC886B9E6360F1EC4FDC8F0F18EFAA03EE0E36B591551CA,ext,cohomology-section-ext;derived-section-ext,06XP;0BQP,D000425,new_statement,integrated_source_and_stacks,more-algebra-lemma-graded-ext-koszul-ideal;more-algebra-lemma-regular-koszul-regular,062F,"The displayed sequence resolves J_k, not S/J_k: it is obtained by deleting the S to S/J_k tail from the full exact Koszul resolution. The new lemma preserves that truncation, basis grading, and augmentation explicitly."
fac:III:4:no:69:cor:1,69,corollary,fac:III:4:no:69,components/067_III_4_69_interpretation_Hk_via_Ext.tex:98,components/067_III_4_69_interpretation_Hk_via_Ext.tex:98,components/067_III_4_69_interpretation_Hk_via_Ext.tex:98,B8C6508249308F5D8BC886B9E6360F1EC4FDC8F0F18EFAA03EE0E36B591551CA,ext,cohomology-section-ext;derived-section-ext,06XP;0BQP,D000426,new_statement,integrated_source_and_stacks,more-algebra-lemma-graded-ext-koszul-ideal;algebra-definition-graded-ext,,"Taking the internal-degree-zero component of the finite-stage graded isomorphism gives exactly H_k^q(M)=GrExt^q_S(J_k,M)_0. The new lemma and internal GrExt definition retain both the cohomological and internal degrees."
fac:III:4:no:69:cor:2,69,corollary,fac:III:4:no:69,components/067_III_4_69_interpretation_Hk_via_Ext.tex:105,components/067_III_4_69_interpretation_Hk_via_Ext.tex:105,components/067_III_4_69_interpretation_Hk_via_Ext.tex:105,B8C6508249308F5D8BC886B9E6360F1EC4FDC8F0F18EFAA03EE0E36B591551CA,ext,cohomology-section-ext;derived-section-ext,06XP;0BQP,D000427,extend_existing,integrated_source_boundary_and_stacks,more-algebra-lemma-graded-ext-koszul-ideal;more-algebra-lemma-extended-alternating-Cech-is-colimit-koszul;dualizing-lemma-local-cohomology-ext;duality-lemma-lift-map,0913;0954;0G2H,"Filtered colimits preserve the finite-stage degree-zero identifications. Tag 0913 records the Koszul-to-Cech colimit, tag 0954 identifies the cofinal quotient-Ext system after its one-degree shift, and tag 0G2H gives the open-complement cohomology form for finite modules."
fac:III:4:no:69:formula:Ext-transition,69,numbered_paragraph,fac:III:4:no:69,components/067_III_4_69_interpretation_Hk_via_Ext.tex:115,components/067_III_4_69_interpretation_Hk_via_Ext.tex:115,components/067_III_4_69_interpretation_Hk_via_Ext.tex:115,B8C6508249308F5D8BC886B9E6360F1EC4FDC8F0F18EFAA03EE0E36B591551CA,ext,cohomology-section-ext;derived-section-ext,06XP;0BQP,D000428,existing_equivalent,integrated_source_and_stacks,algebra-lemma-graded-ext-properties;more-algebra-lemma-graded-ext-koszul-ideal;more-algebra-lemma-extended-alternating-Cech-is-colimit-koszul,0913,"For h at least k the inclusion J_h into J_k induces GrExt^q(J_k,M) to GrExt^q(J_h,M) by contravariance in the first variable. This is the same direction as the finite Koszul transition maps in tag 0913 and is preserved in the new resolution model."
fac:III:4:no:69:remark,69,remark,fac:III:4:no:69,components/067_III_4_69_interpretation_Hk_via_Ext.tex:123,components/067_III_4_69_interpretation_Hk_via_Ext.tex:123,components/067_III_4_69_interpretation_Hk_via_Ext.tex:123,B8C6508249308F5D8BC886B9E6360F1EC4FDC8F0F18EFAA03EE0E36B591551CA,ext,cohomology-section-ext;derived-section-ext,06XP;0BQP,D000429,existing_stronger,integrated_source_and_stacks,duality-lemma-lift-map;local-cohomology-lemma-local-cohomology;coherent-lemma-homs-over-open,0G2H;0DWR;01YB,"The source identifies B^q(M) for finite M with cohomology of the associated coherent sheaf on affine (r+1)-space minus the origin. Tag 0G2H gives the general Noetherian coherent open-immersion Ext-colimit theorem, tag 0DWR gives the local-cohomology shift, and tag 01YB gives the degree-zero section case."
fac:III:4:no:70,70,numbered_paragraph,fac:III:4,components/068_III_4_70_definition_functors_Tq.tex:8,components/068_III_4_70_definition_functors_Tq.tex:8,components/068_III_4_70_definition_functors_Tq.tex:8,B8C6508249308F5D8BC886B9E6360F1EC4FDC8F0F18EFAA03EE0E36B591551CA,,,,D000430,new_statement,integrated_source_correction_and_stacks,algebra-definition-graded-K-dual;algebra-lemma-graded-K-dual;homology-lemma-dualize-delta-functor;local-cohomology-lemma-local-cohomology;more-algebra-lemma-extended-alternating-Cech-is-colimit-koszul,0DWR;0913,"FAC no. 70 introduces the degreewise graded K-dual, applies it to B^q(M), and reverses the B long exact sequence. The new graded-dual definition and lemma record the exact contravariant functor and bidual boundary; the new categorical lemma records the reversed delta-functor sequence; tags 0DWR and 0913 retain the open-complement and finite-length Koszul-Cech surfaces."
fac:III:4:no:70:def:dual-module,70,definition,fac:III:4:no:70,components/068_III_4_70_definition_functors_Tq.tex:14,components/068_III_4_70_definition_functors_Tq.tex:14,components/068_III_4_70_definition_functors_Tq.tex:14,B8C6508249308F5D8BC886B9E6360F1EC4FDC8F0F18EFAA03EE0E36B591551CA,,,,D000431,new_statement,integrated_source_and_stacks,algebra-definition-graded-K-dual,,"The source's M^* is the direct sum over n of Hom_K(M_{-n},K). The new definition records exactly this degree reversal, direct-sum convention, and graded K-linear Hom interpretation over an arbitrary graded K-algebra."
fac:III:4:no:70:formula:dual-action,70,numbered_paragraph,fac:III:4:no:70,components/068_III_4_70_definition_functors_Tq.tex:21,components/068_III_4_70_definition_functors_Tq.tex:21,components/068_III_4_70_definition_functors_Tq.tex:21,B8C6508249308F5D8BC886B9E6360F1EC4FDC8F0F18EFAA03EE0E36B591551CA,,,,D000432,new_statement,integrated_source_and_stacks,algebra-definition-graded-K-dual,,"For s in S_d and a functional lambda of degree n, the formula (s lambda)(m)=lambda(sm) on M_{-n-d} gives degree n+d and is precisely the transposed action in the source. The new definition states this action explicitly."
fac:III:4:no:70:formula:dual-Hom,70,numbered_paragraph,fac:III:4:no:70,components/068_III_4_70_definition_functors_Tq.tex:27,components/068_III_4_70_definition_functors_Tq.tex:27,components/068_III_4_70_definition_functors_Tq.tex:27,B8C6508249308F5D8BC886B9E6360F1EC4FDC8F0F18EFAA03EE0E36B591551CA,,,,D000433,new_statement,integrated_source_correction_and_stacks,algebra-definition-graded-K-dual,,"The printed subscript S is not type-correct for the claimed degreewise dual: already for M=S, internal GrHom_S(S,K)=K while M^* has the dual of every S_n. The component definition and action force GrHom_K(M,K), with K concentrated in degree zero and with a direct sum rather than the ordinary ungraded Hom product. The new definition records this correction explicitly."
fac:III:4:no:70:property:bidual,70,subitem,fac:III:4:no:70,components/068_III_4_70_definition_functors_Tq.tex:35,components/068_III_4_70_definition_functors_Tq.tex:35,components/068_III_4_70_definition_functors_Tq.tex:35,B8C6508249308F5D8BC886B9E6360F1EC4FDC8F0F18EFAA03EE0E36B591551CA,,,,D000434,new_statement,integrated_source_and_stacks,algebra-lemma-graded-K-dual;coherent-lemma-coherent-projective,01YS,"The new lemma gives the canonical evaluation map M to M^{vee vee} and proves it is an isomorphism when every homogeneous piece is finite dimensional. For M=Gamma(F) on projective space over K, tag 01YS makes every H^0(F(n)) finite dimensional; for a finite module over the locally finite polynomial ring, the new lemma proves the same componentwise condition."
fac:III:4:no:70:property:dual-exact,70,subitem,fac:III:4:no:70,components/068_III_4_70_definition_functors_Tq.tex:43,components/068_III_4_70_definition_functors_Tq.tex:43,components/068_III_4_70_definition_functors_Tq.tex:43,B8C6508249308F5D8BC886B9E6360F1EC4FDC8F0F18EFAA03EE0E36B591551CA,,,,D000435,new_statement,integrated_source_and_stacks,algebra-lemma-graded-K-dual,,"Exactness of graded modules is degreewise and vector-space duality over a field is exact, including surjectivity by extension of functionals. The new lemma assembles these degreewise dual sequences into an exact contravariant functor on graded modules."
fac:III:4:no:70:property:inverse-system,70,subitem,fac:III:4:no:70,components/068_III_4_70_definition_functors_Tq.tex:47,components/068_III_4_70_definition_functors_Tq.tex:47,components/068_III_4_70_definition_functors_Tq.tex:47,B8C6508249308F5D8BC886B9E6360F1EC4FDC8F0F18EFAA03EE0E36B591551CA,,,,D000436,historical_reference,integrated_historical_reference,algebra-definition-graded-K-dual,,The source uses Macaulay's apolar inverse-system terminology for (S/I)^vee. The history records this lineage while distinguishing it from the modern categorical notion of an inverse system indexed by a directed set.
fac:III:4:no:70:def:Tq,70,definition,fac:III:4:no:70,components/068_III_4_70_definition_functors_Tq.tex:56,components/068_III_4_70_definition_functors_Tq.tex:56,components/068_III_4_70_definition_functors_Tq.tex:56,B8C6508249308F5D8BC886B9E6360F1EC4FDC8F0F18EFAA03EE0E36B591551CA,,,,D000437,extend_existing,integrated_source_boundary_and_stacks,algebra-definition-graded-K-dual;algebra-lemma-graded-K-dual;local-cohomology-lemma-local-cohomology;more-algebra-lemma-extended-alternating-Cech-is-colimit-koszul,0DWR;0913,"The source defines T^q(M) as the graded K-dual of B^q(M), with degree n equal to the dual of H^q(M(-n)). The new dual statement supplies the exact degree convention; tag 0913 supplies B^q from the positive Koszul-Cech system; tag 0DWR supplies its punctured-open and shifted local-cohomology interpretation."
fac:III:4:no:70:property:T-functoriality,70,subitem,fac:III:4:no:70,components/068_III_4_70_definition_functors_Tq.tex:62,components/068_III_4_70_definition_functors_Tq.tex:62,components/068_III_4_70_definition_functors_Tq.tex:62,B8C6508249308F5D8BC886B9E6360F1EC4FDC8F0F18EFAA03EE0E36B591551CA,,,,D000438,existing_equivalent,integrated_source_and_stacks,algebra-lemma-graded-K-dual;homology-lemma-dualize-delta-functor;local-cohomology-lemma-local-cohomology,0DWR,"Functoriality of B^q is covariant, while graded K-duality is contravariant. Their composite therefore sends M to N to a degree-zero map T^q(N) to T^q(M), exactly as stated in the source and in the new dualized-delta lemma."
fac:III:4:no:70:formula:short-exact,70,numbered_paragraph,fac:III:4:no:70,components/068_III_4_70_definition_functors_Tq.tex:71,components/068_III_4_70_definition_functors_Tq.tex:71,components/068_III_4_70_definition_functors_Tq.tex:71,B8C6508249308F5D8BC886B9E6360F1EC4FDC8F0F18EFAA03EE0E36B591551CA,,,,D000439,existing_equivalent,integrated_source_and_stacks,homology-definition-cohomological-delta-functor;homology-lemma-dualize-delta-functor,010Q,The displayed short exact sequence is precisely the input required by the definition of a cohomological delta functor and by the new exact-contravariant dualization lemma.
fac:III:4:no:70:formula:long-exact-B,70,numbered_paragraph,fac:III:4:no:70,components/068_III_4_70_definition_functors_Tq.tex:76,components/068_III_4_70_definition_functors_Tq.tex:76,components/068_III_4_70_definition_functors_Tq.tex:76,B8C6508249308F5D8BC886B9E6360F1EC4FDC8F0F18EFAA03EE0E36B591551CA,,,,D000440,existing_equivalent,integrated_source_and_stacks,homology-definition-cohomological-delta-functor;homology-lemma-long-exact-sequence-cochain;more-algebra-lemma-extended-alternating-Cech-is-colimit-koszul,010Q;0117;0913,"The B^q sequence has the standard cohomological order for a short exact sequence of coefficient complexes. Tags 010Q and 0117 give the abstract and cochain forms, while tag 0913 supplies the exact Koszul-Cech complex system used here."
fac:III:4:no:70:formula:long-exact-T,70,numbered_paragraph,fac:III:4:no:70,components/068_III_4_70_definition_functors_Tq.tex:83,components/068_III_4_70_definition_functors_Tq.tex:83,components/068_III_4_70_definition_functors_Tq.tex:83,B8C6508249308F5D8BC886B9E6360F1EC4FDC8F0F18EFAA03EE0E36B591551CA,,,,D000441,new_statement,integrated_source_and_stacks,homology-lemma-dualize-delta-functor;algebra-lemma-graded-K-dual,,"The exact graded K-dual reverses the B^q sequence, giving T^{q+1}(M) to T^q(P) to T^q(N) to T^q(M). The new homological lemma states and proves this operation for every cohomological delta functor and exact contravariant functor."
fac:III:4:no:70:map:alpha-star,70,numbered_paragraph,fac:III:4:no:70,components/068_III_4_70_definition_functors_Tq.tex:93,components/068_III_4_70_definition_functors_Tq.tex:93,components/068_III_4_70_definition_functors_Tq.tex:93,B8C6508249308F5D8BC886B9E6360F1EC4FDC8F0F18EFAA03EE0E36B591551CA,,,,D000442,extend_existing,integrated_source_and_stacks,algebra-lemma-graded-K-dual;local-cohomology-lemma-local-cohomology,0DWR,"Under tag 0DWR, alpha is restriction from the affine cone to its punctured complement and lies in the low-degree local-cohomology exact sequence. Applying the new graded dual functor gives the source's alpha-star from T^0(M) to M^*, with its direction fixed by contravariance."
fac:III:4:no:70:property:B-vanishing,70,subitem,fac:III:4:no:70,components/068_III_4_70_definition_functors_Tq.tex:97,components/068_III_4_70_definition_functors_Tq.tex:97,components/068_III_4_70_definition_functors_Tq.tex:97,B8C6508249308F5D8BC886B9E6360F1EC4FDC8F0F18EFAA03EE0E36B591551CA,vanishing,coherent-section-vanishing;properties-section-ample,01PR;01XE,D000443,existing_equivalent,integrated_source_and_stacks,more-algebra-lemma-extended-alternating-Cech-is-colimit-koszul,0913,"For r+1 polynomial variables, the source's positive Koszul-Cech complex occupies cohomological degrees 0 through r. Tag 0913 gives that finite complex directly, so B^q(M)=0 for q>r without any finiteness hypothesis on M."
fac:III:4:no:70:formula:vanishing,70,numbered_paragraph,fac:III:4:no:70,components/068_III_4_70_definition_functors_Tq.tex:99,components/068_III_4_70_definition_functors_Tq.tex:99,components/068_III_4_70_definition_functors_Tq.tex:99,B8C6508249308F5D8BC886B9E6360F1EC4FDC8F0F18EFAA03EE0E36B591551CA,vanishing,coherent-section-vanishing;properties-section-ample,01PR;01XE,D000444,existing_equivalent,integrated_source_and_stacks,algebra-lemma-graded-K-dual;more-algebra-lemma-extended-alternating-Cech-is-colimit-koszul,0913,"Since the graded dual of zero is zero, the finite-length bound in tag 0913 immediately gives T^q(M)=0 for q>r. No componentwise reflexivity or finite-dimensionality assumption is needed for this implication."
fac:III:4:no:71,71,numbered_paragraph,fac:III:4,components/069_III_4_71_determination_Tr.tex:8,components/069_III_4_71_determination_Tr.tex:8,components/069_III_4_71_determination_Tr.tex:8,B8C6508249308F5D8BC886B9E6360F1EC4FDC8F0F18EFAA03EE0E36B591551CA,,,,D000445,new_statement,integrated_source_and_stacks,more-algebra-lemma-top-graded-duality-polynomial-ring;coherent-lemma-cohomology-projective-space-over-ring;duality-lemma-upper-shriek-P1,01XT;0A9W,"The source's top-degree graded duality for every graded module was not present as a standalone statement. A new completely proved untagged lemma retains the free-summand, arbitrary direct-sum, and free-presentation steps; the two existing projective-space statements record only the exact comparison surfaces."
fac:III:4:no:71:def:Omega,71,definition,fac:III:4:no:71,components/069_III_4_71_determination_Tr.tex:13,components/069_III_4_71_determination_Tr.tex:13,components/069_III_4_71_determination_Tr.tex:13,B8C6508249308F5D8BC886B9E6360F1EC4FDC8F0F18EFAA03EE0E36B591551CA,,,,D000446,extend_existing,integrated_source_and_stacks,more-algebra-lemma-top-graded-duality-polynomial-ring;coherent-lemma-cohomology-projective-space-over-ring;duality-lemma-upper-shriek-P1,01XT;0A9W,"Omega is the graded module S(-r-1), whose distinguished generator has internal degree r+1. Its Proj sheaf is O(-r-1), but the source's graded-module role is retained in the new lemma rather than replaced by the sheaf or derived formulation."
fac:III:4:no:71:formula:xi-basis,71,numbered_paragraph,fac:III:4:no:71,components/069_III_4_71_determination_Tr.tex:19,components/069_III_4_71_determination_Tr.tex:19,components/069_III_4_71_determination_Tr.tex:19,B8C6508249308F5D8BC886B9E6360F1EC4FDC8F0F18EFAA03EE0E36B591551CA,,,,D000447,existing_equivalent,integrated_source_and_stacks,more-algebra-lemma-top-graded-duality-polynomial-ring;coherent-lemma-cohomology-projective-space-over-ring,01XT,"Tag 01XT already gives the reciprocal-monomial description of top cohomology, including the class of 1/(t_0...t_r) in twist -r-1. The new lemma fixes that class as xi in internal degree zero and uses it to normalize the pairing."
fac:III:4:no:71:formula:pairing,71,numbered_paragraph,fac:III:4:no:71,components/069_III_4_71_determination_Tr.tex:44,components/069_III_4_71_determination_Tr.tex:44,components/069_III_4_71_determination_Tr.tex:44,B8C6508249308F5D8BC886B9E6360F1EC4FDC8F0F18EFAA03EE0E36B591551CA,,,,D000448,new_statement,integrated_source_and_stacks,more-algebra-lemma-top-graded-duality-polynomial-ring,,"For a homogeneous map phi of degree n and a top cohomology class h of degree -n, composition lands in the one-dimensional degree-zero space K xi. The new lemma records the resulting scalar pairing with both internal degrees explicit."
fac:III:4:no:71:map:nu,71,numbered_paragraph,fac:III:4:no:71,components/069_III_4_71_determination_Tr.tex:54,components/069_III_4_71_determination_Tr.tex:54,components/069_III_4_71_determination_Tr.tex:54,B8C6508249308F5D8BC886B9E6360F1EC4FDC8F0F18EFAA03EE0E36B591551CA,,,,D000449,new_statement,integrated_source_and_stacks,more-algebra-lemma-top-graded-duality-polynomial-ring;algebra-definition-graded-K-dual,,The pairing assembles over internal degrees into the functorial map nu_M from internal graded Hom into the degreewise K-dual of top positive Cech cohomology. This exact map and its arbitrary-module scope required a new statement.
fac:III:4:no:71:formula:S-linearity,71,numbered_paragraph,fac:III:4:no:71,components/069_III_4_71_determination_Tr.tex:59,components/069_III_4_71_determination_Tr.tex:59,components/069_III_4_71_determination_Tr.tex:59,B8C6508249308F5D8BC886B9E6360F1EC4FDC8F0F18EFAA03EE0E36B591551CA,,,,D000450,new_statement,integrated_source_and_stacks,more-algebra-lemma-top-graded-duality-polynomial-ring;algebra-definition-graded-K-dual,,"The identity pairing(sh,phi)=pairing(h,s phi) is exactly the transposed S-action defining the graded K-dual. The proof checks it for homogeneous s and thereby proves that nu_M is a graded S-module map."
fac:III:4:no:71:prop:2,71,proposition,fac:III:4:no:71,components/069_III_4_71_determination_Tr.tex:65,components/069_III_4_71_determination_Tr.tex:65,components/069_III_4_71_determination_Tr.tex:65,B8C6508249308F5D8BC886B9E6360F1EC4FDC8F0F18EFAA03EE0E36B591551CA,ext,cohomology-section-ext;derived-section-ext,06XP;0BQP,D000451,new_statement,integrated_source_and_stacks,more-algebra-lemma-top-graded-duality-polynomial-ring,,"Proposition 2 asserts that nu_M is bijective for every graded module, with no finite-generation or componentwise finite-dimensionality hypothesis. The new untagged lemma states and completely proves this exact scope."
fac:III:4:no:71:proof:free-case,71,proof,fac:III:4:no:71,components/069_III_4_71_determination_Tr.tex:70,components/069_III_4_71_determination_Tr.tex:70,components/069_III_4_71_determination_Tr.tex:70,B8C6508249308F5D8BC886B9E6360F1EC4FDC8F0F18EFAA03EE0E36B591551CA,,,,D000452,new_statement,integrated_source_and_stacks,more-algebra-lemma-top-graded-duality-polynomial-ring;coherent-lemma-cohomology-projective-space-over-ring,01XT,"The proof first treats one shifted free summand by matching polynomial monomials with the reciprocal-monomial basis already visible in tag 01XT, then passes to arbitrary free direct sums by products. Both stages are retained explicitly."
fac:III:4:no:71:formula:direct-products,71,numbered_paragraph,fac:III:4:no:71,components/069_III_4_71_determination_Tr.tex:74,components/069_III_4_71_determination_Tr.tex:74,components/069_III_4_71_determination_Tr.tex:74,B8C6508249308F5D8BC886B9E6360F1EC4FDC8F0F18EFAA03EE0E36B591551CA,,,,D000453,new_statement,integrated_source_and_stacks,more-algebra-lemma-top-graded-duality-polynomial-ring,,"Localization and top cohomology commute with arbitrary direct sums, while internal Hom out of a direct sum and the degreewise dual of a direct sum are products in each internal degree. This product boundary is essential for nonfinite free modules and is proved in the new lemma."
fac:III:4:no:71:formula:polynomial-basis,71,numbered_paragraph,fac:III:4:no:71,components/069_III_4_71_determination_Tr.tex:90,components/069_III_4_71_determination_Tr.tex:90,components/069_III_4_71_determination_Tr.tex:90,B8C6508249308F5D8BC886B9E6360F1EC4FDC8F0F18EFAA03EE0E36B591551CA,,,,D000454,existing_equivalent,integrated_source_and_stacks,more-algebra-lemma-top-graded-duality-polynomial-ring;algebra-remark-FAC-graded-conventions,,"For M=S(m), internal degree n maps into S(-r-1) identify with S_{n-m-r-1}. The new proof uses the standard monomial basis and the established twist convention, including the sign of m."
fac:III:4:no:71:formula:cohomology-basis,71,numbered_paragraph,fac:III:4:no:71,components/069_III_4_71_determination_Tr.tex:110,components/069_III_4_71_determination_Tr.tex:110,components/069_III_4_71_determination_Tr.tex:110,B8C6508249308F5D8BC886B9E6360F1EC4FDC8F0F18EFAA03EE0E36B591551CA,cohomology,cohomology-section-cohomology-sheaves,01DZ,D000455,existing_equivalent,integrated_source_and_stacks,more-algebra-lemma-top-graded-duality-polynomial-ring;coherent-lemma-cohomology-projective-space-over-ring,01XT,"Top positive Cech cohomology is the quotient of the total localization by the sum missing one inversion. Its degree -n part for S(m) has the reciprocal monomials with every beta_i at least one and sum beta_i=n-m, matching tag 01XT."
fac:III:4:no:71:formula:dual-basis-pairing,71,numbered_paragraph,fac:III:4:no:71,components/069_III_4_71_determination_Tr.tex:123,components/069_III_4_71_determination_Tr.tex:123,components/069_III_4_71_determination_Tr.tex:123,B8C6508249308F5D8BC886B9E6360F1EC4FDC8F0F18EFAA03EE0E36B591551CA,,,,D000456,new_statement,integrated_source_and_stacks,more-algebra-lemma-top-graded-duality-polynomial-ring,,Multiplication sends a polynomial monomial and a reciprocal monomial to xi exactly when beta_i=gamma_i+1 for every i; otherwise a nonnegative exponent makes the class vanish in the top quotient. This proves the two displayed bases are dual.
fac:III:4:no:71:proof:general-case,71,proof,fac:III:4:no:71,components/069_III_4_71_determination_Tr.tex:139,components/069_III_4_71_determination_Tr.tex:139,components/069_III_4_71_determination_Tr.tex:139,B8C6508249308F5D8BC886B9E6360F1EC4FDC8F0F18EFAA03EE0E36B591551CA,,,,D000457,new_statement,integrated_source_and_stacks,more-algebra-lemma-top-graded-duality-polynomial-ring;algebra-lemma-graded-free-resolutions,,"The arbitrary-module step uses a graded free presentation, top-degree right exactness of the bounded positive Cech complex, exact degreewise K-duality, and left exactness of internal graded Hom. The proof retains this kernel comparison in full."
fac:III:4:no:71:formula:free-presentation,71,numbered_paragraph,fac:III:4:no:71,components/069_III_4_71_determination_Tr.tex:141,components/069_III_4_71_determination_Tr.tex:141,components/069_III_4_71_determination_Tr.tex:141,B8C6508249308F5D8BC886B9E6360F1EC4FDC8F0F18EFAA03EE0E36B591551CA,,,,D000458,existing_equivalent,integrated_source_and_stacks,algebra-lemma-graded-free-resolutions;more-algebra-lemma-top-graded-duality-polynomial-ring,,Every graded module admits a presentation L^1 to L^0 to M to zero by arbitrary direct sums of twists. The new proof invokes the established graded-free-resolution lemma and does not add a finite-generation hypothesis.
fac:III:4:no:71:diagram:nu,71,diagram,fac:III:4:no:71,components/069_III_4_71_determination_Tr.tex:147,components/069_III_4_71_determination_Tr.tex:147,components/069_III_4_71_determination_Tr.tex:147,B8C6508249308F5D8BC886B9E6360F1EC4FDC8F0F18EFAA03EE0E36B591551CA,,,,D000459,new_statement,integrated_source_and_stacks,more-algebra-lemma-top-graded-duality-polynomial-ring,,The source comparison diagram is delivered as native xymatrix TeX with exact rows and the three natural nu maps. It is not replaced by a raster image or an informal kernel argument.
fac:III:4:no:71:formula:B-exact,71,numbered_paragraph,fac:III:4:no:71,components/069_III_4_71_determination_Tr.tex:165,components/069_III_4_71_determination_Tr.tex:165,components/069_III_4_71_determination_Tr.tex:165,B8C6508249308F5D8BC886B9E6360F1EC4FDC8F0F18EFAA03EE0E36B591551CA,,,,D000460,existing_equivalent,integrated_source_and_stacks,more-algebra-lemma-top-graded-duality-polynomial-ring;more-algebra-lemma-extended-alternating-Cech-is-colimit-koszul,0913,The positive Cech complex is degreewise exact in its module argument and ends in cohomological degree r. Factoring a free presentation through its image and using B^{r+1}=0 gives B^r(L^1) to B^r(L^0) to B^r(M) to zero.
fac:III:4:no:71:formula:free-nu,71,numbered_paragraph,fac:III:4:no:71,components/069_III_4_71_determination_Tr.tex:176,components/069_III_4_71_determination_Tr.tex:176,components/069_III_4_71_determination_Tr.tex:176,B8C6508249308F5D8BC886B9E6360F1EC4FDC8F0F18EFAA03EE0E36B591551CA,,,,D000461,new_statement,integrated_source_and_stacks,more-algebra-lemma-top-graded-duality-polynomial-ring,,"The vertical maps for L^0 and L^1 are isomorphisms because arbitrary graded free modules were settled degreewise by the direct-sum/product argument, not merely because finite free modules were settled."
fac:III:4:no:71:formula:general-nu,71,numbered_paragraph,fac:III:4:no:71,components/069_III_4_71_determination_Tr.tex:185,components/069_III_4_71_determination_Tr.tex:185,components/069_III_4_71_determination_Tr.tex:185,B8C6508249308F5D8BC886B9E6360F1EC4FDC8F0F18EFAA03EE0E36B591551CA,,,,D000462,new_statement,integrated_source_and_stacks,more-algebra-lemma-top-graded-duality-polynomial-ring,,"Both rows identify their left terms as kernels of the same comparison arrows. Since the two right vertical maps are isomorphisms, the natural left vertical map nu_M is an isomorphism for arbitrary M."
fac:III:4:no:72,72,numbered_paragraph,fac:III:4,components/070_III_4_72_determination_Tq.tex:9,components/070_III_4_72_determination_Tq.tex:9,components/070_III_4_72_determination_Tq.tex:9,B8C6508249308F5D8BC886B9E6360F1EC4FDC8F0F18EFAA03EE0E36B591551CA,,,,D000463,new_statement,integrated_source_and_stacks,more-algebra-lemma-graded-local-duality-polynomial-ring;duality-remark-coherent-duality-proper-over-field,0FVX,"No. 72 is the graded local-duality checkpoint: the new completely proved untagged lemma identifies the reversed dual augmented Cech complex with internal graded Ext, while tag 0FVX records the stronger proper-scheme duality comparison only on the coherent projective-space surface."
fac:III:4:no:72:thm:1,72,theorem,fac:III:4:no:72,components/070_III_4_72_determination_Tq.tex:14,components/070_III_4_72_determination_Tq.tex:14,components/070_III_4_72_determination_Tq.tex:14,B8C6508249308F5D8BC886B9E6360F1EC4FDC8F0F18EFAA03EE0E36B591551CA,ext,cohomology-section-ext;derived-section-ext,06XP;0BQP,D000464,new_statement,integrated_source_and_stacks,more-algebra-lemma-graded-local-duality-polynomial-ring;algebra-lemma-graded-ext-properties,,"The direct formula, the exceptional degrees, and vanishing above r+1 are stated and proved together. The printed omission of the r+1 exception is repaired by giving the direct formula only in its defined range and the two exceptional degrees in the five-term sequence."
fac:III:4:no:72:formula:theorem-exact,72,numbered_paragraph,fac:III:4:no:72,components/070_III_4_72_determination_Tq.tex:26,components/070_III_4_72_determination_Tq.tex:26,components/070_III_4_72_determination_Tq.tex:26,B8C6508249308F5D8BC886B9E6360F1EC4FDC8F0F18EFAA03EE0E36B591551CA,,,,D000465,new_statement,integrated_source_and_stacks,more-algebra-lemma-graded-local-duality-polynomial-ring;algebra-lemma-graded-K-dual,,The exact sequence is the cohomology of the final two terms of the reversed graded dual augmented Cech complex. This makes its maps functorial and identifies its kernel and cokernel with internal graded Ext in degrees r and r+1.
fac:III:4:no:72:def:Eq,72,definition,fac:III:4:no:72,components/070_III_4_72_determination_Tq.tex:37,components/070_III_4_72_determination_Tq.tex:37,components/070_III_4_72_determination_Tq.tex:37,B8C6508249308F5D8BC886B9E6360F1EC4FDC8F0F18EFAA03EE0E36B591551CA,,,,D000466,new_statement,integrated_source_and_stacks,more-algebra-lemma-graded-local-duality-polynomial-ring,,"The source's piecewise E^q are realized uniformly as H^q of one bounded functorial complex D(M). For q below r this is T^(r-q), while degrees r and r+1 are the kernel and cokernel of alpha-dual and higher degrees vanish."
fac:III:4:no:72:properties,72,numbered_paragraph,fac:III:4:no:72,components/070_III_4_72_determination_Tq.tex:45,components/070_III_4_72_determination_Tq.tex:45,components/070_III_4_72_determination_Tq.tex:45,B8C6508249308F5D8BC886B9E6360F1EC4FDC8F0F18EFAA03EE0E36B591551CA,,,,D000467,extend_existing,integrated_source_and_stacks,more-algebra-lemma-graded-local-duality-polynomial-ring;homology-lemma-efface-implies-universal;homology-lemma-uniqueness-universal-delta-functor,010T;010U,"The four axioms become exactness of the complex construction, free-module acyclicity, and effaceability on the opposite graded-module category. Tags 010T and 010U supply the reusable universal-delta-functor mechanism; the new lemma performs the exact application."
fac:III:4:no:72:property:i,72,subitem,fac:III:4:no:72,components/070_III_4_72_determination_Tq.tex:49,components/070_III_4_72_determination_Tq.tex:49,components/070_III_4_72_determination_Tq.tex:49,B8C6508249308F5D8BC886B9E6360F1EC4FDC8F0F18EFAA03EE0E36B591551CA,,,,D000468,existing_equivalent,integrated_source_and_stacks,more-algebra-lemma-top-graded-duality-polynomial-ring;more-algebra-lemma-graded-local-duality-polynomial-ring;algebra-lemma-graded-ext-properties,,"No. 71 already gives GrHom(M,S(-r-1)) isomorphic to T^r(M), and graded Ext in degree zero is internal graded Hom. This is precisely the degree-zero identification used to start the universal comparison."
fac:III:4:no:72:property:ii,72,subitem,fac:III:4:no:72,components/070_III_4_72_determination_Tq.tex:56,components/070_III_4_72_determination_Tq.tex:56,components/070_III_4_72_determination_Tq.tex:56,B8C6508249308F5D8BC886B9E6360F1EC4FDC8F0F18EFAA03EE0E36B591551CA,,,,D000469,extend_existing,integrated_source_and_stacks,more-algebra-lemma-graded-local-duality-polynomial-ring;more-algebra-lemma-regular-koszul-regular;more-algebra-lemma-extended-alternating-Cech-is-colimit-koszul;algebra-lemma-graded-free-resolutions,062F;0913,"For one twist S(m), regularity of all variables makes the augmented Cech complex exact below its top term; localization and cohomology commute with arbitrary direct sums, so every positive E^q vanishes on every graded free module."
fac:III:4:no:72:property:iii,72,subitem,fac:III:4:no:72,components/070_III_4_72_determination_Tq.tex:62,components/070_III_4_72_determination_Tq.tex:62,components/070_III_4_72_determination_Tq.tex:62,B8C6508249308F5D8BC886B9E6360F1EC4FDC8F0F18EFAA03EE0E36B591551CA,,,,D000470,new_statement,integrated_source_and_stacks,more-algebra-lemma-graded-local-duality-polynomial-ring;homology-lemma-dualize-delta-functor,,Termwise exactness of localization and exactness of the graded K-dual give a short exact sequence of reversed complexes and hence the complete contravariant long exact sequence. The construction includes the exceptional boundary maps rather than asserting them informally.
fac:III:4:no:72:formula:E-long-exact,72,numbered_paragraph,fac:III:4:no:72,components/070_III_4_72_determination_Tq.tex:67,components/070_III_4_72_determination_Tq.tex:67,components/070_III_4_72_determination_Tq.tex:67,B8C6508249308F5D8BC886B9E6360F1EC4FDC8F0F18EFAA03EE0E36B591551CA,,,,D000471,new_statement,integrated_source_and_stacks,more-algebra-lemma-graded-local-duality-polynomial-ring;algebra-lemma-graded-ext-properties,,The long exact E sequence is written in the source's contravariant order and is identified with the first-variable internal graded Ext sequence. All maps preserve the internal grading and are functorial in the short exact sequence.
fac:III:4:no:72:diagram:alpha-star,72,diagram,fac:III:4:no:72,components/070_III_4_72_determination_Tq.tex:79,components/070_III_4_72_determination_Tq.tex:79,components/070_III_4_72_determination_Tq.tex:79,B8C6508249308F5D8BC886B9E6360F1EC4FDC8F0F18EFAA03EE0E36B591551CA,,,,D000472,new_statement,integrated_source_and_stacks,more-algebra-lemma-graded-local-duality-polynomial-ring;homology-lemma-dualize-delta-functor,,The two-row T^1/T^0-to-graded-dual diagram is retained as native xymatrix TeX with exact rows. It represents the last two differentials of the reversed complex and fixes the directions of all three alpha-dual maps.
fac:III:4:no:72:map:d-r-minus-1,72,numbered_paragraph,fac:III:4:no:72,components/070_III_4_72_determination_Tq.tex:97,components/070_III_4_72_determination_Tq.tex:97,components/070_III_4_72_determination_Tq.tex:97,B8C6508249308F5D8BC886B9E6360F1EC4FDC8F0F18EFAA03EE0E36B591551CA,,,,D000473,new_statement,integrated_source_and_stacks,more-algebra-lemma-graded-local-duality-polynomial-ring,,The boundary from T^1(M) into the kernel of T^0(P) to P-dual is the ordinary cohomology connecting map of the short exact D-complex sequence. Its target and naturality are therefore intrinsic.
fac:III:4:no:72:map:d-r,72,numbered_paragraph,fac:III:4:no:72,components/070_III_4_72_determination_Tq.tex:103,components/070_III_4_72_determination_Tq.tex:103,components/070_III_4_72_determination_Tq.tex:103,B8C6508249308F5D8BC886B9E6360F1EC4FDC8F0F18EFAA03EE0E36B591551CA,,,,D000474,new_statement,integrated_source_and_stacks,more-algebra-lemma-graded-local-duality-polynomial-ring,,The kernel-to-cokernel map at degree r is the next cohomology boundary of the same short exact complex sequence. This supplies the source's lift-and-compare construction with a choice-independent chain-level definition.
fac:III:4:no:72:formula:T-long-exact,72,numbered_paragraph,fac:III:4:no:72,components/070_III_4_72_determination_Tq.tex:115,components/070_III_4_72_determination_Tq.tex:115,components/070_III_4_72_determination_Tq.tex:115,B8C6508249308F5D8BC886B9E6360F1EC4FDC8F0F18EFAA03EE0E36B591551CA,,,,D000475,existing_equivalent,integrated_source_and_stacks,homology-lemma-dualize-delta-functor;more-algebra-lemma-graded-local-duality-polynomial-ring,,Dualizing the positive Cech cohomology sequence reverses its arrows and preserves exactness because the degreewise K-dual is exact. The new local-duality lemma uses exactly this sequence away from the two splice degrees.
fac:III:4:no:72:property:iv,72,subitem,fac:III:4:no:72,components/070_III_4_72_determination_Tq.tex:123,components/070_III_4_72_determination_Tq.tex:123,components/070_III_4_72_determination_Tq.tex:123,B8C6508249308F5D8BC886B9E6360F1EC4FDC8F0F18EFAA03EE0E36B591551CA,,,,D000476,existing_equivalent,integrated_source_and_stacks,more-algebra-lemma-graded-local-duality-polynomial-ring;homology-definition-cohomological-delta-functor,010Q,"All maps arise from functorial localization, exact graded duality, and cohomology boundary maps, so naturality follows at chain level. This is stronger evidence than a separate elementwise verification at the exceptional degrees."
fac:III:4:no:72:formula:E-Ext,72,numbered_paragraph,fac:III:4:no:72,components/070_III_4_72_determination_Tq.tex:135,components/070_III_4_72_determination_Tq.tex:135,components/070_III_4_72_determination_Tq.tex:135,B8C6508249308F5D8BC886B9E6360F1EC4FDC8F0F18EFAA03EE0E36B591551CA,ext,cohomology-section-ext;derived-section-ext,06XP;0BQP,D000477,new_statement,integrated_source_and_stacks,more-algebra-lemma-graded-local-duality-polynomial-ring;homology-lemma-efface-implies-universal;homology-lemma-uniqueness-universal-delta-functor;algebra-lemma-graded-ext-properties,010T;010U,Both E and internal graded Ext are effaceable delta functors on the opposite category because every graded module is a quotient of a graded free module. The no. 71 degree-zero pairing therefore extends uniquely to the stated isomorphism in every degree.
fac:III:4:no:72:cor:1,72,corollary,fac:III:4:no:72,components/070_III_4_72_determination_Tq.tex:141,components/070_III_4_72_determination_Tq.tex:141,components/070_III_4_72_determination_Tq.tex:141,B8C6508249308F5D8BC886B9E6360F1EC4FDC8F0F18EFAA03EE0E36B591551CA,ext,cohomology-section-ext;derived-section-ext,06XP;0BQP,D000478,new_statement,integrated_source_and_stacks,more-algebra-lemma-graded-local-duality-polynomial-ring;coherent-lemma-coherent-projective;duality-remark-coherent-duality-proper-over-field,01YS;0FVX,"Taking degree zero in T^p isomorphic to GrExt^(r-p), then using finite-dimensional biduality, gives the source's perfect pairing for positive projective cohomology. Tag 01YS supplies finiteness and tag 0FVX is the stronger proper-scheme duality comparison."
fac:III:4:no:72:cor:2,72,corollary,fac:III:4:no:72,components/070_III_4_72_determination_Tq.tex:150,components/070_III_4_72_determination_Tq.tex:150,components/070_III_4_72_determination_Tq.tex:150,B8C6508249308F5D8BC886B9E6360F1EC4FDC8F0F18EFAA03EE0E36B591551CA,ext,cohomology-section-ext;derived-section-ext,06XP;0BQP,D000479,new_statement,integrated_source_and_stacks,more-algebra-lemma-graded-local-duality-polynomial-ring;algebra-lemma-graded-ext-properties;coherent-lemma-coherent-projective,01YS,"For a finite graded representative, T^p is finite for p at least one by the Ext comparison and is zero above r. The five-term sequence and eventual vanishing of M-dual in positive internal degrees identify the high-degree tail of T^0 with the finite module GrExt^r."
fac:III:5,fac:III:5,section,fac:III,components/071_III_5_73_relations_global_local_Ext.tex:7,components/071_III_5_73_relations_global_local_Ext.tex:7,components/071_III_5_73_relations_global_local_Ext.tex:7,B8C6508249308F5D8BC886B9E6360F1EC4FDC8F0F18EFAA03EE0E36B591551CA,ext,cohomology-section-ext;derived-section-ext,06XP;0BQP,,structural_only,classified,,,Source structure; no independent Stacks object.
fac:III:5:no:73,73,numbered_paragraph,fac:III:5,components/071_III_5_73_relations_global_local_Ext.tex:8,components/071_III_5_73_relations_global_local_Ext.tex:8,components/071_III_5_73_relations_global_local_Ext.tex:8,B8C6508249308F5D8BC886B9E6360F1EC4FDC8F0F18EFAA03EE0E36B591551CA,ext,cohomology-section-ext;derived-section-ext,06XP;0BQP,,needs_review,generated_intake,,,Requires statement-level mathematical comparison.
fac:III:5:no:73:prop:1,73,proposition,fac:III:5:no:73,components/071_III_5_73_relations_global_local_Ext.tex:17,components/071_III_5_73_relations_global_local_Ext.tex:17,components/071_III_5_73_relations_global_local_Ext.tex:17,B8C6508249308F5D8BC886B9E6360F1EC4FDC8F0F18EFAA03EE0E36B591551CA,ext,cohomology-section-ext;derived-section-ext,06XP;0BQP,,needs_review,generated_intake,,,Requires statement-level mathematical comparison.
fac:III:5:no:73:prop:1:a,73,proposition,fac:III:5:no:73:prop:1,components/071_III_5_73_relations_global_local_Ext.tex:21,components/071_III_5_73_relations_global_local_Ext.tex:21,components/071_III_5_73_relations_global_local_Ext.tex:21,B8C6508249308F5D8BC886B9E6360F1EC4FDC8F0F18EFAA03EE0E36B591551CA,ext,cohomology-section-ext;derived-section-ext,06XP;0BQP,,needs_review,generated_intake,,,Requires statement-level mathematical comparison.
fac:III:5:no:73:prop:1:b,73,proposition,fac:III:5:no:73:prop:1,components/071_III_5_73_relations_global_local_Ext.tex:26,components/071_III_5_73_relations_global_local_Ext.tex:26,components/071_III_5_73_relations_global_local_Ext.tex:26,B8C6508249308F5D8BC886B9E6360F1EC4FDC8F0F18EFAA03EE0E36B591551CA,ext,cohomology-section-ext;derived-section-ext,06XP;0BQP,,needs_review,generated_intake,,,Requires statement-level mathematical comparison.
fac:III:5:no:73:map:iota-x,73,numbered_paragraph,fac:III:5:no:73,components/071_III_5_73_relations_global_local_Ext.tex:33,components/071_III_5_73_relations_global_local_Ext.tex:33,components/071_III_5_73_relations_global_local_Ext.tex:33,B8C6508249308F5D8BC886B9E6360F1EC4FDC8F0F18EFAA03EE0E36B591551CA,ext,cohomology-section-ext;derived-section-ext,06XP;0BQP,,needs_review,generated_intake,,,Requires statement-level mathematical comparison.
fac:III:5:no:73:formula:Hom-stalk,73,numbered_paragraph,fac:III:5:no:73,components/071_III_5_73_relations_global_local_Ext.tex:50,components/071_III_5_73_relations_global_local_Ext.tex:50,components/071_III_5_73_relations_global_local_Ext.tex:50,B8C6508249308F5D8BC886B9E6360F1EC4FDC8F0F18EFAA03EE0E36B591551CA,ext,cohomology-section-ext;derived-section-ext,06XP;0BQP,,needs_review,generated_intake,,,Requires statement-level mathematical comparison.
fac:III:5:no:73:map:iota,73,numbered_paragraph,fac:III:5:no:73,components/071_III_5_73_relations_global_local_Ext.tex:62,components/071_III_5_73_relations_global_local_Ext.tex:62,components/071_III_5_73_relations_global_local_Ext.tex:62,B8C6508249308F5D8BC886B9E6360F1EC4FDC8F0F18EFAA03EE0E36B591551CA,ext,cohomology-section-ext;derived-section-ext,06XP;0BQP,,needs_review,generated_intake,,,Requires statement-level mathematical comparison.
fac:III:5:no:73:proof:free-case,73,proof,fac:III:5:no:73,components/071_III_5_73_relations_global_local_Ext.tex:69,components/071_III_5_73_relations_global_local_Ext.tex:69,components/071_III_5_73_relations_global_local_Ext.tex:69,B8C6508249308F5D8BC886B9E6360F1EC4FDC8F0F18EFAA03EE0E36B591551CA,ext,cohomology-section-ext;derived-section-ext,06XP;0BQP,,structural_only,inherits_parent,,,Embedded source component; inherit the parent disposition.
fac:III:5:no:73:proof:resolution-case,73,proof,fac:III:5:no:73,components/071_III_5_73_relations_global_local_Ext.tex:74,components/071_III_5_73_relations_global_local_Ext.tex:74,components/071_III_5_73_relations_global_local_Ext.tex:74,B8C6508249308F5D8BC886B9E6360F1EC4FDC8F0F18EFAA03EE0E36B591551CA,ext,cohomology-section-ext;derived-section-ext,06XP;0BQP,,structural_only,inherits_parent,,,Embedded source component; inherit the parent disposition.
fac:III:5:no:73:formula:resolution,73,numbered_paragraph,fac:III:5:no:73,components/071_III_5_73_relations_global_local_Ext.tex:77,components/071_III_5_73_relations_global_local_Ext.tex:77,components/071_III_5_73_relations_global_local_Ext.tex:77,B8C6508249308F5D8BC886B9E6360F1EC4FDC8F0F18EFAA03EE0E36B591551CA,ext,cohomology-section-ext;derived-section-ext,06XP;0BQP,,needs_review,generated_intake,,,Requires statement-level mathematical comparison.
fac:III:5:no:73:def:complex-C,73,definition,fac:III:5:no:73,components/071_III_5_73_relations_global_local_Ext.tex:83,components/071_III_5_73_relations_global_local_Ext.tex:83,components/071_III_5_73_relations_global_local_Ext.tex:83,B8C6508249308F5D8BC886B9E6360F1EC4FDC8F0F18EFAA03EE0E36B591551CA,ext,cohomology-section-ext;derived-section-ext,06XP;0BQP,,needs_review,generated_intake,,,Requires statement-level mathematical comparison.
fac:III:5:no:73:def:boundaries-cocycles,73,definition,fac:III:5:no:73,components/071_III_5_73_relations_global_local_Ext.tex:87,components/071_III_5_73_relations_global_local_Ext.tex:87,components/071_III_5_73_relations_global_local_Ext.tex:87,B8C6508249308F5D8BC886B9E6360F1EC4FDC8F0F18EFAA03EE0E36B591551CA,ext,cohomology-section-ext;derived-section-ext,06XP;0BQP,,needs_review,generated_intake,,,Requires statement-level mathematical comparison.
fac:III:5:no:73:formula:cycles-boundaries,73,numbered_paragraph,fac:III:5:no:73,components/071_III_5_73_relations_global_local_Ext.tex:91,components/071_III_5_73_relations_global_local_Ext.tex:91,components/071_III_5_73_relations_global_local_Ext.tex:91,B8C6508249308F5D8BC886B9E6360F1EC4FDC8F0F18EFAA03EE0E36B591551CA,ext,cohomology-section-ext;derived-section-ext,06XP;0BQP,,needs_review,generated_intake,,,Requires statement-level mathematical comparison.
fac:III:5:no:73:formula:localized-cycles-boundaries,73,numbered_paragraph,fac:III:5:no:73,components/071_III_5_73_relations_global_local_Ext.tex:103,components/071_III_5_73_relations_global_local_Ext.tex:103,components/071_III_5_73_relations_global_local_Ext.tex:103,B8C6508249308F5D8BC886B9E6360F1EC4FDC8F0F18EFAA03EE0E36B591551CA,ext,cohomology-section-ext;derived-section-ext,06XP;0BQP,,needs_review,generated_intake,,,Requires statement-level mathematical comparison.
fac:III:5:no:74,74,numbered_paragraph,fac:III:5,components/072_III_5_74_vanishing_negative_twists.tex:9,components/072_III_5_74_vanishing_negative_twists.tex:9,components/072_III_5_74_vanishing_negative_twists.tex:9,B8C6508249308F5D8BC886B9E6360F1EC4FDC8F0F18EFAA03EE0E36B591551CA,vanishing,coherent-section-vanishing;properties-section-ample,01PR;01XE,,needs_review,generated_intake,,,Requires statement-level mathematical comparison.
fac:III:5:no:74:thm:1,74,theorem,fac:III:5:no:74,components/072_III_5_74_vanishing_negative_twists.tex:13,components/072_III_5_74_vanishing_negative_twists.tex:13,components/072_III_5_74_vanishing_negative_twists.tex:13,B8C6508249308F5D8BC886B9E6360F1EC4FDC8F0F18EFAA03EE0E36B591551CA,ext;vanishing,coherent-section-vanishing;cohomology-section-ext;derived-section-ext;properties-section-ample,01PR;01XE;06XP;0BQP,,needs_review,generated_intake,,,Requires statement-level mathematical comparison.
fac:III:5:no:74:thm:1:a,74,theorem,fac:III:5:no:74:thm:1,components/072_III_5_74_vanishing_negative_twists.tex:18,components/072_III_5_74_vanishing_negative_twists.tex:18,components/072_III_5_74_vanishing_negative_twists.tex:18,B8C6508249308F5D8BC886B9E6360F1EC4FDC8F0F18EFAA03EE0E36B591551CA,vanishing,coherent-section-vanishing;properties-section-ample,01PR;01XE,,needs_review,generated_intake,,,Requires statement-level mathematical comparison.
fac:III:5:no:74:thm:1:b,74,theorem,fac:III:5:no:74:thm:1,components/072_III_5_74_vanishing_negative_twists.tex:21,components/072_III_5_74_vanishing_negative_twists.tex:21,components/072_III_5_74_vanishing_negative_twists.tex:21,B8C6508249308F5D8BC886B9E6360F1EC4FDC8F0F18EFAA03EE0E36B591551CA,vanishing,coherent-section-vanishing;properties-section-ample,01PR;01XE,,needs_review,generated_intake,,,Requires statement-level mathematical comparison.
fac:III:5:no:74:formula:T-vanishing,74,numbered_paragraph,fac:III:5:no:74,components/072_III_5_74_vanishing_negative_twists.tex:32,components/072_III_5_74_vanishing_negative_twists.tex:32,components/072_III_5_74_vanishing_negative_twists.tex:32,B8C6508249308F5D8BC886B9E6360F1EC4FDC8F0F18EFAA03EE0E36B591551CA,vanishing,coherent-section-vanishing;properties-section-ample,01PR;01XE,,needs_review,generated_intake,,,Requires statement-level mathematical comparison.
fac:III:5:no:74:condition:T-in-C,74,condition,fac:III:5:no:74,components/072_III_5_74_vanishing_negative_twists.tex:37,components/072_III_5_74_vanishing_negative_twists.tex:37,components/072_III_5_74_vanishing_negative_twists.tex:37,B8C6508249308F5D8BC886B9E6360F1EC4FDC8F0F18EFAA03EE0E36B591551CA,vanishing,coherent-section-vanishing;properties-section-ample,01PR;01XE,,needs_review,generated_intake,,,Requires statement-level mathematical comparison.
fac:III:5:no:74:formula:Ext-in-C,74,numbered_paragraph,fac:III:5:no:74,components/072_III_5_74_vanishing_negative_twists.tex:45,components/072_III_5_74_vanishing_negative_twists.tex:45,components/072_III_5_74_vanishing_negative_twists.tex:45,B8C6508249308F5D8BC886B9E6360F1EC4FDC8F0F18EFAA03EE0E36B591551CA,ext;vanishing,coherent-section-vanishing;cohomology-section-ext;derived-section-ext;properties-section-ample,01PR;01XE;06XP;0BQP,,needs_review,generated_intake,,,Requires statement-level mathematical comparison.
fac:III:5:no:74:def:dimension,74,definition,fac:III:5:no:74,components/072_III_5_74_vanishing_negative_twists.tex:65,components/072_III_5_74_vanishing_negative_twists.tex:65,components/072_III_5_74_vanishing_negative_twists.tex:65,B8C6508249308F5D8BC886B9E6360F1EC4FDC8F0F18EFAA03EE0E36B591551CA,vanishing,coherent-section-vanishing;properties-section-ample,01PR;01XE,,needs_review,generated_intake,,,Requires statement-level mathematical comparison.
fac:III:5:no:74:syzygy-bound,74,numbered_paragraph,fac:III:5:no:74,components/072_III_5_74_vanishing_negative_twists.tex:79,components/072_III_5_74_vanishing_negative_twists.tex:79,components/072_III_5_74_vanishing_negative_twists.tex:79,B8C6508249308F5D8BC886B9E6360F1EC4FDC8F0F18EFAA03EE0E36B591551CA,vanishing,coherent-section-vanishing;properties-section-ample,01PR;01XE,,needs_review,generated_intake,,,Requires statement-level mathematical comparison.
fac:III:5:no:74:lemma:1,74,lemma,fac:III:5:no:74,components/072_III_5_74_vanishing_negative_twists.tex:83,components/072_III_5_74_vanishing_negative_twists.tex:83,components/072_III_5_74_vanishing_negative_twists.tex:83,B8C6508249308F5D8BC886B9E6360F1EC4FDC8F0F18EFAA03EE0E36B591551CA,ext;vanishing,coherent-section-vanishing;cohomology-section-ext;derived-section-ext;properties-section-ample,01PR;01XE;06XP;0BQP,,needs_review,generated_intake,,,Requires statement-level mathematical comparison.
fac:III:5:no:74:lemma:1:i,74,lemma,fac:III:5:no:74:lemma:1,components/072_III_5_74_vanishing_negative_twists.tex:88,components/072_III_5_74_vanishing_negative_twists.tex:88,components/072_III_5_74_vanishing_negative_twists.tex:88,B8C6508249308F5D8BC886B9E6360F1EC4FDC8F0F18EFAA03EE0E36B591551CA,vanishing,coherent-section-vanishing;properties-section-ample,01PR;01XE,,needs_review,generated_intake,,,Requires statement-level mathematical comparison.
fac:III:5:no:74:lemma:1:ii,74,lemma,fac:III:5:no:74:lemma:1,components/072_III_5_74_vanishing_negative_twists.tex:91,components/072_III_5_74_vanishing_negative_twists.tex:91,components/072_III_5_74_vanishing_negative_twists.tex:91,B8C6508249308F5D8BC886B9E6360F1EC4FDC8F0F18EFAA03EE0E36B591551CA,vanishing,coherent-section-vanishing;properties-section-ample,01PR;01XE,,needs_review,generated_intake,,,Requires statement-level mathematical comparison.
fac:III:5:no:74:formula:Ext-segment,74,numbered_paragraph,fac:III:5:no:74,components/072_III_5_74_vanishing_negative_twists.tex:108,components/072_III_5_74_vanishing_negative_twists.tex:108,components/072_III_5_74_vanishing_negative_twists.tex:108,B8C6508249308F5D8BC886B9E6360F1EC4FDC8F0F18EFAA03EE0E36B591551CA,ext;vanishing,coherent-section-vanishing;cohomology-section-ext;derived-section-ext;properties-section-ample,01PR;01XE;06XP;0BQP,,needs_review,generated_intake,,,Requires statement-level mathematical comparison.
fac:III:5:no:74:thm:2,74,theorem,fac:III:5:no:74,components/072_III_5_74_vanishing_negative_twists.tex:125,components/072_III_5_74_vanishing_negative_twists.tex:125,components/072_III_5_74_vanishing_negative_twists.tex:125,B8C6508249308F5D8BC886B9E6360F1EC4FDC8F0F18EFAA03EE0E36B591551CA,ext;vanishing,coherent-section-vanishing;cohomology-section-ext;derived-section-ext;properties-section-ample,01PR;01XE;06XP;0BQP,,needs_review,generated_intake,,,Requires statement-level mathematical comparison.
fac:III:5:no:74:thm:2:a,74,theorem,fac:III:5:no:74:thm:2,components/072_III_5_74_vanishing_negative_twists.tex:130,components/072_III_5_74_vanishing_negative_twists.tex:130,components/072_III_5_74_vanishing_negative_twists.tex:130,B8C6508249308F5D8BC886B9E6360F1EC4FDC8F0F18EFAA03EE0E36B591551CA,vanishing,coherent-section-vanishing;properties-section-ample,01PR;01XE,,needs_review,generated_intake,,,Requires statement-level mathematical comparison.
fac:III:5:no:74:thm:2:b,74,theorem,fac:III:5:no:74:thm:2,components/072_III_5_74_vanishing_negative_twists.tex:134,components/072_III_5_74_vanishing_negative_twists.tex:134,components/072_III_5_74_vanishing_negative_twists.tex:134,B8C6508249308F5D8BC886B9E6360F1EC4FDC8F0F18EFAA03EE0E36B591551CA,vanishing,coherent-section-vanishing;properties-section-ample,01PR;01XE,,needs_review,generated_intake,,,Requires statement-level mathematical comparison.
fac:III:5:no:75,75,numbered_paragraph,fac:III:5,components/073_III_5_75_nonsingular_varieties.tex:8,components/073_III_5_75_nonsingular_varieties.tex:8,components/073_III_5_75_nonsingular_varieties.tex:8,B8C6508249308F5D8BC886B9E6360F1EC4FDC8F0F18EFAA03EE0E36B591551CA,varieties,varieties-section-varieties,020C,,needs_review,generated_intake,,,Requires statement-level mathematical comparison.
fac:III:5:no:75:thm:3,75,theorem,fac:III:5:no:75,components/073_III_5_75_nonsingular_varieties.tex:14,components/073_III_5_75_nonsingular_varieties.tex:14,components/073_III_5_75_nonsingular_varieties.tex:14,B8C6508249308F5D8BC886B9E6360F1EC4FDC8F0F18EFAA03EE0E36B591551CA,ext;varieties,cohomology-section-ext;derived-section-ext;varieties-section-varieties,020C;06XP;0BQP,,needs_review,generated_intake,,,Requires statement-level mathematical comparison.
fac:III:5:no:75:thm:3:proof,75,theorem,fac:III:5:no:75:thm:3,components/073_III_5_75_nonsingular_varieties.tex:23,components/073_III_5_75_nonsingular_varieties.tex:23,components/073_III_5_75_nonsingular_varieties.tex:23,B8C6508249308F5D8BC886B9E6360F1EC4FDC8F0F18EFAA03EE0E36B591551CA,varieties,varieties-section-varieties,020C,,needs_review,generated_intake,,,Requires statement-level mathematical comparison.
fac:III:5:no:75:formula:colon,75,numbered_paragraph,fac:III:5:no:75,components/073_III_5_75_nonsingular_varieties.tex:33,components/073_III_5_75_nonsingular_varieties.tex:33,components/073_III_5_75_nonsingular_varieties.tex:33,B8C6508249308F5D8BC886B9E6360F1EC4FDC8F0F18EFAA03EE0E36B591551CA,varieties,varieties-section-varieties,020C,,needs_review,generated_intake,,,Requires statement-level mathematical comparison.
fac:III:5:no:75:def:Lq,75,definition,fac:III:5:no:75,components/073_III_5_75_nonsingular_varieties.tex:42,components/073_III_5_75_nonsingular_varieties.tex:42,components/073_III_5_75_nonsingular_varieties.tex:42,B8C6508249308F5D8BC886B9E6360F1EC4FDC8F0F18EFAA03EE0E36B591551CA,varieties,varieties-section-varieties,020C,,needs_review,generated_intake,,,Requires statement-level mathematical comparison.
fac:III:5:no:75:formula:differential,75,numbered_paragraph,fac:III:5:no:75,components/073_III_5_75_nonsingular_varieties.tex:47,components/073_III_5_75_nonsingular_varieties.tex:47,components/073_III_5_75_nonsingular_varieties.tex:47,B8C6508249308F5D8BC886B9E6360F1EC4FDC8F0F18EFAA03EE0E36B591551CA,varieties,varieties-section-varieties,020C,,needs_review,generated_intake,,,Requires statement-level mathematical comparison.
fac:III:5:no:75:formula:resolution,75,numbered_paragraph,fac:III:5:no:75,components/073_III_5_75_nonsingular_varieties.tex:59,components/073_III_5_75_nonsingular_varieties.tex:59,components/073_III_5_75_nonsingular_varieties.tex:59,B8C6508249308F5D8BC886B9E6360F1EC4FDC8F0F18EFAA03EE0E36B591551CA,varieties,varieties-section-varieties,020C,,needs_review,generated_intake,,,Requires statement-level mathematical comparison.
fac:III:5:no:75:cor,75,corollary,fac:III:5:no:75,components/073_III_5_75_nonsingular_varieties.tex:69,components/073_III_5_75_nonsingular_varieties.tex:69,components/073_III_5_75_nonsingular_varieties.tex:69,B8C6508249308F5D8BC886B9E6360F1EC4FDC8F0F18EFAA03EE0E36B591551CA,ext;varieties,cohomology-section-ext;derived-section-ext;varieties-section-varieties,020C;06XP;0BQP,,needs_review,generated_intake,,,Requires statement-level mathematical comparison.
fac:III:5:no:75:remark,75,remark,fac:III:5:no:75,components/073_III_5_75_nonsingular_varieties.tex:74,components/073_III_5_75_nonsingular_varieties.tex:74,components/073_III_5_75_nonsingular_varieties.tex:74,B8C6508249308F5D8BC886B9E6360F1EC4FDC8F0F18EFAA03EE0E36B591551CA,ext;varieties,cohomology-section-ext;derived-section-ext;varieties-section-varieties,020C;06XP;0BQP,,needs_review,generated_intake,,,Requires statement-level mathematical comparison.
fac:III:5:no:76,76,numbered_paragraph,fac:III:5,components/074_III_5_76_normal_varieties.tex:8,components/074_III_5_76_normal_varieties.tex:8,components/074_III_5_76_normal_varieties.tex:8,B8C6508249308F5D8BC886B9E6360F1EC4FDC8F0F18EFAA03EE0E36B591551CA,varieties,varieties-section-varieties,020C,,needs_review,generated_intake,,,Requires statement-level mathematical comparison.
fac:III:5:no:76:lemma:2,76,lemma,fac:III:5:no:76,components/074_III_5_76_normal_varieties.tex:11,components/074_III_5_76_normal_varieties.tex:11,components/074_III_5_76_normal_varieties.tex:11,B8C6508249308F5D8BC886B9E6360F1EC4FDC8F0F18EFAA03EE0E36B591551CA,ext;varieties,cohomology-section-ext;derived-section-ext;varieties-section-varieties,020C;06XP;0BQP,,needs_review,generated_intake,,,Requires statement-level mathematical comparison.
fac:III:5:no:76:formula:short-exact,76,numbered_paragraph,fac:III:5:no:76,components/074_III_5_76_normal_varieties.tex:19,components/074_III_5_76_normal_varieties.tex:19,components/074_III_5_76_normal_varieties.tex:19,B8C6508249308F5D8BC886B9E6360F1EC4FDC8F0F18EFAA03EE0E36B591551CA,varieties,varieties-section-varieties,020C,,needs_review,generated_intake,,,Requires statement-level mathematical comparison.
fac:III:5:no:76:formula:long-exact,76,numbered_paragraph,fac:III:5:no:76,components/074_III_5_76_normal_varieties.tex:26,components/074_III_5_76_normal_varieties.tex:26,components/074_III_5_76_normal_varieties.tex:26,B8C6508249308F5D8BC886B9E6360F1EC4FDC8F0F18EFAA03EE0E36B591551CA,varieties,varieties-section-varieties,020C,,needs_review,generated_intake,,,Requires statement-level mathematical comparison.
fac:III:5:no:76:formula:cokernel-map,76,numbered_paragraph,fac:III:5:no:76,components/074_III_5_76_normal_varieties.tex:44,components/074_III_5_76_normal_varieties.tex:44,components/074_III_5_76_normal_varieties.tex:44,B8C6508249308F5D8BC886B9E6360F1EC4FDC8F0F18EFAA03EE0E36B591551CA,varieties,varieties-section-varieties,020C,,needs_review,generated_intake,,,Requires statement-level mathematical comparison.
fac:III:5:no:76:thm:4,76,theorem,fac:III:5:no:76,components/074_III_5_76_normal_varieties.tex:57,components/074_III_5_76_normal_varieties.tex:57,components/074_III_5_76_normal_varieties.tex:57,B8C6508249308F5D8BC886B9E6360F1EC4FDC8F0F18EFAA03EE0E36B591551CA,ext;varieties,cohomology-section-ext;derived-section-ext;varieties-section-varieties,020C;06XP;0BQP,,needs_review,generated_intake,,,Requires statement-level mathematical comparison.
fac:III:5:no:76:thm:4:proof,76,theorem,fac:III:5:no:76:thm:4,components/074_III_5_76_normal_varieties.tex:64,components/074_III_5_76_normal_varieties.tex:64,components/074_III_5_76_normal_varieties.tex:64,B8C6508249308F5D8BC886B9E6360F1EC4FDC8F0F18EFAA03EE0E36B591551CA,varieties,varieties-section-varieties,020C,,needs_review,generated_intake,,,Requires statement-level mathematical comparison.
fac:III:5:no:76:formula:first-dimension-step,76,numbered_paragraph,fac:III:5:no:76,components/074_III_5_76_normal_varieties.tex:73,components/074_III_5_76_normal_varieties.tex:73,components/074_III_5_76_normal_varieties.tex:73,B8C6508249308F5D8BC886B9E6360F1EC4FDC8F0F18EFAA03EE0E36B591551CA,varieties,varieties-section-varieties,020C,,needs_review,generated_intake,,,Requires statement-level mathematical comparison.
fac:III:5:no:76:formula:second-dimension-step,76,numbered_paragraph,fac:III:5:no:76,components/074_III_5_76_normal_varieties.tex:88,components/074_III_5_76_normal_varieties.tex:88,components/074_III_5_76_normal_varieties.tex:88,B8C6508249308F5D8BC886B9E6360F1EC4FDC8F0F18EFAA03EE0E36B591551CA,varieties,varieties-section-varieties,020C,,needs_review,generated_intake,,,Requires statement-level mathematical comparison.
fac:III:5:no:76:cor,76,corollary,fac:III:5:no:76,components/074_III_5_76_normal_varieties.tex:98,components/074_III_5_76_normal_varieties.tex:98,components/074_III_5_76_normal_varieties.tex:98,B8C6508249308F5D8BC886B9E6360F1EC4FDC8F0F18EFAA03EE0E36B591551CA,ext;varieties,cohomology-section-ext;derived-section-ext;varieties-section-varieties,020C;06XP;0BQP,,needs_review,generated_intake,,,Requires statement-level mathematical comparison.
fac:III:5:no:76:remark:1,76,remark,fac:III:5:no:76,components/074_III_5_76_normal_varieties.tex:102,components/074_III_5_76_normal_varieties.tex:102,components/074_III_5_76_normal_varieties.tex:102,B8C6508249308F5D8BC886B9E6360F1EC4FDC8F0F18EFAA03EE0E36B591551CA,ext;varieties,cohomology-section-ext;derived-section-ext;varieties-section-varieties,020C;06XP;0BQP,,needs_review,generated_intake,,,Requires statement-level mathematical comparison.
fac:III:5:no:76:remark:2,76,remark,fac:III:5:no:76,components/074_III_5_76_normal_varieties.tex:108,components/074_III_5_76_normal_varieties.tex:108,components/074_III_5_76_normal_varieties.tex:108,B8C6508249308F5D8BC886B9E6360F1EC4FDC8F0F18EFAA03EE0E36B591551CA,varieties,varieties-section-varieties,020C,,needs_review,generated_intake,,,Requires statement-level mathematical comparison.
fac:III:5:no:77,77,numbered_paragraph,fac:III:5,components/075_III_5_77_homological_characterization_first_kind.tex:8,components/075_III_5_77_homological_characterization_first_kind.tex:8,components/075_III_5_77_homological_characterization_first_kind.tex:8,B8C6508249308F5D8BC886B9E6360F1EC4FDC8F0F18EFAA03EE0E36B591551CA,,,,,needs_review,generated_intake,,,Requires statement-level mathematical comparison.
fac:III:5:no:77:lemma:3,77,lemma,fac:III:5:no:77,components/075_III_5_77_homological_characterization_first_kind.tex:16,components/075_III_5_77_homological_characterization_first_kind.tex:16,components/075_III_5_77_homological_characterization_first_kind.tex:16,B8C6508249308F5D8BC886B9E6360F1EC4FDC8F0F18EFAA03EE0E36B591551CA,ext,cohomology-section-ext;derived-section-ext,06XP;0BQP,,needs_review,generated_intake,,,Requires statement-level mathematical comparison.
fac:III:5:no:77:formula:Ext-twist,77,numbered_paragraph,fac:III:5:no:77,components/075_III_5_77_homological_characterization_first_kind.tex:21,components/075_III_5_77_homological_characterization_first_kind.tex:21,components/075_III_5_77_homological_characterization_first_kind.tex:21,B8C6508249308F5D8BC886B9E6360F1EC4FDC8F0F18EFAA03EE0E36B591551CA,ext,cohomology-section-ext;derived-section-ext,06XP;0BQP,,needs_review,generated_intake,,,Requires statement-level mathematical comparison.
fac:III:5:no:77:prop:2,77,proposition,fac:III:5:no:77,components/075_III_5_77_homological_characterization_first_kind.tex:31,components/075_III_5_77_homological_characterization_first_kind.tex:31,components/075_III_5_77_homological_characterization_first_kind.tex:31,B8C6508249308F5D8BC886B9E6360F1EC4FDC8F0F18EFAA03EE0E36B591551CA,ext,cohomology-section-ext;derived-section-ext,06XP;0BQP,,needs_review,generated_intake,,,Requires statement-level mathematical comparison.
fac:III:5:no:77:prop:2:a,77,proposition,fac:III:5:no:77:prop:2,components/075_III_5_77_homological_characterization_first_kind.tex:34,components/075_III_5_77_homological_characterization_first_kind.tex:34,components/075_III_5_77_homological_characterization_first_kind.tex:34,B8C6508249308F5D8BC886B9E6360F1EC4FDC8F0F18EFAA03EE0E36B591551CA,,,,,needs_review,generated_intake,,,Requires statement-level mathematical comparison.
fac:III:5:no:77:prop:2:b,77,proposition,fac:III:5:no:77:prop:2,components/075_III_5_77_homological_characterization_first_kind.tex:39,components/075_III_5_77_homological_characterization_first_kind.tex:39,components/075_III_5_77_homological_characterization_first_kind.tex:39,B8C6508249308F5D8BC886B9E6360F1EC4FDC8F0F18EFAA03EE0E36B591551CA,,,,,needs_review,generated_intake,,,Requires statement-level mathematical comparison.
fac:III:5:no:77:def:k-fold-first-kind,77,definition,fac:III:5:no:77,components/075_III_5_77_homological_characterization_first_kind.tex:49,components/075_III_5_77_homological_characterization_first_kind.tex:49,components/075_III_5_77_homological_characterization_first_kind.tex:49,B8C6508249308F5D8BC886B9E6360F1EC4FDC8F0F18EFAA03EE0E36B591551CA,,,,,needs_review,generated_intake,,,Requires statement-level mathematical comparison.
fac:III:5:no:77:prop:3,77,proposition,fac:III:5:no:77,components/075_III_5_77_homological_characterization_first_kind.tex:60,components/075_III_5_77_homological_characterization_first_kind.tex:60,components/075_III_5_77_homological_characterization_first_kind.tex:60,B8C6508249308F5D8BC886B9E6360F1EC4FDC8F0F18EFAA03EE0E36B591551CA,ext,cohomology-section-ext;derived-section-ext,06XP;0BQP,,needs_review,generated_intake,,,Requires statement-level mathematical comparison.
fac:III:5:no:77:prop:3:i,77,proposition,fac:III:5:no:77:prop:3,components/075_III_5_77_homological_characterization_first_kind.tex:66,components/075_III_5_77_homological_characterization_first_kind.tex:66,components/075_III_5_77_homological_characterization_first_kind.tex:66,B8C6508249308F5D8BC886B9E6360F1EC4FDC8F0F18EFAA03EE0E36B591551CA,,,,,needs_review,generated_intake,,,Requires statement-level mathematical comparison.
fac:III:5:no:77:prop:3:ii,77,proposition,fac:III:5:no:77:prop:3,components/075_III_5_77_homological_characterization_first_kind.tex:69,components/075_III_5_77_homological_characterization_first_kind.tex:69,components/075_III_5_77_homological_characterization_first_kind.tex:69,B8C6508249308F5D8BC886B9E6360F1EC4FDC8F0F18EFAA03EE0E36B591551CA,,,,,needs_review,generated_intake,,,Requires statement-level mathematical comparison.
fac:III:5:no:77:cor:local,77,corollary,fac:III:5:no:77,components/075_III_5_77_homological_characterization_first_kind.tex:79,components/075_III_5_77_homological_characterization_first_kind.tex:79,components/075_III_5_77_homological_characterization_first_kind.tex:79,B8C6508249308F5D8BC886B9E6360F1EC4FDC8F0F18EFAA03EE0E36B591551CA,ext,cohomology-section-ext;derived-section-ext,06XP;0BQP,,needs_review,generated_intake,,,Requires statement-level mathematical comparison.
fac:III:5:no:77:prop:4,77,proposition,fac:III:5:no:77,components/075_III_5_77_homological_characterization_first_kind.tex:92,components/075_III_5_77_homological_characterization_first_kind.tex:92,components/075_III_5_77_homological_characterization_first_kind.tex:92,B8C6508249308F5D8BC886B9E6360F1EC4FDC8F0F18EFAA03EE0E36B591551CA,ext,cohomology-section-ext;derived-section-ext,06XP;0BQP,,needs_review,generated_intake,,,Requires statement-level mathematical comparison.
fac:III:5:no:77:formula:H0-negative,77,numbered_paragraph,fac:III:5:no:77,components/075_III_5_77_homological_characterization_first_kind.tex:112,components/075_III_5_77_homological_characterization_first_kind.tex:112,components/075_III_5_77_homological_characterization_first_kind.tex:112,B8C6508249308F5D8BC886B9E6360F1EC4FDC8F0F18EFAA03EE0E36B591551CA,,,,,needs_review,generated_intake,,,Requires statement-level mathematical comparison.
fac:III:5:no:77:formula:Veronese-twist,77,numbered_paragraph,fac:III:5:no:77,components/075_III_5_77_homological_characterization_first_kind.tex:122,components/075_III_5_77_homological_characterization_first_kind.tex:122,components/075_III_5_77_homological_characterization_first_kind.tex:122,B8C6508249308F5D8BC886B9E6360F1EC4FDC8F0F18EFAA03EE0E36B591551CA,,,,,needs_review,generated_intake,,,Requires statement-level mathematical comparison.
fac:III:5:no:77:prop:4:condition:a,77,proposition,fac:III:5:no:77:prop:4,components/075_III_5_77_homological_characterization_first_kind.tex:128,components/075_III_5_77_homological_characterization_first_kind.tex:128,components/075_III_5_77_homological_characterization_first_kind.tex:128,B8C6508249308F5D8BC886B9E6360F1EC4FDC8F0F18EFAA03EE0E36B591551CA,,,,,needs_review,generated_intake,,,Requires statement-level mathematical comparison.
fac:III:5:no:77:prop:4:condition:b,77,proposition,fac:III:5:no:77:prop:4,components/075_III_5_77_homological_characterization_first_kind.tex:135,components/075_III_5_77_homological_characterization_first_kind.tex:135,components/075_III_5_77_homological_characterization_first_kind.tex:135,B8C6508249308F5D8BC886B9E6360F1EC4FDC8F0F18EFAA03EE0E36B591551CA,,,,,needs_review,generated_intake,,,Requires statement-level mathematical comparison.
fac:III:5:no:77:prop:4:condition:c,77,proposition,fac:III:5:no:77:prop:4,components/075_III_5_77_homological_characterization_first_kind.tex:142,components/075_III_5_77_homological_characterization_first_kind.tex:142,components/075_III_5_77_homological_characterization_first_kind.tex:142,B8C6508249308F5D8BC886B9E6360F1EC4FDC8F0F18EFAA03EE0E36B591551CA,,,,,needs_review,generated_intake,,,Requires statement-level mathematical comparison.
fac:III:5:no:77:cor:embedding,77,corollary,fac:III:5:no:77,components/075_III_5_77_homological_characterization_first_kind.tex:156,components/075_III_5_77_homological_characterization_first_kind.tex:156,components/075_III_5_77_homological_characterization_first_kind.tex:156,B8C6508249308F5D8BC886B9E6360F1EC4FDC8F0F18EFAA03EE0E36B591551CA,ext,cohomology-section-ext;derived-section-ext,06XP;0BQP,,needs_review,generated_intake,,,Requires statement-level mathematical comparison.
fac:III:5:no:78,78,numbered_paragraph,fac:III:5,components/076_III_5_78_complete_intersections.tex:8,components/076_III_5_78_complete_intersections.tex:8,components/076_III_5_78_complete_intersections.tex:8,B8C6508249308F5D8BC886B9E6360F1EC4FDC8F0F18EFAA03EE0E36B591551CA,,,,,needs_review,generated_intake,,,Requires statement-level mathematical comparison.
fac:III:5:no:78:def:complete-intersection,78,definition,fac:III:5:no:78,components/076_III_5_78_complete_intersections.tex:11,components/076_III_5_78_complete_intersections.tex:11,components/076_III_5_78_complete_intersections.tex:11,B8C6508249308F5D8BC886B9E6360F1EC4FDC8F0F18EFAA03EE0E36B591551CA,,,,,needs_review,generated_intake,,,Requires statement-level mathematical comparison.
fac:III:5:no:78:external-citation:Macaulay-theorem,78,numbered_paragraph,fac:III:5:no:78,components/076_III_5_78_complete_intersections.tex:15,components/076_III_5_78_complete_intersections.tex:15,components/076_III_5_78_complete_intersections.tex:15,B8C6508249308F5D8BC886B9E6360F1EC4FDC8F0F18EFAA03EE0E36B591551CA,ext,cohomology-section-ext;derived-section-ext,06XP;0BQP,,needs_review,generated_intake,,,Requires statement-level mathematical comparison.
fac:III:5:no:78:def:Lq,78,definition,fac:III:5:no:78,components/076_III_5_78_complete_intersections.tex:34,components/076_III_5_78_complete_intersections.tex:34,components/076_III_5_78_complete_intersections.tex:34,B8C6508249308F5D8BC886B9E6360F1EC4FDC8F0F18EFAA03EE0E36B591551CA,,,,,needs_review,generated_intake,,,Requires statement-level mathematical comparison.
fac:III:5:no:78:formula:differential,78,numbered_paragraph,fac:III:5:no:78,components/076_III_5_78_complete_intersections.tex:42,components/076_III_5_78_complete_intersections.tex:42,components/076_III_5_78_complete_intersections.tex:42,B8C6508249308F5D8BC886B9E6360F1EC4FDC8F0F18EFAA03EE0E36B591551CA,,,,,needs_review,generated_intake,,,Requires statement-level mathematical comparison.
fac:III:5:no:78:formula:resolution,78,numbered_paragraph,fac:III:5:no:78,components/076_III_5_78_complete_intersections.tex:52,components/076_III_5_78_complete_intersections.tex:52,components/076_III_5_78_complete_intersections.tex:52,B8C6508249308F5D8BC886B9E6360F1EC4FDC8F0F18EFAA03EE0E36B591551CA,,,,,needs_review,generated_intake,,,Requires statement-level mathematical comparison.
fac:III:5:no:78:formula:coboundary,78,numbered_paragraph,fac:III:5:no:78,components/076_III_5_78_complete_intersections.tex:65,components/076_III_5_78_complete_intersections.tex:65,components/076_III_5_78_complete_intersections.tex:65,B8C6508249308F5D8BC886B9E6360F1EC4FDC8F0F18EFAA03EE0E36B591551CA,,,,,needs_review,generated_intake,,,Requires statement-level mathematical comparison.
fac:III:5:no:78:formula:Ext-concentration,78,numbered_paragraph,fac:III:5:no:78,components/076_III_5_78_complete_intersections.tex:74,components/076_III_5_78_complete_intersections.tex:74,components/076_III_5_78_complete_intersections.tex:74,B8C6508249308F5D8BC886B9E6360F1EC4FDC8F0F18EFAA03EE0E36B591551CA,ext,cohomology-section-ext;derived-section-ext,06XP;0BQP,,needs_review,generated_intake,,,Requires statement-level mathematical comparison.
fac:III:5:no:78:def:N,78,definition,fac:III:5:no:78,components/076_III_5_78_complete_intersections.tex:79,components/076_III_5_78_complete_intersections.tex:79,components/076_III_5_78_complete_intersections.tex:79,B8C6508249308F5D8BC886B9E6360F1EC4FDC8F0F18EFAA03EE0E36B591551CA,,,,,needs_review,generated_intake,,,Requires statement-level mathematical comparison.
fac:III:5:no:78:prop:5,78,proposition,fac:III:5:no:78,components/076_III_5_78_complete_intersections.tex:86,components/076_III_5_78_complete_intersections.tex:86,components/076_III_5_78_complete_intersections.tex:86,B8C6508249308F5D8BC886B9E6360F1EC4FDC8F0F18EFAA03EE0E36B591551CA,ext,cohomology-section-ext;derived-section-ext,06XP;0BQP,,needs_review,generated_intake,,,Requires statement-level mathematical comparison.
fac:III:5:no:78:prop:5:a,78,proposition,fac:III:5:no:78:prop:5,components/076_III_5_78_complete_intersections.tex:91,components/076_III_5_78_complete_intersections.tex:91,components/076_III_5_78_complete_intersections.tex:91,B8C6508249308F5D8BC886B9E6360F1EC4FDC8F0F18EFAA03EE0E36B591551CA,,,,,needs_review,generated_intake,,,Requires statement-level mathematical comparison.
fac:III:5:no:78:prop:5:b,78,proposition,fac:III:5:no:78:prop:5,components/076_III_5_78_complete_intersections.tex:96,components/076_III_5_78_complete_intersections.tex:96,components/076_III_5_78_complete_intersections.tex:96,B8C6508249308F5D8BC886B9E6360F1EC4FDC8F0F18EFAA03EE0E36B591551CA,,,,,needs_review,generated_intake,,,Requires statement-level mathematical comparison.
fac:III:5:no:78:prop:5:c,78,proposition,fac:III:5:no:78:prop:5,components/076_III_5_78_complete_intersections.tex:100,components/076_III_5_78_complete_intersections.tex:100,components/076_III_5_78_complete_intersections.tex:100,B8C6508249308F5D8BC886B9E6360F1EC4FDC8F0F18EFAA03EE0E36B591551CA,,,,,needs_review,generated_intake,,,Requires statement-level mathematical comparison.
fac:III:5:no:78:remark,78,remark,fac:III:5:no:78,components/076_III_5_78_complete_intersections.tex:105,components/076_III_5_78_complete_intersections.tex:105,components/076_III_5_78_complete_intersections.tex:105,B8C6508249308F5D8BC886B9E6360F1EC4FDC8F0F18EFAA03EE0E36B591551CA,,,,,needs_review,generated_intake,,,Requires statement-level mathematical comparison.
fac:III:6,fac:III:6,section,fac:III,components/077_III_6_79_euler_poincare_characteristic.tex:7,components/077_III_6_79_euler_poincare_characteristic.tex:7,components/077_III_6_79_euler_poincare_characteristic.tex:7,B8C6508249308F5D8BC886B9E6360F1EC4FDC8F0F18EFAA03EE0E36B591551CA,euler,varieties-section-euler,0BEI,,structural_only,classified,,,Source structure; no independent Stacks object.
fac:III:6:no:79,79,numbered_paragraph,fac:III:6,components/077_III_6_79_euler_poincare_characteristic.tex:12,components/077_III_6_79_euler_poincare_characteristic.tex:12,components/077_III_6_79_euler_poincare_characteristic.tex:12,B8C6508249308F5D8BC886B9E6360F1EC4FDC8F0F18EFAA03EE0E36B591551CA,euler,varieties-section-euler,0BEI,,needs_review,generated_intake,,,Requires statement-level mathematical comparison.
fac:III:6:no:79:def:hq,79,definition,fac:III:6:no:79,components/077_III_6_79_euler_poincare_characteristic.tex:16,components/077_III_6_79_euler_poincare_characteristic.tex:16,components/077_III_6_79_euler_poincare_characteristic.tex:16,B8C6508249308F5D8BC886B9E6360F1EC4FDC8F0F18EFAA03EE0E36B591551CA,euler,varieties-section-euler,0BEI,,needs_review,generated_intake,,,Requires statement-level mathematical comparison.
fac:III:6:no:79:def:chi,79,definition,fac:III:6:no:79,components/077_III_6_79_euler_poincare_characteristic.tex:23,components/077_III_6_79_euler_poincare_characteristic.tex:23,components/077_III_6_79_euler_poincare_characteristic.tex:23,B8C6508249308F5D8BC886B9E6360F1EC4FDC8F0F18EFAA03EE0E36B591551CA,euler,varieties-section-euler,0BEI,,needs_review,generated_intake,,,Requires statement-level mathematical comparison.
fac:III:6:no:79:lemma:1,79,lemma,fac:III:6:no:79,components/077_III_6_79_euler_poincare_characteristic.tex:30,components/077_III_6_79_euler_poincare_characteristic.tex:30,components/077_III_6_79_euler_poincare_characteristic.tex:30,B8C6508249308F5D8BC886B9E6360F1EC4FDC8F0F18EFAA03EE0E36B591551CA,euler;ext,cohomology-section-ext;derived-section-ext;varieties-section-euler,06XP;0BEI;0BQP,,needs_review,generated_intake,,,Requires statement-level mathematical comparison.
fac:III:6:no:79:lemma:1:formula,79,lemma,fac:III:6:no:79:lemma:1,components/077_III_6_79_euler_poincare_characteristic.tex:36,components/077_III_6_79_euler_poincare_characteristic.tex:36,components/077_III_6_79_euler_poincare_characteristic.tex:36,B8C6508249308F5D8BC886B9E6360F1EC4FDC8F0F18EFAA03EE0E36B591551CA,euler,varieties-section-euler,0BEI,,needs_review,generated_intake,,,Requires statement-level mathematical comparison.
fac:III:6:no:79:lemma:1:sequences,79,lemma,fac:III:6:no:79:lemma:1,components/077_III_6_79_euler_poincare_characteristic.tex:44,components/077_III_6_79_euler_poincare_characteristic.tex:44,components/077_III_6_79_euler_poincare_characteristic.tex:44,B8C6508249308F5D8BC886B9E6360F1EC4FDC8F0F18EFAA03EE0E36B591551CA,euler,varieties-section-euler,0BEI,,needs_review,generated_intake,,,Requires statement-level mathematical comparison.
fac:III:6:no:79:prop:1,79,proposition,fac:III:6:no:79,components/077_III_6_79_euler_poincare_characteristic.tex:66,components/077_III_6_79_euler_poincare_characteristic.tex:66,components/077_III_6_79_euler_poincare_characteristic.tex:66,B8C6508249308F5D8BC886B9E6360F1EC4FDC8F0F18EFAA03EE0E36B591551CA,euler;ext,cohomology-section-ext;derived-section-ext;varieties-section-euler,06XP;0BEI;0BQP,,needs_review,generated_intake,,,Requires statement-level mathematical comparison.
fac:III:6:no:79:prop:1:formula,79,proposition,fac:III:6:no:79:prop:1,components/077_III_6_79_euler_poincare_characteristic.tex:73,components/077_III_6_79_euler_poincare_characteristic.tex:73,components/077_III_6_79_euler_poincare_characteristic.tex:73,B8C6508249308F5D8BC886B9E6360F1EC4FDC8F0F18EFAA03EE0E36B591551CA,euler,varieties-section-euler,0BEI,,needs_review,generated_intake,,,Requires statement-level mathematical comparison.
fac:III:6:no:79:prop:1:cohomology-sequence,79,proposition,fac:III:6:no:79:prop:1,components/077_III_6_79_euler_poincare_characteristic.tex:80,components/077_III_6_79_euler_poincare_characteristic.tex:80,components/077_III_6_79_euler_poincare_characteristic.tex:80,B8C6508249308F5D8BC886B9E6360F1EC4FDC8F0F18EFAA03EE0E36B591551CA,cohomology;euler,cohomology-section-cohomology-sheaves;varieties-section-euler,01DZ;0BEI,,needs_review,generated_intake,,,Requires statement-level mathematical comparison.
fac:III:6:no:79:prop:2,79,proposition,fac:III:6:no:79,components/077_III_6_79_euler_poincare_characteristic.tex:90,components/077_III_6_79_euler_poincare_characteristic.tex:90,components/077_III_6_79_euler_poincare_characteristic.tex:90,B8C6508249308F5D8BC886B9E6360F1EC4FDC8F0F18EFAA03EE0E36B591551CA,euler;ext,cohomology-section-ext;derived-section-ext;varieties-section-euler,06XP;0BEI;0BQP,,needs_review,generated_intake,,,Requires statement-level mathematical comparison.
fac:III:6:no:79:prop:2:formula,79,proposition,fac:III:6:no:79:prop:2,components/077_III_6_79_euler_poincare_characteristic.tex:96,components/077_III_6_79_euler_poincare_characteristic.tex:96,components/077_III_6_79_euler_poincare_characteristic.tex:96,B8C6508249308F5D8BC886B9E6360F1EC4FDC8F0F18EFAA03EE0E36B591551CA,euler,varieties-section-euler,0BEI,,needs_review,generated_intake,,,Requires statement-level mathematical comparison.
fac:III:6:no:79:prop:2:sequences,79,proposition,fac:III:6:no:79:prop:2,components/077_III_6_79_euler_poincare_characteristic.tex:108,components/077_III_6_79_euler_poincare_characteristic.tex:108,components/077_III_6_79_euler_poincare_characteristic.tex:108,B8C6508249308F5D8BC886B9E6360F1EC4FDC8F0F18EFAA03EE0E36B591551CA,euler,varieties-section-euler,0BEI,,needs_review,generated_intake,,,Requires statement-level mathematical comparison.
fac:III:6:no:80,80,numbered_paragraph,fac:III:6,components/078_III_6_80_characteristic_function_arithmetic_genus.tex:7,components/078_III_6_80_characteristic_function_arithmetic_genus.tex:7,components/078_III_6_80_characteristic_function_arithmetic_genus.tex:7,B8C6508249308F5D8BC886B9E6360F1EC4FDC8F0F18EFAA03EE0E36B591551CA,euler;hilbert,varieties-section-euler;varieties-subsection-hilbert,08A9;0BEI,,needs_review,generated_intake,,,Requires statement-level mathematical comparison.
fac:III:6:no:80:prop:3,80,proposition,fac:III:6:no:80,components/078_III_6_80_characteristic_function_arithmetic_genus.tex:14,components/078_III_6_80_characteristic_function_arithmetic_genus.tex:14,components/078_III_6_80_characteristic_function_arithmetic_genus.tex:14,B8C6508249308F5D8BC886B9E6360F1EC4FDC8F0F18EFAA03EE0E36B591551CA,euler;ext;hilbert,cohomology-section-ext;derived-section-ext;varieties-section-euler;varieties-subsection-hilbert,06XP;08A9;0BEI;0BQP,,needs_review,generated_intake,,,Requires statement-level mathematical comparison.
fac:III:6:no:80:prop:3:module-resolution,80,proposition,fac:III:6:no:80:prop:3,components/078_III_6_80_characteristic_function_arithmetic_genus.tex:23,components/078_III_6_80_characteristic_function_arithmetic_genus.tex:23,components/078_III_6_80_characteristic_function_arithmetic_genus.tex:23,B8C6508249308F5D8BC886B9E6360F1EC4FDC8F0F18EFAA03EE0E36B591551CA,euler;hilbert,varieties-section-euler;varieties-subsection-hilbert,08A9;0BEI,,needs_review,generated_intake,,,Requires statement-level mathematical comparison.
fac:III:6:no:80:prop:3:sheaf-resolution,80,proposition,fac:III:6:no:80:prop:3,components/078_III_6_80_characteristic_function_arithmetic_genus.tex:36,components/078_III_6_80_characteristic_function_arithmetic_genus.tex:36,components/078_III_6_80_characteristic_function_arithmetic_genus.tex:36,B8C6508249308F5D8BC886B9E6360F1EC4FDC8F0F18EFAA03EE0E36B591551CA,euler;hilbert;sheaves,sheaves-section-sheaves;varieties-section-euler;varieties-subsection-hilbert,006S;08A9;0BEI,,needs_review,generated_intake,,,Requires statement-level mathematical comparison.
fac:III:6:no:80:formula:chi-O-n,80,numbered_paragraph,fac:III:6:no:80,components/078_III_6_80_characteristic_function_arithmetic_genus.tex:48,components/078_III_6_80_characteristic_function_arithmetic_genus.tex:48,components/078_III_6_80_characteristic_function_arithmetic_genus.tex:48,B8C6508249308F5D8BC886B9E6360F1EC4FDC8F0F18EFAA03EE0E36B591551CA,euler;hilbert,varieties-section-euler;varieties-subsection-hilbert,08A9;0BEI,,needs_review,generated_intake,,,Requires statement-level mathematical comparison.
fac:III:6:no:80:prop:4,80,proposition,fac:III:6:no:80,components/078_III_6_80_characteristic_function_arithmetic_genus.tex:55,components/078_III_6_80_characteristic_function_arithmetic_genus.tex:55,components/078_III_6_80_characteristic_function_arithmetic_genus.tex:55,B8C6508249308F5D8BC886B9E6360F1EC4FDC8F0F18EFAA03EE0E36B591551CA,euler;ext;hilbert,cohomology-section-ext;derived-section-ext;varieties-section-euler;varieties-subsection-hilbert,06XP;08A9;0BEI;0BQP,,needs_review,generated_intake,,,Requires statement-level mathematical comparison.
fac:III:6:no:80:prop:4:formula,80,proposition,fac:III:6:no:80:prop:4,components/078_III_6_80_characteristic_function_arithmetic_genus.tex:59,components/078_III_6_80_characteristic_function_arithmetic_genus.tex:59,components/078_III_6_80_characteristic_function_arithmetic_genus.tex:59,B8C6508249308F5D8BC886B9E6360F1EC4FDC8F0F18EFAA03EE0E36B591551CA,euler;hilbert,varieties-section-euler;varieties-subsection-hilbert,08A9;0BEI,,needs_review,generated_intake,,,Requires statement-level mathematical comparison.
fac:III:6:no:80:def:characteristic-function,80,definition,fac:III:6:no:80,components/078_III_6_80_characteristic_function_arithmetic_genus.tex:75,components/078_III_6_80_characteristic_function_arithmetic_genus.tex:75,components/078_III_6_80_characteristic_function_arithmetic_genus.tex:75,B8C6508249308F5D8BC886B9E6360F1EC4FDC8F0F18EFAA03EE0E36B591551CA,euler;hilbert,varieties-section-euler;varieties-subsection-hilbert,08A9;0BEI,,needs_review,generated_intake,,,Requires statement-level mathematical comparison.
fac:III:6:no:80:formula:P-M,80,numbered_paragraph,fac:III:6:no:80,components/078_III_6_80_characteristic_function_arithmetic_genus.tex:78,components/078_III_6_80_characteristic_function_arithmetic_genus.tex:78,components/078_III_6_80_characteristic_function_arithmetic_genus.tex:78,B8C6508249308F5D8BC886B9E6360F1EC4FDC8F0F18EFAA03EE0E36B591551CA,euler;hilbert,varieties-section-euler;varieties-subsection-hilbert,08A9;0BEI,,needs_review,generated_intake,,,Requires statement-level mathematical comparison.
fac:III:6:no:80:def:arithmetic-genus,80,definition,fac:III:6:no:80,components/078_III_6_80_characteristic_function_arithmetic_genus.tex:88,components/078_III_6_80_characteristic_function_arithmetic_genus.tex:88,components/078_III_6_80_characteristic_function_arithmetic_genus.tex:88,B8C6508249308F5D8BC886B9E6360F1EC4FDC8F0F18EFAA03EE0E36B591551CA,euler;hilbert,varieties-section-euler;varieties-subsection-hilbert,08A9;0BEI,,needs_review,generated_intake,,,Requires statement-level mathematical comparison.
fac:III:6:no:80:prop:5,80,proposition,fac:III:6:no:80,components/078_III_6_80_characteristic_function_arithmetic_genus.tex:92,components/078_III_6_80_characteristic_function_arithmetic_genus.tex:92,components/078_III_6_80_characteristic_function_arithmetic_genus.tex:92,B8C6508249308F5D8BC886B9E6360F1EC4FDC8F0F18EFAA03EE0E36B591551CA,euler;ext;hilbert,cohomology-section-ext;derived-section-ext;varieties-section-euler;varieties-subsection-hilbert,06XP;08A9;0BEI;0BQP,,needs_review,generated_intake,,,Requires statement-level mathematical comparison.
fac:III:6:no:80:prop:5:formula,80,proposition,fac:III:6:no:80:prop:5,components/078_III_6_80_characteristic_function_arithmetic_genus.tex:95,components/078_III_6_80_characteristic_function_arithmetic_genus.tex:95,components/078_III_6_80_characteristic_function_arithmetic_genus.tex:95,B8C6508249308F5D8BC886B9E6360F1EC4FDC8F0F18EFAA03EE0E36B591551CA,euler;hilbert,varieties-section-euler;varieties-subsection-hilbert,08A9;0BEI,,needs_review,generated_intake,,,Requires statement-level mathematical comparison.
fac:III:6:no:80:remark:1,80,remark,fac:III:6:no:80,components/078_III_6_80_characteristic_function_arithmetic_genus.tex:101,components/078_III_6_80_characteristic_function_arithmetic_genus.tex:101,components/078_III_6_80_characteristic_function_arithmetic_genus.tex:101,B8C6508249308F5D8BC886B9E6360F1EC4FDC8F0F18EFAA03EE0E36B591551CA,euler;ext;hilbert,cohomology-section-ext;derived-section-ext;varieties-section-euler;varieties-subsection-hilbert,06XP;08A9;0BEI;0BQP,,needs_review,generated_intake,,,Requires statement-level mathematical comparison.
fac:III:6:no:80:remark:2,80,remark,fac:III:6:no:80,components/078_III_6_80_characteristic_function_arithmetic_genus.tex:106,components/078_III_6_80_characteristic_function_arithmetic_genus.tex:106,components/078_III_6_80_characteristic_function_arithmetic_genus.tex:106,B8C6508249308F5D8BC886B9E6360F1EC4FDC8F0F18EFAA03EE0E36B591551CA,euler;hilbert,varieties-section-euler;varieties-subsection-hilbert,08A9;0BEI,,needs_review,generated_intake,,,Requires statement-level mathematical comparison.
fac:III:6:no:80:remark:3,80,remark,fac:III:6:no:80,components/078_III_6_80_characteristic_function_arithmetic_genus.tex:112,components/078_III_6_80_characteristic_function_arithmetic_genus.tex:112,components/078_III_6_80_characteristic_function_arithmetic_genus.tex:112,B8C6508249308F5D8BC886B9E6360F1EC4FDC8F0F18EFAA03EE0E36B591551CA,euler;hilbert,varieties-section-euler;varieties-subsection-hilbert,08A9;0BEI,,needs_review,generated_intake,,,Requires statement-level mathematical comparison.
fac:III:6:no:80:remark:3:formula,80,remark,fac:III:6:no:80:remark:3,components/078_III_6_80_characteristic_function_arithmetic_genus.tex:117,components/078_III_6_80_characteristic_function_arithmetic_genus.tex:117,components/078_III_6_80_characteristic_function_arithmetic_genus.tex:117,B8C6508249308F5D8BC886B9E6360F1EC4FDC8F0F18EFAA03EE0E36B591551CA,euler;hilbert,varieties-section-euler;varieties-subsection-hilbert,08A9;0BEI,,needs_review,generated_intake,,,Requires statement-level mathematical comparison.
fac:III:6:no:81,81,numbered_paragraph,fac:III:6,components/079_III_6_81_degree_characteristic_function.tex:7,components/079_III_6_81_degree_characteristic_function.tex:7,components/079_III_6_81_degree_characteristic_function.tex:7,B8C6508249308F5D8BC886B9E6360F1EC4FDC8F0F18EFAA03EE0E36B591551CA,euler;hilbert,varieties-section-euler;varieties-subsection-hilbert,08A9;0BEI,,needs_review,generated_intake,,,Requires statement-level mathematical comparison.
fac:III:6:no:81:def:support,81,definition,fac:III:6:no:81,components/079_III_6_81_degree_characteristic_function.tex:11,components/079_III_6_81_degree_characteristic_function.tex:11,components/079_III_6_81_degree_characteristic_function.tex:11,B8C6508249308F5D8BC886B9E6360F1EC4FDC8F0F18EFAA03EE0E36B591551CA,euler;hilbert;support,modules-section-support;varieties-section-euler;varieties-subsection-hilbert,01AS;08A9;0BEI,,needs_review,generated_intake,,,Requires statement-level mathematical comparison.
fac:III:6:no:81:primary-decomposition,81,numbered_paragraph,fac:III:6:no:81,components/079_III_6_81_degree_characteristic_function.tex:26,components/079_III_6_81_degree_characteristic_function.tex:26,components/079_III_6_81_degree_characteristic_function.tex:26,B8C6508249308F5D8BC886B9E6360F1EC4FDC8F0F18EFAA03EE0E36B591551CA,euler;hilbert,varieties-section-euler;varieties-subsection-hilbert,08A9;0BEI,,needs_review,generated_intake,,,Requires statement-level mathematical comparison.
fac:III:6:no:81:localized-primary-decomposition,81,numbered_paragraph,fac:III:6:no:81,components/079_III_6_81_degree_characteristic_function.tex:39,components/079_III_6_81_degree_characteristic_function.tex:39,components/079_III_6_81_degree_characteristic_function.tex:39,B8C6508249308F5D8BC886B9E6360F1EC4FDC8F0F18EFAA03EE0E36B591551CA,euler;hilbert,varieties-section-euler;varieties-subsection-hilbert,08A9;0BEI,,needs_review,generated_intake,,,Requires statement-level mathematical comparison.
fac:III:6:no:81:formula:support-union,81,numbered_paragraph,fac:III:6:no:81,components/079_III_6_81_degree_characteristic_function.tex:51,components/079_III_6_81_degree_characteristic_function.tex:51,components/079_III_6_81_degree_characteristic_function.tex:51,B8C6508249308F5D8BC886B9E6360F1EC4FDC8F0F18EFAA03EE0E36B591551CA,euler;hilbert;support,modules-section-support;varieties-section-euler;varieties-subsection-hilbert,01AS;08A9;0BEI,,needs_review,generated_intake,,,Requires statement-level mathematical comparison.
fac:III:6:no:81:prop:6,81,proposition,fac:III:6:no:81,components/079_III_6_81_degree_characteristic_function.tex:56,components/079_III_6_81_degree_characteristic_function.tex:56,components/079_III_6_81_degree_characteristic_function.tex:56,B8C6508249308F5D8BC886B9E6360F1EC4FDC8F0F18EFAA03EE0E36B591551CA,euler;ext;hilbert,cohomology-section-ext;derived-section-ext;varieties-section-euler;varieties-subsection-hilbert,06XP;08A9;0BEI;0BQP,,needs_review,generated_intake,,,Requires statement-level mathematical comparison.
fac:III:6:no:81:prop:6:proof,81,proposition,fac:III:6:no:81:prop:6,components/079_III_6_81_degree_characteristic_function.tex:62,components/079_III_6_81_degree_characteristic_function.tex:62,components/079_III_6_81_degree_characteristic_function.tex:62,B8C6508249308F5D8BC886B9E6360F1EC4FDC8F0F18EFAA03EE0E36B591551CA,euler;hilbert,varieties-section-euler;varieties-subsection-hilbert,08A9;0BEI,,needs_review,generated_intake,,,Requires statement-level mathematical comparison.
fac:III:6:no:81:formula:q,81,numbered_paragraph,fac:III:6:no:81,components/079_III_6_81_degree_characteristic_function.tex:68,components/079_III_6_81_degree_characteristic_function.tex:68,components/079_III_6_81_degree_characteristic_function.tex:68,B8C6508249308F5D8BC886B9E6360F1EC4FDC8F0F18EFAA03EE0E36B591551CA,euler;hilbert,varieties-section-euler;varieties-subsection-hilbert,08A9;0BEI,,needs_review,generated_intake,,,Requires statement-level mathematical comparison.
fac:III:6:no:81:sequence:hyperplane,81,display,fac:III:6:no:81,components/079_III_6_81_degree_characteristic_function.tex:78,components/079_III_6_81_degree_characteristic_function.tex:78,components/079_III_6_81_degree_characteristic_function.tex:78,B8C6508249308F5D8BC886B9E6360F1EC4FDC8F0F18EFAA03EE0E36B591551CA,euler;hilbert,varieties-section-euler;varieties-subsection-hilbert,08A9;0BEI,,structural_only,inherits_parent,,,Embedded source component; inherit the parent disposition.
fac:III:6:no:81:sequence:tensored,81,display,fac:III:6:no:81,components/079_III_6_81_degree_characteristic_function.tex:87,components/079_III_6_81_degree_characteristic_function.tex:87,components/079_III_6_81_degree_characteristic_function.tex:87,B8C6508249308F5D8BC886B9E6360F1EC4FDC8F0F18EFAA03EE0E36B591551CA,euler;hilbert,varieties-section-euler;varieties-subsection-hilbert,08A9;0BEI,,structural_only,inherits_parent,,,Embedded source component; inherit the parent disposition.
fac:III:6:no:81:sequence:injective,81,display,fac:III:6:no:81,components/079_III_6_81_degree_characteristic_function.tex:103,components/079_III_6_81_degree_characteristic_function.tex:103,components/079_III_6_81_degree_characteristic_function.tex:103,B8C6508249308F5D8BC886B9E6360F1EC4FDC8F0F18EFAA03EE0E36B591551CA,euler;hilbert,varieties-section-euler;varieties-subsection-hilbert,08A9;0BEI,,structural_only,inherits_parent,,,Embedded source component; inherit the parent disposition.
fac:III:6:no:81:sequence:twisted,81,display,fac:III:6:no:81,components/079_III_6_81_degree_characteristic_function.tex:109,components/079_III_6_81_degree_characteristic_function.tex:109,components/079_III_6_81_degree_characteristic_function.tex:109,B8C6508249308F5D8BC886B9E6360F1EC4FDC8F0F18EFAA03EE0E36B591551CA,euler;hilbert,varieties-section-euler;varieties-subsection-hilbert,08A9;0BEI,,structural_only,inherits_parent,,,Embedded source component; inherit the parent disposition.
fac:III:6:no:81:formula:first-difference,81,numbered_paragraph,fac:III:6:no:81,components/079_III_6_81_degree_characteristic_function.tex:115,components/079_III_6_81_degree_characteristic_function.tex:115,components/079_III_6_81_degree_characteristic_function.tex:115,B8C6508249308F5D8BC886B9E6360F1EC4FDC8F0F18EFAA03EE0E36B591551CA,euler;hilbert,varieties-section-euler;varieties-subsection-hilbert,08A9;0BEI,,needs_review,generated_intake,,,Requires statement-level mathematical comparison.
fac:III:6:no:81:formula:support-intersection,81,numbered_paragraph,fac:III:6:no:81,components/079_III_6_81_degree_characteristic_function.tex:127,components/079_III_6_81_degree_characteristic_function.tex:127,components/079_III_6_81_degree_characteristic_function.tex:127,B8C6508249308F5D8BC886B9E6360F1EC4FDC8F0F18EFAA03EE0E36B591551CA,euler;hilbert;support,modules-section-support;varieties-section-euler;varieties-subsection-hilbert,01AS;08A9;0BEI,,needs_review,generated_intake,,,Requires statement-level mathematical comparison.
fac:III:6:no:81:remark:1,81,remark,fac:III:6:no:81,components/079_III_6_81_degree_characteristic_function.tex:139,components/079_III_6_81_degree_characteristic_function.tex:139,components/079_III_6_81_degree_characteristic_function.tex:139,B8C6508249308F5D8BC886B9E6360F1EC4FDC8F0F18EFAA03EE0E36B591551CA,euler;ext;hilbert,cohomology-section-ext;derived-section-ext;varieties-section-euler;varieties-subsection-hilbert,06XP;08A9;0BEI;0BQP,,needs_review,generated_intake,,,Requires statement-level mathematical comparison.
fac:III:6:no:81:remark:2,81,remark,fac:III:6:no:81,components/079_III_6_81_degree_characteristic_function.tex:144,components/079_III_6_81_degree_characteristic_function.tex:144,components/079_III_6_81_degree_characteristic_function.tex:144,B8C6508249308F5D8BC886B9E6360F1EC4FDC8F0F18EFAA03EE0E36B591551CA,euler;hilbert,varieties-section-euler;varieties-subsection-hilbert,08A9;0BEI,,needs_review,generated_intake,,,Requires statement-level mathematical comparison.
fac:bibliography,fac:bibliography,bibliography,fac,components/080_paris_and_bibliography.tex:10,components/080_paris_and_bibliography.tex:10,components/080_paris_and_bibliography.tex:10,B8C6508249308F5D8BC886B9E6360F1EC4FDC8F0F18EFAA03EE0E36B591551CA,,,,,structural_only,classified,,,Source structure; no independent Stacks object.
fac:bib:1,fac:bib:1,bibliography_entry,fac,components/080_paris_and_bibliography.tex:14,components/080_paris_and_bibliography.tex:14,components/080_paris_and_bibliography.tex:14,B8C6508249308F5D8BC886B9E6360F1EC4FDC8F0F18EFAA03EE0E36B591551CA,,,,,historical_reference,needs_link_review,,,Historical or bibliographic unit requiring source linkage.
fac:bib:2,fac:bib:2,bibliography_entry,fac,components/080_paris_and_bibliography.tex:17,components/080_paris_and_bibliography.tex:17,components/080_paris_and_bibliography.tex:17,B8C6508249308F5D8BC886B9E6360F1EC4FDC8F0F18EFAA03EE0E36B591551CA,,,,,historical_reference,needs_link_review,,,Historical or bibliographic unit requiring source linkage.
fac:bib:3,fac:bib:3,bibliography_entry,fac,components/080_paris_and_bibliography.tex:20,components/080_paris_and_bibliography.tex:20,components/080_paris_and_bibliography.tex:20,B8C6508249308F5D8BC886B9E6360F1EC4FDC8F0F18EFAA03EE0E36B591551CA,,,,,historical_reference,needs_link_review,,,Historical or bibliographic unit requiring source linkage.
fac:bib:4,fac:bib:4,bibliography_entry,fac,components/080_paris_and_bibliography.tex:23,components/080_paris_and_bibliography.tex:23,components/080_paris_and_bibliography.tex:23,B8C6508249308F5D8BC886B9E6360F1EC4FDC8F0F18EFAA03EE0E36B591551CA,,,,,historical_reference,needs_link_review,,,Historical or bibliographic unit requiring source linkage.
fac:bib:5,fac:bib:5,bibliography_entry,fac,components/080_paris_and_bibliography.tex:26,components/080_paris_and_bibliography.tex:26,components/080_paris_and_bibliography.tex:26,B8C6508249308F5D8BC886B9E6360F1EC4FDC8F0F18EFAA03EE0E36B591551CA,,,,,historical_reference,needs_link_review,,,Historical or bibliographic unit requiring source linkage.
fac:bib:6,fac:bib:6,bibliography_entry,fac,components/080_paris_and_bibliography.tex:30,components/080_paris_and_bibliography.tex:30,components/080_paris_and_bibliography.tex:30,B8C6508249308F5D8BC886B9E6360F1EC4FDC8F0F18EFAA03EE0E36B591551CA,,,,,historical_reference,needs_link_review,,,Historical or bibliographic unit requiring source linkage.
fac:bib:7,fac:bib:7,bibliography_entry,fac,components/080_paris_and_bibliography.tex:34,components/080_paris_and_bibliography.tex:34,components/080_paris_and_bibliography.tex:34,B8C6508249308F5D8BC886B9E6360F1EC4FDC8F0F18EFAA03EE0E36B591551CA,,,,,historical_reference,needs_link_review,,,Historical or bibliographic unit requiring source linkage.
fac:bib:8,fac:bib:8,bibliography_entry,fac,components/080_paris_and_bibliography.tex:38,components/080_paris_and_bibliography.tex:38,components/080_paris_and_bibliography.tex:38,B8C6508249308F5D8BC886B9E6360F1EC4FDC8F0F18EFAA03EE0E36B591551CA,,,,,historical_reference,needs_link_review,,,Historical or bibliographic unit requiring source linkage.
fac:bib:9,fac:bib:9,bibliography_entry,fac,components/080_paris_and_bibliography.tex:42,components/080_paris_and_bibliography.tex:42,components/080_paris_and_bibliography.tex:42,B8C6508249308F5D8BC886B9E6360F1EC4FDC8F0F18EFAA03EE0E36B591551CA,,,,,historical_reference,needs_link_review,,,Historical or bibliographic unit requiring source linkage.
fac:bib:10,fac:bib:10,bibliography_entry,fac,components/080_paris_and_bibliography.tex:45,components/080_paris_and_bibliography.tex:45,components/080_paris_and_bibliography.tex:45,B8C6508249308F5D8BC886B9E6360F1EC4FDC8F0F18EFAA03EE0E36B591551CA,,,,,historical_reference,needs_link_review,,,Historical or bibliographic unit requiring source linkage.
fac:bib:11,fac:bib:11,bibliography_entry,fac,components/080_paris_and_bibliography.tex:50,components/080_paris_and_bibliography.tex:50,components/080_paris_and_bibliography.tex:50,B8C6508249308F5D8BC886B9E6360F1EC4FDC8F0F18EFAA03EE0E36B591551CA,,,,,historical_reference,needs_link_review,,,Historical or bibliographic unit requiring source linkage.
fac:bib:12,fac:bib:12,bibliography_entry,fac,components/080_paris_and_bibliography.tex:54,components/080_paris_and_bibliography.tex:54,components/080_paris_and_bibliography.tex:54,B8C6508249308F5D8BC886B9E6360F1EC4FDC8F0F18EFAA03EE0E36B591551CA,,,,,historical_reference,needs_link_review,,,Historical or bibliographic unit requiring source linkage.
fac:bib:13,fac:bib:13,bibliography_entry,fac,components/080_paris_and_bibliography.tex:58,components/080_paris_and_bibliography.tex:58,components/080_paris_and_bibliography.tex:58,B8C6508249308F5D8BC886B9E6360F1EC4FDC8F0F18EFAA03EE0E36B591551CA,,,,,historical_reference,needs_link_review,,,Historical or bibliographic unit requiring source linkage.
fac:bib:14,fac:bib:14,bibliography_entry,fac,components/080_paris_and_bibliography.tex:61,components/080_paris_and_bibliography.tex:61,components/080_paris_and_bibliography.tex:61,B8C6508249308F5D8BC886B9E6360F1EC4FDC8F0F18EFAA03EE0E36B591551CA,,,,,historical_reference,needs_link_review,,,Historical or bibliographic unit requiring source linkage.
fac:bib:15,fac:bib:15,bibliography_entry,fac,components/080_paris_and_bibliography.tex:65,components/080_paris_and_bibliography.tex:65,components/080_paris_and_bibliography.tex:65,B8C6508249308F5D8BC886B9E6360F1EC4FDC8F0F18EFAA03EE0E36B591551CA,,,,,historical_reference,needs_link_review,,,Historical or bibliographic unit requiring source linkage.
fac:bib:16,fac:bib:16,bibliography_entry,fac,components/080_paris_and_bibliography.tex:69,components/080_paris_and_bibliography.tex:69,components/080_paris_and_bibliography.tex:69,B8C6508249308F5D8BC886B9E6360F1EC4FDC8F0F18EFAA03EE0E36B591551CA,,,,,historical_reference,needs_link_review,,,Historical or bibliographic unit requiring source linkage.
fac:bib:17,fac:bib:17,bibliography_entry,fac,components/080_paris_and_bibliography.tex:72,components/080_paris_and_bibliography.tex:72,components/080_paris_and_bibliography.tex:72,B8C6508249308F5D8BC886B9E6360F1EC4FDC8F0F18EFAA03EE0E36B591551CA,,,,,historical_reference,needs_link_review,,,Historical or bibliographic unit requiring source linkage.
fac:bib:18,fac:bib:18,bibliography_entry,fac,components/080_paris_and_bibliography.tex:76,components/080_paris_and_bibliography.tex:76,components/080_paris_and_bibliography.tex:76,B8C6508249308F5D8BC886B9E6360F1EC4FDC8F0F18EFAA03EE0E36B591551CA,,,,,historical_reference,needs_link_review,,,Historical or bibliographic unit requiring source linkage.
fac:bib:19,fac:bib:19,bibliography_entry,fac,components/080_paris_and_bibliography.tex:80,components/080_paris_and_bibliography.tex:80,components/080_paris_and_bibliography.tex:80,B8C6508249308F5D8BC886B9E6360F1EC4FDC8F0F18EFAA03EE0E36B591551CA,,,,,historical_reference,needs_link_review,,,Historical or bibliographic unit requiring source linkage.
