topic_id,score,hit_fields,tag,full_label,file,line,kind,section_title,snippet,status
sheaves,191,label;section;text,03CY,sites-modules-lemma-sheafification-presheaf-modules,sites-modules.tex,815,lemma,Sheafification of presheaves of modules,"egin lemma Let C be a site. Let O be a presheaf of rings on C . Let F be a presheaf of O -modules. Let O \# be the sheafification of O as a presheaf of rings, see Sites, Section ef sites-section-sheaves-algebraic-structures . Let F \# be the sheafification of F as a presheaf of a",lexical_candidate_only
sheaves,190,label;section;text,0089,sheaves-lemma-sheafification-presheaf-modules,sheaves.tex,1834,lemma,Sheafification of presheaves of modules,egin lemma Let X be a topological space. Let O be a presheaf of rings on X . Let F be a presheaf of O -modules. Let O \# be the sheafification of O . Let F \# be the sheafification of F as a presheaf of abelian groups. There exists a map of sheaves of sets O \# imes F \# F \# whi,lexical_candidate_only
sheaves,187,label;section;text,03NS,etale-cohomology-theorem-sheafification,etale-cohomology.tex,799,theorem,Sheafification,"egin theorem Let C be a site and F a presheaf on C . egin enumerate The rule U F +(U) := olim U ext covering of U heck H 0( U , F ) is a presheaf. And the colimit is a directed one. There is a canonical map of presheaves F o F + . If F is a separated presheaf then F + is a sheaf ",lexical_candidate_only
sheaves,187,label;section;text,0081,sheaves-example-sheafify-constant,sheaves.tex,1636,example,Sheafification,egin example See Example ef example-stalk-constant-presheaf for notation. The map A p o nderline A induces a map A p \# o nderline A . It is easy to see that this is an isomorphism. In words: The sheafification of the constant presheaf with value A is the constant sheaf with valu,lexical_candidate_only
sheaves,187,label;section;text,007Y,sheaves-lemma-sheafification-sheaf,sheaves.tex,1540,lemma,Sheafification,"egin lemma egin reference ite[Chapter I, 1, no. 3, pp. 200--201] FAC The presheaf F \# is a sheaf.",lexical_candidate_only
sheaves,187,label;section;text,0085,sheaves-lemma-sheafify-abelian-presheaf,sheaves.tex,1729,lemma,Sheafification of abelian presheaves,"egin lemma Let X be a topological space. Let F be an abelian presheaf on X . Then there exists a unique structure of abelian sheaf on F \# such that F o F \# is a morphism of abelian presheaves. Moreover, the following adjointness property holds extit PAb (X) ( F , i( G )) = exti",lexical_candidate_only
sheaves,187,label;section;text,0087,sheaves-lemma-sheafify-presheaf-structures,sheaves.tex,1792,lemma,Sheafification of presheaves of algebraic structures,"egin lemma Let X be a topological space. Let ( C , F) be a type of algebraic structure. Let F be a presheaf with values in C on X . Then there exists a sheaf F \# with values in C and a morphism F o F \# of presheaves with values in C with the following properties: egin enumerate",lexical_candidate_only
sheaves,187,label;section;text,007X,sheaves-section-sheafification,sheaves.tex,1462,section,Sheafification,Sheafification In this section we explain how to get the sheafification of a presheaf on a topological space. We will use stalks to describe the sheafification in this case.,lexical_candidate_only
sheaves,187,label;section;text,0H7J,sites-example-constant-sheaf,sites.tex,2099,example,Sheafification,"egin example Let C be a site. Let E be a set. The constant sheaf nderline E with value E is the sheafification of the presheaf given by the constant functor with value E . It is characterized by the rule ( C ) (nderline E , F ) = extit Sets (E, ( C , F )) for every sheaf F on C w",lexical_candidate_only
sheaves,186,label;section;text,0082,sheaves-lemma-separated-presheaf-into-sheaf,sheaves.tex,1646,lemma,Sheafification,"egin lemma egin reference ite[Chapter I, 1, no. 3, Proposition 1, p. 200] FAC Let X be a topological space. A presheaf F is separated (see Definition ef definition-separated ) if and only if the canonical map F o F \# is injective.",lexical_candidate_only
sheaves,186,label;section;text,00WG,sites-definition-associated-sheaf,sites.tex,2045,definition,Sheafification,egin definition Let C be a site and let F be a presheaf of sets on C . The sheaf F \# := F ++ together with the canonical map F o F \# is called the sheaf associated to F .,lexical_candidate_only
sheaves,186,label;section;text,00ZL,sites-definition-associated-sheaf-topology,sites.tex,11645,definition,Sheafification in a topology,egin definition Let C be a category endowed with a topology J . Let F be a presheaf of sets on C . The sheaf F \# := LL F together with the canonical map F o F \# is called the sheaf associated to F .,lexical_candidate_only
sheaves,186,label;section;text,00W3,sites-example-singleton-sheaf,sites.tex,1710,example,Sheafification,"egin example A particular example is the limit over the empty diagram. This gives the final object in the category of (pre)sheaves. It is the presheaf that associates to each object U of C a singleton set, with unique restriction mappings and moreover this presheaf is a sheaf. We",lexical_candidate_only
sheaves,186,label;section;text,04CT,spaces-more-morphisms-definition-sheaf-differentials,spaces-more-morphisms.tex,949,definition,Sheaf of differentials of a morphism,"egin definition Let S be a scheme. Let f : X o Y be a morphism of algebraic spaces over S . The sheaf of differentials X/Y of X over Y is sheaf of differentials (Modules on Sites, Definition ef sites-modules-definition-sheaf-differentials ) for the morphism of ringed topoi (f sma",lexical_candidate_only
sheaves,186,label;section;text,03G7,spaces-properties-definition-structure-sheaf,spaces-properties.tex,3800,definition,The structure sheaf of an algebraic space,egin definition Let S be a scheme. Let X be an algebraic space over S . The structure sheaf of X is the sheaf of rings O X on the small etale site X described in Lemma ef lemma-sheaf-condition-holds .,lexical_candidate_only
sheaves,186,label;section;text,04KD,spaces-properties-section-structure-sheaf,spaces-properties.tex,3781,section,The structure sheaf of an algebraic space,The structure sheaf of an algebraic space The structure sheaf of an algebraic space is the sheaf of rings of the following lemma. egin lemma Let S be a schem,lexical_candidate_only
sheaves,185,label;section;text,02SI,chow-section-divisor-invertible-sheaf,chow.tex,4141,section,The divisor associated to an invertible sheaf,"The divisor associated to an invertible sheaf The following definition is the analogue of Divisors, Definition ef divisors-definition-divisor-invertible-sheaf in our current setup. egin de",lexical_candidate_only
sheaves,185,label;section;text,0EWU,etale-cohomology-proposition-h-cohomology-structure-sheaf,etale-cohomology.tex,23708,proposition,Cohomology of the structure sheaf in the h topology,"egin proposition Let p be a prime number. Let S be a quasi-compact and quasi-separated scheme over F p . Then H i(( /S) h, O h) = olim F H i(S, O ) Here on the left hand side by O h we mean the h sheafification of the structure sheaf.",lexical_candidate_only
sheaves,185,label;section;text,03NQ,etale-cohomology-section-sheafification,etale-cohomology.tex,725,section,Sheafification,Sheafification egin definition Let F be a presheaf on the site C and U = \ U i o U\ ext Cov ( C ) . W,lexical_candidate_only
sheaves,185,label;section;text,04HW,etale-cohomology-section-stalks-structure-sheaf,etale-cohomology.tex,4249,section,Stalks of the structure sheaf,Stalks of the structure sheaf In this section we identify the stalk of the structure sheaf at a geometric point with the strict henselization of the local ring at the corresponding,lexical_candidate_only
sheaves,185,label;section;text,0305,examples-stacks-section-stack-associated-to-sheaf,examples-stacks.tex,681,section,The stack associated to a sheaf,"The stack associated to a sheaf Let F : ( /S) fppf opp o extit Sets be a presheaf. We obtain a category fibred in sets p F : S F o ( /S) fppf ,",lexical_candidate_only
sheaves,185,label;section;text,04UJ,examples-stacks-subsection-torsors-sheaf,examples-stacks.tex,796,subsection,Torsors for a sheaf of groups,Torsors for a sheaf of groups Let G be a sheaf of groups on ( /S) fppf . For U (( /S) fppf ) we denote G | U the restriction of G to,lexical_candidate_only
sheaves,185,label;section;text,04UL,examples-stacks-subsection-variant-torsor-sheaf,examples-stacks.tex,863,subsection,Variant on torsors for a sheaf,"Variant on torsors for a sheaf The construction of Subsection ef subsection-torsors-sheaf can be generalized slightly. Namely, let G o B be a map of shea",lexical_candidate_only
sheaves,185,label;section;text,04R9,more-groupoids-lemma-sheaf-differentials,more-groupoids.tex,117,lemma,Sheaf of differentials,"egin lemma Let S be a scheme. Let (U, R, s, t, c) be a groupoid scheme over S . The sheaf of differentials of R seen as a scheme over U via t is a quotient of the pullback via t of the conormal sheaf of the immersion e : U o R . In a formula: there is a canonical surjection t * C",lexical_candidate_only
sheaves,185,label;section;text,01R2,morphisms-definition-conormal-sheaf,morphisms.tex,6164,definition,Conormal sheaf of an immersion,egin definition Let i : Z o X be an immersion. The conormal sheaf C Z/X of Z in X or the conormal sheaf of i is the quasi-coherent O Z -module I / I 2 described above.,lexical_candidate_only
sheaves,185,label;section;text,01UQ,morphisms-definition-sheaf-differentials,morphisms.tex,6348,definition,Sheaf of differentials of a morphism,"egin definition Let f : X o S be a morphism of schemes. The sheaf of differentials X/S of X over S is the sheaf of differentials of f viewed as a morphism of ringed spaces (Modules, Definition ef modules-definition-differentials ) equipped with its universal S -derivation ext d X",lexical_candidate_only
sheaves,185,label;section;text,01R1,morphisms-section-conormal-sheaf,morphisms.tex,6138,section,Conormal sheaf of an immersion,Conormal sheaf of an immersion Let i : Z o X be a closed immersion. Let I O X be the corresponding quasi-coherent sheaf of ideals. Consider the short exact,lexical_candidate_only
sheaves,185,label;section;text,0080,sheaves-lemma-sheafify-universal,sheaves.tex,1595,lemma,Sheafification,egin lemma Let F be a presheaf of sets on X . Any map F o G into a sheaf of sets factors uniquely as F o F \# o G .,lexical_candidate_only
sheaves,185,label;section;text,0088,sheaves-section-sheafification-presheaves-modules,sheaves.tex,1831,section,Sheafification of presheaves of modules,Sheafification of presheaves of modules egin lemma Let X be a topological space. Let O be a presheaf of rings on X . Let,lexical_candidate_only
sheaves,185,label;section;text,0083,sheaves-section-sheafify-abelian-presheaves,sheaves.tex,1674,section,Sheafification of abelian presheaves,"Sheafification of abelian presheaves The following strange looking lemma is likely unnecessary, but very convenient to deal with sheafification of presheaves of algebraic structures.",lexical_candidate_only
sheaves,185,label;section;text,00ZH,sites-lemma-L-presheaf,sites.tex,11510,lemma,Sheafification in a topology,"egin lemma In the situation above. egin enumerate The assignment U L F (U) combined with the restriction mappings defined above is a presheaf. The maps glue to give a morphism of presheaves : F o L F . The rule F ( F L F ) is a functor. If F is a subpresheaf of G , then L F is a ",lexical_candidate_only
sheaves,185,label;section;text,00WK,sites-lemma-sections-sheafification,sites.tex,2156,lemma,Sheafification,egin lemma Let C be a site. Let F be a presheaf of sets on C . Denote heta 2 : F o F \# the canonical map of F into its sheafification. Let U be an object of C . Let s F \#(U) . There exists a covering \ U i o U\ and sections s i F (U i) such that egin enumerate s| U i = heta 2(s,lexical_candidate_only
sheaves,185,label;section;text,03EI,sites-modules-lemma-sheafification-exact,sites-modules.tex,874,lemma,Sheafification of presheaves of modules,"egin lemma Let C be a site. Let O be a presheaf of rings on C The sheafification functor extit PMod ( O ) extit Mod ( O \#), F F \# is exact.",lexical_candidate_only
sheaves,185,label;section;text,03CX,sites-modules-section-sheafification-presheaves-modules,sites-modules.tex,812,section,Sheafification of presheaves of modules,Sheafification of presheaves of modules egin lemma Let C be a site. Let O be a presheaf of rings on C . L,lexical_candidate_only
sheaves,185,label;section;text,00ZM,sites-proposition-sheafification-adjoint-topology,sites.tex,11654,proposition,Sheafification in a topology,"egin proposition Let C be a category endowed with a topology. Let F be a presheaf of sets on C . The canonical map F o F \# has the following universal property: For any map F o G , where G is a sheaf of sets, there is a unique map F \# o G such that F o F \# o G equals the given",lexical_candidate_only
sheaves,185,label;section;text,00W1,sites-section-sheafification,sites.tex,1631,section,Sheafification,Sheafification In order to define the sheafification we study the zeroth Cech cohomology group of a covering and its functoriality properties. Let \,lexical_candidate_only
sheaves,185,label;section;text,00ZG,sites-section-sheafification-topology,sites.tex,11440,section,Sheafification in a topology,Sheafification in a topology In this section we explain the analogue of the sheafification construction in a topology. Let C be a category. Let J,lexical_candidate_only
sheaves,185,label;section;text,0EEA,spaces-chow-section-cycle-of-coherent-sheaf,spaces-chow.tex,485,section,Cycle associated to a coherent sheaf,"Cycle associated to a coherent sheaf This is the analogue of Chow Homology, Section ef chow-section-cycle-of-coherent-sheaf . egin definition definition-cycle-associated-to-",lexical_candidate_only
sheaves,185,label;section;text,0EQD,spaces-chow-section-divisor-invertible-sheaf,spaces-chow.tex,2066,section,The divisor associated to an invertible sheaf,"The divisor associated to an invertible sheaf This section is the analogue of Chow Homology, Section ef chow-section-divisor-invertible-sheaf . The following definition is the analogue of Spac",lexical_candidate_only
sheaves,185,label;section;text,04CN,spaces-more-morphisms-definition-conormal-sheaf,spaces-more-morphisms.tex,410,definition,Conormal sheaf of an immersion,egin definition Let i : Z o X be an immersion. The conormal sheaf C Z/X of Z in X or the conormal sheaf of i is the quasi-coherent O Z -module I / I 2 described above.,lexical_candidate_only
sheaves,185,label;section;text,04KE,spaces-properties-section-stalks-structure-sheaf,spaces-properties.tex,3905,section,Stalks of the structure sheaf,"Stalks of the structure sheaf This section is the analogue of Etale Cohomology, Section ef etale-cohomology-section-stalks-structure-sheaf . egin lemma lemma-describ",lexical_candidate_only
sheaves,185,label;section;text,06TV,stacks-sheaves-definition-structure-sheaf,stacks-sheaves.tex,732,definition,The structure sheaf,egin definition Let p : X o ( /S) fppf be a category fibred in groupoids. The structure sheaf of X is the sheaf of rings O X = p -1 O .,lexical_candidate_only
sheaves,184,label;section;text,02QV,chow-section-cycle-of-coherent-sheaf,chow.tex,1697,section,Cycle associated to a coherent sheaf,"Cycle associated to a coherent sheaf egin lemma Let (S, elta) be as in Situation ef situation-setup . Let X be locally of finite type over S . Let",lexical_candidate_only
sheaves,184,label;section;text,07IW,crystalline-section-differentials-sheaf,crystalline.tex,2179,section,Sheaf of differentials,Sheaf of differentials In this section we will stick with the (small) crystalline site as it seems more natural. We globalize Definition ef definition-derivation as follows.,lexical_candidate_only
sheaves,184,label;section;text,0EWT,etale-cohomology-lemma-h-sheaf-colim-F,etale-cohomology.tex,23651,lemma,Cohomology of the structure sheaf in the h topology,egin lemma Let p be a prime number. Let S be a scheme over F p . Consider the sheaf O perf = olim F O on ( /S) fppf . Then O perf is in the essential image of R * : D(( /S) h) o D(( /S) fppf ) .,lexical_candidate_only
sheaves,184,label;section;text,03NA,etale-cohomology-section-sheaf-theory,etale-cohomology.tex,400,section,Sheaf theory,Sheaf theory At this point we start talking about sites and sheaves in earnest. There is an amazing amount of useful abstract material that could fit in the next fe,lexical_candidate_only
sheaves,184,label;section;text,0DEJ,formal-spaces-lemma-structure-sheaf,formal-spaces.tex,7448,lemma,The structure sheaf,egin lemma Every formal algebraic space has a structure sheaf.,lexical_candidate_only
sheaves,184,label;section;text,0DEI,formal-spaces-section-structure-sheaf,formal-spaces.tex,7418,section,The structure sheaf,The structure sheaf As in Section ef section-etale-sites the motivation for the discussion in this section comes from classical formal schemes. These are defined as pairs (,lexical_candidate_only
sheaves,184,label;section;text,0AZB,intersection-section-cycle-of-coherent-sheaf,intersection.tex,179,section,Cycle associated to a coherent sheaf,Cycle associated to a coherent sheaf Suppose that X is a variety and that F is a coherent O X -module with im(ext Supp ( F )) k . Let Z i be,lexical_candidate_only
sheaves,184,label;section;text,0H2K,modules-lemma-induced-quotient-ring-sheaf-module-structure,modules.tex,4021,lemma,The annihilator of a sheaf of modules,"egin lemma Let (X, O X) be a ringed space, let F be an O X -module and let I O X be an ideal sheaf. If I ext Ann O X ( F ) , then F has a natural O X/ I -module structure which agrees with the usual commutative algebra construction on stalks.",lexical_candidate_only
sheaves,184,label;section;text,0E6Q,moduli-curves-definition-relative-dualizing-sheaf,moduli-curves.tex,1950,definition,The relative dualizing sheaf,egin definition Let f : X o S be a family of curves with Cohen-Macaulay fibres equidimensional of dimension 1 (Lemma ef lemma-CM-1-curves ). Then the O X -module X/S = H -1 ( X/S ullet) studied in Lemma ef lemma-CM-dualizing is called the relative dualizing sheaf of f .,lexical_candidate_only
sheaves,184,label;section;text,01UM,morphisms-section-sheaf-differentials,morphisms.tex,6338,section,Sheaf of differentials of a morphism,"Sheaf of differentials of a morphism We suggest the reader take a look at the corresponding section in the chapter on commutative algebra (Algebra, Section ef algebra-section-differentials",lexical_candidate_only
sheaves,184,label;section;text,0H7I,sheaves-lemma-sheafify-epi-mono,sheaves.tex,1662,lemma,Sheafification,egin lemma Let X be a topological space. The sheafification of a surjective (resp.\ injective) morphism of presheaves of sets is surjective (resp.\ injective).,lexical_candidate_only
sheaves,184,label;section;text,007Z,sheaves-lemma-stalk-sheafification,sheaves.tex,1569,lemma,Sheafification,egin lemma Let X be a topological space. Let F be a presheaf of sets on X . Let x X . Then F x = F \# x .,lexical_candidate_only
sheaves,184,label;section;text,008B,sheaves-lemma-stalk-tensor-sheaf-modules,sheaves.tex,1957,lemma,Sheafification of presheaves of modules,egin lemma Let X be a topological space. Let O o O ' be a morphism of sheaves of rings on X . Let F be a sheaf O -modules. Let x X . We have F x O x O ' x = ( F O O ') x as O ' x -modules.,lexical_candidate_only
sheaves,184,label;section;text,0086,sheaves-section-sheafification-presheaves-structures,sheaves.tex,1788,section,Sheafification of presheaves of algebraic structures,"Sheafification of presheaves of algebraic structures egin lemma Let X be a topological space. Let ( C , F) be a type of algebraic structure.",lexical_candidate_only
sheaves,184,label;section;text,00ZI,sites-definition-presheaf-separated-topology,sites.tex,11535,definition,Sheafification in a topology,"egin definition Let C be a category. Let J be a topology on C . We say that a presheaf of sets F is separated if for every object U and every covering sieve S on U the canonical map F (U) o extit PSh ( C ) (S, F ) is injective.",lexical_candidate_only
sheaves,184,label;section;text,00WD,sites-item-sheaf,sites.tex,1982,item,Sheafification,"using this covering we get exactly heta(s i) for the restriction of s to U i . egin definition We say that a presheaf of sets F on a site C is separated if, for all coverings of \ U i ightarrow U\ , the map F (U) o F (U i) is injective. egin theorem With F as above egin enumerate",lexical_candidate_only
sheaves,184,label;section;text,00W4,sites-lemma-plus-presheaf,sites.tex,1776,lemma,Sheafification,egin lemma The constructions above define a presheaf F + together with a canonical map of presheaves F o F + .,lexical_candidate_only
sheaves,184,label;section;text,00WH,sites-proposition-sheafification-adjoint,sites.tex,2053,proposition,Sheafification,"egin proposition The canonical map F o F \# has the following universal property: For any map F o G , where G is a sheaf of sets, there is a unique map F \# o G such that F o F \# o G equals the given map.",lexical_candidate_only
sheaves,184,label;section;text,04CM,spaces-more-morphisms-section-conormal-sheaf,spaces-more-morphisms.tex,379,section,Conormal sheaf of an immersion,Conormal sheaf of an immersion Let S be a scheme. Let i : Z o X be a closed immersion of algebraic spaces over S . Let I O X be the corresponding quasi-,lexical_candidate_only
sheaves,184,label;section;text,04CR,spaces-more-morphisms-section-sheaf-differentials,spaces-more-morphisms.tex,839,section,Sheaf of differentials of a morphism,"Sheaf of differentials of a morphism We suggest the reader take a look at the corresponding section in the chapter on commutative algebra (Algebra, Section ef algebra-section-differentials",lexical_candidate_only
sheaves,184,label;section;text,03G6,spaces-properties-lemma-sheaf-condition-holds,spaces-properties.tex,3788,lemma,The structure sheaf of an algebraic space,"egin lemma Let S be a scheme. Let X be an algebraic space over S . The rule U (U, O U) defines a sheaf of rings on X .",lexical_candidate_only
sheaves,184,label;section;text,06TU,stacks-sheaves-section-structure-sheaf,stacks-sheaves.tex,704,section,The structure sheaf,"The structure sheaf Let au \ Zar, , smooth, syntomic, fppf\ . Let p : X o ( /S) fppf be a category fibred in groupoids. The 2-category of catego",lexical_candidate_only
sheaves,163,label;section,02QX,chow-definition-cycle-associated-to-coherent-sheaf,chow.tex,1744,definition,Cycle associated to a coherent sheaf,"egin definition Let (S, elta) be as in Situation ef situation-setup . Let X be locally of finite type over S . Let F be a coherent O X -module. egin enumerate For any irreducible component Z' ext Supp ( F ) with generic point the integer m Z', F = ext length O X, F (Lemma ef lemm",lexical_candidate_only
sheaves,163,label;section,02SJ,chow-definition-divisor-invertible-sheaf,chow.tex,4149,definition,The divisor associated to an invertible sheaf,"egin definition Let (S, elta) be as in Situation ef situation-setup . Let X be locally of finite type over S . Assume X is integral and n = im elta(X) . Let L be an invertible O X -module. egin enumerate For any nonzero meromorphic section s of L we define the Weil divisor associ",lexical_candidate_only
sheaves,163,label;section,02QZ,chow-lemma-additivity-sheaf-cycle,chow.tex,1789,lemma,Cycle associated to a coherent sheaf,"egin lemma Let (S, elta) be as in Situation ef situation-setup . Let X be locally of finite type over S . Let 0 o F o G o H o 0 be a short exact sequence of coherent sheaves on X . Assume that the elta -dimension of the supports of F , G , and H is k . Then [ G ] k = [ F ] k + [ ",lexical_candidate_only
sheaves,163,label;section,02SM,chow-lemma-flat-pullback-divisor-invertible-sheaf,chow.tex,4237,lemma,The divisor associated to an invertible sheaf,"egin lemma Let (S, elta) be as in Situation ef situation-setup . Let X , Y be locally of finite type over S . Assume X , Y are integral and n = im elta(Y) . Let L be an invertible O Y -module. Let f : X o Y be a flat morphism of relative dimension r . Then f *(c 1( L ) ap [Y]) = ",lexical_candidate_only
sheaves,163,label;section,04UK,examples-stacks-lemma-torsors-sheaf-stack-in-groupoids,examples-stacks.tex,823,lemma,Torsors for a sheaf of groups,"egin lemma Up to a replacement as in Stacks, Remark ef stacks-remark-stack-make-small the functor p : G extit -Torsors ( /S) fppf defines a stack in groupoids over ( /S) fppf .",lexical_candidate_only
sheaves,163,label;section,04UM,examples-stacks-lemma-variant-torsors-sheaf-stack-in-groupoids,examples-stacks.tex,921,lemma,Variant on torsors for a sheaf,"egin lemma Up to a replacement as in Stacks, Remark ef stacks-remark-stack-make-small the functor p : G / B extit -Torsors ( /S) fppf defines a stack in groupoids over ( /S) fppf .",lexical_candidate_only
sheaves,163,label;section,0DEL,formal-spaces-lemma-higher-vanishing-structure-sheaf,formal-spaces.tex,7548,lemma,The structure sheaf,"egin lemma If X is a countably indexed affine formal algebraic space, then we have H n(X , O X) = 0 for n > 0 .",lexical_candidate_only
sheaves,163,label;section,0H2H,modules-definition-annihilator-sheaf,modules.tex,3976,definition,The annihilator of a sheaf of modules,"egin definition Let (X, O X) be a ringed space and let F be an O X -module. The annihilator of F , denoted ext Ann O X ( F ) is the kernel of the map O X o O X ( F , F ) discussed above.",lexical_candidate_only
sheaves,163,label;section,0H6Y,sites-lemma-isomorphism-sheafifications,sites.tex,2182,lemma,Sheafification,"egin lemma Let C be a site. Let F o G be a map of presheaves of sets on C . Denote B the set of U ( C ) such that F (U) o G (U) is bijective. If every object of C has a covering by elements of B , then F \# o G \# is an isomorphism.",lexical_candidate_only
sheaves,163,label;section,00W2,sites-lemma-limit-sheaf,sites.tex,1680,lemma,Sheafification,egin lemma egin slogan Limit of diagram of sheaves exists and coincides with limit as presheaves Let F : I o ( C ) be a diagram. Then I F exists and is equal to the limit in the category of presheaves.,lexical_candidate_only
sheaves,163,label;section,00WJ,sites-lemma-sheafification-exact,sites.tex,2134,lemma,Sheafification,"egin lemma The functor extit PSh ( C ) o ( C ) , F F \# is exact.",lexical_candidate_only
sheaves,163,label;section,0EEB,spaces-chow-definition-cycle-associated-to-coherent-sheaf,spaces-chow.tex,492,definition,Cycle associated to a coherent sheaf,egin definition In Situation ef situation-setup let X/B be good. Let F be a coherent O X -module. egin enumerate For an integral closed subspace Z X with generic point such that |Z| is an irreducible component of ext Supp ( F ) the length of F at (Definition ef definition-length-,lexical_candidate_only
sheaves,163,label;section,0EQE,spaces-chow-definition-divisor-invertible-sheaf,spaces-chow.tex,2077,definition,The divisor associated to an invertible sheaf,egin definition In Situation ef situation-setup let X/B be good. Assume X is integral and n = im elta(X) . Let L be an invertible O X -module. egin enumerate For any nonzero meromorphic section s of L we define the Weil divisor associated to s is the (n - 1) -cycle ext div L (s) ,lexical_candidate_only
sheaves,163,label;section,0EEE,spaces-chow-lemma-additivity-sheaf-cycle,spaces-chow.tex,565,lemma,Cycle associated to a coherent sheaf,"egin lemma In Situation ef situation-setup let X/B be good. Let 0 o F o G o H o 0 be a short exact sequence of coherent O X -modules. Assume that the elta -dimension of the supports of F , G , and H are k . Then [ G ] k = [ F ] k + [ H ] k .",lexical_candidate_only
sheaves,163,label;section,06TW,stacks-sheaves-lemma-functoriality-structure-sheaf,stacks-sheaves.tex,749,lemma,The structure sheaf,"egin lemma Let f : X o Y be a 1 -morphism of categories fibred in groupoids over ( /S) fppf . Let au \ Zar, , smooth, syntomic, fppf\ . There is a canonical identification f -1 O Y = O X which turns f : ( X au) o ( Y au) into a morphism of ringed topoi.",lexical_candidate_only
sheaves,118,label;text,04FJ,more-morphisms-lemma-action-sheaf,more-morphisms.tex,2050,lemma,Infinitesimal deformations of maps,"egin lemma Same notation and assumptions as in Lemma ef lemma-sheaf . There is an action of the sheaf O X (a * Y/S , C X/X' ) on the sheaf (ef equation-sheaf ). Moreover, the action is simply transitive for any open U' X' over which the sheaf (ef equation-sheaf ) has a section.",lexical_candidate_only
sheaves,118,label;text,0077,sheaves-definition-sheaf-modules,sheaves.tex,863,definition,Sheaves of modules,"egin definition Let X be a topological space. Let O be a sheaf of rings on X . egin enumerate A sheaf of O -modules is a presheaf of O -modules F , see Definition ef definition-presheaf-modules , such that the underlying presheaf of abelian groups F is a sheaf. A morphism of shea",lexical_candidate_only
sheaves,118,label;text,03AA,sites-modules-definition-free-abelian-sheaf-on,sites-modules.tex,357,definition,Free abelian sheaves,egin definition Let C be a site. Let G be a presheaf of sets. The free abelian sheaf Z G \# on G is the abelian sheaf Z G \# which is the sheafification of the free abelian presheaf on G . In the special case G = h X of a representable presheaf associated to an object X of C we u,lexical_candidate_only
sheaves,118,label;text,03CW,sites-modules-definition-sheaf-modules,sites-modules.tex,782,definition,Sheaves of modules,"egin definition Let C be a site. Let O be a sheaf of rings on C . egin enumerate A sheaf of O -modules is a presheaf of O -modules F , see Definition ef definition-presheaf-modules , such that the underlying presheaf of abelian groups F is a sheaf. A morphism of sheaves of O -mod",lexical_candidate_only
sheaves,117,label;text,03NK,etale-cohomology-definition-sheaf,etale-cohomology.tex,581,definition,Sheaves,egin definition A presheaf F of sets (resp. abelian presheaf) on a site C is said to be a separated presheaf if for all coverings \ arphi i : U i o U\ i I ext Cov ( C ) the map F (U) i I F (U i) is injective. Here the map is s (s| U i ) i I . The presheaf F is a sheaf if for all ,lexical_candidate_only
sheaves,117,label;text,0EV1,flat-example-representable-sheaf-not-h-sheaf,flat.tex,10757,example,More on the h topology,"egin example On any of the sites ( /S) h the topology is not subcanonical, in other words, representable sheaves are not sheaves. Namely, the ``structure sheaf'' O is representable because O (X) = S(X, A 1 S) in ( /S) h and we saw in Example ef example-structure-sheaf-not-h-sheaf",lexical_candidate_only
sheaves,117,label;text,0070,sheaves-definition-abelian-sheaf,sheaves.tex,650,definition,Abelian sheaves,egin definition Let X be a topological space. egin enumerate An abelian sheaf on X or sheaf of abelian groups on X is an abelian presheaf on X such that the underlying presheaf of sets is a sheaf. The category of sheaves of abelian groups is denoted extit Ab (X) .,lexical_candidate_only
sheaves,116,label;text,03PX,etale-cohomology-remark-direct-image-sheaf,etale-cohomology.tex,4506,remark,Direct images,"egin remark We claim that the direct image of a sheaf is a sheaf. Namely, if \ V j o V\ is an etale covering in Y then \ X imes Y V j o X imes Y V\ is an etale covering in X . Hence the sheaf condition for F with respect to \ X imes Y V i o X imes Y V\ is equivalent to the sheaf ",lexical_candidate_only
sheaves,116,label;text,0EV0,flat-example-structure-sheaf-not-h-sheaf,flat.tex,10744,example,More on the h topology,"egin example The ``structure sheaf'' O is not a sheaf in the h topology. For example, consider a surjective closed immersion of finite presentation X o Y . Then \ X o Y\ is an h covering for example by Lemma ef lemma-surjective-proper-finite-presentation-h . Moreover, note that X",lexical_candidate_only
sheaves,116,label;text,02VG,groupoids-definition-quotient-sheaf,groupoids.tex,4005,definition,Quotient sheaves,"egin definition Let au , S , and the pre-relation j : R o U imes S U be as above. In this setting the quotient sheaf U/R associated to j is the sheafification of the presheaf (ef equation-quotient-presheaf ) in the au -topology. If j : R o U imes S U comes from the action of a gr",lexical_candidate_only
sheaves,116,label;text,0F1A,schemes-lemma-sheaf-on-affines,schemes.tex,2024,lemma,Zariski topology of schemes,"egin lemma Let X be a scheme. Let B be the set of affine opens of X . Let F be a presheaf of sets on B , see Sheaves, Definition ef sheaves-definition-presheaf-basis . The following are equivalent egin enumerate F is the restriction of a sheaf on X to B , F is a sheaf on B , and ",lexical_candidate_only
sheaves,116,label;text,00VR,sites-definition-sheaf,sites.tex,1052,definition,Sheaves,"egin definition Let C be a site, let A be a category and let F be a presheaf on C with values in A . We say that F is a sheaf if for all objects X of A the presheaf of sets F X (defined above) is a sheaf.",lexical_candidate_only
sheaves,116,label;text,03A7,sites-modules-definition-free-abelian-presheaf-on,sites-modules.tex,284,definition,Free abelian presheaves,egin definition Let C be a category. Let G be a presheaf of sets. The free abelian presheaf Z G on G is the abelian presheaf defined by the rule U Z [ G (U)]. In the special case G = h X of a representable presheaf associated to an object X of C we use the notation Z X = Z h X . ,lexical_candidate_only
sheaves,116,label;text,044J,spaces-groupoids-definition-quotient-sheaf,spaces-groupoids.tex,2024,definition,Quotient sheaves,egin definition Let B o S and the pre-relation j : R o U imes B U be as above. In this setting the quotient sheaf U/R associated to j is the sheafification of the presheaf (ef equation-quotient-presheaf ) on ( /S) fppf . If j : R o U imes B U comes from the action of a group alge,lexical_candidate_only
sheaves,116,label;text,061C,spaces-more-morphisms-lemma-action-sheaf,spaces-more-morphisms.tex,3827,lemma,Infinitesimal deformations of maps,"egin lemma Same notation and assumptions as in Lemma ef lemma-sheaf . We identify sheaves on X and X' via (ef equation-equivalence-etale-spaces ). There is an action of the sheaf O X (a * Y/B , C X/X' ) on the sheaf (ef equation-sheaf ). Moreover, the action is simply transitive ",lexical_candidate_only
sheaves,115,label;text,0A38,cohomology-lemma-subsheaf-of-constant-sheaf,cohomology.tex,3480,lemma,Vanishing on Noetherian topological spaces,egin lemma egin reference ite[Page 168] Tohoku . Let X be a topological space such that the intersection of any two quasi-compact opens is quasi-compact. Let F nderline Z be a subsheaf generated by finitely many sections over quasi-compact opens. Then there exists a finite filtra,lexical_candidate_only
sheaves,115,label;text,063D,divisors-definition-regular-ideal-sheaf,divisors.tex,4612,definition,Regular ideal sheaves,"egin definition egin reference The concept of a Koszul-regular ideal sheaf was introduced in ite[Expose VII, Definition 1.4] SGA6 where it was called a regular ideal sheaf. Let X be a ringed space. Let J O X be a sheaf of ideals. egin enumerate We say J is regular if for every x ",lexical_candidate_only
sheaves,115,label;text,01X2,divisors-definition-sheaf-meromorphic-functions,divisors.tex,5883,definition,Meromorphic functions and sections,"egin definition Let (X, O X) be a locally ringed space. The sheaf of meromorphic functions on X is the sheaf K X associated to the presheaf displayed above. A meromorphic function on X is a global section of K X .",lexical_candidate_only
sheaves,115,label;text,03PY,etale-cohomology-definition-direct-image-sheaf,etale-cohomology.tex,4518,definition,Direct images,"egin definition Let f: Xo Y be a morphism of schemes. Let F a sheaf of sets on X . The direct image , or pushforward of F (under f ) is f * F : Y opp extit Sets , (V/Y) F (X imes Y V/X) which is a sheaf by Remark ef remark-direct-image-sheaf . We sometimes write f * = f small, * ",lexical_candidate_only
sheaves,115,label;text,03OG,etale-cohomology-proposition-quasi-coherent-sheaf-fpqc,etale-cohomology.tex,1332,proposition,Quasi-coherent sheaves,"egin proposition For any quasi-coherent sheaf F on S the presheaf egin matrix F a : /S o extit Ab \\ (f: T o S) (T, f * F ) is an O -module which satisfies the sheaf condition for the fpqc topology.",lexical_candidate_only
sheaves,115,label;text,0EU5,flat-lemma-characterize-sheaf-h,flat.tex,10600,lemma,The h topology,"egin lemma Let F be a presheaf on ( /S) h . Then F is a sheaf if and only if egin enumerate F satisfies the sheaf condition for Zariski coverings, and if f : V o U is proper, surjective, and of finite presentation, then F (U) maps bijectively to the equalizer of the two maps F (V",lexical_candidate_only
sheaf-modules,97,section;text,01HC,schemes-lemma-isomorphism-locally-ringed,schemes.tex,173,lemma,Locally ringed spaces,"egin lemma egin slogan An isomorphism of ringed spaces between locally ringed spaces is an isomorphism of locally ringed spaces. Let X , Y be locally ringed spaces. If f : X o Y is an isomorphism of ringed spaces, then f is an isomorphism of locally ringed spaces.",lexical_candidate_only
sheaf-modules,94,section;text,01HB,schemes-definition-locally-ringed-space,schemes.tex,93,definition,Locally ringed spaces,"egin definition Locally ringed spaces. egin enumerate A locally ringed space (X, O X) is a pair consisting of a topological space X and a sheaf of rings O X all of whose stalks are local rings. Given a locally ringed space (X, O X) we say that O X, x is the local ring of X at x .",lexical_candidate_only
sheaf-modules,94,section;text,01HI,schemes-lemma-restrict-map-to-opens,schemes.tex,299,lemma,Open immersions of locally ringed spaces,"egin lemma Let f : X o Y be a morphism of locally ringed spaces. Let U X , and V Y be open subsets. Suppose that f(U) V . There exists a unique morphism of locally ringed spaces f| U : U o V such that the following diagram is a commutative square of locally ringed spaces U f| U X",lexical_candidate_only
sheaf-modules,94,section;text,01HA,schemes-section-locally-ringed-spaces,schemes.tex,33,section,Locally ringed spaces,"Locally ringed spaces Recall that we defined ringed spaces in Sheaves, Section ef sheaves-section-ringed-spaces . Briefly, a ringed space is a pair (X, O X) co",lexical_candidate_only
sheaf-modules,93,section;text,08UT,cotangent-section-cotangent-morphism-ringed-spaces,cotangent.tex,3569,section,The cotangent complex of a morphism of ringed spaces,The cotangent complex of a morphism of ringed spaces The cotangent complex of a morphism of ringed spaces is defined in terms of the cotangent complex we defined above. egin definition,lexical_candidate_only
sheaf-modules,93,section;text,08L9,defos-remark-trivial-thickening,defos.tex,896,remark,Modules on first order thickenings of ringed spaces,"egin remark Let (X, O X) be a ringed space. A first order thickening i : (X, O X) o (X', O X' ) is said to be trivial if there exists a morphism of ringed spaces : (X', O X' ) o (X, O X) which is a left inverse to i . The choice of such a morphism is called a trivialization of th",lexical_candidate_only
sheaf-modules,93,section;text,08LG,defos-section-deformation-modules,defos.tex,1253,section,Infinitesimal deformations of modules on ringed spaces,"Infinitesimal deformations of modules on ringed spaces Let i : (X, O X) o (X', O X' ) be a first order thickening of ringed spaces. We freely use the notation introduced in Section",lexical_candidate_only
sheaf-modules,93,section;text,01DH,injectives-section-sheaves-modules-space,injectives.tex,494,section,Sheaves of modules on a ringed space,"Sheaves of modules on a ringed space egin lemma Let (X, O X) be a ringed space, see Sheaves, Section ef sheaves-section-ringed-spaces . The cate",lexical_candidate_only
sheaf-modules,93,section;text,0H2G,modules-section-annihilator,modules.tex,3961,section,The annihilator of a sheaf of modules,"The annihilator of a sheaf of modules Let (X, O X) be a ringed space. Let F be an O X -module. There is a canonical map of sheaves of O X -modules",lexical_candidate_only
sheaf-modules,93,section;text,01C1,modules-section-closed-immersion,modules.tex,1889,section,Closed immersions of ringed spaces,"Closed immersions of ringed spaces When do we declare a morphism of ringed spaces i : (Z, O Z) o (X, O X) to be a closed immersion? Motivated by the",lexical_candidate_only
sheaf-modules,93,section;text,01HN,schemes-definition-closed-subspace,schemes.tex,389,definition,Closed immersions of locally ringed spaces,"egin definition Let X be a locally ringed space. Let I be a sheaf of ideals on X which is locally generated by sections. The locally ringed space (Z, O Z) of Example ef example-closed-subspace above is the closed subspace of X associated to the sheaf of ideals I .",lexical_candidate_only
sheaf-modules,93,section;text,01HG,schemes-definition-open-subspace,schemes.tex,232,definition,Open immersions of locally ringed spaces,"egin definition Let X be a locally ringed space. Let U X be an open subset. The locally ringed space (U, O U) of Example ef example-open-subspace above is the open subspace of X associated to U .",lexical_candidate_only
sheaf-modules,93,section;text,01HF,schemes-example-open-subspace,schemes.tex,219,example,Open immersions of locally ringed spaces,"egin example Let X be a locally ringed space. Let U X be an open subset. Let O U = O X| U be the restriction of O X to U . For u U the stalk O U, u is equal to the stalk O X, u , and hence is a local ring. Thus (U, O U) is a locally ringed space and the morphism j : (U, O U) o (X",lexical_candidate_only
sheaf-modules,93,section;text,01HO,schemes-lemma-closed-immersion,schemes.tex,400,lemma,Closed immersions of locally ringed spaces,egin lemma Let f : X o Y be a closed immersion of locally ringed spaces. Let I be the kernel of the map O Y o f * O X . Let i : Z o Y be the closed subspace of Y associated to I . There is a unique isomorphism f' : X ong Z of locally ringed spaces such that f = i irc f' .,lexical_candidate_only
sheaf-modules,93,section;text,01HH,schemes-lemma-open-immersion,schemes.tex,241,lemma,Open immersions of locally ringed spaces,egin lemma Let f : X o Y be an open immersion of locally ringed spaces. Let j : V = f(X) o Y be the open subspace of Y associated to the image of f . There is a unique isomorphism f' : X ong V of locally ringed spaces such that f = j irc f' .,lexical_candidate_only
sheaf-modules,93,section;text,01HD,schemes-section-open-immersion,schemes.tex,203,section,Open immersions of locally ringed spaces,Open immersions of locally ringed spaces egin definition Let f : X o Y be a morphism of locally ringed spaces. We say that f is an open immersio,lexical_candidate_only
sheaf-modules,93,section;text,0093,sheaves-definition-composition-maps-ringed-spaces,sheaves.tex,3102,definition,Ringed spaces,"egin definition Let (f, f ) : (X, O X) o (Y, O Y) and (g, g ) : (Y, O Y) o (Z, O Z) be morphisms of ringed spaces. Then we define the composition of morphisms of ringed spaces by the rule (g, g ) irc (f, f ) = (g irc f, f irc g ). Here we use composition of f -maps defined in Def",lexical_candidate_only
sheaf-modules,93,section;text,0091,sheaves-definition-ringed-space,sheaves.tex,3057,definition,Ringed spaces,"egin definition A ringed space is a pair (X, O X) consisting of a topological space X and a sheaf of rings O X on X . A morphism of ringed spaces (X, O X) o (Y, O Y) is a pair consisting of a continuous map f : X o Y and an f -map of sheaves of rings f : O Y o O X .",lexical_candidate_only
sheaf-modules,92,section;text,08UU,cotangent-definition-cotangent-complex-morphism-ringed-spaces,cotangent.tex,3576,definition,The cotangent complex of a morphism of ringed spaces,"egin definition Let f : (X, O X) o (S, O S) be a morphism of ringed spaces. The cotangent complex L f of f is L f = L O X/f -1 O S . We will also use the notation L f = L X/S = L O X/ O S .",lexical_candidate_only
sheaf-modules,92,section;text,08UV,cotangent-lemma-H0-L-morphism-ringed-spaces,cotangent.tex,3592,lemma,The cotangent complex of a morphism of ringed spaces,"egin lemma Let f : (X, O X) o (S, O S) be a morphism of ringed spaces. Then H 0(L X/S ) = X/S .",lexical_candidate_only
sheaf-modules,92,section;text,08UW,cotangent-lemma-compare-cotangent-complex-with-naive-ringed-spaces,cotangent.tex,3624,lemma,The cotangent complex of a morphism of ringed spaces,"egin lemma Let f : (X, O X) o (Y, O Y) be a morphism of ringed spaces. There is a canonical map L X/Y o X/Y which identifies the naive cotangent complex with the truncation au -1 L X/Y .",lexical_candidate_only
sheaf-modules,92,section;text,08T4,cotangent-lemma-triangle-ringed-spaces,cotangent.tex,3602,lemma,The cotangent complex of a morphism of ringed spaces,egin lemma Let f : X o Y and g : Y o Z be morphisms of ringed spaces. Then there is a canonical distinguished triangle Lf * L Y/Z o L X/Z o L X/Y o Lf *L Y/Z [1] in D( O X) .,lexical_candidate_only
sheaf-modules,92,section;text,09DF,cotangent-section-atiyah-general,cotangent.tex,3510,section,The Atiyah class of a sheaf of modules,The Atiyah class of a sheaf of modules Let C be a site. Let A o B be a homomorphism of sheaves of rings. Let F be a sheaf of B -modules. L,lexical_candidate_only
sheaf-modules,92,section;text,08UX,cotangent-section-deformations-ringed-spaces,cotangent.tex,3641,section,Deformations of ringed spaces and the cotangent complex,"Deformations of ringed spaces and the cotangent complex This section is the continuation of Deformation Theory, Section ef defos-section-deformations-ringed-spaces which we urge the reader to read fi",lexical_candidate_only
sheaf-modules,92,section;text,08LI,defos-lemma-deform-module,defos.tex,1319,lemma,Infinitesimal deformations of modules on ringed spaces,"egin lemma Let (f, f') be a morphism of first order thickenings of ringed spaces as in Situation ef situation-morphism-thickenings . Let F ' be an O X' -module and set F = i * F ' . Assume that F is flat over S and that (f, f') is a strict morphism of thickenings (Definition ef d",lexical_candidate_only
sheaf-modules,92,section;text,0GPZ,defos-lemma-extensions-of-relative-ringed-spaces,defos.tex,2064,lemma,Deformations of ringed spaces and the naive cotangent complex,"egin lemma Let f : (X, O X) o (S, O S) be a morphism of ringed spaces. Let G be a O X -module. The set of isomorphism classes of extensions of f -1 O S -algebras 0 o G o O X' o O X o 0 where G is an ideal of square zero In other words, the set of isomorphism classes of first orde",lexical_candidate_only
sheaf-modules,92,section;text,0GQ1,defos-lemma-extensions-of-relative-ringed-spaces-functorial,defos.tex,2141,lemma,Deformations of ringed spaces and the naive cotangent complex,"egin lemma Let f : (X, O X) o (S, O S) and g : (Y, O Y) o (X, O X) be morphisms of ringed spaces. Let F be a O X -module. Let G be a O Y -module. Let c : F o G be a g -map. Finally, consider egin enumerate 0 o F o O X' o O X o 0 an extension of f -1 O S -algebras corresponding to",lexical_candidate_only
sheaf-modules,92,section;text,08U8,defos-lemma-huge-diagram-ringed-spaces,defos.tex,1739,lemma,Deformations of ringed spaces and the naive cotangent complex,"egin lemma Assume given a commutative diagram of morphisms of ringed spaces egin equation center (X 2, O X 2 ) i 2 f 2 g (X' 2, O X' 2 ) f' 2 \\ (S 2, O S 2 ) t 2 | (S' 2, O S' 2 ) \\ (X 1, O X 1 ) i 1 f 1 (X' 1, O X' 1 ) f' 1 \\ (S 1, O S 1 ) t 1 (S' 1, O S' 1 ) whose horizontal",lexical_candidate_only
sheaf-modules,92,section;text,08L7,defos-lemma-inf-ext,defos.tex,729,lemma,Modules on first order thickenings of ringed spaces,"egin lemma Let i : (X, O X) o (X', O X' ) be a first order thickening of ringed spaces. Assume given O X -modules F , K and an O X -linear map c : I O X F o K . If there exists a sequence (ef equation-extension ) with c F ' = c then the set of isomorphism classes of these extensi",lexical_candidate_only
sheaf-modules,92,section;text,08L5,defos-lemma-inf-map,defos.tex,604,lemma,Modules on first order thickenings of ringed spaces,"egin lemma Let i : (X, O X) o (X', O X' ) be a first order thickening of ringed spaces. Assume given extensions 0 o K o F ' o F o 0 and 0 o L o G ' o G o 0 as in (ef equation-extension ) and maps arphi : F o G and : K o L . egin enumerate If there exists an O X' -module map arphi",lexical_candidate_only
sheaf-modules,92,section;text,08LH,defos-lemma-inf-map-special,defos.tex,1278,lemma,Infinitesimal deformations of modules on ringed spaces,"egin lemma Let i : (X, O X) o (X', O X' ) be a first order thickening of ringed spaces. Let F ' , G ' be O X' -modules. Set F = i * F ' and G = i * G ' . Let arphi : F o G be an O X -linear map. The set of lifts of arphi to an O X' -linear map arphi' : F ' o G ' is, if nonempty, ",lexical_candidate_only
sheaf-modules,92,section;text,08L8,defos-lemma-inf-obs-ext,defos.tex,764,lemma,Modules on first order thickenings of ringed spaces,"egin lemma Let i : (X, O X) o (X', O X' ) be a first order thickening of ringed spaces. Assume given O X -modules F , K and an O X -linear map c : I O X F o K . Then there exists an element o( F , K , c) 2 O X ( F , K ) whose vanishing is a necessary and sufficient condition for ",lexical_candidate_only
sheaf-modules,92,section;text,08L6,defos-lemma-inf-obs-map,defos.tex,655,lemma,Modules on first order thickenings of ringed spaces,"egin lemma Let i : (X, O X) o (X', O X' ) be a first order thickening of ringed spaces. Assume given extensions 0 o K o F ' o F o 0 and 0 o L o G ' o G o 0 as in (ef equation-extension ) and maps arphi : F o G and : K o L . Assume the diagram I O X F - c F ' 1 arphi K \\ I O X G ",lexical_candidate_only
sheaf-modules,92,section;text,08LK,defos-lemma-inf-obs-map-special,defos.tex,1416,lemma,Infinitesimal deformations of modules on ringed spaces,"egin lemma Let i : (X, O X) o (X', O X' ) be a first order thickening of ringed spaces. Let F ' , G ' be O X' -modules and set F = i * F ' and G = i * G ' . Let arphi : F o G be an O X -linear map. There exists an element o(arphi) 1 O X (Li * F ', I G ') whose vanishing is a nece",lexical_candidate_only
sheaf-modules,92,section;text,08L2,defos-lemma-strict-morphism-thickenings,defos.tex,561,lemma,Thickenings of ringed spaces,"egin lemma In Situation ef situation-morphism-thickenings the morphism (f, f') is a strict morphism of thickenings if and only if (ef equation-morphism-thickenings ) is cartesian in the category of ringed spaces.",lexical_candidate_only
sheaf-modules,92,section;text,08LF,defos-remark-complex-thickenings-and-ses-modules,defos.tex,1109,remark,Modules on first order thickenings of ringed spaces,"egin remark Let (X, O X) be a ringed space. Let F be an O X -module. Let (X' 1, O X' 1 ) o (X' 2, O X' 2 ) o (X' 3, O X' 3 ) be a complex first order thickenings of (X, O X) , see Remark ef remark-short-exact-sequence-thickenings . Let ( K i, c i) , i = 1, 2, 3 be pairs consistin",lexical_candidate_only
sheaf-modules,92,section;text,08LC,defos-remark-extension-functorial,defos.tex,955,remark,Modules on first order thickenings of ringed spaces,"egin remark Let (X, O X) be a ringed space. Let (X, O X) o (X' i, O X' i ) , i = 1, 2 be first order thickenings with ideal sheaves I i . Let h : (X' 1, O X' 1 ) o (X' 2, O X' 2 ) be a morphism of first order thickenings of (X, O X) . Picture (X, O X) \\ (X' 1, O X' 1 ) h (X' 2, ",lexical_candidate_only
sheaf-modules,92,section;text,08LE,defos-remark-short-exact-sequence-thickenings,defos.tex,1072,remark,Modules on first order thickenings of ringed spaces,"egin remark Let (X, O X) be a ringed space. We define a sequence of morphisms of first order thickenings (X' 1, O X' 1 ) o (X' 2, O X' 2 ) o (X' 3, O X' 3 ) of (X, O X) to be a complex if the corresponding maps between the ideal sheaves I i give a complex of O X -modules I 3 o I ",lexical_candidate_only
sheaf-modules,92,section;text,08LB,defos-remark-trivial-extension,defos.tex,916,remark,Modules on first order thickenings of ringed spaces,"egin remark Let i : (X, O X) o (X', O X' ) be a trivial first order thickening of ringed spaces and let : (X', O X' ) o (X, O X) be a trivialization. Then given any triple ( F , K , c) consisting of a pair of O X -modules and a map c : I O X F o K we may set F ' c, triv = F K and",lexical_candidate_only
sheaf-modules,92,section;text,08U6,defos-section-deformations-ringed-spaces,defos.tex,1702,section,Deformations of ringed spaces and the naive cotangent complex,"Deformations of ringed spaces and the naive cotangent complex In this section we use the naive cotangent complex to do a little bit of deformation theory. We start with a first order thickening t : (S,",lexical_candidate_only
sheaf-modules,92,section;text,08VQ,defos-section-flat,defos.tex,1581,section,Application to flat modules on flat thickenings of ringed spaces,"Application to flat modules on flat thickenings of ringed spaces Consider a commutative diagram (X, O X) i f (X', O X' ) f' \\ (S, O S) t (S', O",lexical_candidate_only
sheaf-modules,92,section;text,08L3,defos-section-modules-thickenings,defos.tex,576,section,Modules on first order thickenings of ringed spaces,"Modules on first order thickenings of ringed spaces In this section we discuss some preliminaries to the deformation theory of modules. Let i : (X, O X) o (X', O X' ) be a first or",lexical_candidate_only
sheaf-modules,92,section;text,08KY,defos-section-thickenings-spaces,defos.tex,480,section,Thickenings of ringed spaces,Thickenings of ringed spaces In the following few sections we will use the following notions: egin enumerate A sheaf of ideals I O X' on a rin,lexical_candidate_only
sheaf-modules,92,section;text,08KZ,defos-situation-morphism-thickenings,defos.tex,520,situation,Thickenings of ringed spaces,"egin situation A morphism of thickenings (f, f') is given by a commutative diagram egin equation center (X, O X) i f (X', O X' ) f' \\ (S, O S) t (S', O S' ) of ringed spaces whose horizontal arrows are thickenings. In this situation we set I = (i ) O X' and J = (t ) O S' . As f ",lexical_candidate_only
sheaf-modules,92,section;text,08VS,defos-situation-ses-flat-thickenings,defos.tex,1637,situation,Application to flat modules on flat thickenings of ringed spaces,"egin situation Let f : (X, O X) o (S, O S) be a morphism of ringed spaces. Consider a commutative diagram (X' 1, O ' 1) h f' 1 (X' 2, O ' 2) f' 2 (X' 3, O ' 3) f' 3 \\ (S' 1, O S' 1 ) (S' 2, O S' 2 ) (S' 3, O S' 3 ) where (a) the top row is a short exact sequence of first order t",lexical_candidate_only
sheaf-modules,92,section;text,01DI,injectives-lemma-sheaves-modules-space,injectives.tex,498,lemma,Sheaves of modules on a ringed space,"egin lemma Let (X, O X) be a ringed space, see Sheaves, Section ef sheaves-section-ringed-spaces . The category of sheaves of O X -modules on X has enough injectives. In fact it has functorial injective embeddings.",lexical_candidate_only
sheaf-modules,92,section;text,0H2H,modules-definition-annihilator-sheaf,modules.tex,3976,definition,The annihilator of a sheaf of modules,"egin definition Let (X, O X) be a ringed space and let F be an O X -module. The annihilator of F , denoted ext Ann O X ( F ) is the kernel of the map O X o O X ( F , F ) discussed above.",lexical_candidate_only
sheaf-modules,92,section;text,01C2,modules-definition-closed-immersion,modules.tex,1931,definition,Closed immersions of ringed spaces,"egin definition A closed immersion of ringed spaces This is nonstandard notation; see discussion above. is a morphism i : (Z, O Z) o (X, O X) with the following properties: egin enumerate The map i is a closed immersion of topological spaces. The associated map O X o i * O Z is s",lexical_candidate_only
sheaf-modules,92,section;text,08KT,modules-definition-flat-module,modules.tex,3296,definition,Flat morphisms of ringed spaces,"egin definition Let f : (X, O X) o (Y, O Y) be a morphism of ringed spaces. Let F be a sheaf of O X -modules. egin enumerate We say that F is flat over Y at a point x X if the stalk F x is a flat O Y, f(x) -module. We say that F is flat over Y if F is flat over Y at every point x",lexical_candidate_only
sheaf-modules,92,section;text,02N3,modules-definition-flat-morphism,modules.tex,3257,definition,Flat morphisms of ringed spaces,"egin definition Let f : X o Y be a morphism of ringed spaces. Let x X . We say f is flat at x if the map of rings O Y, f(x) o O X, x is flat. We say f is flat if f is flat at every x X .",lexical_candidate_only
sheaf-modules,92,section;text,0G6P,modules-lemma-adjoint-section-with-support,modules.tex,2114,lemma,Closed immersions of ringed spaces,"egin lemma Let (X, O X) be a ringed space. Let i : Z o X be the inclusion of a closed subset. The functor H Z : extit Mod ( O X) o extit Mod ( O X| Z) of Remark ef remark-sections-support-in-closed-modules is right adjoint to i * : extit Mod ( O X| Z) o extit Mod ( O X) .",lexical_candidate_only
sheaf-modules,92,section;text,0H2L,modules-lemma-coherent-annihilator,modules.tex,4055,lemma,The annihilator of a sheaf of modules,"egin lemma egin reference ite[Chapter I, 2, no. 15, Proposition 9, p. 211] FAC Let (X, O X) be a ringed space. If O X and F are coherent, then so is ext Ann O X ( F ) .",lexical_candidate_only
sheaf-modules,92,section;text,0H2J,modules-lemma-finite-type-annihilator-stalk,modules.tex,3999,lemma,The annihilator of a sheaf of modules,"egin lemma Let (X, O X) be a ringed space and let F be a sheaf of O X -modules. If F is of finite type, then (ext Ann O X ( F )) x = ext Ann O X, x ( F x) .",lexical_candidate_only
sheaf-modules,92,section;text,08KS,modules-lemma-i-star-equivalence,modules.tex,2021,lemma,Closed immersions of ringed spaces,"egin lemma Let i : (Z, O Z) o (X, O X) be a morphism of ringed spaces. Assume i is a homeomorphism onto a closed subset of X and i : O X o i * O Z is surjective. Denote I O X the kernel of i . The functor i * : extit Mod ( O Z) extit Mod ( O X) is exact, fully faithful, with esse",lexical_candidate_only
sheaf-modules,92,section;text,01C3,modules-lemma-i-star-quasi-coherent,modules.tex,1955,lemma,Closed immersions of ringed spaces,"egin lemma Let i : (Z, O Z) o (X, O X) be a closed immersion of ringed spaces. Let F be a quasi-coherent O Z -module. Then i * F is locally on X the cokernel of a map of quasi-coherent O X -modules.",lexical_candidate_only
sheaf-modules,92,section;text,01C4,modules-lemma-i-star-reflects-finite-type,modules.tex,1974,lemma,Closed immersions of ringed spaces,"egin lemma Let i : (Z, O Z) o (X, O X) be a morphism of ringed spaces. Assume i is a homeomorphism onto a closed subset of X and that O X o i * O Z is surjective. Let F be an O Z -module. Then i * F is of finite type if and only if F is of finite type.",lexical_candidate_only
sheaf-modules,92,section;text,0H2K,modules-lemma-induced-quotient-ring-sheaf-module-structure,modules.tex,4021,lemma,The annihilator of a sheaf of modules,"egin lemma Let (X, O X) be a ringed space, let F be an O X -module and let I O X be an ideal sheaf. If I ext Ann O X ( F ) , then F has a natural O X/ I -module structure which agrees with the usual commutative algebra construction on stalks.",lexical_candidate_only
sheaf-modules,92,section;text,02N4,modules-lemma-pullback-flat,modules.tex,3275,lemma,Flat morphisms of ringed spaces,egin lemma Let f : X o Y be a flat morphism of ringed spaces. Then the pullback functor f * : extit Mod ( O Y) o extit Mod ( O X) is exact.,lexical_candidate_only
sheaf-modules,92,section;text,0GMU,modules-lemma-pullback-tensor-flat-module,modules.tex,3315,lemma,Flat morphisms of ringed spaces,"egin lemma Let f : X o Y be a morphism of ringed spaces. Let F be an O X -module flat over Y . Then the functor extit Mod ( O Y) o extit Mod ( O X), G f * G O X F is exact.",lexical_candidate_only
sheaf-modules,92,section;text,0G6N,modules-remark-sections-support-in-closed-modules,modules.tex,2081,remark,Closed immersions of ringed spaces,"egin remark Let (X, O X) be a ringed space. Let Z X be a closed subset. For an O X -module F we can consider the submodule of sections with support in Z , denoted H Z( F ) , defined by the rule H Z( F )(U) = \ s F (U) ext Supp (s) U ap Z\ Observe that H Z( F )(U) is a module over",lexical_candidate_only
sheaf-modules,92,section;text,02N2,modules-section-flat-morphisms,modules.tex,3247,section,Flat morphisms of ringed spaces,Flat morphisms of ringed spaces The pointwise definition is motivated by Lemma ef lemma-flat-stalks-flat and Definition ef definition-flat-at-point above. egin definition de,lexical_candidate_only
sheaf-modules,92,section;text,01HK,schemes-definition-closed-immersion-locally-ringed-spaces,schemes.tex,344,definition,Closed immersions of locally ringed spaces,egin definition Let i : Z o X be a morphism of locally ringed spaces. We say that i is a closed immersion if: egin enumerate The map i is a homeomorphism of Z onto a closed subset of X . The map O X o i * O Z is surjective; let I denote the kernel. The O X -module I is locally ge,lexical_candidate_only
sheaf-modules,92,section;text,01HE,schemes-definition-immersion-locally-ringed-spaces,schemes.tex,206,definition,Open immersions of locally ringed spaces,"egin definition Let f : X o Y be a morphism of locally ringed spaces. We say that f is an open immersion if f is a homeomorphism of X onto an open subset of Y , and the map f -1 O Y o O X is an isomorphism.",lexical_candidate_only
sheaf-modules,92,section;text,01HM,schemes-example-closed-subspace,schemes.tex,369,example,Closed immersions of locally ringed spaces,"egin example Let X be a locally ringed space. Let I O X be a sheaf of ideals which is locally generated by sections as a sheaf of O X -modules. Let Z be the support of the sheaf of rings O X/ I . This is a closed subset of X , by Modules, Lemma ef modules-lemma-support-sheaf-ring",lexical_candidate_only
sheaf-modules,92,section;text,01HP,schemes-lemma-characterize-closed-subspace,schemes.tex,415,lemma,Closed immersions of locally ringed spaces,"egin lemma Let X , Y be locally ringed spaces. Let I O X be a sheaf of ideals locally generated by sections. Let i : Z o X be the associated closed subspace. A morphism f : Y o X factors through Z if and only if the map f * I o f * O X = O Y is zero. If this is the case the morph",lexical_candidate_only
sheaf-modules,92,section;text,01HL,schemes-lemma-closed-local-target,schemes.tex,357,lemma,Closed immersions of locally ringed spaces,egin lemma Let f : Z o X be a morphism of locally ringed spaces. In order for f to be a closed immersion it suffices that there exists an open covering X = igcup U i such that each f : f -1 U i o U i is a closed immersion.,lexical_candidate_only
sheaf-modules,92,section;text,01HQ,schemes-lemma-restrict-map-to-closed,schemes.tex,456,lemma,Closed immersions of locally ringed spaces,egin lemma Let f : X o Y be a morphism of locally ringed spaces. Let I O Y be a sheaf of ideals which is locally generated by sections. Let i : Z o Y be the closed subspace associated to the sheaf of ideals I . Let J be the image of the map f * I o f * O Y = O X . Then this ideal,lexical_candidate_only
sheaf-modules,92,section;text,01HJ,schemes-section-closed-immersion,schemes.tex,337,section,Closed immersions of locally ringed spaces,"Closed immersions of locally ringed spaces We follow our conventions introduced in Modules, Definition ef modules-definition-closed-immersion . egin definition definition-closed-immersio",lexical_candidate_only
sheaf-modules,92,section;text,0095,sheaves-definition-pushforward,sheaves.tex,3126,definition,Morphisms of ringed spaces and modules,"egin definition Let (f, f ) : (X, O X) o (Y, O Y) be a morphism of ringed spaces. egin enumerate Let F be a sheaf of O X -modules. We define the pushforward of F as the sheaf of O Y -modules which as a sheaf of abelian groups equals f * F and with module structure given by the re",lexical_candidate_only
sheaf-modules,92,section;text,0096,sheaves-lemma-adjoint-pullback-pushforward-modules,sheaves.tex,3166,lemma,Morphisms of ringed spaces and modules,"egin lemma Let (f, f ) : (X, O X) o (Y, O Y) be a morphism of ringed spaces. Let F be a sheaf of O X -modules. Let G be a sheaf of O Y -modules. There is a canonical bijection om O X (f * G , F ) = om O Y ( G , f * F ). In other words: the functor f * is the left adjoint to f * .",lexical_candidate_only
sheaf-modules,92,section;text,0097,sheaves-lemma-push-pull-composition-modules,sheaves.tex,3199,lemma,Morphisms of ringed spaces and modules,egin lemma Let f : X o Y and g : Y o Z be morphisms of ringed spaces. The functors (g irc f) * and g * irc f * are equal. There is a canonical isomorphism of functors (g irc f) * ong f * irc g * .,lexical_candidate_only
sheaf-modules,92,section;text,0098,sheaves-lemma-stalk-pullback-modules,sheaves.tex,3253,lemma,Morphisms of ringed spaces and modules,"egin lemma Let (f, f ) : (X, O X) o (Y, O Y) be a morphism of ringed spaces. Let G be a sheaf of O Y -modules. Let x X . Then (f * G ) x = G f(x) O Y, f(x) O X, x as O X, x -modules where the tensor product on the right uses f x : O Y, f(x) o O X, x .",lexical_candidate_only
sheaf-modules,92,section;text,0090,sheaves-section-ringed-spaces,sheaves.tex,3040,section,Ringed spaces,Ringed spaces Let X be a topological space and let O X be a sheaf of rings on X . We are supposed to think of the sheaf of rings O X as a sheaf of,lexical_candidate_only
sheaf-modules,92,section;text,0094,sheaves-section-ringed-spaces-functoriality-modules,sheaves.tex,3118,section,Morphisms of ringed spaces and modules,Morphisms of ringed spaces and modules We have now introduced enough notation so that we are able to define the pullback and pushforward of modules along a morphism of ringed s,lexical_candidate_only
sheaf-modules,91,label,0H03,spaces-descent-equation-alternative-small-ringed,spaces-descent.tex,296,equation,Quasi-coherent modules and affines,"egin equation ( (X affine, ), O X| X affine, ) ( (X ), O X)",lexical_candidate_only
sheaf-modules,91,label,04M3,spaces-properties-equation-localize-at-affine-ringed,spaces-properties.tex,4563,equation,Etale localization,"egin equation (X affine, , O X) = (Y affine, /X, O Y| Y affine, /X )",lexical_candidate_only
sheaf-modules,91,label,04M1,spaces-properties-equation-localize-at-scheme-ringed,spaces-properties.tex,4548,equation,Etale localization,"egin equation (X , O X) = (Y /X, O Y| Y /X )",lexical_candidate_only
sheaf-modules,91,label,04LZ,spaces-properties-equation-localize-ringed,spaces-properties.tex,4531,equation,Etale localization,"egin equation (X spaces, , O X) = (Y spaces, /X, O Y| Y spaces, /X )",lexical_candidate_only
sheaf-modules,91,label,04KH,spaces-properties-lemma-etale-site-locally-ringed,spaces-properties.tex,3962,lemma,Stalks of the structure sheaf,"egin lemma Let S be a scheme. Let X be an algebraic space over S . The small etale site X endowed with its structure sheaf O X is a locally ringed site, see Modules on Sites, Definition ef sites-modules-definition-locally-ringed .",lexical_candidate_only
sheaf-modules,91,label,04KJ,spaces-properties-lemma-morphism-locally-ringed,spaces-properties.tex,4789,lemma,Recovering morphisms,"egin lemma Let S be a scheme. Let f : X o Y be a morphism of algebraic spaces over S . The morphism of ringed topoi (f small , f ) associated to f is a morphism of locally ringed topoi, see Modules on Sites, Definition ef sites-modules-definition-morphism-locally-ringed-topoi .",lexical_candidate_only
sheaf-modules,91,label,0D9B,spaces-simplicial-lemma-simplicial-resolution-ringed,spaces-simplicial.tex,1875,lemma,Cohomology on ringed simplicial sites,egin lemma In Situation ef situation-simplicial-site let O be a sheaf of rings on C total . There is a complex o g 2! O 2 o g 1! O 1 o g 0! O 0 of O -modules which forms a resolution of O . Here g n! is as in Lemma ef lemma-restriction-module-to-components-site .,lexical_candidate_only
sheaf-modules,91,label,0D9W,spaces-simplicial-remark-augmentation-ringed,spaces-simplicial.tex,3856,remark,The site associate to a simplicial semi-representable object,"egin remark [Ringed variant] Let C be a site. Let O C be a sheaf of rings. Given a simplicial semi-representable object K of C we set O = a -1 O C , where a is as in Lemmas ef lemma-augmentation-simplicial-semi-representable and ef lemma-comparison . The constructions above, keep",lexical_candidate_only
sheaf-modules,91,label,0D9U,spaces-simplicial-remark-semi-representable-ringed,spaces-simplicial.tex,3614,remark,The site associated to a semi-representable object,"egin remark [Ringed variant] Let C be a site. Let O C be a sheaf of rings on C . In this case, for any semi-representable object K of C the site C /K is a ringed site with sheaf of rings O K = j -1 O C . The constructions above give egin enumerate a ringed site ( C /K, O K) for K",lexical_candidate_only
sheaf-modules,91,label,0DF9,spaces-topologies-remark-change-topologies-ringed,spaces-topologies.tex,554,remark,Etale topology,"egin remark The sites (extit Spaces /X) and X spaces, come with structure sheaves. For the small etale site we have seen this in Properties of Spaces, Section ef spaces-properties-section-structure-sheaf . The structure sheaf O on the big etale site (extit Spaces /X) is defined b",lexical_candidate_only
sheaf-modules,71,section,09DI,cotangent-definition-atiyah-class-general,cotangent.tex,3550,definition,The Atiyah class of a sheaf of modules,egin definition Let C be a site. Let A o B be a homomorphism of sheaves of rings. Let F be a sheaf of B -modules. The map F o L B / A B L F [1] in (ef equation-atiyah-general ) is called the Atiyah class of F .,lexical_candidate_only
sheaf-modules,71,section,09DG,cotangent-equation-atiyah-extension,cotangent.tex,3520,equation,The Atiyah class of a sheaf of modules,egin equation 0 o P n/ A P n F o P 1 P n/ A ( F ) o F o 0,lexical_candidate_only
sheaf-modules,71,section,09DH,cotangent-equation-atiyah-general,cotangent.tex,3541,equation,The Atiyah class of a sheaf of modules,egin equation L B / A B L F o L ! ( P 1 P ullet/ A ( F )ight) o F o L B / A B L F [1],lexical_candidate_only
sheaf-modules,71,section,08UY,cotangent-equation-to-solve-ringed-spaces,cotangent.tex,3655,equation,Deformations of ringed spaces and the cotangent complex,egin equation center 0 G ? O X 0 \\ 0 J c O S' O S 0,lexical_candidate_only
sheaf-modules,71,section,08UZ,cotangent-lemma-find-obstruction-ringed-spaces,cotangent.tex,3675,lemma,Deformations of ringed spaces and the cotangent complex,"egin lemma In the situation above we have egin enumerate There is a canonical element 2 O X (L X/S , G ) whose vanishing is a sufficient and necessary condition for the existence of a solution to (ef equation-to-solve-ringed-spaces ). If there exists a solution, then the set of i",lexical_candidate_only
sheaf-modules,71,section,08L1,defos-definition-strict-morphism-thickenings,defos.tex,549,definition,Thickenings of ringed spaces,"egin definition In Situation ef situation-morphism-thickenings we say that (f, f') is a strict morphism of thickenings if the map (f') * J I is surjective.",lexical_candidate_only
sheaf-modules,71,section,08L4,defos-equation-extension,defos.tex,586,equation,Modules on first order thickenings of ringed spaces,egin equation 0 o K o F ' o F o 0,lexical_candidate_only
sheaf-modules,71,section,08U9,defos-equation-huge-1,defos.tex,1742,equation,Deformations of ringed spaces and the naive cotangent complex,"egin equation center (X 2, O X 2 ) i 2 f 2 g (X' 2, O X' 2 ) f' 2 \\ (S 2, O S 2 ) t 2 | (S' 2, O S' 2 ) \\ (X 1, O X 1 ) i 1 f 1 (X' 1, O X' 1 ) f' 1 \\ (S 1, O S 1 ) t 1 (S' 1, O S' 1 )",lexical_candidate_only
sheaf-modules,71,section,08UA,defos-equation-huge-2,defos.tex,1761,equation,Deformations of ringed spaces and the naive cotangent complex,egin equation center 0 G 2 O X' 2 O X 2 0 \\ 0 | J 2 c 2 O S' 2 | O S 2 0 \\ 0 G 1 O X' 1 O X 1 0 \\ 0 J 1 | c 1 O S' 1 | O S 1 | 0,lexical_candidate_only
sheaf-modules,71,section,08L0,defos-equation-morphism-thickenings,defos.tex,523,equation,Thickenings of ringed spaces,"egin equation center (X, O X) i f (X', O X' ) f' \\ (S, O S) t (S', O S' )",lexical_candidate_only
sheaf-modules,71,section,08LA,defos-equation-splitting,defos.tex,905,equation,Modules on first order thickenings of ringed spaces,egin equation O X' = O X I,lexical_candidate_only
sheaf-modules,71,section,08U7,defos-equation-to-solve-ringed-spaces,defos.tex,1718,equation,Deformations of ringed spaces and the naive cotangent complex,egin equation center 0 G ? O X 0 \\ 0 J c O S' O S 0,lexical_candidate_only
sheaf-modules,71,section,08UB,defos-lemma-NL-represent-ext-class,defos.tex,1941,lemma,Deformations of ringed spaces and the naive cotangent complex,"egin lemma Let X be a topological space. Let A o B be a homomorphism of sheaves of rings. Let G be a B -module. Let 1 B ( B / A , G ) . There exists a map of sheaves of sets : E o B such that 1 B ( ( ), G ) is the class of a map I / I 2 o G (see proof for notation).",lexical_candidate_only
sheaf-modules,71,section,08UC,defos-lemma-choices-ringed-spaces,defos.tex,2000,lemma,Deformations of ringed spaces and the naive cotangent complex,"egin lemma If there exists a solution to (ef equation-to-solve-ringed-spaces ), then the set of isomorphism classes of solutions is principal homogeneous under 1 O X ( X/S , G ) .",lexical_candidate_only
sheaf-modules,71,section,08VR,defos-lemma-flat,defos.tex,1608,lemma,Application to flat modules on flat thickenings of ringed spaces,"egin lemma In the situation above. egin enumerate There exists an O X' -module F ' flat over S' with i * F ' ong F , if and only if the class o( F , f * J O X F , 1) 2 O X ( F , f * J O X F ) of Lemma ef lemma-inf-obs-ext is zero. If such a module exists, then the set of isomorph",lexical_candidate_only
sheaf-modules,71,section,08LM,defos-lemma-inf-ext-rel,defos.tex,1518,lemma,Infinitesimal deformations of modules on ringed spaces,"egin lemma Let (f, f') be a morphism of first order thickenings as in Situation ef situation-morphism-thickenings . Let F be an O X -module. Assume (f, f') is a strict morphism of thickenings and F flat over S . If there exists a pair ( F ', ) consisting of an O X' -module F ' fl",lexical_candidate_only
coherent,183,label;section;text,01BE,modules-definition-quasi-coherent,modules.tex,1030,definition,Quasi-coherent modules,"egin definition Let (X, O X) be a ringed space. Let F be a sheaf of O X -modules. We say that F is a quasi-coherent sheaf of O X -modules if for every point x X there exists an open neighbourhood x U X such that F | U is isomorphic to the cokernel of a map igoplus j J O U igoplus",lexical_candidate_only
coherent,183,label;section;text,01BJ,modules-lemma-restrict-quasi-coherent,modules.tex,1226,lemma,Quasi-coherent modules,"egin lemma Let (X, O X) be a ringed space. Set R = (X, O X) . Let M be an R -module. Let F M be the quasi-coherent sheaf of O X -modules associated to M . If g : (Y, O Y) o (X, O X) is a morphism of ringed spaces, then g * F M is the sheaf associated to the (Y, O Y) -module (Y, O",lexical_candidate_only
coherent,183,label;section;text,01BU,modules-section-coherent,modules.tex,1572,section,Coherent modules,Coherent modules A reference for this section is ite FAC . The category of coherent sheaves on a ringed space X is a more reasonable object than the category,lexical_candidate_only
coherent,183,label;section;text,01BD,modules-section-quasi-coherent,modules.tex,1016,section,Quasi-coherent modules,"Quasi-coherent modules In this section we introduce an abstract notion of quasi-coherent O X -module. This notion is very useful in algebraic geometry, since quasi-cohere",lexical_candidate_only
coherent,162,label;section,01BV,modules-definition-coherent,modules.tex,1587,definition,Coherent modules,"egin definition egin reference ite[Chapter I, 2, no. 12, Definition 2, p. 208] FAC ite[Chapter I, 2, no. 15, Definition 3, p. 210] FAC Let (X, O X) be a ringed space. Let F be a sheaf of O X -modules. We say that F is a coherent O X -module if the following two conditions hold: e",lexical_candidate_only
coherent,162,label;section,01BL,modules-example-quasi-coherent,modules.tex,1325,example,Quasi-coherent modules,"egin example Let X be countably many copies L 1, L 2, L 3, of the real line all glued together at 0 ; a fundamental system of neighbourhoods of 0 being the collection \ U n\ n N , with U n ap L i = (-1/n, 1/n) . Let O X be the sheaf of continuous real valued functions. Let f : R ",lexical_candidate_only
coherent,162,label;section,01BF,modules-lemma-direct-sum-quasi-coherent,modules.tex,1076,lemma,Quasi-coherent modules,"egin lemma Let (X, O X) be a ringed space. The direct sum of two quasi-coherent O X -modules is a quasi-coherent O X -module.",lexical_candidate_only
coherent,162,label;section,01BG,modules-lemma-pullback-quasi-coherent,modules.tex,1095,lemma,Quasi-coherent modules,"egin lemma Let f : (X, O X) o (Y, O Y) be a morphism of ringed spaces. The pullback f * G of a quasi-coherent O Y -module is quasi-coherent.",lexical_candidate_only
coherent,94,section;text,078C,examples-section-push-quasi-coherent,examples.tex,2242,section,Pushforward of quasi-coherent modules,"Pushforward of quasi-coherent modules In Schemes, Lemma ef schemes-lemma-push-forward-quasi-coherent we proved that f * transforms quasi-coherent modules into quasi-coherent modules when",lexical_candidate_only
coherent,94,section;text,07UU,spaces-cohomology-section-limits,spaces-cohomology.tex,2637,section,Limits of coherent modules,Limits of coherent modules A colimit of coherent modules (on a locally Noetherian algebraic space) is typically not coherent. But it is quasi-coherent as any colimit of quasi-coherent modules o,lexical_candidate_only
coherent,94,section;text,0777,stacks-cohomology-section-quasi-coherent,stacks-cohomology.tex,1404,section,Quasi-coherent modules,"Quasi-coherent modules We have seen that the category of quasi-coherent modules on an algebraic stack is equivalent to the category of quasi-coherent modules on a presentation, see",lexical_candidate_only
coherent,93,section;text,07J7,crystalline-section-quasi-coherent-crystals,crystalline.tex,2842,section,Crystals in quasi-coherent modules,Crystals in quasi-coherent modules In Situation ef situation-affine . Set X = (C) and S = (A) . We are going to classify crystals in quasi-coherent modules on ext Cri,lexical_candidate_only
coherent,93,section;text,0GN8,descent-section-quasi-coherent-cohomology,descent.tex,3774,section,Cohomology of quasi-coherent modules and topologies,Cohomology of quasi-coherent modules and topologies In this section we prove that cohomology of quasi-coherent modules is independent of the choice of topology. egin lemma lemma-standard-c,lexical_candidate_only
coherent,93,section;text,0ALF,examples-section-nonabelian-QCoh,examples.tex,941,section,Nonabelian category of quasi-coherent modules,"Nonabelian category of quasi-coherent modules In Sheaves on Stacks, Section ef stacks-sheaves-section-quasi-coherent we defined the category of quasi-coherent modules on a category fibred in groupoids",lexical_candidate_only
coherent,93,section;text,0FZK,functors-section-functor-coherent,functors.tex,1818,section,Functors between categories of coherent modules,Functors between categories of coherent modules The following lemma guarantees that we can use the material on functors between categories of quasi-coherent modules when we are given a functor between cat,lexical_candidate_only
coherent,93,section;text,0FZA,functors-section-functor-quasi-coherent,functors.tex,809,section,Functors between categories of quasi-coherent modules,Functors between categories of quasi-coherent modules In this section we briefly study functors between categories of quasi-coherent modules. egin example Let R,lexical_candidate_only
coherent,93,section;text,07TU,groupoids-lemma-colimit-coherent,groupoids.tex,3300,lemma,Colimits of quasi-coherent modules,"egin lemma Let (U, R, s, t, c) be a groupoid scheme over S . Assume that egin enumerate U , R are Noetherian, s, t are flat, quasi-compact, and quasi-separated. Then every quasi-coherent module ( F , eta) on (U, R, s, t, c) is a filtered colimit of coherent modules.",lexical_candidate_only
coherent,93,section;text,07TR,groupoids-lemma-construct-quasi-coherent,groupoids.tex,3114,lemma,Colimits of quasi-coherent modules,"egin lemma Let (U, R, s, t, c) be a groupoid scheme over S . Assume s, t are flat, quasi-compact, and quasi-separated. For any quasi-coherent module G on U , there exists a canonical isomorphism : t *s *t * G o s *s *t * G which turns (s *t * G , ) into a quasi-coherent module on",lexical_candidate_only
coherent,93,section;text,077T,groupoids-lemma-set-of-iso-classes,groupoids.tex,3424,lemma,Colimits of quasi-coherent modules,"egin lemma Let (U, R, s, t, c) be a groupoid scheme over S . Let appa be a cardinal. There exists a set T and a family ( F t, t) t T of appa -generated quasi-coherent modules on (U, R, s, t, c) such that every appa -generated quasi-coherent module on (U, R, s, t, c) is isomorphic",lexical_candidate_only
coherent,93,section;text,07TS,groupoids-section-colimits,groupoids.tex,3106,section,Colimits of quasi-coherent modules,Colimits of quasi-coherent modules In this section we prove some technical results saying that under suitable assumptions every quasi-coherent module on a groupoid is a filtered colimit of ``small'',lexical_candidate_only
coherent,93,section;text,06YZ,perfect-section-derived-quasi-coherent,perfect.tex,54,section,Derived category of quasi-coherent modules,Derived category of quasi-coherent modules In this section we discuss the relationship between quasi-coherent modules and all modules on a scheme X . A reference is ite[Appendix B] TT . By t,lexical_candidate_only
coherent,93,section;text,07TI,spaces-simplicial-lemma-pullback-cartesian-module,spaces-simplicial.tex,6317,lemma,Quasi-coherent modules on simplicial schemes,egin lemma Let f : V o U be a morphism of simplicial schemes. Given a quasi-coherent module F on U Zar the pullback f * F is a quasi-coherent module on V Zar .,lexical_candidate_only
coherent,93,section;text,07TJ,spaces-simplicial-lemma-pushforward-cartesian-module,spaces-simplicial.tex,6336,lemma,Quasi-coherent modules on simplicial schemes,egin lemma Let f : V o U be a cartesian morphism of simplicial schemes. Assume the morphisms d n j : U n o U n - 1 are flat and the morphisms V n o U n are quasi-compact and quasi-separated. For a quasi-coherent module G on V Zar the pushforward f * G is a quasi-coherent module o,lexical_candidate_only
coherent,93,section;text,07TE,spaces-simplicial-section-modules-simplicial,spaces-simplicial.tex,6314,section,Quasi-coherent modules on simplicial schemes,Quasi-coherent modules on simplicial schemes egin lemma Let f : V o U be a morphism of simplicial schemes. Given a quasi-coherent module F on U Zar,lexical_candidate_only
coherent,93,section;text,0GQS,stacks-cohomology-section-further-remarks,stacks-cohomology.tex,2230,section,Further remarks on quasi-coherent modules,Further remarks on quasi-coherent modules In this section we collect some results that to help understand how to use quasi-coherent modules on algebraic stacks. Let f : U,lexical_candidate_only
coherent,93,section;text,076W,stacks-cohomology-section-pullback,stacks-cohomology.tex,112,section,Pullback of quasi-coherent modules,Pullback of quasi-coherent modules Let f : X o Y be a morphism of algebraic stacks. It is a very general fact that quasi-coherent modules on ringed topoi are compatible with p,lexical_candidate_only
coherent,93,section;text,07AY,stacks-cohomology-section-quasi-coherent-modules-II,stacks-cohomology.tex,3211,section,Quasi-coherent modules and the lisse-etale and flat-fppf sites,Quasi-coherent modules and the lisse-etale and flat-fppf sites In this section we explain how to think of quasi-coherent modules on an algebraic stack in terms of its lisse-etale or flat-fppf site. egin le,lexical_candidate_only
coherent,93,section;text,06WG,stacks-sheaves-definition-quasi-coherent,stacks-sheaves.tex,1534,definition,Quasi-coherent modules,"egin definition Let p : X o ( /S) fppf be a category fibred in groupoids. A quasi-coherent module on X , or a quasi-coherent O X -module is a quasi-coherent module on the ringed site ( X fppf , O X ) as in Modules on Sites, Definition ef sites-modules-definition-site-local . The ",lexical_candidate_only
coherent,93,section;text,06WF,stacks-sheaves-section-quasi-coherent,stacks-sheaves.tex,1527,section,Quasi-coherent modules,Quasi-coherent modules At this point we can apply the general definition of a quasi-coherent module to the situation discussed in this chapter. egin definition definition,lexical_candidate_only
coherent,92,section;text,02QV,chow-section-cycle-of-coherent-sheaf,chow.tex,1697,section,Cycle associated to a coherent sheaf,"Cycle associated to a coherent sheaf egin lemma Let (S, elta) be as in Situation ef situation-setup . Let X be locally of finite type over S . Let",lexical_candidate_only
coherent,92,section;text,08CA,cohomology-section-pseudo-coherent,cohomology.tex,11952,section,Pseudo-coherent modules,"Pseudo-coherent modules In this section we discuss pseudo-coherent complexes. egin definition Let (X, O X) be a ringed space. Let",lexical_candidate_only
coherent,92,section;text,071N,descent-lemma-higher-direct-images-small-etale,descent.tex,4042,lemma,Cohomology of quasi-coherent modules and topologies,"egin lemma Let f : T o S be a quasi-compact and quasi-separated morphism of schemes. Let F be a quasi-coherent sheaf on T . For either the etale or Zariski topology, there are canonical isomorphisms R if small, * ( F a) = (R if * F ) a .",lexical_candidate_only
coherent,92,section;text,03FJ,descent-lemma-standard-covering-Cech-quasi-coherent,descent.tex,3825,lemma,Cohomology of quasi-coherent modules and topologies,"egin lemma Let S be a scheme. Let F be a quasi-coherent sheaf on S . Let au , C , U , U be as in Lemma ef lemma-standard-covering-Cech . Then there is an isomorphism of complexes heck C ullet( U , F a) ong s((A/R) ullet R M) (see Section ef section-descent-modules ) where R = (U,",lexical_candidate_only
coherent,92,section;text,03LC,descent-proposition-equivalence-quasi-coherent-functorial,descent.tex,3986,proposition,Cohomology of quasi-coherent modules and topologies,"egin proposition Let f : T o S be a morphism of schemes. egin enumerate The equivalences of categories of Proposition ef proposition-equivalence-quasi-coherent are compatible with pullback. More precisely, we have f *( G a) = (f * G ) a for any quasi-coherent sheaf G on S . The e",lexical_candidate_only
coherent,92,section;text,03DW,descent-proposition-same-cohomology-quasi-coherent,descent.tex,3867,proposition,Cohomology of quasi-coherent modules and topologies,"egin proposition egin slogan Cohomology of quasi-coherent sheaves is the same no matter which topology you use. Let S be a scheme. Let F be a quasi-coherent sheaf on S . Let au \ Zariski, , smooth, syntomic, fppf\ . egin enumerate There is a canonical isomorphism H q(S, F ) = H q",lexical_candidate_only
coherent,92,section;text,0GZT,descent-section-alternative-quasi-coherent,descent.tex,4590,section,Quasi-coherent modules and affines,"Quasi-coherent modules and affines Let S be a scheme In this section, as in Topologies, Section ef topologies-section-change-topologies , we choose our sites ( /S)",lexical_candidate_only
coherent,92,section;text,0G4R,duality-lemma-consequence-Artin-Rees-bis,duality.tex,8202,lemma,Extension by zero for coherent modules,egin lemma Let X be a Noetherian scheme. Let I O X be a quasi-coherent sheaf of ideals. Let F ullet be a complex of coherent O X -modules. Let p Z . Set H = H p( F ullet) and H n = H p( I n F ullet) . Then there are canonical O X -module maps o H 3 o H 2 o H 1 o H There exists a ,lexical_candidate_only
coherent,92,section;text,0G4U,duality-lemma-tensoring-Deligne-system,duality.tex,8346,lemma,Extension by zero for coherent modules,egin lemma Let j : U o X be an open immersion of Noetherian schemes. Let I O X be a quasi-coherent sheaf of ideals with V( I ) = X U . Let K be in D b extit Coh ( O X) . Then K O X L I n is pro-isomorphic to a Deligne system with constant value K| U over U .,lexical_candidate_only
coherent,92,section;text,0G4Z,duality-section-compactly-supported,duality.tex,8585,section,Compactly supported cohomology for coherent modules,"Compactly supported cohomology for coherent modules In Situation ef situation-shriek given a morphism f : X o Y in extit FTS S , we will define a functor Rf ! : D b extit Coh ( O",lexical_candidate_only
coherent,92,section;text,0G2G,duality-section-extension-by-zero,duality.tex,7814,section,Extension by zero for coherent modules,Extension by zero for coherent modules The material in this section and the next few can be found in the appendix by Deligne of ite RD . In this section j : U o X will b,lexical_candidate_only
coherent,92,section;text,0FY9,equiv-section-coherent,equiv.tex,430,section,Characterizing coherent modules,"Characterizing coherent modules This section is in some sense a continuation of the discussion in Derived Categories of Schemes, Section ef perfect-section-pseudo-coherent and More on Morphisms",lexical_candidate_only
coherent,92,section;text,0ALG,examples-lemma-quasi-coherent-not-abelian,examples.tex,987,lemma,Nonabelian category of quasi-coherent modules,"egin lemma The category of quasi-coherent With quasi-coherent modules as defined above. Due to how things are setup in the Stacks project, this is really the correct definition; as seen above our definition agrees with what one would naively have defined to be quasi-coherent modu",lexical_candidate_only
coherent,92,section;text,07DC,examples-section-derived-push-quasi-coherent,examples.tex,4700,section,Derived pushforward of quasi-coherent modules,Derived pushforward of quasi-coherent modules Let k be a field of characteristic p > 0 . Let S = (k[x]) . Let G = Z /p Z viewed either as an abstract group or as a,lexical_candidate_only
coherent,92,section;text,0273,examples-section-nonflasque,examples.tex,3510,section,Non flasque quasi-coherent sheaf associated to injective module,"Non flasque quasi-coherent sheaf associated to injective module For more examples of this type see ite[Expose II, Appendix I] SGA6 where Illusie explains some examples due to Verdier. Consider the affin",lexical_candidate_only
coherent,92,section;text,0FZR,functors-lemma-equivalence-coherent-over-field,functors.tex,2075,lemma,Functors between categories of coherent modules,"egin lemma egin reference Weak version of the result in ite Gabriel stating that the category of quasi-coherent modules determines the isomorphism class of a scheme. Let k be a field. Let X , Y be finite type schemes over k with X separated and Y reduced. If there is a k -linear ",lexical_candidate_only
coherent,92,section;text,0GPA,functors-lemma-functor-quasi-coherent-from-affine-diagonal-pre,functors.tex,984,lemma,Functors between categories of quasi-coherent modules,"egin lemma Let R be a ring. Let X and Y be schemes over R . Assume X is quasi-compact with affine diagonal. Let F : ( O X) o ( O Y) be an R -linear, right exact functor which commutes with arbitrary direct sums. Then we can construct egin enumerate a quasi-coherent module K on X ",lexical_candidate_only
coherent,92,section;text,0FZQ,functors-lemma-pushforward-invertible,functors.tex,2056,lemma,Functors between categories of coherent modules,"egin lemma Let f : X o Y be a finite type separated morphism of schemes with a section s : Y o X . Let F be a finite type quasi-coherent module on X , set theoretically supported on s(Y) with L = f * F an invertible O X -module. If Y is reduced, then F ong s * L .",lexical_candidate_only
coherent,92,section;text,0FZP,functors-lemma-pushforward-invertible-pre,functors.tex,2039,lemma,Functors between categories of coherent modules,egin lemma Let f : X o Y be a finite type separated morphism of schemes. Let F be a finite type quasi-coherent module on X with support finite over Y and with L = f * F an invertible O X -module. Then there exists a section s : Y o X such that F ong s * L .,lexical_candidate_only
coherent,92,section;text,0GPB,functors-remark-characterize-FM-QCoh,functors.tex,1230,remark,Functors between categories of quasi-coherent modules,egin remark Let R be a ring. Let X and Y be schemes over R . Assume X is quasi-compact with affine diagonal. Lemma ef lemma-functor-quasi-coherent-from-affine-diagonal may be generalized as follows: the functors (ef equation-FM-QCoh ) associated to quasi-coherent modules on X ime,lexical_candidate_only
coherent,92,section;text,07TV,groupoids-lemma-colimit-finite-type,groupoids.tex,3368,lemma,Colimits of quasi-coherent modules,"egin lemma Let (U, R, s, t, c) be a groupoid scheme over S . Assume that egin enumerate U , R are affine, there exist e i O R(R) such that every element g O R(R) can be uniquely written as s *(f i)e i for some f i O U(U) . Then every quasi-coherent module ( F , ) on (U, R, s, t, ",lexical_candidate_only
coherent,92,section;text,077U,groupoids-lemma-colimit-kappa,groupoids.tex,3444,lemma,Colimits of quasi-coherent modules,"egin lemma Let (U, R, s, t, c) be a groupoid scheme over S . Assume that s, t are flat. There exists a cardinal appa such that every quasi-coherent module ( F , ) on (U, R, s, t, c) is the directed colimit of its appa -generated quasi-coherent submodules.",lexical_candidate_only
coherent,92,section;text,0AZB,intersection-section-cycle-of-coherent-sheaf,intersection.tex,179,section,Cycle associated to a coherent sheaf,Cycle associated to a coherent sheaf Suppose that X is a variety and that F is a coherent O X -module with im(ext Supp ( F )) k . Let Z i be,lexical_candidate_only
coherent,92,section;text,0DX2,local-cohomology-section-improve,local-cohomology.tex,3071,section,Improving coherent modules,Improving coherent modules Similar constructions can be found in ite EGA and more recently in ite Kollar-local-global-hulls and ite Kollar-variants . egin lemma lemma-get-de,lexical_candidate_only
coherent,92,section;text,02CF,modules-remark-infinite-direct-sum-quasi-coherent-not,modules.tex,1087,remark,Quasi-coherent modules,egin remark Warning: It is not true in general that an infinite direct sum of quasi-coherent O X -modules is quasi-coherent. For more esoteric behaviour of quasi-coherent modules see Example ef example-quasi-coherent .,lexical_candidate_only
coherent,92,section;text,064N,more-algebra-section-pseudo-coherent,more-algebra.tex,15855,section,"Pseudo-coherent modules, I","Pseudo-coherent modules, I Suppose that R is a ring. Recall that an R -module M is of finite type if there exists a surjection R a o M and of finite presentation if t",lexical_candidate_only
coherent,92,section;text,0G8V,more-algebra-section-pseudo-coherent-bis,more-algebra.tex,16590,section,"Pseudo-coherent modules, II","Pseudo-coherent modules, II We continue the discussion started in Section ef section-pseudo-coherent . egin lemma Let R be a ring.",lexical_candidate_only
coherent,92,section;text,065E,more-algebra-section-relative-pseudo-coherent,more-algebra.tex,21210,section,Relatively pseudo-coherent modules,Relatively pseudo-coherent modules This section is the analogue of Section ef section-relative-finite-presentation for pseudo-coherence. egin lemma Let,lexical_candidate_only
coherent,92,section;text,08E0,perfect-section-derived-coherent,perfect.tex,2540,section,Derived category of coherent modules,Derived category of coherent modules Let X be a locally Noetherian scheme. In this case the category extit Coh ( O X) extit Mod ( O X) of coherent O,lexical_candidate_only
coherent,92,section;text,01LA,schemes-section-quasi-coherent,schemes.tex,4717,section,Functoriality for quasi-coherent modules,"Functoriality for quasi-coherent modules Let X be a scheme. We denote ( O X) the category of quasi-coherent O X -modules as defined in Modules, Definition ef modules-de",lexical_candidate_only
coherent,92,section;text,08FS,sites-cohomology-section-pseudo-coherent,sites-cohomology.tex,12033,section,Pseudo-coherent modules,"Pseudo-coherent modules In this section we discuss pseudo-coherent complexes. egin definition Let ( C , O ) be a ringed sit",lexical_candidate_only
coherent,92,section;text,0EEA,spaces-chow-section-cycle-of-coherent-sheaf,spaces-chow.tex,485,section,Cycle associated to a coherent sheaf,"Cycle associated to a coherent sheaf This is the analogue of Chow Homology, Section ef chow-section-cycle-of-coherent-sheaf . egin definition definition-cycle-associated-to-",lexical_candidate_only
coherent,92,section;text,07UA,spaces-cohomology-definition-coherent,spaces-cohomology.tex,1850,definition,Coherent modules on locally Noetherian algebraic spaces,"egin definition Let S be a scheme. Let X be a locally Noetherian algebraic space over S . A quasi-coherent module F on X is called coherent if F is a coherent O X -module on the site X in the sense of Modules on Sites, Definition ef sites-modules-definition-site-local .",lexical_candidate_only
coherent,92,section;text,08AM,spaces-cohomology-lemma-i-star-equivalence,spaces-cohomology.tex,2042,lemma,Coherent modules on locally Noetherian algebraic spaces,egin lemma Let S be a scheme. Let i : Z o X be a closed immersion of locally Noetherian algebraic spaces over S . Let I O X be the quasi-coherent sheaf of ideals cutting out Z . The functor i * induces an equivalence between the category of coherent O X -modules annihilated by I ,lexical_candidate_only
coherent,92,section;text,07U9,spaces-cohomology-section-coherent,spaces-cohomology.tex,1838,section,Coherent modules on locally Noetherian algebraic spaces,"Coherent modules on locally Noetherian algebraic spaces This section is the analogue of Cohomology of Schemes, Section ef coherent-section-coherent-sheaves . In Modules on Sites, Definition ef sites-modules-definitio",lexical_candidate_only
coherent,92,section;text,0H02,spaces-descent-section-alternative-quasi-coherent,spaces-descent.tex,281,section,Quasi-coherent modules and affines,"Quasi-coherent modules and affines Let S be a scheme. Let X be an algebraic space over S . Recall that X affine, is the full subcategory of X whose objects",lexical_candidate_only
coherent,92,section;text,0GPS,spaces-groupoids-lemma-colimit-coherent,spaces-groupoids.tex,1387,lemma,Colimits of quasi-coherent modules,"egin lemma Let B o S be as in Section ef section-notation . Let (U, R, s, t, c) be a groupoid in algebraic spaces over B . Assume that egin enumerate U , R are Noetherian, s, t are flat, quasi-compact, and quasi-separated. Then every quasi-coherent module ( F , ) on (U, R, s, t, ",lexical_candidate_only
coherent,92,section;text,0GPP,spaces-groupoids-lemma-construct-quasi-coherent,spaces-groupoids.tex,1195,lemma,Colimits of quasi-coherent modules,"egin lemma Let B o S as in Section ef section-notation . Let (U, R, s, t, c) be a groupoid in algebraic spaces over B . Assume s, t are flat, quasi-compact, and quasi-separated. For any quasi-coherent module G on U , there exists a canonical isomorphism : t *s *t * G o s *s *t * ",lexical_candidate_only
coherent,92,section;text,0GPN,spaces-groupoids-section-colimits,spaces-groupoids.tex,1188,section,Colimits of quasi-coherent modules,"Colimits of quasi-coherent modules This section is the analogue of Groupoids, Section ef groupoids-section-colimits . egin lemma Let B o S as in Secti",lexical_candidate_only
coherent,92,section;text,08GI,spaces-perfect-section-derived-coherent,spaces-perfect.tex,1167,section,Derived category of coherent modules,Derived category of coherent modules Let S be a scheme. Let X be a locally Noetherian algebraic space over S . In this case the category extit Coh ( O X) extit Mod (\,lexical_candidate_only
coherent,92,section;text,071W,spaces-perfect-section-derived-quasi-coherent,spaces-perfect.tex,265,section,Derived category of quasi-coherent modules,Derived category of quasi-coherent modules Let S be a scheme. Lemma ef lemma-derived-quasi-coherent-small-etale-site shows that the category D ( O S) can be defined in term,lexical_candidate_only
coherent,92,section;text,071P,spaces-perfect-section-derived-quasi-coherent-etale,spaces-perfect.tex,93,section,Derived category of quasi-coherent modules on the small etale site,Derived category of quasi-coherent modules on the small etale site Let X be a scheme. In this section we show that D ( O X) can be defined in terms of the small etale site X of X .,lexical_candidate_only
coherent,92,section;text,0AES,spaces-pushouts-lemma-stalk-of-pushforward,spaces-pushouts.tex,1714,lemma,Formal glueing of quasi-coherent modules,"egin lemma Let S be a scheme. Let X be an algebraic space over S . Let f : Y o X be a quasi-compact and quasi-separated morphism. Let x be a geometric point of X and let ( O X, x ) o X be the canonical morphism. For a quasi-coherent module G on Y we have f * G x = (Y imes X ( O X",lexical_candidate_only
coherent,92,section;text,0AEP,spaces-pushouts-section-formal-glueing,spaces-pushouts.tex,1602,section,Formal glueing of quasi-coherent modules,"Formal glueing of quasi-coherent modules This section is the analogue of More on Algebra, Section ef more-algebra-section-formal-glueing . In the case of morphisms of schemes, the result can be fou",lexical_candidate_only
coherent,92,section;text,07TL,spaces-simplicial-lemma-cartesian-modules-with-section,spaces-simplicial.tex,6382,lemma,Quasi-coherent modules on simplicial schemes,"egin lemma Let f : X o S be a morphism of schemes which has a section In fact, it would be enough to assume that f has fpqc locally on S a section, since we have descent of quasi-coherent modules by Descent, Section ef descent-section-fpqc-descent-quasi-coherent . . Let (X/S) ull",lexical_candidate_only
coherent,92,section;text,0778,stacks-cohomology-lemma-adjoint,stacks-cohomology.tex,1415,lemma,Quasi-coherent modules,"egin lemma Let X be an algebraic stack. Let extit LQCoh fbc ( O X ) be the category of locally quasi-coherent modules with the flat base change property, see Section ef section-loc-qcoh-flat-base-change . The inclusion functor i : ( O X ) o extit LQCoh fbc ( O X ) has a right adj",lexical_candidate_only
coherent,92,section;text,0782,stacks-cohomology-lemma-leray,stacks-cohomology.tex,2084,lemma,Pushforward of quasi-coherent modules,"egin lemma Let f : X o Y be a quasi-compact and quasi-separated morphism of algebraic stacks. Let F be a quasi-coherent sheaf on X . Then there exists a spectral sequence with E 2 -page E 2 p, q = H p( Y , R qf , * F ) converging to H p + q ( X , F ) .",lexical_candidate_only
coherent,92,section;text,0783,stacks-cohomology-lemma-relative-leray,stacks-cohomology.tex,2116,lemma,Pushforward of quasi-coherent modules,"egin lemma Let f : X o Y and g : Y o Z be quasi-compact and quasi-separated morphisms of algebraic stacks. Let F be a quasi-coherent sheaf on X . Then there exists a spectral sequence with E 2 -page E 2 p, q = R pg , * (R qf , * F ) converging to R p + q (g irc f) , * F .",lexical_candidate_only
coherent,92,section;text,07B0,stacks-cohomology-lemma-shriek-quasi-coherent,stacks-cohomology.tex,3301,lemma,Quasi-coherent modules and the lisse-etale and flat-fppf sites,"egin lemma Let X be an algebraic stack. Notation as in Lemma ef lemma-lisse-etale . egin enumerate Let H be a quasi-coherent O X lisse, -module on the lisse-etale site of X . Then g ! H is a quasi-coherent module on X . Let H be a quasi-coherent O X flat,fppf -module on the flat-",lexical_candidate_only
coherent,92,section;text,0771,stacks-cohomology-proposition-loc-qcoh-flat-base-change,stacks-cohomology.tex,901,proposition,Locally quasi-coherent modules with the flat base change property,"egin proposition Summary of results on locally quasi-coherent modules having the flat base change property. egin enumerate Let X be an algebraic stack. If F is in extit LQCoh fbc ( O X ) , then F is a sheaf for the fppf topology, i.e., it is an object of extit Mod ( O X ) . The c",lexical_candidate_only
coherent,92,section;text,0GQG,stacks-cohomology-section-loc-qcoh-flat-base-change,stacks-cohomology.tex,877,section,Locally quasi-coherent modules with the flat base change property,Locally quasi-coherent modules with the flat base change property Let X be an algebraic stack. We Apologies for the horrendous notation. will denote extit LQCoh fbc ( O,lexical_candidate_only
coherent,92,section;text,075X,stacks-cohomology-section-locally-quasi-coherent,stacks-cohomology.tex,405,section,Locally quasi-coherent modules,Locally quasi-coherent modules Let X be an algebraic stack. Let F be a presheaf of O X -modules. We can ask whether F is,lexical_candidate_only
coherent,92,section;text,070A,stacks-cohomology-section-pushforward-quasi-coherent,stacks-cohomology.tex,1830,section,Pushforward of quasi-coherent modules,Pushforward of quasi-coherent modules Let f : X o Y be a morphism of algebraic stacks. Consider the pushforward f * : extit Mod ( O X ) \,lexical_candidate_only
coherent,92,section;text,07B5,stacks-perfect-section-derived,stacks-perfect.tex,454,section,Derived categories of quasi-coherent modules,"Derived categories of quasi-coherent modules Let X be an algebraic stack. As the inclusion functor ( O X ) o extit Mod ( O X ) isn't exact, we cannot d",lexical_candidate_only
coherent,92,section;text,07BD,stacks-perfect-section-derived-pullback,stacks-perfect.tex,1007,section,Derived pullback of quasi-coherent modules,Derived pullback of quasi-coherent modules Derived pullback of complexes with quasi-coherent cohomology sheaves exists in general. egin proposition proposition-derived-pullback-quasi-coher,lexical_candidate_only
coherent,92,section;text,07BB,stacks-perfect-section-derived-pushforward,stacks-perfect.tex,941,section,Derived pushforward of quasi-coherent modules,"Derived pushforward of quasi-coherent modules As a first application of the material above we construct the derived pushforward. In Examples, Section ef examples-section-derived-push-quasi-coherent",lexical_candidate_only
coherent,92,section;text,06WI,stacks-sheaves-lemma-characterize-quasi-coherent,stacks-sheaves.tex,1581,lemma,Quasi-coherent modules,egin lemma Let p : X o ( /S) fppf be a category fibred in groupoids. Let F be a sheaf of O X -modules. Then F is quasi-coherent if and only if x * F is a quasi-coherent sheaf on ( /U) fppf for every object x of X with U = p(x) .,lexical_candidate_only
coherent,92,section;text,0EM8,stacks-sheaves-lemma-characterize-quasi-coherent-bis,stacks-sheaves.tex,1602,lemma,Quasi-coherent modules,"egin lemma Let p : X o ( /S) fppf be a category fibred in groupoids. Let F be a presheaf of modules on X . The following are equivalent egin enumerate F is an object of extit Mod ( X Zar , O X ) and F is a quasi-coherent module on ( X Zar , O X ) in the sense of Modules on Sites,",lexical_candidate_only
coherent,92,section;text,0H0E,stacks-sheaves-lemma-quasi-coherent-alternative,stacks-sheaves.tex,4534,lemma,Quasi-coherent modules and affines,"egin lemma Let p : X o ( /S) fppf be a category fibred in groupoids. Let F be an O -module on X affine . The following are equivalent egin enumerate for every morphism x o x' of X affine the map F (x') O (x') O (x) o F (x) is an isomorphism, F is a quasi-coherent module on ( X af",lexical_candidate_only
coherent,92,section;text,0H0D,stacks-sheaves-section-alternative-quasi-coherent,stacks-sheaves.tex,4526,section,Quasi-coherent modules and affines,Quasi-coherent modules and affines Let p : X o ( /S) fppf be a category fibred in groupoids. In Section ef section-alternative we have associated to this a rin,lexical_candidate_only
coherent,92,section;text,0GQB,stacks-sheaves-section-locally-quasi-coherent,stacks-sheaves.tex,1652,section,Locally quasi-coherent modules,"Locally quasi-coherent modules Although there is a variant for the Zariski topology, it seems that the etale topology is the natural topology to use in the following definition.",lexical_candidate_only
coherent,91,label,01BO,modules-lemma-finite-presentation-quasi-coherent,modules.tex,1430,lemma,Modules of finite presentation,"egin lemma Let (X, O X) be a ringed space. Any O X -module of finite presentation is quasi-coherent.",lexical_candidate_only
coherent,91,label,01C3,modules-lemma-i-star-quasi-coherent,modules.tex,1955,lemma,Closed immersions of ringed spaces,"egin lemma Let i : (Z, O Z) o (X, O X) be a closed immersion of ringed spaces. Let F be a quasi-coherent O Z -module. Then i * F is locally on X the cokernel of a map of quasi-coherent O X -modules.",lexical_candidate_only
coherent,91,label,01C7,modules-lemma-locally-free-quasi-coherent,modules.tex,2177,lemma,Locally free sheaves,"egin lemma Let (X, O X) be a ringed space. Let F be a sheaf of O X -modules. If F is locally free then it is quasi-coherent.",lexical_candidate_only
coherent,71,section,02QX,chow-definition-cycle-associated-to-coherent-sheaf,chow.tex,1744,definition,Cycle associated to a coherent sheaf,"egin definition Let (S, elta) be as in Situation ef situation-setup . Let X be locally of finite type over S . Let F be a coherent O X -module. egin enumerate For any irreducible component Z' ext Supp ( F ) with generic point the integer m Z', F = ext length O X, F (Lemma ef lemm",lexical_candidate_only
coherent,71,section,02QZ,chow-lemma-additivity-sheaf-cycle,chow.tex,1789,lemma,Cycle associated to a coherent sheaf,"egin lemma Let (S, elta) be as in Situation ef situation-setup . Let X be locally of finite type over S . Let 0 o F o G o H o 0 be a short exact sequence of coherent sheaves on X . Assume that the elta -dimension of the supports of F , G , and H is k . Then [ G ] k = [ F ] k + [ ",lexical_candidate_only
coherent,71,section,02QY,chow-lemma-cycle-closed-coherent,chow.tex,1776,lemma,Cycle associated to a coherent sheaf,"egin lemma Let (S, elta) be as in Situation ef situation-setup . Let X be locally of finite type over S . Let Z X be a closed subscheme. If im elta(Z) k , then [Z] k = [ O Z] k .",lexical_candidate_only
coherent,71,section,02QW,chow-lemma-length-finite,chow.tex,1702,lemma,Cycle associated to a coherent sheaf,"egin lemma Let (S, elta) be as in Situation ef situation-setup . Let X be locally of finite type over S . Let F be a coherent O X -module. egin enumerate The collection of irreducible components of the support of F is locally finite. Let Z' ext Supp ( F ) be an irreducible compon",lexical_candidate_only
coherent,71,section,08CB,cohomology-definition-pseudo-coherent,cohomology.tex,11958,definition,Pseudo-coherent modules,"egin definition Let (X, O X) be a ringed space. Let E ullet be a complex of O X -modules. Let m Z . egin enumerate We say E ullet is m -pseudo-coherent if there exists an open covering X = igcup U i and for each i a morphism of complexes i : E i ullet o E ullet| U i where E i ull",lexical_candidate_only
coherent,71,section,09V8,cohomology-lemma-cohomology-pseudo-coherent,cohomology.tex,12207,lemma,Pseudo-coherent modules,"egin lemma Let (X, O X) be a ringed space. Let m Z . Let E be an object of D( O X) . If E is (locally) bounded above and H i(E) is (m - i) -pseudo-coherent for all i , then E is m -pseudo-coherent.",lexical_candidate_only
coherent,71,section,09V7,cohomology-lemma-complex-pseudo-coherent-modules,cohomology.tex,12192,lemma,Pseudo-coherent modules,"egin lemma Let (X, O X) be a ringed space. Let m Z . Let F ullet be a (locally) bounded above complex of O X -modules such that F i is (m - i) -pseudo-coherent for all i . Then F ullet is m -pseudo-coherent.",lexical_candidate_only
coherent,71,section,08CD,cohomology-lemma-cone-pseudo-coherent,cohomology.tex,12060,lemma,Pseudo-coherent modules,"egin lemma Let (X, O X) be a ringed space and m Z . Let (K, L, M, f, g, h) be a distinguished triangle in D( O X) . egin enumerate If K is (m + 1) -pseudo-coherent and L is m -pseudo-coherent then M is m -pseudo-coherent. If K and M are m -pseudo-coherent, then L is m -pseudo-coh",lexical_candidate_only
coherent,71,section,08DN,cohomology-lemma-finite-cohomology,cohomology.tex,12221,lemma,Pseudo-coherent modules,"egin lemma Let (X, O X) be a ringed space. Let K be an object of D( O X) . Let m Z . egin enumerate If K is m -pseudo-coherent and H i(K) = 0 for i > m , then H m(K) is a finite type O X -module. If K is m -pseudo-coherent and H i(K) = 0 for i > m + 1 , then H m + 1 (K) is a fini",lexical_candidate_only
coherent,71,section,09V9,cohomology-lemma-n-pseudo-module,cohomology.tex,12265,lemma,Pseudo-coherent modules,"egin lemma Let (X, O X) be a ringed space. Let F be a sheaf of O X -modules. egin enumerate F viewed as an object of D( O X) is 0 -pseudo-coherent if and only if F is a finite type O X -module, and F viewed as an object of D( O X) is (-1) -pseudo-coherent if and only if F is an O",lexical_candidate_only
coherent,71,section,08CC,cohomology-lemma-pseudo-coherent-independent-representative,cohomology.tex,11984,lemma,Pseudo-coherent modules,"egin lemma Let (X, O X) be a ringed space. Let E be an object of D( O X) . egin enumerate If there exists an open covering X = igcup U i , strictly perfect complexes E i ullet on U i , and maps i : E i ullet o E| U i in D( O U i ) with H j( i) an isomorphism for j > m and H m( i)",lexical_candidate_only
coherent,71,section,09U7,cohomology-lemma-pseudo-coherent-pullback,cohomology.tex,12015,lemma,Pseudo-coherent modules,"egin lemma Let f : (X, O X) o (Y, O Y) be a morphism of ringed spaces. Let E be an object of D( O Y) . If E is m -pseudo-coherent, then Lf *E is m -pseudo-coherent.",lexical_candidate_only
coherent,71,section,08CE,cohomology-lemma-summands-pseudo-coherent,cohomology.tex,12159,lemma,Pseudo-coherent modules,"egin lemma Let (X, O X) be a ringed space. Let m Z . If K L is m -pseudo-coherent (resp.\ pseudo-coherent) in D( O X) so are K and L .",lexical_candidate_only
coherent,71,section,09J3,cohomology-lemma-tensor-pseudo-coherent,cohomology.tex,12121,lemma,Pseudo-coherent modules,"egin lemma Let (X, O X) be a ringed space. Let K, L be objects of D( O X) . egin enumerate If K is n -pseudo-coherent and H i(K) = 0 for i > a and L is m -pseudo-coherent and H j(L) = 0 for j > b , then K O X L L is t -pseudo-coherent with t = (m + a, n + b) . If K and L are pseu",lexical_candidate_only
coherent,71,section,07J8,crystalline-equation-D,crystalline.tex,2854,equation,Crystals in quasi-coherent modules,"egin equation D = e D P, (J) / p eD P, (J)",lexical_candidate_only
coherent,71,section,07JF,crystalline-equation-Dn,crystalline.tex,2891,equation,Crystals in quasi-coherent modules,"egin equation D(n) = e D P A A P, (J(n))/ p eD P A A P, (J(n))",lexical_candidate_only
coherent,71,section,07JA,crystalline-equation-derivation-D,crystalline.tex,2879,equation,Crystals in quasi-coherent modules,egin equation ext d : D D,lexical_candidate_only
coherent,71,section,07L1,crystalline-equation-derivation-Dn,crystalline.tex,2907,equation,Crystals in quasi-coherent modules,egin equation ext d : D(n) D(n),lexical_candidate_only
coherent,71,section,07J9,crystalline-equation-omega-D,crystalline.tex,2863,equation,Crystals in quasi-coherent modules,"egin equation D = e D e/A, ar = e D/A, ar /p e D/A, ar",lexical_candidate_only
coherent,71,section,07L0,crystalline-equation-omega-Dn,crystalline.tex,2901,equation,Crystals in quasi-coherent modules,"egin equation D(n) = e D(n) e/A, ar = e D(n)/A, ar /p e D(n)/A, ar",lexical_candidate_only
coherent,71,section,07L3,crystalline-equation-structure-Dn,crystalline.tex,2920,equation,Crystals in quasi-coherent modules,egin equation D(n) = e D i(j) angle/p eD i(j) angle,lexical_candidate_only
coherent,71,section,07JB,crystalline-item-complete,crystalline.tex,2972,item,Crystals in quasi-coherent modules,"The first assertion is clear. For the second, if (B o C, elta) is an object of ext Cris (C/A) , then we have ext Cris (C/A) (D, B) = om A((P, J), (B, (B o C))) and similarly for D(n) replacing (P, J) by (P A A P, J(n)) . The property on coproducts follows as P A A P is a coproduc",lexical_candidate_only
coherent,71,section,07JC,crystalline-item-connection,crystalline.tex,2975,item,Crystals in quasi-coherent modules,"object of ext Cris (C/A) , then we have ext Cris (C/A) (D, B) = om A((P, J), (B, (B o C))) and similarly for D(n) replacing (P, J) by (P A A P, J(n)) . The property on coproducts follows as P A A P is a coproduct. In the lemma below we will consider pairs (M, ) satisfying the fol",lexical_candidate_only
coherent,71,section,07JD,crystalline-item-integrable,crystalline.tex,2979,item,Crystals in quasi-coherent modules,"and similarly for D(n) replacing (P, J) by (P A A P, J(n)) . The property on coproducts follows as P A A P is a coproduct. In the lemma below we will consider pairs (M, ) satisfying the following conditions egin enumerate M is a p -adically complete D -module, : M o M D D is a co",lexical_candidate_only
coherent,71,section,07JE,crystalline-item-topologically-quasi-nilpotent,crystalline.tex,2983,item,Crystals in quasi-coherent modules,"as P A A P is a coproduct. In the lemma below we will consider pairs (M, ) satisfying the following conditions egin enumerate M is a p -adically complete D -module, : M o M D D is a connection, i.e., (fm) = m ext d f + f (m) , is integrable (see Remark ef remark-connection ), and",lexical_candidate_only
coherent,71,section,07JG,crystalline-lemma-crystals-on-affine,crystalline.tex,2997,lemma,Crystals in quasi-coherent modules,"egin lemma In the situation above there is a functor egin matrix ext crystals in quasi-coherent \\ O X/S ext -modules on ext Cris (X/S) egin matrix ext pairs (M, )ext satisfying \\ ext (ef item-complete ), (ef item-connection ), (ef item-integrable ), and (ef item-topologically-q",lexical_candidate_only
coherent,71,section,07L5,crystalline-lemma-crystals-on-affine-smooth,crystalline.tex,3191,lemma,Crystals in quasi-coherent modules,"egin lemma In Situation ef situation-affine . Let A o P' o C be ring maps with A o P' smooth and P' o C surjective with kernel J' . Let D' be the p -adic completion of D P', (J') . Then there are a choice of the data A o P o C as above and homomorphisms of divided power A -algebr",lexical_candidate_only
cohomology,138,chapter;section;text,01DZ,cohomology-section-cohomology-sheaves,cohomology.tex,33,section,Cohomology of sheaves,"Cohomology of sheaves Let X be a topological space. Let F be an abelian sheaf. We know that the category of abelian sheaves on X has enough injectives, see Inje",lexical_candidate_only
cohomology,137,label;chapter,0GT3,cohomology-lemma-invertible-ideal-sheaf,cohomology.tex,14112,lemma,An operator introduced by Berthelot and Ogus,"egin lemma Let (X, O X) be a ringed space. Let I O X be a sheaf of ideals. Consider the following two conditions egin enumerate for every x X there exists an open neighbourhood U X of x and f I (U) such that I | U = O U dot f and f : O U o O U is injective, and I is invertible as",lexical_candidate_only
cohomology,137,label;chapter,0A38,cohomology-lemma-subsheaf-of-constant-sheaf,cohomology.tex,3480,lemma,Vanishing on Noetherian topological spaces,egin lemma egin reference ite[Page 168] Tohoku . Let X be a topological space such that the intersection of any two quasi-compact opens is quasi-compact. Let F nderline Z be a subsheaf generated by finitely many sections over quasi-compact opens. Then there exists a finite filtra,lexical_candidate_only
cohomology,117,chapter;section,0712,cohomology-equation-cohomology,cohomology.tex,42,equation,Cohomology of sheaves,"egin equation H i(X, F ) = H i( (X, I ullet))",lexical_candidate_only
cohomology,117,chapter;section,0714,cohomology-equation-cohomology-modules,cohomology.tex,69,equation,Cohomology of sheaves,"egin equation H i(X, F ) = H i( (X, I ullet))",lexical_candidate_only
cohomology,117,chapter;section,0713,cohomology-equation-higher-direct-image,cohomology.tex,54,equation,Cohomology of sheaves,egin equation R if * F = H i(f * I ullet),lexical_candidate_only
cohomology,117,chapter;section,0715,cohomology-equation-higher-direct-image-modules,cohomology.tex,81,equation,Cohomology of sheaves,egin equation R if * F = H i(f * I ullet),lexical_candidate_only
cohomology,92,section;text,01FT,sites-cohomology-section-cohomology-sheaves,sites-cohomology.tex,32,section,Cohomology of sheaves,"Cohomology of sheaves Let C be a site, see Sites, Definition ef sites-definition-site . Let F be an abelian sheaf on C . We know that the c",lexical_candidate_only
cohomology,71,section,071E,sites-cohomology-equation-cohomology,sites-cohomology.tex,69,equation,Cohomology of sheaves,"egin equation H i( C , F ) = H i( ( C , I ullet))",lexical_candidate_only
cohomology,71,section,071H,sites-cohomology-equation-cohomology-modules,sites-cohomology.tex,109,equation,Cohomology of sheaves,"egin equation H i( C , F ) = H i( ( C , I ullet))",lexical_candidate_only
cohomology,71,section,071C,sites-cohomology-equation-cohomology-object-site,sites-cohomology.tex,45,equation,Cohomology of sheaves,"egin equation H i(U, F ) = H i( (U, I ullet))",lexical_candidate_only
cohomology,71,section,071G,sites-cohomology-equation-cohomology-object-site-modules,sites-cohomology.tex,102,equation,Cohomology of sheaves,"egin equation H i(U, F ) = H i( (U, I ullet))",lexical_candidate_only
cohomology,71,section,071D,sites-cohomology-equation-global-sections,sites-cohomology.tex,60,equation,Cohomology of sheaves,"egin equation ( C , F ) = extit PSh ( C ) (e, F )",lexical_candidate_only
cohomology,71,section,071F,sites-cohomology-equation-higher-direct-image,sites-cohomology.tex,83,equation,Cohomology of sheaves,egin equation R if * F = H i(f * I ullet),lexical_candidate_only
cohomology,71,section,071I,sites-cohomology-equation-higher-direct-image-modules,sites-cohomology.tex,124,equation,Cohomology of sheaves,egin equation R if * F = H i(f * I ullet),lexical_candidate_only
cohomology,68,chapter;text,01DW,cohomology-section-phantom,cohomology.tex,13,section,,preamble egin document itle Cohomology of Sheaves ableofcontents Introduction In this document we work out some topics on cohomology of sheaves on topological spaces. We mo,lexical_candidate_only
cohomology,67,chapter;text,01DX,cohomology-section-introduction,cohomology.tex,18,section,Introduction,Introduction In this document we work out some topics on cohomology of sheaves on topological spaces. We mostly work in the generality of modules over a sheaf of rings and w,lexical_candidate_only
cohomology,46,chapter,06Y9,cohomology-definition-K-flat,cohomology.tex,5838,definition,Flat resolutions,"egin definition Let (X, O X) be a ringed space. A complex K ullet of O X -modules is called K-flat if for every acyclic complex F ullet of O X -modules the complex ext Tot ( F ullet O X K ullet) is acyclic.",lexical_candidate_only
cohomology,46,chapter,01FH,cohomology-definition-alternating-cech-complex,cohomology.tex,4103,definition,The alternating Cech complex,"egin definition Let X be a topological space. Let U : U = igcup i I U i be an open covering. Let F be an abelian presheaf on X . The complex heck C alt ullet( U , F ) is the alternating Cech complex associated to F and the open covering U .",lexical_candidate_only
cohomology,46,chapter,01EF,cohomology-definition-cech-complex,cohomology.tex,913,definition,The Cech complex and Cech cohomology,"egin definition Let X be a topological space. Let U : U = igcup i I U i be an open covering. Let F be an abelian presheaf on X . The complex heck C ullet( U , F ) is the Cech complex associated to F and the open covering U . Its cohomology groups H i(heck C ullet( U , F )) are ca",lexical_candidate_only
cohomology,46,chapter,02FS,cohomology-definition-covering-locally-finite,cohomology.tex,4697,definition,Alternative view of the Cech complex,egin definition Let X be a topological space. An open covering X = igcup i I U i is said to be locally finite if for every x X there exists an open neighbourhood W of x such that \ i I W ap U i = \ is finite.,lexical_candidate_only
cohomology,46,chapter,06YH,cohomology-definition-derived-tor,cohomology.tex,6145,definition,Flat resolutions,"egin definition Let (X, O X) be a ringed space. Let F ullet be an object of D( O X) . The derived tensor product - O X L F ullet : D( O X) D( O X) is the exact functor of triangulated categories described above.",lexical_candidate_only
cohomology,46,chapter,09SW,cohomology-definition-flasque,cohomology.tex,1888,definition,Flasque sheaves,egin definition Let X be a topological space. We say a presheaf of sets F is flasque or flabby if for every U V open in X the restriction map F (V) o F (U) is surjective.,lexical_candidate_only
cohomology,46,chapter,01FI,cohomology-definition-ordered-cech-complex,cohomology.tex,4153,definition,The alternating Cech complex,"egin definition Let X be a topological space. Let U : U = igcup i I U i be an open covering. Assume given a total ordering on I . Let F be an abelian presheaf on X . The complex heck C ord ullet( U , F ) is the ordered Cech complex associated to F , the open covering U and the gi",lexical_candidate_only
cohomology,46,chapter,08CM,cohomology-definition-perfect,cohomology.tex,12508,definition,Perfect complexes,"egin definition Let (X, O X) be a ringed space. Let E ullet be a complex of O X -modules. We say E ullet is perfect if there exists an open covering X = igcup U i such that for each i there exists a morphism of complexes E i ullet o E ullet| U i which is a quasi-isomorphism with ",lexical_candidate_only
cohomology,46,chapter,08CB,cohomology-definition-pseudo-coherent,cohomology.tex,11958,definition,Pseudo-coherent modules,"egin definition Let (X, O X) be a ringed space. Let E ullet be a complex of O X -modules. Let m Z . egin enumerate We say E ullet is m -pseudo-coherent if there exists an open covering X = igcup U i and for each i a morphism of complexes i : E i ullet o E ullet| U i where E i ull",lexical_candidate_only
cohomology,46,chapter,08C4,cohomology-definition-strictly-perfect,cohomology.tex,11602,definition,Strictly perfect complexes,"egin definition Let (X, O X) be a ringed space. Let E ullet be a complex of O X -modules. We say E ullet is strictly perfect if E i is zero for all but finitely many i and E i is a direct summand of a finite free O X -module for all i .",lexical_candidate_only
cohomology,46,chapter,08BP,cohomology-definition-tor,cohomology.tex,6174,definition,Flat resolutions,"egin definition Let (X, O X) be a ringed space. Let F , G be O X -modules. The Tor 's of F and G are define by the formula ext Tor p O X ( F , G ) = H -p ( F O X L G ) with derived tensor product as defined above.",lexical_candidate_only
cohomology,46,chapter,08CG,cohomology-definition-tor-amplitude,cohomology.tex,12295,definition,Tor dimension,"egin definition Let (X, O X) be a ringed space. Let E be an object of D( O X) . Let a, b Z with a b . egin enumerate We say E has tor-amplitude in [a, b] if H i(E O X L F ) = 0 for all O X -modules F and all i [a, b] . We say E has finite tor dimension if it has tor-amplitude in ",lexical_candidate_only
cohomology,46,chapter,02FO,cohomology-definition-torsor,cohomology.tex,227,definition,First cohomology and torsors,"egin definition Let X be a topological space. Let G be a sheaf of (possibly non-commutative) groups on X . A pseudo torsor , or more precisely a pseudo G -torsor , is a sheaf of sets F on X endowed with an action G imes F o F such that egin enumerate whenever F (U) is nonempty th",lexical_candidate_only
cohomology,46,chapter,05U3,cohomology-equation-RF,cohomology.tex,134,equation,Derived functors,egin equation RF = F irc j X' : D + (X) D + ( B ),lexical_candidate_only
cohomology,46,chapter,05U4,cohomology-equation-RFi,cohomology.tex,147,equation,Derived functors,egin equation R iF = H i irc RF : extit Mod ( O X) B,lexical_candidate_only
cohomology,46,chapter,01EI,cohomology-equation-cech-functor,cohomology.tex,1036,equation,Cech cohomology as a functor on presheaves,"egin equation heck C ullet( U , -) : extit PMod ( O X) ext Comp + (ext Mod O X(U) )",lexical_candidate_only
cohomology,46,chapter,09UZ,cohomology-equation-cech-to-cohomology,cohomology.tex,2511,equation,Refinements and Cech cohomology,"egin equation heck H p(X, F ) = olim U heck H p( U , F ) H p(X, F )",lexical_candidate_only
cohomology,46,chapter,01FC,cohomology-equation-choice,cohomology.tex,2405,equation,Functoriality of cohomology,egin equation G f * F f * I ullet \\ J ullet eta ( J ') ullet,lexical_candidate_only
cohomology,46,chapter,0A8L,cohomology-equation-cohomology-hom-complex,cohomology.tex,10322,equation,Hom complexes,"egin equation H n( (U, ullet( L ullet, M ullet))) = om K( O U) ( L ullet, M ullet[n])",lexical_candidate_only
cohomology,46,chapter,0GT8,cohomology-equation-complex-bocksteins,cohomology.tex,14451,equation,An operator introduced by Berthelot and Ogus,egin equation H ullet(M/ I ) =,lexical_candidate_only
cohomology,46,chapter,01EE,cohomology-equation-d-cech,cohomology.tex,902,equation,The Cech complex and Cech cohomology,egin equation d(s) i 0 i p + 1 = j = 0 p + 1 (-1) j s i 0 i j i p + 1 | U i 0 i p + 1,lexical_candidate_only
cohomology,46,chapter,07MA,cohomology-equation-differential-tensor-product-complexes,cohomology.tex,5248,equation,Cech cohomology of complexes,egin equation d( eta) = d( ) eta + (-1) eg( ) d(eta),lexical_candidate_only
cohomology,46,chapter,08I2,cohomology-equation-eval,cohomology.tex,10789,equation,Internal hom in the derived category,"egin equation M L O X L ee R (L, M)",lexical_candidate_only
cohomology,46,chapter,0GT7,cohomology-equation-factorization-bockstein,cohomology.tex,14436,equation,An operator introduced by Berthelot and Ogus,egin equation center H i(M L I i/ I i + 1 ) elta eta H i + 1 (M L I i + 1 ) \\ H i + 1 (M L I i + 1 / I i + 2 ),lexical_candidate_only
cohomology,46,chapter,01FN,cohomology-equation-first-homotopy,cohomology.tex,4336,equation,The alternating Cech complex,egin equation h(s) i 0 i p = 0 a p (-1) a ext sign ( a) s i (0) i (a) i a(a) i a(p),lexical_candidate_only
cohomology,46,chapter,01FA,cohomology-equation-functorial,cohomology.tex,2386,equation,Functoriality of cohomology,"egin equation arphi : H i(Y, G ) H i(X, F ).",lexical_candidate_only
cohomology,46,chapter,01F9,cohomology-equation-functorial-derived,cohomology.tex,2370,equation,Functoriality of cohomology,"egin equation arphi : R (Y, G ) R (X, F )",lexical_candidate_only
cohomology,46,chapter,08C0,cohomology-equation-global-sections-to-alternating-cech,cohomology.tex,10144,equation,Cech cohomology of unbounded complexes,"egin equation (X, F ullet) ext Tot (heck C ullet alt ( U , F ullet))",lexical_candidate_only
cohomology,46,chapter,07M9,cohomology-equation-global-sections-to-cech,cohomology.tex,4811,equation,Cech cohomology of complexes,"egin equation (X, F ullet) ext Tot (heck C ullet( U , F ullet))",lexical_candidate_only
cohomology,46,chapter,08DI,cohomology-equation-internal-hom,cohomology.tex,10551,equation,Internal hom in the derived category,"egin equation om D( O X) (K, R (L, M)) = om D( O X) (K O X L L, M)",lexical_candidate_only
cohomology,46,chapter,071A,cohomology-equation-into-candidate-K-injective,cohomology.tex,9867,equation,Producing K-injective resolutions,egin equation F ullet o I ullet,lexical_candidate_only
cohomology,46,chapter,07MB,cohomology-equation-needs-signs,cohomology.tex,5273,equation,Cech cohomology of complexes,"egin equation ext Tot ( ext Tot (heck C ullet( U , F ullet)) Z ext Tot (heck C ullet( U , G ullet)) ight) ext Tot ( heck C ullet( U , ext Tot ( F ullet G ullet) ))",lexical_candidate_only
cohomology,46,chapter,0B53,cohomology-equation-projection-formula-map,cohomology.tex,13956,equation,Projection formula,egin equation Rf *E L O Y K Rf *(E L O X Lf *K),lexical_candidate_only
cohomology,46,chapter,01E2,cohomology-equation-restriction-mapping,cohomology.tex,535,equation,Locality of cohomology,"egin equation H n(V, F ) H n(U, F ), | U",lexical_candidate_only
cohomology,46,chapter,01FO,cohomology-equation-second-homotopy,cohomology.tex,4418,equation,The alternating Cech complex,egin equation h(s) i 0 i p = \ egin matrix 0 ext if i 0 < i 1 < < i p \\ (-1) a s i 0 i a - 1 i a i a i a + 1 i p ext if i 0 < i 1 < < i a - 1 < i a = i a + 1 ight.,lexical_candidate_only
cohomology,46,chapter,0BKR,cohomology-equation-ses-Rlim-over-U,cohomology.tex,9540,equation,Derived limits,egin equation 0 o R 1 nderline H m - 1 n(U) o nderline H m(U) o nderline H m n(U) o 0,lexical_candidate_only
cohomology,46,chapter,0717,cohomology-equation-total-derived-cohomology,cohomology.tex,167,equation,Derived functors,"egin equation R (U, -) : D + (X) D + ( O X(U))",lexical_candidate_only
cohomology,46,chapter,0718,cohomology-equation-total-derived-direct-image,cohomology.tex,185,equation,Derived functors,egin equation Rf * : D + (X) D + (Y),lexical_candidate_only
cohomology,46,chapter,08BM,cohomology-equation-transformation,cohomology.tex,4828,equation,Cech cohomology of complexes,"egin equation T t : ext Tot (heck C ullet( U , F ullet)) ext Tot (heck C ullet( V , F ullet)).",lexical_candidate_only
cohomology,46,chapter,0BX0,cohomology-example-datta,cohomology.tex,3619,example,Vanishing on Noetherian topological spaces,"egin example Let X = N endowed with the topology whose opens are , X , and U n = \ i i n\ for n 1 . An abelian sheaf F on X is the same as an inverse system of abelian groups A n = F (U n) and (X, F ) = A n . Since the inverse limit functor is not an exact functor on the category",lexical_candidate_only
cohomology,46,chapter,0FP9,cohomology-example-dual,cohomology.tex,12799,example,Duals,"egin example Let (X, O X) be a ringed space. Let F ullet be a locally bounded complex of O X -modules such that each F n is locally a direct summand of a finite free O X -module. In other words, there is an open covering X = igcup U i such that F ullet| U i is a strictly perfect ",lexical_candidate_only
cohomology,46,chapter,0FPC,cohomology-example-dual-derived,cohomology.tex,13028,example,Duals,"egin example Let (X, O X) be a ringed space. Let K be a perfect object of D( O X) . Set K ee = R (K, O X) as in Lemma ef lemma-dual-perfect-complex . Then the map K O X L K ee R (K, K) is an isomorphism (by the lemma). Denote : O X K O X L K ee the map sending 1 to the section co",lexical_candidate_only
cohomology,46,chapter,0H3E,cohomology-example-formal-functions-principal,cohomology.tex,10064,example,"Inverse systems and cohomology, III","egin example Let (X, O X) be a ringed space. Let A o (X, O X) be a ring map and let f A . Let F be an O X -module. Assume there is a c such that F [f c] = F [f n] for all n c . We are going to apply Lemma ef lemma-formal-functions-principal with E = F . By Lemma ef lemma-stabiliz",lexical_candidate_only
cohomology,46,chapter,0BKM,cohomology-example-spectral-sequence,cohomology.tex,6897,example,Cohomology of filtered complexes,"egin example Let (X, O X) be a ringed space. Let F ullet be a complex of O X -modules. We can apply Lemma ef lemma-spectral-sequence-filtered-object with F p F ullet = au -p F ullet . (If F ullet is bounded below we can use Remark ef remark-spectral-sequence-filtered-object .) Th",lexical_candidate_only
cohomology,46,chapter,0FLK,cohomology-example-spectral-sequence-bis,cohomology.tex,6925,example,Cohomology of filtered complexes,"egin example Let (X, O X) be a ringed space. Let F ullet be a complex of O X -modules. We can apply Lemma ef lemma-spectral-sequence-filtered-object with F p F ullet = p F ullet . Then we get a spectral sequence E 1 p, q = H p + q (X, F p[-p]) = H q(X, F p) If F ullet is bounded ",lexical_candidate_only
cohomology,46,chapter,0GT5,cohomology-lemma-I-torsion-free,cohomology.tex,14144,lemma,An operator introduced by Berthelot and Ogus,"egin lemma In Situation ef situation-eta let F be an O X -module. The following are equivalent egin enumerate the subsheaf F [ I ] F of sections annihilated by I is zero, the subsheaf F [ I n] is zero for all n 1 , the multiplication map I O X F o F is injective, for every open U",lexical_candidate_only
cohomology,46,chapter,06YA,cohomology-lemma-K-flat-quasi-isomorphism,cohomology.tex,5850,lemma,Flat resolutions,"egin lemma Let (X, O X) be a ringed space. Let K ullet be a K-flat complex. Then the functor K(extit Mod ( O X)) K(extit Mod ( O X)), F ullet ext Tot ( F ullet O X K ullet) transforms quasi-isomorphisms into quasi-isomorphisms.",lexical_candidate_only
cohomology,46,chapter,06YF,cohomology-lemma-K-flat-resolution,cohomology.tex,6052,lemma,Flat resolutions,"egin lemma Let (X, O X) be a ringed space. For any complex G ullet there exists a K -flat complex K ullet whose terms are flat O X -modules and a quasi-isomorphism K ullet o G ullet which is termwise surjective.",lexical_candidate_only
cohomology,46,chapter,079S,cohomology-lemma-K-flat-two-out-of-three,cohomology.tex,5919,lemma,Flat resolutions,"egin lemma Let (X, O X) be a ringed space. Let ( K 1 ullet, K 2 ullet, K 3 ullet) be a distinguished triangle in K(extit Mod ( O X)) . If two out of three of K i ullet are K-flat, so is the third.",lexical_candidate_only
cohomology,46,chapter,0G6U,cohomology-lemma-K-flat-two-out-of-three-ses,cohomology.tex,5935,lemma,Flat resolutions,"egin lemma Let (X, O X) be a ringed space. Let 0 o K 1 ullet o K 2 ullet o K 3 ullet o 0 be a short exact sequence of complexes such that the terms of K 3 ullet are flat O X -modules. If two out of three of K i ullet are K-flat, so is the third.",lexical_candidate_only
cohomology,46,chapter,071B,cohomology-lemma-K-injective,cohomology.tex,9874,lemma,Producing K-injective resolutions,"egin lemma In the situation described above. Denote H m = H m( F ullet) the m th cohomology sheaf. Let B be a set of open subsets of X . Let d N . Assume egin enumerate every open in X has a covering whose members are elements of B , for every U B we have H p(U, H q) = 0 for p > ",lexical_candidate_only
cohomology,46,chapter,0D5Z,cohomology-lemma-K-injective-flat,cohomology.tex,8053,lemma,Some properties of K-injective complexes,"egin lemma Let f : X o Y be a flat morphism of ringed spaces. If I ullet is a K-injective complex of O X -modules, then f * I ullet is K-injective as a complex of O Y -modules.",lexical_candidate_only
cohomology,46,chapter,01F2,cohomology-lemma-Leray,cohomology.tex,2213,lemma,The Leray spectral sequence,"egin lemma [Leray spectral sequence] Let f : X o Y be a morphism of ringed spaces. Let F ullet be a bounded below complex of O X -modules. There is a spectral sequence E 2 p, q = H p(Y, R qf *( F ullet)) converging to H p + q (X, F ullet) .",lexical_candidate_only
cohomology,46,chapter,0D5W,cohomology-lemma-Leray-unbounded,cohomology.tex,7918,lemma,Some properties of K-injective complexes,"egin lemma Let f : X o Y be a morphism of ringed spaces. Then R (Y, -) irc Rf * = R (X, -) as functors D( O X) o D( (Y, O Y)) . More generally for V Y open and U = f -1 (V) we have R (U, -) = R (V, -) irc Rf * .",lexical_candidate_only
cohomology,46,chapter,0F8Q,cohomology-lemma-Leta,cohomology.tex,14335,lemma,An operator introduced by Berthelot and Ogus,"egin lemma In Situation ef situation-eta there is an additive functor Beware that this functor isn't exact, i.e., does not transform distinguished triangles into distinguished triangles. L I : D( O X) o D( O X) such that if M in D( O X) is represented by a complex F ullet of I -t",lexical_candidate_only
cohomology,46,chapter,0BLC,cohomology-lemma-ML,cohomology.tex,9332,lemma,"Inverse systems and cohomology, II","egin lemma Let A be a ring. Let f A . Let X be a topological space. Let o F 3 o F 2 o F 1 be an inverse system of sheaves of A -modules. Let p 0 . Assume egin enumerate either H p + 1 (X, F 1) is an A -module of finite length or A is Noetherian and H p + 1 (X, F 1) is a finite A ",lexical_candidate_only
cohomology,46,chapter,0DXG,cohomology-lemma-ML-better,cohomology.tex,9365,lemma,"Inverse systems and cohomology, II","egin lemma Let A be a ring. Let f A . Let X be a topological space. Let o F 3 o F 2 o F 1 be an inverse system of sheaves of A -modules. Let p 0 . Assume egin enumerate either there is an m 1 such that the image of H p + 1 (X, F m) o H p + 1 (X, F 1) is an A -module of finite len",lexical_candidate_only
cohomology,46,chapter,0GYK,cohomology-lemma-ML-general,cohomology.tex,8931,lemma,"Inverse systems and cohomology, I","egin lemma Let I be an ideal of a ring A . Let X be a topological space. Let o F 3 o F 2 o F 1 be an inverse system of sheaves of A -modules on X such that F n = F n + 1 /I n F n + 1 . Let p 0 . Assume igoplus n 0 H p + 1 (X, I n F n + 1 ) satisfies the ascending chain condition ",lexical_candidate_only
cohomology,46,chapter,0GYL,cohomology-lemma-ML-general-better,cohomology.tex,8989,lemma,"Inverse systems and cohomology, I","egin lemma Let I be an ideal of a ring A . Let X be a topological space. Let o F 3 o F 2 o F 1 be an inverse system of A -modules on X such that F n = F n + 1 /I n F n + 1 . Let p 0 . Given n define N n = igcap m n ( H p + 1 (X, I n F m + 1 ) o H p + 1 (X, I n F n + 1 ) ight) If ",lexical_candidate_only
cohomology,46,chapter,0D60,cohomology-lemma-RGamma-commutes-with-Rlim,cohomology.tex,9457,lemma,Derived limits,"egin lemma Let (X, O X) be a ringed space. For U X open the functor R (U, -) commutes with R . Moreover, there are short exact sequences 0 o R 1 H m - 1 (U, K n) o H m(U, R K n) o H m(U, K n) o 0 for any inverse system (K n) in D( O X) and any m Z .",lexical_candidate_only
cohomology,46,chapter,0A8T,cohomology-lemma-RHom-from-K-flat-into-K-injective,cohomology.tex,10496,lemma,Hom complexes,"egin lemma Let (X, O X) be a ringed space. Let I ullet be a K-injective complex of O X -modules. Let L ullet be a K-flat complex of O X -modules. Then ullet( L ullet, I ullet) is a K-injective complex of O X -modules.",lexical_candidate_only
cohomology,46,chapter,0A8R,cohomology-lemma-RHom-into-K-injective,cohomology.tex,10433,lemma,Hom complexes,"egin lemma Let (X, O X) be a ringed space. Let L and M be objects of D( O X) . Let I ullet be a K-injective complex of O X -modules representing M . Let L ullet be a complex of O X -modules representing L . Then H 0( (U, ullet( L ullet, I ullet))) = om D( O U) (L| U, M| U) for al",lexical_candidate_only
cohomology,46,chapter,08I0,cohomology-lemma-RHom-triangulated,cohomology.tex,10654,lemma,Internal hom in the derived category,"egin lemma Let (X, O X) be a ringed space. The bifunctor R (- , -) transforms distinguished triangles into distinguished triangles in both variables.",lexical_candidate_only
cohomology,46,chapter,0A8S,cohomology-lemma-RHom-well-defined,cohomology.tex,10461,lemma,Hom complexes,"egin lemma Let (X, O X) be a ringed space. Let ( I ') ullet o I ullet be a quasi-isomorphism of K-injective complexes of O X -modules. Let ( L ') ullet o L ullet be a quasi-isomorphism of complexes of O X -modules. Then ullet( L ullet, ( I ') ullet) ullet(( L ') ullet, I ullet) i",lexical_candidate_only
cohomology,46,chapter,0BKP,cohomology-lemma-Rf-commutes-with-Rlim,cohomology.tex,9479,lemma,Derived limits,"egin lemma Let f : (X, O X) o (Y, O Y) be a morphism of ringed spaces. Then Rf * commutes with R , i.e., Rf * commutes with derived limits.",lexical_candidate_only
cohomology,46,chapter,08I5,cohomology-lemma-Rhom-complex-of-direct-summands-finite-free,cohomology.tex,11882,lemma,Strictly perfect complexes,"egin lemma Let (X, O X) be a ringed space. Let E ullet , F ullet be complexes of O X -modules with egin enumerate F n = 0 for n 0 , E n = 0 for n 0 , and E n isomorphic to a direct summand of a finite free O X -module. Then the internal hom R ( E ullet, F ullet) is represented by",lexical_candidate_only
cohomology,46,chapter,08DM,cohomology-lemma-Rhom-strictly-perfect,cohomology.tex,11785,lemma,Strictly perfect complexes,"egin lemma Let (X, O X) be a ringed space. Let E ullet , F ullet be complexes of O X -modules with E ullet strictly perfect. Then the internal hom R ( E ullet, F ullet) is represented by the complex H ullet with terms H n = igoplus n = p + q O X ( E -q , F p) and differential as ",lexical_candidate_only
cohomology,46,chapter,0GM5,cohomology-lemma-Rhom-strictly-perfect-K-flat,cohomology.tex,11832,lemma,Strictly perfect complexes,"egin lemma In the situation of Lemma ef lemma-Rhom-strictly-perfect if F ullet is K-flat, then H ullet is K-flat.",lexical_candidate_only
cohomology,46,chapter,079W,cohomology-lemma-adjoint,cohomology.tex,6611,lemma,Cohomology of unbounded complexes,"egin lemma Let f : (X, O X) o (Y, O Y) be a morphism of ringed spaces. The functor Rf * defined above and the functor Lf * defined in Lemma ef lemma-derived-base-change are adjoint: om D( O X) (Lf * G ullet, F ullet) = om D( O Y) ( G ullet, Rf * F ullet) bifunctorially in F ullet",lexical_candidate_only
cohomology,46,chapter,08BT,cohomology-lemma-adjoint-lower-shriek-restrict,cohomology.tex,8038,lemma,Some properties of K-injective complexes,"egin lemma Let (X, O X) be a ringed space. Let U X be an open subset. Denote j : (U, O U) o (X, O X) the corresponding open immersion. The restriction functor D( O X) o D( O U) is a right adjoint to extension by zero j ! : D( O U) o D( O X) .",lexical_candidate_only
cohomology,46,chapter,0FP1,cohomology-lemma-adjoints-push-pull-compatibility,cohomology.tex,6724,lemma,Cohomology of unbounded complexes,"egin lemma Let f : (X, O X) o (Y, O Y) be a morphism of ringed spaces. Let K ullet be a complex of O X -modules. The diagram Lf *f * K ullet f *f * K ullet \\ Lf *Rf * K ullet K ullet coming from Lf * o f * on complexes, f * o Rf * on complexes, and adjunction Lf * irc Rf * o ext",lexical_candidate_only
cohomology,46,chapter,08C1,cohomology-lemma-alternating-cech-complex-complex,cohomology.tex,10157,lemma,Cech cohomology of unbounded complexes,"egin lemma Let (X, O X) be a ringed space. Let U : X = igcup i I U i be a finite open covering. For a complex F ullet of O X -modules there is a canonical map ext Tot (heck C ullet alt ( U , F ullet)) R (X, F ullet) functorial in F ullet and compatible with (ef equation-global-se",lexical_candidate_only
cohomology,46,chapter,08C2,cohomology-lemma-alternating-cech-complex-complex-ss,cohomology.tex,10204,lemma,Cech cohomology of unbounded complexes,"egin lemma Let (X, O X) be a ringed space. Let U : X = igcup i I U i be a finite open covering. Let F ullet be a complex of O X -modules. Let B be a set of open subsets of X . Assume egin enumerate every open in X has a covering whose members are elements of B , we have U i 0 i p",lexical_candidate_only
cohomology,46,chapter,0G6T,cohomology-lemma-alternating-cech-trivial,cohomology.tex,4456,lemma,The alternating Cech complex,"egin lemma Let X be a topological space. Let F be an abelian presheaf on X . Let U : U = igcup i I U i be an open covering. If U i = U for some i I , then the extended alternating Cech complex F (U) o heck C alt ullet( U , F ) obtained by putting F (U) in degree -1 with different",lexical_candidate_only
cohomology,46,chapter,01FM,cohomology-lemma-alternating-usual,cohomology.tex,4263,lemma,The alternating Cech complex,"egin lemma Let X be a topological space. Let U : U = igcup i I U i be an open covering. Assume I comes equipped with a total ordering. The map c irc is homotopic to the identity on heck C ullet( U , F ) . In particular the inclusion map heck C alt ullet( U , F ) o heck C ullet( U",lexical_candidate_only
cohomology,46,chapter,01F4,cohomology-lemma-apply-Leray,cohomology.tex,2255,lemma,The Leray spectral sequence,"egin lemma Let f : X o Y be a morphism of ringed spaces. Let F be an O X -module. egin enumerate If R qf * F = 0 for q > 0 , then H p(X, F ) = H p(Y, f * F ) for all p . If H p(Y, R qf * F ) = 0 for all q and p > 0 , then H q(X, F ) = H 0(Y, R qf * F ) for all q .",lexical_candidate_only
cohomology,46,chapter,0H99,cohomology-lemma-base-change-cup-product,cohomology.tex,7766,lemma,Cup product,"egin lemma Consider a commutative square (X', O X' ) g' f' (X, O X) f \\ (Y', O Y' ) g (Y, O Y) of ringed spaces. Let K, L in D( O X) . The relative cup product is compatible with the square in the sense that the diagram Lg *(Rf *K O Y L Rf *L) = [d] Lg *(Rf *(K O X L L)) \\ Lg *",lexical_candidate_only
cohomology,46,chapter,02N7,cohomology-lemma-base-change-map-flat-case,cohomology.tex,2977,lemma,The base change map,egin lemma Let X' g' f' X f \\ S' g S be a commutative diagram of ringed spaces. Let F ullet be a bounded below complex of O X -modules. Assume both g and g' are flat. Then there exists a canonical base change map g *Rf * F ullet R(f') *(g') * F ullet in D + (S') .,lexical_candidate_only
cohomology,46,chapter,01EZ,cohomology-lemma-before-Leray,cohomology.tex,2092,lemma,The Leray spectral sequence,"egin lemma Let f : X o Y be a morphism of ringed spaces. There is a commutative diagram D + (X) - R (X, -) Rf * D + ( O X(X)) ext restriction \\ D + (Y) - R (Y, -) D + ( O Y(Y)) More generally for any V Y open and U = f -1 (V) there is a commutative diagram D + (X) - R (U, -) Rf ",lexical_candidate_only
cohomology,46,chapter,0B8S,cohomology-lemma-boundary-derivation-over-cup-product,cohomology.tex,5742,lemma,Cech cohomology of complexes,"egin lemma Let X be a topological space. Let O ' o O be a surjection of sheaves of rings whose kernel I O ' has square zero. Then M = H 1(X, I ) is a R = H 0(X, O ) -module and the boundary map : R o M associated to the short exact sequence 0 o I o O ' o O o 0 is a derivation (Al",lexical_candidate_only
cohomology,46,chapter,06YD,cohomology-lemma-bounded-flat-K-flat,cohomology.tex,5977,lemma,Flat resolutions,"egin lemma Let (X, O X) be a ringed space. A bounded above complex of flat O X -modules is K-flat.",lexical_candidate_only
cohomology,46,chapter,0FPF,cohomology-lemma-category-summands-finite-free,cohomology.tex,13581,lemma,Invertible objects in the derived category,"egin lemma Let (X, O X) be a ringed space. Set R = (X, O X) . The category of O X -modules which are summands of finite free O X -modules is equivalent to the category of finite projective R -modules.",lexical_candidate_only
cohomology,46,chapter,09V2,cohomology-lemma-cech-Hausdorff-quasi-compact,cohomology.tex,2667,lemma,Cohomology on Hausdorff quasi-compact spaces,"egin lemma Let X be a Hausdorff and quasi-compact topological space. Let F be an abelian sheaf on X . Then the map heck H n(X, F ) o H n(X, F ) defined in (ef equation-cech-to-cohomology ) is an isomorphism for all n .",lexical_candidate_only
cohomology,46,chapter,09V1,cohomology-lemma-cech-always,cohomology.tex,2643,lemma,Cohomology on Hausdorff quasi-compact spaces,"egin lemma Let X be a topological space. Let F be an abelian sheaf. Then the map heck H 1(X, F ) o H 1(X, F ) defined in (ef equation-cech-to-cohomology ) is an isomorphism.",lexical_candidate_only
cohomology,46,chapter,01EQ,cohomology-lemma-cech-cohomology,cohomology.tex,1434,lemma,Cech cohomology and cohomology,"egin lemma Let X be a ringed space. Let U : U = igcup i I U i be an open covering. There is a transformation heck C ullet( U , -) R (U, -) of functors extit Mod ( O X) o D + ( O X(U)) . In particular this provides canonical maps heck H p( U , F ) o H p(U, F ) for F ranging over e",lexical_candidate_only
cohomology,46,chapter,01EK,cohomology-lemma-cech-cohomology-delta-functor-presheaves,cohomology.tex,1066,lemma,Cech cohomology as a functor on presheaves,"egin lemma Let X be a ringed space. Let U : U = igcup i I U i be an open covering. The functors F heck H n( U , F ) form a elta -functor from the abelian category of presheaves of O X -modules to the category of O X(U) -modules (see Homology, Definition ef homology-definition-coh",lexical_candidate_only
cohomology,46,chapter,01EN,cohomology-lemma-cech-cohomology-derived-presheaves,cohomology.tex,1287,lemma,Cech cohomology as a functor on presheaves,"egin lemma Let X be a ringed space. Let U : U = igcup i I U i be an open covering of U X . The Cech cohomology functors heck H p( U , -) are canonically isomorphic as a elta -functor to the right derived functors of the functor heck H 0( U , -) : extit PMod ( O X) ext Mod O X(U) ",lexical_candidate_only
cohomology,46,chapter,08BN,cohomology-lemma-cech-complex-complex,cohomology.tex,4939,lemma,Cech cohomology of complexes,"egin lemma Let (X, O X) be a ringed space. Let U : X = igcup i I U i be an open covering. For a bounded below complex F ullet of O X -modules there is a canonical map ext Tot (heck C ullet( U , F ullet)) R (X, F ullet) functorial in F ullet and compatible with (ef equation-global",lexical_candidate_only
cohomology,46,chapter,0FLH,cohomology-lemma-cech-complex-complex-computes,cohomology.tex,5022,lemma,Cech cohomology of complexes,"egin lemma Let (X, O X) be a ringed space. Let U : X = igcup i I U i be an open covering. Let F ullet be a bounded below complex of O X -modules. If H i(U i 0 i p , F q) = 0 for all i > 0 and all p, i 0, , i p, q , then the map ext Tot (heck C ullet( U , F ullet)) o R (X, F ullet",lexical_candidate_only
cohomology,46,chapter,01EJ,cohomology-lemma-cech-exact-presheaves,cohomology.tex,1049,lemma,Cech cohomology as a functor on presheaves,"egin lemma The functor given by Equation (ef equation-cech-functor ) is an exact functor (see Homology, Lemma ef homology-lemma-exact-functor ).",lexical_candidate_only
cohomology,46,chapter,01EG,cohomology-lemma-cech-h0,cohomology.tex,927,lemma,The Cech complex and Cech cohomology,"egin lemma Let X be a topological space. Let F be an abelian presheaf on X . The following are equivalent egin enumerate F is an abelian sheaf and for every open covering U : U = igcup i I U i the natural map F (U) o heck H 0( U , F ) is bijective.",lexical_candidate_only
cohomology,46,chapter,0B8R,cohomology-lemma-cech-h1,cohomology.tex,1486,lemma,Cech cohomology and cohomology,"egin lemma Let X be a topological space. Let H be an abelian sheaf on X . Let U : X = igcup i I U i be an open covering. The map heck H 1( U , H ) H 1(X, H ) is injective and identifies heck H 1( U , H ) via the bijection of Lemma ef lemma-torsors-h1 with the set of isomorphism c",lexical_candidate_only
cohomology,46,chapter,01EL,cohomology-lemma-cech-map-into,cohomology.tex,1138,lemma,Cech cohomology as a functor on presheaves,egin lemma Let X be a ringed space. Let U : U = igcup i I U i be an open covering. Denote j i 0 i p : U i 0 i p o X the open immersion. Consider the chain complex K( U ) ullet of presheaves of O X -modules o igoplus i 0i 1i 2 (j i 0i 1i 2 ) p! O U i 0i 1i 2 o igoplus i 0i 1 (j i ,lexical_candidate_only
cohomology,46,chapter,01ES,cohomology-lemma-cech-spectral-sequence,cohomology.tex,1541,lemma,Cech cohomology and cohomology,"egin lemma Let X be a ringed space. Let U : U = igcup i I U i be an open covering. For any sheaf of O X -modules F there is a spectral sequence (E r, d r) r 0 with E 2 p, q = heck H p( U , nderline H q( F )) converging to H p + q (U, F ) . This spectral sequence is functorial in ",lexical_candidate_only
cohomology,46,chapter,01ET,cohomology-lemma-cech-spectral-sequence-application,cohomology.tex,1574,lemma,Cech cohomology and cohomology,"egin lemma Let X be a ringed space. Let U : U = igcup i I U i be an open covering. Let F be an O X -module. Assume that H i(U i 0 i p , F ) = 0 for all i > 0 , all p 0 and all i 0, , i p I . Then heck H p( U , F ) = H p(U, F ) as O X(U) -modules.",lexical_candidate_only
cohomology,46,chapter,0G6S,cohomology-lemma-cech-trivial,cohomology.tex,949,lemma,The Cech complex and Cech cohomology,"egin lemma Let X be a topological space. Let F be an abelian presheaf on X . Let U : U = igcup i I U i be an open covering. If U i = U for some i I , then the extended Cech complex F (U) o heck C ullet( U , F ) obtained by putting F (U) in degree -1 with differential given by the",lexical_candidate_only
cohomology,46,chapter,01EV,cohomology-lemma-cech-vanish,cohomology.tex,1631,lemma,Cech cohomology and cohomology,"egin lemma egin slogan If higher Cech cohomology of an abelian sheaf vanishes for all open covers, then higher cohomology vanishes. Let X be a ringed space. Let F be an O X -module such that heck H p( U , F ) = 0 for all p > 0 and any open covering U : U = igcup i I U i of an ope",lexical_candidate_only
cohomology,46,chapter,01EW,cohomology-lemma-cech-vanish-basis,cohomology.tex,1696,lemma,Cech cohomology and cohomology,egin lemma (Variant of Lemma ef lemma-cech-vanish .) Let X be a ringed space. Let B be a basis for the topology on X . Let F be an O X -module. Assume there exists a set of open coverings ext Cov with the following properties: egin enumerate For every U ext Cov with U : U = igcup,lexical_candidate_only
cohomology,46,chapter,06YB,cohomology-lemma-check-K-flat-stalks,cohomology.tex,5873,lemma,Flat resolutions,"egin lemma Let (X, O X) be a ringed space. Let K ullet be a complex of O X -modules. Then K ullet is K-flat if and only if for all x X the complex K x ullet of O X, x -modules is K-flat (More on Algebra, Definition ef more-algebra-definition-K-flat ).",lexical_candidate_only
cohomology,46,chapter,02UV,cohomology-lemma-cohomology-and-closed-immersions,cohomology.tex,3447,lemma,Vanishing on Noetherian topological spaces,"egin lemma Let i : Z o X be a closed immersion of topological spaces. For any abelian sheaf F on Z we have H p(Z, F ) = H p(X, i * F ) .",lexical_candidate_only
cohomology,46,chapter,0D61,cohomology-lemma-cohomology-derived-limit-injective,cohomology.tex,9585,lemma,Derived limits,"egin lemma Let (X, O X) be a ringed space. Let (K n) be an inverse system in D( O X) . Let x X and m Z . Assume there exist an integer n(x) and a fundamental system U x of open neighbourhoods of x such that for U U x egin enumerate R 1 H m - 1 (U, K n) = 0 , and H m(U, K n) o H m",lexical_candidate_only
cohomology,46,chapter,09V3,cohomology-lemma-cohomology-of-closed,cohomology.tex,2848,lemma,Cohomology on Hausdorff quasi-compact spaces,"egin lemma egin reference ite[Expose V bis, 4.1.3] SGA4 Let X be a topological space. Let Z X be a quasi-compact subset such that any two points of Z have disjoint open neighbourhoods in X . For every abelian sheaf F on X the canonical map olim H p(U, F ) H p(Z, F | Z) where the ",lexical_candidate_only
cohomology,46,chapter,0A3D,cohomology-lemma-cohomology-of-neighbourhoods-of-closed,cohomology.tex,3870,lemma,Cohomology on spectral spaces,"egin lemma Let X be a spectral space. Let F be an abelian sheaf on X . Let E X be a quasi-compact subset. Let W X be the set of points of X which specialize to a point of E . egin enumerate H p(W, F | W) = olim H p(U, F ) where the colimit is over quasi-compact open neighbourhood",lexical_candidate_only
cech,186,label;section;text,01FG,cohomology-section-alternating-cech,cohomology.tex,4072,section,The alternating Cech complex,The alternating Cech complex This section compares the Cech complex with the alternating Cech complex and some related complexes. Let X be a topological s,lexical_candidate_only
cech,186,label;section;text,01ED,cohomology-section-cech,cohomology.tex,869,section,The Cech complex and Cech cohomology,"The Cech complex and Cech cohomology Let X be a topological space. Let U : U = igcup i I U i be an open covering, see Topology, Basic notion (ef topology-item-covering ). As is cust",lexical_candidate_only
cech,186,label;section;text,03AK,sites-cohomology-section-cech,sites-cohomology.tex,790,section,The Cech complex and Cech cohomology,"The Cech complex and Cech cohomology Let C be a category. Let U = \ U i o U\ i I be a family of morphisms with fixed target, see Sites, Definition ef sites-definition-fam",lexical_candidate_only
cech,186,label;section;text,03AV,sites-cohomology-section-cech-cohomology-cohomology,sites-cohomology.tex,1310,section,Cech cohomology and cohomology,Cech cohomology and cohomology The relationship between cohomology and Cech cohomology comes from the fact that the Cech cohomology of an injective abelian sheaf is ze,lexical_candidate_only
cech,185,label;section;text,01EF,cohomology-definition-cech-complex,cohomology.tex,913,definition,The Cech complex and Cech cohomology,"egin definition Let X be a topological space. Let U : U = igcup i I U i be an open covering. Let F be an abelian presheaf on X . The complex heck C ullet( U , F ) is the Cech complex associated to F and the open covering U . Its cohomology groups H i(heck C ullet( U , F )) are ca",lexical_candidate_only
cech,185,label;section;text,0G6S,cohomology-lemma-cech-trivial,cohomology.tex,949,lemma,The Cech complex and Cech cohomology,"egin lemma Let X be a topological space. Let F be an abelian presheaf on X . Let U : U = igcup i I U i be an open covering. If U i = U for some i I , then the extended Cech complex F (U) o heck C ullet( U , F ) obtained by putting F (U) in degree -1 with differential given by the",lexical_candidate_only
cech,185,label;section;text,08BZ,cohomology-section-cech-cohomology-of-unbounded-complexes,cohomology.tex,10117,section,Cech cohomology of unbounded complexes,Cech cohomology of unbounded complexes The construction of Section ef section-cech-cohomology-of-complexes isn't the ``correct'' one for unbounded complexes. The problem,lexical_candidate_only
cech,185,label;section;text,02FR,cohomology-section-locally-finite-cech,cohomology.tex,4565,section,Alternative view of the Cech complex,Alternative view of the Cech complex In this section we discuss an alternative way to establish the relationship between the Cech complex and cohomology. egin lemma lemma-cov,lexical_candidate_only
cech,185,label;section;text,03OP,etale-cohomology-lemma-cech-complex-describe,etale-cohomology.tex,1593,lemma,Cech cohomology,"egin lemma Notation and assumptions as in Definition ef definition-cech-complex . The Cech complex heck C ullet( U , F ) can be described explicitly as follows egin eqnarray* heck C ullet( U , F ) = ( i 0 I om extit PAb ( C ) ( Z U i 0 , F ) o i 0, i 1 I om extit PAb ( C ) ( Z U ",lexical_candidate_only
cech,185,label;section;text,02AO,exercises-section-cech-cohomology,exercises.tex,3927,section,Cech Cohomology,Cech Cohomology egin exercise Cech cohomology. Here k is a field. egin enumerate Let X be a scheme with an open covering,lexical_candidate_only
cech,185,label;section;text,0G6F,more-algebra-section-alternating-cech,more-algebra.tex,6913,section,The extended alternating Cech complex,"The extended alternating Cech complex Let R be a ring. Let f 1, , f r R . The extended alternating Cech complex of R is the cochain complex R o igoplus i 0",lexical_candidate_only
cech,185,label;section;text,03AM,sites-cohomology-definition-cech-complex,sites-cohomology.tex,833,definition,The Cech complex and Cech cohomology,"egin definition Let C be a category. Let U = \ U i o U\ i I be a family of morphisms with fixed target such that all fibre products U i 0 imes U imes U U i p exist in C . Let F be an abelian presheaf on C . The complex heck C ullet( U , F ) is the Cech complex associated to F and",lexical_candidate_only
cech,185,label;section;text,0908,topology-section-stone-cech,topology.tex,5097,section,Stone- Cech compactification,Stone- Cech compactification The Stone- Cech compactification of a topological space X is a map X o eta(X) from X to a Hausdorff quasi-compact space eta(X) which is universa,lexical_candidate_only
cech,184,label;section;text,01X8,coherent-section-cech-quasi-coherent,coherent.tex,33,section,Cech cohomology of quasi-coherent sheaves,Cech cohomology of quasi-coherent sheaves Let X be a scheme. Let U X be an affine open. Recall that a standard open covering of U is a covering of the form U : U =,lexical_candidate_only
cech,184,label;section;text,01FH,cohomology-definition-alternating-cech-complex,cohomology.tex,4103,definition,The alternating Cech complex,"egin definition Let X be a topological space. Let U : U = igcup i I U i be an open covering. Let F be an abelian presheaf on X . The complex heck C alt ullet( U , F ) is the alternating Cech complex associated to F and the open covering U .",lexical_candidate_only
cech,184,label;section;text,01FI,cohomology-definition-ordered-cech-complex,cohomology.tex,4153,definition,The alternating Cech complex,"egin definition Let X be a topological space. Let U : U = igcup i I U i be an open covering. Assume given a total ordering on I . Let F be an abelian presheaf on X . The complex heck C ord ullet( U , F ) is the ordered Cech complex associated to F , the open covering U and the gi",lexical_candidate_only
cech,184,label;section;text,0G6T,cohomology-lemma-alternating-cech-trivial,cohomology.tex,4456,lemma,The alternating Cech complex,"egin lemma Let X be a topological space. Let F be an abelian presheaf on X . Let U : U = igcup i I U i be an open covering. If U i = U for some i I , then the extended alternating Cech complex F (U) o heck C alt ullet( U , F ) obtained by putting F (U) in degree -1 with different",lexical_candidate_only
cech,184,label;section;text,01EN,cohomology-lemma-cech-cohomology-derived-presheaves,cohomology.tex,1287,lemma,Cech cohomology as a functor on presheaves,"egin lemma Let X be a ringed space. Let U : U = igcup i I U i be an open covering of U X . The Cech cohomology functors heck H p( U , -) are canonically isomorphic as a elta -functor to the right derived functors of the functor heck H 0( U , -) : extit PMod ( O X) ext Mod O X(U) ",lexical_candidate_only
cech,184,label;section;text,01EJ,cohomology-lemma-cech-exact-presheaves,cohomology.tex,1049,lemma,Cech cohomology as a functor on presheaves,"egin lemma The functor given by Equation (ef equation-cech-functor ) is an exact functor (see Homology, Lemma ef homology-lemma-exact-functor ).",lexical_candidate_only
cech,184,label;section;text,01EV,cohomology-lemma-cech-vanish,cohomology.tex,1631,lemma,Cech cohomology and cohomology,"egin lemma egin slogan If higher Cech cohomology of an abelian sheaf vanishes for all open covers, then higher cohomology vanishes. Let X be a ringed space. Let F be an O X -module such that heck H p( U , F ) = 0 for all p > 0 and any open covering U : U = igcup i I U i of an ope",lexical_candidate_only
cech,184,label;section;text,01EW,cohomology-lemma-cech-vanish-basis,cohomology.tex,1696,lemma,Cech cohomology and cohomology,egin lemma (Variant of Lemma ef lemma-cech-vanish .) Let X be a ringed space. Let B be a basis for the topology on X . Let F be an O X -module. Assume there exists a set of open coverings ext Cov with the following properties: egin enumerate For every U ext Cov with U : U = igcup,lexical_candidate_only
cech,184,label;section;text,01EO,cohomology-section-cech-cohomology-cohomology,cohomology.tex,1405,section,Cech cohomology and cohomology,Cech cohomology and cohomology egin lemma Let X be a ringed space. Let U : U = igcup i I U i be an open covering. Let,lexical_candidate_only
cech,184,label;section;text,01FP,cohomology-section-cech-cohomology-of-complexes,cohomology.tex,4743,section,Cech cohomology of complexes,"Cech cohomology of complexes In general for sheaves of abelian groups F and G on X there is a cup product map H i(X, F ) imes H j(",lexical_candidate_only
cech,184,label;section;text,01EH,cohomology-section-cech-functor,cohomology.tex,1012,section,Cech cohomology as a functor on presheaves,Cech cohomology as a functor on presheaves Warning: In this section we work almost exclusively with presheaves and categories of presheaves and the results are completely wrong in the setting of sheaves,lexical_candidate_only
cech,184,label;section;text,09UY,cohomology-section-refinements-cech,cohomology.tex,2439,section,Refinements and Cech cohomology,"Refinements and Cech cohomology Let (X, O X) be a ringed space. Let U : X = igcup i I U i and V : X = igcup j J V j be open coverings. A",lexical_candidate_only
cech,184,label;section;text,03OL,etale-cohomology-definition-cech-complex,etale-cohomology.tex,1477,definition,Cech cohomology,"egin definition Let C be a category. Let U = \ U i o U\ i I be a family of morphisms of C with fixed target. Assume that all the fibre products U i 0 imes U imes U U i p exists in C . Let F extit PAb ( C ) be an abelian presheaf. We define the Cech complex heck C ullet( U , F ) b",lexical_candidate_only
cech,184,label;section;text,03OM,etale-cohomology-lemma-cech-presheaves,etale-cohomology.tex,1504,lemma,Cech cohomology,"egin lemma Notation and assumptions as in Definition ef definition-cech-complex . The functor heck C ullet( U , -) is exact on the category extit PAb ( C ) .",lexical_candidate_only
cech,184,label;section;text,03OK,etale-cohomology-section-cech-cohomology,etale-cohomology.tex,1462,section,Cech cohomology,"Cech cohomology Our next goal is to use descent theory to show that H i( C , F a) = H Zar i(S, F ) for all quasi-coherent sheaves F",lexical_candidate_only
cech,184,label;section;text,03OU,etale-cohomology-section-cech-ss,etale-cohomology.tex,1751,section,The Cech-to-cohomology spectral sequence,The Cech-to-cohomology spectral sequence This spectral sequence is fundamental in proving foundational results on cohomology of sheaves. egin lemma The forgetful functor,lexical_candidate_only
cech,184,label;section;text,03OS,etale-cohomology-theorem-cech-derived,etale-cohomology.tex,1724,theorem,Cech cohomology,"egin theorem Notation and assumptions as in Definition ef definition-cech-complex . On extit PAb ( C ) the functors heck H p( U , -) are the right derived functors of heck H 0( U , -) .",lexical_candidate_only
cech,184,label;section;text,02F4,exercises-exercise-cech-cohomology,exercises.tex,3930,exercise,Cech Cohomology,"egin exercise Cech cohomology. Here k is a field. egin enumerate Let X be a scheme with an open covering U : X = U 1 up U 2 , with U 1 = (k[x]) , U 2 = (k[y]) with U 1 ap U 2 = (k[z, 1/z]) and with open immersions U 1 ap U 2 o U 1 resp.\ U 1 ap U 2 o U 2 determined by x z resp.\ ",lexical_candidate_only
cech,184,label;section;text,01GU,hypercovering-section-hyper-cech,hypercovering.tex,810,section,Cech cohomology and hypercoverings,Cech cohomology and hypercoverings Let C be a site. Consider a presheaf of abelian groups F on the site C . It defines a functor egin eqnarray* F : \,lexical_candidate_only
cech,184,label;section;text,0913,more-algebra-lemma-extended-alternating-Cech-is-colimit-koszul,more-algebra.tex,7100,lemma,The extended alternating Cech complex,"egin lemma Let R be a ring. Let f 1, , f r R . The extended alternating Cech complex R o igoplus i 0 R f i 0 o igoplus i 0 < i 1 R f i 0 f i 1 o o R f 1 f r is a colimit of the Koszul complexes K(R, f 1 n, , f r n) ; see proof for a precise statement.",lexical_candidate_only
cech,184,label;section;text,03AU,sites-cohomology-lemma-cech-cohomology-derived-presheaves,sites-cohomology.tex,1189,lemma,Cech cohomology as a functor on presheaves,"egin lemma Let C be a category. Let U = \ f i : U i o U\ i I be a family of morphisms with fixed target such that all fibre products U i 0 imes U imes U U i p exist in C . The Cech cohomology functors heck H p( U , -) are canonically isomorphic as a elta -functor to the right der",lexical_candidate_only
cech,184,label;section;text,03AQ,sites-cohomology-lemma-cech-exact-presheaves,sites-cohomology.tex,926,lemma,Cech cohomology as a functor on presheaves,"egin lemma The functor given by Equation (ef equation-cech-functor ) is an exact functor (see Homology, Lemma ef homology-lemma-exact-functor ).",lexical_candidate_only
cech,184,label;section;text,03F9,sites-cohomology-lemma-cech-vanish-collection,sites-cohomology.tex,1565,lemma,Cech cohomology and cohomology,"egin lemma (Variant of Cohomology, Lemma ef cohomology-lemma-cech-vanish .) Let C be a site. Let ext Cov C be the set of coverings of C (see Sites, Definition ef sites-definition-site ). Let B ( C ) , and ext Cov ext Cov C be subsets. Let F be an abelian sheaf on C . Assume that ",lexical_candidate_only
cech,184,label;section;text,03AO,sites-cohomology-section-cech-functor,sites-cohomology.tex,895,section,Cech cohomology as a functor on presheaves,Cech cohomology as a functor on presheaves Warning: In this section we work exclusively with abelian presheaves on a category. The results are completely wrong in the setting of sheaves and categories of,lexical_candidate_only
cech,184,label;section;text,0724,spaces-cohomology-definition-alternating-cech-complex,spaces-cohomology.tex,739,definition,The alternating Cech complex,"egin definition Let S be a scheme. Let f : U o X be a surjective etale morphism of algebraic spaces over S . Let F be an object of extit Ab (X ) . The alternating Cech complex This may be nonstandard notation heck C ullet alt (f, F ) associated to F and f is the complex om(K 0, F",lexical_candidate_only
cech,184,label;section;text,0721,spaces-cohomology-section-alternating-cech,spaces-cohomology.tex,580,section,The alternating Cech complex,"The alternating Cech complex Let S be a scheme. Let f : U o X be an etale morphism of algebraic spaces over S . The functor j : U spaces, X spaces,",lexical_candidate_only
cech,184,label;section;text,06XB,stacks-sheaves-remark-cech-complex-sections,stacks-sheaves.tex,3212,remark,The relative Cech complex,"egin remark Let us ``compute'' the value of the relative Cech complex on an object x of X . Say p(x) = U . Consider the 2 -fibre product diagram (which serves to introduce the notation g : V o Y ) V = [r] g ( /U) fppf imes x, X U U f \\ Y = [r] ( /U) fppf -x X Note that the morph",lexical_candidate_only
cech,184,label;section;text,06X3,stacks-sheaves-section-cech,stacks-sheaves.tex,2876,section,The Cech complex,The Cech complex To compute the cohomology of a sheaf on an algebraic stack we compare it to the cohomology of the sheaf restricted to coverings of the given algebraic stack. \,lexical_candidate_only
cech,184,label;section;text,06X7,stacks-sheaves-section-sheaf-cech-complex,stacks-sheaves.tex,3090,section,The relative Cech complex,The relative Cech complex Let f : U o X be a 1 -morphism of categories fibred in groupoids over ( /S) fppf as in (ef equation-covering ). Consider,lexical_candidate_only
cech,164,label;section,01EE,cohomology-equation-d-cech,cohomology.tex,902,equation,The Cech complex and Cech cohomology,egin equation d(s) i 0 i p + 1 = j = 0 p + 1 (-1) j s i 0 i j i p + 1 | U i 0 i p + 1,lexical_candidate_only
cech,164,label;section,01EG,cohomology-lemma-cech-h0,cohomology.tex,927,lemma,The Cech complex and Cech cohomology,"egin lemma Let X be a topological space. Let F be an abelian presheaf on X . The following are equivalent egin enumerate F is an abelian sheaf and for every open covering U : U = igcup i I U i the natural map F (U) o heck H 0( U , F ) is bijective.",lexical_candidate_only
cech,164,label;section,03AL,sites-cohomology-equation-d-cech,sites-cohomology.tex,817,equation,The Cech complex and Cech cohomology,egin equation d(s) i 0 i p + 1 = j = 0 p + 1 (-1) j s i 0 i j i p + 1 | U i 0 imes U imes U U i p + 1,lexical_candidate_only
cech,164,label;section,03F4,sites-cohomology-equation-map-cech-complexes,sites-cohomology.tex,882,equation,The Cech complex and Cech cohomology,"egin equation arphi : heck C ullet( V , F ) heck C ullet( U , F )",lexical_candidate_only
cech,164,label;section,03AN,sites-cohomology-lemma-cech-h0,sites-cohomology.tex,851,lemma,The Cech complex and Cech cohomology,"egin lemma Let C be a site. Let F be an abelian presheaf on C . The following are equivalent egin enumerate F is an abelian sheaf on C and for every covering U = \ U i o U\ i I of the site C the natural map F (U) o heck H 0( U , F ) (see Sites, Section ef sites-section-sheafifica",lexical_candidate_only
cech,163,label;section,01XD,coherent-lemma-cech-cohomology-quasi-coherent,coherent.tex,246,lemma,Cech cohomology of quasi-coherent sheaves,"egin lemma Let X be a scheme. Let U : X = igcup i I U i be an open covering such that U i 0 i p is affine open for all p 0 and all i 0, , i p I . In this case for any quasi-coherent sheaf F we have heck H p( U , F ) = H p(X, F ) as (X, O X) -modules for all p .",lexical_candidate_only
cech,163,label;section,01X9,coherent-lemma-cech-cohomology-quasi-coherent-trivial,coherent.tex,45,lemma,Cech cohomology of quasi-coherent sheaves,"egin lemma Let X be a scheme. Let F be a quasi-coherent O X -module. Let U : U = igcup i = 1 n D(f i) be a standard open covering of an affine open of X . Then heck H p( U , F ) = 0 for all p > 0 .",lexical_candidate_only
cech,163,label;section,01EI,cohomology-equation-cech-functor,cohomology.tex,1036,equation,Cech cohomology as a functor on presheaves,"egin equation heck C ullet( U , -) : extit PMod ( O X) ext Comp + (ext Mod O X(U) )",lexical_candidate_only
cech,163,label;section,09UZ,cohomology-equation-cech-to-cohomology,cohomology.tex,2511,equation,Refinements and Cech cohomology,"egin equation heck H p(X, F ) = olim U heck H p( U , F ) H p(X, F )",lexical_candidate_only
cech,163,label;section,08C0,cohomology-equation-global-sections-to-alternating-cech,cohomology.tex,10144,equation,Cech cohomology of unbounded complexes,"egin equation (X, F ullet) ext Tot (heck C ullet alt ( U , F ullet))",lexical_candidate_only
cech,163,label;section,07M9,cohomology-equation-global-sections-to-cech,cohomology.tex,4811,equation,Cech cohomology of complexes,"egin equation (X, F ullet) ext Tot (heck C ullet( U , F ullet))",lexical_candidate_only
cech,163,label;section,08C1,cohomology-lemma-alternating-cech-complex-complex,cohomology.tex,10157,lemma,Cech cohomology of unbounded complexes,"egin lemma Let (X, O X) be a ringed space. Let U : X = igcup i I U i be a finite open covering. For a complex F ullet of O X -modules there is a canonical map ext Tot (heck C ullet alt ( U , F ullet)) R (X, F ullet) functorial in F ullet and compatible with (ef equation-global-se",lexical_candidate_only
cech,163,label;section,08C2,cohomology-lemma-alternating-cech-complex-complex-ss,cohomology.tex,10204,lemma,Cech cohomology of unbounded complexes,"egin lemma Let (X, O X) be a ringed space. Let U : X = igcup i I U i be a finite open covering. Let F ullet be a complex of O X -modules. Let B be a set of open subsets of X . Assume egin enumerate every open in X has a covering whose members are elements of B , we have U i 0 i p",lexical_candidate_only
cech,163,label;section,01EQ,cohomology-lemma-cech-cohomology,cohomology.tex,1434,lemma,Cech cohomology and cohomology,"egin lemma Let X be a ringed space. Let U : U = igcup i I U i be an open covering. There is a transformation heck C ullet( U , -) R (U, -) of functors extit Mod ( O X) o D + ( O X(U)) . In particular this provides canonical maps heck H p( U , F ) o H p(U, F ) for F ranging over e",lexical_candidate_only
cech,163,label;section,01EK,cohomology-lemma-cech-cohomology-delta-functor-presheaves,cohomology.tex,1066,lemma,Cech cohomology as a functor on presheaves,"egin lemma Let X be a ringed space. Let U : U = igcup i I U i be an open covering. The functors F heck H n( U , F ) form a elta -functor from the abelian category of presheaves of O X -modules to the category of O X(U) -modules (see Homology, Definition ef homology-definition-coh",lexical_candidate_only
cech,163,label;section,08BN,cohomology-lemma-cech-complex-complex,cohomology.tex,4939,lemma,Cech cohomology of complexes,"egin lemma Let (X, O X) be a ringed space. Let U : X = igcup i I U i be an open covering. For a bounded below complex F ullet of O X -modules there is a canonical map ext Tot (heck C ullet( U , F ullet)) R (X, F ullet) functorial in F ullet and compatible with (ef equation-global",lexical_candidate_only
cech,163,label;section,0FLH,cohomology-lemma-cech-complex-complex-computes,cohomology.tex,5022,lemma,Cech cohomology of complexes,"egin lemma Let (X, O X) be a ringed space. Let U : X = igcup i I U i be an open covering. Let F ullet be a bounded below complex of O X -modules. If H i(U i 0 i p , F q) = 0 for all i > 0 and all p, i 0, , i p, q , then the map ext Tot (heck C ullet( U , F ullet)) o R (X, F ullet",lexical_candidate_only
cech,163,label;section,0B8R,cohomology-lemma-cech-h1,cohomology.tex,1486,lemma,Cech cohomology and cohomology,"egin lemma Let X be a topological space. Let H be an abelian sheaf on X . Let U : X = igcup i I U i be an open covering. The map heck H 1( U , H ) H 1(X, H ) is injective and identifies heck H 1( U , H ) via the bijection of Lemma ef lemma-torsors-h1 with the set of isomorphism c",lexical_candidate_only
cech,163,label;section,01EL,cohomology-lemma-cech-map-into,cohomology.tex,1138,lemma,Cech cohomology as a functor on presheaves,egin lemma Let X be a ringed space. Let U : U = igcup i I U i be an open covering. Denote j i 0 i p : U i 0 i p o X the open immersion. Consider the chain complex K( U ) ullet of presheaves of O X -modules o igoplus i 0i 1i 2 (j i 0i 1i 2 ) p! O U i 0i 1i 2 o igoplus i 0i 1 (j i ,lexical_candidate_only
cech,163,label;section,01ES,cohomology-lemma-cech-spectral-sequence,cohomology.tex,1541,lemma,Cech cohomology and cohomology,"egin lemma Let X be a ringed space. Let U : U = igcup i I U i be an open covering. For any sheaf of O X -modules F there is a spectral sequence (E r, d r) r 0 with E 2 p, q = heck H p( U , nderline H q( F )) converging to H p + q (U, F ) . This spectral sequence is functorial in ",lexical_candidate_only
cech,163,label;section,01ET,cohomology-lemma-cech-spectral-sequence-application,cohomology.tex,1574,lemma,Cech cohomology and cohomology,"egin lemma Let X be a ringed space. Let U : U = igcup i I U i be an open covering. Let F be an O X -module. Assume that H i(U i 0 i p , F ) = 0 for all i > 0 , all p 0 and all i 0, , i p I . Then heck H p( U , F ) = H p(U, F ) as O X(U) -modules.",lexical_candidate_only
cech,163,label;section,01FD,cohomology-lemma-functoriality-cech,cohomology.tex,2520,lemma,Refinements and Cech cohomology,egin lemma Let f : X o Y be a morphism of ringed spaces. Let arphi : f * G o F be an f -map from an O Y -module G to an O X -module F . Let U : X = igcup i I U i and V : Y = igcup j J V j be open coverings. Assume that U is a refinement of f -1 V : X = igcup j J f -1 (V j) . In t,lexical_candidate_only
cech,163,label;section,01EP,cohomology-lemma-injective-trivial-cech,cohomology.tex,1408,lemma,Cech cohomology and cohomology,"egin lemma Let X be a ringed space. Let U : U = igcup i I U i be an open covering. Let I be an injective O X -module. Then heck H p( U , I ) = \ egin matrix I (U) ext if p = 0 \\ 0 ext if p > 0 ight.",lexical_candidate_only
cech,163,label;section,01EU,cohomology-lemma-ses-cech-h1,cohomology.tex,1593,lemma,Cech cohomology and cohomology,"egin lemma Let X be a ringed space. Let 0 o F o G o H o 0 be a short exact sequence of O X -modules. Let U X be an open subset. If there exists a cofinal system of open coverings U of U such that heck H 1( U , F ) = 0 , then the map G (U) o H (U) is surjective.",lexical_candidate_only
cech,163,label;section,0FLI,cohomology-remark-shift-complex-cech-complex,cohomology.tex,5041,remark,Cech cohomology of complexes,"egin remark Let (X, O X) be a ringed space. Let U : X = igcup i I U i be an open covering. Let F ullet be a bounded below complex of O X -modules. Let b be an integer. We claim there is a commutative diagram ext Tot (heck C ullet( U , F ullet))[b] R (X, F ullet)[b] \\ ext Tot (he",lexical_candidate_only
cech,163,label;section,03OW,etale-cohomology-theorem-cech-ss,etale-cohomology.tex,1771,theorem,The Cech-to-cohomology spectral sequence,"egin theorem Let C be a site. For any covering U = \ U i o U\ i I of U ( C ) and any abelian sheaf F on C there is a spectral sequence E 2 p, q = heck H p( U , nderline H q( F )) H p+q (U, F ), where nderline H q( F ) is the abelian presheaf V H q(V, F ) .",lexical_candidate_only
cech,163,label;section,01GX,hypercovering-equation-identify-cech,hypercovering.tex,924,equation,Cech cohomology and hypercoverings,"egin equation s( F (K)) = om extit Ab ( C ) (s( Z F(K) \#), F )",lexical_candidate_only
cech,163,label;section,01GY,hypercovering-lemma-cech-spectral-sequence,hypercovering.tex,955,lemma,Cech cohomology and hypercoverings,"egin lemma Let C be a site with fibre products. Let X be an object of C . Let K be a hypercovering of X . Let F be a sheaf of abelian groups on C . There is a map s( F (K)) R (X, F ) in D + (extit Ab ) functorial in F , which induces natural transformations heck H i(K, -) H i(X, ",lexical_candidate_only
cech,163,label;section,01GV,hypercovering-lemma-h0-cech,hypercovering.tex,845,lemma,Cech cohomology and hypercoverings,"egin lemma Let C be a site with fibre products. Let X be an object of C . Let K be a hypercovering of X . Let F be a sheaf of abelian groups on C . Then heck H 0(K, F ) = F (X) .",lexical_candidate_only
cech,163,label;section,01GW,hypercovering-lemma-injective-trivial-cech,hypercovering.tex,887,lemma,Cech cohomology and hypercoverings,"egin lemma Let C be a site with fibre products. Let X be an object of C . Let K be a hypercovering of X . Let I be an injective sheaf of abelian groups on C . Then heck H p(K, I ) = \ egin matrix I (X) ext if p = 0 \\ 0 ext if p > 0 ight.",lexical_candidate_only
cech,163,label;section,03AP,sites-cohomology-equation-cech-functor,sites-cohomology.tex,913,equation,Cech cohomology as a functor on presheaves,"egin equation heck C ullet( U , -) : extit PAb ( C ) ext Comp + (extit Ab )",lexical_candidate_only
cech,163,label;section,03AX,sites-cohomology-lemma-cech-cohomology,sites-cohomology.tex,1361,lemma,Cech cohomology and cohomology,"egin lemma Let C be a site. Let U = \ U i o U\ i I be a covering of C . There is a transformation heck C ullet( U , -) R (U, -) of functors extit Ab ( C ) o D + ( Z ) . In particular this gives a transformation of functors heck H p( U , F ) o H p(U, F ) for F ranging over extit A",lexical_candidate_only
cech,163,label;section,03AR,sites-cohomology-lemma-cech-cohomology-delta-functor-presheaves,sites-cohomology.tex,942,lemma,Cech cohomology as a functor on presheaves,"egin lemma Let C be a category. Let U = \ U i o U\ i I be a family of morphisms with fixed target such that all fibre products U i 0 imes U imes U U i p exist in C . The functors F heck H n( U , F ) form a elta -functor from the abelian category extit PAb ( C ) to the category of",lexical_candidate_only
cech,163,label;section,0A6G,sites-cohomology-lemma-cech-h1,sites-cohomology.tex,1416,lemma,Cech cohomology and cohomology,"egin lemma Let C be a site. Let G be an abelian sheaf on C . Let U = \ U i o U\ i I be a covering of C . The map heck H 1( U , G ) H 1(U, G ) is injective and identifies heck H 1( U , G ) via the bijection of Lemma ef lemma-torsors-h1 with the set of isomorphism classes of G | U ",lexical_candidate_only
cech,163,label;section,03AS,sites-cohomology-lemma-cech-map-into,sites-cohomology.tex,971,lemma,Cech cohomology as a functor on presheaves,"egin lemma Let C be a category. Let U = \ U i o U\ i I be a family of morphisms with fixed target such that all fibre products U i 0 imes U imes U U i p exist in C . Consider the chain complex Z U , ullet of abelian presheaves o igoplus i 0i 1i 2 Z U i 0 imes U U i 1 imes U U i 2",lexical_candidate_only
cech,163,label;section,03AZ,sites-cohomology-lemma-cech-spectral-sequence,sites-cohomology.tex,1475,lemma,Cech cohomology and cohomology,"egin lemma Let C be a site. Let U = \ U i o U\ i I be a covering of C . For any abelian sheaf F there is a spectral sequence (E r, d r) r 0 with E 2 p, q = heck H p( U , nderline H q( F )) converging to H p + q (U, F ) . This spectral sequence is functorial in F .",lexical_candidate_only
cech,163,label;section,03F7,sites-cohomology-lemma-cech-spectral-sequence-application,sites-cohomology.tex,1506,lemma,Cech cohomology and cohomology,"egin lemma Let C be a site. Let U = \ U i o U\ i I be a covering. Let F (extit Ab ( C )) . Assume that H i(U i 0 imes U imes U U i p , F ) = 0 for all i > 0 , all p 0 and all i 0, , i p I . Then heck H p( U , F ) = H p(U, F ) .",lexical_candidate_only
cech,163,label;section,03AW,sites-cohomology-lemma-injective-trivial-cech,sites-cohomology.tex,1334,lemma,Cech cohomology and cohomology,"egin lemma Let C be a site. Let U = \ U i o U\ i I be a covering of C . Let I be an injective abelian sheaf, i.e., an injective object of extit Ab ( C ) . Then heck H p( U , I ) = \ egin matrix I (U) ext if p = 0 \\ 0 ext if p > 0 ight.",lexical_candidate_only
cech,163,label;section,03F8,sites-cohomology-lemma-ses-cech-h1,sites-cohomology.tex,1524,lemma,Cech cohomology and cohomology,"egin lemma Let C be a site. Let 0 o F o G o H o 0 be a short exact sequence of abelian sheaves on C . Let U be an object of C . If there exists a cofinal system of coverings U of U such that heck H 1( U , F ) = 0 , then the map G (U) o H (U) is surjective.",lexical_candidate_only
cech,163,label;section,0725,spaces-cohomology-lemma-alternating-cech-to-cohomology,spaces-cohomology.tex,765,lemma,The alternating Cech complex,"egin lemma Let S be a scheme. Let f : U o X be a surjective etale morphism of algebraic spaces over S . Let F be an object of extit Ab (X ) . There exists a canonical map heck C ullet alt (f, F ) R (X, F ) in D(extit Ab ) . Moreover, there is a spectral sequence with E 1 -page E ",lexical_candidate_only
cech,163,label;section,06XC,stacks-sheaves-lemma-base-change-cech-complex,stacks-sheaves.tex,3249,lemma,The relative Cech complex,"egin lemma Let V g h U f \\ Y e X be a 2 -fibre product of categories fibred in groupoids over ( /S) fppf and let F be an abelian presheaf on X . Then the map e -1 K ullet(f, F ) o K ullet(g, e -1 F ) of Lemma ef lemma-generalities-sheafified is an isomorphism of complexes of abe",lexical_candidate_only
cech,163,label;section,06XF,stacks-sheaves-lemma-cech-to-cohomology,stacks-sheaves.tex,3384,lemma,The relative Cech complex,"egin lemma Let f : U o X be a 1 -morphism of categories fibred in groupoids over ( /S) fppf . Let au \ Zar, , smooth, syntomic, fppf\ . Assume egin enumerate F is an abelian sheaf on X au , for every object x of X there exists a covering \ x i o x\ in X au such that each x i is i",lexical_candidate_only
cech,163,label;section,06XG,stacks-sheaves-lemma-cech-to-cohomology-modules,stacks-sheaves.tex,3458,lemma,The relative Cech complex,"egin lemma Let f : U o X be a 1 -morphism of categories fibred in groupoids over ( /S) fppf . Let au \ Zar, , smooth, syntomic, fppf\ . Assume egin enumerate F is an object of extit Mod ( X au, O X ) , for every object x of X there exists a covering \ x i o x\ in X au such that e",lexical_candidate_only
cech,163,label;section,072D,stacks-sheaves-lemma-cech-to-cohomology-relative,stacks-sheaves.tex,3559,lemma,The relative Cech complex,"egin lemma Let f : U o X and g : X o Y be composable 1 -morphisms of categories fibred in groupoids over ( /S) fppf . Let au \ Zar, , smooth, syntomic, fppf\ . Assume egin enumerate F is an abelian sheaf on X au , for every object x of X there exists a covering \ x i o x\ in X au",lexical_candidate_only
cech,163,label;section,072E,stacks-sheaves-lemma-cech-to-cohomology-relative-modules,stacks-sheaves.tex,3617,lemma,The relative Cech complex,"egin lemma Let f : U o X and g : X o Y be composable 1 -morphisms of categories fibred in groupoids over ( /S) fppf . Let au \ Zar, , smooth, syntomic, fppf\ . Assume egin enumerate F is an object of extit Mod ( X au, O X ) , for every object x of X there exists a covering \ x i ",lexical_candidate_only
cech,163,label;section,06XE,stacks-sheaves-proposition-exactness-cech-complex,stacks-sheaves.tex,3341,proposition,The relative Cech complex,"egin proposition Let f : U o X be a 1 -morphism of categories fibred in groupoids over ( /S) fppf . Let au \ Zar, , smooth, syntomic, fppf\ . If egin enumerate F is an abelian sheaf on X au , and for every object x of X there exists a covering \ x i o x\ in X au such that each x ",lexical_candidate_only
cech,163,label;section,06X8,stacks-sheaves-remark-cech-complex-presheaves,stacks-sheaves.tex,3144,remark,The relative Cech complex,"egin remark We can define the complex K ullet(f, F ) also if F is a presheaf, only we cannot use the reference to Sites, Section ef sites-section-pullback to define the pullback maps. To explain the pullback maps, suppose given a commutative diagram V g h U f \\ X of categories f",lexical_candidate_only
cech,114,label;text,0D8F,spaces-simplicial-lemma-hypercovering-cech-complex,spaces-simplicial.tex,4137,lemma,Cohomological descent for hypercoverings,"egin lemma Let C be a site with equalizers and fibre products. Let K be a hypercovering. The Cech complex of Lemma ef lemma-augmentation-cech-complex associated to a -1 F a 0, * a 0 -1 F o a 1, * a 1 -1 F o a 2, * a 2 -1 F o is equal to the complex (s( Z F(K) \#), F ) . Here s( Z",lexical_candidate_only
cech,113,label;text,099H,algebraization-lemma-map-identifies-koszul-and-cech-complexes,algebraization.tex,1385,lemma,Derived completion on a ringed site,"egin lemma Let C be a site. Assume arphi : O o O ' is a flat homomorphism of sheaves of rings. Let f 1, , f r be global sections of O such that O /(f 1, , f r) ong O '/(f 1, , f r) O ' . Then the map of extended alternating Cech complexes O o i 0 O f i 0 o i 0 < i 1 O f i 0 f i 1",lexical_candidate_only
cech,113,label;text,09V2,cohomology-lemma-cech-Hausdorff-quasi-compact,cohomology.tex,2667,lemma,Cohomology on Hausdorff quasi-compact spaces,"egin lemma Let X be a Hausdorff and quasi-compact topological space. Let F be an abelian sheaf on X . Then the map heck H n(X, F ) o H n(X, F ) defined in (ef equation-cech-to-cohomology ) is an isomorphism for all n .",lexical_candidate_only
cech,113,label;text,09V1,cohomology-lemma-cech-always,cohomology.tex,2643,lemma,Cohomology on Hausdorff quasi-compact spaces,"egin lemma Let X be a topological space. Let F be an abelian sheaf. Then the map heck H 1(X, F ) o H 1(X, F ) defined in (ef equation-cech-to-cohomology ) is an isomorphism.",lexical_candidate_only
cech,113,label;text,07MN,crystalline-remark-alternating-cech-complex,crystalline.tex,4510,remark,Some further results,"egin remark [Alternating Cech complex] Let p be a prime number. Let (A, I, ) be a divided power ring with A a Z (p) -algebra. Set S = (A) and S 0 = (A/I) . Let X be a separated quasi-compact scheme over S 0 such that p is locally nilpotent on X . Let F be a crystal in quasi-coher",lexical_candidate_only
cech,113,label;text,07MM,crystalline-remark-cech-complex,crystalline.tex,4441,remark,Some further results,"egin remark [ Cech complex] Let p be a prime number. Let (A, I, ) be a divided power ring with A a Z (p) -algebra. Set S = (A) and S 0 = (A/I) . Let X be a separated This assumption is not strictly necessary, as using hypercoverings the construction of the remark can be extended ",lexical_candidate_only
cech,113,label;text,03FJ,descent-lemma-standard-covering-Cech-quasi-coherent,descent.tex,3825,lemma,Cohomology of quasi-coherent modules and topologies,"egin lemma Let S be a scheme. Let F be a quasi-coherent sheaf on S . Let au , C , U , U be as in Lemma ef lemma-standard-covering-Cech . Then there is an isomorphism of complexes heck C ullet( U , F a) ong s((A/R) ullet R M) (see Section ef section-descent-modules ) where R = (U,",lexical_candidate_only
cech,113,label;text,03NR,etale-cohomology-definition-0-cech,etale-cohomology.tex,728,definition,Sheafification,"egin definition Let F be a presheaf on the site C and U = \ U i o U\ ext Cov ( C ) . We define the zeroth Cech cohomology group of F with respect to U by heck H 0 ( U , F ) = \ (s i) i I i I F (U i) ext such that s i| U i imes U U j = s j | U i imes U U j ight\ .",lexical_candidate_only
cech,113,label;text,,formal-defos-definition-artinian-algebra-functor-cech,formal-defos.tex,7552,definition,The Grothendieck--Levelt criterion,"egin definition Let be a Noetherian ring. Denote A the category of -algebras which have finite length as -modules. Given a functor F : A o extit Sets and a ring map A o B in A , we say that F has the Cech equalizer property for A o B if F(A) F(B) \\[-0.6ex] F(B A B) is an equaliz",lexical_candidate_only
cech,113,label;text,01G6,hypercovering-example-cech,hypercovering.tex,370,example,Hypercoverings,"egin example [ Cech hypercoverings] Let C be a site with fibre products. Let \ U i o X\ i I be a covering of C . Set K 0 = \ U i o X\ i I . Then K 0 is a 0 -truncated simplicial object of ext SR ( C , X) . Hence we may form K = ext cosk 0 K 0. Clearly K passes condition (1) of De",lexical_candidate_only
cech,113,label;text,0GMA,hypercovering-example-cech-cover,hypercovering.tex,421,example,Hypercoverings,"egin example [ Cech hypercovering associated to a cover] Let C be a site with fibre products. Let U o X be a morphism of C such that \ U o X\ is a covering of C A morphism of C with this property is sometimes called a ``cover''. . Consider the simplical object K of ext SR ( C , X",lexical_candidate_only
varieties,116,label;text,0AAR,exercises-exercise-surjective-map-affine-variety-projective-variety,exercises.tex,5954,exercise,"Schemes, Final Exam, Spring 2014",egin exercise Let k be a field. Let X be a projective variety over k . Show there exists an affine variety U over k and a surjective morphism of varieties U o X .,lexical_candidate_only
varieties,115,label;text,04L1,varieties-definition-variety-type,varieties.tex,4844,definition,Types of varieties,egin definition Let k be a field. Let X be a variety over k . egin enumerate We say X is an affine variety if X is an affine scheme. This is equivalent to requiring X to be isomorphic to a closed subscheme of A n k for some n . We say X is a projective variety if the structure mo,lexical_candidate_only
varieties,114,label;text,03RE,etale-cohomology-definition-variety,etale-cohomology.tex,10856,definition,Galois cohomology,"egin definition Let k be a field. A variety is separated, integral scheme of finite type over k . A curve is a variety of dimension 1 .",lexical_candidate_only
varieties,114,label;text,03RO,groupoids-definition-abelian-variety,groupoids.tex,1764,definition,Abelian varieties,"egin definition Let k be a field. An abelian variety is a group scheme over k which is also a proper, geometrically integral variety over k For equivalent definitions see Remark ef remark-16-equivalent . .",lexical_candidate_only
varieties,114,label;text,0BFB,groupoids-lemma-abelian-variety-change-field,groupoids.tex,1788,lemma,Abelian varieties,egin lemma Let k be a field. Let A be an abelian variety over k . For any field extension K/k the base change A K is an abelian variety over K .,lexical_candidate_only
varieties,114,label;text,0BFH,groupoids-lemma-abelian-variety-multiplication-by-d-etale,groupoids.tex,1994,lemma,Abelian varieties,egin lemma egin slogan Multiplication by an integer on an abelian variety is an etale morphism if and only if the integer is invertible in the base field. Let k be a field. Let A be a nonzero abelian variety over k . Then [d] : A o A is etale if and only if d is invertible in k .,lexical_candidate_only
varieties,113,label;text,,examples-defos-lemma-abelian-variety-formal-moduli-smooth,examples-defos.tex,1500,lemma,Schemes,"egin lemma egin reference ite[Expose 195, C, remarks following Proposition 4.1, pp. 386--387] FGA and ite[Theorem 2.2.1, pp. 273--280] Oort-local-moduli . Let be a complete Noetherian local ring with residue field k , and let X be an abelian variety of dimension g over k . For a ",lexical_candidate_only
varieties,113,label;text,0H8T,exercises-exercise-hypersurface-variety,exercises.tex,6869,exercise,"Algebraic Geometry, Final Exam, Spring 2025","egin exercise Let k be a field and let x 1, , x n be variables. Let f k[x 1, , x n] be a nonconstant polynomial. Let X = (k[x 1, , x n]/(f)) . What property should f have in order for X to be a variety over k ?",lexical_candidate_only
varieties,113,label;text,0BFD,groupoids-lemma-abelian-variety-abelian,groupoids.tex,1819,lemma,Abelian varieties,"egin lemma An abelian variety is an abelian group scheme, i.e., the group law is commutative.",lexical_candidate_only
varieties,113,label;text,0C0Y,groupoids-lemma-abelian-variety-multiplication-by-p,groupoids.tex,2019,lemma,Abelian varieties,egin lemma Let k be a field of characteristic p > 0 . Let A be an abelian variety of dimension g over k . The fibre of [p] : A o A over 0 has at most p g distinct points.,lexical_candidate_only
varieties,113,label;text,0BFA,groupoids-lemma-abelian-variety-projective,groupoids.tex,1776,lemma,Abelian varieties,egin lemma Let k be a field. Let A be an abelian variety over k . Then A is projective.,lexical_candidate_only
varieties,113,label;text,0BFC,groupoids-lemma-abelian-variety-smooth,groupoids.tex,1801,lemma,Abelian varieties,egin lemma Let k be a field. Let A be an abelian variety over k . Then A is smooth over k .,lexical_candidate_only
varieties,113,label;text,020D,varieties-definition-variety,varieties.tex,54,definition,Varieties,egin definition Let k be a field. A variety is a scheme X over k such that X is integral and the structure morphism X o (k) is separated and of finite type.,lexical_candidate_only
varieties,113,label;text,020G,varieties-example-product-not-a-variety,varieties.tex,71,example,Varieties,"egin example Let k = Q . Let X = ( Q (i)) and Y = ( Q (i)) . Then the product X imes (k) Y of the varieties X and Y is not a variety, since it is reducible. (It is isomorphic to the disjoint union of two copies of X .)",lexical_candidate_only
varieties,113,label;text,0B8X,varieties-lemma-dense-smooth-open-variety-over-perfect-field,varieties.tex,4730,lemma,Schemes smooth over fields,"egin lemma Let k be a perfect field. Let X be a locally algebraic reduced k -scheme, for example a variety over k . Then we have \ x X X o (k)ext is smooth at x\ = \ x X O X, x ext is regular \ and this is a dense open subscheme of X .",lexical_candidate_only
varieties,113,label;text,04L2,varieties-lemma-regular-functions-proper-variety,varieties.tex,4876,lemma,Types of varieties,"egin lemma Let X be a proper variety over k . Then egin enumerate K = H 0(X, O X) is a field which is a finite extension of the field k , if X is geometrically reduced, then K/k is separable, if X is geometrically irreducible, then K/k is purely inseparable, if X is geometrically",lexical_candidate_only
varieties,113,label;text,04L8,varieties-lemma-units-variety,varieties.tex,5406,lemma,Groups of invertible functions,"egin lemma Let k be a field. Let X be a variety over k . The group O (X) */k * is a finitely generated abelian group provided at least one of the following conditions holds: egin enumerate k is integrally closed in (X, O X) , k is algebraically closed in k(X) , X is geometrically",lexical_candidate_only
varieties,113,label;text,0CDW,varieties-lemma-variety-with-smooth-rational-point,varieties.tex,4776,lemma,Schemes smooth over fields,egin lemma Let k be a field. Let X be a variety over k which has a k -rational point x such that X is smooth at x . Then X is geometrically integral over k .,lexical_candidate_only
varieties,92,label,0A3P,etale-cohomology-lemma-finiteness-proper-variety-char-p-p,etale-cohomology.tex,9863,lemma,The Artin-Schreier sequence,"egin lemma Let X be a proper scheme over an algebraically closed field k of characteristic p > 0 . Then egin enumerate H q(X, nderline Z /p Z ) is a finite Z /p Z -module for all q , and H q (X, nderline Z /p Z ) o H q (X k' , nderline Z /p Z ) is an isomorphism if k'/k is an ext",lexical_candidate_only
varieties,92,label,0A3N,etale-cohomology-lemma-vanishing-variety-char-p-p,etale-cohomology.tex,9838,lemma,The Artin-Schreier sequence,"egin lemma Let X be separated of finite type over an algebraically closed field k of characteristic p > 0 . Then H q(X, nderline Z /p Z ) = 0 for q dim(X) + 1 .",lexical_candidate_only
varieties,92,section;text,0272,examples-lemma-quasi-affine-normalization-not-quasi-affine,examples.tex,1854,lemma,Non-quasi-affine variety with quasi-affine normalization,egin lemma Let k be a field. There exists a variety X whose normalization is quasi-affine but which is itself not quasi-affine.,lexical_candidate_only
varieties,92,section;text,0271,examples-section-nonquasi-affine,examples.tex,1759,section,Non-quasi-affine variety with quasi-affine normalization,"Non-quasi-affine variety with quasi-affine normalization The existence of an example of this kind is mentioned in ite[II Remark 6.6.13] EGA . They refer to the fifth volume of EGA for such an example, but the fif",lexical_candidate_only
varieties,92,section;text,04V4,guide-subsection-hilbert-quot-hom,guide.tex,783,subsection,"Hilbert, Quot, Hom and branchvariety stacks","Hilbert, Quot, Hom and branchvariety stacks Papers discussing Hilbert schemes and the like. egin itemize Vistoli: The Hilbert stack and the theory of moduli of families ite vistol",lexical_candidate_only
varieties,92,label,,moduli-corollary-picard-variety-normal-proper,moduli.tex,4023,corollary,Reductions for Picard spaces,"Lemma ef lemma-pic-normal-laurent-invariance . Hence the displayed morphism is constant, a contradiction. Thus H is proper. Finally P 0 is of finite type over k and H P 0 is a thickening. More on Morphisms, Lemma ef more-morphisms-lemma-thicken-property-morphisms shows that P 0 i",lexical_candidate_only
varieties,91,label,0B2L,varieties-lemma-dimension-fibres-locally-algebraic,varieties.tex,3953,lemma,Algebraic schemes,"egin lemma Let k be a field. Let f : X o Y be a morphism of locally algebraic k -schemes. egin enumerate For y Y , the fibre X y is a locally algebraic scheme over appa(y) hence all the results of Lemma ef lemma-dimension-locally-algebraic apply. Assume X is irreducible. Set Z = ",lexical_candidate_only
varieties,91,label,0A21,varieties-lemma-dimension-locally-algebraic,varieties.tex,3783,lemma,Algebraic schemes,"egin lemma Let k be a field. Let X be a locally algebraic k -scheme. egin enumerate The topological space of X is catenary (Topology, Definition ef topology-definition-catenary ). For x X closed, we have im x(X) = im( O X, x ) . For X irreducible we have im(X) = im(U) for any non",lexical_candidate_only
varieties,91,label,0B2M,varieties-lemma-dimension-product-locally-algebraic,varieties.tex,4005,lemma,Algebraic schemes,"egin lemma egin slogan The dimension of the product is the sum of the dimensions. Let k be a field. Let X , Y be locally algebraic k -schemes. egin enumerate For z X imes Y lying over (x, y) we have im z(X imes Y) = im x(X) + im y(Y) . We have im(X imes Y) = im(X) + im(Y) .",lexical_candidate_only
varieties,91,label,0BXR,varieties-lemma-normalization-locally-algebraic,varieties.tex,4903,lemma,Normalization,"egin lemma Let k be a field. Let X be a locally algebraic scheme over k . Let : X o X be the normalization morphism, see Morphisms, Definition ef morphisms-definition-normalization . Then egin enumerate is finite, dominant, and X is a disjoint union of normal irreducible locally ",lexical_candidate_only
varieties,23,text,0B1T,intersection-lemma-move,intersection.tex,2700,lemma,Moving Lemma,"egin lemma Let C P N be a closed subvariety. Let X P N be subvariety and let T i X be a finite collection of closed subvarieties. Assume that C and X intersect properly. Then there exists a closed subvariety C' P N imes P 1 such that egin enumerate C' o P 1 is dominant, C' 0 = C ",lexical_candidate_only
varieties,23,text,0B0E,intersection-lemma-moving,intersection.tex,2592,lemma,Moving Lemma,"egin lemma egin reference See ite Roberts . Let X P N be a nonsingular closed subvariety. Let n = im(X) and 0 d, d' < n . Let Z X be a closed subvariety of dimension d and T i X , i I be a finite collection of closed subvarieties of dimension d' . Then there exists a subvariety C",lexical_candidate_only
varieties,23,text,0B60,intersection-lemma-well-defined-special-case,intersection.tex,2794,lemma,Intersection products and rational equivalence,"egin lemma Let X be a nonsingular variety. Let W X imes P 1 be an (s + 1) -dimensional subvariety dominating P 1 . Let W a , resp.\ W b be the fibre of W o P 1 over a , resp.\ b . Let V be a r -dimensional subvariety of X such that V intersects both W a and W b properly. Then [V]",lexical_candidate_only
varieties,22,text,,examples-definition-abelian-scheme,examples.tex,5954,definition,An example of a non-algebraic Hom-stack,"egin definition Let S be a scheme. An abelian scheme over S is a group scheme A o S which is flat, proper, and of finite presentation and whose fibre A s is an abelian variety over appa(s) for every s S ; see Groupoids, Definition ef groupoids-definition-abelian-variety .",lexical_candidate_only
varieties,22,text,0E9F,exercises-exercise-cone,exercises.tex,2594,exercise,Regular functions,"egin exercise Let X C n be an affine variety. Let us say X is a cone if x = (a 1, , a n) X and C implies ( a 1, , a n) X . Of course, if p C [x 1, , x n] is a prime ideal generated by homogeneous polynomials in x 1, , x n , then the affine variety X = V( p) C n is a cone. Show th",lexical_candidate_only
varieties,22,text,02AS,exercises-exercise-nonprojective,exercises.tex,4937,exercise,Divisors,egin exercise Example of a nonprojective proper variety. Let k be a field. Let L P 3 k be a line and let C P 3 k be a nonsingular conic. Assume that C ap L = . Choose an isomorphism arphi : L o C . Let X be the k -variety obtained by glueing C to L via arphi . In other words ther,lexical_candidate_only
varieties,22,text,0AZN,intersection-lemma-pullback-by-regular-immersion,intersection.tex,584,lemma,Proper intersections,"egin lemma Let f : X o Y be a morphism of varieties. egin enumerate If Z Y is a subvariety of dimension d and f is a regular immersion of codimension c , then every irreducible component of f -1 (Z) has dimension d - c . If Z Y is a subvariety of dimension d and f is a local comp",lexical_candidate_only
varieties,22,text,0AZI,intersection-lemma-rational-equivalence,intersection.tex,398,lemma,Rational equivalence and rational functions,"egin lemma Let X be a variety. Let W X be a subvariety of dimension k + 1 . Let f C (W) * be a nonzero rational function on W . Then ext div W(f) is rationally equivalent to zero on X . Conversely, these principal divisors generate the abelian group of cycles rationally equivalen",lexical_candidate_only
varieties,22,text,0B07,intersection-lemma-rational-equivalence-and-intersection,intersection.tex,1329,lemma,Intersection product using Tor formula,"egin lemma Let X be a nonsingular variety. Let a, b P 1 be distinct closed points. Let k 0 . egin enumerate If W X imes P 1 is a closed subvariety of dimension k + 1 which intersects X imes a properly, then egin enumerate [W a] k = W dot X imes a as cycles on X imes P 1 , and [W ",lexical_candidate_only
varieties,22,text,0AZH,intersection-section-alternative,intersection.tex,373,section,Rational equivalence and rational functions,Rational equivalence and rational functions Let X be a variety. Let W X be a subvariety of dimension k + 1 . Let f C (W) * be a nonzero rational function on W . For every subvar,lexical_candidate_only
varieties,22,text,0AZ9,intersection-section-cycles,intersection.tex,141,section,Cycles,Cycles Let X be a variety. A closed subvariety of X is an integral closed subscheme Z X . A k -cycle on X is a finite formal sum n i [Z i],lexical_candidate_only
varieties,22,text,0B09,intersection-section-exterior-product,intersection.tex,1433,section,Exterior product,"Exterior product Let X and Y be varieties. Let V , resp.\ W be a closed subvariety of X , resp.\ Y . The product Vimes W is a closed subvariety of Ximes Y (",lexical_candidate_only
varieties,22,text,0B5Z,intersection-section-ses,intersection.tex,490,section,The short exact sequence for an open,The short exact sequence for an open Let X be a variety and let U X be an open subvariety. Let X U = igcup Z i be the decomposition into irreducible components Since in th,lexical_candidate_only
varieties,22,text,038Y,varieties-example-geometrically-reduced-not-normal,varieties.tex,2588,example,Geometrically regular schemes,"egin example Let k = F p(t) . It is quite easy to give an example of a regular variety V over k which is not geometrically reduced. For example we can take (k[x]/(x p - t)) . In fact, there exists an example of a regular variety V which is geometrically reduced, but not even geom",lexical_candidate_only
varieties,22,text,020E,varieties-example-not-geometrically-irreducible,varieties.tex,700,example,Geometrically connected schemes,"egin example Let k = Q . The scheme X = ( Q (i)) is a variety over ( Q ) . But the base change X C is the spectrum of C Q Q (i) ong C imes C which is the disjoint union of two copies of ( C ) . So in fact, this is an example of a non-geometrically connected variety.",lexical_candidate_only
varieties,22,text,0CCF,varieties-lemma-inseparable-deg-p-smooth,varieties.tex,7186,lemma,Frobenii,"egin lemma Let k be a field of characteristic p > 0 . Let X be a variety over k . The following are equivalent egin enumerate X (p) is reduced, X is geometrically reduced, there is a nonempty open U X smooth over k . In this case X (p) is a variety over k and F X/k : X o X (p) is",lexical_candidate_only
varieties,22,text,020C,varieties-section-varieties,varieties.tex,47,section,Varieties,Varieties In the Stacks project we will use the following as our definition of a variety. egin definition Let k be a field. A variety,lexical_candidate_only
varieties,21,text,0EJ1,algebraization-example-distance,algebraization.tex,5868,example,A distance function,"egin example Let k be a field and Y = A n k . Denote elta : Y o Z 0 the usual dimension function. egin enumerate If Z = \ z\ for some closed point z , then egin enumerate elta Z(y) = elta(y) if y z and elta Z(y) = elta(y) + 1 if y z . If Z is a closed subvariety and W = \ y\ , th",lexical_candidate_only
varieties,21,text,0EL3,algebraization-example-lefschetz,algebraization.tex,9191,example,Application to Lefschetz theorems,egin example Let k be a field and let X be a proper variety over k . Let Y X be an effective Cartier divisor such that O X(Y) is ample and denote Y n its n th infinitesimal neighbourhood. Let E be a finite locally free O X -module. Here are some special cases of Proposition ef pr,lexical_candidate_only
varieties,21,text,0EL6,algebraization-example-lefschetz-existence,algebraization.tex,9424,example,Application to Lefschetz theorems,"egin example Let k be a field and let X be a proper variety over k . Let Y X be an effective Cartier divisor such that O X(Y) is ample and denote I O X the corresponding sheaf of ideals. Let ( E n) an object of extit Coh (X, I ) with E n finite locally free. Here are some special",lexical_candidate_only
varieties,21,text,0FB0,chow-section-localized-chern,chow.tex,10628,section,Localized Chern classes,"Localized Chern classes Outline of the construction. Let F be a field, let X be a variety over F , let E be a perfect object of D( O X) , and let Z X be a",lexical_candidate_only
varieties,21,text,0FLJ,cohomology-section-cohomology-filtered-object,cohomology.tex,6811,section,Cohomology of filtered complexes,"Cohomology of filtered complexes Filtered complexes of sheaves frequently come up in a natural fashion when studying cohomology of algebraic varieties, for example the de Rham com",lexical_candidate_only
varieties,21,text,0BXY,curves-lemma-extend-over-dvr,curves.tex,55,lemma,Curves and function fields,"egin lemma Let k be a field. Let X be a curve and Y a proper variety. Let U X be a nonempty open and let f : U o Y be a morphism. If x X is a closed point such that O X, x is a discrete valuation ring, then there exist an open U U' X containing x and a morphism of varieties f' : ",lexical_candidate_only
varieties,21,text,0BXZ,curves-lemma-extend-over-normal-curve,curves.tex,70,lemma,Curves and function fields,egin lemma Let k be a field. Let X be a normal curve and Y a proper variety. The set of rational maps from X to Y is the same as the set of morphisms X o Y .,lexical_candidate_only
varieties,21,text,0BYG,curves-remark-genus-higher-dimension,curves.tex,2175,remark,Geometric genus,"egin remark Suppose that X is a d -dimensional proper smooth variety over an algebraically closed field k . Then the arithmetic genus is often defined as p a(X) = (-1) d(hi(X, O X) - 1) and the geometric genus as p g(X) = im k H 0(X, d X/k ) . In this situation the arithmetic gen",lexical_candidate_only
varieties,21,text,0BCQ,divisors-section-complement-affine-open,divisors.tex,3342,section,Complements of affine opens,Complements of affine opens In this section we discuss the result that the complement of an affine open in a variety has pure codimension 1 . egin lemma lemma-affine-,lexical_candidate_only
varieties,21,text,0G5E,duality-lemma-lichtenbaum,duality.tex,9247,lemma,Lichtenbaum's theorem,"egin lemma Let U be a variety. Let F be a coherent O U -module. If H d(U, F ) is nonzero, then im(U) d and if equality holds, then U is proper.",lexical_candidate_only
varieties,21,text,03RD,etale-cohomology-theorem-tsen,etale-cohomology.tex,10862,theorem,Galois cohomology,egin theorem [Tsen's theorem] The function field of a variety of dimension r over an algebraically closed field k is C r .,lexical_candidate_only
varieties,21,text,0CXX,examples-lemma-non-formal-effectiveness,examples.tex,6386,lemma,An algebraic stack not satisfying strong formal effectiveness,egin lemma Let k be an algebraically closed field which is not the closure of a finite field. Let A be an abelian variety over k . Let X = [ (k)/A] . There exists an inverse system of k -algebras R n with surjective transition maps whose kernels are locally nilpotent and a system,lexical_candidate_only
varieties,21,text,,examples-proposition-abelian-good-reduction-quotient,examples.tex,6146,proposition,An example of a non-algebraic Hom-stack,"egin proposition egin reference ite[Expose 212, Proposition 7.1, pp. 114--115] FGA . Let V be a discrete valuation ring with fraction field K , and let A o (V) be an abelian scheme. If an abelian variety B' over K is isogenous to a quotient of A K , then there exist an abelian sc",lexical_candidate_only
varieties,21,text,0CXW,examples-section-non-formal-effectiveness,examples.tex,6354,section,An algebraic stack not satisfying strong formal effectiveness,An algebraic stack not satisfying strong formal effectiveness This is ite[Example 4.12] Bhatt-Algebraize . Let k be an algebraically closed field. Let A be an abelian variety over k . Assume that A(k),lexical_candidate_only
varieties,21,text,02FJ,exercises-exercise-curve-p1-p1,exercises.tex,5150,exercise,"Schemes, Final Exam, Fall 2007","egin exercise Consider the projective The projective embedding is ((X 0, X 1), (Y 0, Y 1)) (X 0Y 0, X 0Y 1, X 1Y 0, X 1Y 1) in other words (x, y) (1, y, x, xy) . variety P 1 imes P 1 = P 1 C imes ( C ) P 1 C over the field of complex numbers C . It is covered by four affine piece",lexical_candidate_only
varieties,21,text,069R,exercises-exercise-definitions-fall-2010,exercises.tex,5423,exercise,"Schemes, Final Exam, Fall 2010","egin exercise [Definitions] Provide definitions of the following concepts. egin enumerate a separated scheme, a quasi-compact morphism of schemes, an affine morphism of schemes, a multiplicative subset of a ring, a Noetherian scheme, a variety.",lexical_candidate_only
varieties,21,text,0EEK,exercises-exercise-definitions-fall-2017,exercises.tex,6165,exercise,"Commutative Algebra, Final Exam, Fall 2017","egin exercise [Definitions] Provide brief definitions of the italicized concepts. egin enumerate the left adjoint of a functor F : A o B , the transcendence degree of an extension L/K of fields, a regular function on a classical affine variety X k n , a sheaf on a topological spa",lexical_candidate_only
varieties,21,text,0DT0,exercises-exercise-definitions-spring-2017,exercises.tex,6073,exercise,"Schemes, Final Exam, Spring 2017","egin exercise [Definitions] Let f : X o Y be a morphism of schemes. Provide brief definitions of the italicized concepts. egin enumerate the scheme theoretic fibre of f at y Y , f is a finite morphism , a quasi-coherent O X -module, X is variety , f is a smooth morphism , f is a ",lexical_candidate_only
varieties,21,text,0G13,exercises-exercise-definitions-spring-2020,exercises.tex,6493,exercise,"Algebraic Geometry, Final Exam, Spring 2020","egin exercise [Definitions] Provide brief definitions of the italicized concepts. egin enumerate a scheme , a morphism of schemes , a quasi-coherent module on a scheme, a variety over a field k , a curve over a field k , a finite morphism of schemes, the cohomology of a sheaf of ",lexical_candidate_only
varieties,21,text,0E9G,exercises-exercise-extra-function-cone,exercises.tex,2608,exercise,Regular functions,"egin exercise Give an example of an affine variety X C n which is a cone (see Exercise ef exercise-cone ) and a regular function f on U = X \ (0, , 0)\ which is not the restriction of a polynomial function on C n .",lexical_candidate_only
varieties,21,text,0H8U,exercises-exercise-find-singular-point,exercises.tex,6877,exercise,"Algebraic Geometry, Final Exam, Spring 2025","egin exercise Find a singular point (you do not need to find all of them) on the spectrum of C [x, y]/(x 5 - 5xy 4 + 20y - 16) viewed as a variety over C .",lexical_candidate_only
varieties,21,text,0GYE,exercises-exercise-fix-points,exercises.tex,6809,exercise,"Algebraic Geometry, Final Exam, Spring 2022","egin exercise [Fixed points] Let k be an algebraically closed field. egin enumerate If G = G m, k show that if G acts on a projective variety X over k , then the action has a fixed point, i.e., prove there exists a point x X(k) such that a(g, x) = x for all g G(k) . Same with G =",lexical_candidate_only
varieties,21,text,0GYC,exercises-exercise-heights,exercises.tex,6765,exercise,"Algebraic Geometry, Final Exam, Spring 2022","egin exercise [Heights] Let K be a field. Let h n : P n(K) o R , n 0 be a collection of functions satisfying the 2 axioms we discussed in the lectures. Let X be a projective variety over K . Let L be an invertible O X -module and recall that we have constructed in the lectures an",lexical_candidate_only
varieties,21,text,06A1,exercises-exercise-results-spring-2011,exercises.tex,5524,exercise,"Schemes, Final Exam, Spring 2011",egin exercise [Results] State something formally equivalent to the fact discussed in the course. egin enumerate The valuative criterion of properness for a morphism X o Y of varieties for example. The relationship between im(X) and the function field k(X) of X for a variety X ove,lexical_candidate_only
varieties,21,text,0AAS,exercises-exercise-vandermonde,exercises.tex,5961,exercise,"Schemes, Final Exam, Spring 2014","egin exercise Let k be a field of characteristic p > 0 different from 2,3 . Consider the closed subscheme X of P n k defined by i = 0, , n X i = 0, i = 0, , n X i 2 = 0, i = 0, , n X i 3 = 0 For which pairs (n, p) is this variety singular?",lexical_candidate_only
varieties,21,text,02F9,exercises-exercise-weil-Q-cartier,exercises.tex,4907,exercise,Divisors,egin exercise Give an example of a Weil divisor D on a variety which is not the Weil divisor associated to any Cartier divisor but such that nD is the Weil divisor associated to a Cartier divisor for some n > 1 .,lexical_candidate_only
varieties,21,text,02FA,exercises-exercise-weil-not-Q-cartier,exercises.tex,4915,exercise,Divisors,"egin exercise Give an example of a Weil divisor D on a variety which is not the Weil divisor associated to any Cartier divisor and such that nD is NOT the Weil divisor associated to a Cartier divisor for any n > 1 . (Hint: Consider a cone, for example X : xy - zw = 0 in A 4 k . T",lexical_candidate_only
varieties,21,text,02F8,exercises-exercise-weil-not-cartier,exercises.tex,4901,exercise,Divisors,egin exercise Give an example of a Weil divisor on a variety which is not the Weil divisor associated to any Cartier divisor.,lexical_candidate_only
varieties,21,text,0BFE,groupoids-lemma-apply-cube,groupoids.tex,1847,lemma,Abelian varieties,"egin lemma Let k be a field. Let A be an abelian variety over k . Let L be an invertible O A -module. Then there is an isomorphism m 1, 2, 3 * L m 1 * L m 2 * L m 3 * L ong m 1, 2 * L m 1, 3 * L m 2, 3 * L of invertible modules on A imes k A imes k A where m i 1, , i t : A imes k",lexical_candidate_only
varieties,21,text,0BFG,groupoids-lemma-degree-multiplication-by-d,groupoids.tex,1937,lemma,Abelian varieties,egin lemma Let k be a field. Let A be an abelian variety over k . Let [d] : A o A be the multiplication by d . Then [d] is finite locally free of degree d 2im(A) .,lexical_candidate_only
varieties,21,text,0BFF,groupoids-lemma-pullbacks-by-n,groupoids.tex,1895,lemma,Abelian varieties,egin lemma Let k be a field. Let A be an abelian variety over k . Let L be an invertible O A -module. Then [n] * L ong L n(n + 1)/2 ([-1] * L ) n(n - 1)/2 where [n] : A o A sends x to x + x + + x with n summands and where [-1] : A o A is the inverse of A .,lexical_candidate_only
varieties,21,text,03RP,groupoids-proposition-review-abelian-varieties,groupoids.tex,2071,proposition,Abelian varieties,"egin proposition egin reference Wonderfully explained in ite AVar . Let A be an abelian variety over a field k . Then egin enumerate A is projective over k , A is a commutative group scheme, the morphism [n] : A o A is surjective for all n 1 , if k is algebraically closed, then A",lexical_candidate_only
varieties,21,text,04V2,guide-subsection-rigidification,guide.tex,713,subsection,Rigidification,"Rigidification Rigidification is a process for removing a flat subgroup from the inertia. For example, if X is a projective variety, the morphism from the Picard stack",lexical_candidate_only
varieties,21,text,0AZQ,intersection-definition-proper-intersection,intersection.tex,653,definition,Proper intersections,"egin definition Let X be a nonsingular variety. egin enumerate Let W,V X be closed subvarieties with im(W) = s and im(V) = r . We say that W and V intersect properly if im(V ap W) r + s - im(X) . Let = n i [W i] be an s -cycle, and eta = j m j [V j] be an r -cycle on X . We say t",lexical_candidate_only
varieties,21,text,0B2S,intersection-example-naive-multiplicity-wrong,intersection.tex,852,example,Intersection multiplicities using Tor formula,"egin example In this example we show that it is necessary to use the higher tors in the formula for the intersection multiplicities above. Let X be a nonsingular variety of dimension 4 . Let p X be a closed point. Let V, W X be closed subvarieties in X . Assume that there is an i",lexical_candidate_only
varieties,21,text,0B1L,intersection-lemma-associative,intersection.tex,1906,lemma,Associativity of intersections,"egin lemma Let X be a nonsingular variety. Let U, V, W be closed subvarieties. Assume that U, V, W intersect properly pairwise and that im(U ap V ap W) im(U) + im(V) + im(W) - 2im(X) . Then U dot (V dot W) = (U dot V) dot W as cycles on X .",lexical_candidate_only
varieties,21,text,0AZT,intersection-lemma-compute-tor-nonsingular,intersection.tex,729,lemma,Intersection multiplicities using Tor formula,"egin lemma Let X be a nonsingular variety. Let F , G be coherent O X -modules. The O X -module ext Tor p O X ( F , G ) is coherent, has stalk at x equal to ext Tor p O X, x ( F x, G x) , is supported on ext Supp ( F ) ap ext Supp ( G ) , and is nonzero only for p \ 0, , im(X)\ .",lexical_candidate_only
varieties,21,text,0B0Q,intersection-lemma-diagonal-regular-immersion,intersection.tex,622,lemma,Proper intersections,egin lemma Let X be a nonsingular variety. Then the diagonal : X o X imes X is a regular immersion of codimension im(X) .,lexical_candidate_only
varieties,21,text,0AZM,intersection-lemma-dimension-product-varieties,intersection.tex,539,lemma,Proper intersections,egin lemma Let X and Y be varieties. Then X imes Y is a variety and im(X imes Y) = im(X) + im(Y) .,lexical_candidate_only
varieties,21,text,0B2T,intersection-lemma-find-lines,intersection.tex,2380,lemma,Projections,"egin lemma Let V be a vector space. Let B P (V) be a closed subvariety of codimension 2 . Let p P (V) be a closed point, p B . Then there exists a line P (V) with p and ap B = . Moreover, these lines sweep out an open subset of P (V) .",lexical_candidate_only
varieties,21,text,0AZP,intersection-lemma-intersect-in-smooth,intersection.tex,637,lemma,Proper intersections,"egin lemma Let X be a nonsingular variety and let W,V X be closed subvarieties with im(W) = s and im(V) = r . Then every irreducible component Z of V ap W has dimension r + s - im(X) .",lexical_candidate_only
varieties,21,text,0B02,intersection-lemma-intersection-multiplicity-CM,intersection.tex,1139,lemma,Computing intersection multiplicities,"egin lemma Let X be a nonsingular variety and W, V X closed subvarieties which intersect properly. Let Z be an irreducible component of V ap W with generic point . Assume that O W, and O V, are Cohen-Macaulay. Then e(X, V dot W, Z) = ext length O X, ( O V ap W, ) where V ap W is ",lexical_candidate_only
varieties,21,text,0B1U,intersection-lemma-moving-move,intersection.tex,2744,lemma,Moving Lemma,egin lemma Let X be a nonsingular projective variety. Let be an r -cycle and eta be an s -cycle on X . Then there exists an r -cycle ' such that ' rat and such that ' and eta intersect properly.,lexical_candidate_only
varieties,21,text,0B04,intersection-lemma-multiplicity-with-lci,intersection.tex,1209,lemma,Computing intersection multiplicities,"egin lemma Let X be a nonsingular variety. Let W,V X be closed subvarieties which intersect properly. Let Z be an irreducible component of V ap W with generic point . Suppose the ideal of V in O X, is cut out by a regular sequence f 1, , f c O X, . Then e(X, Vdot W, Z) is equal t",lexical_candidate_only
varieties,21,text,0B1Q,intersection-lemma-projection-generically-immersion,intersection.tex,2258,lemma,Projections,"egin lemma Let V be a vector space of dimension n + 1 . Let X P (V) be a closed subvariety. Let x X be a nonsingular point. egin enumerate If im(X) < n - 1 , then there is a nonempty Zariski open U P (V) such that for all closed points p U the morphism r p| X : X o r p(X) is an i",lexical_candidate_only
varieties,21,text,0B0U,intersection-lemma-reduction-diagonal,intersection.tex,1678,lemma,Reduction to the diagonal,"egin lemma Let X be a nonsingular variety. Let , resp.\ eta be an r -cycle, resp.\ s -cycle on X . Assume and eta intersect properly. Then egin enumerate imes eta and [ ] intersect properly we have *( dot eta) = [ ] dot as cycles on X imes X , if X is proper, then ext pr 1, * ([ ",lexical_candidate_only
varieties,21,text,0B0T,intersection-lemma-tor-and-diagonal,intersection.tex,1570,lemma,Reduction to the diagonal,"egin lemma Let X be a nonsingular variety. egin enumerate If F and G are coherent O X -modules, then there are canonical isomorphisms ext Tor i O X imes X ( O , ext pr 1 * F O X imes X ext pr 2 * G ) = *ext Tor i O X ( F , G ) If K and M are in D ( O X) , then there is a canonica",lexical_candidate_only
varieties,21,text,0B0W,intersection-lemma-tor-sheaf,intersection.tex,1763,lemma,Reduction to the diagonal,"egin lemma egin reference ite[Chapter V] Serre algebre locale Let X be a nonsingular variety. Let F and G be coherent sheaves on X with im(ext Supp ( F )) r , im(ext Supp ( G )) s , and im(ext Supp ( F ) ap ext Supp ( G ) ) r + s - im X . In this case [ F ] r and [ G ] s intersec",lexical_candidate_only
varieties,21,text,0B1M,intersection-lemma-transfer,intersection.tex,2146,lemma,Projection formula for flat proper morphisms,"egin lemma Let X o P be a closed immersion of nonsingular varieties. Let C' P imes P 1 be a closed subvariety of dimension r + 1 . Assume egin enumerate the fibre C = C' 0 has dimension r , i.e., C' o P 1 is dominant, C' intersects X imes P 1 properly, [C] r intersects X properly",lexical_candidate_only
varieties,21,text,0B1I,intersection-lemma-transversal,intersection.tex,796,lemma,Intersection multiplicities using Tor formula,"egin lemma Let X be a nonsingular variety. Let V, W X be closed subvarieties which intersect properly. Let Z be an irreducible component of V ap W and assume that the multiplicity (in the sense of Section ef section-cycle-of-closed ) of Z in the closed subscheme V ap W is 1 . The",lexical_candidate_only
varieties,21,text,0B1J,intersection-lemma-transversal-subschemes,intersection.tex,1366,lemma,Intersection product using Tor formula,"egin lemma Let X be a nonsingular variety. Let r, s 0 and let Y, Z X be closed subschemes with im(Y) r and im(Z) s . Assume [Y] r = n i[Y i] and [Z] s = m j[Z j] intersect properly. Let T be an irreducible component of Y i 0 ap Z j 0 for some i 0 and j 0 and assume that the multi",lexical_candidate_only
varieties,21,text,0B0V,intersection-proposition-positivity,intersection.tex,1736,proposition,Reduction to the diagonal,"egin proposition egin reference This is one of the main results of ite Serre algebre locale . Let X be a nonsingular variety. Let V X and W Y be closed subvarieties which intersect properly. Let Z V ap W be an irreducible component. Then e(X, V dot W, Z) > 0 .",lexical_candidate_only
varieties,21,text,0B0G,intersection-section-chow-rings,intersection.tex,3044,section,Chow rings,"Chow rings Let X be a nonsingular projective variety. We define the intersection product r(X) imes s(X) r + s - im(X) (X), (",lexical_candidate_only
varieties,21,text,0AZA,intersection-section-cycle-of-closed,intersection.tex,159,section,Cycle associated to closed subscheme,Cycle associated to closed subscheme Suppose that X is a variety and that Z X be a closed subscheme with im(Z) k . Let Z i be the irreducible components of Z of dimension,lexical_candidate_only
varieties,21,text,0AZB,intersection-section-cycle-of-coherent-sheaf,intersection.tex,179,section,Cycle associated to a coherent sheaf,Cycle associated to a coherent sheaf Suppose that X is a variety and that F is a coherent O X -module with im(ext Supp ( F )) k . Let Z i be,lexical_candidate_only
affine,190,label;section;text,01SG,morphisms-lemma-affine-permanence,morphisms.tex,2025,lemma,Affine morphisms,"egin lemma Suppose g : X o Y is a morphism of schemes over S . egin enumerate If X is affine over S and : Y o Y imes S Y is affine, then g is affine. If X is affine over S and Y is separated over S , then g is affine. A morphism from an affine scheme to a scheme with affine diago",lexical_candidate_only
affine,189,label;section;text,01SP,morphisms-lemma-affine-quasi-affine,morphisms.tex,2359,lemma,Quasi-affine morphisms,egin lemma Let S be a scheme. Let X be an affine scheme. A morphism f : X o S is quasi-affine if and only if it is quasi-compact. In particular any morphism from an affine scheme to a quasi-separated scheme is quasi-affine.,lexical_candidate_only
affine,189,label;section;text,01QD,properties-section-affine-quasi-affine,properties.tex,4839,section,Affine and quasi-affine schemes,Affine and quasi-affine schemes egin lemma Let X be a scheme. Then X is quasi-affine if and only if O X is ample. egin proof,lexical_candidate_only
affine,188,label;section;text,0272,examples-lemma-quasi-affine-normalization-not-quasi-affine,examples.tex,1854,lemma,Non-quasi-affine variety with quasi-affine normalization,egin lemma Let k be a field. There exists a variety X whose normalization is quasi-affine but which is itself not quasi-affine.,lexical_candidate_only
affine,188,label;section;text,0AP6,more-morphisms-definition-ind-quasi-affine,more-morphisms.tex,20598,definition,Ind-quasi-affine morphisms,"egin definition A scheme X is ind-quasi-affine if every quasi-compact open of X is quasi-affine. Similarly, a morphism of schemes X o Y is ind-quasi-affine if f -1 (V) is ind-quasi-affine for each affine open V in Y .",lexical_candidate_only
affine,187,label;section;text,01YQ,coherent-lemma-image-affine-finite-morphism-affine-Noetherian,coherent.tex,3560,lemma,Finite morphisms and affines,"egin lemma Let f : Y o X be a morphism of schemes. Assume egin enumerate f finite, f surjective, Y affine, and X Noetherian. Then X is affine.",lexical_candidate_only
affine,187,label;section;text,01ZT,limits-lemma-affine,limits.tex,2834,lemma,Characterizing affine schemes,"egin lemma egin slogan A scheme, admitting a finite surjective map from an affine scheme, is affine. Let f : X o S be a morphism of schemes. Assume that f is surjective and finite, and assume that X is affine. Then S is affine.",lexical_candidate_only
affine,187,label;section;text,09NL,limits-lemma-affines-glued-in-closed-affine,limits.tex,2912,lemma,Characterizing affine schemes,egin lemma Let X be a scheme which is set theoretically the union of finitely many affine closed subschemes. Then X is affine.,lexical_candidate_only
affine,187,label;section;text,0C3A,morphisms-lemma-get-affine,morphisms.tex,2076,lemma,Affine morphisms,"egin lemma Let j : Y o X be an immersion of schemes. Assume there exists an open U X with complement Z = X U such that egin enumerate U o X is affine, j -1 (U) o U is affine, and j(Y) ap Z is closed. Then j is affine. In particular, if X is affine, so is Y .",lexical_candidate_only
affine,187,label;section;text,01SH,morphisms-lemma-morphism-affines-affine,morphisms.tex,2054,lemma,Affine morphisms,egin lemma A morphism between affine schemes is affine.,lexical_candidate_only
affine,187,label;section;text,054G,morphisms-lemma-quasi-affine-permanence,morphisms.tex,2376,lemma,Quasi-affine morphisms,"egin lemma Suppose g : X o Y is a morphism of schemes over S . If X is quasi-affine over S and Y is quasi-separated over S , then g is quasi-affine. In particular, any morphism from a quasi-affine scheme to a quasi-separated scheme is quasi-affine.",lexical_candidate_only
affine,187,label;section;text,01S5,morphisms-section-affine,morphisms.tex,1711,section,Affine morphisms,Affine morphisms egin definition A morphism of schemes f : X o S is called affine if the inverse image of every affine open of S is an affine open of X,lexical_candidate_only
affine,187,label;section;text,07VP,spaces-cohomology-lemma-image-affine-finite-morphism-affine-Noetherian,spaces-cohomology.tex,3200,lemma,Finite morphisms and affines,"egin lemma Let S be a scheme. Let f : Y o X be a morphism of algebraic spaces over S . Assume egin enumerate f finite, f surjective, Y affine, and X Noetherian. Then X is affine.",lexical_candidate_only
affine,187,label;section;text,03WG,spaces-morphisms-lemma-affine-local,spaces-morphisms.tex,3692,lemma,Affine morphisms,"egin lemma Let S be a scheme. Let f : X o Y be a morphism of algebraic spaces over S . The following are equivalent: egin enumerate f is representable and affine, f is affine, for every affine scheme V and etale morphism V o Y the scheme X imes Y V is affine, there exists a schem",lexical_candidate_only
affine,187,label;section;text,08GB,spaces-morphisms-lemma-affine-permanence,spaces-morphisms.tex,3899,lemma,Affine morphisms,"egin lemma Let S be a scheme. Let B be an algebraic space over S . Suppose g : X o Y is a morphism of algebraic spaces over B . egin enumerate If X is affine over B and : Y o Y imes B Y is affine, then g is affine. If X is affine over B and Y is separated over B , then g is affin",lexical_candidate_only
affine,186,label;section;text,01YN,coherent-section-finite-affine,coherent.tex,3472,section,Finite morphisms and affines,Finite morphisms and affines In this section we use the results of the preceding sections to show that the image of a Noetherian affine scheme under a finite morphism is affine. We will se,lexical_candidate_only
affine,186,label;section;text,01M0,constructions-definition-affine-n-space,constructions.tex,745,definition,Affine n-space,"egin definition Let S be a scheme and n 0 . The scheme A n S = nderline S( O S[T 1, , T n]) over S is called affine n -space over S . If S = (R) is affine then we also call this affine n -space over R and we denote it A n R .",lexical_candidate_only
affine,186,label;section;text,0BCQ,divisors-section-complement-affine-open,divisors.tex,3342,section,Complements of affine opens,Complements of affine opens In this section we discuss the result that the complement of an affine open in a variety has pure codimension 1 . egin lemma lemma-affine-,lexical_candidate_only
affine,186,label;section;text,0271,examples-section-nonquasi-affine,examples.tex,1759,section,Non-quasi-affine variety with quasi-affine normalization,"Non-quasi-affine variety with quasi-affine normalization The existence of an example of this kind is mentioned in ite[II Remark 6.6.13] EGA . They refer to the fifth volume of EGA for such an example, but the fif",lexical_candidate_only
affine,186,label;section;text,0AIE,formal-spaces-remark-compare-with-affine-formal-schemes,formal-spaces.tex,2060,remark,Affine formal algebraic spaces,egin remark The classical affine formal algebraic spaces correspond to the affine formal schemes considered in EGA (ite EGA ). To explain this we assume our base scheme is ( Z ) . Let X = ext Spf (A) be an affine formal scheme. Let h X be its functor of points as in Lemma ef lemm,lexical_candidate_only
affine,186,label;section;text,0AI6,formal-spaces-section-affine-formal-algebraic-spaces,formal-spaces.tex,1742,section,Affine formal algebraic spaces,Affine formal algebraic spaces In this section we introduce affine formal algebraic spaces. These will in fact be the same as what are called affine formal schemes in ite,lexical_candidate_only
affine,186,label;section;text,05YU,limits-proposition-affine,limits.tex,2876,proposition,Characterizing affine schemes,"egin proposition egin slogan A scheme admitting a surjective integral map from an affine scheme is affine. Let f : X o S be a morphism of schemes. Assume X is affine and that f is surjective and universally closed An integral morphism is universally closed, see Morphisms, Lemma e",lexical_candidate_only
affine,186,label;section;text,01ZS,limits-section-affine,limits.tex,2823,section,Characterizing affine schemes,Characterizing affine schemes If f : X o S is a surjective integral morphism of schemes such that X is an affine scheme then S is affine too. See ite[A.2] Conrad-Nagata . Our proof relie,lexical_candidate_only
affine,186,label;section;text,0APG,more-groupoids-section-ind-quasi-affine,more-groupoids.tex,2959,section,Descending ind-quasi-affine morphisms,"Descending ind-quasi-affine morphisms Ind-quasi-affine morphisms were defined in More on Morphisms, Section ef more-morphisms-section-ind-quasi-affine . This section is the analogue of Descent",lexical_candidate_only
affine,186,label;section;text,0F2S,more-morphisms-definition-affine-stratification,more-morphisms.tex,22514,definition,Affine stratifications,egin definition Let X be a scheme. An affine stratification is a locally finite stratification X = oprod i I X i whose strata X i are affine and such that the inclusion morphisms X i o X are affine.,lexical_candidate_only
affine,186,label;section;text,0F1U,more-morphisms-lemma-ind-quasi-affine-alternative-definition,more-morphisms.tex,20614,lemma,Ind-quasi-affine morphisms,"egin lemma For a morphism of schemes f : X o Y , the following are equivalent: egin enumerate f is ind-quasi-affine, for every affine open subscheme V Y and every quasi-compact open subscheme U f -1 (V) , the induced morphism U o V is quasi-affine. for some cover \ V j \ j J of Y",lexical_candidate_only
affine,186,label;section;text,0F1W,more-morphisms-lemma-ind-quasi-affine-examples,more-morphisms.tex,20682,lemma,Ind-quasi-affine morphisms,egin lemma Any quasi-affine morphism is ind-quasi-affine. Any immersion is ind-quasi-affine.,lexical_candidate_only
affine,186,label;section;text,01S6,morphisms-definition-affine,morphisms.tex,1714,definition,Affine morphisms,egin definition A morphism of schemes f : X o S is called affine if the inverse image of every affine open of S is an affine open of X .,lexical_candidate_only
affine,186,label;section;text,01SK,morphisms-definition-quasi-affine,morphisms.tex,2200,definition,Quasi-affine morphisms,egin definition A morphism of schemes f : X o S is called quasi-affine if the inverse image of every affine open of S is a quasi-affine scheme.,lexical_candidate_only
affine,186,label;section;text,01S8,morphisms-lemma-characterize-affine,morphisms.tex,1736,lemma,Affine morphisms,"egin lemma egin reference ite[II, Corollary 1.3.2] EGA Let f : X o S be a morphism of schemes. The following are equivalent egin enumerate The morphism f is affine. There exists an affine open covering S = igcup W j such that each f -1 (W j) is affine. There exists a quasi-cohere",lexical_candidate_only
affine,186,label;section;text,01SM,morphisms-lemma-characterize-quasi-affine,morphisms.tex,2224,lemma,Quasi-affine morphisms,egin lemma Let f : X o S be a morphism of schemes. The following are equivalent egin enumerate The morphism f is quasi-affine. There exists an affine open covering S = igcup W j such that each f -1 (W j) is quasi-affine. There exists a quasi-coherent sheaf of O S -algebras A and ,lexical_candidate_only
affine,186,label;section;text,01SJ,morphisms-section-quasi-affine,morphisms.tex,2192,section,Quasi-affine morphisms,"Quasi-affine morphisms Recall that a scheme X is called quasi-affine if it is quasi-compact and isomorphic to an open subscheme of an affine scheme, see Properties, Definition",lexical_candidate_only
affine,186,label;section;text,01QF,properties-lemma-characterize-affine,properties.tex,4886,lemma,Affine and quasi-affine schemes,"egin lemma Let X be a scheme. Suppose that there exist finitely many elements f 1, , f n (X, O X) such that egin enumerate each X f i is an affine open of X , and the ideal generated by f 1, , f n in (X, O X) is equal to the unit ideal. Then X is affine.",lexical_candidate_only
affine,186,label;section;text,0BCK,properties-lemma-quasi-affine-locally-closed,properties.tex,4870,lemma,Affine and quasi-affine schemes,egin lemma Let X be a quasi-affine scheme. For any quasi-compact immersion i : X' o X the scheme X' is quasi-affine.,lexical_candidate_only
affine,186,label;section;text,0F82,properties-lemma-quasi-affine-presentation,properties.tex,2522,lemma,Quasi-affine schemes,"egin lemma Let X be a quasi-affine scheme. There exists an integer n 0 , an affine scheme T , and a morphism T o X such that for every morphism X' o X with X' affine the fibre product X' imes X T is isomorphic to A n X' over X' .",lexical_candidate_only
affine,186,label;section;text,01P5,properties-section-quasi-affine,properties.tex,2404,section,Quasi-affine schemes,Quasi-affine schemes egin definition A scheme X is called quasi-affine if it is quasi-compact and isomorphic to an open subscheme of an affine schem,lexical_candidate_only
affine,186,label;section;text,01I2,schemes-lemma-category-affine-schemes,schemes.tex,954,lemma,The category of affine schemes,egin lemma The category of affine schemes is equivalent to the opposite of the category of rings. The equivalence is given by the functor that associates to an affine scheme the global sections of its structure sheaf.,lexical_candidate_only
affine,186,label;section;text,0ERF,spaces-chow-section-affine-vector,spaces-chow.tex,3723,section,Affine bundles,"Affine bundles This section is the analogue of Chow Homology, Section ef chow-section-affine-vector . For an affine bundle the pullback map is surjective on Chow groups. \",lexical_candidate_only
affine,186,label;section;text,03WF,spaces-morphisms-definition-affine,spaces-morphisms.tex,3683,definition,Affine morphisms,egin definition Let S be a scheme. Let f : X o Y be a morphism of algebraic spaces over S . We say f is affine if for every affine scheme Z and morphism Z o Y the algebraic space X imes Y Z is representable by an affine scheme.,lexical_candidate_only
affine,186,label;section;text,03WL,spaces-morphisms-definition-quasi-affine,spaces-morphisms.tex,3987,definition,Quasi-affine morphisms,egin definition Let S be a scheme. Let f : X o Y be a morphism of algebraic spaces over S . We say f is quasi-affine if for every affine scheme Z and morphism Z o Y the algebraic space X imes Y Z is representable by a quasi-affine scheme.,lexical_candidate_only
affine,186,label;section;text,03WE,spaces-morphisms-lemma-affine-representable,spaces-morphisms.tex,3666,lemma,Affine morphisms,egin lemma Let S be a scheme. Let f : X o Y be a representable morphism of algebraic spaces over S . Then f is affine (in the sense of Section ef section-representable ) if and only if for all affine schemes Z and morphisms Z o Y the scheme X imes Y Z is affine.,lexical_candidate_only
affine,186,label;section;text,03WK,spaces-morphisms-lemma-quasi-affine-representable,spaces-morphisms.tex,3969,lemma,Quasi-affine morphisms,egin lemma Let S be a scheme. Let f : X o Y be a representable morphism of algebraic spaces over S . Then f is quasi-affine (in the sense of Section ef section-representable ) if and only if for all affine schemes Z and morphisms Z o Y the scheme X imes Y Z is quasi-affine.,lexical_candidate_only
affine,186,label;section;text,0GQE,stacks-morphisms-lemma-affine-permanence,stacks-morphisms.tex,2147,lemma,Affine morphisms,"egin lemma Let X f a Y b \\ Z be a commutative diagram of morphisms of algebraic stacks. If a is affine and b is affine, then f is affine.",lexical_candidate_only
affine,186,label;section;text,0CHP,stacks-morphisms-section-affine,stacks-morphisms.tex,2094,section,Affine morphisms,Affine morphisms Affine morphisms of algebraic stacks are defined as follows. egin definition A morphism of algebraic stacks is said to be affine i,lexical_candidate_only
affine,186,label;section;text,09NF,varieties-section-finding-affine-opens,varieties.tex,8877,section,Finding affine opens,"Finding affine opens We continue the discussion started in Properties, Section ef properties-section-finding-affine-opens . It turns out that we can find affines containin",lexical_candidate_only
affine,185,label;section;text,02TS,chow-section-affine-vector,chow.tex,5645,section,Affine bundles,"Affine bundles For an affine bundle the pullback map is surjective on Chow groups. egin lemma Let (S, elta) be as in S",lexical_candidate_only
affine,185,label;section;text,01LZ,constructions-section-affine-n-space,constructions.tex,733,section,Affine n-space,Affine n-space As an application of the relative spectrum we define affine n -space over a base scheme S as follows. For any integer n 0 we can consider the quasi-,lexical_candidate_only
affine,185,label;section;text,07HN,crystalline-lemma-affine-thickenings-colimits,crystalline.tex,726,lemma,Affine crystalline site,"egin lemma In Situation ef situation-affine . egin enumerate ext CRIS (C/A) has finite products (but not infinite ones), ext CRIS (C/A) has all finite nonempty colimits and (ef equation-forget-affine ) commutes with these, and ext Cris (C/A) has all finite nonempty colimits and e",lexical_candidate_only
affine,185,label;section;text,0244,descent-section-affine,descent.tex,10234,section,Descending affine morphisms,Descending affine morphisms In this section we show that ``affine morphisms satisfy descent for fpqc-coverings''. Here is the formal statement. egin lemma Let S be a s,lexical_candidate_only
affine,185,label;section;text,0246,descent-section-quasi-affine,descent.tex,10319,section,Descending quasi-affine morphisms,Descending quasi-affine morphisms In this section we show that ``quasi-affine morphisms satisfy descent for fpqc-coverings''. Here is the formal statement. egin lemma lemma-quasi-affi,lexical_candidate_only
affine,185,label;section;text,0EGJ,divisors-lemma-complement-open-affine-effective-cartier-divisor-bis,divisors.tex,3525,lemma,Complements of affine opens,"egin lemma Let X be a Noetherian scheme with affine diagonal. Let U X be a dense affine open. If O X, x is a UFD for all x X U , then there exists an effective Cartier divisor D X with U = X D .",lexical_candidate_only
affine,185,label;section;text,0BCT,divisors-remark-affine-puctured-spectrum-general,divisors.tex,3433,remark,Complements of affine opens,"egin remark It is not clear how to characterize the non-Noetherian local rings (A, m) whose punctured spectrum is affine. Such a ring has a finitely generated ideal I with m = I . Of course if we can take I generated by 1 element, then A has an affine puncture spectrum; this give",lexical_candidate_only
affine,185,label;section;text,09Z8,etale-cohomology-section-gabber-affine-proper,etale-cohomology.tex,14892,section,Affine analog of proper base change,"Affine analog of proper base change In this section we discuss a result by Ofer Gabber, see ite gabber-affine-proper . This was also proved by Roland Huber, see ite Huber-henselian . W",lexical_candidate_only
affine,185,label;section;text,0CBD,examples-lemma-affine-formal-functions-do-not-separate-points,examples.tex,6512,lemma,Affine formal algebraic spaces,"egin lemma There exists an affine formal algebraic space X whose regular functions do not separate points, in the following sense: If we write X = olim X as in Formal Spaces, Definition ef formal-spaces-definition-affine-formal-algebraic-space then (X , O X ) is a field, but X re",lexical_candidate_only
affine,185,label;section;text,088V,examples-section-embedding-affines,examples.tex,2182,section,Affines over algebraic spaces,Affines over algebraic spaces Suppose that f : Y o X is a morphism of schemes with f locally of finite type and Y affine. Then there exists an immersion Y o A,lexical_candidate_only
affine,185,label;section;text,0AI7,formal-spaces-definition-affine-formal-algebraic-space,formal-spaces.tex,1758,definition,Affine formal algebraic spaces,"egin definition Let S be a scheme. We say a sheaf X on ( /S) fppf is an affine formal algebraic space if there exist egin enumerate a directed set , a system (X , f ) over in ( /S) fppf where egin enumerate each X is affine, each f : X o X is a thickening, such that X ong olim X ",lexical_candidate_only
affine,185,label;section;text,0AID,formal-spaces-definition-types-affine-formal-algebraic-space,formal-spaces.tex,2022,definition,Affine formal algebraic spaces,egin definition Let S be a scheme. Let X be an affine formal algebraic space over S . We say X is McQuillan if X satisfies the equivalent conditions of Lemma ef lemma-mcquillan-affine-formal-algebraic-space . Let A be the weakly admissible topological ring associated to X . We sa,lexical_candidate_only
affine,185,label;section;text,0AIB,formal-spaces-lemma-characterize-affine-formal-algebraic-space,formal-spaces.tex,1879,lemma,Affine formal algebraic spaces,egin lemma Let S be a scheme. Let X be a sheaf on ( /S) fppf . Then X is an affine formal algebraic space if and only if the following hold egin enumerate any morphism U o X where U is an affine scheme over S factors through a morphism T o X which is representable and a thickenin,lexical_candidate_only
affine,185,label;section;text,0AII,formal-spaces-lemma-countable-affine-formal-algebraic-space,formal-spaces.tex,2206,lemma,Countably indexed affine formal algebraic spaces,"egin lemma Let S be a scheme. Let X be an affine formal algebraic space over S . The following are equivalent egin enumerate there exists a system X 1 o X 2 o X 3 o of thickenings of affine schemes over S such that X = olim X n , there exists a choice X = olim X as in Definition ",lexical_candidate_only
affine,185,label;section;text,01YW,limits-lemma-directed-inverse-system-affine-schemes-has-limit,limits.tex,42,lemma,Directed limits of schemes with affine transition maps,"egin lemma Let I be a directed set. Let (S i, f ii' ) be an inverse system of schemes over I . If all the schemes S i are affine, then the limit S = i S i exists in the category of schemes. In fact S is affine and S = (olim i R i) with R i = (S i, O ) .",lexical_candidate_only
affine,185,label;section;text,0B7L,limits-lemma-thickening-quasi-affine,limits.tex,2982,lemma,Characterizing affine schemes,egin lemma Let i : Z o X be a closed immersion of schemes inducing a homeomorphism of underlying topological spaces. Then X is quasi-affine if and only if Z is quasi-affine.,lexical_candidate_only
affine,185,label;section;text,0F2V,more-morphisms-definition-affine-stratification-number,more-morphisms.tex,22645,definition,Affine stratifications,egin definition Let X be a nonempty quasi-compact and quasi-separated scheme. The affine stratification number is the smallest integer n 0 such that the following equivalent conditions are satisfied egin enumerate there exists a finite affine stratification X = oprod i I X i wher,lexical_candidate_only
affine,185,label;section;text,0F2Z,more-morphisms-example-affine-stratification-number,more-morphisms.tex,22772,example,Affine stratifications,"egin example Let k be a field and let X = P n k be n -dimensional projective space over k . Lemma ef lemma-affine-stratification-number-bound applies to this by Constructions, Lemma ef constructions-lemma-standard-covering-projective-space . Hence the affine stratification number",lexical_candidate_only
affine,185,label;section;text,0F2W,more-morphisms-lemma-affine-stratification-number-bound,more-morphisms.tex,22665,lemma,Affine stratifications,egin lemma Let X be a separated scheme which has an open covering by n + 1 affines. Then the affine stratification number of X is at most n .,lexical_candidate_only
affine,185,label;section;text,0F3R,more-morphisms-lemma-affineness-of-large-open,more-morphisms.tex,24240,lemma,Weightings and affine stratification numbers,egin lemma Let f : X o Y be a morphism of affine schemes which is quasi-finite and of finite presentation. Let w : X o Z > 0 be a positive weighting of f . Let d < be the maximum value of f w . The open Y d = \ y Y (extstyle f w)(y) = d \ of Y is affine.,lexical_candidate_only
affine,185,label;section;text,0F1X,more-morphisms-lemma-ind-quasi-affine-permanence,more-morphisms.tex,20697,lemma,Ind-quasi-affine morphisms,"egin lemma If f : X o Y and g : Y o Z are morphisms of schemes such that g irc f is ind-quasi-affine, then f is ind-quasi-affine.",lexical_candidate_only
affine,185,label;section;text,0AP5,more-morphisms-section-ind-quasi-affine,more-morphisms.tex,20592,section,Ind-quasi-affine morphisms,Ind-quasi-affine morphisms A bit of theory to be used later. egin definition A scheme X is ind-quasi-affine if every quasi-compact open,lexical_candidate_only
affine,185,label;section;text,01SD,morphisms-lemma-base-change-affine,morphisms.tex,1982,lemma,Affine morphisms,egin lemma The base change of an affine morphism is affine.,lexical_candidate_only
affine,185,label;section;text,01SO,morphisms-lemma-base-change-quasi-affine,morphisms.tex,2317,lemma,Quasi-affine morphisms,egin lemma The base change of a quasi-affine morphism is quasi-affine.,lexical_candidate_only
affine,185,label;section;text,01SC,morphisms-lemma-composition-affine,morphisms.tex,1970,lemma,Affine morphisms,egin lemma The composition of affine morphisms is affine.,lexical_candidate_only
affine,185,label;section;text,01SN,morphisms-lemma-composition-quasi-affine,morphisms.tex,2281,lemma,Quasi-affine morphisms,egin lemma The composition of quasi-affine morphisms is quasi-affine.,lexical_candidate_only
affine,185,label;section;text,0CN6,morphisms-section-universal-homeomorphisms-affine,morphisms.tex,11494,section,Universal homeomorphisms of affine schemes,Universal homeomorphisms of affine schemes In this section we characterize universal homeomorphisms of affine schemes. egin lemma Let A o B be,lexical_candidate_only
affine,185,label;section;text,0AVV,perfect-section-affine-morphisms,perfect.tex,629,section,Affine morphisms,Affine morphisms In this section we collect some information about pushforward along an affine morphism of schemes. egin lemma,lexical_candidate_only
affine,185,label;section;text,01P6,properties-definition-quasi-affine,properties.tex,2407,definition,Quasi-affine schemes,egin definition A scheme X is called quasi-affine if it is quasi-compact and isomorphic to an open subscheme of an affine scheme.,lexical_candidate_only
affine,185,label;section;text,01ZY,properties-lemma-ample-finite-set-in-affine,properties.tex,5244,lemma,Finding suitable affine opens,egin lemma Let X be a scheme. Assume either egin enumerate The scheme X is quasi-affine. The scheme X is isomorphic to a locally closed subscheme of an affine scheme. There exists an ample invertible sheaf on X . The scheme X is isomorphic to a locally closed subscheme of ext Pro,lexical_candidate_only
affine,185,label;section;text,01P8,properties-lemma-invert-f-affine,properties.tex,2433,lemma,Quasi-affine schemes,"egin lemma Let X be a scheme. Let f (X, O X) . Assume X is quasi-compact and quasi-separated and assume that X f is affine. Then the canonical morphism j : X ( (X, O X)) from Schemes, Lemma ef schemes-lemma-morphism-into-affine induces an isomorphism of X f = j -1 (D(f)) onto the",lexical_candidate_only
affine,185,label;section;text,01P9,properties-lemma-quasi-affine,properties.tex,2452,lemma,Quasi-affine schemes,"egin lemma Let X be a scheme. Then X is quasi-affine if and only if the canonical morphism X ( (X, O X)) from Schemes, Lemma ef schemes-lemma-morphism-into-affine is a quasi-compact open immersion.",lexical_candidate_only
affine,185,label;section;text,01QE,properties-lemma-quasi-affine-O-ample,properties.tex,4842,lemma,Affine and quasi-affine schemes,egin lemma Let X be a scheme. Then X is quasi-affine if and only if O X is ample.,lexical_candidate_only
affine,185,label;section;text,0F20,properties-lemma-quasi-affine-invertible-nonvanishing-section,properties.tex,5327,lemma,Finding suitable affine opens,"egin lemma Let X be a quasi-affine scheme. Let L be an invertible O X -module. Let E W X with E finite and W open. Then there exists an s (X, L ) such that X s is affine and E X s W .",lexical_candidate_only
affine,185,label;section;text,0H9B,properties-lemma-standard-open-two-affines,properties.tex,5402,lemma,Finding suitable affine opens,"egin lemma Let U , V be affine schemes and let W o U and W o V be open immersions. For any w W there exists an affine open neighbourhood W' W of w such that W' maps to a standard open of both U and V .",lexical_candidate_only
affine,185,label;section;text,01ZU,properties-section-finding-affine-opens,properties.tex,5134,section,Finding suitable affine opens,Finding suitable affine opens In this section we collect some results on the existence of affine opens in more and less general situations. egin lemma lemma-maximal-points,lexical_candidate_only
affine,185,label;section;text,01HW,schemes-definition-affine-scheme,schemes.tex,731,definition,Affine schemes,egin definition An affine scheme is a locally ringed space isomorphic as a locally ringed space to (R) for some ring R . A morphism of affine schemes is a morphism in the category of locally ringed spaces.,lexical_candidate_only
affine,185,label;section;text,01IH,schemes-lemma-closed-immersion-affine-case,schemes.tex,1600,lemma,Closed subspaces of affine schemes,"egin lemma egin slogan For affine schemes, closed immersions correspond to ideals. Let (X, O X) = ( (R), O (R) ) be an affine scheme. Let i : Z o X be any closed immersion of locally ringed spaces. Then there exists a unique ideal I R such that the morphism i : Z o X can be ident",lexical_candidate_only
affine,185,label;section;text,01I5,schemes-lemma-disjoint-union-affines,schemes.tex,1029,lemma,The category of affine schemes,"egin lemma Let X be a locally ringed space. Assume X = U V with U and V open and such that U , V are affine schemes. Then X is an affine scheme.",lexical_candidate_only
affine,185,label;section;text,01I4,schemes-lemma-fibre-product-affine-schemes,schemes.tex,985,lemma,The category of affine schemes,"egin lemma The category of affine schemes has finite products, and fibre products. In other words, it has finite limits. Moreover, the products and fibre products in the category of affine schemes are the same as in the category of locally ringed spaces. In a formula, we have (in",lexical_candidate_only
affine,185,label;section;text,01I1,schemes-lemma-morphism-into-affine,schemes.tex,841,lemma,The category of affine schemes,"egin lemma egin reference A reference for this fact is ite[II, Err 1, Prop. 1.8.1] EGA where it is attributed to J. Tate. Let X be a locally ringed space. Let Y be an affine scheme. The map (X, Y) om( (Y, O Y), (X, O X)) which maps f to f (on global sections) is bijective.",lexical_candidate_only
affine,185,label;section;text,01I3,schemes-lemma-standard-open-affine,schemes.tex,966,lemma,The category of affine schemes,"egin lemma Let Y be an affine scheme. Let f (Y, O Y) . The open subspace D(f) is an affine scheme.",lexical_candidate_only
affine,185,label;section;text,01HX,schemes-section-category-affine-schemes,schemes.tex,761,section,The category of affine schemes,"The category of affine schemes Note that if Y is an affine scheme, then its points are in canonical 1-1 bijection with prime ideals in (Y, O Y) . egin lemma",lexical_candidate_only
affine,185,label;section;text,01IF,schemes-section-closed-in-affine,schemes.tex,1574,section,Closed subspaces of affine schemes,Closed subspaces of affine schemes egin example Let R be a ring. Let I R be an ideal. Consider the morphism of affine schemes i : Z = (R/I),lexical_candidate_only
affine,185,label;section;text,07VN,spaces-cohomology-section-finite-affine,spaces-cohomology.tex,3127,section,Finite morphisms and affines,"Finite morphisms and affines This section is the analogue of Cohomology of Schemes, Section ef coherent-section-finite-affine . egin lemma Le",lexical_candidate_only
affine,185,label;section;text,07VS,spaces-limits-lemma-affine,spaces-limits.tex,3375,lemma,Characterizing affine spaces,"egin lemma Let S be a scheme. Let f : X o Y be a morphism of algebraic spaces over S . Assume that f is surjective and finite, and assume that X is affine. Then Y is affine.",lexical_candidate_only
affine,185,label;section;text,07VQ,spaces-limits-section-affine,spaces-limits.tex,3369,section,Characterizing affine spaces,"Characterizing affine spaces This section is the analogue of Limits, Section ef limits-section-affine . egin lemma Let S be a scheme. Let f : X o Y be a morphism",lexical_candidate_only
affine,185,label;section;text,03WI,spaces-morphisms-lemma-base-change-affine,spaces-morphisms.tex,3743,lemma,Affine morphisms,egin lemma The base change of an affine morphism is affine.,lexical_candidate_only
affine,185,label;section;text,03WO,spaces-morphisms-lemma-base-change-quasi-affine,spaces-morphisms.tex,4045,lemma,Quasi-affine morphisms,egin lemma The base change of a quasi-affine morphism is quasi-affine.,lexical_candidate_only
affine,185,label;section;text,03WH,spaces-morphisms-lemma-composition-affine,spaces-morphisms.tex,3734,lemma,Affine morphisms,egin lemma The composition of affine morphisms is affine.,lexical_candidate_only
affine,185,label;section;text,03WN,spaces-morphisms-lemma-composition-quasi-affine,spaces-morphisms.tex,4036,lemma,Quasi-affine morphisms,egin lemma The composition of quasi-affine morphisms is quasi-affine.,lexical_candidate_only
affine,185,label;section;text,03WM,spaces-morphisms-lemma-quasi-affine-local,spaces-morphisms.tex,3996,lemma,Quasi-affine morphisms,"egin lemma Let S be a scheme. Let f : X o Y be a morphism of algebraic spaces over S . The following are equivalent: egin enumerate f is representable and quasi-affine, f is quasi-affine, there exists a scheme V and a surjective etale morphism V o Y such that V imes Y X o V is qu",lexical_candidate_only
affine,185,label;section;text,03WD,spaces-morphisms-section-affine,spaces-morphisms.tex,3658,section,Affine morphisms,Affine morphisms We have already defined in Section ef section-representable what it means for a representable morphism of algebraic spaces to be affine. egin lemma lemm,lexical_candidate_only
affine,185,label;section;text,03WJ,spaces-morphisms-section-quasi-affine,spaces-morphisms.tex,3961,section,Quasi-affine morphisms,Quasi-affine morphisms We have already defined in Section ef section-representable what it means for a representable morphism of algebraic spaces to be quasi-affine. egin lemma,lexical_candidate_only
affine,185,label;section;text,0CHQ,stacks-morphisms-definition-affine,stacks-morphisms.tex,2100,definition,Affine morphisms,"egin definition A morphism of algebraic stacks is said to be affine if it is representable and affine in the sense of Properties of Stacks, Section ef stacks-properties-section-properties-morphisms .",lexical_candidate_only
module-sheaf,21,text,06VM,adequate-lemma-same-cohomology-adequate,adequate.tex,1679,lemma,Adequate modules,egin lemma Let S be a scheme. Let F be an adequate O -module on ( /S) au . egin enumerate The restriction F | S Zar is a quasi-coherent O S -module on the scheme S . The restriction F | S is the quasi-coherent module associated to F | S Zar . For any affine scheme U over S we hav,lexical_candidate_only
module-sheaf,21,text,01O7,constructions-lemma-relative-proj-modules,constructions.tex,4249,lemma,Quasi-coherent sheaves on relative Proj,"egin lemma In Situation ef situation-relative-proj . For any quasi-coherent sheaf of graded A -modules M on S , there exists a canonical associated sheaf of O nderline ext Proj S( A ) -modules M with the following properties: egin enumerate Given a scheme T and a quadruple (T o S",lexical_candidate_only
module-sheaf,21,text,023I,descent-lemma-canonical-descent-datum-cosimplicial,descent.tex,463,lemma,Descent for modules,egin lemma Let R o A be a ring map. Let M be an R -module. The cosimplicial (A/R) ullet -module associated to the canonical descent datum is isomorphic to the cosimplicial module (A/R) ullet R M .,lexical_candidate_only
module-sheaf,21,text,08D9,perfect-lemma-affine-coherator,perfect.tex,1453,lemma,The coherator,"egin lemma Let X = (A) be an affine scheme. Then egin enumerate Q X : extit Mod ( O X) o ( O X) is the functor which sends F to the quasi-coherent O X -module associated to the A -module (X, F ) , RQ X : D( O X) o D( ( O X)) is the functor which sends E to the complex of quasi-co",lexical_candidate_only
module-sheaf,21,text,08H0,spaces-perfect-lemma-affine-coherator,spaces-perfect.tex,2224,lemma,The coherator,"egin lemma Let S be a scheme. Let X be an affine algebraic space over S . Set A = (X, O X) . Then egin enumerate Q X : extit Mod ( O X) o ( O X) is the functor which sends F to the quasi-coherent O X -module associated to the A -module (X, F ) , RQ X : D( O X) o D( ( O X)) is the",lexical_candidate_only
projective,94,section;text,0B2N,varieties-section-projective-space,varieties.tex,6320,section,Projective space,Projective space Some results on projective space over a field. egin lemma egin slogan Projective space is smooth.,lexical_candidate_only
projective,93,section;text,01ND,constructions-section-projective-space,constructions.tex,2776,section,Projective space,Projective space Projective space is one of the fundamental objects studied in algebraic geometry. In this section we just give its construction as ext Proj of a polyno,lexical_candidate_only
projective,93,section;text,0B2P,varieties-lemma-projective-space-smooth,varieties.tex,6326,lemma,Projective space,egin lemma egin slogan Projective space is smooth. Let k be a field and n 0 . Then P n k is a smooth projective variety of dimension n over k .,lexical_candidate_only
projective,92,section;text,02TX,chow-lemma-chow-ring-projective-bundle,chow.tex,6932,lemma,Projective space bundle formula,"egin lemma [Projective space bundle formula] Let (S, elta) be as in Situation ef situation-setup . Let X be locally of finite type over S . Let E be a finite locally free O X -module E of rank r . Let ( : P o X, O P(1)) be the projective bundle associated to E . The map igoplus i",lexical_candidate_only
projective,92,section;text,02TV,chow-section-projective-space-bundle-formula,chow.tex,6840,section,Projective space bundle formula,"Projective space bundle formula Let (S, elta) be as in Situation ef situation-setup . Let X be locally of finite type over S . Consider a finite locally free",lexical_candidate_only
projective,92,section;text,01XS,coherent-section-cohomology-projective-space,coherent.tex,1558,section,Cohomology of projective space,Cohomology of projective space In this section we compute the cohomology of the twists of the structure sheaf on P n S over a scheme S . Recall that P n S,lexical_candidate_only
projective,92,section;text,0FMG,derham-section-projective-space,derham.tex,1359,section,de Rham cohomology of projective space,de Rham cohomology of projective space Let A be a ring. Let n 1 . The structure morphism P n A o (A) is a proper smooth of relative dimension n . It is smooth of relati,lexical_candidate_only
projective,92,section;text,0FMS,derham-section-projective-space-bundle-formula,derham.tex,2052,section,Projective space bundle formula,Projective space bundle formula The title says it all. egin proposition Let X o S be a morphism of schemes. Let,lexical_candidate_only
projective,92,section;text,0ERV,spaces-chow-lemma-chow-ring-projective-bundle,spaces-chow.tex,4164,lemma,Projective space bundle formula,"egin lemma [Projective space bundle formula] Let (S, elta) be as in Situation ef situation-setup . Let X be locally of finite type over S . Let E be a finite locally free O X -module E of rank r . Let ( : P o X, O P(1)) be the projective bundle associated to E . The map igoplus i",lexical_candidate_only
projective,92,section;text,0ERT,spaces-chow-section-projective-space-bundle-formula,spaces-chow.tex,4077,section,Projective space bundle formula,Projective space bundle formula In Situation ef situation-setup let X/B be good. Consider a finite locally free O X -module E of rank r . Our co,lexical_candidate_only
projective,92,section;text,089X,varieties-section-coherent-Pn,varieties.tex,6429,section,Coherent sheaves on projective space,Coherent sheaves on projective space In this section we prove some results on the cohomology of coherent sheaves on P n over a field which can be found in ite Mum . These will be useful,lexical_candidate_only
projective,92,section;text,0FGQ,weil-lemma-projective-space-bundle-formula,weil.tex,1174,lemma,Projective space bundle formula,"egin lemma [Projective space bundle formula] In the situation above, the map i = 0, , r - 1 c i : igoplus i = 0, , r - 1 h(X)(-i) h(P) is an isomorphism in the category of motives.",lexical_candidate_only
projective,92,section;text,0FGP,weil-section-projective-space-bundle,weil.tex,1145,section,Projective space bundle formula,Projective space bundle formula Let k be a base field. Let X be a smooth projective scheme over k . Let E be a locally free O X -module of rank r . Our,lexical_candidate_only
projective,91,label,085Z,spaces-divisors-lemma-blowing-up-projective,spaces-divisors.tex,3808,lemma,Blowing up,"egin lemma Let S be a scheme. Let X be an algebraic space over S . Let I O X be a quasi-coherent sheaf of ideals. Let b : X' o X be the blowing up of X in the ideal sheaf I . If I is of finite type, then b : X' o X is a proper morphism.",lexical_candidate_only
projective,91,label,060R,spaces-properties-definition-locally-projective,spaces-properties.tex,5706,definition,Locally projective modules,egin definition Let S be a scheme. Let X be an algebraic space over S . Let F be a quasi-coherent O X -module. We say F is locally projective if the equivalent conditions of Lemma ef lemma-locally-projective are satisfied.,lexical_candidate_only
projective,91,label,060Q,spaces-properties-lemma-locally-projective,spaces-properties.tex,5681,lemma,Locally projective modules,"egin lemma Let S be a scheme. Let X be an algebraic space over S . Let F be a quasi-coherent O X -module. The following are equivalent egin enumerate for some scheme U and surjective etale morphism U o X the restriction F | U is locally projective on U , and for any scheme U and ",lexical_candidate_only
projective,91,label,060P,spaces-properties-section-locally-projective,spaces-properties.tex,5672,section,Locally projective modules,"Locally projective modules Recall that in Properties, Section ef properties-section-locally-projective we defined the notion of a locally projective quasi-coherent module. egi",lexical_candidate_only
projective,91,label,0A27,varieties-lemma-curve-affine-projective,varieties.tex,9412,lemma,Curves,egin lemma Let X be a curve over k . Then either X is an affine scheme or X is H-projective over k .,lexical_candidate_only
projective,91,label,0A26,varieties-lemma-dim-1-proper-projective,varieties.tex,9218,lemma,Curves,egin lemma Let X be a proper scheme over a field k . If im(X) 1 then X is H-projective over k .,lexical_candidate_only
projective,91,label,0A25,varieties-lemma-dim-1-quasi-projective,varieties.tex,9202,lemma,Curves,egin lemma Let X be a separated finite type scheme over a field k . If im(X) 1 then X is H-quasi-projective over k .,lexical_candidate_only
projective,91,label,0GK4,varieties-lemma-normalize-projective,varieties.tex,4950,lemma,Normalization,"egin lemma Let k be a field. Let X be a proper scheme over k . Let : X o X be the normalization morphism, see Morphisms, Definition ef morphisms-definition-normalization . Then X is proper over k . If X is projective over k , then X is projective over k .",lexical_candidate_only
projective,71,section,02TW,chow-lemma-cap-projective-bundle,chow.tex,6868,lemma,Projective space bundle formula,"egin lemma Let (S, elta) be as in Situation ef situation-setup . Let X be locally of finite type over S . Let E be a finite locally free O X -module E of rank r . Let ( : P o X, O P(1)) be the projective bundle associated to E . For any k(X) the element * ( c 1( O P(1)) s ap * ig",lexical_candidate_only
projective,71,section,02TY,chow-lemma-vectorbundle,chow.tex,7062,lemma,Projective space bundle formula,"egin lemma Let (S, elta) be as in Situation ef situation-setup . Let X be locally of finite type over S . Let E be a finite locally free sheaf of rank r on X . Let p : E = nderline (ext Sym *( E )) X be the associated vector bundle over X . Then p * : k(X) o k + r (E) is an isomo",lexical_candidate_only
projective,71,section,01XU,coherent-equation-identify,coherent.tex,1872,equation,Cohomology of projective space,"egin equation H q( P n, O P n R (d)) = \ egin matrix (R[T 0, , T n]) d ext if q = 0 \\ 0 ext if q = 0, n \\ om R((R[T 0, , T n]) -n - 1 - d , R) ext if q = n ight.",lexical_candidate_only
projective,71,section,01XX,coherent-lemma-cohomology-projective-bundle,coherent.tex,2055,lemma,Cohomology of projective space,"egin lemma Let S be a scheme. Let n 1 . Let E be a finite locally free O S -module of constant rank n + 1 . Consider the structure morphism : P ( E ) S. We have R q *( O P ( E ) (d)) = \ egin matrix ext Sym d( E ) ext if q = 0 \\ 0 ext if q = 0, n \\ O S ( ext Sym - n - 1 - d ( E",lexical_candidate_only
projective,71,section,01XW,coherent-lemma-cohomology-projective-space-over-base,coherent.tex,2005,lemma,Cohomology of projective space,"egin lemma Let S be a scheme. Let n 0 be an integer. Consider the structure morphism f : P n S S. We have R qf *( O P n S (d)) = \ egin matrix ( O S[T 0, , T n]) d ext if q = 0 \\ 0 ext if q = 0, n \\ O S ( ( O S[T 0, , T n]) - n - 1 - d , O S) ext if q = n ight.",lexical_candidate_only
projective,71,section,01XT,coherent-lemma-cohomology-projective-space-over-ring,coherent.tex,1603,lemma,Cohomology of projective space,"egin lemma egin reference ite[III Proposition 2.1.12] EGA Let R be a ring. Let n 0 be an integer. We have H q( P n, O P n R (d)) = \ egin matrix (R[T 0, , T n]) d ext if q = 0,\ d 0 \\ ( 1 T 0 T n R[ 1 T 0 , , 1 T n ]ight) d ext if q = n,\ d < 0 \\ 0 ext if q, n, dext not as abov",lexical_candidate_only
projective,71,section,01XV,coherent-lemma-identify-functorially,coherent.tex,1885,lemma,Cohomology of projective space,"egin lemma The identifications of Equation (ef equation-identify ) are compatible with base change w.r.t.\ ring maps R o R' . Moreover, for any f R[T 0, , T n] homogeneous of degree m the map multiplication by f O P n R (d) O P n R (d + m) induces the map on the cohomology group ",lexical_candidate_only
projective,71,section,01NF,constructions-definition-projective-space,constructions.tex,2819,definition,Projective space,"egin definition The scheme P n Z = ext Proj ( Z [T 0, , T n]) is called projective n -space over Z . Its base change P n S to a scheme S is called projective n -space over S . If R is a ring the base change to (R) is denoted P n R and called projective n -space over R .",lexical_candidate_only
projective,71,section,03GL,constructions-lemma-closed-in-projective-space,constructions.tex,2989,lemma,Projective space,"egin lemma Let R be a ring. Let Z P n R be a closed subscheme. Let I d = ( R[T 0, , T n] d (Z, O P n R (d)| Z)ight) Then I = igoplus I d R[T 0, , T n] is a graded ideal and Z = ext Proj (R[T 0, , T n]/I) .",lexical_candidate_only
projective,71,section,0B3B,constructions-lemma-globally-generated-omega-twist-1,constructions.tex,3154,lemma,Projective space,"egin lemma Let X be a scheme. Let L be an invertible sheaf and let s 0, , s n be global sections of L which generate it. Let F be the kernel of the induced map O X n + 1 o L . Then F L is globally generated.",lexical_candidate_only
projective,71,section,01NE,constructions-lemma-projective-space,constructions.tex,2785,lemma,Projective space,"egin lemma Let S = Z [T 0, , T n] with eg(T i) = 1 . The scheme P n Z = ext Proj (S) represents the functor which associates to a scheme Y the pairs ( L , (s 0, , s n)) where egin enumerate L is an invertible O Y -module, and s 0, , s n are global sections of L which generate L u",lexical_candidate_only
projective,71,section,01NH,constructions-lemma-projective-space-separated,constructions.tex,2889,lemma,Projective space,"egin lemma Let S be a scheme. The structure morphism P n S o S is egin enumerate separated, quasi-compact, satisfies the existence and uniqueness parts of the valuative criterion, and universally closed.",lexical_candidate_only
projective,71,section,03GM,constructions-lemma-quasi-coherent-projective-space,constructions.tex,3055,lemma,Projective space,"egin lemma Let R be a ring. Let F be a quasi-coherent sheaf on P n R . For d 0 set M d = ( P n R, F O P n R O P n R (d)) = ( P n R, F (d)) Then M = igoplus d 0 M d is a graded R[T 0, , R n] -module and there is a canonical isomorphism F = M .",lexical_candidate_only
projective,71,section,01WD,constructions-lemma-segre-embedding,constructions.tex,2927,lemma,Projective space,egin lemma [Segre embedding] Let S be a scheme. There exists a closed immersion P n S imes S P m S P nm + n + m S called the Segre embedding .,lexical_candidate_only
projective,71,section,01NG,constructions-lemma-standard-covering-projective-space,constructions.tex,2860,lemma,Projective space,"egin lemma Projective n -space over Z is covered by n + 1 standard opens P n Z = igcup i = 0, , n D + (T i) where each D + (T i) is isomorphic to A n Z affine n -space over Z .",lexical_candidate_only
projective,71,section,01NI,constructions-remark-missing-finite-type,constructions.tex,2918,remark,Projective space,egin remark What's missing in the list of properties above? Well to be sure the property of being of finite type. The reason we do not list this here is that we have not yet defined the notion of finite type at this point. (Another property which is missing is ``smoothness''. And,lexical_candidate_only
projective,71,section,,derham-lemma-H1-tangent-projective-space,derham.tex,1421,lemma,de Rham cohomology of projective space,"egin lemma In the situation above, set T = O P n A ( P n A/A , O P n A ). Then H 1( P n A, T ) = 0 .",lexical_candidate_only
projective,71,section,0FMJ,derham-lemma-de-rham-cohomology-projective-space,derham.tex,1614,lemma,de Rham cohomology of projective space,egin lemma For 0 i n the de Rham cohomology H 2i dR ( P n A/A) is a free A -module of rank 1 with basis element c 1 dR ( O (1)) i . In all other degrees the de Rham cohomology of P n A over A is zero.,lexical_candidate_only
projective,71,section,0FMH,derham-lemma-euler-sequence,derham.tex,1377,lemma,de Rham cohomology of projective space,egin lemma There exists a short exact sequence 0 o o O (-1) n + 1 o O o 0,lexical_candidate_only
projective,71,section,0FMI,derham-lemma-hodge-cohomology-projective-space,derham.tex,1517,lemma,de Rham cohomology of projective space,"egin lemma We have H q( P n A, p) = 0 unless 0 p = q n . For 0 p n the A -module H p( P n A, p) free of rank 1 with basis element c 1 Hodge ( O (1)) p .",lexical_candidate_only
projective,71,section,0FUK,derham-lemma-twisted-hodge-cohomology-projective-space,derham.tex,1456,lemma,de Rham cohomology of projective space,"egin lemma In the situation above we have the following cohomology groups egin enumerate H q( P n A, p) = 0 unless 0 p = q n , for 0 p n the A -module H p( P n A, p) free of rank 1 . for q > 0 , k > 0 , and p arbitrary we have H q( P n A, p(k)) = 0 , and add more here.",lexical_candidate_only
projective,71,section,0FMT,derham-proposition-projective-space-bundle-formula,derham.tex,2058,proposition,Projective space bundle formula,"egin proposition Let X o S be a morphism of schemes. Let E be a locally free O X -module of constant rank r . Consider the morphism p : P = P ( E ) o X . Then the map igoplus i = 0, , r - 1 H * dR (X/S) H * dR (P/S) given by the rule (a 0, , a r - 1 ) i = 0, , r - 1 c 1 dR ( O P(",lexical_candidate_only
projective,71,section,0FUN,derham-remark-projective-space-bundle-formula,derham.tex,2090,remark,Projective space bundle formula,"egin remark In the situation of Proposition ef proposition-projective-space-bundle-formula we get moreover that the map ilde : igoplus t = 0, , r - 1 ullet X/S [-2t] Rp * ullet P/S is an isomorphism in D(X, (X o S) -1 O X) as follows immediately from the application of Propositio",lexical_candidate_only
projective,71,section,0ERU,spaces-chow-lemma-cap-projective-bundle,spaces-chow.tex,4104,lemma,Projective space bundle formula,"egin lemma In Situation ef situation-setup let X/B be good. Let E be a finite locally free O X -module E of rank r . Let ( : P o X, O P(1)) be the projective bundle associated to E . For any k(X) the element * ( c 1( O P(1)) s ap * ight) k + r - 1 - s (X) is 0 if s < r - 1 and is",lexical_candidate_only
projective,71,section,0ERW,spaces-chow-lemma-vectorbundle,spaces-chow.tex,4298,lemma,Projective space bundle formula,egin lemma In Situation ef situation-setup let X/B be good. Let E be a finite locally free sheaf of rank r on X . Let p : E = nderline (ext Sym *( E )) X be the associated vector bundle over X . Then p * : k(X) o k + r (E) is an isomorphism for all k .,lexical_candidate_only
projective,71,section,0BXU,varieties-lemma-equation-codim-1-in-projective-space,varieties.tex,6413,lemma,Projective space,"egin lemma Let k be a field. Let Z P n k be a closed subscheme which has no embedded points such that every irreducible component of Z has dimension n - 1 . Then the ideal I(Z) k[T 0, , T n] corresponding to Z is principal.",lexical_candidate_only
projective,71,section,0B2Q,varieties-lemma-intersection-in-affine-space,varieties.tex,6339,lemma,Projective space,"egin lemma Let k be a field and n 0 . Let X, Y A n k be closed subsets. Assume that X and Y are equidimensional, im(X) = r and im(Y) = s . Then every irreducible component of X ap Y has dimension r + s - n .",lexical_candidate_only
projective,71,section,0B2R,varieties-lemma-intersection-in-projective-space,varieties.tex,6366,lemma,Projective space,"egin lemma Let k be a field and n 0 . Let X, Y P n k be nonempty closed subsets. If im(X) = r and im(Y) = s and r + s n , then X ap Y is nonempty and im(X ap Y) r + s - n .",lexical_candidate_only
projective,71,section,0FGR,weil-lemma-diagonal-projective-bundle,weil.tex,1249,lemma,Projective space bundle formula,"egin lemma Let p : P o X be as in Lemma ef lemma-projective-space-bundle-formula . The class [ P] of the diagonal of P in *(P imes P) can be written as [ P] = ( i = 0, , r - 1 r - 1 hoose i c r - 1 - i (ext pr 1 * S ee) ap c 1(ext pr 2 * O P(1)) iight) ap (p imes p) *[ X] where S",lexical_candidate_only
projective,22,text,0FCY,constructions-example-projective-space,constructions.tex,4757,example,Projective bundles,egin example [Projective space of a vector space] Let k be a field. Let V be a k -vector space. The corresponding projective space is the k -scheme P (V) = ext Proj (ext Sym (V)) where ext Sym (V) is the symmetric algebra on V over k . Of course we have P (V) ong P n k if im(V) =,lexical_candidate_only
projective,22,text,0FGT,weil-lemma-pushforward-classical,weil.tex,1387,lemma,Classical Weil cohomology theories,"egin lemma Assume given (D1) and (D3) satisfying (A). For f : X o Y a morphism of smooth projective varieties we have f *(f *b up a) = b up f *a . If g : Y o Z is a second morphism of smooth projective varieties, then g * irc f * = (g irc f) * .",lexical_candidate_only
projective,21,text,02U0,chow-definition-chern-classes,chow.tex,7144,definition,The Chern classes of a vector bundle,"egin definition Let (S, elta) be as in Situation ef situation-setup . Let X be locally of finite type over S . Assume X is integral and n = im elta(X) . Let E be a finite locally free sheaf of rank r on X . Let ( : P o X, O P(1)) be the projective space bundle associated to E . e",lexical_candidate_only
projective,21,text,0FVE,chow-remark-the-proof-shows-more,chow.tex,8467,remark,The splitting principle,"egin remark The proof of Lemma ef lemma-splitting-principle shows that the morphism : P o X has the following additional properties: egin enumerate is a finite composition of projective space bundles associated to locally free modules of finite constant rank, and for every k(X) w",lexical_candidate_only
projective,21,text,02TZ,chow-section-chern-classes-vector-bundles,chow.tex,7134,section,The Chern classes of a vector bundle,The Chern classes of a vector bundle We can use the projective space bundle formula to define the Chern classes of a rank r vector bundle in terms of the expansion of c 1(,lexical_candidate_only
projective,21,text,0BXJ,divisors-lemma-Pic-projective-space-UFD,divisors.tex,7325,lemma,More on invertible modules,"egin lemma Let R be a UFD. The Picard group of P n R is Z . More precisely, there is an isomorphism Z ( P n R), m O P n R (m) In particular, the Picard group of P n k of projective space over a field k is Z .",lexical_candidate_only
projective,21,text,0D8V,exercises-exercise-affine-morphism-to-Pn,exercises.tex,4040,exercise,Cohomology,"egin exercise Let A be a ring. Let P n A = ext Proj (A[T 0, , T n]) be projective space over A . Let A n + 1 A = (A[T 0, , T n]) and let U = igcup i = 0, , n D(T i) A n + 1 A be the complement of the image of the closed immersion 0 : (A) o A n + 1 A . Construct an affine surjecti",lexical_candidate_only
projective,21,text,0EEN,exercises-exercise-can-there-be,exercises.tex,6206,exercise,"Commutative Algebra, Final Exam, Fall 2017","egin exercise Let k be a field. Let X = P 1 k be the projective space of dimension 1 over k . Let E be a finite locally free O X -module. For d Z denote E (d) = E O X O X(d) the d th Serre twist of E and h i(X, E (d)) = im k H i(X, E (d)) . egin enumerate Why is there no E with h",lexical_candidate_only
projective,21,text,0D8X,exercises-exercise-cohomology-hypersurface,exercises.tex,4079,exercise,Cohomology,"egin exercise Let A be a ring and let P n A = ext Proj (A[T 0, , T n]) be projective space over A . Let F A[T 0, , T n] be homogeneous of degree d . Let X P n A be the closed subscheme corresponding to the graded ideal (F) of A[T 0, , T n] . What can you say about H i(X, O X) ?",lexical_candidate_only
projective,21,text,0D8W,exercises-exercise-compute-Pn,exercises.tex,4068,exercise,Cohomology,"egin exercise Let A be a ring and let P n A = ext Proj (A[T 0, , T n]) be projective space over A . Carefully compute the cohomology of the Serre twists O P n A (d) of the structure sheaf on P n A . Feel free to use Cech cohomology and the agreement of Cech cohomology with cohomo",lexical_candidate_only
projective,21,text,0GYE,exercises-exercise-fix-points,exercises.tex,6809,exercise,"Algebraic Geometry, Final Exam, Spring 2022","egin exercise [Fixed points] Let k be an algebraically closed field. egin enumerate If G = G m, k show that if G acts on a projective variety X over k , then the action has a fixed point, i.e., prove there exists a point x X(k) such that a(g, x) = x for all g G(k) . Same with G =",lexical_candidate_only
projective,21,text,0GYC,exercises-exercise-heights,exercises.tex,6765,exercise,"Algebraic Geometry, Final Exam, Spring 2022","egin exercise [Heights] Let K be a field. Let h n : P n(K) o R , n 0 be a collection of functions satisfying the 2 axioms we discussed in the lectures. Let X be a projective variety over K . Let L be an invertible O X -module and recall that we have constructed in the lectures an",lexical_candidate_only
projective,21,text,0EG7,exercises-exercise-projective-finite,exercises.tex,3141,exercise,Morphisms,"egin exercise Let k be an algebraically closed field. Let f : X o Y be a morphism of projective varieties such that f -1 (\ y\ ) is finite for every closed point y Y . Prove that f is finite as a morphism of schemes. Hints: (a) being finite is a local property, (b) try to reduce ",lexical_candidate_only
projective,21,text,0DT1,exercises-exercise-results-spring-2017,exercises.tex,6087,exercise,"Schemes, Final Exam, Spring 2017","egin exercise [Theorems] Precisely but briefly state a nontrivial fact discussed in the lectures related to each item. egin enumerate pushforward of quasi-coherent sheaves, cohomology of coherent sheaves on projective varieties, Serre duality for a projective scheme over a field,",lexical_candidate_only
projective,21,text,0AAR,exercises-exercise-surjective-map-affine-variety-projective-variety,exercises.tex,5954,exercise,"Schemes, Final Exam, Spring 2014",egin exercise Let k be a field. Let X be a projective variety over k . Show there exists an affine variety U over k and a surjective morphism of varieties U o X .,lexical_candidate_only
projective,21,text,0DCD,exercises-section-cohomology-hilbert-polynomials,exercises.tex,4345,section,Cohomology and Hilbert polynomials,Cohomology and Hilbert polynomials egin situation Let k be a field. Let X = P n k be n -dimensional projective space. Let F,lexical_candidate_only
projective,21,text,0DCE,exercises-situation-hilbert-polynomial,exercises.tex,4348,situation,Cohomology and Hilbert polynomials,"egin situation Let k be a field. Let X = P n k be n -dimensional projective space. Let F be a coherent O X -module. Recall that hi(X, F ) = i = 0 n (-1) i im k H i(X, F ) Recall that the Hilbert polynomial of F is the function t hi(X, F (t)) We also recall that F (t) = F O X O X(",lexical_candidate_only
projective,21,text,04V2,guide-subsection-rigidification,guide.tex,713,subsection,Rigidification,"Rigidification Rigidification is a process for removing a flat subgroup from the inertia. For example, if X is a projective variety, the morphism from the Picard stack",lexical_candidate_only
projective,21,text,0B1U,intersection-lemma-moving-move,intersection.tex,2744,lemma,Moving Lemma,egin lemma Let X be a nonsingular projective variety. Let be an r -cycle and eta be an s -cycle on X . Then there exists an r -cycle ' such that ' rat and such that ' and eta intersect properly.,lexical_candidate_only
projective,21,text,0B2X,intersection-lemma-pullback-and-intersection-product,intersection.tex,3101,lemma,Pullback for a general morphism,"egin lemma Let f : X o Y be a morphism of nonsingular projective varieties. The pullback map on chow groups satisfies: egin enumerate f * : *(Y) o *(X) is a ring map, (g irc f) * = f * irc g * for a composable pair f, g , the projection formula holds: f *( ) dot eta = f *( dot f ",lexical_candidate_only
projective,21,text,0B61,intersection-remark-quasi-projective,intersection.tex,3018,remark,Intersection products and rational equivalence,egin remark Lemma ef lemma-moving-move and Theorem ef theorem-well-defined also hold for nonsingular quasi-projective varieties with the same proof. The only change is that one needs to prove the following version of the moving Lemma ef lemma-moving : Let X P N be a closed subvar,lexical_candidate_only
projective,21,text,0B0G,intersection-section-chow-rings,intersection.tex,3044,section,Chow rings,"Chow rings Let X be a nonsingular projective variety. We define the intersection product r(X) imes s(X) r + s - im(X) (X), (",lexical_candidate_only
projective,21,text,0B0H,intersection-section-general-pullback,intersection.tex,3079,section,Pullback for a general morphism,Pullback for a general morphism Let f : X o Y be a morphism of nonsingular projective varieties. We define f * : k(Y) o k+im X - im Y (X) by the rule f *(,lexical_candidate_only
projective,21,text,0AZ7,intersection-section-introduction,intersection.tex,19,section,Introduction,Introduction In this chapter we construct the intersection product on the Chow groups modulo rational equivalence on a nonsingular projective variety over an algebraically c,lexical_candidate_only
projective,21,text,0B0I,intersection-section-pullback-cycles,intersection.tex,3193,section,Pullback of cycles,"Pullback of cycles Suppose that X and Y be nonsingular projective varieties, and let f : X o Y be a morphism. Suppose that Z Y is a closed subvariety. Let f",lexical_candidate_only
projective,21,text,0B1V,intersection-theorem-well-defined,intersection.tex,2916,theorem,Intersection products and rational equivalence,"egin theorem Let X be a nonsingular projective variety. Let , resp.\ eta be an r , resp.\ s cycle on X . Assume that and eta intersect properly so that dot eta is defined. Finally, assume that rat 0 . Then dot eta rat 0 .",lexical_candidate_only
projective,21,text,0F2Z,more-morphisms-example-affine-stratification-number,more-morphisms.tex,22772,example,Affine stratifications,"egin example Let k be a field and let X = P n k be n -dimensional projective space over k . Lemma ef lemma-affine-stratification-number-bound applies to this by Constructions, Lemma ef constructions-lemma-standard-covering-projective-space . Hence the affine stratification number",lexical_candidate_only
projective,21,text,0FUT,more-morphisms-lemma-blowup,more-morphisms.tex,5127,lemma,Closed immersions between smooth schemes,egin lemma Let S be a scheme. Let Z o X be a closed immersion of schemes smooth over S . Let b : X' o X be the blowing up of Z with exceptional divisor E X' . Then X' and E are smooth over S . The morphism p : E o Z is canonically isomorphic to the projective space bundle P ( I /,lexical_candidate_only
projective,21,text,0CS7,perfect-section-example-equivalence,perfect.tex,4687,section,An example equivalence,An example equivalence In Section ef section-example-generator we proved that the derived category of projective space P n A over a ring A is generated by a vec,lexical_candidate_only
projective,21,text,0BQQ,perfect-section-example-generator,perfect.tex,4056,section,An example generator,"An example generator In this section we prove that the derived category of projective space over a ring is generated by a vector bundle, in fact a direct sum of shifts of the s",lexical_candidate_only
projective,21,text,0ERY,spaces-chow-lemma-segre-classes,spaces-chow.tex,4380,lemma,The Chern classes of a vector bundle,"egin lemma In Situation ef situation-setup let X/B be good. Let E be a finite locally free sheaf of rank r on X . Let ( : P o X, O P(1)) be the projective space bundle associated to E . For every morphism X' o X of good algebraic spaces over B there are unique maps c i( E ) ap - ",lexical_candidate_only
projective,21,text,03SY,trace-remark-compute-degree-lifting,trace.tex,353,remark,Frobenii,"egin remark The computation of the degrees can be done by lifting (in some obvious sense) to characteristic 0 and considering the situation with complex coefficients. This method almost never works, since lifting is in general impossible for schemes which are not projective space",lexical_candidate_only
projective,21,text,04L1,varieties-definition-variety-type,varieties.tex,4844,definition,Types of varieties,egin definition Let k be a field. Let X be a variety over k . egin enumerate We say X is an affine variety if X is an affine scheme. This is equivalent to requiring X to be isomorphic to a closed subscheme of A n k for some n . We say X is a projective variety if the structure mo,lexical_candidate_only
projective,21,text,0FD4,varieties-section-bertini,varieties.tex,10813,section,Bertini theorems,Bertini theorems In this section we prove results of the form: given a smooth projective variety X over a field k there exists an ample divisor H X which is smooth.,lexical_candidate_only
projective,21,text,0FGZ,weil-lemma-class-diagonal-classical,weil.tex,1536,lemma,Classical Weil cohomology theories,"egin lemma Let H * be a classical Weil cohomology theory (Definition ef definition-weil-cohomology-theory-classical ). Let X be a smooth projective variety of dimension d . Choose a basis e i, j , j = 1, , eta i of H i(X) over F . Using Kunneth write ([ ]) = i = 0, , 2d j e i, j ",lexical_candidate_only
projective,21,text,0FGW,weil-lemma-degrees-cycles-classical,weil.tex,1478,lemma,Classical Weil cohomology theories,egin lemma Let H * be a classical Weil cohomology theory (Definition ef definition-weil-cohomology-theory-classical ). Let X be a smooth projective variety of dimension d . The diagram d(X) - = [d] H 2d (X) X \\ 0(X) eg F commutes where eg : 0(X) o Z is the degree of zero cycles ,lexical_candidate_only
projective,21,text,0FGY,weil-lemma-pr2star-classical,weil.tex,1523,lemma,Classical Weil cohomology theories,"egin lemma Let H * be a classical Weil cohomology theory (Definition ef definition-weil-cohomology-theory-classical ). Let X and Y be smooth projective varieties. Then ext pr 2, * : H *(X imes Y) o H *(Y) sends a b to ( X a) b .",lexical_candidate_only
projective,21,text,0FH0,weil-lemma-square-diagonal-classical,weil.tex,1585,lemma,Classical Weil cohomology theories,"egin lemma Let H * be a classical Weil cohomology theory (Definition ef definition-weil-cohomology-theory-classical ). Let X be a smooth projective variety. We have i = 0, , 2im(X) (-1) iim F H i(X) = eg([ ] dot [ ]) = eg(c d( T X) ap [X])",lexical_candidate_only
projective,21,text,0FGX,weil-lemma-trace-product-classical,weil.tex,1502,lemma,Classical Weil cohomology theories,egin lemma Let H * be a classical Weil cohomology theory (Definition ef definition-weil-cohomology-theory-classical ). Let X and Y be smooth projective varieties. Then X imes Y = X Y .,lexical_candidate_only
projective,21,text,0FGU,weil-remark-replace-cup-product-classical,weil.tex,1436,remark,Classical Weil cohomology theories,egin remark Let X be a smooth projective variety. We obtain maps H *(X) F H *(X) H *(X imes X) * H *(X) where the first arrow is as in axiom (B) and * is pullback along the diagonal morphism : X o X imes X . The composition is the cup product as pullback is an algebra homomorphis,lexical_candidate_only
projective,21,text,0FI4,weil-section-chern,weil.tex,3827,section,Chern classes,Chern classes In this section we discuss how given a first Chern class and a projective space bundle formula we can get all Chern classes. A reference for this section is ite Grot,lexical_candidate_only
graded-proj,191,label;section;text,087S,morphisms-lemma-projective-over-quasi-projective-is-H-projective,morphisms.tex,10848,lemma,Projective morphisms,"egin lemma Let S be a scheme which admits an ample invertible sheaf. Then egin enumerate any projective morphism X o S is H-projective, and any quasi-projective morphism X o S is H-quasi-projective.",lexical_candidate_only
graded-proj,189,label;section;text,01NP,constructions-lemma-transitive-proj,constructions.tex,3413,lemma,Relative Proj via glueing,"egin lemma In Situation ef situation-relative-proj . Suppose U U' U'' S are affine opens. Let A = A (U) , A' = A (U') and A'' = A (U'') . The composition of the morphisms r : ext Proj (A) o ext Proj (A') , and r' : ext Proj (A') o ext Proj (A'') of Lemma ef lemma-proj-inclusion g",lexical_candidate_only
graded-proj,189,label;section;text,0BCL,morphisms-lemma-projective-is-quasi-projective-proper,morphisms.tex,10777,lemma,Projective morphisms,"egin lemma Let S be a quasi-compact and quasi-separated scheme. Let f : X o S be a morphism of schemes. Then egin enumerate f is projective if and only if f is quasi-projective and proper, and f is H-projective if and only if f is H-quasi-projective and proper.",lexical_candidate_only
graded-proj,188,label;section;text,01NO,constructions-lemma-proj-inclusion,constructions.tex,3380,lemma,Relative Proj via glueing,"egin lemma In Situation ef situation-relative-proj . Suppose U U' S are affine opens. Let A = A (U) and A' = A (U') . The map of graded rings A' o A induces a morphism r : ext Proj (A) o ext Proj (A') , and the diagram ext Proj (A) ext Proj (A') \\ U U' is cartesian. Moreover the",lexical_candidate_only
graded-proj,188,label;section;text,0B3U,divisors-lemma-relative-proj-projective,divisors.tex,7873,lemma,Relative Proj,"egin lemma Let S be a scheme. Let A be a quasi-coherent graded O S -algebra. Let p : X = nderline ext Proj S( A ) o S be the relative Proj of A . If A is generated by A 1 over A 0 and A 1 is a finite type O S -module, then p is projective.",lexical_candidate_only
graded-proj,187,label;section;text,00JP,algebra-lemma-topology-proj,algebra.tex,13452,lemma,Proj of a graded ring,egin lemma [Topology on Proj] Let S = d 0 S d be a graded ring. egin enumerate The sets D + (f) are open in ext Proj (S) . We have D + (ff') = D + (f) ap D + (f') . Let g = g 0 + + g m be an element of S with g i S i . Then D(g) ap ext Proj (S) = (D(g 0) ap ext Proj (S)) up igcup,lexical_candidate_only
graded-proj,187,label;section;text,01NF,constructions-definition-projective-space,constructions.tex,2819,definition,Projective space,"egin definition The scheme P n Z = ext Proj ( Z [T 0, , T n]) is called projective n -space over Z . Its base change P n S to a scheme S is called projective n -space over S . If R is a ring the base change to (R) is denoted P n R and called projective n -space over R .",lexical_candidate_only
graded-proj,187,label;section;text,01NR,constructions-lemma-glue-relative-proj-twists,constructions.tex,3465,lemma,Relative Proj via glueing,egin lemma In Situation ef situation-relative-proj . The morphism : nderline ext Proj S( A ) o S of Lemma ef lemma-glue-relative-proj comes with the following additional structure. There exists a quasi-coherent Z -graded sheaf of O nderline ext Proj S( A ) -algebras igoplus n Z O,lexical_candidate_only
graded-proj,187,label;section;text,0FQA,dga-section-projectives-over-graded-algebras,dga.tex,1836,section,Projective modules over graded algebras,"Projective modules over graded algebras In this section we discuss projective graded modules over graded algebras analogous to Algebra, Section ef algebra-section-projective . \",lexical_candidate_only
graded-proj,187,label;section;text,029W,exercises-section-proj,exercises.tex,3445,section,Proj and projective schemes,"Proj and projective schemes egin exercise Give examples of graded rings S such that egin enumerate ext Proj (S) is affine and nonempty, and",lexical_candidate_only
graded-proj,187,label;section;text,0B45,more-morphisms-lemma-projective,more-morphisms.tex,14989,lemma,Projective schemes,"egin lemma Let S be a scheme which has an ample invertible sheaf. Let f : X o S be a morphism of schemes. The following are equivalent egin enumerate X o S is projective, X o S is H-projective, X o S is quasi-projective and proper, X o S is H-quasi-projective and proper, X o S is",lexical_candidate_only
graded-proj,187,label;section;text,01W9,morphisms-lemma-H-projective,morphisms.tex,10532,lemma,Projective morphisms,egin lemma An H-projective morphism is H-quasi-projective. An H-projective morphism is projective.,lexical_candidate_only
graded-proj,187,label;section;text,01WA,morphisms-lemma-H-quasi-projective-open-H-projective,morphisms.tex,10703,lemma,Projective morphisms,egin lemma Let f : X o S be a H-quasi-projective morphism. Then f factors as X o X' o S where X o X' is an open immersion and X' o S is H-projective.,lexical_candidate_only
graded-proj,187,label;section;text,01VY,morphisms-lemma-H-quasi-projective-quasi-projective,morphisms.tex,9779,lemma,Quasi-projective morphisms,egin lemma A H-quasi-projective morphism is quasi-projective.,lexical_candidate_only
graded-proj,187,label;section;text,07RL,morphisms-lemma-projective-quasi-projective,morphisms.tex,10686,lemma,Projective morphisms,egin lemma A projective morphism is quasi-projective.,lexical_candidate_only
graded-proj,187,label;section;text,07RM,morphisms-lemma-quasi-projective-open-projective,morphisms.tex,10718,lemma,Projective morphisms,egin lemma Let f : X o S be a quasi-projective morphism with S quasi-compact and quasi-separated. Then f factors as X o X' o S where X o X' is an open immersion and X' o S is projective.,lexical_candidate_only
graded-proj,186,label;section;text,00JN,algebra-definition-proj,algebra.tex,13383,definition,Proj of a graded ring,egin definition Let S be a graded ring. We define ext Proj (S) to be the set of homogeneous prime ideals p of S such that S + p . The set ext Proj (S) is a subset of (S) and we endow it with the induced topology. The topological space ext Proj (S) is called the homogeneous spectr,lexical_candidate_only
graded-proj,186,label;section;text,0H7M,algebra-lemma-projective-modulo-two-ideals,algebra.tex,18961,lemma,Projective modules,"egin lemma Let R be a ring. Let I, J R be ideals such that I ap J = 0 . Let P be an R -module such that P/IP is a projective R/I -module and P/JP is a projective R/J -module. Then P is a projective R -module.",lexical_candidate_only
graded-proj,186,label;section;text,05CD,algebra-section-projective,algebra.tex,18775,section,Projective modules,Projective modules Some lemmas on projective modules. egin definition Let R be a ring. An R -module P is projective if and only if the f,lexical_candidate_only
graded-proj,186,label;section;text,058Z,algebra-section-projective-local-ring,algebra.tex,20590,section,Projective modules over a local ring,Projective modules over a local ring In this section we prove a very cute result: a projective module M over a local ring is free (Theorem ef theorem-projective-free-over-local-ring b,lexical_candidate_only
graded-proj,186,label;section;text,01E6,cohomology-section-projection-formula,cohomology.tex,13869,section,Projection formula,Projection formula In this section we collect variants of the projection formula. The most basic version is Lemma ef lemma-projection-formula . After we state and prove it,lexical_candidate_only
graded-proj,186,label;section;text,0FCY,constructions-example-projective-space,constructions.tex,4757,example,Projective bundles,egin example [Projective space of a vector space] Let k be a field. Let V be a k -vector space. The corresponding projective space is the k -scheme P (V) = ext Proj (ext Sym (V)) where ext Sym (V) is the symmetric algebra on V over k . Of course we have P (V) ong P n k if im(V) =,lexical_candidate_only
graded-proj,186,label;section;text,01NQ,constructions-lemma-glue-relative-proj,constructions.tex,3433,lemma,Relative Proj via glueing,"egin lemma In Situation ef situation-relative-proj . There exists a morphism of schemes : nderline ext Proj S( A ) S with the following properties: egin enumerate for every affine open U S there exists an isomorphism i U : -1 (U) o ext Proj (A) with A = A (U) , and for U U' S aff",lexical_candidate_only
graded-proj,186,label;section;text,01NZ,constructions-lemma-glueing-gives-functor-proj,constructions.tex,3894,lemma,Relative Proj as a functor,egin lemma In Situation ef situation-relative-proj . The scheme : nderline ext Proj S( A ) o S constructed in Lemma ef lemma-glue-relative-proj and the scheme representing the functor F are canonically isomorphic as schemes over S .,lexical_candidate_only
graded-proj,186,label;section;text,01MZ,constructions-lemma-morphism-proj-transitive,constructions.tex,2138,lemma,Functoriality of Proj,"egin lemma Let A , B , and C be graded rings. Set X = ext Proj (A) , Y = ext Proj (B) and Z = ext Proj (C) . Let arphi : A o B , : B o C be graded ring maps. Then we have U( irc arphi) = r -1 (U(arphi)) ext and r irc arphi = r arphi irc r | U( irc arphi) . In addition we have het",lexical_candidate_only
graded-proj,186,label;section;text,07ZH,constructions-lemma-morphism-relative-proj-transitive,constructions.tex,4362,lemma,Functoriality of relative Proj,"egin lemma Let S be a scheme. Let A , B , and C be quasi-coherent graded O S -algebras. Set X = nderline ext Proj S( A ) , Y = nderline ext Proj S( B ) and Z = nderline ext Proj S( C ) . Let arphi : A o B , : B o C be graded O S -algebra maps. Then we have U( irc arphi) = r arphi",lexical_candidate_only
graded-proj,186,label;section;text,07ZF,constructions-section-functoriality-relative-proj,constructions.tex,4310,section,Functoriality of relative Proj,Functoriality of relative Proj This section is the analogue of Section ef section-functoriality-proj for the relative Proj. Let S be a scheme. A graded O S -alg,lexical_candidate_only
graded-proj,186,label;section;text,01ND,constructions-section-projective-space,constructions.tex,2776,section,Projective space,Projective space Projective space is one of the fundamental objects studied in algebraic geometry. In this section we just give its construction as ext Proj of a polyno,lexical_candidate_only
graded-proj,186,label;section;text,0646,derived-lemma-projective-resolutions-exist,derived.tex,6729,lemma,Projective resolutions,"egin lemma Let A be an abelian category. Assume A has enough projectives. egin enumerate Any object of A has a projective resolution. If H n(K ullet) = 0 for all n 0 then K ullet has a projective resolution. If K ullet is a complex with K n = 0 for n > a , then there exists a pro",lexical_candidate_only
graded-proj,186,label;section;text,09JZ,dga-section-projectives-over-algebras,dga.tex,1803,section,Projective modules over algebras,"Projective modules over algebras In this section we discuss projective modules over algebras analogous to Algebra, Section ef algebra-section-projective . This section should pro",lexical_candidate_only
graded-proj,186,label;section;text,0BXK,divisors-example-closed-subscheme-of-proj,divisors.tex,8056,example,Closed subschemes of relative proj,"egin example Let A be a graded ring. Let X = ext Proj (A) and S = (A 0) . Given a graded ideal I A we obtain a closed subscheme V +(I) = ext Proj (A/I) o X by Constructions, Lemma ef constructions-lemma-surjective-graded-rings-map-proj . Translating the result of Lemma ef lemma-c",lexical_candidate_only
graded-proj,186,label;section;text,07ZW,divisors-section-relative-proj,divisors.tex,7708,section,Relative Proj,"Relative Proj Some results on relative Proj. First some very basic results. Recall that a relative Proj is always separated over the base, see Constructions, Lemma ef cons",lexical_candidate_only
graded-proj,186,label;section;text,08XY,dualizing-definition-projective-cover,dualizing.tex,407,definition,Projective covers,"egin definition Let R be a ring. A surjection P o M of R -modules is said to be a projective cover , or sometimes a projective envelope , if P is a projective R -module and P o M is an essential surjection.",lexical_candidate_only
graded-proj,186,label;section;text,0DVN,examples-defos-section-finite-projective-modules,examples-defos.tex,135,section,Finite projective modules,Finite projective modules This section is just a warmup. Of course finite projective modules should not have any ``moduli''. egin example [Finite projective modules],lexical_candidate_only
graded-proj,186,label;section;text,02A2,exercises-exercise-morphism-proj,exercises.tex,3514,exercise,Proj and projective schemes,"egin exercise Maps of ext Proj . Let R and S be graded rings. Suppose we have a ring map : R o S and an integer e 1 such that (R d) S de for all d 0 . (By our conventions this is not a homomorphism of graded rings, unless e = 1 .) egin enumerate For which elements p ext Proj (S) ",lexical_candidate_only
graded-proj,186,label;section;text,05DN,flat-section-projective,flat.tex,2137,section,Projective modules,"Projective modules The following lemma can be used to prove projectivity by Noetherian induction on the base, see Lemma ef lemma-fibres-irreducible-flat-projective . egin lemma",lexical_candidate_only
graded-proj,186,label;section;text,0A5N,more-algebra-definition-projective-dimension,more-algebra.tex,17394,definition,Projective dimension,"egin definition Let R be a ring. Let K be an object of D(R) . We say K has finite projective dimension if K can be represented by a bounded complex of projective modules. We say K has projective-amplitude in [a, b] if K is quasi-isomorphic to a complex o 0 o P a o P a + 1 o o P b",lexical_candidate_only
graded-proj,186,label;section;text,0G95,more-algebra-lemma-ses-near-projective,more-algebra.tex,17810,lemma,Modules which are close to being projective,"egin lemma Let R be a ring. Let I R be an ideal. Let 0 o K o P o M o 0 be a short exact sequence of R -modules. If M is I -projective and P is projective, then K is I -projective.",lexical_candidate_only
graded-proj,186,label;section;text,0A5M,more-algebra-section-projective-dimension,more-algebra.tex,17387,section,Projective dimension,"Projective dimension We defined the projective dimension of a module in Algebra, Definition ef algebra-definition-finite-proj-dim . egin definition definition-p",lexical_candidate_only
graded-proj,186,label;section;text,0B44,more-morphisms-section-projective,more-morphisms.tex,14982,section,Projective schemes,Projective schemes This section is the analogue of Section ef section-quasi-projective for projective morphisms. egin lemma Let S be a scheme which,lexical_candidate_only
graded-proj,186,label;section;text,01W8,morphisms-definition-projective,morphisms.tex,10488,definition,Projective morphisms,"egin definition Let f : X o S be a morphism of schemes. egin enumerate We say f is projective if X is isomorphic as an S -scheme to a closed subscheme of a projective bundle P ( E ) for some quasi-coherent, finite type O S -module E . We say f is H-projective if there exists an i",lexical_candidate_only
graded-proj,186,label;section;text,01VX,morphisms-lemma-quasi-projective-properties,morphisms.tex,9768,lemma,Quasi-projective morphisms,"egin lemma Let f : X o S be a morphism of schemes. If f is quasi-projective, or H-quasi-projective or locally quasi-projective, then f is separated of finite type.",lexical_candidate_only
graded-proj,186,label;section;text,085G,spaces-divisors-lemma-morphism-relative-proj-transitive,spaces-divisors.tex,2667,lemma,Functoriality of relative proj,"egin lemma Let S be a scheme. Let X be an algebraic space over S . Let A , B , and C be quasi-coherent graded O X -algebras. Set P = nderline ext Proj X( A ) , Q = nderline ext Proj X( B ) and R = nderline ext Proj X( C ) . Let arphi : A o B , : B o C be graded O X -algebra maps.",lexical_candidate_only
graded-proj,186,label;section;text,060P,spaces-properties-section-locally-projective,spaces-properties.tex,5672,section,Locally projective modules,"Locally projective modules Recall that in Properties, Section ef properties-section-locally-projective we defined the notion of a locally projective quasi-coherent module. egi",lexical_candidate_only
graded-proj,186,label;section;text,0B2N,varieties-section-projective-space,varieties.tex,6320,section,Projective space,Projective space Some results on projective space over a field. egin lemma egin slogan Projective space is smooth.,lexical_candidate_only
graded-proj,185,label;section;text,00JQ,algebra-example-proj-polynomial-ring-1-variable,algebra.tex,13573,example,Proj of a graded ring,"egin example Let R be a ring. If S = R[X] with eg(X) = 1 , then the natural map ext Proj (S) o (R) is a bijection and in fact a homeomorphism. Namely, suppose p ext Proj (S) . Since S + p we see that X p . Thus if aX n p with a R and n > 0 , then a p . It follows that p = p 0S wi",lexical_candidate_only
graded-proj,185,label;section;text,065Q,algebra-lemma-direct-sum-projective,algebra.tex,18864,lemma,Projective modules,egin lemma A direct sum of projective modules is projective.,lexical_candidate_only
graded-proj,185,label;section;text,00O1,algebra-lemma-finite-projective-descends,algebra.tex,19269,lemma,Finite projective modules,egin lemma Let R o S be a flat local homomorphism of local rings. Let M be a finite R -module. Then M is finite projective over R if and only if M R S is finite projective over S .,lexical_candidate_only
graded-proj,185,label;section;text,0D47,algebra-lemma-lift-finite-projective-module,algebra.tex,18898,lemma,Projective modules,egin lemma Let R be a ring. Let I R be a locally nilpotent ideal. Let P be a finite projective R/I -module. Then there exists a finite projective R -module P such that P/IP ong P .,lexical_candidate_only
graded-proj,185,label;section;text,05CG,algebra-lemma-lift-projective,algebra.tex,18924,lemma,Projective modules,"egin lemma Let R be a ring. Let I R be an ideal. Let M be an R -module. Assume egin enumerate I is nilpotent, M/IM is a projective R/I -module, M is a flat R -module. Then M is a projective R -module.",lexical_candidate_only
graded-proj,185,label;section;text,07LV,algebra-lemma-lift-projective-module,algebra.tex,18875,lemma,Projective modules,egin lemma Let R be a ring. Let I R be a nilpotent ideal. Let P be a projective R/I -module. Then there exists a projective R -module P such that P/IP ong P .,lexical_candidate_only
graded-proj,185,label;section;text,0590,algebra-lemma-projective-free,algebra.tex,20601,lemma,Projective modules over a local ring,egin lemma Let R be a ring. Then every projective R -module is free if and only if every countably generated projective R -module is free.,lexical_candidate_only
graded-proj,185,label;section;text,058S,algebra-proposition-ffdescent-finite-projectivity,algebra.tex,20346,proposition,Descent for finite projective modules,"egin proposition Let R o S be a faithfully flat ring map. Let M be an R -module. If the S -module M R S is finite projective, then M is finite projective.",lexical_candidate_only
graded-proj,185,label;section;text,059Y,algebra-remark-characterize-projective,algebra.tex,22232,remark,Characterizing projective modules,"egin remark Lemma ef lemma-countgen-projective does not hold without the countable generation assumption. For example, the Z -module M = Z [[x]] is flat and Mittag-Leffler but not projective. It is Mittag-Leffler by Lemma ef lemma-power-series-ML . Subgroups of free abelian group",lexical_candidate_only
graded-proj,185,label;section;text,059V,algebra-section-characterize-projective,algebra.tex,22185,section,Characterizing projective modules,"Characterizing projective modules The goal of this section is to prove that a module is projective if and only if it is flat, Mittag-Leffler, and a direct sum of countably generated m",lexical_candidate_only
graded-proj,185,label;section;text,058B,algebra-section-ffdescent-projectivity-introduction,algebra.tex,19540,section,Faithfully flat descent for projectivity of modules,"Faithfully flat descent for projectivity of modules In the next few sections we prove, following Raynaud and Gruson ite GruRay , that the projectivity of modules descends along fa",lexical_candidate_only
graded-proj,185,label;section;text,058Q,algebra-section-finite-projective,algebra.tex,20275,section,Descent for finite projective modules,Descent for finite projective modules In this section we give an elementary proof of the fact that the property of being a finite projective module descends along faithfully flat ring map,lexical_candidate_only
graded-proj,185,label;section;text,0593,algebra-theorem-projective-free-over-local-ring,algebra.tex,20683,theorem,Projective modules over a local ring,"egin theorem egin slogan Projective modules over local rings are free. If P is a projective module over a local ring R , then P is free.",lexical_candidate_only
graded-proj,185,label;section;text,02TX,chow-lemma-chow-ring-projective-bundle,chow.tex,6932,lemma,Projective space bundle formula,"egin lemma [Projective space bundle formula] Let (S, elta) be as in Situation ef situation-setup . Let X be locally of finite type over S . Let E be a finite locally free O X -module E of rank r . Let ( : P o X, O P(1)) be the projective bundle associated to E . The map igoplus i",lexical_candidate_only
graded-proj,185,label;section;text,01YR,coherent-section-coherent-proj,coherent.tex,3634,section,"Coherent sheaves on Proj, I","Coherent sheaves on Proj, I In this section we discuss coherent sheaves on ext Proj (A) where A is a Noetherian graded ring generated by A 1 over A 0 . In the next section we dis",lexical_candidate_only
graded-proj,185,label;section;text,0BXE,coherent-section-coherent-proj-general,coherent.tex,4013,section,"Coherent sheaves on Proj, II","Coherent sheaves on Proj, II In this section we discuss coherent sheaves on ext Proj (A) where A is a Noetherian graded ring. Most of the results will be deduced by sleight o",lexical_candidate_only
graded-proj,185,label;section;text,0B5S,coherent-section-projective-pushforward,coherent.tex,4325,section,Higher direct images along projective morphisms,Higher direct images along projective morphisms We first state and prove a result for when the base is affine and then we deduce some results for projective morphisms. egin lemma lemma-co,lexical_candidate_only
graded-proj,185,label;section;text,01O0,constructions-definition-relative-proj,constructions.tex,3950,definition,Relative Proj as a functor,"egin definition Let S be a scheme. Let A be a quasi-coherent sheaf of graded O S -algebras. The relative homogeneous spectrum of A over S , or the homogeneous spectrum of A over S , or the relative Proj of A over S is the scheme constructed in Lemma ef lemma-glue-relative-proj wh",lexical_candidate_only
graded-proj,185,label;section;text,01MI,constructions-example-trivial-proj,constructions.tex,1503,example,Proj of a graded ring,egin example Let A be a ring. Let S = A[T] as a graded A algebra with T in degree 1 . Then the canonical morphism ext Proj (S) o (A) (see Lemma ef lemma-structure-morphism-proj ) is an isomorphism.,lexical_candidate_only
graded-proj,185,label;section;text,01N2,constructions-lemma-base-change-map-proj,constructions.tex,2245,lemma,Functoriality of Proj,"egin lemma egin reference ite[II, Proposition 2.8.10] EGA With hypotheses and notation as in Lemma ef lemma-morphism-proj above. Assume there exists a ring map R o A 0 and a ring map R o R' such that B = R' R A . Then egin enumerate U( ) = Y , the diagram Y = ext Proj (B) r ext P",lexical_candidate_only
graded-proj,185,label;section;text,01O9,constructions-lemma-invertible-map-into-relative-proj,constructions.tex,4503,lemma,Invertible sheaves and morphisms into relative Proj,"egin lemma With assumptions and notation as above. The morphism induces a canonical morphism of schemes over S r L , : U( ) nderline ext Proj S( A ) together with a map of graded O U( ) -algebras heta : r L , * ( igoplus d 0 O nderline ext Proj S( A ) (d) ight) igoplus d 0 L d | ",lexical_candidate_only
graded-proj,185,label;section;text,01MY,constructions-lemma-morphism-proj,constructions.tex,2054,lemma,Functoriality of Proj,"egin lemma Let A , B be two graded rings. Set X = ext Proj (A) and Y = ext Proj (B) . Let : A o B be a graded ring map. Set U( ) = igcup f A + \ ext homogeneous D + ( (f)) Y. Then there is a canonical morphism of schemes r : U( ) X and a map of Z -graded O U( ) -algebras heta = h",lexical_candidate_only
graded-proj,185,label;section;text,07ZG,constructions-lemma-morphism-relative-proj,constructions.tex,4319,lemma,Functoriality of relative Proj,"egin lemma Let S be a scheme. Let A , B be two graded quasi-coherent O S -algebras. Set p : X = nderline ext Proj S( A ) o S and q : Y = nderline ext Proj S( B ) o S . Let : A o B be a homomorphism of graded O S -algebras. There is a canonical open U( ) Y and a canonical morphism",lexical_candidate_only
graded-proj,185,label;section;text,01MD,constructions-lemma-proj-quasi-compact,constructions.tex,1341,lemma,Proj of a graded ring,"egin lemma Let S be a graded ring. The scheme ext Proj (S) is quasi-compact if and only if there exist finitely many homogeneous elements f 1, , f n S + such that S + (f 1, , f n) . In this case ext Proj (S) = D +(f 1) up up D +(f n) .",lexical_candidate_only
graded-proj,185,label;section;text,01MB,constructions-lemma-proj-scheme,constructions.tex,1267,lemma,Proj of a graded ring,egin lemma Let S be a graded ring. The locally ringed space ext Proj (S) is a scheme. The standard opens D + (f) are affine opens. For any graded S -module M the sheaf M is a quasi-coherent sheaf of O ext Proj (S) -modules.,lexical_candidate_only
graded-proj,185,label;section;text,01M7,constructions-lemma-proj-sheaves,constructions.tex,1183,lemma,Proj of a graded ring,"egin lemma Let S be a graded ring. Let M be a graded S -module. Let M be the sheaf of O ext Proj (S) -modules associated to M . egin enumerate For every f S homogeneous of positive degree we have (D + (f), O ext Proj (S) ) = S (f) . For every f S homogeneous of positive degree we",lexical_candidate_only
graded-proj,185,label;section;text,01NU,constructions-lemma-relative-proj-affine,constructions.tex,3651,lemma,Relative Proj as a functor,"egin lemma In Situation ef situation-relative-proj . Let F d be the functor associated to (d, S, A ) above. If S is affine, then F d is representable by the open subscheme U d (ef equation-Ud ) of the scheme ext Proj ( (S, A )) .",lexical_candidate_only
graded-proj,185,label;section;text,01O3,constructions-lemma-relative-proj-base-change,constructions.tex,4081,lemma,Relative Proj as a functor,egin lemma Let S be a scheme and A be a quasi-coherent sheaf of graded O S -algebras. Let g : S' o S be any morphism of schemes. Then there is a canonical isomorphism r : nderline ext Proj S' (g * A ) S' imes S nderline ext Proj S( A ) as well as a corresponding isomorphism heta ,lexical_candidate_only
graded-proj,185,label;section;text,01O7,constructions-lemma-relative-proj-modules,constructions.tex,4249,lemma,Quasi-coherent sheaves on relative Proj,"egin lemma In Situation ef situation-relative-proj . For any quasi-coherent sheaf of graded A -modules M on S , there exists a canonical associated sheaf of O nderline ext Proj S( A ) -modules M with the following properties: egin enumerate Given a scheme T and a quadruple (T o S",lexical_candidate_only
graded-proj,185,label;section;text,01ME,constructions-lemma-structure-morphism-proj,constructions.tex,1362,lemma,Proj of a graded ring,"egin lemma Let S be a graded ring. The scheme ext Proj (S) has a canonical morphism towards the affine scheme (S 0) , agreeing with the map on topological spaces coming from Algebra, Definition ef algebra-definition-proj .",lexical_candidate_only
graded-proj,185,label;section;text,02NC,constructions-lemma-twisting-and-proj,constructions.tex,4585,lemma,Twisting by invertible sheaves and relative Proj,"egin lemma With notation S , A , L and B as above. There is a canonical isomorphism P = nderline ext Proj S( A ) g nderline ext Proj S( B ) = P' ' \\ S with the following properties egin enumerate There are isomorphisms heta n : g * O P' (n) o O P(n) * L n which fit together to g",lexical_candidate_only
graded-proj,185,label;section;text,01MX,constructions-section-functoriality-proj,constructions.tex,2042,section,Functoriality of Proj,Functoriality of Proj A graded ring map : A o B does not always give rise to a morphism of associated projective homogeneous spectra. The reason is that the inverse im,lexical_candidate_only
graded-proj,185,label;section;text,01MM,constructions-section-invertible-on-proj,constructions.tex,1688,section,Invertible sheaves on Proj,"Invertible sheaves on Proj Recall from Algebra, Section ef algebra-section-graded the construction of the twisted module M(n) associated to a graded module over a graded ring.",lexical_candidate_only
graded-proj,185,label;section;text,01N4,constructions-section-morphisms-proj,constructions.tex,2382,section,Morphisms into Proj,Morphisms into Proj Let S be a graded ring. Let X = ext Proj (S) be the homogeneous spectrum of S . Let d 1 be an integer. Consider the open subscheme egin equati,lexical_candidate_only
graded-proj,185,label;section;text,01M3,constructions-section-proj,constructions.tex,932,section,Proj of a graded ring,"Proj of a graded ring In this section we construct Proj of a graded ring following ite[II, Section 2] EGA . Let S be a graded ring. Consider the topological space e",lexical_candidate_only
graded-proj,185,label;section;text,01MJ,constructions-section-quasi-coherent-proj,constructions.tex,1568,section,Quasi-coherent sheaves on Proj,Quasi-coherent sheaves on Proj Let S be a graded ring. Let M be a graded S -module. We saw in Lemma ef lemma-proj-sheaves how to construct a quasi-coherent sheaf of modules,lexical_candidate_only
graded-proj,185,label;section;text,01O5,constructions-section-quasi-coherent-relative-proj,constructions.tex,4164,section,Quasi-coherent sheaves on relative Proj,Quasi-coherent sheaves on relative Proj We briefly discuss how to deal with graded modules in the relative setting. We place ourselves in Situation ef situation-re,lexical_candidate_only
graded-proj,185,label;section;text,01NS,constructions-section-relative-proj,constructions.tex,3561,section,Relative Proj as a functor,Relative Proj as a functor We place ourselves in Situation ef situation-relative-proj . So S is a scheme and A = igoplus d 0 A d is a quasi-coherent gr,lexical_candidate_only
graded-proj,185,label;section;text,0644,derived-definition-projective-resolution,derived.tex,6681,definition,Projective resolutions,egin definition Let A be an abelian category. Let A ( A ) . A projective resolution of A is a complex P ullet together with a map P 0 o A such that: egin enumerate We have P n = 0 for n > 0 . Each P n is a projective object of A . The map P 0 o A induces an isomorphism (d -1 ) o ,lexical_candidate_only
graded-proj,185,label;section;text,0FQB,dga-section-projective-over-differential-graded,dga.tex,1877,section,Projective modules and differential graded algebras,"Projective modules and differential graded algebras If (A, ext d ) is a differential graded algebra and P is an object of ext Mod (A, ext d ) then we say P is projecti",lexical_candidate_only
graded-proj,185,label;section;text,0801,divisors-lemma-closed-subscheme-proj,divisors.tex,7974,lemma,Closed subschemes of relative proj,egin lemma Let S be a scheme. Let A be a quasi-coherent graded O S -algebra. Let p : X = nderline ext Proj S( A ) o S be the relative Proj of A . Let i : Z o X be a closed subscheme. Denote I A the kernel of the canonical map A igoplus d 0 p * ((i * O Z)(d)ight). If p is quasi-co,lexical_candidate_only
graded-proj,185,label;section;text,0802,divisors-lemma-closed-subscheme-proj-finite,divisors.tex,8169,lemma,Closed subschemes of relative proj,"egin lemma Let S be a quasi-compact and quasi-separated scheme. Let A be a quasi-coherent graded O S -algebra. Let p : X = nderline ext Proj S( A ) o S be the relative Proj of A . Let i : Z o X be a closed subscheme. If p is quasi-compact and i of finite presentation, then there ",lexical_candidate_only
graded-proj,185,label;section;text,0803,divisors-lemma-closed-subscheme-proj-finite-type,divisors.tex,8215,lemma,Closed subschemes of relative proj,egin lemma Let S be a quasi-compact and quasi-separated scheme. Let A be a quasi-coherent graded O S -algebra. Let p : X = nderline ext Proj S( A ) o S be the relative Proj of A . Let i : Z o X be a closed subscheme. Let U S be an open. Assume that egin enumerate p is quasi-compa,lexical_candidate_only
graded-proj,185,label;section;text,0D4D,divisors-lemma-relative-proj-finite-presentation,divisors.tex,7916,lemma,Relative Proj,"egin lemma Let S be a scheme. Let A be a quasi-coherent graded O S -algebra. Let p : X = nderline ext Proj S( A ) o S be the relative Proj of A . If A is a finitely presented O S -algebra, then p is of finite presentation and O X(d) is an O X -module of finite presentation.",lexical_candidate_only
graded-proj,185,label;section;text,07ZY,divisors-lemma-relative-proj-finite-type,divisors.tex,7759,lemma,Relative Proj,"egin lemma Let S be a scheme. Let A be a quasi-coherent graded O S -algebra. Let p : X = nderline ext Proj S( A ) o S be the relative Proj of A . If A is of finite type as a sheaf of O S -algebras, then p is of finite type and O X(d) is a finite type O X -module.",lexical_candidate_only
graded-proj,185,label;section;text,0D4C,divisors-lemma-relative-proj-flat,divisors.tex,7895,lemma,Relative Proj,"egin lemma Let S be a scheme. Let A be a quasi-coherent graded O S -algebra. Let p : X = nderline ext Proj S( A ) o S be the relative Proj of A . If A d is a flat O S -module for d 0 , then p is flat and O X(d) is flat over S .",lexical_candidate_only
graded-proj,185,label;section;text,0800,divisors-lemma-relative-proj-proper,divisors.tex,7821,lemma,Relative Proj,"egin lemma Let S be a scheme. Let A be a quasi-coherent graded O S -algebra. Let p : X = nderline ext Proj S( A ) o S be the relative Proj of A . The following conditions are equivalent egin enumerate A 0 is a finite type O S -module and A is of finite type as an A 0 -algebra, A ",lexical_candidate_only
graded-proj,185,label;section;text,07ZX,divisors-lemma-relative-proj-quasi-compact,divisors.tex,7717,lemma,Relative Proj,"egin lemma Let S be a scheme. Let A be a quasi-coherent graded O S -algebra. Let p : X = nderline ext Proj S( A ) o S be the relative Proj of A . If one of the following holds egin enumerate A is of finite type as a sheaf of A 0 -algebras, A is generated by A 1 as an A 0 -algebra",lexical_candidate_only
graded-proj,185,label;section;text,07ZZ,divisors-lemma-relative-proj-universally-closed,divisors.tex,7786,lemma,Relative Proj,"egin lemma Let S be a scheme. Let A be a quasi-coherent graded O S -algebra. Let p : X = nderline ext Proj S( A ) o S be the relative Proj of A . If O S o A 0 is an integral algebra map In other words, the integral closure of O S in A 0 , see Morphisms, Definition ef morphisms-de",lexical_candidate_only
graded-proj,185,label;section;text,084M,divisors-section-closed-in-relative-proj,divisors.tex,7968,section,Closed subschemes of relative proj,Closed subschemes of relative proj Some auxiliary lemmas about closed subschemes of relative proj. egin lemma Let S be a scheme. Let,lexical_candidate_only
graded-proj,185,label;section;text,08XX,dualizing-section-projective-cover,dualizing.tex,401,section,Projective covers,Projective covers In this section we briefly discuss projective covers. egin definition Let R be a ring. A surjection P o M of,lexical_candidate_only
graded-proj,185,label;section;text,0D3I,examples-defos-example-finite-projective-modules,examples-defos.tex,142,example,Finite projective modules,"egin example [Finite projective modules] Let F be the category defined as follows egin enumerate an object is a pair (A, M) consisting of an object A of C and a finite projective A -module M , and a morphism (f, g) : (B, N) o (A, M) consists of a morphism f : B o A in C together ",lexical_candidate_only
graded-proj,185,label;section;text,08J1,examples-lemma-non-descending-property-projective,examples.tex,5154,lemma,Being projective is not local on the base,"egin lemma The properties egin enumerate P (f) = `` f is projective'', and P (f) = `` f is quasi-projective'' are not Zariski local on the base. A fortiori, they are not fpqc local on the base.",lexical_candidate_only
graded-proj,185,label;section;text,052H,examples-section-finite-flat-not-projective,examples.tex,2403,section,A finite flat module which is not projective,"A finite flat module which is not projective This is a copy of Algebra, Remark ef algebra-remark-warning . It is not true that a finite R -module which is R -flat is automatically project",lexical_candidate_only
graded-proj,185,label;section;text,0282,exercises-definition-Proj-R,exercises.tex,1914,definition,Proj of a ring,"egin definition We define the homogeneous spectrum ext Proj (R) of the graded ring R to be the set of homogeneous, prime ideals p of R such that R + p . Note that ext Proj (R) is a subset of (R) and hence has a natural induced topology.",lexical_candidate_only
ext,92,section;text,0DD0,exercises-section-global-exts,exercises.tex,4667,section,Global Exts,"Global Exts egin exercise Let k be a field. Let X = P 3 k . Let L X and P X be a line and a plane, viewed as clos",lexical_candidate_only
ext,71,section,0DD6,exercises-exercise-duality,exercises.tex,4752,exercise,Global Exts,"egin exercise Let k be a field. Let X = P d k . Set X/k = O X(-d - 1) . Prove that for finite locally free modules E , F the cup product on Ext combined with the trace map on Ext i X( E , F O X X/k ) imes d - i X( F , E ) o X d( F , F O X X/k ) o H d(X, X/k ) = k produces a nonde",lexical_candidate_only
ext,71,section,0DD1,exercises-exercise-ext-line-plane-p3,exercises.tex,4670,exercise,Global Exts,"egin exercise Let k be a field. Let X = P 3 k . Let L X and P X be a line and a plane, viewed as closed subschemes cut out by 1 , resp., 2 linear equations. Compute the dimensions of i X( O L, O P) for all i . Make sure to do both the case where L is contained in P and the case w",lexical_candidate_only
ext,71,section,0DD3,exercises-exercise-ext-pairings,exercises.tex,4696,exercise,Global Exts,"egin exercise Let X be a ringed space. Define cup-product maps i X( G , H ) imes j X( F , G ) i + j X( F , H ) for O X -modules F , G , H . (Hint: this is a super general thing.)",lexical_candidate_only
ext,71,section,0DD2,exercises-exercise-ext-point,exercises.tex,4684,exercise,Global Exts,"egin exercise Let k be a field. Let X = P n k . Let Z X be a closed k -rational point viewed as a closed subscheme. For example the point with homogeneous coordinates (1 : 0 : : 0) . Compute the dimensions of i X( O Z, O Z) for all i .",lexical_candidate_only
ext,71,section,0DD4,exercises-exercise-move-out-locally-free,exercises.tex,4710,exercise,Global Exts,"egin exercise Let X be a ringed space. Let E be a finite locally free O X -module with dual E ee = O X ( E , O X) . Prove the following statements egin enumerate i O X ( F O X E , G ) = i O X ( F , E ee O X G ) = i O X ( F , G ) O X E ee , and i X( F O X E , G ) = i X( F , E ee O",lexical_candidate_only
ext,71,section,0DD5,exercises-exercise-trace-on-ext,exercises.tex,4737,exercise,Global Exts,"egin exercise Let X be a ringed space. Let E be a finite locally free O X -module. Construct a trace map i X( E , E ) o H i(X, O X) for all i . Generalize to a trace map i X( E , E O X F ) o H i(X, F ) for any O X -module F .",lexical_candidate_only
ext,21,text,0AVG,more-algebra-section-spectral-sequence-ext,more-algebra.tex,17354,section,Spectral sequences for Ext,"Spectral sequences for Ext In this section we collect various spectral sequences that come up when considering the Ext functors. For any pair of objects L , K of the derived c",lexical_candidate_only
ext,21,text,0BG0,resolve-lemma-rational-propagates,resolve.tex,1818,lemma,Boundedness,"egin lemma Let (A, m, appa) be a local normal Nagata domain of dimension 2 which defines a rational singularity. Let A B be a local extension of domains with the same fraction field which is essentially of finite type such that im(B) = 2 and B normal. Then B defines a rational si",lexical_candidate_only
ext,21,text,,simplicial-definition-nerve-category,simplicial.tex,932,definition,Nerves of categories,"egin definition Let C be a category. View [n] as the category whose objects are 0, , n with a unique morphism i o j if i j . The nerve of C is the simplicial set N( C ) given by N( C ) n = \ ext functors [n] C \ . The simplicial operations are given by precomposition. For a simpl",lexical_candidate_only
ext,21,text,07A9,sites-cohomology-section-spectral-sequence-ext,sites-cohomology.tex,8156,section,Spectral sequences for Ext,"Spectral sequences for Ext In this section we collect various spectral sequences that come up when considering the Ext functors. For any pair of complexes G ullet, \",lexical_candidate_only
support,187,label;section;text,04FT,etale-cohomology-lemma-support-section-closed,etale-cohomology.tex,4026,lemma,Supports of abelian sheaves,"egin lemma Let S be a scheme. Let F be an abelian sheaf on S . Let U (S ) and F (U) . egin enumerate The support of is closed in U . The support of + ' is contained in the union of the supports of , ' F (U) . If arphi : F o G is a map of abelian sheaves on S , then the support of",lexical_candidate_only
support,187,label;section;text,01AU,modules-lemma-support-section-closed,modules.tex,493,lemma,Supports of modules and sections,"egin lemma Let (X, O X) be a ringed space. Let F be a sheaf of O X -modules. Let U X open. egin enumerate The support of s F (U) is closed in U . The support of fs is contained in the intersections of the supports of f O X(U) and s F (U) . The support of s + s' is contained in th",lexical_candidate_only
support,186,label;section;text,01AT,modules-definition-support,modules.tex,473,definition,Supports of modules and sections,"egin definition Let (X, O X) be a ringed space. Let F be a sheaf of O X -modules. egin enumerate The support of F is the set of points x X such that F x = 0 . We denote ext Supp ( F ) the support of F . Let s (X, F ) be a global section. The support of s is the set of points x X ",lexical_candidate_only
support,186,label;section;text,056H,morphisms-section-support,morphisms.tex,630,section,Supports of modules,Supports of modules In this section we collect some elementary results on supports of quasi-coherent modules on schemes. Recall that the support of a sheaf of modules has been defined i,lexical_candidate_only
support,186,label;section;text,0G7F,perfect-section-cohomology-support,perfect.tex,779,section,Cohomology with support in a closed subset,"Cohomology with support in a closed subset We elaborate on the material in Cohomology, Sections ef cohomology-section-cohomology-support and ef cohomology-section-cohomology-support-bis for s",lexical_candidate_only
support,186,label;section;text,0A4L,spaces-cohomology-section-cohomology-support,spaces-cohomology.tex,1338,section,Cohomology with support in a closed subspace,"Cohomology with support in a closed subspace This section is the analogue of Cohomology, Sections ef cohomology-section-cohomology-support and ef cohomology-section-cohomology-support-bis and \",lexical_candidate_only
support,186,label;section;text,07TX,spaces-morphisms-section-support,spaces-morphisms.tex,2787,section,Supports of modules,Supports of modules In this section we collect some elementary results on supports of quasi-coherent modules on algebraic spaces. Let X be an algebraic space. The support of an abelia,lexical_candidate_only
support,186,label;section;text,04KB,spaces-properties-lemma-support-section-closed,spaces-properties.tex,3731,lemma,Supports of abelian sheaves,"egin lemma Let S be a scheme. Let X be an algebraic space over S . Let F be an abelian sheaf on X . Let U (X ) and F (U) . egin enumerate The support of is closed in |X| . The support of + ' is contained in the union of the supports of , ' F (X) . If arphi : F o G is a map of abe",lexical_candidate_only
support,185,label;section;text,00KY,algebra-section-support,algebra.tex,14910,section,Support and dimension of modules,"Support and dimension of modules Some basic results on the support and dimension of modules. egin lemma Let R be a Noetherian ring, and let M be a fini",lexical_candidate_only
support,185,label;section;text,0G77,cohomology-lemma-support-cup-product,cohomology.tex,8832,lemma,"Cohomology with support in a closed subset, II","egin lemma With notation as in Remark ef remark-support-cup-product the diagram H i(X, K) imes H j Z(X, M) H i + j Z(X, K O X L M) \\ H i(X, K) imes H j(X, M) H i + j (X, K O X L M) commutes where the top horizontal arrow is the cup product of Remark ef remark-support-cup-product",lexical_candidate_only
support,185,label;section;text,0A39,cohomology-section-cohomology-support,cohomology.tex,3740,section,Cohomology with support in a closed subset,Cohomology with support in a closed subset This section just discusses the bare minimum -- the discussion will be continued in Section ef section-cohomology-support-bis . Let,lexical_candidate_only
support,185,label;section;text,0G6Y,cohomology-section-cohomology-support-bis,cohomology.tex,8445,section,"Cohomology with support in a closed subset, II","Cohomology with support in a closed subset, II We continue the discussion started in Section ef section-cohomology-support . Let (X, O X) be a ringed space. Let Z",lexical_candidate_only
support,185,label;section;text,04FS,etale-cohomology-definition-support,etale-cohomology.tex,3992,definition,Supports of abelian sheaves,"egin definition Let S be a scheme. Let F be an abelian sheaf on S . egin enumerate The support of F is the set of points s S such that F s = 0 for any (some) geometric point s lying over s . Let F (U) be a section. The support of is the closed subset U W , where W U is the larges",lexical_candidate_only
support,185,label;section;text,04FQ,etale-cohomology-section-support,etale-cohomology.tex,3917,section,Supports of abelian sheaves,Supports of abelian sheaves First we talk about supports of local sections. egin lemma Let S be a scheme. Let F be a subsheaf of the final,lexical_candidate_only
support,185,label;section;text,0GJZ,more-etale-definition-cohomology-compact-support,more-etale.tex,4072,definition,Compactly supported cohomology,"egin definition Let X be a separated scheme of finite type over a field k . Let be a ring. Let K be an object of D + tors (X , ) or of D(X , ) in case is torsion. The cohomology of K with compact support or the compactly supported cohomology of K is R c(X, K) = R ( (k), Rf !K) wh",lexical_candidate_only
support,185,label;section;text,0F72,more-etale-definition-compact-support,more-etale.tex,350,definition,Sections with compact support,"egin definition Let X be a separated scheme locally of finite type over a field k . Let F be an abelian sheaf on X . We let H 0 c(X, F ) H 0(X, F ) be the set of sections whose support is proper over k . Elements of H 0 c(X, F ) are called sections with compact support .",lexical_candidate_only
support,185,label;section;text,0F6E,more-etale-section-finite-support,more-etale.tex,804,section,Sections with finite support,Sections with finite support In this section we extend the construction of Section ef section-compact-support to not necessarily separated locally quasi-finite morphisms.,lexical_candidate_only
support,185,label;section;text,05JV,morphisms-definition-scheme-theoretic-support,morphisms.tex,772,definition,Supports of modules,egin definition Let X be a scheme. Let F be a quasi-coherent O X -module of finite type. The scheme theoretic support of F is the closed subscheme Z X constructed in Lemma ef lemma-scheme-theoretic-support .,lexical_candidate_only
support,185,label;section;text,056I,morphisms-lemma-support-affine-open,morphisms.tex,642,lemma,Supports of modules,"egin lemma Let X be a scheme. Let F be a quasi-coherent sheaf on X . Let (A) = U X be an affine open, and set M = (U, F ) . Let x U , and let p A be the corresponding prime. The following are equivalent egin enumerate p is in the support of M , and x is in the support of F .",lexical_candidate_only
support,185,label;section;text,08DA,perfect-definition-supported-on,perfect.tex,788,definition,Cohomology with support in a closed subset,egin definition Let X be a scheme. Let E be an object of D( O X) . Let T X be a closed subset. We say E is supported on T if the cohomology sheaves H i(E) are supported on T .,lexical_candidate_only
support,185,label;section;text,0G7L,perfect-remark-extended-alternating-map-to-support,perfect.tex,943,remark,Cohomology with support in a closed subset,"egin remark Let X , f 1, , f c (X, O X) , and F be as in Remark ef remark-support-c-equations . Denote F ullet the complex (ef equation-extended-alternating ). By Lemma ef lemma-extended-alternating-zero the cohomology sheaves of F ullet are supported on Z hence F ullet is an obj",lexical_candidate_only
support,185,label;section;text,084L,properties-definition-subsheaf-sections-supported-on-closed,properties.tex,3894,definition,Sections with support in a closed subset,egin definition Let X be a scheme. Let T X be a closed subset whose complement is retrocompact in X . Let F be a quasi-coherent O X -module. The quasi-coherent subsheaf F ' F defined in Lemma ef lemma-sections-supported-on-closed-subset is called the subsheaf of sections supporte,lexical_candidate_only
support,185,label;section;text,0854,spaces-limits-section-sections-with-support-in-closed,spaces-limits.tex,3159,section,Sections with support in a closed subset,"Sections with support in a closed subset This section is the analogue of Properties, Section ef properties-section-sections-with-support-in-closed . egin lemma lemma-qua",lexical_candidate_only
support,185,label;section;text,07U1,spaces-morphisms-definition-scheme-theoretic-support,spaces-morphisms.tex,2959,definition,Supports of modules,egin definition Let S be a scheme. Let X be an algebraic space over S . Let F be a finite type quasi-coherent O X -module. The scheme theoretic support of F is the closed subspace Z X constructed in Lemma ef lemma-scheme-theoretic-support .,lexical_candidate_only
support,185,label;section;text,04KA,spaces-properties-definition-support,spaces-properties.tex,3714,definition,Supports of abelian sheaves,egin definition Let S be a scheme. Let X be an algebraic space over S . Let F be an abelian sheaf on X . egin enumerate The support of F is the set of points x |X| such that F x = 0 for any (some) geometric point x lying over x . Let F (U) be a section. The support of is the clos,lexical_candidate_only
support,185,label;section;text,04K7,spaces-properties-section-support,spaces-properties.tex,3630,section,Supports of abelian sheaves,Supports of abelian sheaves First we talk about supports of local sections. egin lemma Let S be a scheme. Let X be an algebraic space over S . Let,lexical_candidate_only
support,184,label;section;text,00L1,algebra-definition-support-module,algebra.tex,9314,definition,Supports and annihilators,egin definition Let R be a ring and let M be an R -module. The support of M is the set ext Supp (M) = \ p (R) M p = 0 \,lexical_candidate_only
support,184,label;section;text,00L3,algebra-lemma-support-quotient,algebra.tex,9487,lemma,Supports and annihilators,"egin lemma Let R be a ring and let M be an R -module. egin enumerate If M is finite then the support of M/IM is ext Supp (M) ap V(I) . If N M , then ext Supp (N) ext Supp (M) . If Q is a quotient module of M then ext Supp (Q) ext Supp (M) . If 0 o N o M o Q o 0 is a short exact s",lexical_candidate_only
support,184,label;section;text,0585,algebra-lemma-support-zero,algebra.tex,9329,lemma,Supports and annihilators,egin lemma egin slogan A module over a ring has empty support if and only if it is the trivial module. Let R be a ring. Let M be an R -module. Then M = (0) ext Supp (M) = .,lexical_candidate_only
support,184,label;section;text,0G79,cohomology-lemma-support-functorial,cohomology.tex,8893,lemma,"Cohomology with support in a closed subset, II","egin lemma With notation and assumptions as in Remark ef remark-support-functorial the diagram H p Z(X, K) H p Z' (X', Lf *K) \\ H p(X, K) H p(X', Lf *K) commutes. Here the top horizontal arrow comes from the identifications H p Z(X, K) = H p(Z, R H Z(K)) and H p Z' (X', Lf *K) =",lexical_candidate_only
support,184,label;section;text,0G76,cohomology-remark-support-cup-product-global,cohomology.tex,8808,remark,"Cohomology with support in a closed subset, II","egin remark With notation as in Remark ef remark-support-cup-product we obtain a canonical cup product egin align* H a(X, K) imes H b Z(X, M) = H a(X, K) imes H b(Z, R H Z(M)) \\ o H a(Z, K| Z) imes H b(Z, R H Z(M)) \\ o H a + b (Z, K| Z O X| Z L R H Z(M)) \\ o H a + b (Z, R H Z(",lexical_candidate_only
support,184,label;section;text,0G5B,duality-lemma-duality-compact-support-restrict-open,duality.tex,9108,lemma,Duality for compactly supported cohomology,"egin lemma With notation as in Lemma ef lemma-duality-compact-support suppose U' U is an open subscheme. Then the diagram om k(H i(U, K), k) H -i c(U, R O U (K, U/k ullet)) \\ om k(H i(U', K| U' ), k) H -i c(U', R O U' (K, U'/k ullet)) is commutative. Here the horizontal arrows a",lexical_candidate_only
support,184,label;section;text,0G4Z,duality-section-compactly-supported,duality.tex,8585,section,Compactly supported cohomology for coherent modules,"Compactly supported cohomology for coherent modules In Situation ef situation-shriek given a morphism f : X o Y in extit FTS S , we will define a functor Rf ! : D b extit Coh ( O",lexical_candidate_only
support,184,label;section;text,0G59,duality-section-duality-compactly-supported,duality.tex,8979,section,Duality for compactly supported cohomology,Duality for compactly supported cohomology Let k be a field. Let U be a separated scheme of finite type over k . Let K be an object of D b extit Coh ( O U) . Let us de,lexical_candidate_only
support,184,label;section;text,0G4V,duality-section-preliminaries-compactly-supported,duality.tex,8372,section,Preliminaries to compactly supported cohomology,Preliminaries to compactly supported cohomology In Situation ef situation-shriek let f : X o Y be a morphism in the category extit FTS S . Using the constructions in the previo,lexical_candidate_only
support,184,label;section;text,04FU,etale-cohomology-lemma-support-sheaf-rings-closed,etale-cohomology.tex,4057,lemma,Supports of abelian sheaves,egin lemma The support of a sheaf of rings on S is closed.,lexical_candidate_only
support,184,label;section;text,09XP,etale-cohomology-section-cohomology-support,etale-cohomology.tex,13966,section,Cohomology with support in a closed subscheme,"Cohomology with support in a closed subscheme Let X be a scheme and let Z X be a closed subscheme. Let F be an abelian sheaf on X . We let Z(X, F ) =",lexical_candidate_only
support,184,label;section;text,0EEY,local-cohomology-section-supports,local-cohomology.tex,692,section,More general supports,"More general supports Let A be a Noetherian ring. Let M be an A -module. Let T (A) be a subset stable under specialization (Topology, Definition ef topology-definit",lexical_candidate_only
support,184,label;section;text,01AV,modules-lemma-support-sheaf-rings-closed,modules.tex,534,lemma,Supports of modules and sections,egin lemma Let X be a topological space. The support of a sheaf of rings is closed.,lexical_candidate_only
support,184,label;section;text,01AS,modules-section-support,modules.tex,470,section,Supports of modules and sections,"Supports of modules and sections egin definition Let (X, O X) be a ringed space. Let F be a sheaf of O X -modules. egin enumerate The",lexical_candidate_only
support,184,label;section;text,0GK1,more-etale-lemma-compact-support-h0,more-etale.tex,4112,lemma,Compactly supported cohomology,"egin lemma Let X be a separated scheme of finite type over a field k . If F is a torsion abelian sheaf, then the abelian group H 0 c(X, F ) defined in Definition ef definition-compact-support agrees with the abelian group H 0 c(X, F ) defined in Definition ef definition-cohomolog",lexical_candidate_only
support,184,label;section;text,0F74,more-etale-remark-covariance-compact-support,more-etale.tex,373,remark,Sections with compact support,"egin remark [Open embeddings and compactly supported sections] Let X be a separated scheme locally of finite type over a field k . Let F be an abelian sheaf on X . Exactly as in Remark ef remark-covariance-f-shriek-separated for X' X open there is an injective map H 0 c(X', F | X",lexical_candidate_only
support,184,label;section;text,0GKS,more-etale-remark-covariance-compactly-supported,more-etale.tex,4149,remark,Compactly supported cohomology,"egin remark [Covariance of compactly supported cohomology] Let k be a field. Let f : X o Y be a morphism of separated schemes of finite type over k . If X , Y , and f satisfies one of the following conditions egin enumerate f is etale, or f is flat and quasi-finite, or f is quasi",lexical_candidate_only
support,184,label;section;text,0F4W,more-etale-section-compact-support,more-etale.tex,145,section,Sections with compact support,"Sections with compact support A reference for this section is ite[Exposee XVII, Section 6] SGA4 . Let f : X o Y be a morphism of schemes which is separated and locally of finite typ",lexical_candidate_only
support,184,label;section;text,0GJY,more-etale-section-compactly-supported-cohomology,more-etale.tex,4059,section,Compactly supported cohomology,Compactly supported cohomology Let k be a field. Let be a ring. Let X be a separated scheme of finite type over k with structure morphism f : X o (k),lexical_candidate_only
support,184,label;section;text,05AC,morphisms-lemma-support-closed-specialization,morphisms.tex,661,lemma,Supports of modules,egin lemma Let X be a scheme. Let F be a quasi-coherent sheaf on X . The support of F is closed under specialization.,lexical_candidate_only
support,184,label;section;text,056J,morphisms-lemma-support-finite-type,morphisms.tex,679,lemma,Supports of modules,"egin lemma Let F be a finite type quasi-coherent module on a scheme X . Then egin enumerate The support of F is closed. For x X we have x ext Supp ( F ) F x = 0 F x O X, x appa(x) = 0. For any morphism of schemes f : Y o X the pullback f * F is of finite type as well and we have ",lexical_candidate_only
support,184,label;section;text,0G7R,perfect-example-affine-supported-map-c-equations,perfect.tex,1089,example,Cohomology with support in a closed subset,"egin example Let X = (A) be affine, f 1, , f c A , and let F = M for some A -module M . The map c f 1, , f c of Remark ef remark-supported-map-c-equations can be described as the map M/(f 1, , f c)M ( igoplus M f 1 f i f c o M f 1 f c ight) sending the class of s M to the class o",lexical_candidate_only
support,184,label;section;text,0G7S,perfect-lemma-supported-map-determinant,perfect.tex,1106,lemma,Cohomology with support in a closed subset,"egin lemma With X , f 1, , f c (X, O X) , and F as in Remark ef remark-support-c-equations . Let a ji (X, O X) for 1 i, j c and set g j = i = 1, , c a ji f i . Assume g 1, , g c scheme theoretically cut out Z . If F is quasi-coherent, then c f 1, , f c = et(a ji ) c g 1, , g c wh",lexical_candidate_only
support,184,label;section;text,0G7Q,perfect-remark-supported-map-c-equations,perfect.tex,1050,remark,Cohomology with support in a closed subset,"egin remark With X , f 1, , f c (X, O X) , and F as in Remark ef remark-support-c-equations . There is a canonical O X| Z -linear map c f 1, , f c : i * F H c Z( F ) functorial in F . Namely, denoting F ullet the extended alternating Cech complex (ef equation-extended-alternating",lexical_candidate_only
support,184,label;section;text,07ZQ,properties-lemma-push-sections-supported-on-closed-subset,properties.tex,3905,lemma,Sections with support in a closed subset,egin lemma Let f : X o Y be a quasi-compact and quasi-separated morphism of schemes. Let Z Y be a closed subset such that Y Z is retrocompact in Y . Let F be a quasi-coherent O X -module. Let F ' F be the subsheaf of sections supported in f -1 Z . Then f * F ' f * F is the subshe,lexical_candidate_only
support,184,label;section;text,07ZP,properties-lemma-sections-supported-on-closed-subset,properties.tex,3835,lemma,Sections with support in a closed subset,"egin lemma Let X be a scheme. Let Z X be a closed subset. Let F be a quasi-coherent O X -module. Consider the sheaf of O X -modules F ' which associates to every open U X F '(U) = \ s F (U) ext the support of sext is contained in Z ap U\ If X Z is a retrocompact open of X , then ",lexical_candidate_only
support,184,label;section;text,07ZM,properties-section-sections-with-support-in-closed,properties.tex,3708,section,Sections with support in a closed subset,"Sections with support in a closed subset Given any topological space X , a closed subset Z X , and an abelian sheaf F you can take the subsheaf of sections whos",lexical_candidate_only
support,184,label;section;text,07TY,spaces-morphisms-lemma-support-covering,spaces-morphisms.tex,2800,lemma,Supports of modules,egin lemma Let S be a scheme. Let X be an algebraic space over S . Let F be a quasi-coherent O X -module. Let U be a scheme and let arphi : U o X be an etale morphism. Then ext Supp (arphi * F ) = |arphi| -1 (ext Supp ( F )) where the left hand side is the support of arphi * F as,lexical_candidate_only
support,184,label;section;text,07TZ,spaces-morphisms-lemma-support-finite-type,spaces-morphisms.tex,2835,lemma,Supports of modules,"egin lemma Let S be a scheme. Let X be an algebraic space over S . Let F be a finite type quasi-coherent O X -module. Then egin enumerate The support of F is closed. For a geometric point x lying over x |X| we have x ext Supp ( F ) F x = 0 F x O X, x appa( x ) = 0. For any morphi",lexical_candidate_only
support,184,label;section;text,04KC,spaces-properties-lemma-support-sheaf-rings-closed,spaces-properties.tex,3763,lemma,Supports of abelian sheaves,egin lemma The support of a sheaf of rings on the small etale site of an algebraic space is closed.,lexical_candidate_only
support,165,label;section,0A3B,cohomology-lemma-cohomology-with-support-sheaf-on-support,cohomology.tex,8499,lemma,"Cohomology with support in a closed subset, II","egin lemma Let (X, O X) be a ringed space. Let i : Z o X be the inclusion of a closed subset. egin enumerate R H Z : D( O X) o D( O X| Z) is right adjoint to i * : D( O X| Z) o D( O X) . For K in D( O X| Z) we have R H Z(i *K) = K . Let G be a sheaf of O X| Z -modules on Z . Then",lexical_candidate_only
support,165,label;section,09XR,etale-cohomology-lemma-cohomology-with-support-sheaf-on-support,etale-cohomology.tex,14058,lemma,Cohomology with support in a closed subscheme,egin lemma Let i : Z o X be a closed immersion of schemes. Let G be an injective abelian sheaf on Z . Then H p Z(i * G ) = 0 for p > 0 .,lexical_candidate_only
support,165,label;section,0A4N,spaces-cohomology-lemma-cohomology-with-support-sheaf-on-support,spaces-cohomology.tex,1442,lemma,Cohomology with support in a closed subspace,egin lemma Let S be a scheme. Let i : Z o X be a closed immersion of algebraic spaces over S . Let G be an injective abelian sheaf on Z . Then H p Z(i * G ) = 0 for p > 0 .,lexical_candidate_only
support,163,label;section,00L7,algebra-lemma-filter-minimal-primes-in-support,algebra.tex,15017,lemma,Support and dimension of modules,"egin lemma Let R , M , M i , p i as in Lemma ef lemma-filter-Noetherian-module . The minimal elements of the set \ p i\ are the minimal elements of ext Supp (M) . The number of times a minimal prime p occurs is \#\ i p i = p\ = ext length R p M p .",lexical_candidate_only
support,163,label;section,00L4,algebra-lemma-filter-primes-in-support,algebra.tex,14961,lemma,Support and dimension of modules,"egin lemma Let R , M , M i , p i as in Lemma ef lemma-filter-Noetherian-module . Then ext Supp (M) = igcup V( p i) and in particular p i ext Supp (M) .",lexical_candidate_only
support,163,label;section,0BUR,algebra-lemma-support-base-change,algebra.tex,9413,lemma,Supports and annihilators,egin lemma Let R o R' be a ring map and let M be a finite R -module. Then ext Supp (M R R') is the inverse image of ext Supp (M) .,lexical_candidate_only
support,163,label;section,00L2,algebra-lemma-support-closed,algebra.tex,9385,lemma,Supports and annihilators,"egin lemma Let R be a ring and let M be an R -module. If M is finite, then ext Supp (M) is closed. More precisely, if I = ext Ann (M) is the annihilator of M , then V(I) = ext Supp (M) .",lexical_candidate_only
support,163,label;section,00L8,algebra-lemma-support-dimension-d,algebra.tex,15054,lemma,Support and dimension of modules,egin lemma Let R be a Noetherian local ring. Let M be a finite R -module. Then d(M) = im(ext Supp (M)) where d(M) is as in Definition ef definition-d .,lexical_candidate_only
support,163,label;section,07Z5,algebra-lemma-support-element,algebra.tex,9447,lemma,Supports and annihilators,"egin lemma Let R be a ring, let M be an R -module, and let m M . Then p V(ext Ann (m)) if and only if m does not map to zero in M p .",lexical_candidate_only
support,163,label;section,051B,algebra-lemma-support-finite-presentation-constructible,algebra.tex,9461,lemma,Supports and annihilators,"egin lemma Let R be a ring and let M be an R -module. If M is a finitely presented R -module, then ext Supp (M) is a closed subset of (R) whose complement is quasi-compact.",lexical_candidate_only
support,163,label;section,00L5,algebra-lemma-support-point,algebra.tex,14974,lemma,Support and dimension of modules,egin lemma Suppose that R is a Noetherian local ring with maximal ideal m . Let M be a nonzero finite R -module. Then ext Supp (M) = \ m\ if and only if M has finite length over R .,lexical_candidate_only
support,163,label;section,0AEF,cohomology-lemma-complexes-with-support-on-closed,cohomology.tex,8543,lemma,"Cohomology with support in a closed subset, II","egin lemma Let (X, O X) be a ringed space. Let i : Z o X be the inclusion of a closed subset. egin enumerate For K in D( O X| Z) we have i *K in D Z( O X) . The functor i * : D( O X| Z) o D Z( O X) is an equivalence with quasi-inverse i -1 | D Z( O X) = R H Z| D Z( O X) . The fun",lexical_candidate_only
support,163,label;section,0G70,cohomology-lemma-local-to-global-sections-with-support,cohomology.tex,8612,lemma,"Cohomology with support in a closed subset, II","egin lemma Let (X, O X) be a ringed space. Let i : Z o X be the inclusion of a closed subset. Then R (Z, - ) irc R H Z = R Z(X, - ) as functors D( O X) o D( O X(X)) .",lexical_candidate_only
support,163,label;section,0G74,cohomology-lemma-sections-support-abelian-unbounded,cohomology.tex,8711,lemma,"Cohomology with support in a closed subset, II","egin lemma Let (X, O X) be a ringed space. Let Z X be a closed subset. Let K be an object of D( O X) and denote K ab its image in D(nderline Z X) . egin enumerate There is a canonical map R Z(X, K) o R Z(X, K ab ) which is an isomorphism in D(extit Ab ) . There is a canonical map",lexical_candidate_only
support,163,label;section,0G73,cohomology-lemma-sections-support-in-closed-disjoint-open,cohomology.tex,8688,lemma,"Cohomology with support in a closed subset, II","egin lemma Let (X, O X) be a ringed space. Let Z X be a closed subset. Let j : U o X be the inclusion of an open subset with U ap Z = . Then R H Z(Rj *K) = 0 for all K in D( O U) .",lexical_candidate_only
support,163,label;section,0G6Z,cohomology-lemma-sections-with-support-K-injective,cohomology.tex,8595,lemma,"Cohomology with support in a closed subset, II","egin lemma Let (X, O X) be a ringed space. Let i : Z o X be the inclusion of a closed subset. If I ullet is a K-injective complex of O X -modules, then H Z( I ullet) is K-injective complex of O X| Z -modules.",lexical_candidate_only
support,163,label;section,0A3A,cohomology-lemma-sections-with-support-acyclic,cohomology.tex,3840,lemma,Cohomology with support in a closed subset,egin lemma Let i : Z o X be the inclusion of a closed subset. Let I be an injective abelian sheaf on X . Then H Z( I ) is an injective abelian sheaf on Z .,lexical_candidate_only
support,163,label;section,0G71,cohomology-lemma-triangle-sections-with-support,cohomology.tex,8626,lemma,"Cohomology with support in a closed subset, II","egin lemma Let (X, O X) be a ringed space. Let i : Z o X be the inclusion of a closed subset. Let U = X Z . There is a distinguished triangle R Z(X, K) o R (X, K) o R (U, K) o R Z(X, K)[1] in D( O X(X)) functorial for K in D( O X) .",lexical_candidate_only
support,163,label;section,0G72,cohomology-lemma-triangle-sections-with-support-sheaves,cohomology.tex,8657,lemma,"Cohomology with support in a closed subset, II","egin lemma Let (X, O X) be a ringed space. Let i : Z o X be the inclusion of a closed subset. Denote j : U = X Z o X the inclusion of the complement. There is a distinguished triangle i *R H Z(K) o K o Rj *(K| U) o i *R H Z(K)[1] in D( O X) functorial for K in D( O X) .",lexical_candidate_only
support,163,label;section,0G75,cohomology-remark-support-cup-product,cohomology.tex,8760,remark,"Cohomology with support in a closed subset, II","egin remark Let (X, O X) be a ringed space. Let i : Z o X be the inclusion of a closed subset. Given K and M in D( O X) there is a canonical map K| Z O X| Z L R H Z(M) R H Z(K O X L M) in D( O X| Z) . Here K| Z = i -1 K is the restriction of K to Z viewed as an object of D( O X| ",lexical_candidate_only
support,163,label;section,0G78,cohomology-remark-support-functorial,cohomology.tex,8851,remark,"Cohomology with support in a closed subset, II","egin remark Let f : (X', O X' ) o (X, O X) be a morphism of ringed spaces. Let Z X be a closed subset and Z' = f -1 (Z) . Denote f| Z' : (Z', O X' | Z' ) o (Z, O X|Z) be the induced morphism of ringed spaces. For any K in D( O X) there is a canonical map L(f| Z' ) *R H Z(K) R H Z",lexical_candidate_only
support,163,label;section,0G52,duality-lemma-compactly-supported-triangle,duality.tex,8679,lemma,Compactly supported cohomology for coherent modules,egin lemma In Situation ef situation-shriek let f : X o Y be a morphism of extit FTS S . Let K o L o M o K[1] be a distinguished triangle of D b extit Coh ( O X) . Then there exists an inverse system of distinguished triangles K n o L n o M n o K n[1] in D b extit Coh ( O Y) such,lexical_candidate_only
support,163,label;section,0G5A,duality-lemma-duality-compact-support,duality.tex,9034,lemma,Duality for compactly supported cohomology,"egin lemma Let p : U o (k) be separated of finite type where k is a field. Let U/k ullet = p ! O (k) . There are canonical isomorphisms om k(H i(U, K), k) = H -i c(U, R O U (K, U/k ullet)) of topological k -vector spaces functorial for K in D b extit Coh ( O U) .",lexical_candidate_only
support,163,label;section,0G5C,duality-lemma-h0-compactly-supported,duality.tex,9194,lemma,Duality for compactly supported cohomology,"egin lemma Let X be a proper scheme over a field k . Let K D b extit Coh ( O X) with H i(K) = 0 for i < 0 . Set F = H 0(K) . Let Z X be closed with complement U = X U . Then H 0 c(U, K| U) H 0(X, F ) is given by those global sections of F which vanish in an open neighbourhood of ",lexical_candidate_only
invertible,93,section;text,0FU8,derham-section-line-bundle,derham.tex,1033,section,de Rham cohomology of a line bundle,"de Rham cohomology of a line bundle A line bundle is a special case of a vector bundle, which in turn is a cone endowed with some extra structure. To intelligently talk about the de Rham complex of",lexical_candidate_only
invertible,92,section;text,02ST,chow-lemma-equal-c1-as-cycles,chow.tex,4590,lemma,Intersecting with an invertible sheaf and push and pull,"egin lemma Let (S, elta) be as in Situation ef situation-setup . Let X , Y be locally of finite type over S . Let f : X o Y be a proper morphism. Let L be an invertible sheaf on Y . Let s be a nonzero meromorphic section s of L on Y . Assume X , Y integral, f dominant, and im elt",lexical_candidate_only
invertible,92,section;text,02SS,chow-lemma-flat-pullback-cap-c1,chow.tex,4533,lemma,Intersecting with an invertible sheaf and push and pull,"egin lemma Let (S, elta) be as in Situation ef situation-setup . Let X , Y be locally of finite type over S . Let f : X o Y be a flat morphism of relative dimension r . Let L be an invertible sheaf on Y . Let be a k -cycle on Y . Then f *(c 1( L ) ap ) = c 1(f * L ) ap f * in k +",lexical_candidate_only
invertible,92,section;text,0EPJ,chow-lemma-prepare-flat-pullback-cap-c1,chow.tex,4484,lemma,Intersecting with an invertible sheaf and push and pull,"egin lemma Let (S, elta) be as in Situation ef situation-setup . Let X , Y be locally of finite type over S . Let f : X o Y be a flat morphism of relative dimension r . Let L be an invertible sheaf on Y . Assume Y is integral and n = im elta(Y) . Let s be a nonzero meromorphic se",lexical_candidate_only
invertible,92,section;text,02SU,chow-lemma-pushforward-cap-c1,chow.tex,4631,lemma,Intersecting with an invertible sheaf and push and pull,"egin lemma Let (S, elta) be as in Situation ef situation-setup . Let X , Y be locally of finite type over S . Let p : X o Y be a proper morphism. Let Z k + 1 (X) . Let L be an invertible sheaf on Y . Then p *(c 1(p * L ) ap ) = c 1( L ) ap p * in k(Y) .",lexical_candidate_only
invertible,92,section;text,02TG,chow-section-commutativity,chow.tex,4915,section,Intersecting with an invertible sheaf and rational equivalence,"Intersecting with an invertible sheaf and rational equivalence Applying the key lemma we obtain the fundamental properties of intersecting with invertible sheaves. In particular, we will see that c 1( L ) ap -",lexical_candidate_only
invertible,92,section;text,02SI,chow-section-divisor-invertible-sheaf,chow.tex,4141,section,The divisor associated to an invertible sheaf,"The divisor associated to an invertible sheaf The following definition is the analogue of Divisors, Definition ef divisors-definition-divisor-invertible-sheaf in our current setup. egin de",lexical_candidate_only
invertible,92,section;text,02SN,chow-section-intersecting-with-divisors,chow.tex,4278,section,Intersecting with an invertible sheaf,"Intersecting with an invertible sheaf In this section we study the following construction. egin definition Let (S, elta) be as in Situation ef situa",lexical_candidate_only
invertible,92,section;text,0AYA,chow-section-intersecting-with-divisors-push-pull,chow.tex,4477,section,Intersecting with an invertible sheaf and push and pull,Intersecting with an invertible sheaf and push and pull In this section we prove that the operation c 1( L ) ap - commutes with flat pullback and proper pushforward. egin lemma,lexical_candidate_only
invertible,92,section;text,04V8,guide-subsection-root-stacks,guide.tex,994,subsection,Taking roots of line bundles,"Taking roots of line bundles This useful construction was discovered independently by Cadman and by Abramovich, Graber and Vistoli. Given a scheme X with an effective Cartier divisor D",lexical_candidate_only
invertible,92,section;text,0EQS,spaces-chow-lemma-equal-c1-as-cycles,spaces-chow.tex,2642,lemma,Intersecting with an invertible sheaf and push and pull,"egin lemma In Situation ef situation-setup let X, Y/B be good. Let f : X o Y be a proper morphism. Let L be an invertible sheaf on Y . Assume X , Y integral, f dominant, and im elta(X) = im elta(Y) . Let s be a nonzero meromorphic section s of L on Y . Then f * (ext div f * L (f ",lexical_candidate_only
invertible,92,section;text,0EQR,spaces-chow-lemma-flat-pullback-cap-c1,spaces-chow.tex,2586,lemma,Intersecting with an invertible sheaf and push and pull,"egin lemma In Situation ef situation-setup let X, Y/B be good. Let f : X o Y be a flat morphism of relative dimension r . Let L be an invertible sheaf on Y . Let be a k -cycle on Y . Then f *(c 1( L ) ap ) = c 1(f * L ) ap f * in k + r - 1 (X) .",lexical_candidate_only
invertible,92,section;text,0EQQ,spaces-chow-lemma-prepare-flat-pullback-cap-c1,spaces-chow.tex,2518,lemma,Intersecting with an invertible sheaf and push and pull,"egin lemma In Situation ef situation-setup let X, Y/B be good. Let f : X o Y be a flat morphism of relative dimension r . Let L be an invertible sheaf on Y . Assume Y is integral and n = im elta(Y) . Let s be a nonzero meromorphic section of L . Then we have f *ext div L (s) = n ",lexical_candidate_only
invertible,92,section;text,0EQT,spaces-chow-lemma-pushforward-cap-c1,spaces-chow.tex,2716,lemma,Intersecting with an invertible sheaf and push and pull,"egin lemma In Situation ef situation-setup let X, Y/B be good. Let p : X o Y be a proper morphism. Let Z k + 1 (X) . Let L be an invertible sheaf on Y . Then p *(c 1(p * L ) ap ) = c 1( L ) ap p * in k(Y) .",lexical_candidate_only
invertible,92,section;text,0EQW,spaces-chow-section-commutativity,spaces-chow.tex,3076,section,Intersecting with an invertible sheaf and rational equivalence,"Intersecting with an invertible sheaf and rational equivalence This section is the analogue of Chow Homology, Section ef chow-section-commutativity . Applying the key lemma we obtain the fundamental properties of interse",lexical_candidate_only
invertible,92,section;text,0EQD,spaces-chow-section-divisor-invertible-sheaf,spaces-chow.tex,2066,section,The divisor associated to an invertible sheaf,"The divisor associated to an invertible sheaf This section is the analogue of Chow Homology, Section ef chow-section-divisor-invertible-sheaf . The following definition is the analogue of Spac",lexical_candidate_only
invertible,92,section;text,0EQI,spaces-chow-section-intersecting-with-divisors,spaces-chow.tex,2344,section,Intersecting with an invertible sheaf,"Intersecting with an invertible sheaf This section is the analogue of Chow Homology, Section ef chow-section-intersecting-with-divisors . In this section we study the following const",lexical_candidate_only
invertible,92,section;text,0EQP,spaces-chow-section-intersecting-with-divisors-push-pull,spaces-chow.tex,2509,section,Intersecting with an invertible sheaf and push and pull,"Intersecting with an invertible sheaf and push and pull This section is the analogue of Chow Homology, Section ef chow-section-intersecting-with-divisors-push-pull . In this section we prove",lexical_candidate_only
invertible,71,section,02SO,chow-definition-cap-c1,chow.tex,4284,definition,Intersecting with an invertible sheaf,"egin definition Let (S, elta) be as in Situation ef situation-setup . Let X be locally of finite type over S . Let L be an invertible O X -module. We define, for every integer k , an operation c 1( L ) ap - : Z k + 1 (X) o k(X) called intersection with the first Chern class of L ",lexical_candidate_only
invertible,71,section,02SJ,chow-definition-divisor-invertible-sheaf,chow.tex,4149,definition,The divisor associated to an invertible sheaf,"egin definition Let (S, elta) be as in Situation ef situation-setup . Let X be locally of finite type over S . Assume X is integral and n = im elta(X) . Let L be an invertible O X -module. egin enumerate For any nonzero meromorphic section s of L we define the Weil divisor associ",lexical_candidate_only
invertible,71,section,02SR,chow-equation-equal-as-cycles,chow.tex,4375,equation,Intersecting with an invertible sheaf,egin equation [Z(s)] k = n i[Z(s i)] k,lexical_candidate_only
invertible,71,section,02SP,chow-lemma-c1-cap-additive,chow.tex,4330,lemma,Intersecting with an invertible sheaf,"egin lemma Let (S, elta) be as in Situation ef situation-setup . Let X be locally of finite type over S . Let L , N be an invertible sheaves on X . Then c 1( L ) ap + c 1( N ) ap = c 1( L O X N ) ap in k(X) for every Z k + 1 (X) . Moreover, c 1( O X) ap = 0 for all .",lexical_candidate_only
invertible,71,section,02TJ,chow-lemma-cap-commutative,chow.tex,5007,lemma,Intersecting with an invertible sheaf and rational equivalence,"egin lemma Let (S, elta) be as in Situation ef situation-setup . Let X be locally of finite type over S . Let L , N be invertible on X . For any k + 2 (X) we have c 1( L ) ap c 1( N ) ap = c 1( N ) ap c 1( L ) ap as elements of k(X) .",lexical_candidate_only
invertible,71,section,02TH,chow-lemma-commutativity-on-integral,chow.tex,4924,lemma,Intersecting with an invertible sheaf and rational equivalence,"egin lemma Let (S, elta) be as in Situation ef situation-setup . Let X be locally of finite type over S . Assume X integral and im elta(X) = n . Let L , N be invertible on X . Choose a nonzero meromorphic section s of L and a nonzero meromorphic section t of N . Set = ext div L (",lexical_candidate_only
invertible,71,section,02SK,chow-lemma-compute-c1,chow.tex,4198,lemma,The divisor associated to an invertible sheaf,"egin lemma Let (S, elta) be as in Situation ef situation-setup . Let X be locally of finite type over S . Assume X is integral and n = im elta(X) . Let L be an invertible O X -module. Let s (X, L ) be a nonzero global section. Then ext div L (s) = [Z(s)] n - 1 in Z n - 1 (X) and ",lexical_candidate_only
invertible,71,section,02TI,chow-lemma-factors,chow.tex,4948,lemma,Intersecting with an invertible sheaf and rational equivalence,"egin lemma Let (S, elta) be as in Situation ef situation-setup . Let X be locally of finite type over S . Let L be invertible on X . The operation c 1( L ) ap factors through rational equivalence to give an operation c 1( L ) ap - : k + 1 (X) o k(X)",lexical_candidate_only
invertible,71,section,02SM,chow-lemma-flat-pullback-divisor-invertible-sheaf,chow.tex,4237,lemma,The divisor associated to an invertible sheaf,"egin lemma Let (S, elta) be as in Situation ef situation-setup . Let X , Y be locally of finite type over S . Assume X , Y are integral and n = im elta(Y) . Let L be an invertible O Y -module. Let f : X o Y be a flat morphism of relative dimension r . Then f *(c 1( L ) ap [Y]) = ",lexical_candidate_only
invertible,71,section,02SQ,chow-lemma-geometric-cap,chow.tex,4432,lemma,Intersecting with an invertible sheaf,"egin lemma Let (S, elta) be as in Situation ef situation-setup . Let X be locally of finite type over S . Let L be an invertible O X -module. Let Y X be a closed subscheme. Let s (Y, L | Y) . Assume egin enumerate im elta(Y) k + 1 , im elta(Z(s)) k , and for every generic point o",lexical_candidate_only
invertible,71,section,0EPI,chow-lemma-prepare-geometric-cap,chow.tex,4358,lemma,Intersecting with an invertible sheaf,"egin lemma Let (S, elta) be as in Situation ef situation-setup . Let Y be locally of finite type over S . Let L be an invertible O Y -module. Let s (Y, L ) . Assume egin enumerate im elta(Y) k + 1 , im elta(Z(s)) k , and for every generic point of an irreducible component of Z(s)",lexical_candidate_only
invertible,71,section,0FUJ,derham-example-affine-line,derham.tex,1335,example,de Rham cohomology of a line bundle,"egin example Lemma ef lemma-line-bundle-characteristic-zero is false in positive characteristic. The de Rham complex of A 1 k = (k[x]) over a field k looks like a direct sum k igoplus n 1 (k dot t n n k dot t n - 1 ext d t) Hence if the characteristic of k is p > 0 , then we see ",lexical_candidate_only
invertible,71,section,0FUI,derham-lemma-line-bundle-characteristic-zero,derham.tex,1311,lemma,de Rham cohomology of a line bundle,"egin lemma In the situation above, assume there is a morphism S o ( Q ) . Then ullet X/S o * ullet L/S is a quasi-isomorphism and H dR *(X/S) = H dR *(L/S) .",lexical_candidate_only
invertible,71,section,0FUH,derham-lemma-push-omega-a,derham.tex,1292,lemma,de Rham cohomology of a line bundle,"egin lemma With notation as above we have egin enumerate p L /S, n = p L /S, 0 O X L n for all n Z as quasi-coherent O X -modules, ullet X/S = ullet L/X, 0 as complexes, and for n > 0 and p 0 we have p L/X, n = p L /S, n .",lexical_candidate_only
invertible,71,section,0FUF,derham-lemma-the-complex-for-L-star,derham.tex,1131,lemma,de Rham cohomology of a line bundle,"egin lemma With notation as above, there is a short exact sequence of complexes 0 o ullet X/S o ullet L /S, 0 o ullet X/S [-1] o 0",lexical_candidate_only
invertible,71,section,0FUG,derham-lemma-the-complex-for-L-star-gives-chern-class,derham.tex,1205,lemma,de Rham cohomology of a line bundle,"egin lemma The ``boundary'' map elta : ullet X/S o ullet X/S [2] in D(X, f -1 O S) coming from the short exact sequence in Lemma ef lemma-the-complex-for-L-star is the map of Remark ef remark-cup-product-as-a-map for = c 1 dR ( L ) .",lexical_candidate_only
invertible,71,section,0FU9,derham-remark-de-rham-complex-graded,derham.tex,1042,remark,de Rham cohomology of a line bundle,egin remark [de Rham complex of a graded ring] Let G be an abelian monoid written additively with neutral element 0 . Let R o A be a ring map and assume A comes with a grading A = igoplus g G A g by R -modules such that R maps into A 0 and A g dot A g' A g + g' . Then the module ,lexical_candidate_only
invertible,71,section,0EQJ,spaces-chow-definition-cap-c1,spaces-chow.tex,2352,definition,Intersecting with an invertible sheaf,"egin definition In Situation ef situation-setup let X/B be good. Let L be an invertible O X -module. We define, for every integer k , an operation c 1( L ) ap - : Z k + 1 (X) o k(X) called intersection with the first Chern class of L . egin enumerate Given an integral closed subs",lexical_candidate_only
invertible,71,section,0EQE,spaces-chow-definition-divisor-invertible-sheaf,spaces-chow.tex,2077,definition,The divisor associated to an invertible sheaf,egin definition In Situation ef situation-setup let X/B be good. Assume X is integral and n = im elta(X) . Let L be an invertible O X -module. egin enumerate For any nonzero meromorphic section s of L we define the Weil divisor associated to s is the (n - 1) -cycle ext div L (s) ,lexical_candidate_only
invertible,71,section,0EQM,spaces-chow-equation-equal-as-cycles,spaces-chow.tex,2433,equation,Intersecting with an invertible sheaf,egin equation [Z(s)] k = n i[Z(s i)] k,lexical_candidate_only
invertible,71,section,0EQG,spaces-chow-lemma-Gm-torsor,spaces-chow.tex,2168,lemma,The divisor associated to an invertible sheaf,"egin lemma In Situation ef situation-setup let X/B be good. Let L be an invertible O X -module. The morphism q : T = nderline ( igoplus n Z L n ight) X has the following properties: egin enumerate q is surjective, smooth, affine, of relative dimension 1 , there is an isomorphism ",lexical_candidate_only
invertible,71,section,0EQH,spaces-chow-lemma-Gm-torsor-divisor-meromorphic-section,spaces-chow.tex,2260,lemma,The divisor associated to an invertible sheaf,egin lemma In Situation ef situation-setup let X/B be good. Let L be an invertible O X -module. Assume X is integral. Let s be a nonzero meromorphic section of L . Let q : T o X be the morphism of Lemma ef lemma-Gm-torsor . Then q *ext div L (s) = ext div T(q *(s)) where we view ,lexical_candidate_only
invertible,71,section,0EQK,spaces-chow-lemma-c1-cap-additive,spaces-chow.tex,2397,lemma,Intersecting with an invertible sheaf,"egin lemma In Situation ef situation-setup let X/B be good. Let L , N be an invertible sheaves on X . Then c 1( L ) ap + c 1( N ) ap = c 1( L O X N ) ap in k(X) for every Z k - 1 (X) . Moreover, c 1( O X) ap = 0 for all .",lexical_candidate_only
invertible,71,section,0EQZ,spaces-chow-lemma-cap-commutative,spaces-chow.tex,3167,lemma,Intersecting with an invertible sheaf and rational equivalence,"egin lemma In Situation ef situation-setup let X/B be good. Let L , N be invertible on X . For any k + 2 (X) we have c 1( L ) ap c 1( N ) ap = c 1( N ) ap c 1( L ) ap as elements of k(X) .",lexical_candidate_only
invertible,71,section,0EQX,spaces-chow-lemma-commutativity-on-integral,spaces-chow.tex,3087,lemma,Intersecting with an invertible sheaf and rational equivalence,"egin lemma In Situation ef situation-setup let X/B be good. Assume X integral and im elta(X) = n . Let L , N be invertible on X . Choose a nonzero meromorphic section s of L and a nonzero meromorphic section t of N . Set = ext div L (s) and eta = ext div N (t) . Then c 1( N ) ap ",lexical_candidate_only
invertible,71,section,0EQF,spaces-chow-lemma-compute-c1,spaces-chow.tex,2111,lemma,The divisor associated to an invertible sheaf,"egin lemma In Situation ef situation-setup let X/B be good. Assume X is integral and n = im elta(X) . Let L be an invertible O X -module. Let s (X, L ) be a nonzero global section. Then ext div L (s) = [Z(s)] n - 1 in Z n - 1 (X) and c 1( L ) ap [X] = [Z(s)] n - 1 in n - 1 (X) .",lexical_candidate_only
invertible,71,section,0EQY,spaces-chow-lemma-factors,spaces-chow.tex,3110,lemma,Intersecting with an invertible sheaf and rational equivalence,egin lemma In Situation ef situation-setup let X/B be good. Let L be invertible on X . The operation c 1( L ) ap factors through rational equivalence to give an operation c 1( L ) ap - : k + 1 (X) o k(X),lexical_candidate_only
invertible,71,section,0EQN,spaces-chow-lemma-geometric-cap,spaces-chow.tex,2470,lemma,Intersecting with an invertible sheaf,"egin lemma In Situation ef situation-setup let X/B be good. Let L be an invertible O X -module. Let Y X be a closed subscheme with im elta(Y) k + 1 and let s (Y, L | Y) be a regular section. Then c 1( L ) ap [Y] k + 1 = [Z(s)] k in k(X) .",lexical_candidate_only
invertible,71,section,0EQL,spaces-chow-lemma-prepare-geometric-cap,spaces-chow.tex,2424,lemma,Intersecting with an invertible sheaf,"egin lemma In Situation ef situation-setup let Y/B be good. Let L be an invertible O Y -module. Let s (Y, L ) be a regular section and assume im elta(Y) k + 1 . Write [Y] k + 1 = n i[Y i] where Y i Y are the irreducible components of Y of elta -dimension k + 1 . Set s i = s| Y i ",lexical_candidate_only
invertible,22,text,0BD0,divisors-lemma-norm-ample,divisors.tex,3738,lemma,Norms,egin lemma Let : X o Y be a finite morphism of schemes. Assume X has an ample invertible sheaf and there exists a norm of degree d for . Then Y has an ample invertible sheaf.,lexical_candidate_only
invertible,22,text,0AYM,divisors-lemma-quasi-projective-Noetherian-pic-effective-Cartier,divisors.tex,3216,lemma,Effective Cartier divisors on Noetherian schemes,"egin lemma egin slogan On a projective scheme, every line bundle has a regular meromorphic section. Let X be a Noetherian scheme which has an ample invertible sheaf. Then every invertible O X -module is isomorphic to O X(D - D') = O X(D) O X O X(D') -1 for some effective Cartier ",lexical_candidate_only
invertible,22,text,02AL,exercises-exercise-higher-dimension-invertible,exercises.tex,3848,exercise,Invertible sheaves,"egin exercise Higher dimensions. egin enumerate Prove that every invertible sheaf on two dimensional affine space is trivial. More precisely, let A 2 k = (k[x, y]) where k is a field. Show that every invertible sheaf on A 2 k is trivial. (Hint: One way to do this is to consider t",lexical_candidate_only
invertible,22,text,0CCJ,groupoids-lemma-descend-along-finite-quasi-projective,groupoids.tex,5383,lemma,Descending quasi-projective schemes,"egin lemma Let X o Y be a surjective finite locally free morphism. Let V be a scheme over X such that one of the following holds egin enumerate V o X is projective, V o X is quasi-projective, there exists an ample invertible sheaf on V , there exists an X -ample invertible sheaf ",lexical_candidate_only
invertible,22,text,01VN,morphisms-lemma-ample-very-ample,morphisms.tex,8998,lemma,Very ample sheaves,"egin lemma egin reference ite[II, Proposition 4.6.2] EGA Let f : X o S be a morphism of schemes. Let L be an invertible O X -module. If f is quasi-compact and L is a relatively very ample invertible sheaf, then L is a relatively ample invertible sheaf.",lexical_candidate_only
invertible,22,text,01VJ,morphisms-lemma-characterize-relatively-ample,morphisms.tex,8680,lemma,Relatively ample sheaves,"egin lemma egin reference ite[II, Proposition 4.6.3] EGA Let f : X o S be a quasi-compact morphism of schemes. Let L be an invertible sheaf on X . The following are equivalent: egin enumerate The invertible sheaf L is f -ample. There exists an open covering S = igcup V i such tha",lexical_candidate_only
invertible,22,text,01VS,morphisms-lemma-quasi-projective-finite-type-over-S,morphisms.tex,9413,lemma,Ample and very ample sheaves relative to finite type morphisms,"egin lemma Let f : X o S be a morphism of schemes. Let L be an invertible sheaf on X . Assume that egin enumerate the invertible sheaf L is ample on X , and the morphism X o S is locally of finite type. Then there exists a d 0 1 such that for every d d 0 there exist an n 0 and an",lexical_candidate_only
invertible,22,text,02NP,morphisms-lemma-very-ample-finite-type-over-affine,morphisms.tex,9280,lemma,Ample and very ample sheaves relative to finite type morphisms,"egin lemma Let f : X o S be a morphism of schemes. Let L be an invertible sheaf on X . Assume that egin enumerate the invertible sheaf L is very ample on X/S , the morphism X o S is of finite type, and S is affine. Then there exist an n 0 and an immersion i : X o P n S over S suc",lexical_candidate_only
invertible,22,text,0B9Y,pic-lemma-twist-with-general-divisor,pic.tex,1162,lemma,The Picard scheme of a curve,"egin lemma Let k be a separably closed field. Let X be a smooth projective curve of genus g over k . Let K/k be a field extension and let L be an invertible sheaf on X K . Then there exists an invertible sheaf L 0 on X such that im K H 0(X K, L O X K L 0| X K ) = 1 and im K H 1(X",lexical_candidate_only
invertible,22,text,0BDC,varieties-lemma-ample-after-field-extension,varieties.tex,2740,lemma,Change of fields and ample invertible sheaves,"egin lemma Let k be a field. Let X be a scheme over k . If there exists an ample invertible sheaf on X K for some field extension K/k , then X has an ample invertible sheaf.",lexical_candidate_only
invertible,22,text,09NC,varieties-lemma-enough-globally-generated-ample,varieties.tex,7894,lemma,One dimensional Noetherian schemes,"egin lemma Let X be a quasi-compact scheme. If for every x X there exists a pair ( L , s) consisting of a globally generated invertible sheaf L and a global section s such that x X s and X s is affine, then X has an ample invertible sheaf.",lexical_candidate_only
invertible,22,text,09NE,varieties-lemma-glue-invertible-sheaves,varieties.tex,7990,lemma,One dimensional Noetherian schemes,"egin lemma Let X be a scheme. Let Z 1, , Z n X be closed subschemes. Let L i be an invertible sheaf on Z i . Assume that egin enumerate X is reduced, X = igcup Z i set theoretically, and Z i ap Z j is a discrete topological space for i = j . Then there exists an invertible sheaf ",lexical_candidate_only
invertible,21,text,02T8,chow-definition-gysin-homomorphism,chow.tex,5069,definition,Gysin homomorphisms,"egin definition Let (S, elta) be as in Situation ef situation-setup . Let X be locally of finite type over S . Let ( L , s) be a pair consisting of an invertible sheaf and a global section s (X, L ) . Let D = Z(s) be the zero scheme of s , and denote i : D o X the closed immersio",lexical_candidate_only
invertible,21,text,02UH,chow-lemma-additivity-invertible-subsheaf,chow.tex,7925,lemma,Additivity of Chern classes,"egin lemma Let (S, elta) be as in Situation ef situation-setup . Let X be locally of finite type over S . Let E , F be finite locally free sheaves on X of ranks r , r - 1 which fit into a short exact sequence 0 o L o E o F o 0 where L is an invertible sheaf. Then c( E ) = c( L ) ",lexical_candidate_only
invertible,21,text,02UD,chow-lemma-chern-classes-E-tensor-L,chow.tex,7755,lemma,Polynomial relations among Chern classes,"egin lemma Let (S, elta) be as in Situation ef situation-setup . Let X be locally of finite type over S . Let E be a finite locally free sheaf of rank r on X . Let L be an invertible sheaf on X . Then we have egin equation c i( E L ) = j = 0 i inom r - i + j j c i - j ( E ) c 1( ",lexical_candidate_only
invertible,21,text,0FDX,chow-lemma-vanish-above-dimension,chow.tex,6374,lemma,Chow cohomology and the first Chern class,"egin lemma Let (S, elta) be as in Situation ef situation-setup . Let X be a finite type scheme over S which has an ample invertible sheaf. Assume d = im(X) < (here we really mean dimension and not elta -dimension). Then for any invertible sheaves L 1, , L d + 1 on X we have c 1( ",lexical_candidate_only
invertible,21,text,02T7,chow-section-intersecting-effective-Cartier,chow.tex,5044,section,Gysin homomorphisms,Gysin homomorphisms In this section we define the Gysin map for the zero locus D of a section of an invertible sheaf. An interesting case occurs when D is an,lexical_candidate_only
invertible,21,text,02SV,chow-subsection-cartier-coherent,chow.tex,18585,subsection,Cartier divisors and K-groups,Cartier divisors and K-groups In this section we describe how the intersection with the first Chern class of an invertible sheaf L corresponds to tensoring with,lexical_candidate_only
invertible,21,text,09MS,coherent-lemma-ample-on-reduction,coherent.tex,4740,lemma,Ample invertible sheaves and cohomology,"egin lemma Let i : Z o X be a closed immersion of Noetherian schemes inducing a homeomorphism of underlying topological spaces. Let L be an invertible sheaf on X . Then i * L is ample on Z , if and only if L is ample on X .",lexical_candidate_only
invertible,21,text,0B5T,coherent-lemma-coherent-proper-ample,coherent.tex,4332,lemma,Higher direct images along projective morphisms,"egin lemma Let R be a Noetherian ring. Let X o (R) be a proper morphism. Let L be an ample invertible sheaf on X . Let F be a coherent O X -module. egin enumerate The graded ring A = igoplus d 0 H 0(X, L d ) is a finitely generated R -algebra. There exists an r 0 and d 1, , d r Z",lexical_candidate_only
invertible,21,text,09MR,coherent-lemma-invert-s-cohomology,coherent.tex,4651,lemma,Ample invertible sheaves and cohomology,"egin lemma Let X be a scheme. Let L be an invertible sheaf on X . Let s (X, L ) . Let F be a quasi-coherent O X -module. If X is quasi-compact and quasi-separated, the canonical map H p *(X, L , F ) (s) H p(X s, F ) which maps /s n to s -n is an isomorphism.",lexical_candidate_only
invertible,21,text,02O1,coherent-lemma-kill-by-twisting,coherent.tex,4430,lemma,Higher direct images along projective morphisms,"egin lemma Let f : X o S be a morphism of schemes. Let F be a quasi-coherent O X -module. Let L be an invertible sheaf on X . Assume that egin enumerate S is Noetherian, f is proper, F is coherent, and L is relatively ample on X/S . Then there exists an n 0 such that for all n n ",lexical_candidate_only
invertible,21,text,0884,coherent-lemma-vanishing-projective,coherent.tex,6789,lemma,"Grothendieck's existence theorem, I","egin lemma Let A be Noetherian ring and I A an ideal. Let f : X o (A) be a proper morphism and let L be an f -ample invertible sheaf. Let I = I O X . Let ( F n) be an object of extit Coh (X, I ) . Then there exists an integer d 0 such that H 1(X, ( F n + 1 o F n) L d ) = 0 for al",lexical_candidate_only
invertible,21,text,01N8,constructions-lemma-converse-construction,constructions.tex,2449,lemma,Morphisms into Proj,"egin lemma Let S be a graded ring, and X = ext Proj (S) . Let d 1 and U d X as above. Let Y be a scheme. Let L be an invertible sheaf on Y . Let : S (d) o *(Y, L ) be a graded ring homomorphism such that L is generated by the sections in the image of | S d : S d o (Y, L ) . Then ",lexical_candidate_only
invertible,21,text,0B3B,constructions-lemma-globally-generated-omega-twist-1,constructions.tex,3154,lemma,Projective space,"egin lemma Let X be a scheme. Let L be an invertible sheaf and let s 0, , s n be global sections of L which generate it. Let F be the kernel of the induced map O X n + 1 o L . Then F L is globally generated.",lexical_candidate_only
invertible,21,text,01NJ,constructions-section-invertible-proj,constructions.tex,3206,section,Invertible sheaves and morphisms into Proj,"Invertible sheaves and morphisms into Proj Let T be a scheme and let L be an invertible sheaf on T . For a section s (T, L ) we denote T s the open subset of poin",lexical_candidate_only
invertible,21,text,01WX,divisors-definition-invertible-sheaf-effective-Cartier-divisor,divisors.tex,2660,definition,Effective Cartier divisors and invertible sheaves,"egin definition Let S be a scheme. Let D S be an effective Cartier divisor with ideal sheaf I D . egin enumerate The invertible sheaf O S(D) associated to D is defined by O S(D) = O S ( I D, O S) = I D -1 . The canonical section , usually denoted 1 or 1 D , is the global section ",lexical_candidate_only
invertible,21,text,01WY,divisors-definition-regular-section,divisors.tex,2778,definition,Effective Cartier divisors and invertible sheaves,"egin definition Let (X, O X) be a locally ringed space. Let L be an invertible sheaf on X . A global section s (X, L ) is called a regular section if the map O X o L , f fs is injective.",lexical_candidate_only
invertible,21,text,02OQ,divisors-definition-zero-scheme-s,divisors.tex,2818,definition,Effective Cartier divisors and invertible sheaves,"egin definition Let X be a scheme. Let L be an invertible sheaf. Let s (X, L ) be a global section. The zero scheme of s is the closed subscheme Z(s) X defined by the quasi-coherent sheaf of ideals I O X which is the image of the map s : L -1 o O X .",lexical_candidate_only
invertible,21,text,02NS,divisors-lemma-blowing-up-projective,divisors.tex,8693,lemma,Blowing up,"egin lemma Let X be a scheme. Let I O X be a quasi-coherent sheaf of ideals. Let b : X' o X be the blowing up of X in the ideal sheaf I . If I is of finite type, then egin enumerate b : X' o X is a projective morphism, and O X' (1) is a b -relatively ample invertible sheaf.",lexical_candidate_only
invertible,21,text,02OR,divisors-lemma-zero-scheme,divisors.tex,2828,lemma,Effective Cartier divisors and invertible sheaves,"egin lemma Let X be a scheme. Let L be an invertible sheaf. Let s (X, L ) . egin enumerate Consider closed immersions i : Z o X such that i *s (Z, i * L ) is zero ordered by inclusion. The zero scheme Z(s) is the maximal element of this ordered set. For any morphism of schemes f ",lexical_candidate_only
invertible,21,text,0A2K,etale-cohomology-lemma-end-unique-up-to-invertible,etale-cohomology.tex,9484,lemma,The Brauer group of a scheme,"egin lemma Let S be a scheme. Let F and G be finite locally free sheaves of O S -modules of positive rank. If there exists an isomorphism O S ( F , F ) ong O S ( G , G ) of O S -algebras, then there exists an invertible sheaf L on S such that F O S L ong G and such that this isom",lexical_candidate_only
invertible,21,text,02AG,exercises-definition-invertible-module,exercises.tex,3806,definition,Invertible sheaves,egin definition Let R be a ring. An invertible module M is an R -module M such that M is an invertible sheaf on the spectrum of R . We say M is trivial if M ong R as an R -module.,lexical_candidate_only
hilbert,96,section;text,0DCF,exercises-exercise-hilbert-pol-easy,exercises.tex,4369,exercise,Cohomology and Hilbert polynomials,"egin exercise In Situation ef situation-hilbert-polynomial . egin enumerate If P(t) is the Hilbert polynomial of F , what is the Hilbert polynomial of F (-13) . If P i is the Hilbert polynomial of F i , what is the Hilbert polynomial of F 1 F 2 . If P i is the Hilbert polynomial ",lexical_candidate_only
hilbert,92,section;text,0DCI,exercises-exercise-bound-genus-in-degree,exercises.tex,4398,exercise,Cohomology and Hilbert polynomials,"egin exercise In Situation ef situation-hilbert-polynomial assume n 2 and k algebraically closed. Let C X be an integral closed subscheme of dimension 1 . In other words, C is a projective curve. Let d t + e be the Hilbert polynomial of O C viewed as a coherent sheaf on X . egin ",lexical_candidate_only
hilbert,92,section;text,0DCG,exercises-exercise-find-given-hilbert-pol-dim-1,exercises.tex,4384,exercise,Cohomology and Hilbert polynomials,egin exercise In Situation ef situation-hilbert-polynomial assume n 1 . Find a coherent sheaf whose Hilbert polynomial is t - 101 .,lexical_candidate_only
hilbert,92,section;text,0DCH,exercises-exercise-find-given-hilbert-pol-dim-2,exercises.tex,4390,exercise,Cohomology and Hilbert polynomials,egin exercise In Situation ef situation-hilbert-polynomial assume n 2 . Find a coherent sheaf whose Hilbert polynomial is t 2/2 + t/2 - 1 . (This is a bit tricky; it suffices if you just show there is such a coherent sheaf.),lexical_candidate_only
hilbert,92,section;text,0DCJ,exercises-exercise-three-quadrics-in-plane,exercises.tex,4430,exercise,Cohomology and Hilbert polynomials,"egin exercise In Situation ef situation-hilbert-polynomial assume n = 2 . Let s 1, s 2, s 3 (X, O X(2)) be three quadric equations. Consider the coherent sheaf F = ( O X(-2) 3 s 1, s 2, s 3 O Xight) List the possible Hilbert polynomials of such F . (Try to visualize intersections",lexical_candidate_only
hilbert,92,section;text,0DCD,exercises-section-cohomology-hilbert-polynomials,exercises.tex,4345,section,Cohomology and Hilbert polynomials,Cohomology and Hilbert polynomials egin situation Let k be a field. Let X = P n k be n -dimensional projective space. Let F,lexical_candidate_only
hilbert,92,section;text,0DCE,exercises-situation-hilbert-polynomial,exercises.tex,4348,situation,Cohomology and Hilbert polynomials,"egin situation Let k be a field. Let X = P n k be n -dimensional projective space. Let F be a coherent O X -module. Recall that hi(X, F ) = i = 0 n (-1) i im k H i(X, F ) Recall that the Hilbert polynomial of F is the function t hi(X, F (t)) We also recall that F (t) = F O X O X(",lexical_candidate_only
hilbert,92,section;text,08AD,varieties-definition-hilbert-polynomial,varieties.tex,6807,definition,Hilbert polynomials,"egin definition Let k be a field. Let n 0 . Let F be a coherent sheaf on P n k . The function d hi( P n k, F (d)) is called the Hilbert polynomial of F .",lexical_candidate_only
hilbert,92,section;text,08AE,varieties-lemma-hilbert-polynomial-H0,varieties.tex,6828,lemma,Hilbert polynomials,"egin lemma Let k be a field. Let n 0 . Let F be a coherent sheaf on P n k with Hilbert polynomial P Q [t] . Then P(d) = im k H 0( P n k, F (d)) for all d 0 .",lexical_candidate_only
hilbert,92,section;text,08A9,varieties-subsection-hilbert,varieties.tex,6763,subsection,Hilbert polynomials,Hilbert polynomials The following lemma will be made obsolete by the more general Lemma ef lemma-numerical-polynomial-from-euler . egin lemma L,lexical_candidate_only
hilbert,71,section,08AC,varieties-lemma-hilbert-polynomial,varieties.tex,6770,lemma,Hilbert polynomials,"egin lemma Let k be a field. Let n 0 . Let F be a coherent sheaf on P n k . The function d hi( P n k, F (d)) is a polynomial.",lexical_candidate_only
hilbert,21,text,09CA,algebra-definition-hilbert-polynomial,algebra.tex,14168,definition,Noetherian local rings,egin definition Let R be a Noetherian local ring. Let M be a finite R -module. The Hilbert polynomial of M over R is the element P(t) Q [t] such that P(n) = arphi M(n) for n 0 .,lexical_candidate_only
hilbert,21,text,00JV,algebra-section-noetherian-graded,algebra.tex,13775,section,Noetherian graded rings,Noetherian graded rings A bit of theory on Noetherian graded rings including some material on Hilbert polynomials. egin lemma Let S be a grade,lexical_candidate_only
hilbert,21,text,02E8,exercises-exercise-hilbert-to-compute,exercises.tex,1887,exercise,Hilbert functions,"egin exercise Let k be a field and let A = k . Let arphi(M) = im k(M) . Fix d N . Consider the graded A -algebra B = k[x, y, z]/(x d + y d + z d) , where x, y, z each have degree 1 . Compute the Hilbert function of B . Is there a Hilbert polynomial in this case?",lexical_candidate_only
hilbert,21,text,02E6,exercises-exercise-no-hilbert,exercises.tex,1871,exercise,Hilbert functions,"egin exercise Let k be a field and let A = k and B = k[x, y] with grading determined by eg(x) = 2 and eg(y) = 3 . Let arphi(M) = im k(M) . Compute the Hilbert function of B as a graded k -module. Is there a Hilbert polynomial in this case?",lexical_candidate_only
hilbert,21,text,02E7,exercises-exercise-no-hilbert-or-is-there,exercises.tex,1879,exercise,Hilbert functions,"egin exercise Let k be a field and let A = k and B = k[x, y]/(x 2, xy) with grading determined by eg(x) = 2 and eg(y) = 3 . Let arphi(M) = im k(M) . Compute the Hilbert function of B as a graded k -module. Is there a Hilbert polynomial in this case?",lexical_candidate_only
hilbert,21,text,09TX,exercises-exercise-results-fall-2013,exercises.tex,5755,exercise,"Schemes, Final Exam, Fall 2013","egin exercise [Results] State something formally equivalent to the fact discussed in the course. egin enumerate result on hilbert polynomials of graded modules. dimension of a Noetherian local ring (R, m) and igoplus n 0 m n/ m n + 1 . Riemann-Roch. Clifford's theorem. Chevalley'",lexical_candidate_only
hilbert,21,text,0EEL,exercises-exercise-results-fall-2017,exercises.tex,6179,exercise,"Commutative Algebra, Final Exam, Fall 2017","egin exercise [Theorems] Precisely but briefly state a nontrivial fact discussed in the lectures related to each item (if there is more than one then just pick one of them). egin enumerate Yoneda lemma, Mayer-Vietoris, dimension and cohomology, Hilbert polynomial, and duality for",lexical_candidate_only
hilbert,21,text,0DNF,moduli-example-hilbert-polynomial,moduli.tex,458,example,Properties of the stack of coherent sheaves,"egin example [Coherent sheaves with fixed Hilbert polynomial] Let f : X o B be as in the introduction to this section. Let L be an invertible O X -module. Let P : Z o Z be a numerical polynomial. Then we can consider the open and closed algebraic substack P X/B = P, L X/B X/B con",lexical_candidate_only
hilbert,21,text,0E96,moduli-lemma-bounded-polarized,moduli.tex,6869,lemma,Properties of the stack of polarized proper schemes,"egin lemma Let n 1 be an integer and let P be a numerical polynomial. Let T | | be a subset with the following property: for every T there exists a field k and an object (X, L ) of over k representing such that egin enumerate the Hilbert polynomial of L on X is P , and there exis",lexical_candidate_only
hilbert,21,text,0DPA,moduli-lemma-quot-Pn,moduli.tex,1249,lemma,Boundedness for Quot,"egin lemma Let n 0 , r 1 , P Q [t] . The algebraic space X = P O r P n Z / P n Z / Z parametrizing quotients of O P n Z r with Hilbert polynomial P is proper over ( Z ) .",lexical_candidate_only
hilbert,21,text,0DPB,moduli-lemma-quot-Pn-over-base,moduli.tex,1496,lemma,Boundedness for Quot,egin lemma Let B be an algebraic space. Let X = B imes P n Z . Let L be the pullback of O P n (1) to X . Let F be an O X -module of finite presentation. The algebraic space P F /X/B parametrizing quotients of F having Hilbert polynomial P with respect to L is proper over B .,lexical_candidate_only
hilbert,21,text,,moduli-proposition-hilbert-lci-tangent-smooth,moduli.tex,2531,proposition,Properties of the Hilbert functor,"egin proposition egin reference ite[Expose 221, Corollaries 5.3 and 5.4] FGA . Let S be a Noetherian scheme and let X o S be flat and quasi-projective. Fix a Hilbert polynomial P and put H = ilbfunctor P X/S . Let h H be a point with residue field k , let s S be its image, and le",lexical_candidate_only
hilbert,21,text,,moduli-proposition-quot-open-fibre-conditions,moduli.tex,2477,proposition,Properties of the Hilbert functor,"egin proposition egin reference ite[Expose 221, Section 4(b), p. 267] FGA and ite[Chapter IV, Theorems 12.2.1 and 12.2.4] EGA4 . Let S be a Noetherian scheme, let X o S be quasi-projective, let F be a coherent O X -module, and fix a Hilbert polynomial P as in Proposition ef propo",lexical_candidate_only
hilbert,21,text,,moduli-remark-picard-boundedness-history,moduli.tex,5693,remark,Boundedness of Picard components,"egin remark [The Picard boundedness problem] egin reference ite[Expose 236, Section 4, pp. 241--242] FGA . Let Xo S be projective and flat and fix a relatively ample invertible module. The Hilbert polynomial of an invertible module on a fibre is locally constant in flat families,",lexical_candidate_only
hilbert,21,text,08AG,varieties-lemma-bound-quotients-free,varieties.tex,6856,lemma,Boundedness of quotients,"egin lemma Let k be a field. Let n 0 . Let r 1 . Let P Q [t] . There exists an integer m depending on n , r , and P with the following property: if 0 o K o O r o F o 0 is a short exact sequence of coherent sheaves on P n k and F has Hilbert polynomial P , then K is m -regular.",lexical_candidate_only
hilbert,21,text,08AF,varieties-subsection-boundedness,varieties.tex,6848,subsection,Boundedness of quotients,Boundedness of quotients In this subsection we bound the regularity of quotients of a given coherent sheaf on P n in terms of the Hilbert polynomial. egin lemma,lexical_candidate_only
euler,93,section;text,0DN0,spaces-over-fields-section-euler,spaces-over-fields.tex,2731,section,Euler characteristics,Euler characteristics In this section we prove some elementary properties of Euler characteristics of coherent sheaves on algebraic spaces proper over fields. egin definition def,lexical_candidate_only
euler,93,section;text,0BEI,varieties-section-euler,varieties.tex,6154,section,Euler characteristics,Euler characteristics In this section we prove some elementary properties of Euler characteristics of coherent sheaves on schemes proper over fields. egin definition definition-e,lexical_candidate_only
euler,92,section;text,0DN1,spaces-over-fields-definition-euler-characteristic,spaces-over-fields.tex,2738,definition,Euler characteristics,"egin definition Let k be a field. Let X be a proper algebraic over k . Let F be a coherent O X -module. In this situation the Euler characteristic of F is the integer hi(X, F ) = i (-1) i im k H i(X, F ). For justification of the formula see below.",lexical_candidate_only
euler,92,section;text,0BEJ,varieties-definition-euler-characteristic,varieties.tex,6161,definition,Euler characteristics,"egin definition Let k be a field. Let X be a proper scheme over k . Let F be a coherent O X -module. In this situation the Euler characteristic of F is the integer hi(X, F ) = i (-1) i im k H i(X, F ). For justification of the formula see below.",lexical_candidate_only
euler,71,section,0DN2,spaces-over-fields-lemma-euler-characteristic-additive,spaces-over-fields.tex,2760,lemma,Euler characteristics,"egin lemma Let k be a field. Let X be a proper algebraic space over k . Let 0 o F 1 o F 2 o F 3 o 0 be a short exact sequence of coherent modules on X . Then hi(X, F 2) = hi(X, F 1) + hi(X, F 3)",lexical_candidate_only
euler,71,section,0EDD,spaces-over-fields-lemma-euler-characteristic-morphism,spaces-over-fields.tex,2785,lemma,Euler characteristics,"egin lemma Let k be a field. Let f : Y o X be a morphism of algebraic spaces proper over k . Let G be a coherent O Y -module. Then hi(Y, G ) = (-1) i hi(X, R if * G )",lexical_candidate_only
euler,71,section,0AYT,varieties-lemma-chi-tensor-finite,varieties.tex,6208,lemma,Euler characteristics,"egin lemma Let k be a field. Let X be a proper scheme over k . Let F be a coherent sheaf with im(ext Supp ( F )) 0 . Then egin enumerate F is generated by global sections, H 0(X, F ) = igoplus x ext Supp ( F ) F x , H i(X, F ) = 0 for i > 0 , hi(X, F ) = im k H 0(X, F ) , and hi(",lexical_candidate_only
euler,71,section,08AA,varieties-lemma-euler-characteristic-additive,varieties.tex,6183,lemma,Euler characteristics,"egin lemma Let k be a field. Let X be a proper scheme over k . Let 0 o F 1 o F 2 o F 3 o 0 be a short exact sequence of coherent modules on X . Then hi(X, F 2) = hi(X, F 1) + hi(X, F 3)",lexical_candidate_only
euler,71,section,08AB,varieties-lemma-euler-characteristic-extend-base-field,varieties.tex,6260,lemma,Euler characteristics,"egin lemma Let k'/k be an extension of fields. Let X be a proper scheme over k . Let F be a coherent sheaf on X . Let F ' be the pullback of F to X k' . Then hi(X, F ) = hi(X', F ') .",lexical_candidate_only
euler,71,section,0BEK,varieties-lemma-euler-characteristic-morphism,varieties.tex,6277,lemma,Euler characteristics,"egin lemma Let k be a field. Let f : Y o X be a morphism of proper schemes over k . Let G be a coherent O Y -module. Then hi(Y, G ) = (-1) i hi(X, R if * G )",lexical_candidate_only
euler,21,text,0BYG,curves-remark-genus-higher-dimension,curves.tex,2175,remark,Geometric genus,"egin remark Suppose that X is a d -dimensional proper smooth variety over an algebraically closed field k . Then the arithmetic genus is often defined as p a(X) = (-1) d(hi(X, O X) - 1) and the geometric genus as p g(X) = im k H 0(X, d X/k ) . In this situation the arithmetic gen",lexical_candidate_only
euler,21,text,0DN3,spaces-over-fields-section-num,spaces-over-fields.tex,2827,section,Numerical intersections,Numerical intersections In this section we play around with the Euler characteristic of coherent sheaves on proper algebraic spaces to obtain numerical intersection numbers for invertible modul,lexical_candidate_only
euler,21,text,0BEL,varieties-section-num,varieties.tex,10186,section,Numerical intersections,Numerical intersections In this section we play around with the Euler characteristic of coherent sheaves on proper schemes to obtain numerical intersection numbers for invertible modules. Our m,lexical_candidate_only
vanishing,186,label;section;text,0B5C,curves-section-vanishing,curves.tex,1052,section,Some vanishing results,Some vanishing results This section contains some very weak vanishing results. Please see Section ef section-more-vanishing for a few more and more interesting results. egin lemma,lexical_candidate_only
vanishing,186,label;section;text,073F,spaces-cohomology-section-vanishing-higher-direct-images,spaces-cohomology.tex,1238,section,Vanishing for higher direct images,Vanishing for higher direct images We apply the results of Section ef section-higher-vanishing to obtain vanishing of higher direct images of quasi-coherent sheaves for quasi,lexical_candidate_only
vanishing,185,label;section;text,02UU,cohomology-section-vanishing-Noetherian,cohomology.tex,3440,section,Vanishing on Noetherian topological spaces,Vanishing on Noetherian topological spaces The aim is to prove a theorem of Grothendieck namely Proposition ef proposition-vanishing-Noetherian . See ite Tohoku . egin lemma lemma-,lexical_candidate_only
vanishing,185,label;section;text,0E39,curves-section-more-vanishing,curves.tex,5285,section,More vanishing results,More vanishing results Continuation of Section ef section-vanishing . egin lemma In Situation ef situation-Cohen-Macaulay-curve ass,lexical_candidate_only
vanishing,185,label;section;text,03QN,etale-cohomology-section-vanishing-finite-morphism,etale-cohomology.tex,8200,section,Vanishing of finite higher direct images,Vanishing of finite higher direct images The next goal is to prove that the higher direct images of a finite morphism of schemes vanish. egin lemma lemma-vanishing-etale-cohomol,lexical_candidate_only
vanishing,185,label;section;text,0EB0,local-cohomology-section-Hartshorne-Lichtenbaum-vanishing,local-cohomology.tex,3350,section,Hartshorne-Lichtenbaum vanishing,"Hartshorne-Lichtenbaum vanishing This vanishing result is the local analogue of Lichtenbaum's theorem that the reader can find in Duality for Schemes, Section ef duality-s",lexical_candidate_only
vanishing,185,label;section;text,07UX,spaces-cohomology-section-vanishing,spaces-cohomology.tex,2764,section,Vanishing of cohomology,Vanishing of cohomology In this section we show that a quasi-compact and quasi-separated algebraic space is affine if it has vanishing higher cohomology for all quasi-coherent sheaves. We,lexical_candidate_only
vanishing,184,label;section;text,02MB,algebra-section-orders-of-vanishing,algebra.tex,29780,section,Orders of vanishing,"Orders of vanishing egin lemma Let R be a semi-local Noetherian ring of dimension 1 . If a, b R are nonzerodivisors then ext length R(R/(a",lexical_candidate_only
vanishing,184,label;section;text,01XE,coherent-section-vanishing,coherent.tex,273,section,Vanishing of cohomology,Vanishing of cohomology We have seen that on an affine scheme the higher cohomology groups of any quasi-coherent sheaf vanish (Lemma ef lemma-quasi-coherent-affine-cohomology-zero ). It,lexical_candidate_only
vanishing,184,label;section;text,0GY1,etale-cohomology-section-aic-vanishing,etale-cohomology.tex,14508,section,Absolutely integrally closed vanishing,"Absolutely integrally closed vanishing Recall that we say a ring R is absolutely integrally closed if every monic polynomial over R has a root in R (More on Algebra, Definition ef more-algeb",lexical_candidate_only
vanishing,184,label;section;text,0AX7,resolve-section-vanishing,resolve.tex,1358,section,Vanishing,"Vanishing In this section we will often work in the following setting. Recall that a modification is a proper birational morphism between integral schemes (Morphisms, Defini",lexical_candidate_only
vanishing,184,label;section;text,07V0,spaces-cohomology-lemma-vanishing-base-change,spaces-cohomology.tex,2824,lemma,Vanishing of cohomology,"egin lemma In Situation ef situation-vanishing . egin enumerate Given an affine morphism X' o X of algebraic spaces, we have H 1(X', F ') = 0 for every quasi-coherent O X' -module F ' . Given an A -algebra A' setting X' = X imes (A) (A') the morphism X' o X is affine and (X', O X",lexical_candidate_only
vanishing,184,label;section;text,07UZ,spaces-cohomology-lemma-vanishing-compute,spaces-cohomology.tex,2792,lemma,Vanishing of cohomology,"egin lemma In Situation ef situation-vanishing for an A -module M we have p *(M A O X) = M and (X, M A O X) = M .",lexical_candidate_only
vanishing,184,label;section;text,07V4,spaces-cohomology-lemma-vanishing-injective,spaces-cohomology.tex,2880,lemma,Vanishing of cohomology,egin lemma In Situation ef situation-vanishing the morphism p : X o (A) is universally injective.,lexical_candidate_only
vanishing,184,label;section;text,07V1,spaces-cohomology-lemma-vanishing-separate-closed,spaces-cohomology.tex,2855,lemma,Vanishing of cohomology,"egin lemma In Situation ef situation-vanishing . Let Z 0, Z 1 |X| be disjoint closed subsets. Then there exists an a A such that Z 0 V(a) and Z 1 V(a - 1) .",lexical_candidate_only
vanishing,184,label;section;text,07V5,spaces-cohomology-lemma-vanishing-separated,spaces-cohomology.tex,2915,lemma,Vanishing of cohomology,egin lemma In Situation ef situation-vanishing the morphism p : X o (A) is separated.,lexical_candidate_only
vanishing,184,label;section;text,0729,spaces-cohomology-section-higher-vanishing,spaces-cohomology.tex,1079,section,Higher vanishing for quasi-coherent sheaves,Higher vanishing for quasi-coherent sheaves In this section we show that given a quasi-compact and quasi-separated algebraic space X there exists an integer n = n(X) such that the cohomology of an,lexical_candidate_only
vanishing,184,label;section;text,0A4Q,spaces-cohomology-section-vanishing-above-dimension,spaces-cohomology.tex,1537,section,Vanishing above the dimension,"Vanishing above the dimension Let S be a scheme. Let X be a quasi-compact and quasi-separated algebraic space over S . In this case |X| is a spectral space, see Propertie",lexical_candidate_only
vanishing,163,label;section,02MI,algebra-lemma-order-vanishing-determinant,algebra.tex,29966,lemma,Orders of vanishing,"egin lemma Let R be a Noetherian local domain of dimension 1 with fraction field K . Let V be a finite dimensional K -vector space. Let arphi : V o V be a K -linear isomorphism. For any lattice M V we have d(M, arphi(M)) = ext ord R(et(arphi))",lexical_candidate_only
vanishing,163,label;section,02UX,cohomology-lemma-vanishing-generated-one-section,cohomology.tex,3531,lemma,Vanishing on Noetherian topological spaces,"egin lemma egin reference This is a special case of ite[Proposition 3.6.1] Tohoku . Let X be a topological space. Let d 0 be an integer. Assume egin enumerate X is quasi-compact, the quasi-compact opens form a basis for X , and the intersection of two quasi-compact opens is quasi",lexical_candidate_only
vanishing,163,label;section,02UZ,cohomology-proposition-vanishing-Noetherian,cohomology.tex,3666,proposition,Vanishing on Noetherian topological spaces,"egin proposition [Grothendieck] egin reference ite[Theorem 3.6.5] Tohoku . Let X be a Noetherian topological space. If im(X) d , then H p(X, F ) = 0 for all p > d and any abelian sheaf F on X .",lexical_candidate_only
vanishing,163,label;section,0B5E,curves-lemma-vanishing,curves.tex,1104,lemma,Some vanishing results,"egin lemma In Situation ef situation-Cohen-Macaulay-curve . Given an exact sequence X o F o Q o 0 of coherent O X -modules with H 1(X, Q ) = 0 (for example if im(ext Supp ( Q )) = 0 ), then either H 1(X, F ) = 0 or F = X Q .",lexical_candidate_only
vanishing,163,label;section,0E3E,curves-lemma-vanishing-on-gorenstein,curves.tex,5463,lemma,More vanishing results,"egin lemma egin reference Weak version of ite[Lemma 4] Jongmin Let k be a field. Let X be a proper scheme over k which is reduced, connected, and of dimension 1 . Let L be an invertible O X -module. Let Z X be a 0 -dimensional closed subscheme with ideal sheaf I O X . If H 1(X, I",lexical_candidate_only
vanishing,163,label;section,0B62,curves-lemma-vanishing-twist,curves.tex,1137,lemma,Some vanishing results,"egin lemma In Situation ef situation-Cohen-Macaulay-curve . Let L be an invertible O X -module which is globally generated and not isomorphic to O X . Then H 1(X, X L ) = 0 .",lexical_candidate_only
vanishing,163,label;section,03QO,etale-cohomology-lemma-vanishing-etale-cohomology-strictly-henselian,etale-cohomology.tex,8207,lemma,Vanishing of finite higher direct images,"egin lemma Let R be a strictly henselian local ring. Set S = (R) and let s be its closed point. Then the global sections functor (S, -) : extit Ab (S ) o extit Ab is exact. In fact we have (S, F ) = F s for any sheaf of sets F . In particular p 1, H p(S, F )=0 for all F extit Ab ",lexical_candidate_only
vanishing,163,label;section,0GY7,etale-cohomology-proposition-aic-vanishing,etale-cohomology.tex,14731,proposition,Absolutely integrally closed vanishing,"egin proposition Let R be an absolutely integrally closed ring. Let M be a finite abelian group. Then H i ( (R), nderline M ) = 0 for i > 0 .",lexical_candidate_only
vanishing,163,label;section,03RM,etale-cohomology-theorem-vanishing-cohomology-Gm-curve,etale-cohomology.tex,11074,theorem,Higher vanishing for the multiplicative group,"egin theorem Let X be a smooth curve over an algebraically closed field. Then H q(X, G m) = 0 \ \ ext for all q 2.",lexical_candidate_only
vanishing,163,label;section,0EB1,local-cohomology-lemma-cd-top-vanishing,local-cohomology.tex,3359,lemma,Hartshorne-Lichtenbaum vanishing,"egin lemma Let A be a Noetherian ring of dimension d . Let I I' A be ideals. If I' is contained in the Jacobson radical of A and ext cd (A, I') < d , then ext cd (A, I) < d .",lexical_candidate_only
vanishing,163,label;section,0EB2,local-cohomology-lemma-cd-top-vanishing-some-module,local-cohomology.tex,3380,lemma,Hartshorne-Lichtenbaum vanishing,"egin lemma Let A be a Noetherian ring of dimension d . Let I A be an ideal. If H d V(I) (M) = 0 for some finite A -module whose support contains all the irreducible components of dimension d , then ext cd (A, I) < d .",lexical_candidate_only
vanishing,163,label;section,0EB6,local-cohomology-proposition-Hartshorne-Lichtenbaum-vanishing,local-cohomology.tex,3505,proposition,Hartshorne-Lichtenbaum vanishing,"egin proposition egin reference ite[Theorem 3.1] CD Let A be a Noetherian local ring with completion A . Let I A be an ideal such that im V(IA + p) 1 for every minimal prime p A of dimension im(A) . Then ext cd (A, I) < im(A) .",lexical_candidate_only
vanishing,163,label;section,0AX8,resolve-situation-vanishing,resolve.tex,1367,situation,Vanishing,"egin situation Here (A, m, appa) be a local Noetherian normal domain of dimension 2 . Let s be the closed point of S = (A) and U = S \ s\ . Let f : X o S be a modification. We denote C 1, , C r the irreducible components of the special fibre X s of f .",lexical_candidate_only
vanishing,163,label;section,073H,spaces-cohomology-lemma-affine-vanishing-higher-direct-images,spaces-cohomology.tex,1305,lemma,Vanishing for higher direct images,egin lemma Let S be a scheme. Let f : X o Y be an affine morphism of algebraic spaces over S . Then R if * F = 0 for i > 0 and any quasi-coherent O X -module F .,lexical_candidate_only
vanishing,163,label;section,0A4R,spaces-cohomology-lemma-vanishing-above-dimension,spaces-cohomology.tex,1553,lemma,Vanishing above the dimension,"egin lemma Let S be a scheme. Let X be a quasi-compact and quasi-separated algebraic space over S . Assume im(X) d for some integer d . Let F be a quasi-coherent sheaf F on X . egin enumerate H q(X, F ) = 0 for q > d , H d(X, F ) o H d(U, F ) is surjective for any quasi-compact o",lexical_candidate_only
vanishing,163,label;section,073G,spaces-cohomology-lemma-vanishing-higher-direct-images,spaces-cohomology.tex,1249,lemma,Vanishing for higher direct images,"egin lemma Let S be a scheme. Let f : X o Y be a morphism of algebraic spaces over S . Assume that egin enumerate f is quasi-compact and quasi-separated, and Y is quasi-compact. Then there exists an integer n(X o Y) such that for any algebraic space Y' , any morphism Y' o Y and a",lexical_candidate_only
vanishing,163,label;section,072C,spaces-cohomology-lemma-vanishing-quasi-separated,spaces-cohomology.tex,1168,lemma,Higher vanishing for quasi-coherent sheaves,"egin lemma Let S be a scheme. Let X be an algebraic space over S . Assume X is quasi-compact and quasi-separated. Then we can choose egin enumerate an affine scheme U , a surjective etale morphism f : U o X , an integer d bounding the degrees of the fibres of U o X , for every p ",lexical_candidate_only
vanishing,163,label;section,072B,spaces-cohomology-proposition-vanishing,spaces-cohomology.tex,1116,proposition,Higher vanishing for quasi-coherent sheaves,"egin proposition Let S be a scheme. Let X be an algebraic space over S . Assume X is quasi-compact and separated. Let U be an affine scheme, and let f : U o X be a surjective etale morphism. Let d be an upper bound for the size of the fibres of |U| o |X| . Then for any quasi-cohe",lexical_candidate_only
vanishing,163,label;section,07V6,spaces-cohomology-proposition-vanishing-affine,spaces-cohomology.tex,2943,proposition,Vanishing of cohomology,"egin proposition egin slogan Serre's criterion for affineness in the setting of algebraic spaces. A quasi-compact and quasi-separated algebraic space is affine if and only if all higher cohomology groups of quasi-coherent sheaves vanish. More precisely, any algebraic space as in ",lexical_candidate_only
vanishing,163,label;section,07UY,spaces-cohomology-situation-vanishing,spaces-cohomology.tex,2774,situation,Vanishing of cohomology,"egin situation Here S is a scheme and X is a quasi-compact and quasi-separated algebraic space over S with the following property: For every quasi-coherent O X -module F we have H 1(X, F ) = 0 . We set A = (X, O X) .",lexical_candidate_only
vanishing,114,label;text,0A53,etale-cohomology-item-vanishing,etale-cohomology.tex,15335,item,Cohomology of torsion sheaves on curves,"Theorem ef theorem-vanishing-affine-curves . In Section ef section-vanishing-torsion-coefficients we will discuss constructible sheaves of torsion modules over a Noetherian ring. egin situation Here k is an algebraically closed field, X is a separated, finite type scheme of dimen",lexical_candidate_only
vanishing,114,label;text,0ENM,spaces-over-fields-lemma-order-vanishing-agrees,spaces-over-fields.tex,660,lemma,Weil divisors,"egin lemma Let S be a scheme. Let X be a locally Noetherian integral algebraic space over S . Let f R(X) * . If the prime divisor Z X meets the schematic locus of X , then the order of vanishing ext ord Z(f) of Definition ef definition-order-vanishing agrees with the order of van",lexical_candidate_only
vanishing,113,label;text,0D66,cohomology-lemma-vanishing-and-glueing,cohomology.tex,11127,lemma,Glueing complexes,"egin lemma Let f : (X, O X) o (Y, O Y) be a morphism of ringed spaces. Let B be a basis for the topology on Y . egin enumerate Assume K is in D( O X) such that for V B we have H i(f -1 (V), K) = 0 for i < 0 . Then Rf *K has vanishing cohomology sheaves in negative degrees, H i(f ",lexical_candidate_only
vanishing,113,label;text,02RJ,divisors-definition-order-vanishing,divisors.tex,6605,definition,Weil divisors,"egin definition Let X be a locally Noetherian integral scheme. Let f R(X) * . For every prime divisor Z X we define the order of vanishing of f along Z as the integer ext ord Z(f) = ext ord O X, (f) where the right hand side is the notion of Algebra, Definition ef algebra-definit",lexical_candidate_only
vanishing,113,label;text,02SF,divisors-definition-order-vanishing-meromorphic,divisors.tex,6738,definition,The Weil divisor class associated to an invertible module,"egin definition Let X be a locally Noetherian integral scheme. Let L be an invertible O X -module. Let s (X, K X( L )) be a regular meromorphic section of L . For every prime divisor Z X we define the order of vanishing of s along Z as the integer ext ord Z, L (s) = ext ord O X, ",lexical_candidate_only
vanishing,113,label;text,03SD,etale-cohomology-lemma-vanishing-easier,etale-cohomology.tex,15605,lemma,Cohomology of torsion sheaves on curves,egin lemma In Situation ef situation-what-to-prove assume X reduced. Let j : U o X an open immersion with U connected. Let be a prime number. Let G a finite locally constant sheaf of F -vector spaces on U . Let F = j ! G . Then statements (ef item-vanishing ) -- (ef item-surjecti,lexical_candidate_only
vanishing,113,label;text,03SB,etale-cohomology-section-vanishing-torsion,etale-cohomology.tex,15313,section,Cohomology of torsion sheaves on curves,"Cohomology of torsion sheaves on curves The goal of this section is to prove the basic finiteness and vanishing results for cohomology of torsion sheaves on curves, see Theorem ef theorem-vanis",lexical_candidate_only
vanishing,113,label;text,0GJB,etale-cohomology-section-vanishing-torsion-coefficients,etale-cohomology.tex,15809,section,Cohomology of torsion modules on curves,Cohomology of torsion modules on curves In this section we repeat the arguments of Section ef section-vanishing-torsion for constructible sheaves of modules over a Noetherian ring,lexical_candidate_only
vanishing,113,label;text,0CRZ,examples-lemma-nonvanishing,examples.tex,3593,lemma,Non flasque quasi-coherent sheaf associated to injective module,egin lemma There exists an affine scheme X = (A) whose underlying topological space is Noetherian and an injective A -module I such that I has nonvanishing H 1 on some quasi-compact open U of X .,lexical_candidate_only
vanishing,113,label;text,0G9S,local-cohomology-section-uniform-vanishing,local-cohomology.tex,4075,section,"A bit of uniformity, I","A bit of uniformity, I The main task of this section is to formulate and prove Lemma ef lemma-characterize-vanishing-tor-ext-above-e . egin lemma lemma-map-tor-1-zer",lexical_candidate_only
vanishing,113,label;text,,moduli-lemma-picard-H2-vanishing-smooth-neighbourhood,moduli.tex,4400,lemma,Reductions for Picard spaces,"egin lemma [Vanishing of H 2 and smoothness of the Picard scheme] egin reference ite[Expose 236, Proposition 2.10(ii), p. 236] FGA . Let S be a locally Noetherian scheme and let f:Xo S be a proper flat morphism of schemes. Suppose that the fppf Picard functor is represented by a ",lexical_candidate_only
vanishing,113,label;text,07V2,obsolete-lemma-vanishing-surjective,obsolete.tex,2370,lemma,Obsolete lemmas on algebraic spaces,"egin lemma In Cohomology of Spaces, Situation ef spaces-cohomology-situation-vanishing the morphism p : X o (A) is surjective.",lexical_candidate_only
vanishing,113,label;text,07V3,obsolete-lemma-vanishing-universally-closed,obsolete.tex,2383,lemma,Obsolete lemmas on algebraic spaces,"egin lemma In Cohomology of Spaces, Situation ef spaces-cohomology-situation-vanishing the morphism p : X o (A) is universally closed.",lexical_candidate_only
vanishing,113,label;text,0ENL,spaces-over-fields-definition-order-vanishing,spaces-over-fields.tex,621,definition,Weil divisors,"egin definition Let S be a scheme. Let X be a locally Noetherian integral algebraic space over S . Let f R(X) * . For every prime divisor Z X we define the order of vanishing of f along Z as the integer ext ord Z(f) = ext length O X, h ( O X, h/a O X, h) - ext length O X, h ( O X",lexical_candidate_only
vanishing,92,section;text,02MD,algebra-definition-ord,algebra.tex,29803,definition,Orders of vanishing,"egin definition Suppose that K is a field, and R K is a local We could also define this when R is only semi-local but this is probably never really what you want! Noetherian subring of dimension 1 with fraction field K . In this case we define the order of vanishing along R ext o",lexical_candidate_only
vanishing,92,label,01XC,coherent-lemma-relative-affine-vanishing,coherent.tex,181,lemma,Cech cohomology of quasi-coherent sheaves,egin lemma Let f : X o S be a morphism of schemes. Let F be a quasi-coherent O X -module. If f is affine then R if * F = 0 for all i > 0 .,lexical_candidate_only
vanishing,92,label,01XI,coherent-lemma-vanishing-nr-affines,coherent.tex,590,lemma,Quasi-coherence of higher direct images,"egin lemma egin slogan For schemes with affine diagonal, the cohomology of quasi-coherent modules vanishes in degrees bigger than the number of affine opens needed in a covering. Let X be a quasi-compact scheme with affine diagonal (for example if X is separated). Let t = t(X) be",lexical_candidate_only
vanishing,92,label,071L,coherent-lemma-vanishing-nr-affines-quasi-separated,coherent.tex,691,lemma,Quasi-coherence of higher direct images,"egin lemma Let X be a quasi-compact quasi-separated scheme. Let X = U 1 up up U n be an open covering with each U i quasi-compact and separated (for example affine). Set d = I \ 1, , n\ (|I| + t(igcap i I U i) - 1ight) where t(U) is the minimal number of affines needed to cover t",lexical_candidate_only
vanishing,92,label,0884,coherent-lemma-vanishing-projective,coherent.tex,6789,lemma,"Grothendieck's existence theorem, I","egin lemma Let A be Noetherian ring and I A an ideal. Let f : X o (A) be a proper morphism and let L be an f -ample invertible sheaf. Let I = I O X . Let ( F n) be an object of extit Coh (X, I ) . Then there exists an integer d 0 such that H 1(X, ( F n + 1 o F n) L d ) = 0 for al",lexical_candidate_only
vanishing,92,label,0A3F,cohomology-lemma-vanishing-for-profinite,cohomology.tex,3917,lemma,Cohomology on spectral spaces,"egin lemma Let X be a profinite topological space. Then H q(X, F ) = 0 for all q > 0 and all abelian sheaves F .",lexical_candidate_only
vanishing,92,label,0A36,cohomology-lemma-vanishing-ravi,cohomology.tex,1999,lemma,Flasque sheaves,"egin lemma Let X be a topological space. Let F be an abelian sheaf on X . Let U : U = igcup i I U i be an open covering. Assume the restriction mappings F (U) o F (U') are surjective for U' an arbitrary union of opens of the form U i 0 i p . Then heck H p( U , F ) vanishes for p ",lexical_candidate_only
vanishing,92,label,08RD,cotangent-lemma-vanishing-symmetric-powers,cotangent.tex,2065,lemma,A spectral sequence of Quillen,"egin lemma Notation and assumptions as in Cohomology on Sites, Example ef sites-cohomology-example-category-to-point . Assume C has a cosimplicial object as in Cohomology on Sites, Lemma ef sites-cohomology-lemma-compute-by-cosimplicial-resolution . Let F be a flat nderline B -mo",lexical_candidate_only
vanishing,92,label,07LA,crystalline-lemma-vanishing,crystalline.tex,3637,lemma,Cosimplicial preparations,"egin lemma With notation as in (ef equation-Dn ) and (ef equation-omega-Dn ), given any cosimplicial module M * over D(*) and i > 0 the cosimplicial module M 0 D(0) i D(0) o M 1 D(1) i D(1) o M 2 D(2) i D(2) o is homotopic to zero, where i D(n) is the p -adic completion of the i ",lexical_candidate_only
vanishing,92,label,07JJ,crystalline-lemma-vanishing-lqc,crystalline.tex,3306,lemma,General remarks on cohomology,"egin lemma In Situation ef situation-global . Let F be a locally quasi-coherent O X/S -module on ext Cris (X/S) . Then we have H p((U, T, elta), F ) = 0 for all p > 0 and all (U, T, elta) with T or U affine.",lexical_candidate_only
vanishing,92,label,07L9,crystalline-lemma-vanishing-omega-1,crystalline.tex,3591,lemma,Cosimplicial preparations,egin lemma With notation as in (ef equation-omega-Dn ) the complex D(0) o D(1) o D(2) o is homotopic to zero as a D(*) -cosimplicial module.,lexical_candidate_only
vanishing,92,label,07LN,crystalline-remark-vanishing,crystalline.tex,4298,remark,Applications,"egin remark The proof of Proposition ef proposition-compare-with-de-Rham shows that the conclusion Ru X/S, * ( F O X/S i X/S ) = 0 for i > 0 is true for any O X/S -module F which satisfies conditions (1) and (2) of Proposition ef proposition-compute-cohomology . This applies to t",lexical_candidate_only
vanishing,92,label,0D82,derived-lemma-maps-postnikov-systems-vanishing,derived.tex,12165,lemma,Postnikov systems,"egin lemma Let D be a triangulated category. Given a map (ef equation-map-complexes ) consider the condition egin equation om(X i[i - j - 1], X' j) = 0 ext for i > j + 1 Then egin enumerate If we have a Postnikov system for X' n o X' n - 1 o o X' 0 then property (ef equation-P ) ",lexical_candidate_only
vanishing,92,label,05TC,derived-lemma-negative-vanishing,derived.tex,5497,lemma,Higher derived functors,"egin lemma Let F : A o B be an additive functor between abelian categories. Let K ullet be a complex of A and a Z . egin enumerate If H i(K ullet) = 0 for all i < a and RF is defined at K ullet , then H i(RF(K ullet)) = 0 for all i < a . If RF is defined at K ullet and au a K ull",lexical_candidate_only
vanishing,92,label,064D,derived-lemma-precise-vanishing,derived.tex,6872,lemma,Projective resolutions,"egin lemma Let A be an abelian category. Let P ullet , K ullet be complexes. Let n Z . Assume that egin enumerate P ullet is a bounded complex consisting of projective objects, P i = 0 for i < n , and H i(K ullet) = 0 for i n . Then om K( A ) (P ullet, K ullet) = om D( A ) (P ull",lexical_candidate_only
vanishing,92,label,08Q2,derived-lemma-trick-vanishing-composition,derived.tex,4112,lemma,The canonical delta-functor,"egin lemma Let A be an abelian category. Let K 0 ullet o K 1 ullet o o K n ullet be maps of complexes such that egin enumerate H i(K 0 ullet) = 0 for i > 0 , H -j (K j ullet) o H -j (K j + 1 ullet) is zero. Then the composition K 0 ullet o K n ullet factors through au -n K n ulle",lexical_candidate_only
vanishing,92,label,0AWN,duality-lemma-vanishing-good-dualizing,duality.tex,5908,lemma,Dualizing modules,"egin lemma Let X/A with X ullet and X be as in Example ef example-proper-over-local . Then egin enumerate H i( X ullet) = 0 i \ -im(X), , 0\ , the dimension of the support of H i( X ullet) is at most -i , ext Supp ( X) is the union of the components of dimension im(X) , and X has",lexical_candidate_only
vanishing,92,label,0A7X,dualizing-lemma-nonvanishing-generically,dualizing.tex,3232,lemma,Dualizing complexes and dimension functions,egin lemma Let A be a Noetherian ring. Let p be a minimal prime of A . Then H i( A ullet) p is nonzero for exactly one i .,lexical_candidate_only
vanishing,92,label,0A7V,dualizing-lemma-nonvanishing-generically-local,dualizing.tex,3186,lemma,Dualizing complexes over local rings,"egin lemma Let (A, m, appa) be a Noetherian local ring with normalized dualizing complex A ullet . Let p be a minimal prime of A with im(A/ p) = e . Then H i( A ullet) p is nonzero if and only if i = -e .",lexical_candidate_only
vanishing,92,label,0E9R,dualizing-lemma-relative-dualizing-CM-vanishing,dualizing.tex,5132,lemma,Relative dualizing complexes in the Noetherian case,"egin lemma Let R o A be a finite type homomorphism of Noetherian rings. Let p R be a prime ideal. Assume egin enumerate R p is Cohen-Macaulay, and for any minimal prime q A we have ext trdeg appa(R ap q) appa( q) r . Then H i( A/R ullet) p = 0 - r i and H -r ( A/R ullet) p is (S ",lexical_candidate_only
vanishing,92,label,0E9Q,dualizing-lemma-relative-dualizing-flat-vanishing,dualizing.tex,5082,lemma,Relative dualizing complexes in the Noetherian case,"egin lemma Let R o A be a flat finite type homomorphism of Noetherian rings. Let q A be a prime ideal lying over p R . Then H i( A/R ullet) q = 0 - d i 0 where d is the dimension of the fibre of (A) o (R) over p at the point q . If all fibres of (A) o (R) have dimension d , then ",lexical_candidate_only
vanishing,92,label,0E9P,dualizing-lemma-relative-dualizing-trivial-vanishing,dualizing.tex,5040,lemma,Relative dualizing complexes in the Noetherian case,egin lemma Let R o A be a finite type homomorphism of Noetherian rings. Let q A be a prime ideal lying over p R . Then H i( A/R ullet) q = 0 - d i where d is the dimension of the fibre of (A) o (R) over p at the point q .,lexical_candidate_only
vanishing,92,label,0BUJ,dualizing-remark-vanishing-for-arbitrary-modules,dualizing.tex,3079,remark,Dualizing complexes over local rings,"egin remark Let (A, m) and A ullet be as in Lemma ef lemma-sitting-in-degrees . By More on Algebra, Lemma ef more-algebra-lemma-injective-amplitude we see that A ullet has injective-amplitude in [-d, 0] because part (3) of that lemma applies. In particular, for any A -module M (n",lexical_candidate_only
vanishing,92,label,0A54,etale-cohomology-item-vanishing-affine,etale-cohomology.tex,15338,item,Cohomology of torsion sheaves on curves,"we will discuss constructible sheaves of torsion modules over a Noetherian ring. egin situation Here k is an algebraically closed field, X is a separated, finite type scheme of dimension 1 over k , and F is a torsion abelian sheaf on X . In Situation ef situation-what-to-prove we",lexical_candidate_only
vanishing,92,label,0A55,etale-cohomology-item-vanishing-p-p,etale-cohomology.tex,15341,item,Cohomology of torsion sheaves on curves,"Here k is an algebraically closed field, X is a separated, finite type scheme of dimension 1 over k , and F is a torsion abelian sheaf on X . In Situation ef situation-what-to-prove we want to prove the following statements egin enumerate H q (X, F ) = 0 for q > 2 , H q (X, F ) =",lexical_candidate_only
vanishing,92,label,0DV7,etale-cohomology-lemma-nonvanishing-inherited,etale-cohomology.tex,10543,lemma,Galois cohomology,egin lemma Let be a prime number and n an integer > 0 . Let S be a quasi-compact and quasi-separated scheme. Let X = i I X i be the limit of a directed system of S -schemes each X i o S being finite etale of constant degree relatively prime to . The following are equivalent: egin,lexical_candidate_only
vanishing,92,label,0A3K,etale-cohomology-lemma-vanishing-affine-char-p-p,etale-cohomology.tex,9612,lemma,The Artin-Schreier sequence,"egin lemma Let p be a prime. Let S be a scheme of characteristic p . egin enumerate If S is affine, then H q(S, nderline Z /p Z ) = 0 for all q 2 . If S is a quasi-compact and quasi-separated scheme of dimension d , then H q(S, nderline Z /p Z ) = 0 for all q 2 + d .",lexical_candidate_only
vanishing,92,label,0F1G,etale-cohomology-lemma-vanishing-closed-points,etale-cohomology.tex,20370,lemma,Kunneth in etale cohomology,"egin lemma Let K be a separably closed field. Let X be a scheme of finite type over K . Let Q D(X ) . Assume that Q x is nonzero only if x is a closed point of X . Then Q = 0 H i(X, Q) = 0 ext for all i",lexical_candidate_only
vanishing,92,label,03RR,etale-cohomology-lemma-vanishing-cohomology-mu-smooth-curve,etale-cohomology.tex,11246,lemma,Picard groups of curves,"egin lemma Let X be an affine smooth curve over an algebraically closed field k and n k * . Let X X be a smooth projective compactification (Varieties, Remark ef varieties-remark-smooth-projective-compactification ). Let g be the genus of X and let r be the number of points of X ",lexical_candidate_only
vanishing,92,label,0GJH,etale-cohomology-lemma-vanishing-easier-coefficients,etale-cohomology.tex,16011,lemma,Cohomology of torsion modules on curves,"egin lemma Let be a Noetherian ring, let k be an algebraically closed field, let X be a separated, finite type scheme of dimension 1 over k , let j : U o X be an open immersion with U connected, let be a prime number, let n > 0 , and let G be a finite type, locally constant sheaf",lexical_candidate_only
vanishing,92,label,0A51,etale-cohomology-lemma-vanishing-restriction-injective,etale-cohomology.tex,15259,lemma,Affine analog of proper base change,"egin lemma Let X be a scheme with affine diagonal which can be covered by n + 1 affine opens. Let Z X be a closed subscheme. Let A be a torsion sheaf of rings on X and let I be an injective sheaf of A -modules on X . Then H q (Z, I | Z) = 0 for q > n .",lexical_candidate_only
vanishing,92,label,0A3N,etale-cohomology-lemma-vanishing-variety-char-p-p,etale-cohomology.tex,9838,lemma,The Artin-Schreier sequence,"egin lemma Let X be separated of finite type over an algebraically closed field k of characteristic p > 0 . Then H q(X, nderline Z /p Z ) = 0 for q dim(X) + 1 .",lexical_candidate_only
vanishing,92,section;text,03RH,etale-cohomology-section-higher-Gm,etale-cohomology.tex,10935,section,Higher vanishing for the multiplicative group,"Higher vanishing for the multiplicative group In this section, we fix an algebraically closed field k and a smooth curve X over k . We denote i x : x X the inclusion of a closed point of",lexical_candidate_only
vanishing,92,label,03SC,etale-cohomology-theorem-vanishing-affine-curves,etale-cohomology.tex,15656,theorem,Cohomology of torsion sheaves on curves,"egin theorem If k is an algebraically closed field, X is a separated, finite type scheme of dimension 1 over k , and F is a torsion abelian sheaf on X , then egin enumerate H q (X, F ) = 0 for q > 2 , H q (X, F ) = 0 for q > 1 if X is affine, H q (X, F ) = 0 for q > 1 if p = ext ",lexical_candidate_only
vanishing,92,label,0GJI,etale-cohomology-theorem-vanishing-affine-curves-coefficients,etale-cohomology.tex,16062,theorem,Cohomology of torsion modules on curves,"egin theorem Let be a Noetherian ring, let k be an algebraically closed field, let X be a separated, finite type scheme of dimension 1 over k , and let F be a constructible sheaf of -modules on X which is torsion. Then egin enumerate H q (X, F ) is a finite -module if F is torsio",lexical_candidate_only
vanishing,92,label,03RT,etale-cohomology-theorem-vanishing-curves,etale-cohomology.tex,15740,theorem,Cohomology of torsion sheaves on curves,"egin theorem Let X be a finite type, dimension 1 scheme over an algebraically closed field k . Let F be a torsion sheaf on X . Then H q(X, F ) = 0, q 3. If X affine then also H 2(X, F ) = 0 .",lexical_candidate_only
vanishing,92,label,0DEL,formal-spaces-lemma-higher-vanishing-structure-sheaf,formal-spaces.tex,7548,lemma,The structure sheaf,"egin lemma If X is a countably indexed affine formal algebraic space, then we have H n(X , O X) = 0 for n > 0 .",lexical_candidate_only
vanishing,92,label,0G9V,local-cohomology-lemma-characterize-vanishing-tor-ext-above-e,local-cohomology.tex,4123,lemma,"A bit of uniformity, I",egin lemma Let R be a ring. Let : M o M' be a map of R -modules. Let P ullet o M and P' ullet o M' be resolutions by projective R -modules. Let e 0 be an integer. Consider the following conditions egin enumerate We can find a map of complexes a ullet : P ullet o P' ullet inducing,lexical_candidate_only
vanishing,92,label,0GAA,local-cohomology-lemma-vanishing-coh-almost-projective,local-cohomology.tex,4928,lemma,"A bit of uniformity, III","egin lemma With q 0 = q(S) and d = d(S) as above, suppose we have integers n c 0 , an (A, n, c) -module M , an index i \ 0, 1, , d\ , and an integer q . Then we distinguish the following cases egin enumerate In the case i = d 1 and q q 0 we have H d(X, p *M(q)) = 0 . In the case ",lexical_candidate_only
vanishing,92,label,0G9W,local-cohomology-section-uniform-vanishing-bis,local-cohomology.tex,4270,section,"A bit of uniformity, II","A bit of uniformity, II Let I be an ideal of a Noetherian ring A . Let M be a finite A -module. Let i > 0 . By More on Algebra, Lemma ef more-algebra-lemma-tor-strict",lexical_candidate_only
vanishing,92,label,0G1T,more-algebra-lemma-derived-vanishing-mod-I,more-algebra.tex,24155,lemma,Torsion modules,"egin lemma Let R be a ring. Let I R be an ideal. Let K be an object of D(R) such that K R L R/I = 0 in D(R) . Then egin enumerate K R L R/I n = 0 for all n 1 , K R L N = 0 for any I -power torsion R -module N , K R L M = 0 for any M D b(R) whose cohomology modules are I -power to",lexical_candidate_only
vanishing,92,label,0F7Z,more-algebra-lemma-eta-vanishing-beta,more-algebra.tex,27807,lemma,An operator introduced by Berthelot and Ogus,"egin lemma Let A be a ring and let f A be a nonzerodivisor. Let M ullet be a complex of f -torsion free A -modules. If (d i mod f 2) surjects onto (d i mod f) , then the canonical map (1, d i) : ( fM) i / f( fM) i f iM i/f i + 1 M i f i + 1 M i + 1 /f i + 2 M i + 1 identifies the",lexical_candidate_only
vanishing,92,label,0F81,more-algebra-lemma-eta-vanishing-beta-plus,more-algebra.tex,28198,lemma,Perfect complexes and the eta operator,"egin lemma Let A be a ring and let f A be a nonzerodivisor. Let M ullet be a bounded complex of finite free A -modules. Assume I i(M ullet, f) is a principal ideal for all i Z . Consider the ideal J(M ullet, f) = i J i(M ullet, f) of A/fA . Consider the set of prime ideals egin a",lexical_candidate_only
vanishing,92,label,0GSW,more-algebra-lemma-eta-vanishing-beta-plus-pre,more-algebra.tex,28164,lemma,Perfect complexes and the eta operator,"egin lemma Let A be a ring and let f A be a nonzerodivisor. Let M ullet and N ullet be two bounded complexes of finite free A -modules representing the same object in D(A) . Assume I i(M ullet, f) is a principal ideal for all i Z . Then J i(M ullet, f) = J i(N ullet, f) as ideals",lexical_candidate_only
vanishing,92,label,0F7Y,more-algebra-lemma-vanishing-beta,more-algebra.tex,27783,lemma,An operator introduced by Berthelot and Ogus,"egin lemma Let A be a ring and let f A be a nonzerodivisor. Let M ullet be a complex of f -torsion free A -modules. For i Z the following are equivalent egin enumerate (d i mod f 2) surjects onto (d i mod f) , eta : H i(M ullet A f iA/f i + 1 A) o H i + 1 (M ullet A f i + 1 A/f i",lexical_candidate_only
vanishing,92,label,0H0Q,more-algebra-lemma-vanishing-coh-prod-totalization,more-algebra.tex,30096,lemma,Tricks with double complexes,"egin lemma Let A 0 ullet o A 1 ullet o A 2 ullet o be a complex of complexes of abelian groups. Assume H -p (A p ullet) = 0 for all p 0 . Set A p, q = A p q and view A ullet, ullet as a double complex. Then H 0(ext Tot (A ullet, ullet )) = 0 .",lexical_candidate_only
vanishing,92,label,0G6L,more-algebra-lemma-vanishing-extended-alternating-koszul,more-algebra.tex,7863,lemma,More on Koszul regular sequences,"egin lemma Let R be a ring. Let f 1, , f r R be an Koszul-regular sequence. Then the extended alternating Cech complex R o igoplus i 0 R f i 0 o igoplus i 0 < i 1 R f i 0 f i 1 o o R f 1 f r from Section ef section-alternating-cech only has cohomology in degree r .",lexical_candidate_only
vanishing,92,label,0E7H,more-morphisms-lemma-globally-generated-vanishing,more-morphisms.tex,22047,lemma,Contracting rational curves,"egin lemma Let f : X o Y be a proper morphism of schemes such that im(X y) 1 and H 1(X y, O X y ) = 0 for all y Y . Let F be quasi-coherent on X . Then egin enumerate R pf * F = 0 for p > 1 , and R 1f * F = 0 if there is a surjection f * G o F with G quasi-coherent on Y . If Y is",lexical_candidate_only
