unit_id,unit_type,unit_title,rank,score,overlap,tag,full_label,file,line,kind,section_title,snippet,query_sha256,status
fac:III:6:no:79,numbered_paragraph,79. Euler--Poincaré characteristic.,1,17.679056,characteristic,09FS,fields-example-characteristic,fields.tex,238,example,The characteristic of a field,"egin example The characteristic of F p is p , and that of Q is 0 .",CB0AB06A9668156FFC697BF1A6148FE342752B10DE37F533CCEA7DB6E6910123,lexical_candidate_only
fac:III:6:no:79,numbered_paragraph,79. Euler--Poincaré characteristic.,2,17.057642,characteristic,09FR,fields-definition-characteristic,fields.tex,225,definition,The characteristic of a field,"egin definition The characteristic of a field F is 0 if Z F , or is a prime p if p = 0 in F . The prime subfield of F is the smallest subfield of F which is either Q F if the characteristic is zero, or F p F if the characteristic is p > 0 .",CB0AB06A9668156FFC697BF1A6148FE342752B10DE37F533CCEA7DB6E6910123,lexical_candidate_only
fac:III:6:no:79,numbered_paragraph,79. Euler--Poincaré characteristic.,3,16.584500,characteristic,0G5X,cotangent-section-positive-characteristic,cotangent.tex,1742,section,Positive characteristic,"Positive characteristic In this section we fix a prime number p . If A is a ring with p = 0 in A , then F A : A o A denotes the Frobenius endomorphism a a",CB0AB06A9668156FFC697BF1A6148FE342752B10DE37F533CCEA7DB6E6910123,lexical_candidate_only
fac:III:6:no:79,numbered_paragraph,79. Euler--Poincaré characteristic.,4,16.439101,characteristic,0CC6,varieties-section-frobenius,varieties.tex,7038,section,Frobenii,"Frobenii Let p be a prime number. If X is a scheme, then we say `` X has characteristic p '', or `` X is of characteristic p '', or `` X is in characteristic p ''",CB0AB06A9668156FFC697BF1A6148FE342752B10DE37F533CCEA7DB6E6910123,lexical_candidate_only
fac:III:6:no:79,numbered_paragraph,79. Euler--Poincaré characteristic.,5,14.874250,characteristic,0G1E,pione-section-achinger,pione.tex,8132,section,Tricks in positive characteristic,"Tricks in positive characteristic In Piotr Achinger's paper ite Achinger it is shown that an affine scheme in positive characteristic is always a K( , 1) . In this section we explain the more",CB0AB06A9668156FFC697BF1A6148FE342752B10DE37F533CCEA7DB6E6910123,lexical_candidate_only
fac:III:6:no:79,numbered_paragraph,79. Euler--Poincaré characteristic.,6,14.306801,characteristic,09EK,more-algebra-definition-mixed,more-algebra.tex,34475,definition,Krasner's lemma,egin definition Let A be a discrete valuation ring. We say A has mixed characteristic if the characteristic of the residue field of A is p > 0 and the characteristic of the fraction field of A is 0 . In this case we obtain an extension of discrete valuation rings Z (p) A and the ,CB0AB06A9668156FFC697BF1A6148FE342752B10DE37F533CCEA7DB6E6910123,lexical_candidate_only
fac:III:6:no:79,numbered_paragraph,79. Euler--Poincaré characteristic.,7,14.198468,characteristic,047P,groupoids-lemma-reduced-group-scheme-prefect-field-characteristic-p-smooth,groupoids.tex,1463,lemma,Properties of algebraic group schemes,"egin lemma Let k be a perfect field of characteristic p > 0 (see Lemma ef lemma-group-scheme-characteristic-zero-smooth for the characteristic zero case). Let G be a locally algebraic group scheme over k . If G is reduced then the structure morphism G o (k) is smooth, i.e., G is ",CB0AB06A9668156FFC697BF1A6148FE342752B10DE37F533CCEA7DB6E6910123,lexical_candidate_only
fac:III:6:no:79,numbered_paragraph,79. Euler--Poincaré characteristic.,8,14.126783,characteristic,030Z,algebra-lemma-perfect,algebra.tex,10514,lemma,Perfect fields,egin lemma A field k is perfect if and only if it is a field of characteristic 0 or a field of characteristic p > 0 such that every element has a p th root.,CB0AB06A9668156FFC697BF1A6148FE342752B10DE37F533CCEA7DB6E6910123,lexical_candidate_only
fac:III:6:no:79,numbered_paragraph,79. Euler--Poincaré characteristic.,9,14.126783,characteristic,09HY,fields-section-finite,fields.tex,2266,section,Finite fields,Finite fields Let F be a finite field. It is clear that F has positive characteristic as we cannot have an injection Q o F . Say the characteristic of F is p . T,CB0AB06A9668156FFC697BF1A6148FE342752B10DE37F533CCEA7DB6E6910123,lexical_candidate_only
fac:III:6:no:79,numbered_paragraph,79. Euler--Poincaré characteristic.,10,13.968921,characteristic,09FQ,fields-section-more-fields,fields.tex,190,section,The characteristic of a field,"The characteristic of a field In the category of rings, there is an initial object Z : any ring R has a map from Z into it in precisely one way. For fields, there",CB0AB06A9668156FFC697BF1A6148FE342752B10DE37F533CCEA7DB6E6910123,lexical_candidate_only
fac:III:6:no:79,numbered_paragraph,79. Euler--Poincaré characteristic.,11,13.663551,characteristic,0BIG,fields-lemma-characteristic-vs-minimal-polynomial,fields.tex,2399,lemma,Trace and norm,egin lemma Let L/K be a finite extension of fields. Let L and let P be the minimal polynomial of over K . Then the characteristic polynomial of the K -linear map : L o L is equal to P e with e eg(P) = [L : K] .,CB0AB06A9668156FFC697BF1A6148FE342752B10DE37F533CCEA7DB6E6910123,lexical_candidate_only
fac:III:6:no:79,numbered_paragraph,79. Euler--Poincaré characteristic.,12,13.663551,characteristic,0G1G,pione-lemma-affine-etale-over-affine-space,pione.tex,8278,lemma,Tricks in positive characteristic,egin lemma Let k be a field of characteristic p > 0 . Let X o A n k be an etale morphism with X affine. Then there exists a finite etale morphism X o A n k .,CB0AB06A9668156FFC697BF1A6148FE342752B10DE37F533CCEA7DB6E6910123,lexical_candidate_only
fac:III:6:no:79:def:hq,definition,fac III 6 no 79 def hq,1,46.547633,fac;iii;no,01YS,coherent-lemma-coherent-projective,coherent.tex,3813,lemma,"Coherent sheaves on Proj, I","egin lemma egin reference ite[Chapter III, 1, no. 52, Proposition 2 and Corollary, p. 244] FAC ite[Chapter III, 2, no. 55, Theorem 1 and Corollary, pp. 247--248] FAC ite[Chapter III, 3, no. 63, Proposition 3(b) and (c), pp. 256--257] FAC ite[Chapter III, 3, no. 65, Proposition 7,",8BD6B997F443B9328AF3CF7803593693B7823F02ABE1434D38A867FBCECFF380,lexical_candidate_only
fac:III:6:no:79:def:hq,definition,fac III 6 no 79 def hq,2,46.472398,fac;iii;no,01M7,constructions-lemma-proj-sheaves,constructions.tex,1221,lemma,Proj of a graded ring,"egin lemma egin reference ite[Chapter III, 2, no. 54, Proposition 1, pp. 246--247] FAC ite[Chapter III, 2, no. 57, pp. 249--250] FAC ite[Chapter III, 2, no. 58, Proposition 3, p. 250] FAC ite[Chapter III, 3, no. 64, Proposition 4 and proof, pp. 257--258] FAC egin history For the ",8BD6B997F443B9328AF3CF7803593693B7823F02ABE1434D38A867FBCECFF380,lexical_candidate_only
fac:III:6:no:79:def:hq,definition,fac III 6 no 79 def hq,3,45.893796,fac;iii;no,0AG7,coherent-lemma-recover-tail-graded-module,coherent.tex,4109,lemma,"Coherent sheaves on Proj, I","egin lemma egin reference ite[Chapter III, 2, no. 58, Proposition 5, pp. 250--251] FAC ite[Chapter III, 3, no. 63, Proposition 3(c), pp. 256--257] FAC ite[Chapter III, 3, no. 65, Proposition 5, p. 258] FAC ite[Chapter III, 3, no. 67, proof of Proposition 9, pp. 260--261] FAC ite[",8BD6B997F443B9328AF3CF7803593693B7823F02ABE1434D38A867FBCECFF380,lexical_candidate_only
fac:III:6:no:79:def:hq,definition,fac III 6 no 79 def hq,4,44.979168,fac;iii;no,01MT,constructions-lemma-apply-modules,constructions.tex,2027,lemma,Invertible sheaves on Proj,"egin lemma egin reference ite[Chapter III, 2, no. 54 and Propositions 1 and 2, pp. 246--247] FAC ite[Chapter III, 2, no. 58, Proposition 4 and Corollary, pp. 250--251] FAC ite[Chapter III, 2, no. 59, definition of , p. 252] FAC ite[Chapter III, 3, no. 67, definition of M and , p.",8BD6B997F443B9328AF3CF7803593693B7823F02ABE1434D38A867FBCECFF380,lexical_candidate_only
fac:III:6:no:79:def:hq,definition,fac III 6 no 79 def hq,5,44.778764,fac;iii;no,0913,more-algebra-lemma-extended-alternating-Cech-is-colimit-koszul,more-algebra.tex,7100,lemma,The extended alternating Cech complex,"egin lemma egin reference ite[Chapter III, 3, no. 61, pp. 253--254] FAC ite[Chapter III, 3, no. 63, Proposition 3(a) and proof, pp. 256--257] FAC ite[Chapter III, 3, no. 64, Proposition 4 and Remark, pp. 257--258] FAC ite[Chapter III, 3, no. 67, Remark 2, pp. 260--261] FAC ite[Ch",8BD6B997F443B9328AF3CF7803593693B7823F02ABE1434D38A867FBCECFF380,lexical_candidate_only
fac:III:6:no:79:def:hq,definition,fac III 6 no 79 def hq,6,43.673990,fac;iii;no,01XT,coherent-lemma-cohomology-projective-space-over-ring,coherent.tex,1670,lemma,Cohomology of projective space,"egin lemma egin reference ite[III Proposition 2.1.12] EGA ite[Chapter III, 2, no. 54, observation following Proposition 1, p. 247] FAC ite[Chapter III, 3, no. 62, Proposition 2 and Corollaries, pp. 255--256] FAC ite[Chapter III, 3, no. 65, Proposition 8, pp. 258--259] FAC ite[Cha",8BD6B997F443B9328AF3CF7803593693B7823F02ABE1434D38A867FBCECFF380,lexical_candidate_only
fac:III:6:no:79:def:hq,definition,fac III 6 no 79 def hq,7,42.187252,fac;iii;no,062F,more-algebra-lemma-regular-koszul-regular,more-algebra.tex,7340,lemma,Koszul regular sequences,"egin lemma egin reference ite[Chapter III, 3, no. 62, Proposition 1, pp. 254--255] FAC ite[Chapter III, 4, no. 69, Lemma 1, p. 262] FAC ite[Chapter III, 5, no. 75, proof of Theorem 3, pp. 269--270] FAC egin history The hypothesis of the cited proposition is precisely the injectiv",8BD6B997F443B9328AF3CF7803593693B7823F02ABE1434D38A867FBCECFF380,lexical_candidate_only
fac:III:6:no:79:def:hq,definition,fac III 6 no 79 def hq,8,41.981830,fac;iii;no,0BXD,coherent-proposition-coherent-modules-on-proj,coherent.tex,4241,proposition,"Coherent sheaves on Proj, I","egin proposition egin reference ite[Chapter II, 4, no. 49, Remark 2, p. 242] FAC ite[Chapter III, 2, no. 56, class C and condition (TF), p. 249] FAC ite[Chapter III, 2, no. 58, Propositions 5 and 6, pp. 250--251] FAC ite[Chapter III, 2, no. 59, comparison maps and forecast, pp. 2",8BD6B997F443B9328AF3CF7803593693B7823F02ABE1434D38A867FBCECFF380,lexical_candidate_only
fac:III:6:no:79:def:hq,definition,fac III 6 no 79 def hq,9,40.230729,fac;iii;no,,algebra-lemma-graded-ext-properties,algebra.tex,13383,lemma,Graded rings,"egin lemma egin reference ite[Chapter III, 4, no. 68, principal properties and exact sequences of graded Ext, pp. 261--262] FAC ite[Chapter III, 4, no. 72, Theorem 1 and Corollary 2, pp. 265--267] FAC ite[Chapter III, 5, no. 77, graded Ext twist preceding Proposition 2, p. 271] F",8BD6B997F443B9328AF3CF7803593693B7823F02ABE1434D38A867FBCECFF380,lexical_candidate_only
fac:III:6:no:79:def:hq,definition,fac III 6 no 79 def hq,10,39.581358,fac;iii;no,01XD,coherent-lemma-cech-cohomology-quasi-coherent,coherent.tex,278,lemma,Cech cohomology of quasi-coherent sheaves,"egin lemma egin reference ite[Chapter II, 3, no. 47, Proposition 8 and Theorem 4, pp. 239--240] FAC ite[Chapter III, 1, no. 52, Proposition 2, p. 244] FAC ite[Chapter III, 3, no. 64, Corollary, p. 258] FAC egin history The cited proposition proves Cech vanishing for a finite affi",8BD6B997F443B9328AF3CF7803593693B7823F02ABE1434D38A867FBCECFF380,lexical_candidate_only
fac:III:6:no:79:def:hq,definition,fac III 6 no 79 def hq,11,37.426848,fac;iii;no,0DWR,local-cohomology-lemma-local-cohomology,local-cohomology.tex,149,lemma,Generalities,"egin lemma egin reference ite[Chapter III, 4, no. 69, definition of B q(M) , the map , and Remark, pp. 262--263] FAC ite[Chapter III, 4, no. 70, definition of T q(M) and the map * , pp. 263--264] FAC egin history In the cited case A=K[t 0, ,t r] , I=A + , and U= A K r+1 \ 0\ . Fo",8BD6B997F443B9328AF3CF7803593693B7823F02ABE1434D38A867FBCECFF380,lexical_candidate_only
fac:III:6:no:79:def:hq,definition,fac III 6 no 79 def hq,12,37.050655,fac;iii;no,01Q3,properties-proposition-characterize-ample,properties.tex,4618,proposition,Ample invertible sheaves,"egin proposition egin reference ite[Chapter III, 2, no. 55, Theorem 1 and Corollary, pp. 247--248] FAC ite[Chapter III, 3, no. 66, Theorem 2(a), p. 259] FAC egin history For O P r(K) (1) , the cited theorem proves that every coherent algebraic sheaf becomes generated by global se",8BD6B997F443B9328AF3CF7803593693B7823F02ABE1434D38A867FBCECFF380,lexical_candidate_only
fac:III:6:no:79:def:chi,definition,fac III 6 no 79 def chi,1,46.547633,fac;iii;no,01YS,coherent-lemma-coherent-projective,coherent.tex,3813,lemma,"Coherent sheaves on Proj, I","egin lemma egin reference ite[Chapter III, 1, no. 52, Proposition 2 and Corollary, p. 244] FAC ite[Chapter III, 2, no. 55, Theorem 1 and Corollary, pp. 247--248] FAC ite[Chapter III, 3, no. 63, Proposition 3(b) and (c), pp. 256--257] FAC ite[Chapter III, 3, no. 65, Proposition 7,",1DFCF39AEBF7F6DA644A5896977E7723152DA7C21DD5DFD4850C43531E7ECFB7,lexical_candidate_only
fac:III:6:no:79:def:chi,definition,fac III 6 no 79 def chi,2,46.472398,fac;iii;no,01M7,constructions-lemma-proj-sheaves,constructions.tex,1221,lemma,Proj of a graded ring,"egin lemma egin reference ite[Chapter III, 2, no. 54, Proposition 1, pp. 246--247] FAC ite[Chapter III, 2, no. 57, pp. 249--250] FAC ite[Chapter III, 2, no. 58, Proposition 3, p. 250] FAC ite[Chapter III, 3, no. 64, Proposition 4 and proof, pp. 257--258] FAC egin history For the ",1DFCF39AEBF7F6DA644A5896977E7723152DA7C21DD5DFD4850C43531E7ECFB7,lexical_candidate_only
fac:III:6:no:79:def:chi,definition,fac III 6 no 79 def chi,3,45.893796,fac;iii;no,0AG7,coherent-lemma-recover-tail-graded-module,coherent.tex,4109,lemma,"Coherent sheaves on Proj, I","egin lemma egin reference ite[Chapter III, 2, no. 58, Proposition 5, pp. 250--251] FAC ite[Chapter III, 3, no. 63, Proposition 3(c), pp. 256--257] FAC ite[Chapter III, 3, no. 65, Proposition 5, p. 258] FAC ite[Chapter III, 3, no. 67, proof of Proposition 9, pp. 260--261] FAC ite[",1DFCF39AEBF7F6DA644A5896977E7723152DA7C21DD5DFD4850C43531E7ECFB7,lexical_candidate_only
fac:III:6:no:79:def:chi,definition,fac III 6 no 79 def chi,4,44.979168,fac;iii;no,01MT,constructions-lemma-apply-modules,constructions.tex,2027,lemma,Invertible sheaves on Proj,"egin lemma egin reference ite[Chapter III, 2, no. 54 and Propositions 1 and 2, pp. 246--247] FAC ite[Chapter III, 2, no. 58, Proposition 4 and Corollary, pp. 250--251] FAC ite[Chapter III, 2, no. 59, definition of , p. 252] FAC ite[Chapter III, 3, no. 67, definition of M and , p.",1DFCF39AEBF7F6DA644A5896977E7723152DA7C21DD5DFD4850C43531E7ECFB7,lexical_candidate_only
fac:III:6:no:79:def:chi,definition,fac III 6 no 79 def chi,5,44.778764,fac;iii;no,0913,more-algebra-lemma-extended-alternating-Cech-is-colimit-koszul,more-algebra.tex,7100,lemma,The extended alternating Cech complex,"egin lemma egin reference ite[Chapter III, 3, no. 61, pp. 253--254] FAC ite[Chapter III, 3, no. 63, Proposition 3(a) and proof, pp. 256--257] FAC ite[Chapter III, 3, no. 64, Proposition 4 and Remark, pp. 257--258] FAC ite[Chapter III, 3, no. 67, Remark 2, pp. 260--261] FAC ite[Ch",1DFCF39AEBF7F6DA644A5896977E7723152DA7C21DD5DFD4850C43531E7ECFB7,lexical_candidate_only
fac:III:6:no:79:def:chi,definition,fac III 6 no 79 def chi,6,43.673990,fac;iii;no,01XT,coherent-lemma-cohomology-projective-space-over-ring,coherent.tex,1670,lemma,Cohomology of projective space,"egin lemma egin reference ite[III Proposition 2.1.12] EGA ite[Chapter III, 2, no. 54, observation following Proposition 1, p. 247] FAC ite[Chapter III, 3, no. 62, Proposition 2 and Corollaries, pp. 255--256] FAC ite[Chapter III, 3, no. 65, Proposition 8, pp. 258--259] FAC ite[Cha",1DFCF39AEBF7F6DA644A5896977E7723152DA7C21DD5DFD4850C43531E7ECFB7,lexical_candidate_only
fac:III:6:no:79:def:chi,definition,fac III 6 no 79 def chi,7,42.187252,fac;iii;no,062F,more-algebra-lemma-regular-koszul-regular,more-algebra.tex,7340,lemma,Koszul regular sequences,"egin lemma egin reference ite[Chapter III, 3, no. 62, Proposition 1, pp. 254--255] FAC ite[Chapter III, 4, no. 69, Lemma 1, p. 262] FAC ite[Chapter III, 5, no. 75, proof of Theorem 3, pp. 269--270] FAC egin history The hypothesis of the cited proposition is precisely the injectiv",1DFCF39AEBF7F6DA644A5896977E7723152DA7C21DD5DFD4850C43531E7ECFB7,lexical_candidate_only
fac:III:6:no:79:def:chi,definition,fac III 6 no 79 def chi,8,41.981830,fac;iii;no,0BXD,coherent-proposition-coherent-modules-on-proj,coherent.tex,4241,proposition,"Coherent sheaves on Proj, I","egin proposition egin reference ite[Chapter II, 4, no. 49, Remark 2, p. 242] FAC ite[Chapter III, 2, no. 56, class C and condition (TF), p. 249] FAC ite[Chapter III, 2, no. 58, Propositions 5 and 6, pp. 250--251] FAC ite[Chapter III, 2, no. 59, comparison maps and forecast, pp. 2",1DFCF39AEBF7F6DA644A5896977E7723152DA7C21DD5DFD4850C43531E7ECFB7,lexical_candidate_only
fac:III:6:no:79:def:chi,definition,fac III 6 no 79 def chi,9,40.230729,fac;iii;no,,algebra-lemma-graded-ext-properties,algebra.tex,13383,lemma,Graded rings,"egin lemma egin reference ite[Chapter III, 4, no. 68, principal properties and exact sequences of graded Ext, pp. 261--262] FAC ite[Chapter III, 4, no. 72, Theorem 1 and Corollary 2, pp. 265--267] FAC ite[Chapter III, 5, no. 77, graded Ext twist preceding Proposition 2, p. 271] F",1DFCF39AEBF7F6DA644A5896977E7723152DA7C21DD5DFD4850C43531E7ECFB7,lexical_candidate_only
fac:III:6:no:79:def:chi,definition,fac III 6 no 79 def chi,10,39.581358,fac;iii;no,01XD,coherent-lemma-cech-cohomology-quasi-coherent,coherent.tex,278,lemma,Cech cohomology of quasi-coherent sheaves,"egin lemma egin reference ite[Chapter II, 3, no. 47, Proposition 8 and Theorem 4, pp. 239--240] FAC ite[Chapter III, 1, no. 52, Proposition 2, p. 244] FAC ite[Chapter III, 3, no. 64, Corollary, p. 258] FAC egin history The cited proposition proves Cech vanishing for a finite affi",1DFCF39AEBF7F6DA644A5896977E7723152DA7C21DD5DFD4850C43531E7ECFB7,lexical_candidate_only
fac:III:6:no:79:def:chi,definition,fac III 6 no 79 def chi,11,37.426848,fac;iii;no,0DWR,local-cohomology-lemma-local-cohomology,local-cohomology.tex,149,lemma,Generalities,"egin lemma egin reference ite[Chapter III, 4, no. 69, definition of B q(M) , the map , and Remark, pp. 262--263] FAC ite[Chapter III, 4, no. 70, definition of T q(M) and the map * , pp. 263--264] FAC egin history In the cited case A=K[t 0, ,t r] , I=A + , and U= A K r+1 \ 0\ . Fo",1DFCF39AEBF7F6DA644A5896977E7723152DA7C21DD5DFD4850C43531E7ECFB7,lexical_candidate_only
fac:III:6:no:79:def:chi,definition,fac III 6 no 79 def chi,12,37.050655,fac;iii;no,01Q3,properties-proposition-characterize-ample,properties.tex,4618,proposition,Ample invertible sheaves,"egin proposition egin reference ite[Chapter III, 2, no. 55, Theorem 1 and Corollary, pp. 247--248] FAC ite[Chapter III, 3, no. 66, Theorem 2(a), p. 259] FAC egin history For O P r(K) (1) , the cited theorem proves that every coherent algebraic sheaf becomes generated by global se",1DFCF39AEBF7F6DA644A5896977E7723152DA7C21DD5DFD4850C43531E7ECFB7,lexical_candidate_only
fac:III:6:no:79:lemma:1,lemma,extsc Lemma 1.,0,0.000000,,,,,,,,,1828BD2430E91F7C2B860DB6C3A50E4F5945E3A66875944D3AF151D62E1C0F07,no_lexical_candidate
fac:III:6:no:79:lemma:1:formula,lemma,fac III 6 no 79 lemma 1 formula,1,46.547633,fac;iii;no,01YS,coherent-lemma-coherent-projective,coherent.tex,3813,lemma,"Coherent sheaves on Proj, I","egin lemma egin reference ite[Chapter III, 1, no. 52, Proposition 2 and Corollary, p. 244] FAC ite[Chapter III, 2, no. 55, Theorem 1 and Corollary, pp. 247--248] FAC ite[Chapter III, 3, no. 63, Proposition 3(b) and (c), pp. 256--257] FAC ite[Chapter III, 3, no. 65, Proposition 7,",4A3DD3CC7BE9179C1163E80AD6554D2523F949DD81C4693F91110E0C2F713DC5,lexical_candidate_only
fac:III:6:no:79:lemma:1:formula,lemma,fac III 6 no 79 lemma 1 formula,2,46.472398,fac;iii;no,01M7,constructions-lemma-proj-sheaves,constructions.tex,1221,lemma,Proj of a graded ring,"egin lemma egin reference ite[Chapter III, 2, no. 54, Proposition 1, pp. 246--247] FAC ite[Chapter III, 2, no. 57, pp. 249--250] FAC ite[Chapter III, 2, no. 58, Proposition 3, p. 250] FAC ite[Chapter III, 3, no. 64, Proposition 4 and proof, pp. 257--258] FAC egin history For the ",4A3DD3CC7BE9179C1163E80AD6554D2523F949DD81C4693F91110E0C2F713DC5,lexical_candidate_only
fac:III:6:no:79:lemma:1:formula,lemma,fac III 6 no 79 lemma 1 formula,3,45.893796,fac;iii;no,0AG7,coherent-lemma-recover-tail-graded-module,coherent.tex,4109,lemma,"Coherent sheaves on Proj, I","egin lemma egin reference ite[Chapter III, 2, no. 58, Proposition 5, pp. 250--251] FAC ite[Chapter III, 3, no. 63, Proposition 3(c), pp. 256--257] FAC ite[Chapter III, 3, no. 65, Proposition 5, p. 258] FAC ite[Chapter III, 3, no. 67, proof of Proposition 9, pp. 260--261] FAC ite[",4A3DD3CC7BE9179C1163E80AD6554D2523F949DD81C4693F91110E0C2F713DC5,lexical_candidate_only
fac:III:6:no:79:lemma:1:formula,lemma,fac III 6 no 79 lemma 1 formula,4,44.979168,fac;iii;no,01MT,constructions-lemma-apply-modules,constructions.tex,2027,lemma,Invertible sheaves on Proj,"egin lemma egin reference ite[Chapter III, 2, no. 54 and Propositions 1 and 2, pp. 246--247] FAC ite[Chapter III, 2, no. 58, Proposition 4 and Corollary, pp. 250--251] FAC ite[Chapter III, 2, no. 59, definition of , p. 252] FAC ite[Chapter III, 3, no. 67, definition of M and , p.",4A3DD3CC7BE9179C1163E80AD6554D2523F949DD81C4693F91110E0C2F713DC5,lexical_candidate_only
fac:III:6:no:79:lemma:1:formula,lemma,fac III 6 no 79 lemma 1 formula,5,44.778764,fac;iii;no,0913,more-algebra-lemma-extended-alternating-Cech-is-colimit-koszul,more-algebra.tex,7100,lemma,The extended alternating Cech complex,"egin lemma egin reference ite[Chapter III, 3, no. 61, pp. 253--254] FAC ite[Chapter III, 3, no. 63, Proposition 3(a) and proof, pp. 256--257] FAC ite[Chapter III, 3, no. 64, Proposition 4 and Remark, pp. 257--258] FAC ite[Chapter III, 3, no. 67, Remark 2, pp. 260--261] FAC ite[Ch",4A3DD3CC7BE9179C1163E80AD6554D2523F949DD81C4693F91110E0C2F713DC5,lexical_candidate_only
fac:III:6:no:79:lemma:1:formula,lemma,fac III 6 no 79 lemma 1 formula,6,43.673990,fac;iii;no,01XT,coherent-lemma-cohomology-projective-space-over-ring,coherent.tex,1670,lemma,Cohomology of projective space,"egin lemma egin reference ite[III Proposition 2.1.12] EGA ite[Chapter III, 2, no. 54, observation following Proposition 1, p. 247] FAC ite[Chapter III, 3, no. 62, Proposition 2 and Corollaries, pp. 255--256] FAC ite[Chapter III, 3, no. 65, Proposition 8, pp. 258--259] FAC ite[Cha",4A3DD3CC7BE9179C1163E80AD6554D2523F949DD81C4693F91110E0C2F713DC5,lexical_candidate_only
fac:III:6:no:79:lemma:1:formula,lemma,fac III 6 no 79 lemma 1 formula,7,42.187252,fac;iii;no,062F,more-algebra-lemma-regular-koszul-regular,more-algebra.tex,7340,lemma,Koszul regular sequences,"egin lemma egin reference ite[Chapter III, 3, no. 62, Proposition 1, pp. 254--255] FAC ite[Chapter III, 4, no. 69, Lemma 1, p. 262] FAC ite[Chapter III, 5, no. 75, proof of Theorem 3, pp. 269--270] FAC egin history The hypothesis of the cited proposition is precisely the injectiv",4A3DD3CC7BE9179C1163E80AD6554D2523F949DD81C4693F91110E0C2F713DC5,lexical_candidate_only
fac:III:6:no:79:lemma:1:formula,lemma,fac III 6 no 79 lemma 1 formula,8,41.981830,fac;iii;no,0BXD,coherent-proposition-coherent-modules-on-proj,coherent.tex,4241,proposition,"Coherent sheaves on Proj, I","egin proposition egin reference ite[Chapter II, 4, no. 49, Remark 2, p. 242] FAC ite[Chapter III, 2, no. 56, class C and condition (TF), p. 249] FAC ite[Chapter III, 2, no. 58, Propositions 5 and 6, pp. 250--251] FAC ite[Chapter III, 2, no. 59, comparison maps and forecast, pp. 2",4A3DD3CC7BE9179C1163E80AD6554D2523F949DD81C4693F91110E0C2F713DC5,lexical_candidate_only
fac:III:6:no:79:lemma:1:formula,lemma,fac III 6 no 79 lemma 1 formula,9,41.531616,fac;formula;iii;no,01MN,constructions-definition-twist,constructions.tex,1872,definition,Invertible sheaves on Proj,"egin definition egin reference ite[Chapter III, 2, no. 54 and Propositions 1 and 2, pp. 246--247] FAC ite[Chapter III, 3, no. 66, construction of F (n) and final tensor formula, pp. 259--260] FAC egin history The cited source constructs the twist of a sheaf on classical projectiv",4A3DD3CC7BE9179C1163E80AD6554D2523F949DD81C4693F91110E0C2F713DC5,lexical_candidate_only
fac:III:6:no:79:lemma:1:formula,lemma,fac III 6 no 79 lemma 1 formula,10,40.230729,fac;iii;no,,algebra-lemma-graded-ext-properties,algebra.tex,13383,lemma,Graded rings,"egin lemma egin reference ite[Chapter III, 4, no. 68, principal properties and exact sequences of graded Ext, pp. 261--262] FAC ite[Chapter III, 4, no. 72, Theorem 1 and Corollary 2, pp. 265--267] FAC ite[Chapter III, 5, no. 77, graded Ext twist preceding Proposition 2, p. 271] F",4A3DD3CC7BE9179C1163E80AD6554D2523F949DD81C4693F91110E0C2F713DC5,lexical_candidate_only
fac:III:6:no:79:lemma:1:formula,lemma,fac III 6 no 79 lemma 1 formula,11,39.581358,fac;iii;no,01XD,coherent-lemma-cech-cohomology-quasi-coherent,coherent.tex,278,lemma,Cech cohomology of quasi-coherent sheaves,"egin lemma egin reference ite[Chapter II, 3, no. 47, Proposition 8 and Theorem 4, pp. 239--240] FAC ite[Chapter III, 1, no. 52, Proposition 2, p. 244] FAC ite[Chapter III, 3, no. 64, Corollary, p. 258] FAC egin history The cited proposition proves Cech vanishing for a finite affi",4A3DD3CC7BE9179C1163E80AD6554D2523F949DD81C4693F91110E0C2F713DC5,lexical_candidate_only
fac:III:6:no:79:lemma:1:formula,lemma,fac III 6 no 79 lemma 1 formula,12,37.426848,fac;iii;no,0DWR,local-cohomology-lemma-local-cohomology,local-cohomology.tex,149,lemma,Generalities,"egin lemma egin reference ite[Chapter III, 4, no. 69, definition of B q(M) , the map , and Remark, pp. 262--263] FAC ite[Chapter III, 4, no. 70, definition of T q(M) and the map * , pp. 263--264] FAC egin history In the cited case A=K[t 0, ,t r] , I=A + , and U= A K r+1 \ 0\ . Fo",4A3DD3CC7BE9179C1163E80AD6554D2523F949DD81C4693F91110E0C2F713DC5,lexical_candidate_only
fac:III:6:no:79:lemma:1:sequences,lemma,fac III 6 no 79 lemma 1 sequences,1,50.802427,fac;iii;no;sequences,062F,more-algebra-lemma-regular-koszul-regular,more-algebra.tex,7340,lemma,Koszul regular sequences,"egin lemma egin reference ite[Chapter III, 3, no. 62, Proposition 1, pp. 254--255] FAC ite[Chapter III, 4, no. 69, Lemma 1, p. 262] FAC ite[Chapter III, 5, no. 75, proof of Theorem 3, pp. 269--270] FAC egin history The hypothesis of the cited proposition is precisely the injectiv",3CC8247FC89AC1A8B4853432B14D5AE465616B6D231F52561F7C41FEE44272D4,lexical_candidate_only
fac:III:6:no:79:lemma:1:sequences,lemma,fac III 6 no 79 lemma 1 sequences,2,48.960904,fac;iii;no;sequences,,algebra-lemma-graded-ext-properties,algebra.tex,13383,lemma,Graded rings,"egin lemma egin reference ite[Chapter III, 4, no. 68, principal properties and exact sequences of graded Ext, pp. 261--262] FAC ite[Chapter III, 4, no. 72, Theorem 1 and Corollary 2, pp. 265--267] FAC ite[Chapter III, 5, no. 77, graded Ext twist preceding Proposition 2, p. 271] F",3CC8247FC89AC1A8B4853432B14D5AE465616B6D231F52561F7C41FEE44272D4,lexical_candidate_only
fac:III:6:no:79:lemma:1:sequences,lemma,fac III 6 no 79 lemma 1 sequences,3,46.547633,fac;iii;no,01YS,coherent-lemma-coherent-projective,coherent.tex,3813,lemma,"Coherent sheaves on Proj, I","egin lemma egin reference ite[Chapter III, 1, no. 52, Proposition 2 and Corollary, p. 244] FAC ite[Chapter III, 2, no. 55, Theorem 1 and Corollary, pp. 247--248] FAC ite[Chapter III, 3, no. 63, Proposition 3(b) and (c), pp. 256--257] FAC ite[Chapter III, 3, no. 65, Proposition 7,",3CC8247FC89AC1A8B4853432B14D5AE465616B6D231F52561F7C41FEE44272D4,lexical_candidate_only
fac:III:6:no:79:lemma:1:sequences,lemma,fac III 6 no 79 lemma 1 sequences,4,46.472398,fac;iii;no,01M7,constructions-lemma-proj-sheaves,constructions.tex,1221,lemma,Proj of a graded ring,"egin lemma egin reference ite[Chapter III, 2, no. 54, Proposition 1, pp. 246--247] FAC ite[Chapter III, 2, no. 57, pp. 249--250] FAC ite[Chapter III, 2, no. 58, Proposition 3, p. 250] FAC ite[Chapter III, 3, no. 64, Proposition 4 and proof, pp. 257--258] FAC egin history For the ",3CC8247FC89AC1A8B4853432B14D5AE465616B6D231F52561F7C41FEE44272D4,lexical_candidate_only
fac:III:6:no:79:lemma:1:sequences,lemma,fac III 6 no 79 lemma 1 sequences,5,45.893796,fac;iii;no,0AG7,coherent-lemma-recover-tail-graded-module,coherent.tex,4109,lemma,"Coherent sheaves on Proj, I","egin lemma egin reference ite[Chapter III, 2, no. 58, Proposition 5, pp. 250--251] FAC ite[Chapter III, 3, no. 63, Proposition 3(c), pp. 256--257] FAC ite[Chapter III, 3, no. 65, Proposition 5, p. 258] FAC ite[Chapter III, 3, no. 67, proof of Proposition 9, pp. 260--261] FAC ite[",3CC8247FC89AC1A8B4853432B14D5AE465616B6D231F52561F7C41FEE44272D4,lexical_candidate_only
fac:III:6:no:79:lemma:1:sequences,lemma,fac III 6 no 79 lemma 1 sequences,6,44.979168,fac;iii;no,01MT,constructions-lemma-apply-modules,constructions.tex,2027,lemma,Invertible sheaves on Proj,"egin lemma egin reference ite[Chapter III, 2, no. 54 and Propositions 1 and 2, pp. 246--247] FAC ite[Chapter III, 2, no. 58, Proposition 4 and Corollary, pp. 250--251] FAC ite[Chapter III, 2, no. 59, definition of , p. 252] FAC ite[Chapter III, 3, no. 67, definition of M and , p.",3CC8247FC89AC1A8B4853432B14D5AE465616B6D231F52561F7C41FEE44272D4,lexical_candidate_only
fac:III:6:no:79:lemma:1:sequences,lemma,fac III 6 no 79 lemma 1 sequences,7,44.778764,fac;iii;no,0913,more-algebra-lemma-extended-alternating-Cech-is-colimit-koszul,more-algebra.tex,7100,lemma,The extended alternating Cech complex,"egin lemma egin reference ite[Chapter III, 3, no. 61, pp. 253--254] FAC ite[Chapter III, 3, no. 63, Proposition 3(a) and proof, pp. 256--257] FAC ite[Chapter III, 3, no. 64, Proposition 4 and Remark, pp. 257--258] FAC ite[Chapter III, 3, no. 67, Remark 2, pp. 260--261] FAC ite[Ch",3CC8247FC89AC1A8B4853432B14D5AE465616B6D231F52561F7C41FEE44272D4,lexical_candidate_only
fac:III:6:no:79:lemma:1:sequences,lemma,fac III 6 no 79 lemma 1 sequences,8,43.673990,fac;iii;no,01XT,coherent-lemma-cohomology-projective-space-over-ring,coherent.tex,1670,lemma,Cohomology of projective space,"egin lemma egin reference ite[III Proposition 2.1.12] EGA ite[Chapter III, 2, no. 54, observation following Proposition 1, p. 247] FAC ite[Chapter III, 3, no. 62, Proposition 2 and Corollaries, pp. 255--256] FAC ite[Chapter III, 3, no. 65, Proposition 8, pp. 258--259] FAC ite[Cha",3CC8247FC89AC1A8B4853432B14D5AE465616B6D231F52561F7C41FEE44272D4,lexical_candidate_only
fac:III:6:no:79:lemma:1:sequences,lemma,fac III 6 no 79 lemma 1 sequences,9,41.981830,fac;iii;no,0BXD,coherent-proposition-coherent-modules-on-proj,coherent.tex,4241,proposition,"Coherent sheaves on Proj, I","egin proposition egin reference ite[Chapter II, 4, no. 49, Remark 2, p. 242] FAC ite[Chapter III, 2, no. 56, class C and condition (TF), p. 249] FAC ite[Chapter III, 2, no. 58, Propositions 5 and 6, pp. 250--251] FAC ite[Chapter III, 2, no. 59, comparison maps and forecast, pp. 2",3CC8247FC89AC1A8B4853432B14D5AE465616B6D231F52561F7C41FEE44272D4,lexical_candidate_only
fac:III:6:no:79:lemma:1:sequences,lemma,fac III 6 no 79 lemma 1 sequences,10,39.581358,fac;iii;no,01XD,coherent-lemma-cech-cohomology-quasi-coherent,coherent.tex,278,lemma,Cech cohomology of quasi-coherent sheaves,"egin lemma egin reference ite[Chapter II, 3, no. 47, Proposition 8 and Theorem 4, pp. 239--240] FAC ite[Chapter III, 1, no. 52, Proposition 2, p. 244] FAC ite[Chapter III, 3, no. 64, Corollary, p. 258] FAC egin history The cited proposition proves Cech vanishing for a finite affi",3CC8247FC89AC1A8B4853432B14D5AE465616B6D231F52561F7C41FEE44272D4,lexical_candidate_only
fac:III:6:no:79:lemma:1:sequences,lemma,fac III 6 no 79 lemma 1 sequences,11,37.426848,fac;iii;no,0DWR,local-cohomology-lemma-local-cohomology,local-cohomology.tex,149,lemma,Generalities,"egin lemma egin reference ite[Chapter III, 4, no. 69, definition of B q(M) , the map , and Remark, pp. 262--263] FAC ite[Chapter III, 4, no. 70, definition of T q(M) and the map * , pp. 263--264] FAC egin history In the cited case A=K[t 0, ,t r] , I=A + , and U= A K r+1 \ 0\ . Fo",3CC8247FC89AC1A8B4853432B14D5AE465616B6D231F52561F7C41FEE44272D4,lexical_candidate_only
fac:III:6:no:79:lemma:1:sequences,lemma,fac III 6 no 79 lemma 1 sequences,12,37.050655,fac;iii;no,01Q3,properties-proposition-characterize-ample,properties.tex,4618,proposition,Ample invertible sheaves,"egin proposition egin reference ite[Chapter III, 2, no. 55, Theorem 1 and Corollary, pp. 247--248] FAC ite[Chapter III, 3, no. 66, Theorem 2(a), p. 259] FAC egin history For O P r(K) (1) , the cited theorem proves that every coherent algebraic sheaf becomes generated by global se",3CC8247FC89AC1A8B4853432B14D5AE465616B6D231F52561F7C41FEE44272D4,lexical_candidate_only
fac:III:6:no:79:prop:1,proposition,extsc Proposition 1.,0,0.000000,,,,,,,,,97A180C7AF8080D0F5D04587D562E786280CA15161CF8AFBB24822CC06A45D49,no_lexical_candidate
fac:III:6:no:79:prop:1:formula,proposition,fac III 6 no 79 prop 1 formula,1,46.547633,fac;iii;no,01YS,coherent-lemma-coherent-projective,coherent.tex,3813,lemma,"Coherent sheaves on Proj, I","egin lemma egin reference ite[Chapter III, 1, no. 52, Proposition 2 and Corollary, p. 244] FAC ite[Chapter III, 2, no. 55, Theorem 1 and Corollary, pp. 247--248] FAC ite[Chapter III, 3, no. 63, Proposition 3(b) and (c), pp. 256--257] FAC ite[Chapter III, 3, no. 65, Proposition 7,",6A548CA09AC6259818BCF9DA2F39F60B66D5EDB11D79D02C1397CE80EDCAB312,lexical_candidate_only
fac:III:6:no:79:prop:1:formula,proposition,fac III 6 no 79 prop 1 formula,2,46.472398,fac;iii;no,01M7,constructions-lemma-proj-sheaves,constructions.tex,1221,lemma,Proj of a graded ring,"egin lemma egin reference ite[Chapter III, 2, no. 54, Proposition 1, pp. 246--247] FAC ite[Chapter III, 2, no. 57, pp. 249--250] FAC ite[Chapter III, 2, no. 58, Proposition 3, p. 250] FAC ite[Chapter III, 3, no. 64, Proposition 4 and proof, pp. 257--258] FAC egin history For the ",6A548CA09AC6259818BCF9DA2F39F60B66D5EDB11D79D02C1397CE80EDCAB312,lexical_candidate_only
fac:III:6:no:79:prop:1:formula,proposition,fac III 6 no 79 prop 1 formula,3,45.893796,fac;iii;no,0AG7,coherent-lemma-recover-tail-graded-module,coherent.tex,4109,lemma,"Coherent sheaves on Proj, I","egin lemma egin reference ite[Chapter III, 2, no. 58, Proposition 5, pp. 250--251] FAC ite[Chapter III, 3, no. 63, Proposition 3(c), pp. 256--257] FAC ite[Chapter III, 3, no. 65, Proposition 5, p. 258] FAC ite[Chapter III, 3, no. 67, proof of Proposition 9, pp. 260--261] FAC ite[",6A548CA09AC6259818BCF9DA2F39F60B66D5EDB11D79D02C1397CE80EDCAB312,lexical_candidate_only
fac:III:6:no:79:prop:1:formula,proposition,fac III 6 no 79 prop 1 formula,4,44.979168,fac;iii;no,01MT,constructions-lemma-apply-modules,constructions.tex,2027,lemma,Invertible sheaves on Proj,"egin lemma egin reference ite[Chapter III, 2, no. 54 and Propositions 1 and 2, pp. 246--247] FAC ite[Chapter III, 2, no. 58, Proposition 4 and Corollary, pp. 250--251] FAC ite[Chapter III, 2, no. 59, definition of , p. 252] FAC ite[Chapter III, 3, no. 67, definition of M and , p.",6A548CA09AC6259818BCF9DA2F39F60B66D5EDB11D79D02C1397CE80EDCAB312,lexical_candidate_only
fac:III:6:no:79:prop:1:formula,proposition,fac III 6 no 79 prop 1 formula,5,44.778764,fac;iii;no,0913,more-algebra-lemma-extended-alternating-Cech-is-colimit-koszul,more-algebra.tex,7100,lemma,The extended alternating Cech complex,"egin lemma egin reference ite[Chapter III, 3, no. 61, pp. 253--254] FAC ite[Chapter III, 3, no. 63, Proposition 3(a) and proof, pp. 256--257] FAC ite[Chapter III, 3, no. 64, Proposition 4 and Remark, pp. 257--258] FAC ite[Chapter III, 3, no. 67, Remark 2, pp. 260--261] FAC ite[Ch",6A548CA09AC6259818BCF9DA2F39F60B66D5EDB11D79D02C1397CE80EDCAB312,lexical_candidate_only
fac:III:6:no:79:prop:1:formula,proposition,fac III 6 no 79 prop 1 formula,6,43.673990,fac;iii;no,01XT,coherent-lemma-cohomology-projective-space-over-ring,coherent.tex,1670,lemma,Cohomology of projective space,"egin lemma egin reference ite[III Proposition 2.1.12] EGA ite[Chapter III, 2, no. 54, observation following Proposition 1, p. 247] FAC ite[Chapter III, 3, no. 62, Proposition 2 and Corollaries, pp. 255--256] FAC ite[Chapter III, 3, no. 65, Proposition 8, pp. 258--259] FAC ite[Cha",6A548CA09AC6259818BCF9DA2F39F60B66D5EDB11D79D02C1397CE80EDCAB312,lexical_candidate_only
fac:III:6:no:79:prop:1:formula,proposition,fac III 6 no 79 prop 1 formula,7,42.187252,fac;iii;no,062F,more-algebra-lemma-regular-koszul-regular,more-algebra.tex,7340,lemma,Koszul regular sequences,"egin lemma egin reference ite[Chapter III, 3, no. 62, Proposition 1, pp. 254--255] FAC ite[Chapter III, 4, no. 69, Lemma 1, p. 262] FAC ite[Chapter III, 5, no. 75, proof of Theorem 3, pp. 269--270] FAC egin history The hypothesis of the cited proposition is precisely the injectiv",6A548CA09AC6259818BCF9DA2F39F60B66D5EDB11D79D02C1397CE80EDCAB312,lexical_candidate_only
fac:III:6:no:79:prop:1:formula,proposition,fac III 6 no 79 prop 1 formula,8,41.981830,fac;iii;no,0BXD,coherent-proposition-coherent-modules-on-proj,coherent.tex,4241,proposition,"Coherent sheaves on Proj, I","egin proposition egin reference ite[Chapter II, 4, no. 49, Remark 2, p. 242] FAC ite[Chapter III, 2, no. 56, class C and condition (TF), p. 249] FAC ite[Chapter III, 2, no. 58, Propositions 5 and 6, pp. 250--251] FAC ite[Chapter III, 2, no. 59, comparison maps and forecast, pp. 2",6A548CA09AC6259818BCF9DA2F39F60B66D5EDB11D79D02C1397CE80EDCAB312,lexical_candidate_only
fac:III:6:no:79:prop:1:formula,proposition,fac III 6 no 79 prop 1 formula,9,41.531616,fac;formula;iii;no,01MN,constructions-definition-twist,constructions.tex,1872,definition,Invertible sheaves on Proj,"egin definition egin reference ite[Chapter III, 2, no. 54 and Propositions 1 and 2, pp. 246--247] FAC ite[Chapter III, 3, no. 66, construction of F (n) and final tensor formula, pp. 259--260] FAC egin history The cited source constructs the twist of a sheaf on classical projectiv",6A548CA09AC6259818BCF9DA2F39F60B66D5EDB11D79D02C1397CE80EDCAB312,lexical_candidate_only
fac:III:6:no:79:prop:1:formula,proposition,fac III 6 no 79 prop 1 formula,10,40.230729,fac;iii;no,,algebra-lemma-graded-ext-properties,algebra.tex,13383,lemma,Graded rings,"egin lemma egin reference ite[Chapter III, 4, no. 68, principal properties and exact sequences of graded Ext, pp. 261--262] FAC ite[Chapter III, 4, no. 72, Theorem 1 and Corollary 2, pp. 265--267] FAC ite[Chapter III, 5, no. 77, graded Ext twist preceding Proposition 2, p. 271] F",6A548CA09AC6259818BCF9DA2F39F60B66D5EDB11D79D02C1397CE80EDCAB312,lexical_candidate_only
fac:III:6:no:79:prop:1:formula,proposition,fac III 6 no 79 prop 1 formula,11,39.581358,fac;iii;no,01XD,coherent-lemma-cech-cohomology-quasi-coherent,coherent.tex,278,lemma,Cech cohomology of quasi-coherent sheaves,"egin lemma egin reference ite[Chapter II, 3, no. 47, Proposition 8 and Theorem 4, pp. 239--240] FAC ite[Chapter III, 1, no. 52, Proposition 2, p. 244] FAC ite[Chapter III, 3, no. 64, Corollary, p. 258] FAC egin history The cited proposition proves Cech vanishing for a finite affi",6A548CA09AC6259818BCF9DA2F39F60B66D5EDB11D79D02C1397CE80EDCAB312,lexical_candidate_only
fac:III:6:no:79:prop:1:formula,proposition,fac III 6 no 79 prop 1 formula,12,37.426848,fac;iii;no,0DWR,local-cohomology-lemma-local-cohomology,local-cohomology.tex,149,lemma,Generalities,"egin lemma egin reference ite[Chapter III, 4, no. 69, definition of B q(M) , the map , and Remark, pp. 262--263] FAC ite[Chapter III, 4, no. 70, definition of T q(M) and the map * , pp. 263--264] FAC egin history In the cited case A=K[t 0, ,t r] , I=A + , and U= A K r+1 \ 0\ . Fo",6A548CA09AC6259818BCF9DA2F39F60B66D5EDB11D79D02C1397CE80EDCAB312,lexical_candidate_only
fac:III:6:no:79:prop:1:cohomology-sequence,proposition,fac III 6 no 79 prop 1 cohomology-sequence,1,46.547633,fac;iii;no,01YS,coherent-lemma-coherent-projective,coherent.tex,3813,lemma,"Coherent sheaves on Proj, I","egin lemma egin reference ite[Chapter III, 1, no. 52, Proposition 2 and Corollary, p. 244] FAC ite[Chapter III, 2, no. 55, Theorem 1 and Corollary, pp. 247--248] FAC ite[Chapter III, 3, no. 63, Proposition 3(b) and (c), pp. 256--257] FAC ite[Chapter III, 3, no. 65, Proposition 7,",6272EF8B1F3E0B186C5BE99D81CB3E951F470645E881F1BCFF4D237CEE5D0D5D,lexical_candidate_only
fac:III:6:no:79:prop:1:cohomology-sequence,proposition,fac III 6 no 79 prop 1 cohomology-sequence,2,46.472398,fac;iii;no,01M7,constructions-lemma-proj-sheaves,constructions.tex,1221,lemma,Proj of a graded ring,"egin lemma egin reference ite[Chapter III, 2, no. 54, Proposition 1, pp. 246--247] FAC ite[Chapter III, 2, no. 57, pp. 249--250] FAC ite[Chapter III, 2, no. 58, Proposition 3, p. 250] FAC ite[Chapter III, 3, no. 64, Proposition 4 and proof, pp. 257--258] FAC egin history For the ",6272EF8B1F3E0B186C5BE99D81CB3E951F470645E881F1BCFF4D237CEE5D0D5D,lexical_candidate_only
fac:III:6:no:79:prop:1:cohomology-sequence,proposition,fac III 6 no 79 prop 1 cohomology-sequence,3,45.893796,fac;iii;no,0AG7,coherent-lemma-recover-tail-graded-module,coherent.tex,4109,lemma,"Coherent sheaves on Proj, I","egin lemma egin reference ite[Chapter III, 2, no. 58, Proposition 5, pp. 250--251] FAC ite[Chapter III, 3, no. 63, Proposition 3(c), pp. 256--257] FAC ite[Chapter III, 3, no. 65, Proposition 5, p. 258] FAC ite[Chapter III, 3, no. 67, proof of Proposition 9, pp. 260--261] FAC ite[",6272EF8B1F3E0B186C5BE99D81CB3E951F470645E881F1BCFF4D237CEE5D0D5D,lexical_candidate_only
fac:III:6:no:79:prop:1:cohomology-sequence,proposition,fac III 6 no 79 prop 1 cohomology-sequence,4,44.979168,fac;iii;no,01MT,constructions-lemma-apply-modules,constructions.tex,2027,lemma,Invertible sheaves on Proj,"egin lemma egin reference ite[Chapter III, 2, no. 54 and Propositions 1 and 2, pp. 246--247] FAC ite[Chapter III, 2, no. 58, Proposition 4 and Corollary, pp. 250--251] FAC ite[Chapter III, 2, no. 59, definition of , p. 252] FAC ite[Chapter III, 3, no. 67, definition of M and , p.",6272EF8B1F3E0B186C5BE99D81CB3E951F470645E881F1BCFF4D237CEE5D0D5D,lexical_candidate_only
fac:III:6:no:79:prop:1:cohomology-sequence,proposition,fac III 6 no 79 prop 1 cohomology-sequence,5,44.778764,fac;iii;no,0913,more-algebra-lemma-extended-alternating-Cech-is-colimit-koszul,more-algebra.tex,7100,lemma,The extended alternating Cech complex,"egin lemma egin reference ite[Chapter III, 3, no. 61, pp. 253--254] FAC ite[Chapter III, 3, no. 63, Proposition 3(a) and proof, pp. 256--257] FAC ite[Chapter III, 3, no. 64, Proposition 4 and Remark, pp. 257--258] FAC ite[Chapter III, 3, no. 67, Remark 2, pp. 260--261] FAC ite[Ch",6272EF8B1F3E0B186C5BE99D81CB3E951F470645E881F1BCFF4D237CEE5D0D5D,lexical_candidate_only
fac:III:6:no:79:prop:1:cohomology-sequence,proposition,fac III 6 no 79 prop 1 cohomology-sequence,6,43.673990,fac;iii;no,01XT,coherent-lemma-cohomology-projective-space-over-ring,coherent.tex,1670,lemma,Cohomology of projective space,"egin lemma egin reference ite[III Proposition 2.1.12] EGA ite[Chapter III, 2, no. 54, observation following Proposition 1, p. 247] FAC ite[Chapter III, 3, no. 62, Proposition 2 and Corollaries, pp. 255--256] FAC ite[Chapter III, 3, no. 65, Proposition 8, pp. 258--259] FAC ite[Cha",6272EF8B1F3E0B186C5BE99D81CB3E951F470645E881F1BCFF4D237CEE5D0D5D,lexical_candidate_only
fac:III:6:no:79:prop:1:cohomology-sequence,proposition,fac III 6 no 79 prop 1 cohomology-sequence,7,42.187252,fac;iii;no,062F,more-algebra-lemma-regular-koszul-regular,more-algebra.tex,7340,lemma,Koszul regular sequences,"egin lemma egin reference ite[Chapter III, 3, no. 62, Proposition 1, pp. 254--255] FAC ite[Chapter III, 4, no. 69, Lemma 1, p. 262] FAC ite[Chapter III, 5, no. 75, proof of Theorem 3, pp. 269--270] FAC egin history The hypothesis of the cited proposition is precisely the injectiv",6272EF8B1F3E0B186C5BE99D81CB3E951F470645E881F1BCFF4D237CEE5D0D5D,lexical_candidate_only
fac:III:6:no:79:prop:1:cohomology-sequence,proposition,fac III 6 no 79 prop 1 cohomology-sequence,8,41.981830,fac;iii;no,0BXD,coherent-proposition-coherent-modules-on-proj,coherent.tex,4241,proposition,"Coherent sheaves on Proj, I","egin proposition egin reference ite[Chapter II, 4, no. 49, Remark 2, p. 242] FAC ite[Chapter III, 2, no. 56, class C and condition (TF), p. 249] FAC ite[Chapter III, 2, no. 58, Propositions 5 and 6, pp. 250--251] FAC ite[Chapter III, 2, no. 59, comparison maps and forecast, pp. 2",6272EF8B1F3E0B186C5BE99D81CB3E951F470645E881F1BCFF4D237CEE5D0D5D,lexical_candidate_only
fac:III:6:no:79:prop:1:cohomology-sequence,proposition,fac III 6 no 79 prop 1 cohomology-sequence,9,40.230729,fac;iii;no,,algebra-lemma-graded-ext-properties,algebra.tex,13383,lemma,Graded rings,"egin lemma egin reference ite[Chapter III, 4, no. 68, principal properties and exact sequences of graded Ext, pp. 261--262] FAC ite[Chapter III, 4, no. 72, Theorem 1 and Corollary 2, pp. 265--267] FAC ite[Chapter III, 5, no. 77, graded Ext twist preceding Proposition 2, p. 271] F",6272EF8B1F3E0B186C5BE99D81CB3E951F470645E881F1BCFF4D237CEE5D0D5D,lexical_candidate_only
fac:III:6:no:79:prop:1:cohomology-sequence,proposition,fac III 6 no 79 prop 1 cohomology-sequence,10,39.581358,fac;iii;no,01XD,coherent-lemma-cech-cohomology-quasi-coherent,coherent.tex,278,lemma,Cech cohomology of quasi-coherent sheaves,"egin lemma egin reference ite[Chapter II, 3, no. 47, Proposition 8 and Theorem 4, pp. 239--240] FAC ite[Chapter III, 1, no. 52, Proposition 2, p. 244] FAC ite[Chapter III, 3, no. 64, Corollary, p. 258] FAC egin history The cited proposition proves Cech vanishing for a finite affi",6272EF8B1F3E0B186C5BE99D81CB3E951F470645E881F1BCFF4D237CEE5D0D5D,lexical_candidate_only
fac:III:6:no:79:prop:1:cohomology-sequence,proposition,fac III 6 no 79 prop 1 cohomology-sequence,11,37.426848,fac;iii;no,0DWR,local-cohomology-lemma-local-cohomology,local-cohomology.tex,149,lemma,Generalities,"egin lemma egin reference ite[Chapter III, 4, no. 69, definition of B q(M) , the map , and Remark, pp. 262--263] FAC ite[Chapter III, 4, no. 70, definition of T q(M) and the map * , pp. 263--264] FAC egin history In the cited case A=K[t 0, ,t r] , I=A + , and U= A K r+1 \ 0\ . Fo",6272EF8B1F3E0B186C5BE99D81CB3E951F470645E881F1BCFF4D237CEE5D0D5D,lexical_candidate_only
fac:III:6:no:79:prop:1:cohomology-sequence,proposition,fac III 6 no 79 prop 1 cohomology-sequence,12,37.050655,fac;iii;no,01Q3,properties-proposition-characterize-ample,properties.tex,4618,proposition,Ample invertible sheaves,"egin proposition egin reference ite[Chapter III, 2, no. 55, Theorem 1 and Corollary, pp. 247--248] FAC ite[Chapter III, 3, no. 66, Theorem 2(a), p. 259] FAC egin history For O P r(K) (1) , the cited theorem proves that every coherent algebraic sheaf becomes generated by global se",6272EF8B1F3E0B186C5BE99D81CB3E951F470645E881F1BCFF4D237CEE5D0D5D,lexical_candidate_only
fac:III:6:no:79:prop:2,proposition,extsc Proposition 2.,0,0.000000,,,,,,,,,63E65E9F1A762579A1691327D17921C1123DE56A53D8BA0E244E3B62D5E57F08,no_lexical_candidate
fac:III:6:no:79:prop:2:formula,proposition,fac III 6 no 79 prop 2 formula,1,46.547633,fac;iii;no,01YS,coherent-lemma-coherent-projective,coherent.tex,3813,lemma,"Coherent sheaves on Proj, I","egin lemma egin reference ite[Chapter III, 1, no. 52, Proposition 2 and Corollary, p. 244] FAC ite[Chapter III, 2, no. 55, Theorem 1 and Corollary, pp. 247--248] FAC ite[Chapter III, 3, no. 63, Proposition 3(b) and (c), pp. 256--257] FAC ite[Chapter III, 3, no. 65, Proposition 7,",30FFDB481EB5191EAC5163B4B9B2232EC24DBEF20695779A365165AD49B1E457,lexical_candidate_only
fac:III:6:no:79:prop:2:formula,proposition,fac III 6 no 79 prop 2 formula,2,46.472398,fac;iii;no,01M7,constructions-lemma-proj-sheaves,constructions.tex,1221,lemma,Proj of a graded ring,"egin lemma egin reference ite[Chapter III, 2, no. 54, Proposition 1, pp. 246--247] FAC ite[Chapter III, 2, no. 57, pp. 249--250] FAC ite[Chapter III, 2, no. 58, Proposition 3, p. 250] FAC ite[Chapter III, 3, no. 64, Proposition 4 and proof, pp. 257--258] FAC egin history For the ",30FFDB481EB5191EAC5163B4B9B2232EC24DBEF20695779A365165AD49B1E457,lexical_candidate_only
fac:III:6:no:79:prop:2:formula,proposition,fac III 6 no 79 prop 2 formula,3,45.893796,fac;iii;no,0AG7,coherent-lemma-recover-tail-graded-module,coherent.tex,4109,lemma,"Coherent sheaves on Proj, I","egin lemma egin reference ite[Chapter III, 2, no. 58, Proposition 5, pp. 250--251] FAC ite[Chapter III, 3, no. 63, Proposition 3(c), pp. 256--257] FAC ite[Chapter III, 3, no. 65, Proposition 5, p. 258] FAC ite[Chapter III, 3, no. 67, proof of Proposition 9, pp. 260--261] FAC ite[",30FFDB481EB5191EAC5163B4B9B2232EC24DBEF20695779A365165AD49B1E457,lexical_candidate_only
fac:III:6:no:79:prop:2:formula,proposition,fac III 6 no 79 prop 2 formula,4,44.979168,fac;iii;no,01MT,constructions-lemma-apply-modules,constructions.tex,2027,lemma,Invertible sheaves on Proj,"egin lemma egin reference ite[Chapter III, 2, no. 54 and Propositions 1 and 2, pp. 246--247] FAC ite[Chapter III, 2, no. 58, Proposition 4 and Corollary, pp. 250--251] FAC ite[Chapter III, 2, no. 59, definition of , p. 252] FAC ite[Chapter III, 3, no. 67, definition of M and , p.",30FFDB481EB5191EAC5163B4B9B2232EC24DBEF20695779A365165AD49B1E457,lexical_candidate_only
fac:III:6:no:79:prop:2:formula,proposition,fac III 6 no 79 prop 2 formula,5,44.778764,fac;iii;no,0913,more-algebra-lemma-extended-alternating-Cech-is-colimit-koszul,more-algebra.tex,7100,lemma,The extended alternating Cech complex,"egin lemma egin reference ite[Chapter III, 3, no. 61, pp. 253--254] FAC ite[Chapter III, 3, no. 63, Proposition 3(a) and proof, pp. 256--257] FAC ite[Chapter III, 3, no. 64, Proposition 4 and Remark, pp. 257--258] FAC ite[Chapter III, 3, no. 67, Remark 2, pp. 260--261] FAC ite[Ch",30FFDB481EB5191EAC5163B4B9B2232EC24DBEF20695779A365165AD49B1E457,lexical_candidate_only
fac:III:6:no:79:prop:2:formula,proposition,fac III 6 no 79 prop 2 formula,6,43.673990,fac;iii;no,01XT,coherent-lemma-cohomology-projective-space-over-ring,coherent.tex,1670,lemma,Cohomology of projective space,"egin lemma egin reference ite[III Proposition 2.1.12] EGA ite[Chapter III, 2, no. 54, observation following Proposition 1, p. 247] FAC ite[Chapter III, 3, no. 62, Proposition 2 and Corollaries, pp. 255--256] FAC ite[Chapter III, 3, no. 65, Proposition 8, pp. 258--259] FAC ite[Cha",30FFDB481EB5191EAC5163B4B9B2232EC24DBEF20695779A365165AD49B1E457,lexical_candidate_only
fac:III:6:no:79:prop:2:formula,proposition,fac III 6 no 79 prop 2 formula,7,42.187252,fac;iii;no,062F,more-algebra-lemma-regular-koszul-regular,more-algebra.tex,7340,lemma,Koszul regular sequences,"egin lemma egin reference ite[Chapter III, 3, no. 62, Proposition 1, pp. 254--255] FAC ite[Chapter III, 4, no. 69, Lemma 1, p. 262] FAC ite[Chapter III, 5, no. 75, proof of Theorem 3, pp. 269--270] FAC egin history The hypothesis of the cited proposition is precisely the injectiv",30FFDB481EB5191EAC5163B4B9B2232EC24DBEF20695779A365165AD49B1E457,lexical_candidate_only
fac:III:6:no:79:prop:2:formula,proposition,fac III 6 no 79 prop 2 formula,8,41.981830,fac;iii;no,0BXD,coherent-proposition-coherent-modules-on-proj,coherent.tex,4241,proposition,"Coherent sheaves on Proj, I","egin proposition egin reference ite[Chapter II, 4, no. 49, Remark 2, p. 242] FAC ite[Chapter III, 2, no. 56, class C and condition (TF), p. 249] FAC ite[Chapter III, 2, no. 58, Propositions 5 and 6, pp. 250--251] FAC ite[Chapter III, 2, no. 59, comparison maps and forecast, pp. 2",30FFDB481EB5191EAC5163B4B9B2232EC24DBEF20695779A365165AD49B1E457,lexical_candidate_only
fac:III:6:no:79:prop:2:formula,proposition,fac III 6 no 79 prop 2 formula,9,41.531616,fac;formula;iii;no,01MN,constructions-definition-twist,constructions.tex,1872,definition,Invertible sheaves on Proj,"egin definition egin reference ite[Chapter III, 2, no. 54 and Propositions 1 and 2, pp. 246--247] FAC ite[Chapter III, 3, no. 66, construction of F (n) and final tensor formula, pp. 259--260] FAC egin history The cited source constructs the twist of a sheaf on classical projectiv",30FFDB481EB5191EAC5163B4B9B2232EC24DBEF20695779A365165AD49B1E457,lexical_candidate_only
fac:III:6:no:79:prop:2:formula,proposition,fac III 6 no 79 prop 2 formula,10,40.230729,fac;iii;no,,algebra-lemma-graded-ext-properties,algebra.tex,13383,lemma,Graded rings,"egin lemma egin reference ite[Chapter III, 4, no. 68, principal properties and exact sequences of graded Ext, pp. 261--262] FAC ite[Chapter III, 4, no. 72, Theorem 1 and Corollary 2, pp. 265--267] FAC ite[Chapter III, 5, no. 77, graded Ext twist preceding Proposition 2, p. 271] F",30FFDB481EB5191EAC5163B4B9B2232EC24DBEF20695779A365165AD49B1E457,lexical_candidate_only
fac:III:6:no:79:prop:2:formula,proposition,fac III 6 no 79 prop 2 formula,11,39.581358,fac;iii;no,01XD,coherent-lemma-cech-cohomology-quasi-coherent,coherent.tex,278,lemma,Cech cohomology of quasi-coherent sheaves,"egin lemma egin reference ite[Chapter II, 3, no. 47, Proposition 8 and Theorem 4, pp. 239--240] FAC ite[Chapter III, 1, no. 52, Proposition 2, p. 244] FAC ite[Chapter III, 3, no. 64, Corollary, p. 258] FAC egin history The cited proposition proves Cech vanishing for a finite affi",30FFDB481EB5191EAC5163B4B9B2232EC24DBEF20695779A365165AD49B1E457,lexical_candidate_only
fac:III:6:no:79:prop:2:formula,proposition,fac III 6 no 79 prop 2 formula,12,37.426848,fac;iii;no,0DWR,local-cohomology-lemma-local-cohomology,local-cohomology.tex,149,lemma,Generalities,"egin lemma egin reference ite[Chapter III, 4, no. 69, definition of B q(M) , the map , and Remark, pp. 262--263] FAC ite[Chapter III, 4, no. 70, definition of T q(M) and the map * , pp. 263--264] FAC egin history In the cited case A=K[t 0, ,t r] , I=A + , and U= A K r+1 \ 0\ . Fo",30FFDB481EB5191EAC5163B4B9B2232EC24DBEF20695779A365165AD49B1E457,lexical_candidate_only
fac:III:6:no:79:prop:2:sequences,proposition,fac III 6 no 79 prop 2 sequences,1,50.802427,fac;iii;no;sequences,062F,more-algebra-lemma-regular-koszul-regular,more-algebra.tex,7340,lemma,Koszul regular sequences,"egin lemma egin reference ite[Chapter III, 3, no. 62, Proposition 1, pp. 254--255] FAC ite[Chapter III, 4, no. 69, Lemma 1, p. 262] FAC ite[Chapter III, 5, no. 75, proof of Theorem 3, pp. 269--270] FAC egin history The hypothesis of the cited proposition is precisely the injectiv",FA155AD125992112E5A241D4E10548A2A046DA5287882F0E86F1986B8086BD1E,lexical_candidate_only
fac:III:6:no:79:prop:2:sequences,proposition,fac III 6 no 79 prop 2 sequences,2,48.960904,fac;iii;no;sequences,,algebra-lemma-graded-ext-properties,algebra.tex,13383,lemma,Graded rings,"egin lemma egin reference ite[Chapter III, 4, no. 68, principal properties and exact sequences of graded Ext, pp. 261--262] FAC ite[Chapter III, 4, no. 72, Theorem 1 and Corollary 2, pp. 265--267] FAC ite[Chapter III, 5, no. 77, graded Ext twist preceding Proposition 2, p. 271] F",FA155AD125992112E5A241D4E10548A2A046DA5287882F0E86F1986B8086BD1E,lexical_candidate_only
fac:III:6:no:79:prop:2:sequences,proposition,fac III 6 no 79 prop 2 sequences,3,46.547633,fac;iii;no,01YS,coherent-lemma-coherent-projective,coherent.tex,3813,lemma,"Coherent sheaves on Proj, I","egin lemma egin reference ite[Chapter III, 1, no. 52, Proposition 2 and Corollary, p. 244] FAC ite[Chapter III, 2, no. 55, Theorem 1 and Corollary, pp. 247--248] FAC ite[Chapter III, 3, no. 63, Proposition 3(b) and (c), pp. 256--257] FAC ite[Chapter III, 3, no. 65, Proposition 7,",FA155AD125992112E5A241D4E10548A2A046DA5287882F0E86F1986B8086BD1E,lexical_candidate_only
fac:III:6:no:79:prop:2:sequences,proposition,fac III 6 no 79 prop 2 sequences,4,46.472398,fac;iii;no,01M7,constructions-lemma-proj-sheaves,constructions.tex,1221,lemma,Proj of a graded ring,"egin lemma egin reference ite[Chapter III, 2, no. 54, Proposition 1, pp. 246--247] FAC ite[Chapter III, 2, no. 57, pp. 249--250] FAC ite[Chapter III, 2, no. 58, Proposition 3, p. 250] FAC ite[Chapter III, 3, no. 64, Proposition 4 and proof, pp. 257--258] FAC egin history For the ",FA155AD125992112E5A241D4E10548A2A046DA5287882F0E86F1986B8086BD1E,lexical_candidate_only
fac:III:6:no:79:prop:2:sequences,proposition,fac III 6 no 79 prop 2 sequences,5,45.893796,fac;iii;no,0AG7,coherent-lemma-recover-tail-graded-module,coherent.tex,4109,lemma,"Coherent sheaves on Proj, I","egin lemma egin reference ite[Chapter III, 2, no. 58, Proposition 5, pp. 250--251] FAC ite[Chapter III, 3, no. 63, Proposition 3(c), pp. 256--257] FAC ite[Chapter III, 3, no. 65, Proposition 5, p. 258] FAC ite[Chapter III, 3, no. 67, proof of Proposition 9, pp. 260--261] FAC ite[",FA155AD125992112E5A241D4E10548A2A046DA5287882F0E86F1986B8086BD1E,lexical_candidate_only
fac:III:6:no:79:prop:2:sequences,proposition,fac III 6 no 79 prop 2 sequences,6,44.979168,fac;iii;no,01MT,constructions-lemma-apply-modules,constructions.tex,2027,lemma,Invertible sheaves on Proj,"egin lemma egin reference ite[Chapter III, 2, no. 54 and Propositions 1 and 2, pp. 246--247] FAC ite[Chapter III, 2, no. 58, Proposition 4 and Corollary, pp. 250--251] FAC ite[Chapter III, 2, no. 59, definition of , p. 252] FAC ite[Chapter III, 3, no. 67, definition of M and , p.",FA155AD125992112E5A241D4E10548A2A046DA5287882F0E86F1986B8086BD1E,lexical_candidate_only
fac:III:6:no:79:prop:2:sequences,proposition,fac III 6 no 79 prop 2 sequences,7,44.778764,fac;iii;no,0913,more-algebra-lemma-extended-alternating-Cech-is-colimit-koszul,more-algebra.tex,7100,lemma,The extended alternating Cech complex,"egin lemma egin reference ite[Chapter III, 3, no. 61, pp. 253--254] FAC ite[Chapter III, 3, no. 63, Proposition 3(a) and proof, pp. 256--257] FAC ite[Chapter III, 3, no. 64, Proposition 4 and Remark, pp. 257--258] FAC ite[Chapter III, 3, no. 67, Remark 2, pp. 260--261] FAC ite[Ch",FA155AD125992112E5A241D4E10548A2A046DA5287882F0E86F1986B8086BD1E,lexical_candidate_only
fac:III:6:no:79:prop:2:sequences,proposition,fac III 6 no 79 prop 2 sequences,8,43.673990,fac;iii;no,01XT,coherent-lemma-cohomology-projective-space-over-ring,coherent.tex,1670,lemma,Cohomology of projective space,"egin lemma egin reference ite[III Proposition 2.1.12] EGA ite[Chapter III, 2, no. 54, observation following Proposition 1, p. 247] FAC ite[Chapter III, 3, no. 62, Proposition 2 and Corollaries, pp. 255--256] FAC ite[Chapter III, 3, no. 65, Proposition 8, pp. 258--259] FAC ite[Cha",FA155AD125992112E5A241D4E10548A2A046DA5287882F0E86F1986B8086BD1E,lexical_candidate_only
fac:III:6:no:79:prop:2:sequences,proposition,fac III 6 no 79 prop 2 sequences,9,41.981830,fac;iii;no,0BXD,coherent-proposition-coherent-modules-on-proj,coherent.tex,4241,proposition,"Coherent sheaves on Proj, I","egin proposition egin reference ite[Chapter II, 4, no. 49, Remark 2, p. 242] FAC ite[Chapter III, 2, no. 56, class C and condition (TF), p. 249] FAC ite[Chapter III, 2, no. 58, Propositions 5 and 6, pp. 250--251] FAC ite[Chapter III, 2, no. 59, comparison maps and forecast, pp. 2",FA155AD125992112E5A241D4E10548A2A046DA5287882F0E86F1986B8086BD1E,lexical_candidate_only
fac:III:6:no:79:prop:2:sequences,proposition,fac III 6 no 79 prop 2 sequences,10,39.581358,fac;iii;no,01XD,coherent-lemma-cech-cohomology-quasi-coherent,coherent.tex,278,lemma,Cech cohomology of quasi-coherent sheaves,"egin lemma egin reference ite[Chapter II, 3, no. 47, Proposition 8 and Theorem 4, pp. 239--240] FAC ite[Chapter III, 1, no. 52, Proposition 2, p. 244] FAC ite[Chapter III, 3, no. 64, Corollary, p. 258] FAC egin history The cited proposition proves Cech vanishing for a finite affi",FA155AD125992112E5A241D4E10548A2A046DA5287882F0E86F1986B8086BD1E,lexical_candidate_only
fac:III:6:no:79:prop:2:sequences,proposition,fac III 6 no 79 prop 2 sequences,11,37.426848,fac;iii;no,0DWR,local-cohomology-lemma-local-cohomology,local-cohomology.tex,149,lemma,Generalities,"egin lemma egin reference ite[Chapter III, 4, no. 69, definition of B q(M) , the map , and Remark, pp. 262--263] FAC ite[Chapter III, 4, no. 70, definition of T q(M) and the map * , pp. 263--264] FAC egin history In the cited case A=K[t 0, ,t r] , I=A + , and U= A K r+1 \ 0\ . Fo",FA155AD125992112E5A241D4E10548A2A046DA5287882F0E86F1986B8086BD1E,lexical_candidate_only
fac:III:6:no:79:prop:2:sequences,proposition,fac III 6 no 79 prop 2 sequences,12,37.050655,fac;iii;no,01Q3,properties-proposition-characterize-ample,properties.tex,4618,proposition,Ample invertible sheaves,"egin proposition egin reference ite[Chapter III, 2, no. 55, Theorem 1 and Corollary, pp. 247--248] FAC ite[Chapter III, 3, no. 66, Theorem 2(a), p. 259] FAC egin history For O P r(K) (1) , the cited theorem proves that every coherent algebraic sheaf becomes generated by global se",FA155AD125992112E5A241D4E10548A2A046DA5287882F0E86F1986B8086BD1E,lexical_candidate_only
fac:III:6:no:80,numbered_paragraph,fac III 6 no 80,1,46.547633,fac;iii;no,01YS,coherent-lemma-coherent-projective,coherent.tex,3813,lemma,"Coherent sheaves on Proj, I","egin lemma egin reference ite[Chapter III, 1, no. 52, Proposition 2 and Corollary, p. 244] FAC ite[Chapter III, 2, no. 55, Theorem 1 and Corollary, pp. 247--248] FAC ite[Chapter III, 3, no. 63, Proposition 3(b) and (c), pp. 256--257] FAC ite[Chapter III, 3, no. 65, Proposition 7,",2D94ACD66521B42F082F675DF2170DAB4B3623AE4C6C9882C9F800869DB6F6AC,lexical_candidate_only
fac:III:6:no:80,numbered_paragraph,fac III 6 no 80,2,46.472398,fac;iii;no,01M7,constructions-lemma-proj-sheaves,constructions.tex,1221,lemma,Proj of a graded ring,"egin lemma egin reference ite[Chapter III, 2, no. 54, Proposition 1, pp. 246--247] FAC ite[Chapter III, 2, no. 57, pp. 249--250] FAC ite[Chapter III, 2, no. 58, Proposition 3, p. 250] FAC ite[Chapter III, 3, no. 64, Proposition 4 and proof, pp. 257--258] FAC egin history For the ",2D94ACD66521B42F082F675DF2170DAB4B3623AE4C6C9882C9F800869DB6F6AC,lexical_candidate_only
fac:III:6:no:80,numbered_paragraph,fac III 6 no 80,3,45.893796,fac;iii;no,0AG7,coherent-lemma-recover-tail-graded-module,coherent.tex,4109,lemma,"Coherent sheaves on Proj, I","egin lemma egin reference ite[Chapter III, 2, no. 58, Proposition 5, pp. 250--251] FAC ite[Chapter III, 3, no. 63, Proposition 3(c), pp. 256--257] FAC ite[Chapter III, 3, no. 65, Proposition 5, p. 258] FAC ite[Chapter III, 3, no. 67, proof of Proposition 9, pp. 260--261] FAC ite[",2D94ACD66521B42F082F675DF2170DAB4B3623AE4C6C9882C9F800869DB6F6AC,lexical_candidate_only
fac:III:6:no:80,numbered_paragraph,fac III 6 no 80,4,44.979168,fac;iii;no,01MT,constructions-lemma-apply-modules,constructions.tex,2027,lemma,Invertible sheaves on Proj,"egin lemma egin reference ite[Chapter III, 2, no. 54 and Propositions 1 and 2, pp. 246--247] FAC ite[Chapter III, 2, no. 58, Proposition 4 and Corollary, pp. 250--251] FAC ite[Chapter III, 2, no. 59, definition of , p. 252] FAC ite[Chapter III, 3, no. 67, definition of M and , p.",2D94ACD66521B42F082F675DF2170DAB4B3623AE4C6C9882C9F800869DB6F6AC,lexical_candidate_only
fac:III:6:no:80,numbered_paragraph,fac III 6 no 80,5,44.778764,fac;iii;no,0913,more-algebra-lemma-extended-alternating-Cech-is-colimit-koszul,more-algebra.tex,7100,lemma,The extended alternating Cech complex,"egin lemma egin reference ite[Chapter III, 3, no. 61, pp. 253--254] FAC ite[Chapter III, 3, no. 63, Proposition 3(a) and proof, pp. 256--257] FAC ite[Chapter III, 3, no. 64, Proposition 4 and Remark, pp. 257--258] FAC ite[Chapter III, 3, no. 67, Remark 2, pp. 260--261] FAC ite[Ch",2D94ACD66521B42F082F675DF2170DAB4B3623AE4C6C9882C9F800869DB6F6AC,lexical_candidate_only
fac:III:6:no:80,numbered_paragraph,fac III 6 no 80,6,43.673990,fac;iii;no,01XT,coherent-lemma-cohomology-projective-space-over-ring,coherent.tex,1670,lemma,Cohomology of projective space,"egin lemma egin reference ite[III Proposition 2.1.12] EGA ite[Chapter III, 2, no. 54, observation following Proposition 1, p. 247] FAC ite[Chapter III, 3, no. 62, Proposition 2 and Corollaries, pp. 255--256] FAC ite[Chapter III, 3, no. 65, Proposition 8, pp. 258--259] FAC ite[Cha",2D94ACD66521B42F082F675DF2170DAB4B3623AE4C6C9882C9F800869DB6F6AC,lexical_candidate_only
fac:III:6:no:80,numbered_paragraph,fac III 6 no 80,7,42.187252,fac;iii;no,062F,more-algebra-lemma-regular-koszul-regular,more-algebra.tex,7340,lemma,Koszul regular sequences,"egin lemma egin reference ite[Chapter III, 3, no. 62, Proposition 1, pp. 254--255] FAC ite[Chapter III, 4, no. 69, Lemma 1, p. 262] FAC ite[Chapter III, 5, no. 75, proof of Theorem 3, pp. 269--270] FAC egin history The hypothesis of the cited proposition is precisely the injectiv",2D94ACD66521B42F082F675DF2170DAB4B3623AE4C6C9882C9F800869DB6F6AC,lexical_candidate_only
fac:III:6:no:80,numbered_paragraph,fac III 6 no 80,8,41.981830,fac;iii;no,0BXD,coherent-proposition-coherent-modules-on-proj,coherent.tex,4241,proposition,"Coherent sheaves on Proj, I","egin proposition egin reference ite[Chapter II, 4, no. 49, Remark 2, p. 242] FAC ite[Chapter III, 2, no. 56, class C and condition (TF), p. 249] FAC ite[Chapter III, 2, no. 58, Propositions 5 and 6, pp. 250--251] FAC ite[Chapter III, 2, no. 59, comparison maps and forecast, pp. 2",2D94ACD66521B42F082F675DF2170DAB4B3623AE4C6C9882C9F800869DB6F6AC,lexical_candidate_only
fac:III:6:no:80,numbered_paragraph,fac III 6 no 80,9,40.230729,fac;iii;no,,algebra-lemma-graded-ext-properties,algebra.tex,13383,lemma,Graded rings,"egin lemma egin reference ite[Chapter III, 4, no. 68, principal properties and exact sequences of graded Ext, pp. 261--262] FAC ite[Chapter III, 4, no. 72, Theorem 1 and Corollary 2, pp. 265--267] FAC ite[Chapter III, 5, no. 77, graded Ext twist preceding Proposition 2, p. 271] F",2D94ACD66521B42F082F675DF2170DAB4B3623AE4C6C9882C9F800869DB6F6AC,lexical_candidate_only
fac:III:6:no:80,numbered_paragraph,fac III 6 no 80,10,39.581358,fac;iii;no,01XD,coherent-lemma-cech-cohomology-quasi-coherent,coherent.tex,278,lemma,Cech cohomology of quasi-coherent sheaves,"egin lemma egin reference ite[Chapter II, 3, no. 47, Proposition 8 and Theorem 4, pp. 239--240] FAC ite[Chapter III, 1, no. 52, Proposition 2, p. 244] FAC ite[Chapter III, 3, no. 64, Corollary, p. 258] FAC egin history The cited proposition proves Cech vanishing for a finite affi",2D94ACD66521B42F082F675DF2170DAB4B3623AE4C6C9882C9F800869DB6F6AC,lexical_candidate_only
fac:III:6:no:80,numbered_paragraph,fac III 6 no 80,11,37.426848,fac;iii;no,0DWR,local-cohomology-lemma-local-cohomology,local-cohomology.tex,149,lemma,Generalities,"egin lemma egin reference ite[Chapter III, 4, no. 69, definition of B q(M) , the map , and Remark, pp. 262--263] FAC ite[Chapter III, 4, no. 70, definition of T q(M) and the map * , pp. 263--264] FAC egin history In the cited case A=K[t 0, ,t r] , I=A + , and U= A K r+1 \ 0\ . Fo",2D94ACD66521B42F082F675DF2170DAB4B3623AE4C6C9882C9F800869DB6F6AC,lexical_candidate_only
fac:III:6:no:80,numbered_paragraph,fac III 6 no 80,12,37.050655,fac;iii;no,01Q3,properties-proposition-characterize-ample,properties.tex,4618,proposition,Ample invertible sheaves,"egin proposition egin reference ite[Chapter III, 2, no. 55, Theorem 1 and Corollary, pp. 247--248] FAC ite[Chapter III, 3, no. 66, Theorem 2(a), p. 259] FAC egin history For O P r(K) (1) , the cited theorem proves that every coherent algebraic sheaf becomes generated by global se",2D94ACD66521B42F082F675DF2170DAB4B3623AE4C6C9882C9F800869DB6F6AC,lexical_candidate_only
fac:III:6:no:80:prop:3,proposition,extsc Proposition 3.,0,0.000000,,,,,,,,,B5078F3C8ADF15E751BD16E40EE485D51BA9935231607838CB1A2E715343535C,no_lexical_candidate
fac:III:6:no:80:prop:3:module-resolution,proposition,fac III 6 no 80 prop 3 module-resolution,1,46.547633,fac;iii;no,01YS,coherent-lemma-coherent-projective,coherent.tex,3813,lemma,"Coherent sheaves on Proj, I","egin lemma egin reference ite[Chapter III, 1, no. 52, Proposition 2 and Corollary, p. 244] FAC ite[Chapter III, 2, no. 55, Theorem 1 and Corollary, pp. 247--248] FAC ite[Chapter III, 3, no. 63, Proposition 3(b) and (c), pp. 256--257] FAC ite[Chapter III, 3, no. 65, Proposition 7,",B2BFD84A21C27F649F28F29E55C56438BEDA9B97E977A3AA363B1E16FB708853,lexical_candidate_only
fac:III:6:no:80:prop:3:module-resolution,proposition,fac III 6 no 80 prop 3 module-resolution,2,46.472398,fac;iii;no,01M7,constructions-lemma-proj-sheaves,constructions.tex,1221,lemma,Proj of a graded ring,"egin lemma egin reference ite[Chapter III, 2, no. 54, Proposition 1, pp. 246--247] FAC ite[Chapter III, 2, no. 57, pp. 249--250] FAC ite[Chapter III, 2, no. 58, Proposition 3, p. 250] FAC ite[Chapter III, 3, no. 64, Proposition 4 and proof, pp. 257--258] FAC egin history For the ",B2BFD84A21C27F649F28F29E55C56438BEDA9B97E977A3AA363B1E16FB708853,lexical_candidate_only
fac:III:6:no:80:prop:3:module-resolution,proposition,fac III 6 no 80 prop 3 module-resolution,3,45.893796,fac;iii;no,0AG7,coherent-lemma-recover-tail-graded-module,coherent.tex,4109,lemma,"Coherent sheaves on Proj, I","egin lemma egin reference ite[Chapter III, 2, no. 58, Proposition 5, pp. 250--251] FAC ite[Chapter III, 3, no. 63, Proposition 3(c), pp. 256--257] FAC ite[Chapter III, 3, no. 65, Proposition 5, p. 258] FAC ite[Chapter III, 3, no. 67, proof of Proposition 9, pp. 260--261] FAC ite[",B2BFD84A21C27F649F28F29E55C56438BEDA9B97E977A3AA363B1E16FB708853,lexical_candidate_only
fac:III:6:no:80:prop:3:module-resolution,proposition,fac III 6 no 80 prop 3 module-resolution,4,44.979168,fac;iii;no,01MT,constructions-lemma-apply-modules,constructions.tex,2027,lemma,Invertible sheaves on Proj,"egin lemma egin reference ite[Chapter III, 2, no. 54 and Propositions 1 and 2, pp. 246--247] FAC ite[Chapter III, 2, no. 58, Proposition 4 and Corollary, pp. 250--251] FAC ite[Chapter III, 2, no. 59, definition of , p. 252] FAC ite[Chapter III, 3, no. 67, definition of M and , p.",B2BFD84A21C27F649F28F29E55C56438BEDA9B97E977A3AA363B1E16FB708853,lexical_candidate_only
fac:III:6:no:80:prop:3:module-resolution,proposition,fac III 6 no 80 prop 3 module-resolution,5,44.778764,fac;iii;no,0913,more-algebra-lemma-extended-alternating-Cech-is-colimit-koszul,more-algebra.tex,7100,lemma,The extended alternating Cech complex,"egin lemma egin reference ite[Chapter III, 3, no. 61, pp. 253--254] FAC ite[Chapter III, 3, no. 63, Proposition 3(a) and proof, pp. 256--257] FAC ite[Chapter III, 3, no. 64, Proposition 4 and Remark, pp. 257--258] FAC ite[Chapter III, 3, no. 67, Remark 2, pp. 260--261] FAC ite[Ch",B2BFD84A21C27F649F28F29E55C56438BEDA9B97E977A3AA363B1E16FB708853,lexical_candidate_only
fac:III:6:no:80:prop:3:module-resolution,proposition,fac III 6 no 80 prop 3 module-resolution,6,43.673990,fac;iii;no,01XT,coherent-lemma-cohomology-projective-space-over-ring,coherent.tex,1670,lemma,Cohomology of projective space,"egin lemma egin reference ite[III Proposition 2.1.12] EGA ite[Chapter III, 2, no. 54, observation following Proposition 1, p. 247] FAC ite[Chapter III, 3, no. 62, Proposition 2 and Corollaries, pp. 255--256] FAC ite[Chapter III, 3, no. 65, Proposition 8, pp. 258--259] FAC ite[Cha",B2BFD84A21C27F649F28F29E55C56438BEDA9B97E977A3AA363B1E16FB708853,lexical_candidate_only
fac:III:6:no:80:prop:3:module-resolution,proposition,fac III 6 no 80 prop 3 module-resolution,7,42.187252,fac;iii;no,062F,more-algebra-lemma-regular-koszul-regular,more-algebra.tex,7340,lemma,Koszul regular sequences,"egin lemma egin reference ite[Chapter III, 3, no. 62, Proposition 1, pp. 254--255] FAC ite[Chapter III, 4, no. 69, Lemma 1, p. 262] FAC ite[Chapter III, 5, no. 75, proof of Theorem 3, pp. 269--270] FAC egin history The hypothesis of the cited proposition is precisely the injectiv",B2BFD84A21C27F649F28F29E55C56438BEDA9B97E977A3AA363B1E16FB708853,lexical_candidate_only
fac:III:6:no:80:prop:3:module-resolution,proposition,fac III 6 no 80 prop 3 module-resolution,8,41.981830,fac;iii;no,0BXD,coherent-proposition-coherent-modules-on-proj,coherent.tex,4241,proposition,"Coherent sheaves on Proj, I","egin proposition egin reference ite[Chapter II, 4, no. 49, Remark 2, p. 242] FAC ite[Chapter III, 2, no. 56, class C and condition (TF), p. 249] FAC ite[Chapter III, 2, no. 58, Propositions 5 and 6, pp. 250--251] FAC ite[Chapter III, 2, no. 59, comparison maps and forecast, pp. 2",B2BFD84A21C27F649F28F29E55C56438BEDA9B97E977A3AA363B1E16FB708853,lexical_candidate_only
fac:III:6:no:80:prop:3:module-resolution,proposition,fac III 6 no 80 prop 3 module-resolution,9,40.230729,fac;iii;no,,algebra-lemma-graded-ext-properties,algebra.tex,13383,lemma,Graded rings,"egin lemma egin reference ite[Chapter III, 4, no. 68, principal properties and exact sequences of graded Ext, pp. 261--262] FAC ite[Chapter III, 4, no. 72, Theorem 1 and Corollary 2, pp. 265--267] FAC ite[Chapter III, 5, no. 77, graded Ext twist preceding Proposition 2, p. 271] F",B2BFD84A21C27F649F28F29E55C56438BEDA9B97E977A3AA363B1E16FB708853,lexical_candidate_only
fac:III:6:no:80:prop:3:module-resolution,proposition,fac III 6 no 80 prop 3 module-resolution,10,39.581358,fac;iii;no,01XD,coherent-lemma-cech-cohomology-quasi-coherent,coherent.tex,278,lemma,Cech cohomology of quasi-coherent sheaves,"egin lemma egin reference ite[Chapter II, 3, no. 47, Proposition 8 and Theorem 4, pp. 239--240] FAC ite[Chapter III, 1, no. 52, Proposition 2, p. 244] FAC ite[Chapter III, 3, no. 64, Corollary, p. 258] FAC egin history The cited proposition proves Cech vanishing for a finite affi",B2BFD84A21C27F649F28F29E55C56438BEDA9B97E977A3AA363B1E16FB708853,lexical_candidate_only
fac:III:6:no:80:prop:3:module-resolution,proposition,fac III 6 no 80 prop 3 module-resolution,11,37.426848,fac;iii;no,0DWR,local-cohomology-lemma-local-cohomology,local-cohomology.tex,149,lemma,Generalities,"egin lemma egin reference ite[Chapter III, 4, no. 69, definition of B q(M) , the map , and Remark, pp. 262--263] FAC ite[Chapter III, 4, no. 70, definition of T q(M) and the map * , pp. 263--264] FAC egin history In the cited case A=K[t 0, ,t r] , I=A + , and U= A K r+1 \ 0\ . Fo",B2BFD84A21C27F649F28F29E55C56438BEDA9B97E977A3AA363B1E16FB708853,lexical_candidate_only
fac:III:6:no:80:prop:3:module-resolution,proposition,fac III 6 no 80 prop 3 module-resolution,12,37.050655,fac;iii;no,01Q3,properties-proposition-characterize-ample,properties.tex,4618,proposition,Ample invertible sheaves,"egin proposition egin reference ite[Chapter III, 2, no. 55, Theorem 1 and Corollary, pp. 247--248] FAC ite[Chapter III, 3, no. 66, Theorem 2(a), p. 259] FAC egin history For O P r(K) (1) , the cited theorem proves that every coherent algebraic sheaf becomes generated by global se",B2BFD84A21C27F649F28F29E55C56438BEDA9B97E977A3AA363B1E16FB708853,lexical_candidate_only
fac:III:6:no:80:prop:3:sheaf-resolution,proposition,fac III 6 no 80 prop 3 sheaf-resolution,1,46.547633,fac;iii;no,01YS,coherent-lemma-coherent-projective,coherent.tex,3813,lemma,"Coherent sheaves on Proj, I","egin lemma egin reference ite[Chapter III, 1, no. 52, Proposition 2 and Corollary, p. 244] FAC ite[Chapter III, 2, no. 55, Theorem 1 and Corollary, pp. 247--248] FAC ite[Chapter III, 3, no. 63, Proposition 3(b) and (c), pp. 256--257] FAC ite[Chapter III, 3, no. 65, Proposition 7,",C49B5C21BECB50D5FBA91A571C40246D91C7DD8CB1521CF404C0691AADE3E3E6,lexical_candidate_only
fac:III:6:no:80:prop:3:sheaf-resolution,proposition,fac III 6 no 80 prop 3 sheaf-resolution,2,46.472398,fac;iii;no,01M7,constructions-lemma-proj-sheaves,constructions.tex,1221,lemma,Proj of a graded ring,"egin lemma egin reference ite[Chapter III, 2, no. 54, Proposition 1, pp. 246--247] FAC ite[Chapter III, 2, no. 57, pp. 249--250] FAC ite[Chapter III, 2, no. 58, Proposition 3, p. 250] FAC ite[Chapter III, 3, no. 64, Proposition 4 and proof, pp. 257--258] FAC egin history For the ",C49B5C21BECB50D5FBA91A571C40246D91C7DD8CB1521CF404C0691AADE3E3E6,lexical_candidate_only
fac:III:6:no:80:prop:3:sheaf-resolution,proposition,fac III 6 no 80 prop 3 sheaf-resolution,3,45.893796,fac;iii;no,0AG7,coherent-lemma-recover-tail-graded-module,coherent.tex,4109,lemma,"Coherent sheaves on Proj, I","egin lemma egin reference ite[Chapter III, 2, no. 58, Proposition 5, pp. 250--251] FAC ite[Chapter III, 3, no. 63, Proposition 3(c), pp. 256--257] FAC ite[Chapter III, 3, no. 65, Proposition 5, p. 258] FAC ite[Chapter III, 3, no. 67, proof of Proposition 9, pp. 260--261] FAC ite[",C49B5C21BECB50D5FBA91A571C40246D91C7DD8CB1521CF404C0691AADE3E3E6,lexical_candidate_only
fac:III:6:no:80:prop:3:sheaf-resolution,proposition,fac III 6 no 80 prop 3 sheaf-resolution,4,44.979168,fac;iii;no,01MT,constructions-lemma-apply-modules,constructions.tex,2027,lemma,Invertible sheaves on Proj,"egin lemma egin reference ite[Chapter III, 2, no. 54 and Propositions 1 and 2, pp. 246--247] FAC ite[Chapter III, 2, no. 58, Proposition 4 and Corollary, pp. 250--251] FAC ite[Chapter III, 2, no. 59, definition of , p. 252] FAC ite[Chapter III, 3, no. 67, definition of M and , p.",C49B5C21BECB50D5FBA91A571C40246D91C7DD8CB1521CF404C0691AADE3E3E6,lexical_candidate_only
fac:III:6:no:80:prop:3:sheaf-resolution,proposition,fac III 6 no 80 prop 3 sheaf-resolution,5,44.778764,fac;iii;no,0913,more-algebra-lemma-extended-alternating-Cech-is-colimit-koszul,more-algebra.tex,7100,lemma,The extended alternating Cech complex,"egin lemma egin reference ite[Chapter III, 3, no. 61, pp. 253--254] FAC ite[Chapter III, 3, no. 63, Proposition 3(a) and proof, pp. 256--257] FAC ite[Chapter III, 3, no. 64, Proposition 4 and Remark, pp. 257--258] FAC ite[Chapter III, 3, no. 67, Remark 2, pp. 260--261] FAC ite[Ch",C49B5C21BECB50D5FBA91A571C40246D91C7DD8CB1521CF404C0691AADE3E3E6,lexical_candidate_only
fac:III:6:no:80:prop:3:sheaf-resolution,proposition,fac III 6 no 80 prop 3 sheaf-resolution,6,43.673990,fac;iii;no,01XT,coherent-lemma-cohomology-projective-space-over-ring,coherent.tex,1670,lemma,Cohomology of projective space,"egin lemma egin reference ite[III Proposition 2.1.12] EGA ite[Chapter III, 2, no. 54, observation following Proposition 1, p. 247] FAC ite[Chapter III, 3, no. 62, Proposition 2 and Corollaries, pp. 255--256] FAC ite[Chapter III, 3, no. 65, Proposition 8, pp. 258--259] FAC ite[Cha",C49B5C21BECB50D5FBA91A571C40246D91C7DD8CB1521CF404C0691AADE3E3E6,lexical_candidate_only
fac:III:6:no:80:prop:3:sheaf-resolution,proposition,fac III 6 no 80 prop 3 sheaf-resolution,7,42.187252,fac;iii;no,062F,more-algebra-lemma-regular-koszul-regular,more-algebra.tex,7340,lemma,Koszul regular sequences,"egin lemma egin reference ite[Chapter III, 3, no. 62, Proposition 1, pp. 254--255] FAC ite[Chapter III, 4, no. 69, Lemma 1, p. 262] FAC ite[Chapter III, 5, no. 75, proof of Theorem 3, pp. 269--270] FAC egin history The hypothesis of the cited proposition is precisely the injectiv",C49B5C21BECB50D5FBA91A571C40246D91C7DD8CB1521CF404C0691AADE3E3E6,lexical_candidate_only
fac:III:6:no:80:prop:3:sheaf-resolution,proposition,fac III 6 no 80 prop 3 sheaf-resolution,8,41.981830,fac;iii;no,0BXD,coherent-proposition-coherent-modules-on-proj,coherent.tex,4241,proposition,"Coherent sheaves on Proj, I","egin proposition egin reference ite[Chapter II, 4, no. 49, Remark 2, p. 242] FAC ite[Chapter III, 2, no. 56, class C and condition (TF), p. 249] FAC ite[Chapter III, 2, no. 58, Propositions 5 and 6, pp. 250--251] FAC ite[Chapter III, 2, no. 59, comparison maps and forecast, pp. 2",C49B5C21BECB50D5FBA91A571C40246D91C7DD8CB1521CF404C0691AADE3E3E6,lexical_candidate_only
fac:III:6:no:80:prop:3:sheaf-resolution,proposition,fac III 6 no 80 prop 3 sheaf-resolution,9,40.230729,fac;iii;no,,algebra-lemma-graded-ext-properties,algebra.tex,13383,lemma,Graded rings,"egin lemma egin reference ite[Chapter III, 4, no. 68, principal properties and exact sequences of graded Ext, pp. 261--262] FAC ite[Chapter III, 4, no. 72, Theorem 1 and Corollary 2, pp. 265--267] FAC ite[Chapter III, 5, no. 77, graded Ext twist preceding Proposition 2, p. 271] F",C49B5C21BECB50D5FBA91A571C40246D91C7DD8CB1521CF404C0691AADE3E3E6,lexical_candidate_only
fac:III:6:no:80:prop:3:sheaf-resolution,proposition,fac III 6 no 80 prop 3 sheaf-resolution,10,39.581358,fac;iii;no,01XD,coherent-lemma-cech-cohomology-quasi-coherent,coherent.tex,278,lemma,Cech cohomology of quasi-coherent sheaves,"egin lemma egin reference ite[Chapter II, 3, no. 47, Proposition 8 and Theorem 4, pp. 239--240] FAC ite[Chapter III, 1, no. 52, Proposition 2, p. 244] FAC ite[Chapter III, 3, no. 64, Corollary, p. 258] FAC egin history The cited proposition proves Cech vanishing for a finite affi",C49B5C21BECB50D5FBA91A571C40246D91C7DD8CB1521CF404C0691AADE3E3E6,lexical_candidate_only
fac:III:6:no:80:prop:3:sheaf-resolution,proposition,fac III 6 no 80 prop 3 sheaf-resolution,11,37.426848,fac;iii;no,0DWR,local-cohomology-lemma-local-cohomology,local-cohomology.tex,149,lemma,Generalities,"egin lemma egin reference ite[Chapter III, 4, no. 69, definition of B q(M) , the map , and Remark, pp. 262--263] FAC ite[Chapter III, 4, no. 70, definition of T q(M) and the map * , pp. 263--264] FAC egin history In the cited case A=K[t 0, ,t r] , I=A + , and U= A K r+1 \ 0\ . Fo",C49B5C21BECB50D5FBA91A571C40246D91C7DD8CB1521CF404C0691AADE3E3E6,lexical_candidate_only
fac:III:6:no:80:prop:3:sheaf-resolution,proposition,fac III 6 no 80 prop 3 sheaf-resolution,12,37.050655,fac;iii;no,01Q3,properties-proposition-characterize-ample,properties.tex,4618,proposition,Ample invertible sheaves,"egin proposition egin reference ite[Chapter III, 2, no. 55, Theorem 1 and Corollary, pp. 247--248] FAC ite[Chapter III, 3, no. 66, Theorem 2(a), p. 259] FAC egin history For O P r(K) (1) , the cited theorem proves that every coherent algebraic sheaf becomes generated by global se",C49B5C21BECB50D5FBA91A571C40246D91C7DD8CB1521CF404C0691AADE3E3E6,lexical_candidate_only
fac:III:6:no:80:formula:chi-O-n,numbered_paragraph,fac III 6 no 80 formula chi-O-n,1,46.547633,fac;iii;no,01YS,coherent-lemma-coherent-projective,coherent.tex,3813,lemma,"Coherent sheaves on Proj, I","egin lemma egin reference ite[Chapter III, 1, no. 52, Proposition 2 and Corollary, p. 244] FAC ite[Chapter III, 2, no. 55, Theorem 1 and Corollary, pp. 247--248] FAC ite[Chapter III, 3, no. 63, Proposition 3(b) and (c), pp. 256--257] FAC ite[Chapter III, 3, no. 65, Proposition 7,",3D4A419EF50FCA7FBE6E7E377E77972B5FE5BD9405D2CF001873CF2CE38AD2C8,lexical_candidate_only
fac:III:6:no:80:formula:chi-O-n,numbered_paragraph,fac III 6 no 80 formula chi-O-n,2,46.472398,fac;iii;no,01M7,constructions-lemma-proj-sheaves,constructions.tex,1221,lemma,Proj of a graded ring,"egin lemma egin reference ite[Chapter III, 2, no. 54, Proposition 1, pp. 246--247] FAC ite[Chapter III, 2, no. 57, pp. 249--250] FAC ite[Chapter III, 2, no. 58, Proposition 3, p. 250] FAC ite[Chapter III, 3, no. 64, Proposition 4 and proof, pp. 257--258] FAC egin history For the ",3D4A419EF50FCA7FBE6E7E377E77972B5FE5BD9405D2CF001873CF2CE38AD2C8,lexical_candidate_only
fac:III:6:no:80:formula:chi-O-n,numbered_paragraph,fac III 6 no 80 formula chi-O-n,3,45.893796,fac;iii;no,0AG7,coherent-lemma-recover-tail-graded-module,coherent.tex,4109,lemma,"Coherent sheaves on Proj, I","egin lemma egin reference ite[Chapter III, 2, no. 58, Proposition 5, pp. 250--251] FAC ite[Chapter III, 3, no. 63, Proposition 3(c), pp. 256--257] FAC ite[Chapter III, 3, no. 65, Proposition 5, p. 258] FAC ite[Chapter III, 3, no. 67, proof of Proposition 9, pp. 260--261] FAC ite[",3D4A419EF50FCA7FBE6E7E377E77972B5FE5BD9405D2CF001873CF2CE38AD2C8,lexical_candidate_only
fac:III:6:no:80:formula:chi-O-n,numbered_paragraph,fac III 6 no 80 formula chi-O-n,4,44.979168,fac;iii;no,01MT,constructions-lemma-apply-modules,constructions.tex,2027,lemma,Invertible sheaves on Proj,"egin lemma egin reference ite[Chapter III, 2, no. 54 and Propositions 1 and 2, pp. 246--247] FAC ite[Chapter III, 2, no. 58, Proposition 4 and Corollary, pp. 250--251] FAC ite[Chapter III, 2, no. 59, definition of , p. 252] FAC ite[Chapter III, 3, no. 67, definition of M and , p.",3D4A419EF50FCA7FBE6E7E377E77972B5FE5BD9405D2CF001873CF2CE38AD2C8,lexical_candidate_only
fac:III:6:no:80:formula:chi-O-n,numbered_paragraph,fac III 6 no 80 formula chi-O-n,5,44.778764,fac;iii;no,0913,more-algebra-lemma-extended-alternating-Cech-is-colimit-koszul,more-algebra.tex,7100,lemma,The extended alternating Cech complex,"egin lemma egin reference ite[Chapter III, 3, no. 61, pp. 253--254] FAC ite[Chapter III, 3, no. 63, Proposition 3(a) and proof, pp. 256--257] FAC ite[Chapter III, 3, no. 64, Proposition 4 and Remark, pp. 257--258] FAC ite[Chapter III, 3, no. 67, Remark 2, pp. 260--261] FAC ite[Ch",3D4A419EF50FCA7FBE6E7E377E77972B5FE5BD9405D2CF001873CF2CE38AD2C8,lexical_candidate_only
fac:III:6:no:80:formula:chi-O-n,numbered_paragraph,fac III 6 no 80 formula chi-O-n,6,43.673990,fac;iii;no,01XT,coherent-lemma-cohomology-projective-space-over-ring,coherent.tex,1670,lemma,Cohomology of projective space,"egin lemma egin reference ite[III Proposition 2.1.12] EGA ite[Chapter III, 2, no. 54, observation following Proposition 1, p. 247] FAC ite[Chapter III, 3, no. 62, Proposition 2 and Corollaries, pp. 255--256] FAC ite[Chapter III, 3, no. 65, Proposition 8, pp. 258--259] FAC ite[Cha",3D4A419EF50FCA7FBE6E7E377E77972B5FE5BD9405D2CF001873CF2CE38AD2C8,lexical_candidate_only
fac:III:6:no:80:formula:chi-O-n,numbered_paragraph,fac III 6 no 80 formula chi-O-n,7,42.187252,fac;iii;no,062F,more-algebra-lemma-regular-koszul-regular,more-algebra.tex,7340,lemma,Koszul regular sequences,"egin lemma egin reference ite[Chapter III, 3, no. 62, Proposition 1, pp. 254--255] FAC ite[Chapter III, 4, no. 69, Lemma 1, p. 262] FAC ite[Chapter III, 5, no. 75, proof of Theorem 3, pp. 269--270] FAC egin history The hypothesis of the cited proposition is precisely the injectiv",3D4A419EF50FCA7FBE6E7E377E77972B5FE5BD9405D2CF001873CF2CE38AD2C8,lexical_candidate_only
fac:III:6:no:80:formula:chi-O-n,numbered_paragraph,fac III 6 no 80 formula chi-O-n,8,41.981830,fac;iii;no,0BXD,coherent-proposition-coherent-modules-on-proj,coherent.tex,4241,proposition,"Coherent sheaves on Proj, I","egin proposition egin reference ite[Chapter II, 4, no. 49, Remark 2, p. 242] FAC ite[Chapter III, 2, no. 56, class C and condition (TF), p. 249] FAC ite[Chapter III, 2, no. 58, Propositions 5 and 6, pp. 250--251] FAC ite[Chapter III, 2, no. 59, comparison maps and forecast, pp. 2",3D4A419EF50FCA7FBE6E7E377E77972B5FE5BD9405D2CF001873CF2CE38AD2C8,lexical_candidate_only
fac:III:6:no:80:formula:chi-O-n,numbered_paragraph,fac III 6 no 80 formula chi-O-n,9,41.531616,fac;formula;iii;no,01MN,constructions-definition-twist,constructions.tex,1872,definition,Invertible sheaves on Proj,"egin definition egin reference ite[Chapter III, 2, no. 54 and Propositions 1 and 2, pp. 246--247] FAC ite[Chapter III, 3, no. 66, construction of F (n) and final tensor formula, pp. 259--260] FAC egin history The cited source constructs the twist of a sheaf on classical projectiv",3D4A419EF50FCA7FBE6E7E377E77972B5FE5BD9405D2CF001873CF2CE38AD2C8,lexical_candidate_only
fac:III:6:no:80:formula:chi-O-n,numbered_paragraph,fac III 6 no 80 formula chi-O-n,10,40.230729,fac;iii;no,,algebra-lemma-graded-ext-properties,algebra.tex,13383,lemma,Graded rings,"egin lemma egin reference ite[Chapter III, 4, no. 68, principal properties and exact sequences of graded Ext, pp. 261--262] FAC ite[Chapter III, 4, no. 72, Theorem 1 and Corollary 2, pp. 265--267] FAC ite[Chapter III, 5, no. 77, graded Ext twist preceding Proposition 2, p. 271] F",3D4A419EF50FCA7FBE6E7E377E77972B5FE5BD9405D2CF001873CF2CE38AD2C8,lexical_candidate_only
fac:III:6:no:80:formula:chi-O-n,numbered_paragraph,fac III 6 no 80 formula chi-O-n,11,39.581358,fac;iii;no,01XD,coherent-lemma-cech-cohomology-quasi-coherent,coherent.tex,278,lemma,Cech cohomology of quasi-coherent sheaves,"egin lemma egin reference ite[Chapter II, 3, no. 47, Proposition 8 and Theorem 4, pp. 239--240] FAC ite[Chapter III, 1, no. 52, Proposition 2, p. 244] FAC ite[Chapter III, 3, no. 64, Corollary, p. 258] FAC egin history The cited proposition proves Cech vanishing for a finite affi",3D4A419EF50FCA7FBE6E7E377E77972B5FE5BD9405D2CF001873CF2CE38AD2C8,lexical_candidate_only
fac:III:6:no:80:formula:chi-O-n,numbered_paragraph,fac III 6 no 80 formula chi-O-n,12,37.426848,fac;iii;no,0DWR,local-cohomology-lemma-local-cohomology,local-cohomology.tex,149,lemma,Generalities,"egin lemma egin reference ite[Chapter III, 4, no. 69, definition of B q(M) , the map , and Remark, pp. 262--263] FAC ite[Chapter III, 4, no. 70, definition of T q(M) and the map * , pp. 263--264] FAC egin history In the cited case A=K[t 0, ,t r] , I=A + , and U= A K r+1 \ 0\ . Fo",3D4A419EF50FCA7FBE6E7E377E77972B5FE5BD9405D2CF001873CF2CE38AD2C8,lexical_candidate_only
fac:III:6:no:80:prop:4,proposition,extsc Proposition 4.,0,0.000000,,,,,,,,,E7C0A95762CBB7FBAF5D6EC02690A358B604DE1C8049D00AAED1989C8393C9C0,no_lexical_candidate
fac:III:6:no:80:prop:4:formula,proposition,fac III 6 no 80 prop 4 formula,1,46.547633,fac;iii;no,01YS,coherent-lemma-coherent-projective,coherent.tex,3813,lemma,"Coherent sheaves on Proj, I","egin lemma egin reference ite[Chapter III, 1, no. 52, Proposition 2 and Corollary, p. 244] FAC ite[Chapter III, 2, no. 55, Theorem 1 and Corollary, pp. 247--248] FAC ite[Chapter III, 3, no. 63, Proposition 3(b) and (c), pp. 256--257] FAC ite[Chapter III, 3, no. 65, Proposition 7,",196185316E3912A1249B489CC1F6E15C0B9355602D4C51B792C2981EBD9B6C77,lexical_candidate_only
fac:III:6:no:80:prop:4:formula,proposition,fac III 6 no 80 prop 4 formula,2,46.472398,fac;iii;no,01M7,constructions-lemma-proj-sheaves,constructions.tex,1221,lemma,Proj of a graded ring,"egin lemma egin reference ite[Chapter III, 2, no. 54, Proposition 1, pp. 246--247] FAC ite[Chapter III, 2, no. 57, pp. 249--250] FAC ite[Chapter III, 2, no. 58, Proposition 3, p. 250] FAC ite[Chapter III, 3, no. 64, Proposition 4 and proof, pp. 257--258] FAC egin history For the ",196185316E3912A1249B489CC1F6E15C0B9355602D4C51B792C2981EBD9B6C77,lexical_candidate_only
fac:III:6:no:80:prop:4:formula,proposition,fac III 6 no 80 prop 4 formula,3,45.893796,fac;iii;no,0AG7,coherent-lemma-recover-tail-graded-module,coherent.tex,4109,lemma,"Coherent sheaves on Proj, I","egin lemma egin reference ite[Chapter III, 2, no. 58, Proposition 5, pp. 250--251] FAC ite[Chapter III, 3, no. 63, Proposition 3(c), pp. 256--257] FAC ite[Chapter III, 3, no. 65, Proposition 5, p. 258] FAC ite[Chapter III, 3, no. 67, proof of Proposition 9, pp. 260--261] FAC ite[",196185316E3912A1249B489CC1F6E15C0B9355602D4C51B792C2981EBD9B6C77,lexical_candidate_only
fac:III:6:no:80:prop:4:formula,proposition,fac III 6 no 80 prop 4 formula,4,44.979168,fac;iii;no,01MT,constructions-lemma-apply-modules,constructions.tex,2027,lemma,Invertible sheaves on Proj,"egin lemma egin reference ite[Chapter III, 2, no. 54 and Propositions 1 and 2, pp. 246--247] FAC ite[Chapter III, 2, no. 58, Proposition 4 and Corollary, pp. 250--251] FAC ite[Chapter III, 2, no. 59, definition of , p. 252] FAC ite[Chapter III, 3, no. 67, definition of M and , p.",196185316E3912A1249B489CC1F6E15C0B9355602D4C51B792C2981EBD9B6C77,lexical_candidate_only
fac:III:6:no:80:prop:4:formula,proposition,fac III 6 no 80 prop 4 formula,5,44.778764,fac;iii;no,0913,more-algebra-lemma-extended-alternating-Cech-is-colimit-koszul,more-algebra.tex,7100,lemma,The extended alternating Cech complex,"egin lemma egin reference ite[Chapter III, 3, no. 61, pp. 253--254] FAC ite[Chapter III, 3, no. 63, Proposition 3(a) and proof, pp. 256--257] FAC ite[Chapter III, 3, no. 64, Proposition 4 and Remark, pp. 257--258] FAC ite[Chapter III, 3, no. 67, Remark 2, pp. 260--261] FAC ite[Ch",196185316E3912A1249B489CC1F6E15C0B9355602D4C51B792C2981EBD9B6C77,lexical_candidate_only
fac:III:6:no:80:prop:4:formula,proposition,fac III 6 no 80 prop 4 formula,6,43.673990,fac;iii;no,01XT,coherent-lemma-cohomology-projective-space-over-ring,coherent.tex,1670,lemma,Cohomology of projective space,"egin lemma egin reference ite[III Proposition 2.1.12] EGA ite[Chapter III, 2, no. 54, observation following Proposition 1, p. 247] FAC ite[Chapter III, 3, no. 62, Proposition 2 and Corollaries, pp. 255--256] FAC ite[Chapter III, 3, no. 65, Proposition 8, pp. 258--259] FAC ite[Cha",196185316E3912A1249B489CC1F6E15C0B9355602D4C51B792C2981EBD9B6C77,lexical_candidate_only
fac:III:6:no:80:prop:4:formula,proposition,fac III 6 no 80 prop 4 formula,7,42.187252,fac;iii;no,062F,more-algebra-lemma-regular-koszul-regular,more-algebra.tex,7340,lemma,Koszul regular sequences,"egin lemma egin reference ite[Chapter III, 3, no. 62, Proposition 1, pp. 254--255] FAC ite[Chapter III, 4, no. 69, Lemma 1, p. 262] FAC ite[Chapter III, 5, no. 75, proof of Theorem 3, pp. 269--270] FAC egin history The hypothesis of the cited proposition is precisely the injectiv",196185316E3912A1249B489CC1F6E15C0B9355602D4C51B792C2981EBD9B6C77,lexical_candidate_only
fac:III:6:no:80:prop:4:formula,proposition,fac III 6 no 80 prop 4 formula,8,41.981830,fac;iii;no,0BXD,coherent-proposition-coherent-modules-on-proj,coherent.tex,4241,proposition,"Coherent sheaves on Proj, I","egin proposition egin reference ite[Chapter II, 4, no. 49, Remark 2, p. 242] FAC ite[Chapter III, 2, no. 56, class C and condition (TF), p. 249] FAC ite[Chapter III, 2, no. 58, Propositions 5 and 6, pp. 250--251] FAC ite[Chapter III, 2, no. 59, comparison maps and forecast, pp. 2",196185316E3912A1249B489CC1F6E15C0B9355602D4C51B792C2981EBD9B6C77,lexical_candidate_only
fac:III:6:no:80:prop:4:formula,proposition,fac III 6 no 80 prop 4 formula,9,41.531616,fac;formula;iii;no,01MN,constructions-definition-twist,constructions.tex,1872,definition,Invertible sheaves on Proj,"egin definition egin reference ite[Chapter III, 2, no. 54 and Propositions 1 and 2, pp. 246--247] FAC ite[Chapter III, 3, no. 66, construction of F (n) and final tensor formula, pp. 259--260] FAC egin history The cited source constructs the twist of a sheaf on classical projectiv",196185316E3912A1249B489CC1F6E15C0B9355602D4C51B792C2981EBD9B6C77,lexical_candidate_only
fac:III:6:no:80:prop:4:formula,proposition,fac III 6 no 80 prop 4 formula,10,40.230729,fac;iii;no,,algebra-lemma-graded-ext-properties,algebra.tex,13383,lemma,Graded rings,"egin lemma egin reference ite[Chapter III, 4, no. 68, principal properties and exact sequences of graded Ext, pp. 261--262] FAC ite[Chapter III, 4, no. 72, Theorem 1 and Corollary 2, pp. 265--267] FAC ite[Chapter III, 5, no. 77, graded Ext twist preceding Proposition 2, p. 271] F",196185316E3912A1249B489CC1F6E15C0B9355602D4C51B792C2981EBD9B6C77,lexical_candidate_only
fac:III:6:no:80:prop:4:formula,proposition,fac III 6 no 80 prop 4 formula,11,39.581358,fac;iii;no,01XD,coherent-lemma-cech-cohomology-quasi-coherent,coherent.tex,278,lemma,Cech cohomology of quasi-coherent sheaves,"egin lemma egin reference ite[Chapter II, 3, no. 47, Proposition 8 and Theorem 4, pp. 239--240] FAC ite[Chapter III, 1, no. 52, Proposition 2, p. 244] FAC ite[Chapter III, 3, no. 64, Corollary, p. 258] FAC egin history The cited proposition proves Cech vanishing for a finite affi",196185316E3912A1249B489CC1F6E15C0B9355602D4C51B792C2981EBD9B6C77,lexical_candidate_only
fac:III:6:no:80:prop:4:formula,proposition,fac III 6 no 80 prop 4 formula,12,37.426848,fac;iii;no,0DWR,local-cohomology-lemma-local-cohomology,local-cohomology.tex,149,lemma,Generalities,"egin lemma egin reference ite[Chapter III, 4, no. 69, definition of B q(M) , the map , and Remark, pp. 262--263] FAC ite[Chapter III, 4, no. 70, definition of T q(M) and the map * , pp. 263--264] FAC egin history In the cited case A=K[t 0, ,t r] , I=A + , and U= A K r+1 \ 0\ . Fo",196185316E3912A1249B489CC1F6E15C0B9355602D4C51B792C2981EBD9B6C77,lexical_candidate_only
fac:III:6:no:80:def:characteristic-function,definition,fac III 6 no 80 def characteristic-function,1,46.547633,fac;iii;no,01YS,coherent-lemma-coherent-projective,coherent.tex,3813,lemma,"Coherent sheaves on Proj, I","egin lemma egin reference ite[Chapter III, 1, no. 52, Proposition 2 and Corollary, p. 244] FAC ite[Chapter III, 2, no. 55, Theorem 1 and Corollary, pp. 247--248] FAC ite[Chapter III, 3, no. 63, Proposition 3(b) and (c), pp. 256--257] FAC ite[Chapter III, 3, no. 65, Proposition 7,",25A2AA1C747FB56EB3399B45AFB5C05A2F3F3F54F682C0F80FE68F10985E60C9,lexical_candidate_only
fac:III:6:no:80:def:characteristic-function,definition,fac III 6 no 80 def characteristic-function,2,46.472398,fac;iii;no,01M7,constructions-lemma-proj-sheaves,constructions.tex,1221,lemma,Proj of a graded ring,"egin lemma egin reference ite[Chapter III, 2, no. 54, Proposition 1, pp. 246--247] FAC ite[Chapter III, 2, no. 57, pp. 249--250] FAC ite[Chapter III, 2, no. 58, Proposition 3, p. 250] FAC ite[Chapter III, 3, no. 64, Proposition 4 and proof, pp. 257--258] FAC egin history For the ",25A2AA1C747FB56EB3399B45AFB5C05A2F3F3F54F682C0F80FE68F10985E60C9,lexical_candidate_only
fac:III:6:no:80:def:characteristic-function,definition,fac III 6 no 80 def characteristic-function,3,45.893796,fac;iii;no,0AG7,coherent-lemma-recover-tail-graded-module,coherent.tex,4109,lemma,"Coherent sheaves on Proj, I","egin lemma egin reference ite[Chapter III, 2, no. 58, Proposition 5, pp. 250--251] FAC ite[Chapter III, 3, no. 63, Proposition 3(c), pp. 256--257] FAC ite[Chapter III, 3, no. 65, Proposition 5, p. 258] FAC ite[Chapter III, 3, no. 67, proof of Proposition 9, pp. 260--261] FAC ite[",25A2AA1C747FB56EB3399B45AFB5C05A2F3F3F54F682C0F80FE68F10985E60C9,lexical_candidate_only
fac:III:6:no:80:def:characteristic-function,definition,fac III 6 no 80 def characteristic-function,4,44.979168,fac;iii;no,01MT,constructions-lemma-apply-modules,constructions.tex,2027,lemma,Invertible sheaves on Proj,"egin lemma egin reference ite[Chapter III, 2, no. 54 and Propositions 1 and 2, pp. 246--247] FAC ite[Chapter III, 2, no. 58, Proposition 4 and Corollary, pp. 250--251] FAC ite[Chapter III, 2, no. 59, definition of , p. 252] FAC ite[Chapter III, 3, no. 67, definition of M and , p.",25A2AA1C747FB56EB3399B45AFB5C05A2F3F3F54F682C0F80FE68F10985E60C9,lexical_candidate_only
fac:III:6:no:80:def:characteristic-function,definition,fac III 6 no 80 def characteristic-function,5,44.778764,fac;iii;no,0913,more-algebra-lemma-extended-alternating-Cech-is-colimit-koszul,more-algebra.tex,7100,lemma,The extended alternating Cech complex,"egin lemma egin reference ite[Chapter III, 3, no. 61, pp. 253--254] FAC ite[Chapter III, 3, no. 63, Proposition 3(a) and proof, pp. 256--257] FAC ite[Chapter III, 3, no. 64, Proposition 4 and Remark, pp. 257--258] FAC ite[Chapter III, 3, no. 67, Remark 2, pp. 260--261] FAC ite[Ch",25A2AA1C747FB56EB3399B45AFB5C05A2F3F3F54F682C0F80FE68F10985E60C9,lexical_candidate_only
fac:III:6:no:80:def:characteristic-function,definition,fac III 6 no 80 def characteristic-function,6,43.673990,fac;iii;no,01XT,coherent-lemma-cohomology-projective-space-over-ring,coherent.tex,1670,lemma,Cohomology of projective space,"egin lemma egin reference ite[III Proposition 2.1.12] EGA ite[Chapter III, 2, no. 54, observation following Proposition 1, p. 247] FAC ite[Chapter III, 3, no. 62, Proposition 2 and Corollaries, pp. 255--256] FAC ite[Chapter III, 3, no. 65, Proposition 8, pp. 258--259] FAC ite[Cha",25A2AA1C747FB56EB3399B45AFB5C05A2F3F3F54F682C0F80FE68F10985E60C9,lexical_candidate_only
fac:III:6:no:80:def:characteristic-function,definition,fac III 6 no 80 def characteristic-function,7,42.187252,fac;iii;no,062F,more-algebra-lemma-regular-koszul-regular,more-algebra.tex,7340,lemma,Koszul regular sequences,"egin lemma egin reference ite[Chapter III, 3, no. 62, Proposition 1, pp. 254--255] FAC ite[Chapter III, 4, no. 69, Lemma 1, p. 262] FAC ite[Chapter III, 5, no. 75, proof of Theorem 3, pp. 269--270] FAC egin history The hypothesis of the cited proposition is precisely the injectiv",25A2AA1C747FB56EB3399B45AFB5C05A2F3F3F54F682C0F80FE68F10985E60C9,lexical_candidate_only
fac:III:6:no:80:def:characteristic-function,definition,fac III 6 no 80 def characteristic-function,8,41.981830,fac;iii;no,0BXD,coherent-proposition-coherent-modules-on-proj,coherent.tex,4241,proposition,"Coherent sheaves on Proj, I","egin proposition egin reference ite[Chapter II, 4, no. 49, Remark 2, p. 242] FAC ite[Chapter III, 2, no. 56, class C and condition (TF), p. 249] FAC ite[Chapter III, 2, no. 58, Propositions 5 and 6, pp. 250--251] FAC ite[Chapter III, 2, no. 59, comparison maps and forecast, pp. 2",25A2AA1C747FB56EB3399B45AFB5C05A2F3F3F54F682C0F80FE68F10985E60C9,lexical_candidate_only
fac:III:6:no:80:def:characteristic-function,definition,fac III 6 no 80 def characteristic-function,9,40.230729,fac;iii;no,,algebra-lemma-graded-ext-properties,algebra.tex,13383,lemma,Graded rings,"egin lemma egin reference ite[Chapter III, 4, no. 68, principal properties and exact sequences of graded Ext, pp. 261--262] FAC ite[Chapter III, 4, no. 72, Theorem 1 and Corollary 2, pp. 265--267] FAC ite[Chapter III, 5, no. 77, graded Ext twist preceding Proposition 2, p. 271] F",25A2AA1C747FB56EB3399B45AFB5C05A2F3F3F54F682C0F80FE68F10985E60C9,lexical_candidate_only
fac:III:6:no:80:def:characteristic-function,definition,fac III 6 no 80 def characteristic-function,10,39.581358,fac;iii;no,01XD,coherent-lemma-cech-cohomology-quasi-coherent,coherent.tex,278,lemma,Cech cohomology of quasi-coherent sheaves,"egin lemma egin reference ite[Chapter II, 3, no. 47, Proposition 8 and Theorem 4, pp. 239--240] FAC ite[Chapter III, 1, no. 52, Proposition 2, p. 244] FAC ite[Chapter III, 3, no. 64, Corollary, p. 258] FAC egin history The cited proposition proves Cech vanishing for a finite affi",25A2AA1C747FB56EB3399B45AFB5C05A2F3F3F54F682C0F80FE68F10985E60C9,lexical_candidate_only
fac:III:6:no:80:def:characteristic-function,definition,fac III 6 no 80 def characteristic-function,11,37.426848,fac;iii;no,0DWR,local-cohomology-lemma-local-cohomology,local-cohomology.tex,149,lemma,Generalities,"egin lemma egin reference ite[Chapter III, 4, no. 69, definition of B q(M) , the map , and Remark, pp. 262--263] FAC ite[Chapter III, 4, no. 70, definition of T q(M) and the map * , pp. 263--264] FAC egin history In the cited case A=K[t 0, ,t r] , I=A + , and U= A K r+1 \ 0\ . Fo",25A2AA1C747FB56EB3399B45AFB5C05A2F3F3F54F682C0F80FE68F10985E60C9,lexical_candidate_only
fac:III:6:no:80:def:characteristic-function,definition,fac III 6 no 80 def characteristic-function,12,37.050655,fac;iii;no,01Q3,properties-proposition-characterize-ample,properties.tex,4618,proposition,Ample invertible sheaves,"egin proposition egin reference ite[Chapter III, 2, no. 55, Theorem 1 and Corollary, pp. 247--248] FAC ite[Chapter III, 3, no. 66, Theorem 2(a), p. 259] FAC egin history For O P r(K) (1) , the cited theorem proves that every coherent algebraic sheaf becomes generated by global se",25A2AA1C747FB56EB3399B45AFB5C05A2F3F3F54F682C0F80FE68F10985E60C9,lexical_candidate_only
fac:III:6:no:80:formula:P-M,numbered_paragraph,fac III 6 no 80 formula P-M,1,46.547633,fac;iii;no,01YS,coherent-lemma-coherent-projective,coherent.tex,3813,lemma,"Coherent sheaves on Proj, I","egin lemma egin reference ite[Chapter III, 1, no. 52, Proposition 2 and Corollary, p. 244] FAC ite[Chapter III, 2, no. 55, Theorem 1 and Corollary, pp. 247--248] FAC ite[Chapter III, 3, no. 63, Proposition 3(b) and (c), pp. 256--257] FAC ite[Chapter III, 3, no. 65, Proposition 7,",964DD8F11373CDFE996268E9A31FFA2A9C9662FAEAA6341AD4B4020A949EE47C,lexical_candidate_only
fac:III:6:no:80:formula:P-M,numbered_paragraph,fac III 6 no 80 formula P-M,2,46.472398,fac;iii;no,01M7,constructions-lemma-proj-sheaves,constructions.tex,1221,lemma,Proj of a graded ring,"egin lemma egin reference ite[Chapter III, 2, no. 54, Proposition 1, pp. 246--247] FAC ite[Chapter III, 2, no. 57, pp. 249--250] FAC ite[Chapter III, 2, no. 58, Proposition 3, p. 250] FAC ite[Chapter III, 3, no. 64, Proposition 4 and proof, pp. 257--258] FAC egin history For the ",964DD8F11373CDFE996268E9A31FFA2A9C9662FAEAA6341AD4B4020A949EE47C,lexical_candidate_only
fac:III:6:no:80:formula:P-M,numbered_paragraph,fac III 6 no 80 formula P-M,3,45.893796,fac;iii;no,0AG7,coherent-lemma-recover-tail-graded-module,coherent.tex,4109,lemma,"Coherent sheaves on Proj, I","egin lemma egin reference ite[Chapter III, 2, no. 58, Proposition 5, pp. 250--251] FAC ite[Chapter III, 3, no. 63, Proposition 3(c), pp. 256--257] FAC ite[Chapter III, 3, no. 65, Proposition 5, p. 258] FAC ite[Chapter III, 3, no. 67, proof of Proposition 9, pp. 260--261] FAC ite[",964DD8F11373CDFE996268E9A31FFA2A9C9662FAEAA6341AD4B4020A949EE47C,lexical_candidate_only
fac:III:6:no:80:formula:P-M,numbered_paragraph,fac III 6 no 80 formula P-M,4,44.979168,fac;iii;no,01MT,constructions-lemma-apply-modules,constructions.tex,2027,lemma,Invertible sheaves on Proj,"egin lemma egin reference ite[Chapter III, 2, no. 54 and Propositions 1 and 2, pp. 246--247] FAC ite[Chapter III, 2, no. 58, Proposition 4 and Corollary, pp. 250--251] FAC ite[Chapter III, 2, no. 59, definition of , p. 252] FAC ite[Chapter III, 3, no. 67, definition of M and , p.",964DD8F11373CDFE996268E9A31FFA2A9C9662FAEAA6341AD4B4020A949EE47C,lexical_candidate_only
fac:III:6:no:80:formula:P-M,numbered_paragraph,fac III 6 no 80 formula P-M,5,44.778764,fac;iii;no,0913,more-algebra-lemma-extended-alternating-Cech-is-colimit-koszul,more-algebra.tex,7100,lemma,The extended alternating Cech complex,"egin lemma egin reference ite[Chapter III, 3, no. 61, pp. 253--254] FAC ite[Chapter III, 3, no. 63, Proposition 3(a) and proof, pp. 256--257] FAC ite[Chapter III, 3, no. 64, Proposition 4 and Remark, pp. 257--258] FAC ite[Chapter III, 3, no. 67, Remark 2, pp. 260--261] FAC ite[Ch",964DD8F11373CDFE996268E9A31FFA2A9C9662FAEAA6341AD4B4020A949EE47C,lexical_candidate_only
fac:III:6:no:80:formula:P-M,numbered_paragraph,fac III 6 no 80 formula P-M,6,43.673990,fac;iii;no,01XT,coherent-lemma-cohomology-projective-space-over-ring,coherent.tex,1670,lemma,Cohomology of projective space,"egin lemma egin reference ite[III Proposition 2.1.12] EGA ite[Chapter III, 2, no. 54, observation following Proposition 1, p. 247] FAC ite[Chapter III, 3, no. 62, Proposition 2 and Corollaries, pp. 255--256] FAC ite[Chapter III, 3, no. 65, Proposition 8, pp. 258--259] FAC ite[Cha",964DD8F11373CDFE996268E9A31FFA2A9C9662FAEAA6341AD4B4020A949EE47C,lexical_candidate_only
fac:III:6:no:80:formula:P-M,numbered_paragraph,fac III 6 no 80 formula P-M,7,42.187252,fac;iii;no,062F,more-algebra-lemma-regular-koszul-regular,more-algebra.tex,7340,lemma,Koszul regular sequences,"egin lemma egin reference ite[Chapter III, 3, no. 62, Proposition 1, pp. 254--255] FAC ite[Chapter III, 4, no. 69, Lemma 1, p. 262] FAC ite[Chapter III, 5, no. 75, proof of Theorem 3, pp. 269--270] FAC egin history The hypothesis of the cited proposition is precisely the injectiv",964DD8F11373CDFE996268E9A31FFA2A9C9662FAEAA6341AD4B4020A949EE47C,lexical_candidate_only
fac:III:6:no:80:formula:P-M,numbered_paragraph,fac III 6 no 80 formula P-M,8,41.981830,fac;iii;no,0BXD,coherent-proposition-coherent-modules-on-proj,coherent.tex,4241,proposition,"Coherent sheaves on Proj, I","egin proposition egin reference ite[Chapter II, 4, no. 49, Remark 2, p. 242] FAC ite[Chapter III, 2, no. 56, class C and condition (TF), p. 249] FAC ite[Chapter III, 2, no. 58, Propositions 5 and 6, pp. 250--251] FAC ite[Chapter III, 2, no. 59, comparison maps and forecast, pp. 2",964DD8F11373CDFE996268E9A31FFA2A9C9662FAEAA6341AD4B4020A949EE47C,lexical_candidate_only
fac:III:6:no:80:formula:P-M,numbered_paragraph,fac III 6 no 80 formula P-M,9,41.531616,fac;formula;iii;no,01MN,constructions-definition-twist,constructions.tex,1872,definition,Invertible sheaves on Proj,"egin definition egin reference ite[Chapter III, 2, no. 54 and Propositions 1 and 2, pp. 246--247] FAC ite[Chapter III, 3, no. 66, construction of F (n) and final tensor formula, pp. 259--260] FAC egin history The cited source constructs the twist of a sheaf on classical projectiv",964DD8F11373CDFE996268E9A31FFA2A9C9662FAEAA6341AD4B4020A949EE47C,lexical_candidate_only
fac:III:6:no:80:formula:P-M,numbered_paragraph,fac III 6 no 80 formula P-M,10,40.230729,fac;iii;no,,algebra-lemma-graded-ext-properties,algebra.tex,13383,lemma,Graded rings,"egin lemma egin reference ite[Chapter III, 4, no. 68, principal properties and exact sequences of graded Ext, pp. 261--262] FAC ite[Chapter III, 4, no. 72, Theorem 1 and Corollary 2, pp. 265--267] FAC ite[Chapter III, 5, no. 77, graded Ext twist preceding Proposition 2, p. 271] F",964DD8F11373CDFE996268E9A31FFA2A9C9662FAEAA6341AD4B4020A949EE47C,lexical_candidate_only
fac:III:6:no:80:formula:P-M,numbered_paragraph,fac III 6 no 80 formula P-M,11,39.581358,fac;iii;no,01XD,coherent-lemma-cech-cohomology-quasi-coherent,coherent.tex,278,lemma,Cech cohomology of quasi-coherent sheaves,"egin lemma egin reference ite[Chapter II, 3, no. 47, Proposition 8 and Theorem 4, pp. 239--240] FAC ite[Chapter III, 1, no. 52, Proposition 2, p. 244] FAC ite[Chapter III, 3, no. 64, Corollary, p. 258] FAC egin history The cited proposition proves Cech vanishing for a finite affi",964DD8F11373CDFE996268E9A31FFA2A9C9662FAEAA6341AD4B4020A949EE47C,lexical_candidate_only
fac:III:6:no:80:formula:P-M,numbered_paragraph,fac III 6 no 80 formula P-M,12,37.426848,fac;iii;no,0DWR,local-cohomology-lemma-local-cohomology,local-cohomology.tex,149,lemma,Generalities,"egin lemma egin reference ite[Chapter III, 4, no. 69, definition of B q(M) , the map , and Remark, pp. 262--263] FAC ite[Chapter III, 4, no. 70, definition of T q(M) and the map * , pp. 263--264] FAC egin history In the cited case A=K[t 0, ,t r] , I=A + , and U= A K r+1 \ 0\ . Fo",964DD8F11373CDFE996268E9A31FFA2A9C9662FAEAA6341AD4B4020A949EE47C,lexical_candidate_only
fac:III:6:no:80:def:arithmetic-genus,definition,fac III 6 no 80 def arithmetic-genus,1,46.547633,fac;iii;no,01YS,coherent-lemma-coherent-projective,coherent.tex,3813,lemma,"Coherent sheaves on Proj, I","egin lemma egin reference ite[Chapter III, 1, no. 52, Proposition 2 and Corollary, p. 244] FAC ite[Chapter III, 2, no. 55, Theorem 1 and Corollary, pp. 247--248] FAC ite[Chapter III, 3, no. 63, Proposition 3(b) and (c), pp. 256--257] FAC ite[Chapter III, 3, no. 65, Proposition 7,",D6C009D80B59510C90283F563F5EA5A702EB25E794490A4F07A30594A110BDAE,lexical_candidate_only
fac:III:6:no:80:def:arithmetic-genus,definition,fac III 6 no 80 def arithmetic-genus,2,46.472398,fac;iii;no,01M7,constructions-lemma-proj-sheaves,constructions.tex,1221,lemma,Proj of a graded ring,"egin lemma egin reference ite[Chapter III, 2, no. 54, Proposition 1, pp. 246--247] FAC ite[Chapter III, 2, no. 57, pp. 249--250] FAC ite[Chapter III, 2, no. 58, Proposition 3, p. 250] FAC ite[Chapter III, 3, no. 64, Proposition 4 and proof, pp. 257--258] FAC egin history For the ",D6C009D80B59510C90283F563F5EA5A702EB25E794490A4F07A30594A110BDAE,lexical_candidate_only
fac:III:6:no:80:def:arithmetic-genus,definition,fac III 6 no 80 def arithmetic-genus,3,45.893796,fac;iii;no,0AG7,coherent-lemma-recover-tail-graded-module,coherent.tex,4109,lemma,"Coherent sheaves on Proj, I","egin lemma egin reference ite[Chapter III, 2, no. 58, Proposition 5, pp. 250--251] FAC ite[Chapter III, 3, no. 63, Proposition 3(c), pp. 256--257] FAC ite[Chapter III, 3, no. 65, Proposition 5, p. 258] FAC ite[Chapter III, 3, no. 67, proof of Proposition 9, pp. 260--261] FAC ite[",D6C009D80B59510C90283F563F5EA5A702EB25E794490A4F07A30594A110BDAE,lexical_candidate_only
fac:III:6:no:80:def:arithmetic-genus,definition,fac III 6 no 80 def arithmetic-genus,4,44.979168,fac;iii;no,01MT,constructions-lemma-apply-modules,constructions.tex,2027,lemma,Invertible sheaves on Proj,"egin lemma egin reference ite[Chapter III, 2, no. 54 and Propositions 1 and 2, pp. 246--247] FAC ite[Chapter III, 2, no. 58, Proposition 4 and Corollary, pp. 250--251] FAC ite[Chapter III, 2, no. 59, definition of , p. 252] FAC ite[Chapter III, 3, no. 67, definition of M and , p.",D6C009D80B59510C90283F563F5EA5A702EB25E794490A4F07A30594A110BDAE,lexical_candidate_only
fac:III:6:no:80:def:arithmetic-genus,definition,fac III 6 no 80 def arithmetic-genus,5,44.778764,fac;iii;no,0913,more-algebra-lemma-extended-alternating-Cech-is-colimit-koszul,more-algebra.tex,7100,lemma,The extended alternating Cech complex,"egin lemma egin reference ite[Chapter III, 3, no. 61, pp. 253--254] FAC ite[Chapter III, 3, no. 63, Proposition 3(a) and proof, pp. 256--257] FAC ite[Chapter III, 3, no. 64, Proposition 4 and Remark, pp. 257--258] FAC ite[Chapter III, 3, no. 67, Remark 2, pp. 260--261] FAC ite[Ch",D6C009D80B59510C90283F563F5EA5A702EB25E794490A4F07A30594A110BDAE,lexical_candidate_only
fac:III:6:no:80:def:arithmetic-genus,definition,fac III 6 no 80 def arithmetic-genus,6,43.673990,fac;iii;no,01XT,coherent-lemma-cohomology-projective-space-over-ring,coherent.tex,1670,lemma,Cohomology of projective space,"egin lemma egin reference ite[III Proposition 2.1.12] EGA ite[Chapter III, 2, no. 54, observation following Proposition 1, p. 247] FAC ite[Chapter III, 3, no. 62, Proposition 2 and Corollaries, pp. 255--256] FAC ite[Chapter III, 3, no. 65, Proposition 8, pp. 258--259] FAC ite[Cha",D6C009D80B59510C90283F563F5EA5A702EB25E794490A4F07A30594A110BDAE,lexical_candidate_only
fac:III:6:no:80:def:arithmetic-genus,definition,fac III 6 no 80 def arithmetic-genus,7,42.187252,fac;iii;no,062F,more-algebra-lemma-regular-koszul-regular,more-algebra.tex,7340,lemma,Koszul regular sequences,"egin lemma egin reference ite[Chapter III, 3, no. 62, Proposition 1, pp. 254--255] FAC ite[Chapter III, 4, no. 69, Lemma 1, p. 262] FAC ite[Chapter III, 5, no. 75, proof of Theorem 3, pp. 269--270] FAC egin history The hypothesis of the cited proposition is precisely the injectiv",D6C009D80B59510C90283F563F5EA5A702EB25E794490A4F07A30594A110BDAE,lexical_candidate_only
fac:III:6:no:80:def:arithmetic-genus,definition,fac III 6 no 80 def arithmetic-genus,8,41.981830,fac;iii;no,0BXD,coherent-proposition-coherent-modules-on-proj,coherent.tex,4241,proposition,"Coherent sheaves on Proj, I","egin proposition egin reference ite[Chapter II, 4, no. 49, Remark 2, p. 242] FAC ite[Chapter III, 2, no. 56, class C and condition (TF), p. 249] FAC ite[Chapter III, 2, no. 58, Propositions 5 and 6, pp. 250--251] FAC ite[Chapter III, 2, no. 59, comparison maps and forecast, pp. 2",D6C009D80B59510C90283F563F5EA5A702EB25E794490A4F07A30594A110BDAE,lexical_candidate_only
fac:III:6:no:80:def:arithmetic-genus,definition,fac III 6 no 80 def arithmetic-genus,9,40.230729,fac;iii;no,,algebra-lemma-graded-ext-properties,algebra.tex,13383,lemma,Graded rings,"egin lemma egin reference ite[Chapter III, 4, no. 68, principal properties and exact sequences of graded Ext, pp. 261--262] FAC ite[Chapter III, 4, no. 72, Theorem 1 and Corollary 2, pp. 265--267] FAC ite[Chapter III, 5, no. 77, graded Ext twist preceding Proposition 2, p. 271] F",D6C009D80B59510C90283F563F5EA5A702EB25E794490A4F07A30594A110BDAE,lexical_candidate_only
fac:III:6:no:80:def:arithmetic-genus,definition,fac III 6 no 80 def arithmetic-genus,10,39.581358,fac;iii;no,01XD,coherent-lemma-cech-cohomology-quasi-coherent,coherent.tex,278,lemma,Cech cohomology of quasi-coherent sheaves,"egin lemma egin reference ite[Chapter II, 3, no. 47, Proposition 8 and Theorem 4, pp. 239--240] FAC ite[Chapter III, 1, no. 52, Proposition 2, p. 244] FAC ite[Chapter III, 3, no. 64, Corollary, p. 258] FAC egin history The cited proposition proves Cech vanishing for a finite affi",D6C009D80B59510C90283F563F5EA5A702EB25E794490A4F07A30594A110BDAE,lexical_candidate_only
fac:III:6:no:80:def:arithmetic-genus,definition,fac III 6 no 80 def arithmetic-genus,11,37.426848,fac;iii;no,0DWR,local-cohomology-lemma-local-cohomology,local-cohomology.tex,149,lemma,Generalities,"egin lemma egin reference ite[Chapter III, 4, no. 69, definition of B q(M) , the map , and Remark, pp. 262--263] FAC ite[Chapter III, 4, no. 70, definition of T q(M) and the map * , pp. 263--264] FAC egin history In the cited case A=K[t 0, ,t r] , I=A + , and U= A K r+1 \ 0\ . Fo",D6C009D80B59510C90283F563F5EA5A702EB25E794490A4F07A30594A110BDAE,lexical_candidate_only
fac:III:6:no:80:def:arithmetic-genus,definition,fac III 6 no 80 def arithmetic-genus,12,37.050655,fac;iii;no,01Q3,properties-proposition-characterize-ample,properties.tex,4618,proposition,Ample invertible sheaves,"egin proposition egin reference ite[Chapter III, 2, no. 55, Theorem 1 and Corollary, pp. 247--248] FAC ite[Chapter III, 3, no. 66, Theorem 2(a), p. 259] FAC egin history For O P r(K) (1) , the cited theorem proves that every coherent algebraic sheaf becomes generated by global se",D6C009D80B59510C90283F563F5EA5A702EB25E794490A4F07A30594A110BDAE,lexical_candidate_only
fac:III:6:no:80:prop:5,proposition,extsc Proposition 5.,0,0.000000,,,,,,,,,F3786C2DFCBE2B02F4E486D6025B62F6E32791CCE8F609CCEE295BA0286884A3,no_lexical_candidate
fac:III:6:no:80:prop:5:formula,proposition,fac III 6 no 80 prop 5 formula,1,46.547633,fac;iii;no,01YS,coherent-lemma-coherent-projective,coherent.tex,3813,lemma,"Coherent sheaves on Proj, I","egin lemma egin reference ite[Chapter III, 1, no. 52, Proposition 2 and Corollary, p. 244] FAC ite[Chapter III, 2, no. 55, Theorem 1 and Corollary, pp. 247--248] FAC ite[Chapter III, 3, no. 63, Proposition 3(b) and (c), pp. 256--257] FAC ite[Chapter III, 3, no. 65, Proposition 7,",7FB32AFC87F519301022B11B708BA901D8823B951ACC4E167766C1BD740E570B,lexical_candidate_only
fac:III:6:no:80:prop:5:formula,proposition,fac III 6 no 80 prop 5 formula,2,46.472398,fac;iii;no,01M7,constructions-lemma-proj-sheaves,constructions.tex,1221,lemma,Proj of a graded ring,"egin lemma egin reference ite[Chapter III, 2, no. 54, Proposition 1, pp. 246--247] FAC ite[Chapter III, 2, no. 57, pp. 249--250] FAC ite[Chapter III, 2, no. 58, Proposition 3, p. 250] FAC ite[Chapter III, 3, no. 64, Proposition 4 and proof, pp. 257--258] FAC egin history For the ",7FB32AFC87F519301022B11B708BA901D8823B951ACC4E167766C1BD740E570B,lexical_candidate_only
fac:III:6:no:80:prop:5:formula,proposition,fac III 6 no 80 prop 5 formula,3,45.893796,fac;iii;no,0AG7,coherent-lemma-recover-tail-graded-module,coherent.tex,4109,lemma,"Coherent sheaves on Proj, I","egin lemma egin reference ite[Chapter III, 2, no. 58, Proposition 5, pp. 250--251] FAC ite[Chapter III, 3, no. 63, Proposition 3(c), pp. 256--257] FAC ite[Chapter III, 3, no. 65, Proposition 5, p. 258] FAC ite[Chapter III, 3, no. 67, proof of Proposition 9, pp. 260--261] FAC ite[",7FB32AFC87F519301022B11B708BA901D8823B951ACC4E167766C1BD740E570B,lexical_candidate_only
fac:III:6:no:80:prop:5:formula,proposition,fac III 6 no 80 prop 5 formula,4,44.979168,fac;iii;no,01MT,constructions-lemma-apply-modules,constructions.tex,2027,lemma,Invertible sheaves on Proj,"egin lemma egin reference ite[Chapter III, 2, no. 54 and Propositions 1 and 2, pp. 246--247] FAC ite[Chapter III, 2, no. 58, Proposition 4 and Corollary, pp. 250--251] FAC ite[Chapter III, 2, no. 59, definition of , p. 252] FAC ite[Chapter III, 3, no. 67, definition of M and , p.",7FB32AFC87F519301022B11B708BA901D8823B951ACC4E167766C1BD740E570B,lexical_candidate_only
fac:III:6:no:80:prop:5:formula,proposition,fac III 6 no 80 prop 5 formula,5,44.778764,fac;iii;no,0913,more-algebra-lemma-extended-alternating-Cech-is-colimit-koszul,more-algebra.tex,7100,lemma,The extended alternating Cech complex,"egin lemma egin reference ite[Chapter III, 3, no. 61, pp. 253--254] FAC ite[Chapter III, 3, no. 63, Proposition 3(a) and proof, pp. 256--257] FAC ite[Chapter III, 3, no. 64, Proposition 4 and Remark, pp. 257--258] FAC ite[Chapter III, 3, no. 67, Remark 2, pp. 260--261] FAC ite[Ch",7FB32AFC87F519301022B11B708BA901D8823B951ACC4E167766C1BD740E570B,lexical_candidate_only
fac:III:6:no:80:prop:5:formula,proposition,fac III 6 no 80 prop 5 formula,6,43.673990,fac;iii;no,01XT,coherent-lemma-cohomology-projective-space-over-ring,coherent.tex,1670,lemma,Cohomology of projective space,"egin lemma egin reference ite[III Proposition 2.1.12] EGA ite[Chapter III, 2, no. 54, observation following Proposition 1, p. 247] FAC ite[Chapter III, 3, no. 62, Proposition 2 and Corollaries, pp. 255--256] FAC ite[Chapter III, 3, no. 65, Proposition 8, pp. 258--259] FAC ite[Cha",7FB32AFC87F519301022B11B708BA901D8823B951ACC4E167766C1BD740E570B,lexical_candidate_only
fac:III:6:no:80:prop:5:formula,proposition,fac III 6 no 80 prop 5 formula,7,42.187252,fac;iii;no,062F,more-algebra-lemma-regular-koszul-regular,more-algebra.tex,7340,lemma,Koszul regular sequences,"egin lemma egin reference ite[Chapter III, 3, no. 62, Proposition 1, pp. 254--255] FAC ite[Chapter III, 4, no. 69, Lemma 1, p. 262] FAC ite[Chapter III, 5, no. 75, proof of Theorem 3, pp. 269--270] FAC egin history The hypothesis of the cited proposition is precisely the injectiv",7FB32AFC87F519301022B11B708BA901D8823B951ACC4E167766C1BD740E570B,lexical_candidate_only
fac:III:6:no:80:prop:5:formula,proposition,fac III 6 no 80 prop 5 formula,8,41.981830,fac;iii;no,0BXD,coherent-proposition-coherent-modules-on-proj,coherent.tex,4241,proposition,"Coherent sheaves on Proj, I","egin proposition egin reference ite[Chapter II, 4, no. 49, Remark 2, p. 242] FAC ite[Chapter III, 2, no. 56, class C and condition (TF), p. 249] FAC ite[Chapter III, 2, no. 58, Propositions 5 and 6, pp. 250--251] FAC ite[Chapter III, 2, no. 59, comparison maps and forecast, pp. 2",7FB32AFC87F519301022B11B708BA901D8823B951ACC4E167766C1BD740E570B,lexical_candidate_only
fac:III:6:no:80:prop:5:formula,proposition,fac III 6 no 80 prop 5 formula,9,41.531616,fac;formula;iii;no,01MN,constructions-definition-twist,constructions.tex,1872,definition,Invertible sheaves on Proj,"egin definition egin reference ite[Chapter III, 2, no. 54 and Propositions 1 and 2, pp. 246--247] FAC ite[Chapter III, 3, no. 66, construction of F (n) and final tensor formula, pp. 259--260] FAC egin history The cited source constructs the twist of a sheaf on classical projectiv",7FB32AFC87F519301022B11B708BA901D8823B951ACC4E167766C1BD740E570B,lexical_candidate_only
fac:III:6:no:80:prop:5:formula,proposition,fac III 6 no 80 prop 5 formula,10,40.230729,fac;iii;no,,algebra-lemma-graded-ext-properties,algebra.tex,13383,lemma,Graded rings,"egin lemma egin reference ite[Chapter III, 4, no. 68, principal properties and exact sequences of graded Ext, pp. 261--262] FAC ite[Chapter III, 4, no. 72, Theorem 1 and Corollary 2, pp. 265--267] FAC ite[Chapter III, 5, no. 77, graded Ext twist preceding Proposition 2, p. 271] F",7FB32AFC87F519301022B11B708BA901D8823B951ACC4E167766C1BD740E570B,lexical_candidate_only
fac:III:6:no:80:prop:5:formula,proposition,fac III 6 no 80 prop 5 formula,11,39.581358,fac;iii;no,01XD,coherent-lemma-cech-cohomology-quasi-coherent,coherent.tex,278,lemma,Cech cohomology of quasi-coherent sheaves,"egin lemma egin reference ite[Chapter II, 3, no. 47, Proposition 8 and Theorem 4, pp. 239--240] FAC ite[Chapter III, 1, no. 52, Proposition 2, p. 244] FAC ite[Chapter III, 3, no. 64, Corollary, p. 258] FAC egin history The cited proposition proves Cech vanishing for a finite affi",7FB32AFC87F519301022B11B708BA901D8823B951ACC4E167766C1BD740E570B,lexical_candidate_only
fac:III:6:no:80:prop:5:formula,proposition,fac III 6 no 80 prop 5 formula,12,37.426848,fac;iii;no,0DWR,local-cohomology-lemma-local-cohomology,local-cohomology.tex,149,lemma,Generalities,"egin lemma egin reference ite[Chapter III, 4, no. 69, definition of B q(M) , the map , and Remark, pp. 262--263] FAC ite[Chapter III, 4, no. 70, definition of T q(M) and the map * , pp. 263--264] FAC egin history In the cited case A=K[t 0, ,t r] , I=A + , and U= A K r+1 \ 0\ . Fo",7FB32AFC87F519301022B11B708BA901D8823B951ACC4E167766C1BD740E570B,lexical_candidate_only
fac:III:6:no:80:remark:1,remark,extsc Remarks,1,18.944479,remarks,0CDS,pic-section-remarks-picard,pic.tex,1395,section,Some remarks on Picard groups,"Some remarks on Picard groups This section continues the discussion in Varieties, Section ef varieties-section-picard-groups and will be continued in Algebraic Curves, Section ef curv",7BA9C6CB5187A3A1A58F9AE886618C5FF212F153ACB9FC02451BBB907614E681,lexical_candidate_only
fac:III:6:no:80:remark:1,remark,extsc Remarks,2,18.641519,remarks,0GQS,stacks-cohomology-section-further-remarks,stacks-cohomology.tex,2230,section,Further remarks on quasi-coherent modules,Further remarks on quasi-coherent modules In this section we collect some results that to help understand how to use quasi-coherent modules on algebraic stacks. Let f : U,7BA9C6CB5187A3A1A58F9AE886618C5FF212F153ACB9FC02451BBB907614E681,lexical_candidate_only
fac:III:6:no:80:remark:1,remark,extsc Remarks,3,17.924883,remarks,026C,stacks-remarks-definition-descent-datum,stacks.tex,341,remarks,Descent data in fibred categories,"egin remarks Two remarks on Definition ef definition-descent-data are in order. Let p : S o C be a fibred category. Let \ f i : U i o U\ i I , and (X i, arphi ij ) be as in Definition ef definition-descent-data . egin enumerate There is a diagonal morphism : U i o U i imes U U i ",7BA9C6CB5187A3A1A58F9AE886618C5FF212F153ACB9FC02451BBB907614E681,lexical_candidate_only
fac:III:6:no:80:remark:1,remark,extsc Remarks,4,17.788117,remarks,02F5,exercises-remarks-divisors,exercises.tex,4869,remarks,Divisors,egin remarks Here are some trivial remarks. egin enumerate On a Noetherian integral scheme X the sheaf K X is constant with value the function field K(X) . To make sense out of the definitions above one needs to show that ext length O ( O /(ab)) = ext length O ( O /(a)) + ext len,7BA9C6CB5187A3A1A58F9AE886618C5FF212F153ACB9FC02451BBB907614E681,lexical_candidate_only
fac:III:6:no:80:remark:1,remark,extsc Remarks,5,17.520752,remarks,06GK,formal-defos-remarks-cofibered-groupoids,formal-defos.tex,1164,remarks,Categories cofibered in groupoids,egin remarks Everything about categories fibered in groupoids translates directly to the cofibered setting. The following remarks are meant to fix notation. Let C be a category. egin enumerate We often omit the functor p: F o C from the notation. The fiber category over an object,7BA9C6CB5187A3A1A58F9AE886618C5FF212F153ACB9FC02451BBB907614E681,lexical_candidate_only
fac:III:6:no:80:remark:1,remark,extsc Remarks,6,17.368019,remarks,06TD,formal-defos-section-minimality,formal-defos.tex,6828,section,Remarks regarding minimality,Remarks regarding minimality The main theorem of this chapter is Theorem ef theorem-presentation-deformation-groupoid above. It describes completely those categories cofibred in groupoids,7BA9C6CB5187A3A1A58F9AE886618C5FF212F153ACB9FC02451BBB907614E681,lexical_candidate_only
fac:III:6:no:80:remark:1,remark,extsc Remarks,7,16.988342,remarks,07D6,injectives-section-additional-Grothendieck,injectives.tex,1896,section,Additional remarks on Grothendieck abelian categories,Additional remarks on Grothendieck abelian categories In this section we put some results on Grothendieck abelian categories which are folklore. egin lemma Let,7BA9C6CB5187A3A1A58F9AE886618C5FF212F153ACB9FC02451BBB907614E681,lexical_candidate_only
fac:III:6:no:80:remark:1,remark,extsc Remarks,8,16.804662,remarks,025T,spaces-section-general,spaces.tex,77,section,General remarks,"General remarks We work in a suitable big fppf site fppf as in Topologies, Definition ef topologies-definition-big-fppf-site . So, if not explicitly stated otherwise all",7BA9C6CB5187A3A1A58F9AE886618C5FF212F153ACB9FC02451BBB907614E681,lexical_candidate_only
fac:III:6:no:80:remark:1,remark,extsc Remarks,9,15.466824,remarks,07JI,crystalline-section-cohomology-lqc,crystalline.tex,3298,section,General remarks on cohomology,General remarks on cohomology In this section we do a bit of work to translate the cohomology of modules on the cristalline site of an affine scheme into an algebraic question. egin lem,7BA9C6CB5187A3A1A58F9AE886618C5FF212F153ACB9FC02451BBB907614E681,lexical_candidate_only
fac:III:6:no:80:remark:1,remark,extsc Remarks,10,15.018460,remarks,040S,etale-cohomology-remarks-enough-points,etale-cohomology.tex,3583,remarks,"Neighborhoods, stalks and points","egin remarks On points of the geometric sites. egin enumerate Theorem ef theorem-exactness-stalks says that the family of points of S given by the geometric points of S (Lemma ef lemma-stalk-gives-point ) is conservative, see Sites, Definition ef sites-definition-enough-points . ",7BA9C6CB5187A3A1A58F9AE886618C5FF212F153ACB9FC02451BBB907614E681,lexical_candidate_only
fac:III:6:no:80:remark:1,remark,extsc Remarks,11,14.969239,remarks,07D8,injectives-lemma-grothendieck-products,injectives.tex,1972,lemma,Additional remarks on Grothendieck abelian categories,egin lemma A Grothendieck abelian category has Ab3*.,7BA9C6CB5187A3A1A58F9AE886618C5FF212F153ACB9FC02451BBB907614E681,lexical_candidate_only
fac:III:6:no:80:remark:1,remark,extsc Remarks,12,14.595359,remarks,03OE,etale-cohomology-remarks-theorem-modules-exactness,etale-cohomology.tex,1300,remarks,Faithfully flat descent,"egin remarks The results on descent of modules have several applications: egin enumerate The exactness of the Cech complex in positive degrees for the covering \ (B) o (A)\ where A o B is faithfully flat. This will give some vanishing of cohomology. If (N, arphi) is a descent dat",7BA9C6CB5187A3A1A58F9AE886618C5FF212F153ACB9FC02451BBB907614E681,lexical_candidate_only
fac:III:6:no:80:remark:2,remark,fac III 6 no 80 remark 2,1,51.658110,fac;iii;no;remark,0913,more-algebra-lemma-extended-alternating-Cech-is-colimit-koszul,more-algebra.tex,7100,lemma,The extended alternating Cech complex,"egin lemma egin reference ite[Chapter III, 3, no. 61, pp. 253--254] FAC ite[Chapter III, 3, no. 63, Proposition 3(a) and proof, pp. 256--257] FAC ite[Chapter III, 3, no. 64, Proposition 4 and Remark, pp. 257--258] FAC ite[Chapter III, 3, no. 67, Remark 2, pp. 260--261] FAC ite[Ch",ADE964326E1ADF7BFC7FD489E63FA4DCF45CE89130BE5011106B1E8C47800950,lexical_candidate_only
fac:III:6:no:80:remark:2,remark,fac III 6 no 80 remark 2,2,46.636189,fac;iii;no;remark,0BXD,coherent-proposition-coherent-modules-on-proj,coherent.tex,4241,proposition,"Coherent sheaves on Proj, I","egin proposition egin reference ite[Chapter II, 4, no. 49, Remark 2, p. 242] FAC ite[Chapter III, 2, no. 56, class C and condition (TF), p. 249] FAC ite[Chapter III, 2, no. 58, Propositions 5 and 6, pp. 250--251] FAC ite[Chapter III, 2, no. 59, comparison maps and forecast, pp. 2",ADE964326E1ADF7BFC7FD489E63FA4DCF45CE89130BE5011106B1E8C47800950,lexical_candidate_only
fac:III:6:no:80:remark:2,remark,fac III 6 no 80 remark 2,3,46.547633,fac;iii;no,01YS,coherent-lemma-coherent-projective,coherent.tex,3813,lemma,"Coherent sheaves on Proj, I","egin lemma egin reference ite[Chapter III, 1, no. 52, Proposition 2 and Corollary, p. 244] FAC ite[Chapter III, 2, no. 55, Theorem 1 and Corollary, pp. 247--248] FAC ite[Chapter III, 3, no. 63, Proposition 3(b) and (c), pp. 256--257] FAC ite[Chapter III, 3, no. 65, Proposition 7,",ADE964326E1ADF7BFC7FD489E63FA4DCF45CE89130BE5011106B1E8C47800950,lexical_candidate_only
fac:III:6:no:80:remark:2,remark,fac III 6 no 80 remark 2,4,46.472398,fac;iii;no,01M7,constructions-lemma-proj-sheaves,constructions.tex,1221,lemma,Proj of a graded ring,"egin lemma egin reference ite[Chapter III, 2, no. 54, Proposition 1, pp. 246--247] FAC ite[Chapter III, 2, no. 57, pp. 249--250] FAC ite[Chapter III, 2, no. 58, Proposition 3, p. 250] FAC ite[Chapter III, 3, no. 64, Proposition 4 and proof, pp. 257--258] FAC egin history For the ",ADE964326E1ADF7BFC7FD489E63FA4DCF45CE89130BE5011106B1E8C47800950,lexical_candidate_only
fac:III:6:no:80:remark:2,remark,fac III 6 no 80 remark 2,5,45.893796,fac;iii;no,0AG7,coherent-lemma-recover-tail-graded-module,coherent.tex,4109,lemma,"Coherent sheaves on Proj, I","egin lemma egin reference ite[Chapter III, 2, no. 58, Proposition 5, pp. 250--251] FAC ite[Chapter III, 3, no. 63, Proposition 3(c), pp. 256--257] FAC ite[Chapter III, 3, no. 65, Proposition 5, p. 258] FAC ite[Chapter III, 3, no. 67, proof of Proposition 9, pp. 260--261] FAC ite[",ADE964326E1ADF7BFC7FD489E63FA4DCF45CE89130BE5011106B1E8C47800950,lexical_candidate_only
fac:III:6:no:80:remark:2,remark,fac III 6 no 80 remark 2,6,44.979168,fac;iii;no,01MT,constructions-lemma-apply-modules,constructions.tex,2027,lemma,Invertible sheaves on Proj,"egin lemma egin reference ite[Chapter III, 2, no. 54 and Propositions 1 and 2, pp. 246--247] FAC ite[Chapter III, 2, no. 58, Proposition 4 and Corollary, pp. 250--251] FAC ite[Chapter III, 2, no. 59, definition of , p. 252] FAC ite[Chapter III, 3, no. 67, definition of M and , p.",ADE964326E1ADF7BFC7FD489E63FA4DCF45CE89130BE5011106B1E8C47800950,lexical_candidate_only
fac:III:6:no:80:remark:2,remark,fac III 6 no 80 remark 2,7,43.997948,fac;iii;no;remark,,algebra-remark-FAC-graded-conventions,algebra.tex,13269,remark,Graded rings,"egin remark egin reference ite[Chapter III, 2, no. 56, pp. 248--249] FAC ite[Chapter III, 4, no. 68, definition of the graded Hom module, p. 261] FAC egin history The cited source introduces these conventions for the standard polynomial ring K[t 0, , t r] . It calls an S -linear ",ADE964326E1ADF7BFC7FD489E63FA4DCF45CE89130BE5011106B1E8C47800950,lexical_candidate_only
fac:III:6:no:80:remark:2,remark,fac III 6 no 80 remark 2,8,43.673990,fac;iii;no,01XT,coherent-lemma-cohomology-projective-space-over-ring,coherent.tex,1670,lemma,Cohomology of projective space,"egin lemma egin reference ite[III Proposition 2.1.12] EGA ite[Chapter III, 2, no. 54, observation following Proposition 1, p. 247] FAC ite[Chapter III, 3, no. 62, Proposition 2 and Corollaries, pp. 255--256] FAC ite[Chapter III, 3, no. 65, Proposition 8, pp. 258--259] FAC ite[Cha",ADE964326E1ADF7BFC7FD489E63FA4DCF45CE89130BE5011106B1E8C47800950,lexical_candidate_only
fac:III:6:no:80:remark:2,remark,fac III 6 no 80 remark 2,9,42.737542,fac;iii;no;remark,0DWR,local-cohomology-lemma-local-cohomology,local-cohomology.tex,149,lemma,Generalities,"egin lemma egin reference ite[Chapter III, 4, no. 69, definition of B q(M) , the map , and Remark, pp. 262--263] FAC ite[Chapter III, 4, no. 70, definition of T q(M) and the map * , pp. 263--264] FAC egin history In the cited case A=K[t 0, ,t r] , I=A + , and U= A K r+1 \ 0\ . Fo",ADE964326E1ADF7BFC7FD489E63FA4DCF45CE89130BE5011106B1E8C47800950,lexical_candidate_only
fac:III:6:no:80:remark:2,remark,fac III 6 no 80 remark 2,10,42.187252,fac;iii;no,062F,more-algebra-lemma-regular-koszul-regular,more-algebra.tex,7340,lemma,Koszul regular sequences,"egin lemma egin reference ite[Chapter III, 3, no. 62, Proposition 1, pp. 254--255] FAC ite[Chapter III, 4, no. 69, Lemma 1, p. 262] FAC ite[Chapter III, 5, no. 75, proof of Theorem 3, pp. 269--270] FAC egin history The hypothesis of the cited proposition is precisely the injectiv",ADE964326E1ADF7BFC7FD489E63FA4DCF45CE89130BE5011106B1E8C47800950,lexical_candidate_only
fac:III:6:no:80:remark:2,remark,fac III 6 no 80 remark 2,11,41.820924,fac;iii;no;remark,,cohomology-remark-FAC-cech-colimit-notation,cohomology.tex,2605,remark,Refinements and Cech cohomology,"egin remark egin reference ite[Chapter I, 3, no. 22 and footnote 2, p. 215] FAC ite[Chapter III, 1, no. 53, Proposition 4 and Remark, pp. 245--246] FAC The source denotes this direct limit by H p(X, F ) . We use heck H p(X, F ) to distinguish it from derived-functor cohomology. T",ADE964326E1ADF7BFC7FD489E63FA4DCF45CE89130BE5011106B1E8C47800950,lexical_candidate_only
fac:III:6:no:80:remark:2,remark,fac III 6 no 80 remark 2,12,40.230729,fac;iii;no,,algebra-lemma-graded-ext-properties,algebra.tex,13383,lemma,Graded rings,"egin lemma egin reference ite[Chapter III, 4, no. 68, principal properties and exact sequences of graded Ext, pp. 261--262] FAC ite[Chapter III, 4, no. 72, Theorem 1 and Corollary 2, pp. 265--267] FAC ite[Chapter III, 5, no. 77, graded Ext twist preceding Proposition 2, p. 271] F",ADE964326E1ADF7BFC7FD489E63FA4DCF45CE89130BE5011106B1E8C47800950,lexical_candidate_only
fac:III:6:no:80:remark:3,remark,fac III 6 no 80 remark 3,1,51.658110,fac;iii;no;remark,0913,more-algebra-lemma-extended-alternating-Cech-is-colimit-koszul,more-algebra.tex,7100,lemma,The extended alternating Cech complex,"egin lemma egin reference ite[Chapter III, 3, no. 61, pp. 253--254] FAC ite[Chapter III, 3, no. 63, Proposition 3(a) and proof, pp. 256--257] FAC ite[Chapter III, 3, no. 64, Proposition 4 and Remark, pp. 257--258] FAC ite[Chapter III, 3, no. 67, Remark 2, pp. 260--261] FAC ite[Ch",B5524206D79EC1E5E5548FD2F3EE009BB2142140F65C8FDA512A30E130B29F01,lexical_candidate_only
fac:III:6:no:80:remark:3,remark,fac III 6 no 80 remark 3,2,46.636189,fac;iii;no;remark,0BXD,coherent-proposition-coherent-modules-on-proj,coherent.tex,4241,proposition,"Coherent sheaves on Proj, I","egin proposition egin reference ite[Chapter II, 4, no. 49, Remark 2, p. 242] FAC ite[Chapter III, 2, no. 56, class C and condition (TF), p. 249] FAC ite[Chapter III, 2, no. 58, Propositions 5 and 6, pp. 250--251] FAC ite[Chapter III, 2, no. 59, comparison maps and forecast, pp. 2",B5524206D79EC1E5E5548FD2F3EE009BB2142140F65C8FDA512A30E130B29F01,lexical_candidate_only
fac:III:6:no:80:remark:3,remark,fac III 6 no 80 remark 3,3,46.547633,fac;iii;no,01YS,coherent-lemma-coherent-projective,coherent.tex,3813,lemma,"Coherent sheaves on Proj, I","egin lemma egin reference ite[Chapter III, 1, no. 52, Proposition 2 and Corollary, p. 244] FAC ite[Chapter III, 2, no. 55, Theorem 1 and Corollary, pp. 247--248] FAC ite[Chapter III, 3, no. 63, Proposition 3(b) and (c), pp. 256--257] FAC ite[Chapter III, 3, no. 65, Proposition 7,",B5524206D79EC1E5E5548FD2F3EE009BB2142140F65C8FDA512A30E130B29F01,lexical_candidate_only
fac:III:6:no:80:remark:3,remark,fac III 6 no 80 remark 3,4,46.472398,fac;iii;no,01M7,constructions-lemma-proj-sheaves,constructions.tex,1221,lemma,Proj of a graded ring,"egin lemma egin reference ite[Chapter III, 2, no. 54, Proposition 1, pp. 246--247] FAC ite[Chapter III, 2, no. 57, pp. 249--250] FAC ite[Chapter III, 2, no. 58, Proposition 3, p. 250] FAC ite[Chapter III, 3, no. 64, Proposition 4 and proof, pp. 257--258] FAC egin history For the ",B5524206D79EC1E5E5548FD2F3EE009BB2142140F65C8FDA512A30E130B29F01,lexical_candidate_only
fac:III:6:no:80:remark:3,remark,fac III 6 no 80 remark 3,5,45.893796,fac;iii;no,0AG7,coherent-lemma-recover-tail-graded-module,coherent.tex,4109,lemma,"Coherent sheaves on Proj, I","egin lemma egin reference ite[Chapter III, 2, no. 58, Proposition 5, pp. 250--251] FAC ite[Chapter III, 3, no. 63, Proposition 3(c), pp. 256--257] FAC ite[Chapter III, 3, no. 65, Proposition 5, p. 258] FAC ite[Chapter III, 3, no. 67, proof of Proposition 9, pp. 260--261] FAC ite[",B5524206D79EC1E5E5548FD2F3EE009BB2142140F65C8FDA512A30E130B29F01,lexical_candidate_only
fac:III:6:no:80:remark:3,remark,fac III 6 no 80 remark 3,6,44.979168,fac;iii;no,01MT,constructions-lemma-apply-modules,constructions.tex,2027,lemma,Invertible sheaves on Proj,"egin lemma egin reference ite[Chapter III, 2, no. 54 and Propositions 1 and 2, pp. 246--247] FAC ite[Chapter III, 2, no. 58, Proposition 4 and Corollary, pp. 250--251] FAC ite[Chapter III, 2, no. 59, definition of , p. 252] FAC ite[Chapter III, 3, no. 67, definition of M and , p.",B5524206D79EC1E5E5548FD2F3EE009BB2142140F65C8FDA512A30E130B29F01,lexical_candidate_only
fac:III:6:no:80:remark:3,remark,fac III 6 no 80 remark 3,7,43.997948,fac;iii;no;remark,,algebra-remark-FAC-graded-conventions,algebra.tex,13269,remark,Graded rings,"egin remark egin reference ite[Chapter III, 2, no. 56, pp. 248--249] FAC ite[Chapter III, 4, no. 68, definition of the graded Hom module, p. 261] FAC egin history The cited source introduces these conventions for the standard polynomial ring K[t 0, , t r] . It calls an S -linear ",B5524206D79EC1E5E5548FD2F3EE009BB2142140F65C8FDA512A30E130B29F01,lexical_candidate_only
fac:III:6:no:80:remark:3,remark,fac III 6 no 80 remark 3,8,43.673990,fac;iii;no,01XT,coherent-lemma-cohomology-projective-space-over-ring,coherent.tex,1670,lemma,Cohomology of projective space,"egin lemma egin reference ite[III Proposition 2.1.12] EGA ite[Chapter III, 2, no. 54, observation following Proposition 1, p. 247] FAC ite[Chapter III, 3, no. 62, Proposition 2 and Corollaries, pp. 255--256] FAC ite[Chapter III, 3, no. 65, Proposition 8, pp. 258--259] FAC ite[Cha",B5524206D79EC1E5E5548FD2F3EE009BB2142140F65C8FDA512A30E130B29F01,lexical_candidate_only
fac:III:6:no:80:remark:3,remark,fac III 6 no 80 remark 3,9,42.737542,fac;iii;no;remark,0DWR,local-cohomology-lemma-local-cohomology,local-cohomology.tex,149,lemma,Generalities,"egin lemma egin reference ite[Chapter III, 4, no. 69, definition of B q(M) , the map , and Remark, pp. 262--263] FAC ite[Chapter III, 4, no. 70, definition of T q(M) and the map * , pp. 263--264] FAC egin history In the cited case A=K[t 0, ,t r] , I=A + , and U= A K r+1 \ 0\ . Fo",B5524206D79EC1E5E5548FD2F3EE009BB2142140F65C8FDA512A30E130B29F01,lexical_candidate_only
fac:III:6:no:80:remark:3,remark,fac III 6 no 80 remark 3,10,42.187252,fac;iii;no,062F,more-algebra-lemma-regular-koszul-regular,more-algebra.tex,7340,lemma,Koszul regular sequences,"egin lemma egin reference ite[Chapter III, 3, no. 62, Proposition 1, pp. 254--255] FAC ite[Chapter III, 4, no. 69, Lemma 1, p. 262] FAC ite[Chapter III, 5, no. 75, proof of Theorem 3, pp. 269--270] FAC egin history The hypothesis of the cited proposition is precisely the injectiv",B5524206D79EC1E5E5548FD2F3EE009BB2142140F65C8FDA512A30E130B29F01,lexical_candidate_only
fac:III:6:no:80:remark:3,remark,fac III 6 no 80 remark 3,11,41.820924,fac;iii;no;remark,,cohomology-remark-FAC-cech-colimit-notation,cohomology.tex,2605,remark,Refinements and Cech cohomology,"egin remark egin reference ite[Chapter I, 3, no. 22 and footnote 2, p. 215] FAC ite[Chapter III, 1, no. 53, Proposition 4 and Remark, pp. 245--246] FAC The source denotes this direct limit by H p(X, F ) . We use heck H p(X, F ) to distinguish it from derived-functor cohomology. T",B5524206D79EC1E5E5548FD2F3EE009BB2142140F65C8FDA512A30E130B29F01,lexical_candidate_only
fac:III:6:no:80:remark:3,remark,fac III 6 no 80 remark 3,12,40.230729,fac;iii;no,,algebra-lemma-graded-ext-properties,algebra.tex,13383,lemma,Graded rings,"egin lemma egin reference ite[Chapter III, 4, no. 68, principal properties and exact sequences of graded Ext, pp. 261--262] FAC ite[Chapter III, 4, no. 72, Theorem 1 and Corollary 2, pp. 265--267] FAC ite[Chapter III, 5, no. 77, graded Ext twist preceding Proposition 2, p. 271] F",B5524206D79EC1E5E5548FD2F3EE009BB2142140F65C8FDA512A30E130B29F01,lexical_candidate_only
fac:III:6:no:80:remark:3:formula,remark,fac III 6 no 80 remark 3 formula,1,51.658110,fac;iii;no;remark,0913,more-algebra-lemma-extended-alternating-Cech-is-colimit-koszul,more-algebra.tex,7100,lemma,The extended alternating Cech complex,"egin lemma egin reference ite[Chapter III, 3, no. 61, pp. 253--254] FAC ite[Chapter III, 3, no. 63, Proposition 3(a) and proof, pp. 256--257] FAC ite[Chapter III, 3, no. 64, Proposition 4 and Remark, pp. 257--258] FAC ite[Chapter III, 3, no. 67, Remark 2, pp. 260--261] FAC ite[Ch",32222A9942EBE16FB987AE0329799A1D200443B640437DB8C28774BDED3B260B,lexical_candidate_only
fac:III:6:no:80:remark:3:formula,remark,fac III 6 no 80 remark 3 formula,2,46.636189,fac;iii;no;remark,0BXD,coherent-proposition-coherent-modules-on-proj,coherent.tex,4241,proposition,"Coherent sheaves on Proj, I","egin proposition egin reference ite[Chapter II, 4, no. 49, Remark 2, p. 242] FAC ite[Chapter III, 2, no. 56, class C and condition (TF), p. 249] FAC ite[Chapter III, 2, no. 58, Propositions 5 and 6, pp. 250--251] FAC ite[Chapter III, 2, no. 59, comparison maps and forecast, pp. 2",32222A9942EBE16FB987AE0329799A1D200443B640437DB8C28774BDED3B260B,lexical_candidate_only
fac:III:6:no:80:remark:3:formula,remark,fac III 6 no 80 remark 3 formula,3,46.547633,fac;iii;no,01YS,coherent-lemma-coherent-projective,coherent.tex,3813,lemma,"Coherent sheaves on Proj, I","egin lemma egin reference ite[Chapter III, 1, no. 52, Proposition 2 and Corollary, p. 244] FAC ite[Chapter III, 2, no. 55, Theorem 1 and Corollary, pp. 247--248] FAC ite[Chapter III, 3, no. 63, Proposition 3(b) and (c), pp. 256--257] FAC ite[Chapter III, 3, no. 65, Proposition 7,",32222A9942EBE16FB987AE0329799A1D200443B640437DB8C28774BDED3B260B,lexical_candidate_only
fac:III:6:no:80:remark:3:formula,remark,fac III 6 no 80 remark 3 formula,4,46.472398,fac;iii;no,01M7,constructions-lemma-proj-sheaves,constructions.tex,1221,lemma,Proj of a graded ring,"egin lemma egin reference ite[Chapter III, 2, no. 54, Proposition 1, pp. 246--247] FAC ite[Chapter III, 2, no. 57, pp. 249--250] FAC ite[Chapter III, 2, no. 58, Proposition 3, p. 250] FAC ite[Chapter III, 3, no. 64, Proposition 4 and proof, pp. 257--258] FAC egin history For the ",32222A9942EBE16FB987AE0329799A1D200443B640437DB8C28774BDED3B260B,lexical_candidate_only
fac:III:6:no:80:remark:3:formula,remark,fac III 6 no 80 remark 3 formula,5,45.893796,fac;iii;no,0AG7,coherent-lemma-recover-tail-graded-module,coherent.tex,4109,lemma,"Coherent sheaves on Proj, I","egin lemma egin reference ite[Chapter III, 2, no. 58, Proposition 5, pp. 250--251] FAC ite[Chapter III, 3, no. 63, Proposition 3(c), pp. 256--257] FAC ite[Chapter III, 3, no. 65, Proposition 5, p. 258] FAC ite[Chapter III, 3, no. 67, proof of Proposition 9, pp. 260--261] FAC ite[",32222A9942EBE16FB987AE0329799A1D200443B640437DB8C28774BDED3B260B,lexical_candidate_only
fac:III:6:no:80:remark:3:formula,remark,fac III 6 no 80 remark 3 formula,6,44.979168,fac;iii;no,01MT,constructions-lemma-apply-modules,constructions.tex,2027,lemma,Invertible sheaves on Proj,"egin lemma egin reference ite[Chapter III, 2, no. 54 and Propositions 1 and 2, pp. 246--247] FAC ite[Chapter III, 2, no. 58, Proposition 4 and Corollary, pp. 250--251] FAC ite[Chapter III, 2, no. 59, definition of , p. 252] FAC ite[Chapter III, 3, no. 67, definition of M and , p.",32222A9942EBE16FB987AE0329799A1D200443B640437DB8C28774BDED3B260B,lexical_candidate_only
fac:III:6:no:80:remark:3:formula,remark,fac III 6 no 80 remark 3 formula,7,43.997948,fac;iii;no;remark,,algebra-remark-FAC-graded-conventions,algebra.tex,13269,remark,Graded rings,"egin remark egin reference ite[Chapter III, 2, no. 56, pp. 248--249] FAC ite[Chapter III, 4, no. 68, definition of the graded Hom module, p. 261] FAC egin history The cited source introduces these conventions for the standard polynomial ring K[t 0, , t r] . It calls an S -linear ",32222A9942EBE16FB987AE0329799A1D200443B640437DB8C28774BDED3B260B,lexical_candidate_only
fac:III:6:no:80:remark:3:formula,remark,fac III 6 no 80 remark 3 formula,8,43.673990,fac;iii;no,01XT,coherent-lemma-cohomology-projective-space-over-ring,coherent.tex,1670,lemma,Cohomology of projective space,"egin lemma egin reference ite[III Proposition 2.1.12] EGA ite[Chapter III, 2, no. 54, observation following Proposition 1, p. 247] FAC ite[Chapter III, 3, no. 62, Proposition 2 and Corollaries, pp. 255--256] FAC ite[Chapter III, 3, no. 65, Proposition 8, pp. 258--259] FAC ite[Cha",32222A9942EBE16FB987AE0329799A1D200443B640437DB8C28774BDED3B260B,lexical_candidate_only
fac:III:6:no:80:remark:3:formula,remark,fac III 6 no 80 remark 3 formula,9,42.737542,fac;iii;no;remark,0DWR,local-cohomology-lemma-local-cohomology,local-cohomology.tex,149,lemma,Generalities,"egin lemma egin reference ite[Chapter III, 4, no. 69, definition of B q(M) , the map , and Remark, pp. 262--263] FAC ite[Chapter III, 4, no. 70, definition of T q(M) and the map * , pp. 263--264] FAC egin history In the cited case A=K[t 0, ,t r] , I=A + , and U= A K r+1 \ 0\ . Fo",32222A9942EBE16FB987AE0329799A1D200443B640437DB8C28774BDED3B260B,lexical_candidate_only
fac:III:6:no:80:remark:3:formula,remark,fac III 6 no 80 remark 3 formula,10,42.187252,fac;iii;no,062F,more-algebra-lemma-regular-koszul-regular,more-algebra.tex,7340,lemma,Koszul regular sequences,"egin lemma egin reference ite[Chapter III, 3, no. 62, Proposition 1, pp. 254--255] FAC ite[Chapter III, 4, no. 69, Lemma 1, p. 262] FAC ite[Chapter III, 5, no. 75, proof of Theorem 3, pp. 269--270] FAC egin history The hypothesis of the cited proposition is precisely the injectiv",32222A9942EBE16FB987AE0329799A1D200443B640437DB8C28774BDED3B260B,lexical_candidate_only
fac:III:6:no:80:remark:3:formula,remark,fac III 6 no 80 remark 3 formula,11,41.820924,fac;iii;no;remark,,cohomology-remark-FAC-cech-colimit-notation,cohomology.tex,2605,remark,Refinements and Cech cohomology,"egin remark egin reference ite[Chapter I, 3, no. 22 and footnote 2, p. 215] FAC ite[Chapter III, 1, no. 53, Proposition 4 and Remark, pp. 245--246] FAC The source denotes this direct limit by H p(X, F ) . We use heck H p(X, F ) to distinguish it from derived-functor cohomology. T",32222A9942EBE16FB987AE0329799A1D200443B640437DB8C28774BDED3B260B,lexical_candidate_only
fac:III:6:no:80:remark:3:formula,remark,fac III 6 no 80 remark 3 formula,12,41.531616,fac;formula;iii;no,01MN,constructions-definition-twist,constructions.tex,1872,definition,Invertible sheaves on Proj,"egin definition egin reference ite[Chapter III, 2, no. 54 and Propositions 1 and 2, pp. 246--247] FAC ite[Chapter III, 3, no. 66, construction of F (n) and final tensor formula, pp. 259--260] FAC egin history The cited source constructs the twist of a sheaf on classical projectiv",32222A9942EBE16FB987AE0329799A1D200443B640437DB8C28774BDED3B260B,lexical_candidate_only
fac:III:6:no:81,numbered_paragraph,81. Degree of the characteristic function.,1,26.333335,degree;function;of,09G6,fields-example-degree-rational-function-field,fields.tex,466,example,Finite extensions,"egin example [Degree of a rational function field] If k is any field, then the rational function field k(t) is not a finite extension. For example the elements \ t n, n Z ight\ are linearly independent over k . In fact, if k is uncountable, then k(t) is uncountably dimensional as",1A2DAB792D2170C4074F835DF20304A64A9B0D75A4191FD313C4ECA4CF01826E,lexical_candidate_only
fac:III:6:no:81,numbered_paragraph,81. Degree of the characteristic function.,2,23.944980,characteristic;degree;function;of,0AX6,resolve-lemma-trace-extends,resolve.tex,374,lemma,A trace map in positive characteristic,"egin lemma Let S be a scheme over F p . Let f : Y o X be a finite morphism of Noetherian normal integral schemes over S . Assume egin enumerate the extension of function fields is purely inseparable of degree p , and X/S is a coherent O X -module (for example if X is of finite ty",1A2DAB792D2170C4074F835DF20304A64A9B0D75A4191FD313C4ECA4CF01826E,lexical_candidate_only
fac:III:6:no:81,numbered_paragraph,81. Degree of the characteristic function.,3,22.077928,degree;function;of,00K1,algebra-proposition-graded-hilbert-polynomial,algebra.tex,14311,proposition,Noetherian graded rings,"egin proposition Suppose that S is a Noetherian graded ring and M a finite graded S -module. Consider the function Z K' 0(S 0), n [M n] see Lemma ef lemma-graded-module-fg . If S + is generated by elements of degree 1 , then this function is a numerical polynomial.",1A2DAB792D2170C4074F835DF20304A64A9B0D75A4191FD313C4ECA4CF01826E,lexical_candidate_only
fac:III:6:no:81,numbered_paragraph,81. Degree of the characteristic function.,4,21.713072,degree;function;of,03UX,trace-definition-L-function-l-adic,trace.tex,2163,definition,L-functions,"egin definition Now assume that F is a Q -sheaf on X . In this case we define L(X, F ) := x |X| et(1 - x *T eg x | F ar x ) -1 Q ]. Note that this product converges since there are finitely many points of a given degree. We call this the L -function of F .",1A2DAB792D2170C4074F835DF20304A64A9B0D75A4191FD313C4ECA4CF01826E,lexical_candidate_only
fac:III:6:no:81,numbered_paragraph,81. Degree of the characteristic function.,5,21.619870,degree;function;of,09IB,fields-example-riemann-surface-transcendence,fields.tex,3522,example,Transcendence,"egin example Let X be a compact Riemann surface. Then the function field C (X) (see Example ef example-field-of-meromorphic-functions ) has transcendence degree one over C . In fact, any finitely generated extension of C of transcendence degree one arises from a Riemann surface. ",1A2DAB792D2170C4074F835DF20304A64A9B0D75A4191FD313C4ECA4CF01826E,lexical_candidate_only
fac:III:6:no:81,numbered_paragraph,81. Degree of the characteristic function.,6,21.560434,characteristic;degree;of,09EW,more-algebra-lemma-make-degree-q-extension,more-algebra.tex,35261,lemma,Eliminating ramification,"egin lemma Let A be a discrete valuation ring with uniformizer . If the residue characteristic of A is p > 0 , then for every n > 1 and p -power q there exists a degree q separable extension L/K totally ramified with respect to A such that the integral closure B of A in L has ram",1A2DAB792D2170C4074F835DF20304A64A9B0D75A4191FD313C4ECA4CF01826E,lexical_candidate_only
fac:III:6:no:81,numbered_paragraph,81. Degree of the characteristic function.,7,21.428523,degree;function;of,03RG,etale-cohomology-lemma-cohomology-Gm-function-field-curve,etale-cohomology.tex,10907,lemma,Galois cohomology,"egin lemma Let k be an algebraically closed field and K/k a field extension of transcendence degree 1. Then for all q 1 , H q( (K), G m) = 0 .",1A2DAB792D2170C4074F835DF20304A64A9B0D75A4191FD313C4ECA4CF01826E,lexical_candidate_only
fac:III:6:no:81,numbered_paragraph,81. Degree of the characteristic function.,8,21.349030,characteristic;degree;of,09F1,more-algebra-lemma-characteristic-p-case,more-algebra.tex,35438,lemma,Eliminating ramification,"egin lemma Let A B C be extensions of discrete valuation rings with fractions fields K L M . Assume egin enumerate A B weakly unramified, the characteristic of K is p , M is a degree p Galois extension of L , and appa A = igcap n 1 appa B p n . Then there exists a finite Galois e",1A2DAB792D2170C4074F835DF20304A64A9B0D75A4191FD313C4ECA4CF01826E,lexical_candidate_only
fac:III:6:no:81,numbered_paragraph,81. Degree of the characteristic function.,9,20.525275,characteristic;degree;of,0B4U,resolve-lemma-go-up-degree-p,resolve.tex,2132,lemma,Boundedness,egin lemma Let p be a prime number. Let A be a complete regular local ring of dimension 2 and characteristic p . Let L/K be a degree p inseparable extension of the fraction field K of A . Let B L be the integral closure of A . Then reduction to rational singularities is possible ,1A2DAB792D2170C4074F835DF20304A64A9B0D75A4191FD313C4ECA4CF01826E,lexical_candidate_only
fac:III:6:no:81,numbered_paragraph,81. Degree of the characteristic function.,10,20.066130,degree;function;of,0F27,algebraization-proposition-hilbert-triple,algebraization.tex,8286,proposition,Coherent triples,"egin proposition Let ( F , F 0, ) be a coherent triple. Let ( L , L 0, ) be an invertible coherent triple. Then the function Z Z , n hi(( F , F 0, ) ( L , L 0, ) n ) is a polynomial of degree im(ext Supp ( F )) .",1A2DAB792D2170C4074F835DF20304A64A9B0D75A4191FD313C4ECA4CF01826E,lexical_candidate_only
fac:III:6:no:81,numbered_paragraph,81. Degree of the characteristic function.,11,19.889271,characteristic;function;of,0CCX,curves-lemma-purely-inseparable,curves.tex,2551,lemma,Inseparable maps,"egin lemma Let k be a field of characteristic p > 0 . Let f : X o Y be a nonconstant morphism of proper nonsingular curves over k . If the extension k(X)/k(Y) of function fields is purely inseparable, then there exists a factorization X = X 0 o X 1 o o X n = Y such that each X i ",1A2DAB792D2170C4074F835DF20304A64A9B0D75A4191FD313C4ECA4CF01826E,lexical_candidate_only
fac:III:6:no:81,numbered_paragraph,81. Degree of the characteristic function.,12,19.859641,characteristic;degree;of,07DZ,algebra-lemma-size-extension-pth-roots,algebra.tex,44911,lemma,Formal smoothness of fields,"egin lemma Let k be a field of characteristic p > 0 . Let a 1, , a n k be elements such that ext d a 1, , ext d a n are linearly independent in k/ F p . Then the field extension k(a 1 1/p , , a n 1/p ) has degree p n over k .",1A2DAB792D2170C4074F835DF20304A64A9B0D75A4191FD313C4ECA4CF01826E,lexical_candidate_only
fac:III:6:no:81:def:support,definition,fac III 6 no 81 def support,1,46.547633,fac;iii;no,01YS,coherent-lemma-coherent-projective,coherent.tex,3813,lemma,"Coherent sheaves on Proj, I","egin lemma egin reference ite[Chapter III, 1, no. 52, Proposition 2 and Corollary, p. 244] FAC ite[Chapter III, 2, no. 55, Theorem 1 and Corollary, pp. 247--248] FAC ite[Chapter III, 3, no. 63, Proposition 3(b) and (c), pp. 256--257] FAC ite[Chapter III, 3, no. 65, Proposition 7,",91304B91D18F9D657711CBAADD14173CAD7F600E65331E6F23FE748194E2AAE5,lexical_candidate_only
fac:III:6:no:81:def:support,definition,fac III 6 no 81 def support,2,46.472398,fac;iii;no,01M7,constructions-lemma-proj-sheaves,constructions.tex,1221,lemma,Proj of a graded ring,"egin lemma egin reference ite[Chapter III, 2, no. 54, Proposition 1, pp. 246--247] FAC ite[Chapter III, 2, no. 57, pp. 249--250] FAC ite[Chapter III, 2, no. 58, Proposition 3, p. 250] FAC ite[Chapter III, 3, no. 64, Proposition 4 and proof, pp. 257--258] FAC egin history For the ",91304B91D18F9D657711CBAADD14173CAD7F600E65331E6F23FE748194E2AAE5,lexical_candidate_only
fac:III:6:no:81:def:support,definition,fac III 6 no 81 def support,3,45.893796,fac;iii;no,0AG7,coherent-lemma-recover-tail-graded-module,coherent.tex,4109,lemma,"Coherent sheaves on Proj, I","egin lemma egin reference ite[Chapter III, 2, no. 58, Proposition 5, pp. 250--251] FAC ite[Chapter III, 3, no. 63, Proposition 3(c), pp. 256--257] FAC ite[Chapter III, 3, no. 65, Proposition 5, p. 258] FAC ite[Chapter III, 3, no. 67, proof of Proposition 9, pp. 260--261] FAC ite[",91304B91D18F9D657711CBAADD14173CAD7F600E65331E6F23FE748194E2AAE5,lexical_candidate_only
fac:III:6:no:81:def:support,definition,fac III 6 no 81 def support,4,44.979168,fac;iii;no,01MT,constructions-lemma-apply-modules,constructions.tex,2027,lemma,Invertible sheaves on Proj,"egin lemma egin reference ite[Chapter III, 2, no. 54 and Propositions 1 and 2, pp. 246--247] FAC ite[Chapter III, 2, no. 58, Proposition 4 and Corollary, pp. 250--251] FAC ite[Chapter III, 2, no. 59, definition of , p. 252] FAC ite[Chapter III, 3, no. 67, definition of M and , p.",91304B91D18F9D657711CBAADD14173CAD7F600E65331E6F23FE748194E2AAE5,lexical_candidate_only
fac:III:6:no:81:def:support,definition,fac III 6 no 81 def support,5,44.778764,fac;iii;no,0913,more-algebra-lemma-extended-alternating-Cech-is-colimit-koszul,more-algebra.tex,7100,lemma,The extended alternating Cech complex,"egin lemma egin reference ite[Chapter III, 3, no. 61, pp. 253--254] FAC ite[Chapter III, 3, no. 63, Proposition 3(a) and proof, pp. 256--257] FAC ite[Chapter III, 3, no. 64, Proposition 4 and Remark, pp. 257--258] FAC ite[Chapter III, 3, no. 67, Remark 2, pp. 260--261] FAC ite[Ch",91304B91D18F9D657711CBAADD14173CAD7F600E65331E6F23FE748194E2AAE5,lexical_candidate_only
fac:III:6:no:81:def:support,definition,fac III 6 no 81 def support,6,43.673990,fac;iii;no,01XT,coherent-lemma-cohomology-projective-space-over-ring,coherent.tex,1670,lemma,Cohomology of projective space,"egin lemma egin reference ite[III Proposition 2.1.12] EGA ite[Chapter III, 2, no. 54, observation following Proposition 1, p. 247] FAC ite[Chapter III, 3, no. 62, Proposition 2 and Corollaries, pp. 255--256] FAC ite[Chapter III, 3, no. 65, Proposition 8, pp. 258--259] FAC ite[Cha",91304B91D18F9D657711CBAADD14173CAD7F600E65331E6F23FE748194E2AAE5,lexical_candidate_only
fac:III:6:no:81:def:support,definition,fac III 6 no 81 def support,7,42.187252,fac;iii;no,062F,more-algebra-lemma-regular-koszul-regular,more-algebra.tex,7340,lemma,Koszul regular sequences,"egin lemma egin reference ite[Chapter III, 3, no. 62, Proposition 1, pp. 254--255] FAC ite[Chapter III, 4, no. 69, Lemma 1, p. 262] FAC ite[Chapter III, 5, no. 75, proof of Theorem 3, pp. 269--270] FAC egin history The hypothesis of the cited proposition is precisely the injectiv",91304B91D18F9D657711CBAADD14173CAD7F600E65331E6F23FE748194E2AAE5,lexical_candidate_only
fac:III:6:no:81:def:support,definition,fac III 6 no 81 def support,8,41.981830,fac;iii;no,0BXD,coherent-proposition-coherent-modules-on-proj,coherent.tex,4241,proposition,"Coherent sheaves on Proj, I","egin proposition egin reference ite[Chapter II, 4, no. 49, Remark 2, p. 242] FAC ite[Chapter III, 2, no. 56, class C and condition (TF), p. 249] FAC ite[Chapter III, 2, no. 58, Propositions 5 and 6, pp. 250--251] FAC ite[Chapter III, 2, no. 59, comparison maps and forecast, pp. 2",91304B91D18F9D657711CBAADD14173CAD7F600E65331E6F23FE748194E2AAE5,lexical_candidate_only
fac:III:6:no:81:def:support,definition,fac III 6 no 81 def support,9,40.230729,fac;iii;no,,algebra-lemma-graded-ext-properties,algebra.tex,13383,lemma,Graded rings,"egin lemma egin reference ite[Chapter III, 4, no. 68, principal properties and exact sequences of graded Ext, pp. 261--262] FAC ite[Chapter III, 4, no. 72, Theorem 1 and Corollary 2, pp. 265--267] FAC ite[Chapter III, 5, no. 77, graded Ext twist preceding Proposition 2, p. 271] F",91304B91D18F9D657711CBAADD14173CAD7F600E65331E6F23FE748194E2AAE5,lexical_candidate_only
fac:III:6:no:81:def:support,definition,fac III 6 no 81 def support,10,39.581358,fac;iii;no,01XD,coherent-lemma-cech-cohomology-quasi-coherent,coherent.tex,278,lemma,Cech cohomology of quasi-coherent sheaves,"egin lemma egin reference ite[Chapter II, 3, no. 47, Proposition 8 and Theorem 4, pp. 239--240] FAC ite[Chapter III, 1, no. 52, Proposition 2, p. 244] FAC ite[Chapter III, 3, no. 64, Corollary, p. 258] FAC egin history The cited proposition proves Cech vanishing for a finite affi",91304B91D18F9D657711CBAADD14173CAD7F600E65331E6F23FE748194E2AAE5,lexical_candidate_only
fac:III:6:no:81:def:support,definition,fac III 6 no 81 def support,11,37.426848,fac;iii;no,0DWR,local-cohomology-lemma-local-cohomology,local-cohomology.tex,149,lemma,Generalities,"egin lemma egin reference ite[Chapter III, 4, no. 69, definition of B q(M) , the map , and Remark, pp. 262--263] FAC ite[Chapter III, 4, no. 70, definition of T q(M) and the map * , pp. 263--264] FAC egin history In the cited case A=K[t 0, ,t r] , I=A + , and U= A K r+1 \ 0\ . Fo",91304B91D18F9D657711CBAADD14173CAD7F600E65331E6F23FE748194E2AAE5,lexical_candidate_only
fac:III:6:no:81:def:support,definition,fac III 6 no 81 def support,12,37.050655,fac;iii;no,01Q3,properties-proposition-characterize-ample,properties.tex,4618,proposition,Ample invertible sheaves,"egin proposition egin reference ite[Chapter III, 2, no. 55, Theorem 1 and Corollary, pp. 247--248] FAC ite[Chapter III, 3, no. 66, Theorem 2(a), p. 259] FAC egin history For O P r(K) (1) , the cited theorem proves that every coherent algebraic sheaf becomes generated by global se",91304B91D18F9D657711CBAADD14173CAD7F600E65331E6F23FE748194E2AAE5,lexical_candidate_only
fac:III:6:no:81:primary-decomposition,numbered_paragraph,fac III 6 no 81 primary-decomposition,1,46.547633,fac;iii;no,01YS,coherent-lemma-coherent-projective,coherent.tex,3813,lemma,"Coherent sheaves on Proj, I","egin lemma egin reference ite[Chapter III, 1, no. 52, Proposition 2 and Corollary, p. 244] FAC ite[Chapter III, 2, no. 55, Theorem 1 and Corollary, pp. 247--248] FAC ite[Chapter III, 3, no. 63, Proposition 3(b) and (c), pp. 256--257] FAC ite[Chapter III, 3, no. 65, Proposition 7,",44D3D232854CDDEBAC6B450954545AAF7ADEA11A5F9D7CE6F6EB05732472DF18,lexical_candidate_only
fac:III:6:no:81:primary-decomposition,numbered_paragraph,fac III 6 no 81 primary-decomposition,2,46.472398,fac;iii;no,01M7,constructions-lemma-proj-sheaves,constructions.tex,1221,lemma,Proj of a graded ring,"egin lemma egin reference ite[Chapter III, 2, no. 54, Proposition 1, pp. 246--247] FAC ite[Chapter III, 2, no. 57, pp. 249--250] FAC ite[Chapter III, 2, no. 58, Proposition 3, p. 250] FAC ite[Chapter III, 3, no. 64, Proposition 4 and proof, pp. 257--258] FAC egin history For the ",44D3D232854CDDEBAC6B450954545AAF7ADEA11A5F9D7CE6F6EB05732472DF18,lexical_candidate_only
fac:III:6:no:81:primary-decomposition,numbered_paragraph,fac III 6 no 81 primary-decomposition,3,45.893796,fac;iii;no,0AG7,coherent-lemma-recover-tail-graded-module,coherent.tex,4109,lemma,"Coherent sheaves on Proj, I","egin lemma egin reference ite[Chapter III, 2, no. 58, Proposition 5, pp. 250--251] FAC ite[Chapter III, 3, no. 63, Proposition 3(c), pp. 256--257] FAC ite[Chapter III, 3, no. 65, Proposition 5, p. 258] FAC ite[Chapter III, 3, no. 67, proof of Proposition 9, pp. 260--261] FAC ite[",44D3D232854CDDEBAC6B450954545AAF7ADEA11A5F9D7CE6F6EB05732472DF18,lexical_candidate_only
fac:III:6:no:81:primary-decomposition,numbered_paragraph,fac III 6 no 81 primary-decomposition,4,44.979168,fac;iii;no,01MT,constructions-lemma-apply-modules,constructions.tex,2027,lemma,Invertible sheaves on Proj,"egin lemma egin reference ite[Chapter III, 2, no. 54 and Propositions 1 and 2, pp. 246--247] FAC ite[Chapter III, 2, no. 58, Proposition 4 and Corollary, pp. 250--251] FAC ite[Chapter III, 2, no. 59, definition of , p. 252] FAC ite[Chapter III, 3, no. 67, definition of M and , p.",44D3D232854CDDEBAC6B450954545AAF7ADEA11A5F9D7CE6F6EB05732472DF18,lexical_candidate_only
fac:III:6:no:81:primary-decomposition,numbered_paragraph,fac III 6 no 81 primary-decomposition,5,44.778764,fac;iii;no,0913,more-algebra-lemma-extended-alternating-Cech-is-colimit-koszul,more-algebra.tex,7100,lemma,The extended alternating Cech complex,"egin lemma egin reference ite[Chapter III, 3, no. 61, pp. 253--254] FAC ite[Chapter III, 3, no. 63, Proposition 3(a) and proof, pp. 256--257] FAC ite[Chapter III, 3, no. 64, Proposition 4 and Remark, pp. 257--258] FAC ite[Chapter III, 3, no. 67, Remark 2, pp. 260--261] FAC ite[Ch",44D3D232854CDDEBAC6B450954545AAF7ADEA11A5F9D7CE6F6EB05732472DF18,lexical_candidate_only
fac:III:6:no:81:primary-decomposition,numbered_paragraph,fac III 6 no 81 primary-decomposition,6,43.673990,fac;iii;no,01XT,coherent-lemma-cohomology-projective-space-over-ring,coherent.tex,1670,lemma,Cohomology of projective space,"egin lemma egin reference ite[III Proposition 2.1.12] EGA ite[Chapter III, 2, no. 54, observation following Proposition 1, p. 247] FAC ite[Chapter III, 3, no. 62, Proposition 2 and Corollaries, pp. 255--256] FAC ite[Chapter III, 3, no. 65, Proposition 8, pp. 258--259] FAC ite[Cha",44D3D232854CDDEBAC6B450954545AAF7ADEA11A5F9D7CE6F6EB05732472DF18,lexical_candidate_only
fac:III:6:no:81:primary-decomposition,numbered_paragraph,fac III 6 no 81 primary-decomposition,7,42.187252,fac;iii;no,062F,more-algebra-lemma-regular-koszul-regular,more-algebra.tex,7340,lemma,Koszul regular sequences,"egin lemma egin reference ite[Chapter III, 3, no. 62, Proposition 1, pp. 254--255] FAC ite[Chapter III, 4, no. 69, Lemma 1, p. 262] FAC ite[Chapter III, 5, no. 75, proof of Theorem 3, pp. 269--270] FAC egin history The hypothesis of the cited proposition is precisely the injectiv",44D3D232854CDDEBAC6B450954545AAF7ADEA11A5F9D7CE6F6EB05732472DF18,lexical_candidate_only
fac:III:6:no:81:primary-decomposition,numbered_paragraph,fac III 6 no 81 primary-decomposition,8,41.981830,fac;iii;no,0BXD,coherent-proposition-coherent-modules-on-proj,coherent.tex,4241,proposition,"Coherent sheaves on Proj, I","egin proposition egin reference ite[Chapter II, 4, no. 49, Remark 2, p. 242] FAC ite[Chapter III, 2, no. 56, class C and condition (TF), p. 249] FAC ite[Chapter III, 2, no. 58, Propositions 5 and 6, pp. 250--251] FAC ite[Chapter III, 2, no. 59, comparison maps and forecast, pp. 2",44D3D232854CDDEBAC6B450954545AAF7ADEA11A5F9D7CE6F6EB05732472DF18,lexical_candidate_only
fac:III:6:no:81:primary-decomposition,numbered_paragraph,fac III 6 no 81 primary-decomposition,9,40.230729,fac;iii;no,,algebra-lemma-graded-ext-properties,algebra.tex,13383,lemma,Graded rings,"egin lemma egin reference ite[Chapter III, 4, no. 68, principal properties and exact sequences of graded Ext, pp. 261--262] FAC ite[Chapter III, 4, no. 72, Theorem 1 and Corollary 2, pp. 265--267] FAC ite[Chapter III, 5, no. 77, graded Ext twist preceding Proposition 2, p. 271] F",44D3D232854CDDEBAC6B450954545AAF7ADEA11A5F9D7CE6F6EB05732472DF18,lexical_candidate_only
fac:III:6:no:81:primary-decomposition,numbered_paragraph,fac III 6 no 81 primary-decomposition,10,39.581358,fac;iii;no,01XD,coherent-lemma-cech-cohomology-quasi-coherent,coherent.tex,278,lemma,Cech cohomology of quasi-coherent sheaves,"egin lemma egin reference ite[Chapter II, 3, no. 47, Proposition 8 and Theorem 4, pp. 239--240] FAC ite[Chapter III, 1, no. 52, Proposition 2, p. 244] FAC ite[Chapter III, 3, no. 64, Corollary, p. 258] FAC egin history The cited proposition proves Cech vanishing for a finite affi",44D3D232854CDDEBAC6B450954545AAF7ADEA11A5F9D7CE6F6EB05732472DF18,lexical_candidate_only
fac:III:6:no:81:primary-decomposition,numbered_paragraph,fac III 6 no 81 primary-decomposition,11,37.426848,fac;iii;no,0DWR,local-cohomology-lemma-local-cohomology,local-cohomology.tex,149,lemma,Generalities,"egin lemma egin reference ite[Chapter III, 4, no. 69, definition of B q(M) , the map , and Remark, pp. 262--263] FAC ite[Chapter III, 4, no. 70, definition of T q(M) and the map * , pp. 263--264] FAC egin history In the cited case A=K[t 0, ,t r] , I=A + , and U= A K r+1 \ 0\ . Fo",44D3D232854CDDEBAC6B450954545AAF7ADEA11A5F9D7CE6F6EB05732472DF18,lexical_candidate_only
fac:III:6:no:81:primary-decomposition,numbered_paragraph,fac III 6 no 81 primary-decomposition,12,37.050655,fac;iii;no,01Q3,properties-proposition-characterize-ample,properties.tex,4618,proposition,Ample invertible sheaves,"egin proposition egin reference ite[Chapter III, 2, no. 55, Theorem 1 and Corollary, pp. 247--248] FAC ite[Chapter III, 3, no. 66, Theorem 2(a), p. 259] FAC egin history For O P r(K) (1) , the cited theorem proves that every coherent algebraic sheaf becomes generated by global se",44D3D232854CDDEBAC6B450954545AAF7ADEA11A5F9D7CE6F6EB05732472DF18,lexical_candidate_only
fac:III:6:no:81:localized-primary-decomposition,numbered_paragraph,fac III 6 no 81 localized-primary-decomposition,1,46.547633,fac;iii;no,01YS,coherent-lemma-coherent-projective,coherent.tex,3813,lemma,"Coherent sheaves on Proj, I","egin lemma egin reference ite[Chapter III, 1, no. 52, Proposition 2 and Corollary, p. 244] FAC ite[Chapter III, 2, no. 55, Theorem 1 and Corollary, pp. 247--248] FAC ite[Chapter III, 3, no. 63, Proposition 3(b) and (c), pp. 256--257] FAC ite[Chapter III, 3, no. 65, Proposition 7,",2B8E56ED72DB03A1468CEBADDE1208DD6F5540A104F4DC79C38FCFF4B1DFEBAE,lexical_candidate_only
fac:III:6:no:81:localized-primary-decomposition,numbered_paragraph,fac III 6 no 81 localized-primary-decomposition,2,46.472398,fac;iii;no,01M7,constructions-lemma-proj-sheaves,constructions.tex,1221,lemma,Proj of a graded ring,"egin lemma egin reference ite[Chapter III, 2, no. 54, Proposition 1, pp. 246--247] FAC ite[Chapter III, 2, no. 57, pp. 249--250] FAC ite[Chapter III, 2, no. 58, Proposition 3, p. 250] FAC ite[Chapter III, 3, no. 64, Proposition 4 and proof, pp. 257--258] FAC egin history For the ",2B8E56ED72DB03A1468CEBADDE1208DD6F5540A104F4DC79C38FCFF4B1DFEBAE,lexical_candidate_only
fac:III:6:no:81:localized-primary-decomposition,numbered_paragraph,fac III 6 no 81 localized-primary-decomposition,3,45.893796,fac;iii;no,0AG7,coherent-lemma-recover-tail-graded-module,coherent.tex,4109,lemma,"Coherent sheaves on Proj, I","egin lemma egin reference ite[Chapter III, 2, no. 58, Proposition 5, pp. 250--251] FAC ite[Chapter III, 3, no. 63, Proposition 3(c), pp. 256--257] FAC ite[Chapter III, 3, no. 65, Proposition 5, p. 258] FAC ite[Chapter III, 3, no. 67, proof of Proposition 9, pp. 260--261] FAC ite[",2B8E56ED72DB03A1468CEBADDE1208DD6F5540A104F4DC79C38FCFF4B1DFEBAE,lexical_candidate_only
fac:III:6:no:81:localized-primary-decomposition,numbered_paragraph,fac III 6 no 81 localized-primary-decomposition,4,44.979168,fac;iii;no,01MT,constructions-lemma-apply-modules,constructions.tex,2027,lemma,Invertible sheaves on Proj,"egin lemma egin reference ite[Chapter III, 2, no. 54 and Propositions 1 and 2, pp. 246--247] FAC ite[Chapter III, 2, no. 58, Proposition 4 and Corollary, pp. 250--251] FAC ite[Chapter III, 2, no. 59, definition of , p. 252] FAC ite[Chapter III, 3, no. 67, definition of M and , p.",2B8E56ED72DB03A1468CEBADDE1208DD6F5540A104F4DC79C38FCFF4B1DFEBAE,lexical_candidate_only
fac:III:6:no:81:localized-primary-decomposition,numbered_paragraph,fac III 6 no 81 localized-primary-decomposition,5,44.778764,fac;iii;no,0913,more-algebra-lemma-extended-alternating-Cech-is-colimit-koszul,more-algebra.tex,7100,lemma,The extended alternating Cech complex,"egin lemma egin reference ite[Chapter III, 3, no. 61, pp. 253--254] FAC ite[Chapter III, 3, no. 63, Proposition 3(a) and proof, pp. 256--257] FAC ite[Chapter III, 3, no. 64, Proposition 4 and Remark, pp. 257--258] FAC ite[Chapter III, 3, no. 67, Remark 2, pp. 260--261] FAC ite[Ch",2B8E56ED72DB03A1468CEBADDE1208DD6F5540A104F4DC79C38FCFF4B1DFEBAE,lexical_candidate_only
fac:III:6:no:81:localized-primary-decomposition,numbered_paragraph,fac III 6 no 81 localized-primary-decomposition,6,43.673990,fac;iii;no,01XT,coherent-lemma-cohomology-projective-space-over-ring,coherent.tex,1670,lemma,Cohomology of projective space,"egin lemma egin reference ite[III Proposition 2.1.12] EGA ite[Chapter III, 2, no. 54, observation following Proposition 1, p. 247] FAC ite[Chapter III, 3, no. 62, Proposition 2 and Corollaries, pp. 255--256] FAC ite[Chapter III, 3, no. 65, Proposition 8, pp. 258--259] FAC ite[Cha",2B8E56ED72DB03A1468CEBADDE1208DD6F5540A104F4DC79C38FCFF4B1DFEBAE,lexical_candidate_only
fac:III:6:no:81:localized-primary-decomposition,numbered_paragraph,fac III 6 no 81 localized-primary-decomposition,7,42.187252,fac;iii;no,062F,more-algebra-lemma-regular-koszul-regular,more-algebra.tex,7340,lemma,Koszul regular sequences,"egin lemma egin reference ite[Chapter III, 3, no. 62, Proposition 1, pp. 254--255] FAC ite[Chapter III, 4, no. 69, Lemma 1, p. 262] FAC ite[Chapter III, 5, no. 75, proof of Theorem 3, pp. 269--270] FAC egin history The hypothesis of the cited proposition is precisely the injectiv",2B8E56ED72DB03A1468CEBADDE1208DD6F5540A104F4DC79C38FCFF4B1DFEBAE,lexical_candidate_only
fac:III:6:no:81:localized-primary-decomposition,numbered_paragraph,fac III 6 no 81 localized-primary-decomposition,8,41.981830,fac;iii;no,0BXD,coherent-proposition-coherent-modules-on-proj,coherent.tex,4241,proposition,"Coherent sheaves on Proj, I","egin proposition egin reference ite[Chapter II, 4, no. 49, Remark 2, p. 242] FAC ite[Chapter III, 2, no. 56, class C and condition (TF), p. 249] FAC ite[Chapter III, 2, no. 58, Propositions 5 and 6, pp. 250--251] FAC ite[Chapter III, 2, no. 59, comparison maps and forecast, pp. 2",2B8E56ED72DB03A1468CEBADDE1208DD6F5540A104F4DC79C38FCFF4B1DFEBAE,lexical_candidate_only
fac:III:6:no:81:localized-primary-decomposition,numbered_paragraph,fac III 6 no 81 localized-primary-decomposition,9,40.230729,fac;iii;no,,algebra-lemma-graded-ext-properties,algebra.tex,13383,lemma,Graded rings,"egin lemma egin reference ite[Chapter III, 4, no. 68, principal properties and exact sequences of graded Ext, pp. 261--262] FAC ite[Chapter III, 4, no. 72, Theorem 1 and Corollary 2, pp. 265--267] FAC ite[Chapter III, 5, no. 77, graded Ext twist preceding Proposition 2, p. 271] F",2B8E56ED72DB03A1468CEBADDE1208DD6F5540A104F4DC79C38FCFF4B1DFEBAE,lexical_candidate_only
fac:III:6:no:81:localized-primary-decomposition,numbered_paragraph,fac III 6 no 81 localized-primary-decomposition,10,39.581358,fac;iii;no,01XD,coherent-lemma-cech-cohomology-quasi-coherent,coherent.tex,278,lemma,Cech cohomology of quasi-coherent sheaves,"egin lemma egin reference ite[Chapter II, 3, no. 47, Proposition 8 and Theorem 4, pp. 239--240] FAC ite[Chapter III, 1, no. 52, Proposition 2, p. 244] FAC ite[Chapter III, 3, no. 64, Corollary, p. 258] FAC egin history The cited proposition proves Cech vanishing for a finite affi",2B8E56ED72DB03A1468CEBADDE1208DD6F5540A104F4DC79C38FCFF4B1DFEBAE,lexical_candidate_only
fac:III:6:no:81:localized-primary-decomposition,numbered_paragraph,fac III 6 no 81 localized-primary-decomposition,11,37.426848,fac;iii;no,0DWR,local-cohomology-lemma-local-cohomology,local-cohomology.tex,149,lemma,Generalities,"egin lemma egin reference ite[Chapter III, 4, no. 69, definition of B q(M) , the map , and Remark, pp. 262--263] FAC ite[Chapter III, 4, no. 70, definition of T q(M) and the map * , pp. 263--264] FAC egin history In the cited case A=K[t 0, ,t r] , I=A + , and U= A K r+1 \ 0\ . Fo",2B8E56ED72DB03A1468CEBADDE1208DD6F5540A104F4DC79C38FCFF4B1DFEBAE,lexical_candidate_only
fac:III:6:no:81:localized-primary-decomposition,numbered_paragraph,fac III 6 no 81 localized-primary-decomposition,12,37.050655,fac;iii;no,01Q3,properties-proposition-characterize-ample,properties.tex,4618,proposition,Ample invertible sheaves,"egin proposition egin reference ite[Chapter III, 2, no. 55, Theorem 1 and Corollary, pp. 247--248] FAC ite[Chapter III, 3, no. 66, Theorem 2(a), p. 259] FAC egin history For O P r(K) (1) , the cited theorem proves that every coherent algebraic sheaf becomes generated by global se",2B8E56ED72DB03A1468CEBADDE1208DD6F5540A104F4DC79C38FCFF4B1DFEBAE,lexical_candidate_only
fac:III:6:no:81:formula:support-union,numbered_paragraph,fac III 6 no 81 formula support-union,1,46.547633,fac;iii;no,01YS,coherent-lemma-coherent-projective,coherent.tex,3813,lemma,"Coherent sheaves on Proj, I","egin lemma egin reference ite[Chapter III, 1, no. 52, Proposition 2 and Corollary, p. 244] FAC ite[Chapter III, 2, no. 55, Theorem 1 and Corollary, pp. 247--248] FAC ite[Chapter III, 3, no. 63, Proposition 3(b) and (c), pp. 256--257] FAC ite[Chapter III, 3, no. 65, Proposition 7,",9F33C980550B8B471670BF5BDD8035DB2A0D32A9448806A6BE0D4DE0893C826F,lexical_candidate_only
fac:III:6:no:81:formula:support-union,numbered_paragraph,fac III 6 no 81 formula support-union,2,46.472398,fac;iii;no,01M7,constructions-lemma-proj-sheaves,constructions.tex,1221,lemma,Proj of a graded ring,"egin lemma egin reference ite[Chapter III, 2, no. 54, Proposition 1, pp. 246--247] FAC ite[Chapter III, 2, no. 57, pp. 249--250] FAC ite[Chapter III, 2, no. 58, Proposition 3, p. 250] FAC ite[Chapter III, 3, no. 64, Proposition 4 and proof, pp. 257--258] FAC egin history For the ",9F33C980550B8B471670BF5BDD8035DB2A0D32A9448806A6BE0D4DE0893C826F,lexical_candidate_only
fac:III:6:no:81:formula:support-union,numbered_paragraph,fac III 6 no 81 formula support-union,3,45.893796,fac;iii;no,0AG7,coherent-lemma-recover-tail-graded-module,coherent.tex,4109,lemma,"Coherent sheaves on Proj, I","egin lemma egin reference ite[Chapter III, 2, no. 58, Proposition 5, pp. 250--251] FAC ite[Chapter III, 3, no. 63, Proposition 3(c), pp. 256--257] FAC ite[Chapter III, 3, no. 65, Proposition 5, p. 258] FAC ite[Chapter III, 3, no. 67, proof of Proposition 9, pp. 260--261] FAC ite[",9F33C980550B8B471670BF5BDD8035DB2A0D32A9448806A6BE0D4DE0893C826F,lexical_candidate_only
fac:III:6:no:81:formula:support-union,numbered_paragraph,fac III 6 no 81 formula support-union,4,44.979168,fac;iii;no,01MT,constructions-lemma-apply-modules,constructions.tex,2027,lemma,Invertible sheaves on Proj,"egin lemma egin reference ite[Chapter III, 2, no. 54 and Propositions 1 and 2, pp. 246--247] FAC ite[Chapter III, 2, no. 58, Proposition 4 and Corollary, pp. 250--251] FAC ite[Chapter III, 2, no. 59, definition of , p. 252] FAC ite[Chapter III, 3, no. 67, definition of M and , p.",9F33C980550B8B471670BF5BDD8035DB2A0D32A9448806A6BE0D4DE0893C826F,lexical_candidate_only
fac:III:6:no:81:formula:support-union,numbered_paragraph,fac III 6 no 81 formula support-union,5,44.778764,fac;iii;no,0913,more-algebra-lemma-extended-alternating-Cech-is-colimit-koszul,more-algebra.tex,7100,lemma,The extended alternating Cech complex,"egin lemma egin reference ite[Chapter III, 3, no. 61, pp. 253--254] FAC ite[Chapter III, 3, no. 63, Proposition 3(a) and proof, pp. 256--257] FAC ite[Chapter III, 3, no. 64, Proposition 4 and Remark, pp. 257--258] FAC ite[Chapter III, 3, no. 67, Remark 2, pp. 260--261] FAC ite[Ch",9F33C980550B8B471670BF5BDD8035DB2A0D32A9448806A6BE0D4DE0893C826F,lexical_candidate_only
fac:III:6:no:81:formula:support-union,numbered_paragraph,fac III 6 no 81 formula support-union,6,43.673990,fac;iii;no,01XT,coherent-lemma-cohomology-projective-space-over-ring,coherent.tex,1670,lemma,Cohomology of projective space,"egin lemma egin reference ite[III Proposition 2.1.12] EGA ite[Chapter III, 2, no. 54, observation following Proposition 1, p. 247] FAC ite[Chapter III, 3, no. 62, Proposition 2 and Corollaries, pp. 255--256] FAC ite[Chapter III, 3, no. 65, Proposition 8, pp. 258--259] FAC ite[Cha",9F33C980550B8B471670BF5BDD8035DB2A0D32A9448806A6BE0D4DE0893C826F,lexical_candidate_only
fac:III:6:no:81:formula:support-union,numbered_paragraph,fac III 6 no 81 formula support-union,7,42.187252,fac;iii;no,062F,more-algebra-lemma-regular-koszul-regular,more-algebra.tex,7340,lemma,Koszul regular sequences,"egin lemma egin reference ite[Chapter III, 3, no. 62, Proposition 1, pp. 254--255] FAC ite[Chapter III, 4, no. 69, Lemma 1, p. 262] FAC ite[Chapter III, 5, no. 75, proof of Theorem 3, pp. 269--270] FAC egin history The hypothesis of the cited proposition is precisely the injectiv",9F33C980550B8B471670BF5BDD8035DB2A0D32A9448806A6BE0D4DE0893C826F,lexical_candidate_only
fac:III:6:no:81:formula:support-union,numbered_paragraph,fac III 6 no 81 formula support-union,8,41.981830,fac;iii;no,0BXD,coherent-proposition-coherent-modules-on-proj,coherent.tex,4241,proposition,"Coherent sheaves on Proj, I","egin proposition egin reference ite[Chapter II, 4, no. 49, Remark 2, p. 242] FAC ite[Chapter III, 2, no. 56, class C and condition (TF), p. 249] FAC ite[Chapter III, 2, no. 58, Propositions 5 and 6, pp. 250--251] FAC ite[Chapter III, 2, no. 59, comparison maps and forecast, pp. 2",9F33C980550B8B471670BF5BDD8035DB2A0D32A9448806A6BE0D4DE0893C826F,lexical_candidate_only
fac:III:6:no:81:formula:support-union,numbered_paragraph,fac III 6 no 81 formula support-union,9,41.531616,fac;formula;iii;no,01MN,constructions-definition-twist,constructions.tex,1872,definition,Invertible sheaves on Proj,"egin definition egin reference ite[Chapter III, 2, no. 54 and Propositions 1 and 2, pp. 246--247] FAC ite[Chapter III, 3, no. 66, construction of F (n) and final tensor formula, pp. 259--260] FAC egin history The cited source constructs the twist of a sheaf on classical projectiv",9F33C980550B8B471670BF5BDD8035DB2A0D32A9448806A6BE0D4DE0893C826F,lexical_candidate_only
fac:III:6:no:81:formula:support-union,numbered_paragraph,fac III 6 no 81 formula support-union,10,40.230729,fac;iii;no,,algebra-lemma-graded-ext-properties,algebra.tex,13383,lemma,Graded rings,"egin lemma egin reference ite[Chapter III, 4, no. 68, principal properties and exact sequences of graded Ext, pp. 261--262] FAC ite[Chapter III, 4, no. 72, Theorem 1 and Corollary 2, pp. 265--267] FAC ite[Chapter III, 5, no. 77, graded Ext twist preceding Proposition 2, p. 271] F",9F33C980550B8B471670BF5BDD8035DB2A0D32A9448806A6BE0D4DE0893C826F,lexical_candidate_only
fac:III:6:no:81:formula:support-union,numbered_paragraph,fac III 6 no 81 formula support-union,11,39.581358,fac;iii;no,01XD,coherent-lemma-cech-cohomology-quasi-coherent,coherent.tex,278,lemma,Cech cohomology of quasi-coherent sheaves,"egin lemma egin reference ite[Chapter II, 3, no. 47, Proposition 8 and Theorem 4, pp. 239--240] FAC ite[Chapter III, 1, no. 52, Proposition 2, p. 244] FAC ite[Chapter III, 3, no. 64, Corollary, p. 258] FAC egin history The cited proposition proves Cech vanishing for a finite affi",9F33C980550B8B471670BF5BDD8035DB2A0D32A9448806A6BE0D4DE0893C826F,lexical_candidate_only
fac:III:6:no:81:formula:support-union,numbered_paragraph,fac III 6 no 81 formula support-union,12,37.426848,fac;iii;no,0DWR,local-cohomology-lemma-local-cohomology,local-cohomology.tex,149,lemma,Generalities,"egin lemma egin reference ite[Chapter III, 4, no. 69, definition of B q(M) , the map , and Remark, pp. 262--263] FAC ite[Chapter III, 4, no. 70, definition of T q(M) and the map * , pp. 263--264] FAC egin history In the cited case A=K[t 0, ,t r] , I=A + , and U= A K r+1 \ 0\ . Fo",9F33C980550B8B471670BF5BDD8035DB2A0D32A9448806A6BE0D4DE0893C826F,lexical_candidate_only
fac:III:6:no:81:prop:6,proposition,extsc Proposition 6.,0,0.000000,,,,,,,,,644A01F98B0EA18B26667B44191CD77B178A82674688914B50DE2A4358EEB877,no_lexical_candidate
fac:III:6:no:81:prop:6:proof,proposition,fac III 6 no 81 prop 6 proof,1,55.018095,fac;iii;no;proof,01M7,constructions-lemma-proj-sheaves,constructions.tex,1221,lemma,Proj of a graded ring,"egin lemma egin reference ite[Chapter III, 2, no. 54, Proposition 1, pp. 246--247] FAC ite[Chapter III, 2, no. 57, pp. 249--250] FAC ite[Chapter III, 2, no. 58, Proposition 3, p. 250] FAC ite[Chapter III, 3, no. 64, Proposition 4 and proof, pp. 257--258] FAC egin history For the ",C992E32C14AC4AB09CCC8347839F28DAF21AC90EF61B2DDE5B9F2C254E26EFEA,lexical_candidate_only
fac:III:6:no:81:prop:6:proof,proposition,fac III 6 no 81 prop 6 proof,2,54.220131,fac;iii;no;proof,0AG7,coherent-lemma-recover-tail-graded-module,coherent.tex,4109,lemma,"Coherent sheaves on Proj, I","egin lemma egin reference ite[Chapter III, 2, no. 58, Proposition 5, pp. 250--251] FAC ite[Chapter III, 3, no. 63, Proposition 3(c), pp. 256--257] FAC ite[Chapter III, 3, no. 65, Proposition 5, p. 258] FAC ite[Chapter III, 3, no. 67, proof of Proposition 9, pp. 260--261] FAC ite[",C992E32C14AC4AB09CCC8347839F28DAF21AC90EF61B2DDE5B9F2C254E26EFEA,lexical_candidate_only
fac:III:6:no:81:prop:6:proof,proposition,fac III 6 no 81 prop 6 proof,3,52.698512,fac;iii;no;proof,0913,more-algebra-lemma-extended-alternating-Cech-is-colimit-koszul,more-algebra.tex,7100,lemma,The extended alternating Cech complex,"egin lemma egin reference ite[Chapter III, 3, no. 61, pp. 253--254] FAC ite[Chapter III, 3, no. 63, Proposition 3(a) and proof, pp. 256--257] FAC ite[Chapter III, 3, no. 64, Proposition 4 and Remark, pp. 257--258] FAC ite[Chapter III, 3, no. 67, Remark 2, pp. 260--261] FAC ite[Ch",C992E32C14AC4AB09CCC8347839F28DAF21AC90EF61B2DDE5B9F2C254E26EFEA,lexical_candidate_only
fac:III:6:no:81:prop:6:proof,proposition,fac III 6 no 81 prop 6 proof,4,50.732949,fac;iii;no;proof,062F,more-algebra-lemma-regular-koszul-regular,more-algebra.tex,7340,lemma,Koszul regular sequences,"egin lemma egin reference ite[Chapter III, 3, no. 62, Proposition 1, pp. 254--255] FAC ite[Chapter III, 4, no. 69, Lemma 1, p. 262] FAC ite[Chapter III, 5, no. 75, proof of Theorem 3, pp. 269--270] FAC egin history The hypothesis of the cited proposition is precisely the injectiv",C992E32C14AC4AB09CCC8347839F28DAF21AC90EF61B2DDE5B9F2C254E26EFEA,lexical_candidate_only
fac:III:6:no:81:prop:6:proof,proposition,fac III 6 no 81 prop 6 proof,5,46.799390,fac;iii;no;proof,0B5J,constructions-lemma-d-uple,constructions.tex,2708,lemma,Functoriality of Proj,"egin lemma egin reference ite[Chapter III, 1, no. 52, Lemma 2, p. 245] FAC ite[Chapter III, 5, no. 77, proof of Proposition 4, pp. 272--273] FAC egin history The cited proof sends a classical projective point to all monomials of a fixed positive degree and identifies the image wi",C992E32C14AC4AB09CCC8347839F28DAF21AC90EF61B2DDE5B9F2C254E26EFEA,lexical_candidate_only
fac:III:6:no:81:prop:6:proof,proposition,fac III 6 no 81 prop 6 proof,6,46.547633,fac;iii;no,01YS,coherent-lemma-coherent-projective,coherent.tex,3813,lemma,"Coherent sheaves on Proj, I","egin lemma egin reference ite[Chapter III, 1, no. 52, Proposition 2 and Corollary, p. 244] FAC ite[Chapter III, 2, no. 55, Theorem 1 and Corollary, pp. 247--248] FAC ite[Chapter III, 3, no. 63, Proposition 3(b) and (c), pp. 256--257] FAC ite[Chapter III, 3, no. 65, Proposition 7,",C992E32C14AC4AB09CCC8347839F28DAF21AC90EF61B2DDE5B9F2C254E26EFEA,lexical_candidate_only
fac:III:6:no:81:prop:6:proof,proposition,fac III 6 no 81 prop 6 proof,7,44.979168,fac;iii;no,01MT,constructions-lemma-apply-modules,constructions.tex,2027,lemma,Invertible sheaves on Proj,"egin lemma egin reference ite[Chapter III, 2, no. 54 and Propositions 1 and 2, pp. 246--247] FAC ite[Chapter III, 2, no. 58, Proposition 4 and Corollary, pp. 250--251] FAC ite[Chapter III, 2, no. 59, definition of , p. 252] FAC ite[Chapter III, 3, no. 67, definition of M and , p.",C992E32C14AC4AB09CCC8347839F28DAF21AC90EF61B2DDE5B9F2C254E26EFEA,lexical_candidate_only
fac:III:6:no:81:prop:6:proof,proposition,fac III 6 no 81 prop 6 proof,8,44.854751,fac;iii;no;proof,,coherent-lemma-negative-twists-projective-dimension,coherent.tex,4510,lemma,"Coherent sheaves on Proj, I","egin lemma egin reference ite[Chapter III, 5, no. 74, Theorem 2, p. 269] FAC ite[Chapter III, 5, no. 77, local corollary and proof of Proposition 4(c), pp. 272--273] FAC egin history The cited theorem combines its preceding local Ext criterion with Lemma 1 of no. 74. It calls the",C992E32C14AC4AB09CCC8347839F28DAF21AC90EF61B2DDE5B9F2C254E26EFEA,lexical_candidate_only
fac:III:6:no:81:prop:6:proof,proposition,fac III 6 no 81 prop 6 proof,9,43.673990,fac;iii;no,01XT,coherent-lemma-cohomology-projective-space-over-ring,coherent.tex,1670,lemma,Cohomology of projective space,"egin lemma egin reference ite[III Proposition 2.1.12] EGA ite[Chapter III, 2, no. 54, observation following Proposition 1, p. 247] FAC ite[Chapter III, 3, no. 62, Proposition 2 and Corollaries, pp. 255--256] FAC ite[Chapter III, 3, no. 65, Proposition 8, pp. 258--259] FAC ite[Cha",C992E32C14AC4AB09CCC8347839F28DAF21AC90EF61B2DDE5B9F2C254E26EFEA,lexical_candidate_only
fac:III:6:no:81:prop:6:proof,proposition,fac III 6 no 81 prop 6 proof,10,42.835961,fac;iii;no;proof,,constructions-lemma-comparison-proj-triangle-identities,constructions.tex,2293,lemma,Invertible sheaves on Proj,"egin lemma egin reference ite[Chapter III, 2, no. 59, Propositions 7 and 8, p. 252] FAC ite[Chapter III, 3, no. 65, Proposition 6 and proof, p. 258] FAC egin history The cited source states the two identities for graded modules and algebraic sheaves on classical projective space ",C992E32C14AC4AB09CCC8347839F28DAF21AC90EF61B2DDE5B9F2C254E26EFEA,lexical_candidate_only
fac:III:6:no:81:prop:6:proof,proposition,fac III 6 no 81 prop 6 proof,11,41.981830,fac;iii;no,0BXD,coherent-proposition-coherent-modules-on-proj,coherent.tex,4241,proposition,"Coherent sheaves on Proj, I","egin proposition egin reference ite[Chapter II, 4, no. 49, Remark 2, p. 242] FAC ite[Chapter III, 2, no. 56, class C and condition (TF), p. 249] FAC ite[Chapter III, 2, no. 58, Propositions 5 and 6, pp. 250--251] FAC ite[Chapter III, 2, no. 59, comparison maps and forecast, pp. 2",C992E32C14AC4AB09CCC8347839F28DAF21AC90EF61B2DDE5B9F2C254E26EFEA,lexical_candidate_only
fac:III:6:no:81:prop:6:proof,proposition,fac III 6 no 81 prop 6 proof,12,40.948080,fac;iii;no;proof,01CP,modules-lemma-stalk-internal-hom,modules.tex,3747,lemma,Internal Hom,"egin lemma egin reference ite[Chapter I, 1, no. 11, pp. 206--207] FAC ite[Chapter III, 5, no. 73, Proposition 1(a) and proof, pp. 267--268] FAC egin history No. 73 applies the stalk comparison below to the sheaves associated to a finite graded module M and an arbitrary graded mod",C992E32C14AC4AB09CCC8347839F28DAF21AC90EF61B2DDE5B9F2C254E26EFEA,lexical_candidate_only
fac:III:6:no:81:formula:q,numbered_paragraph,fac III 6 no 81 formula q,1,46.547633,fac;iii;no,01YS,coherent-lemma-coherent-projective,coherent.tex,3813,lemma,"Coherent sheaves on Proj, I","egin lemma egin reference ite[Chapter III, 1, no. 52, Proposition 2 and Corollary, p. 244] FAC ite[Chapter III, 2, no. 55, Theorem 1 and Corollary, pp. 247--248] FAC ite[Chapter III, 3, no. 63, Proposition 3(b) and (c), pp. 256--257] FAC ite[Chapter III, 3, no. 65, Proposition 7,",520F3A59515FBC9483D18BA9157B5C93DBEB0568BE2A7D50BB80B32CD7923751,lexical_candidate_only
fac:III:6:no:81:formula:q,numbered_paragraph,fac III 6 no 81 formula q,2,46.472398,fac;iii;no,01M7,constructions-lemma-proj-sheaves,constructions.tex,1221,lemma,Proj of a graded ring,"egin lemma egin reference ite[Chapter III, 2, no. 54, Proposition 1, pp. 246--247] FAC ite[Chapter III, 2, no. 57, pp. 249--250] FAC ite[Chapter III, 2, no. 58, Proposition 3, p. 250] FAC ite[Chapter III, 3, no. 64, Proposition 4 and proof, pp. 257--258] FAC egin history For the ",520F3A59515FBC9483D18BA9157B5C93DBEB0568BE2A7D50BB80B32CD7923751,lexical_candidate_only
fac:III:6:no:81:formula:q,numbered_paragraph,fac III 6 no 81 formula q,3,45.893796,fac;iii;no,0AG7,coherent-lemma-recover-tail-graded-module,coherent.tex,4109,lemma,"Coherent sheaves on Proj, I","egin lemma egin reference ite[Chapter III, 2, no. 58, Proposition 5, pp. 250--251] FAC ite[Chapter III, 3, no. 63, Proposition 3(c), pp. 256--257] FAC ite[Chapter III, 3, no. 65, Proposition 5, p. 258] FAC ite[Chapter III, 3, no. 67, proof of Proposition 9, pp. 260--261] FAC ite[",520F3A59515FBC9483D18BA9157B5C93DBEB0568BE2A7D50BB80B32CD7923751,lexical_candidate_only
fac:III:6:no:81:formula:q,numbered_paragraph,fac III 6 no 81 formula q,4,44.979168,fac;iii;no,01MT,constructions-lemma-apply-modules,constructions.tex,2027,lemma,Invertible sheaves on Proj,"egin lemma egin reference ite[Chapter III, 2, no. 54 and Propositions 1 and 2, pp. 246--247] FAC ite[Chapter III, 2, no. 58, Proposition 4 and Corollary, pp. 250--251] FAC ite[Chapter III, 2, no. 59, definition of , p. 252] FAC ite[Chapter III, 3, no. 67, definition of M and , p.",520F3A59515FBC9483D18BA9157B5C93DBEB0568BE2A7D50BB80B32CD7923751,lexical_candidate_only
fac:III:6:no:81:formula:q,numbered_paragraph,fac III 6 no 81 formula q,5,44.778764,fac;iii;no,0913,more-algebra-lemma-extended-alternating-Cech-is-colimit-koszul,more-algebra.tex,7100,lemma,The extended alternating Cech complex,"egin lemma egin reference ite[Chapter III, 3, no. 61, pp. 253--254] FAC ite[Chapter III, 3, no. 63, Proposition 3(a) and proof, pp. 256--257] FAC ite[Chapter III, 3, no. 64, Proposition 4 and Remark, pp. 257--258] FAC ite[Chapter III, 3, no. 67, Remark 2, pp. 260--261] FAC ite[Ch",520F3A59515FBC9483D18BA9157B5C93DBEB0568BE2A7D50BB80B32CD7923751,lexical_candidate_only
fac:III:6:no:81:formula:q,numbered_paragraph,fac III 6 no 81 formula q,6,43.673990,fac;iii;no,01XT,coherent-lemma-cohomology-projective-space-over-ring,coherent.tex,1670,lemma,Cohomology of projective space,"egin lemma egin reference ite[III Proposition 2.1.12] EGA ite[Chapter III, 2, no. 54, observation following Proposition 1, p. 247] FAC ite[Chapter III, 3, no. 62, Proposition 2 and Corollaries, pp. 255--256] FAC ite[Chapter III, 3, no. 65, Proposition 8, pp. 258--259] FAC ite[Cha",520F3A59515FBC9483D18BA9157B5C93DBEB0568BE2A7D50BB80B32CD7923751,lexical_candidate_only
fac:III:6:no:81:formula:q,numbered_paragraph,fac III 6 no 81 formula q,7,42.187252,fac;iii;no,062F,more-algebra-lemma-regular-koszul-regular,more-algebra.tex,7340,lemma,Koszul regular sequences,"egin lemma egin reference ite[Chapter III, 3, no. 62, Proposition 1, pp. 254--255] FAC ite[Chapter III, 4, no. 69, Lemma 1, p. 262] FAC ite[Chapter III, 5, no. 75, proof of Theorem 3, pp. 269--270] FAC egin history The hypothesis of the cited proposition is precisely the injectiv",520F3A59515FBC9483D18BA9157B5C93DBEB0568BE2A7D50BB80B32CD7923751,lexical_candidate_only
fac:III:6:no:81:formula:q,numbered_paragraph,fac III 6 no 81 formula q,8,41.981830,fac;iii;no,0BXD,coherent-proposition-coherent-modules-on-proj,coherent.tex,4241,proposition,"Coherent sheaves on Proj, I","egin proposition egin reference ite[Chapter II, 4, no. 49, Remark 2, p. 242] FAC ite[Chapter III, 2, no. 56, class C and condition (TF), p. 249] FAC ite[Chapter III, 2, no. 58, Propositions 5 and 6, pp. 250--251] FAC ite[Chapter III, 2, no. 59, comparison maps and forecast, pp. 2",520F3A59515FBC9483D18BA9157B5C93DBEB0568BE2A7D50BB80B32CD7923751,lexical_candidate_only
fac:III:6:no:81:formula:q,numbered_paragraph,fac III 6 no 81 formula q,9,41.531616,fac;formula;iii;no,01MN,constructions-definition-twist,constructions.tex,1872,definition,Invertible sheaves on Proj,"egin definition egin reference ite[Chapter III, 2, no. 54 and Propositions 1 and 2, pp. 246--247] FAC ite[Chapter III, 3, no. 66, construction of F (n) and final tensor formula, pp. 259--260] FAC egin history The cited source constructs the twist of a sheaf on classical projectiv",520F3A59515FBC9483D18BA9157B5C93DBEB0568BE2A7D50BB80B32CD7923751,lexical_candidate_only
fac:III:6:no:81:formula:q,numbered_paragraph,fac III 6 no 81 formula q,10,40.230729,fac;iii;no,,algebra-lemma-graded-ext-properties,algebra.tex,13383,lemma,Graded rings,"egin lemma egin reference ite[Chapter III, 4, no. 68, principal properties and exact sequences of graded Ext, pp. 261--262] FAC ite[Chapter III, 4, no. 72, Theorem 1 and Corollary 2, pp. 265--267] FAC ite[Chapter III, 5, no. 77, graded Ext twist preceding Proposition 2, p. 271] F",520F3A59515FBC9483D18BA9157B5C93DBEB0568BE2A7D50BB80B32CD7923751,lexical_candidate_only
fac:III:6:no:81:formula:q,numbered_paragraph,fac III 6 no 81 formula q,11,39.581358,fac;iii;no,01XD,coherent-lemma-cech-cohomology-quasi-coherent,coherent.tex,278,lemma,Cech cohomology of quasi-coherent sheaves,"egin lemma egin reference ite[Chapter II, 3, no. 47, Proposition 8 and Theorem 4, pp. 239--240] FAC ite[Chapter III, 1, no. 52, Proposition 2, p. 244] FAC ite[Chapter III, 3, no. 64, Corollary, p. 258] FAC egin history The cited proposition proves Cech vanishing for a finite affi",520F3A59515FBC9483D18BA9157B5C93DBEB0568BE2A7D50BB80B32CD7923751,lexical_candidate_only
fac:III:6:no:81:formula:q,numbered_paragraph,fac III 6 no 81 formula q,12,37.426848,fac;iii;no,0DWR,local-cohomology-lemma-local-cohomology,local-cohomology.tex,149,lemma,Generalities,"egin lemma egin reference ite[Chapter III, 4, no. 69, definition of B q(M) , the map , and Remark, pp. 262--263] FAC ite[Chapter III, 4, no. 70, definition of T q(M) and the map * , pp. 263--264] FAC egin history In the cited case A=K[t 0, ,t r] , I=A + , and U= A K r+1 \ 0\ . Fo",520F3A59515FBC9483D18BA9157B5C93DBEB0568BE2A7D50BB80B32CD7923751,lexical_candidate_only
fac:III:6:no:81:formula:first-difference,numbered_paragraph,fac III 6 no 81 formula first-difference,1,46.547633,fac;iii;no,01YS,coherent-lemma-coherent-projective,coherent.tex,3813,lemma,"Coherent sheaves on Proj, I","egin lemma egin reference ite[Chapter III, 1, no. 52, Proposition 2 and Corollary, p. 244] FAC ite[Chapter III, 2, no. 55, Theorem 1 and Corollary, pp. 247--248] FAC ite[Chapter III, 3, no. 63, Proposition 3(b) and (c), pp. 256--257] FAC ite[Chapter III, 3, no. 65, Proposition 7,",5796583943FCE956DF09C5AE63FF7E1ADC2E57DB8F7ADD98E491D4D7FE2F2685,lexical_candidate_only
fac:III:6:no:81:formula:first-difference,numbered_paragraph,fac III 6 no 81 formula first-difference,2,46.472398,fac;iii;no,01M7,constructions-lemma-proj-sheaves,constructions.tex,1221,lemma,Proj of a graded ring,"egin lemma egin reference ite[Chapter III, 2, no. 54, Proposition 1, pp. 246--247] FAC ite[Chapter III, 2, no. 57, pp. 249--250] FAC ite[Chapter III, 2, no. 58, Proposition 3, p. 250] FAC ite[Chapter III, 3, no. 64, Proposition 4 and proof, pp. 257--258] FAC egin history For the ",5796583943FCE956DF09C5AE63FF7E1ADC2E57DB8F7ADD98E491D4D7FE2F2685,lexical_candidate_only
fac:III:6:no:81:formula:first-difference,numbered_paragraph,fac III 6 no 81 formula first-difference,3,45.893796,fac;iii;no,0AG7,coherent-lemma-recover-tail-graded-module,coherent.tex,4109,lemma,"Coherent sheaves on Proj, I","egin lemma egin reference ite[Chapter III, 2, no. 58, Proposition 5, pp. 250--251] FAC ite[Chapter III, 3, no. 63, Proposition 3(c), pp. 256--257] FAC ite[Chapter III, 3, no. 65, Proposition 5, p. 258] FAC ite[Chapter III, 3, no. 67, proof of Proposition 9, pp. 260--261] FAC ite[",5796583943FCE956DF09C5AE63FF7E1ADC2E57DB8F7ADD98E491D4D7FE2F2685,lexical_candidate_only
fac:III:6:no:81:formula:first-difference,numbered_paragraph,fac III 6 no 81 formula first-difference,4,44.979168,fac;iii;no,01MT,constructions-lemma-apply-modules,constructions.tex,2027,lemma,Invertible sheaves on Proj,"egin lemma egin reference ite[Chapter III, 2, no. 54 and Propositions 1 and 2, pp. 246--247] FAC ite[Chapter III, 2, no. 58, Proposition 4 and Corollary, pp. 250--251] FAC ite[Chapter III, 2, no. 59, definition of , p. 252] FAC ite[Chapter III, 3, no. 67, definition of M and , p.",5796583943FCE956DF09C5AE63FF7E1ADC2E57DB8F7ADD98E491D4D7FE2F2685,lexical_candidate_only
fac:III:6:no:81:formula:first-difference,numbered_paragraph,fac III 6 no 81 formula first-difference,5,44.778764,fac;iii;no,0913,more-algebra-lemma-extended-alternating-Cech-is-colimit-koszul,more-algebra.tex,7100,lemma,The extended alternating Cech complex,"egin lemma egin reference ite[Chapter III, 3, no. 61, pp. 253--254] FAC ite[Chapter III, 3, no. 63, Proposition 3(a) and proof, pp. 256--257] FAC ite[Chapter III, 3, no. 64, Proposition 4 and Remark, pp. 257--258] FAC ite[Chapter III, 3, no. 67, Remark 2, pp. 260--261] FAC ite[Ch",5796583943FCE956DF09C5AE63FF7E1ADC2E57DB8F7ADD98E491D4D7FE2F2685,lexical_candidate_only
fac:III:6:no:81:formula:first-difference,numbered_paragraph,fac III 6 no 81 formula first-difference,6,43.673990,fac;iii;no,01XT,coherent-lemma-cohomology-projective-space-over-ring,coherent.tex,1670,lemma,Cohomology of projective space,"egin lemma egin reference ite[III Proposition 2.1.12] EGA ite[Chapter III, 2, no. 54, observation following Proposition 1, p. 247] FAC ite[Chapter III, 3, no. 62, Proposition 2 and Corollaries, pp. 255--256] FAC ite[Chapter III, 3, no. 65, Proposition 8, pp. 258--259] FAC ite[Cha",5796583943FCE956DF09C5AE63FF7E1ADC2E57DB8F7ADD98E491D4D7FE2F2685,lexical_candidate_only
fac:III:6:no:81:formula:first-difference,numbered_paragraph,fac III 6 no 81 formula first-difference,7,42.187252,fac;iii;no,062F,more-algebra-lemma-regular-koszul-regular,more-algebra.tex,7340,lemma,Koszul regular sequences,"egin lemma egin reference ite[Chapter III, 3, no. 62, Proposition 1, pp. 254--255] FAC ite[Chapter III, 4, no. 69, Lemma 1, p. 262] FAC ite[Chapter III, 5, no. 75, proof of Theorem 3, pp. 269--270] FAC egin history The hypothesis of the cited proposition is precisely the injectiv",5796583943FCE956DF09C5AE63FF7E1ADC2E57DB8F7ADD98E491D4D7FE2F2685,lexical_candidate_only
fac:III:6:no:81:formula:first-difference,numbered_paragraph,fac III 6 no 81 formula first-difference,8,41.981830,fac;iii;no,0BXD,coherent-proposition-coherent-modules-on-proj,coherent.tex,4241,proposition,"Coherent sheaves on Proj, I","egin proposition egin reference ite[Chapter II, 4, no. 49, Remark 2, p. 242] FAC ite[Chapter III, 2, no. 56, class C and condition (TF), p. 249] FAC ite[Chapter III, 2, no. 58, Propositions 5 and 6, pp. 250--251] FAC ite[Chapter III, 2, no. 59, comparison maps and forecast, pp. 2",5796583943FCE956DF09C5AE63FF7E1ADC2E57DB8F7ADD98E491D4D7FE2F2685,lexical_candidate_only
fac:III:6:no:81:formula:first-difference,numbered_paragraph,fac III 6 no 81 formula first-difference,9,41.531616,fac;formula;iii;no,01MN,constructions-definition-twist,constructions.tex,1872,definition,Invertible sheaves on Proj,"egin definition egin reference ite[Chapter III, 2, no. 54 and Propositions 1 and 2, pp. 246--247] FAC ite[Chapter III, 3, no. 66, construction of F (n) and final tensor formula, pp. 259--260] FAC egin history The cited source constructs the twist of a sheaf on classical projectiv",5796583943FCE956DF09C5AE63FF7E1ADC2E57DB8F7ADD98E491D4D7FE2F2685,lexical_candidate_only
fac:III:6:no:81:formula:first-difference,numbered_paragraph,fac III 6 no 81 formula first-difference,10,40.230729,fac;iii;no,,algebra-lemma-graded-ext-properties,algebra.tex,13383,lemma,Graded rings,"egin lemma egin reference ite[Chapter III, 4, no. 68, principal properties and exact sequences of graded Ext, pp. 261--262] FAC ite[Chapter III, 4, no. 72, Theorem 1 and Corollary 2, pp. 265--267] FAC ite[Chapter III, 5, no. 77, graded Ext twist preceding Proposition 2, p. 271] F",5796583943FCE956DF09C5AE63FF7E1ADC2E57DB8F7ADD98E491D4D7FE2F2685,lexical_candidate_only
fac:III:6:no:81:formula:first-difference,numbered_paragraph,fac III 6 no 81 formula first-difference,11,39.581358,fac;iii;no,01XD,coherent-lemma-cech-cohomology-quasi-coherent,coherent.tex,278,lemma,Cech cohomology of quasi-coherent sheaves,"egin lemma egin reference ite[Chapter II, 3, no. 47, Proposition 8 and Theorem 4, pp. 239--240] FAC ite[Chapter III, 1, no. 52, Proposition 2, p. 244] FAC ite[Chapter III, 3, no. 64, Corollary, p. 258] FAC egin history The cited proposition proves Cech vanishing for a finite affi",5796583943FCE956DF09C5AE63FF7E1ADC2E57DB8F7ADD98E491D4D7FE2F2685,lexical_candidate_only
fac:III:6:no:81:formula:first-difference,numbered_paragraph,fac III 6 no 81 formula first-difference,12,37.426848,fac;iii;no,0DWR,local-cohomology-lemma-local-cohomology,local-cohomology.tex,149,lemma,Generalities,"egin lemma egin reference ite[Chapter III, 4, no. 69, definition of B q(M) , the map , and Remark, pp. 262--263] FAC ite[Chapter III, 4, no. 70, definition of T q(M) and the map * , pp. 263--264] FAC egin history In the cited case A=K[t 0, ,t r] , I=A + , and U= A K r+1 \ 0\ . Fo",5796583943FCE956DF09C5AE63FF7E1ADC2E57DB8F7ADD98E491D4D7FE2F2685,lexical_candidate_only
fac:III:6:no:81:formula:support-intersection,numbered_paragraph,fac III 6 no 81 formula support-intersection,1,46.547633,fac;iii;no,01YS,coherent-lemma-coherent-projective,coherent.tex,3813,lemma,"Coherent sheaves on Proj, I","egin lemma egin reference ite[Chapter III, 1, no. 52, Proposition 2 and Corollary, p. 244] FAC ite[Chapter III, 2, no. 55, Theorem 1 and Corollary, pp. 247--248] FAC ite[Chapter III, 3, no. 63, Proposition 3(b) and (c), pp. 256--257] FAC ite[Chapter III, 3, no. 65, Proposition 7,",79BAF8F50D0DE9555DB09C5C3544CD9EE59B921B4EC20F468B1541C1F739CF56,lexical_candidate_only
fac:III:6:no:81:formula:support-intersection,numbered_paragraph,fac III 6 no 81 formula support-intersection,2,46.472398,fac;iii;no,01M7,constructions-lemma-proj-sheaves,constructions.tex,1221,lemma,Proj of a graded ring,"egin lemma egin reference ite[Chapter III, 2, no. 54, Proposition 1, pp. 246--247] FAC ite[Chapter III, 2, no. 57, pp. 249--250] FAC ite[Chapter III, 2, no. 58, Proposition 3, p. 250] FAC ite[Chapter III, 3, no. 64, Proposition 4 and proof, pp. 257--258] FAC egin history For the ",79BAF8F50D0DE9555DB09C5C3544CD9EE59B921B4EC20F468B1541C1F739CF56,lexical_candidate_only
fac:III:6:no:81:formula:support-intersection,numbered_paragraph,fac III 6 no 81 formula support-intersection,3,45.893796,fac;iii;no,0AG7,coherent-lemma-recover-tail-graded-module,coherent.tex,4109,lemma,"Coherent sheaves on Proj, I","egin lemma egin reference ite[Chapter III, 2, no. 58, Proposition 5, pp. 250--251] FAC ite[Chapter III, 3, no. 63, Proposition 3(c), pp. 256--257] FAC ite[Chapter III, 3, no. 65, Proposition 5, p. 258] FAC ite[Chapter III, 3, no. 67, proof of Proposition 9, pp. 260--261] FAC ite[",79BAF8F50D0DE9555DB09C5C3544CD9EE59B921B4EC20F468B1541C1F739CF56,lexical_candidate_only
fac:III:6:no:81:formula:support-intersection,numbered_paragraph,fac III 6 no 81 formula support-intersection,4,44.979168,fac;iii;no,01MT,constructions-lemma-apply-modules,constructions.tex,2027,lemma,Invertible sheaves on Proj,"egin lemma egin reference ite[Chapter III, 2, no. 54 and Propositions 1 and 2, pp. 246--247] FAC ite[Chapter III, 2, no. 58, Proposition 4 and Corollary, pp. 250--251] FAC ite[Chapter III, 2, no. 59, definition of , p. 252] FAC ite[Chapter III, 3, no. 67, definition of M and , p.",79BAF8F50D0DE9555DB09C5C3544CD9EE59B921B4EC20F468B1541C1F739CF56,lexical_candidate_only
fac:III:6:no:81:formula:support-intersection,numbered_paragraph,fac III 6 no 81 formula support-intersection,5,44.778764,fac;iii;no,0913,more-algebra-lemma-extended-alternating-Cech-is-colimit-koszul,more-algebra.tex,7100,lemma,The extended alternating Cech complex,"egin lemma egin reference ite[Chapter III, 3, no. 61, pp. 253--254] FAC ite[Chapter III, 3, no. 63, Proposition 3(a) and proof, pp. 256--257] FAC ite[Chapter III, 3, no. 64, Proposition 4 and Remark, pp. 257--258] FAC ite[Chapter III, 3, no. 67, Remark 2, pp. 260--261] FAC ite[Ch",79BAF8F50D0DE9555DB09C5C3544CD9EE59B921B4EC20F468B1541C1F739CF56,lexical_candidate_only
fac:III:6:no:81:formula:support-intersection,numbered_paragraph,fac III 6 no 81 formula support-intersection,6,43.673990,fac;iii;no,01XT,coherent-lemma-cohomology-projective-space-over-ring,coherent.tex,1670,lemma,Cohomology of projective space,"egin lemma egin reference ite[III Proposition 2.1.12] EGA ite[Chapter III, 2, no. 54, observation following Proposition 1, p. 247] FAC ite[Chapter III, 3, no. 62, Proposition 2 and Corollaries, pp. 255--256] FAC ite[Chapter III, 3, no. 65, Proposition 8, pp. 258--259] FAC ite[Cha",79BAF8F50D0DE9555DB09C5C3544CD9EE59B921B4EC20F468B1541C1F739CF56,lexical_candidate_only
fac:III:6:no:81:formula:support-intersection,numbered_paragraph,fac III 6 no 81 formula support-intersection,7,42.187252,fac;iii;no,062F,more-algebra-lemma-regular-koszul-regular,more-algebra.tex,7340,lemma,Koszul regular sequences,"egin lemma egin reference ite[Chapter III, 3, no. 62, Proposition 1, pp. 254--255] FAC ite[Chapter III, 4, no. 69, Lemma 1, p. 262] FAC ite[Chapter III, 5, no. 75, proof of Theorem 3, pp. 269--270] FAC egin history The hypothesis of the cited proposition is precisely the injectiv",79BAF8F50D0DE9555DB09C5C3544CD9EE59B921B4EC20F468B1541C1F739CF56,lexical_candidate_only
fac:III:6:no:81:formula:support-intersection,numbered_paragraph,fac III 6 no 81 formula support-intersection,8,41.981830,fac;iii;no,0BXD,coherent-proposition-coherent-modules-on-proj,coherent.tex,4241,proposition,"Coherent sheaves on Proj, I","egin proposition egin reference ite[Chapter II, 4, no. 49, Remark 2, p. 242] FAC ite[Chapter III, 2, no. 56, class C and condition (TF), p. 249] FAC ite[Chapter III, 2, no. 58, Propositions 5 and 6, pp. 250--251] FAC ite[Chapter III, 2, no. 59, comparison maps and forecast, pp. 2",79BAF8F50D0DE9555DB09C5C3544CD9EE59B921B4EC20F468B1541C1F739CF56,lexical_candidate_only
fac:III:6:no:81:formula:support-intersection,numbered_paragraph,fac III 6 no 81 formula support-intersection,9,41.531616,fac;formula;iii;no,01MN,constructions-definition-twist,constructions.tex,1872,definition,Invertible sheaves on Proj,"egin definition egin reference ite[Chapter III, 2, no. 54 and Propositions 1 and 2, pp. 246--247] FAC ite[Chapter III, 3, no. 66, construction of F (n) and final tensor formula, pp. 259--260] FAC egin history The cited source constructs the twist of a sheaf on classical projectiv",79BAF8F50D0DE9555DB09C5C3544CD9EE59B921B4EC20F468B1541C1F739CF56,lexical_candidate_only
fac:III:6:no:81:formula:support-intersection,numbered_paragraph,fac III 6 no 81 formula support-intersection,10,40.230729,fac;iii;no,,algebra-lemma-graded-ext-properties,algebra.tex,13383,lemma,Graded rings,"egin lemma egin reference ite[Chapter III, 4, no. 68, principal properties and exact sequences of graded Ext, pp. 261--262] FAC ite[Chapter III, 4, no. 72, Theorem 1 and Corollary 2, pp. 265--267] FAC ite[Chapter III, 5, no. 77, graded Ext twist preceding Proposition 2, p. 271] F",79BAF8F50D0DE9555DB09C5C3544CD9EE59B921B4EC20F468B1541C1F739CF56,lexical_candidate_only
fac:III:6:no:81:formula:support-intersection,numbered_paragraph,fac III 6 no 81 formula support-intersection,11,39.581358,fac;iii;no,01XD,coherent-lemma-cech-cohomology-quasi-coherent,coherent.tex,278,lemma,Cech cohomology of quasi-coherent sheaves,"egin lemma egin reference ite[Chapter II, 3, no. 47, Proposition 8 and Theorem 4, pp. 239--240] FAC ite[Chapter III, 1, no. 52, Proposition 2, p. 244] FAC ite[Chapter III, 3, no. 64, Corollary, p. 258] FAC egin history The cited proposition proves Cech vanishing for a finite affi",79BAF8F50D0DE9555DB09C5C3544CD9EE59B921B4EC20F468B1541C1F739CF56,lexical_candidate_only
fac:III:6:no:81:formula:support-intersection,numbered_paragraph,fac III 6 no 81 formula support-intersection,12,37.426848,fac;iii;no,0DWR,local-cohomology-lemma-local-cohomology,local-cohomology.tex,149,lemma,Generalities,"egin lemma egin reference ite[Chapter III, 4, no. 69, definition of B q(M) , the map , and Remark, pp. 262--263] FAC ite[Chapter III, 4, no. 70, definition of T q(M) and the map * , pp. 263--264] FAC egin history In the cited case A=K[t 0, ,t r] , I=A + , and U= A K r+1 \ 0\ . Fo",79BAF8F50D0DE9555DB09C5C3544CD9EE59B921B4EC20F468B1541C1F739CF56,lexical_candidate_only
fac:III:6:no:81:remark:1,remark,extsc Remarks,1,18.944479,remarks,0CDS,pic-section-remarks-picard,pic.tex,1395,section,Some remarks on Picard groups,"Some remarks on Picard groups This section continues the discussion in Varieties, Section ef varieties-section-picard-groups and will be continued in Algebraic Curves, Section ef curv",7BA9C6CB5187A3A1A58F9AE886618C5FF212F153ACB9FC02451BBB907614E681,lexical_candidate_only
fac:III:6:no:81:remark:1,remark,extsc Remarks,2,18.641519,remarks,0GQS,stacks-cohomology-section-further-remarks,stacks-cohomology.tex,2230,section,Further remarks on quasi-coherent modules,Further remarks on quasi-coherent modules In this section we collect some results that to help understand how to use quasi-coherent modules on algebraic stacks. Let f : U,7BA9C6CB5187A3A1A58F9AE886618C5FF212F153ACB9FC02451BBB907614E681,lexical_candidate_only
fac:III:6:no:81:remark:1,remark,extsc Remarks,3,17.924883,remarks,026C,stacks-remarks-definition-descent-datum,stacks.tex,341,remarks,Descent data in fibred categories,"egin remarks Two remarks on Definition ef definition-descent-data are in order. Let p : S o C be a fibred category. Let \ f i : U i o U\ i I , and (X i, arphi ij ) be as in Definition ef definition-descent-data . egin enumerate There is a diagonal morphism : U i o U i imes U U i ",7BA9C6CB5187A3A1A58F9AE886618C5FF212F153ACB9FC02451BBB907614E681,lexical_candidate_only
fac:III:6:no:81:remark:1,remark,extsc Remarks,4,17.788117,remarks,02F5,exercises-remarks-divisors,exercises.tex,4869,remarks,Divisors,egin remarks Here are some trivial remarks. egin enumerate On a Noetherian integral scheme X the sheaf K X is constant with value the function field K(X) . To make sense out of the definitions above one needs to show that ext length O ( O /(ab)) = ext length O ( O /(a)) + ext len,7BA9C6CB5187A3A1A58F9AE886618C5FF212F153ACB9FC02451BBB907614E681,lexical_candidate_only
fac:III:6:no:81:remark:1,remark,extsc Remarks,5,17.520752,remarks,06GK,formal-defos-remarks-cofibered-groupoids,formal-defos.tex,1164,remarks,Categories cofibered in groupoids,egin remarks Everything about categories fibered in groupoids translates directly to the cofibered setting. The following remarks are meant to fix notation. Let C be a category. egin enumerate We often omit the functor p: F o C from the notation. The fiber category over an object,7BA9C6CB5187A3A1A58F9AE886618C5FF212F153ACB9FC02451BBB907614E681,lexical_candidate_only
fac:III:6:no:81:remark:1,remark,extsc Remarks,6,17.368019,remarks,06TD,formal-defos-section-minimality,formal-defos.tex,6828,section,Remarks regarding minimality,Remarks regarding minimality The main theorem of this chapter is Theorem ef theorem-presentation-deformation-groupoid above. It describes completely those categories cofibred in groupoids,7BA9C6CB5187A3A1A58F9AE886618C5FF212F153ACB9FC02451BBB907614E681,lexical_candidate_only
fac:III:6:no:81:remark:1,remark,extsc Remarks,7,16.988342,remarks,07D6,injectives-section-additional-Grothendieck,injectives.tex,1896,section,Additional remarks on Grothendieck abelian categories,Additional remarks on Grothendieck abelian categories In this section we put some results on Grothendieck abelian categories which are folklore. egin lemma Let,7BA9C6CB5187A3A1A58F9AE886618C5FF212F153ACB9FC02451BBB907614E681,lexical_candidate_only
fac:III:6:no:81:remark:1,remark,extsc Remarks,8,16.804662,remarks,025T,spaces-section-general,spaces.tex,77,section,General remarks,"General remarks We work in a suitable big fppf site fppf as in Topologies, Definition ef topologies-definition-big-fppf-site . So, if not explicitly stated otherwise all",7BA9C6CB5187A3A1A58F9AE886618C5FF212F153ACB9FC02451BBB907614E681,lexical_candidate_only
fac:III:6:no:81:remark:1,remark,extsc Remarks,9,15.466824,remarks,07JI,crystalline-section-cohomology-lqc,crystalline.tex,3298,section,General remarks on cohomology,General remarks on cohomology In this section we do a bit of work to translate the cohomology of modules on the cristalline site of an affine scheme into an algebraic question. egin lem,7BA9C6CB5187A3A1A58F9AE886618C5FF212F153ACB9FC02451BBB907614E681,lexical_candidate_only
fac:III:6:no:81:remark:1,remark,extsc Remarks,10,15.018460,remarks,040S,etale-cohomology-remarks-enough-points,etale-cohomology.tex,3583,remarks,"Neighborhoods, stalks and points","egin remarks On points of the geometric sites. egin enumerate Theorem ef theorem-exactness-stalks says that the family of points of S given by the geometric points of S (Lemma ef lemma-stalk-gives-point ) is conservative, see Sites, Definition ef sites-definition-enough-points . ",7BA9C6CB5187A3A1A58F9AE886618C5FF212F153ACB9FC02451BBB907614E681,lexical_candidate_only
fac:III:6:no:81:remark:1,remark,extsc Remarks,11,14.969239,remarks,07D8,injectives-lemma-grothendieck-products,injectives.tex,1972,lemma,Additional remarks on Grothendieck abelian categories,egin lemma A Grothendieck abelian category has Ab3*.,7BA9C6CB5187A3A1A58F9AE886618C5FF212F153ACB9FC02451BBB907614E681,lexical_candidate_only
fac:III:6:no:81:remark:1,remark,extsc Remarks,12,14.595359,remarks,03OE,etale-cohomology-remarks-theorem-modules-exactness,etale-cohomology.tex,1300,remarks,Faithfully flat descent,"egin remarks The results on descent of modules have several applications: egin enumerate The exactness of the Cech complex in positive degrees for the covering \ (B) o (A)\ where A o B is faithfully flat. This will give some vanishing of cohomology. If (N, arphi) is a descent dat",7BA9C6CB5187A3A1A58F9AE886618C5FF212F153ACB9FC02451BBB907614E681,lexical_candidate_only
fac:III:6:no:81:remark:2,remark,fac III 6 no 81 remark 2,1,51.658110,fac;iii;no;remark,0913,more-algebra-lemma-extended-alternating-Cech-is-colimit-koszul,more-algebra.tex,7100,lemma,The extended alternating Cech complex,"egin lemma egin reference ite[Chapter III, 3, no. 61, pp. 253--254] FAC ite[Chapter III, 3, no. 63, Proposition 3(a) and proof, pp. 256--257] FAC ite[Chapter III, 3, no. 64, Proposition 4 and Remark, pp. 257--258] FAC ite[Chapter III, 3, no. 67, Remark 2, pp. 260--261] FAC ite[Ch",E5531E700E62D5432E22125B7D2F3E693457A8BAD293E0EECF7BC741BA85A316,lexical_candidate_only
fac:III:6:no:81:remark:2,remark,fac III 6 no 81 remark 2,2,46.636189,fac;iii;no;remark,0BXD,coherent-proposition-coherent-modules-on-proj,coherent.tex,4241,proposition,"Coherent sheaves on Proj, I","egin proposition egin reference ite[Chapter II, 4, no. 49, Remark 2, p. 242] FAC ite[Chapter III, 2, no. 56, class C and condition (TF), p. 249] FAC ite[Chapter III, 2, no. 58, Propositions 5 and 6, pp. 250--251] FAC ite[Chapter III, 2, no. 59, comparison maps and forecast, pp. 2",E5531E700E62D5432E22125B7D2F3E693457A8BAD293E0EECF7BC741BA85A316,lexical_candidate_only
fac:III:6:no:81:remark:2,remark,fac III 6 no 81 remark 2,3,46.547633,fac;iii;no,01YS,coherent-lemma-coherent-projective,coherent.tex,3813,lemma,"Coherent sheaves on Proj, I","egin lemma egin reference ite[Chapter III, 1, no. 52, Proposition 2 and Corollary, p. 244] FAC ite[Chapter III, 2, no. 55, Theorem 1 and Corollary, pp. 247--248] FAC ite[Chapter III, 3, no. 63, Proposition 3(b) and (c), pp. 256--257] FAC ite[Chapter III, 3, no. 65, Proposition 7,",E5531E700E62D5432E22125B7D2F3E693457A8BAD293E0EECF7BC741BA85A316,lexical_candidate_only
fac:III:6:no:81:remark:2,remark,fac III 6 no 81 remark 2,4,46.472398,fac;iii;no,01M7,constructions-lemma-proj-sheaves,constructions.tex,1221,lemma,Proj of a graded ring,"egin lemma egin reference ite[Chapter III, 2, no. 54, Proposition 1, pp. 246--247] FAC ite[Chapter III, 2, no. 57, pp. 249--250] FAC ite[Chapter III, 2, no. 58, Proposition 3, p. 250] FAC ite[Chapter III, 3, no. 64, Proposition 4 and proof, pp. 257--258] FAC egin history For the ",E5531E700E62D5432E22125B7D2F3E693457A8BAD293E0EECF7BC741BA85A316,lexical_candidate_only
fac:III:6:no:81:remark:2,remark,fac III 6 no 81 remark 2,5,45.893796,fac;iii;no,0AG7,coherent-lemma-recover-tail-graded-module,coherent.tex,4109,lemma,"Coherent sheaves on Proj, I","egin lemma egin reference ite[Chapter III, 2, no. 58, Proposition 5, pp. 250--251] FAC ite[Chapter III, 3, no. 63, Proposition 3(c), pp. 256--257] FAC ite[Chapter III, 3, no. 65, Proposition 5, p. 258] FAC ite[Chapter III, 3, no. 67, proof of Proposition 9, pp. 260--261] FAC ite[",E5531E700E62D5432E22125B7D2F3E693457A8BAD293E0EECF7BC741BA85A316,lexical_candidate_only
fac:III:6:no:81:remark:2,remark,fac III 6 no 81 remark 2,6,44.979168,fac;iii;no,01MT,constructions-lemma-apply-modules,constructions.tex,2027,lemma,Invertible sheaves on Proj,"egin lemma egin reference ite[Chapter III, 2, no. 54 and Propositions 1 and 2, pp. 246--247] FAC ite[Chapter III, 2, no. 58, Proposition 4 and Corollary, pp. 250--251] FAC ite[Chapter III, 2, no. 59, definition of , p. 252] FAC ite[Chapter III, 3, no. 67, definition of M and , p.",E5531E700E62D5432E22125B7D2F3E693457A8BAD293E0EECF7BC741BA85A316,lexical_candidate_only
fac:III:6:no:81:remark:2,remark,fac III 6 no 81 remark 2,7,43.997948,fac;iii;no;remark,,algebra-remark-FAC-graded-conventions,algebra.tex,13269,remark,Graded rings,"egin remark egin reference ite[Chapter III, 2, no. 56, pp. 248--249] FAC ite[Chapter III, 4, no. 68, definition of the graded Hom module, p. 261] FAC egin history The cited source introduces these conventions for the standard polynomial ring K[t 0, , t r] . It calls an S -linear ",E5531E700E62D5432E22125B7D2F3E693457A8BAD293E0EECF7BC741BA85A316,lexical_candidate_only
fac:III:6:no:81:remark:2,remark,fac III 6 no 81 remark 2,8,43.673990,fac;iii;no,01XT,coherent-lemma-cohomology-projective-space-over-ring,coherent.tex,1670,lemma,Cohomology of projective space,"egin lemma egin reference ite[III Proposition 2.1.12] EGA ite[Chapter III, 2, no. 54, observation following Proposition 1, p. 247] FAC ite[Chapter III, 3, no. 62, Proposition 2 and Corollaries, pp. 255--256] FAC ite[Chapter III, 3, no. 65, Proposition 8, pp. 258--259] FAC ite[Cha",E5531E700E62D5432E22125B7D2F3E693457A8BAD293E0EECF7BC741BA85A316,lexical_candidate_only
fac:III:6:no:81:remark:2,remark,fac III 6 no 81 remark 2,9,42.737542,fac;iii;no;remark,0DWR,local-cohomology-lemma-local-cohomology,local-cohomology.tex,149,lemma,Generalities,"egin lemma egin reference ite[Chapter III, 4, no. 69, definition of B q(M) , the map , and Remark, pp. 262--263] FAC ite[Chapter III, 4, no. 70, definition of T q(M) and the map * , pp. 263--264] FAC egin history In the cited case A=K[t 0, ,t r] , I=A + , and U= A K r+1 \ 0\ . Fo",E5531E700E62D5432E22125B7D2F3E693457A8BAD293E0EECF7BC741BA85A316,lexical_candidate_only
fac:III:6:no:81:remark:2,remark,fac III 6 no 81 remark 2,10,42.187252,fac;iii;no,062F,more-algebra-lemma-regular-koszul-regular,more-algebra.tex,7340,lemma,Koszul regular sequences,"egin lemma egin reference ite[Chapter III, 3, no. 62, Proposition 1, pp. 254--255] FAC ite[Chapter III, 4, no. 69, Lemma 1, p. 262] FAC ite[Chapter III, 5, no. 75, proof of Theorem 3, pp. 269--270] FAC egin history The hypothesis of the cited proposition is precisely the injectiv",E5531E700E62D5432E22125B7D2F3E693457A8BAD293E0EECF7BC741BA85A316,lexical_candidate_only
fac:III:6:no:81:remark:2,remark,fac III 6 no 81 remark 2,11,41.820924,fac;iii;no;remark,,cohomology-remark-FAC-cech-colimit-notation,cohomology.tex,2605,remark,Refinements and Cech cohomology,"egin remark egin reference ite[Chapter I, 3, no. 22 and footnote 2, p. 215] FAC ite[Chapter III, 1, no. 53, Proposition 4 and Remark, pp. 245--246] FAC The source denotes this direct limit by H p(X, F ) . We use heck H p(X, F ) to distinguish it from derived-functor cohomology. T",E5531E700E62D5432E22125B7D2F3E693457A8BAD293E0EECF7BC741BA85A316,lexical_candidate_only
fac:III:6:no:81:remark:2,remark,fac III 6 no 81 remark 2,12,40.230729,fac;iii;no,,algebra-lemma-graded-ext-properties,algebra.tex,13383,lemma,Graded rings,"egin lemma egin reference ite[Chapter III, 4, no. 68, principal properties and exact sequences of graded Ext, pp. 261--262] FAC ite[Chapter III, 4, no. 72, Theorem 1 and Corollary 2, pp. 265--267] FAC ite[Chapter III, 5, no. 77, graded Ext twist preceding Proposition 2, p. 271] F",E5531E700E62D5432E22125B7D2F3E693457A8BAD293E0EECF7BC741BA85A316,lexical_candidate_only
