This is pdfTeX, Version 3.141592653-2.6-1.40.29 (MiKTeX 26.5) (preloaded format=pdflatex 2026.8.21)  31 AUG 2026 02:15
entering extended mode
 restricted \write18 enabled.
 file:line:error style messages enabled.
 %&-line parsing enabled.
**./more-algebra.tex
(more-algebra.tex
LaTeX2e <2025-11-01>
L3 programming layer <2026-03-20>
(preamble.tex (stacks-project.cls
Document Class: stacks-project 
\linespacing=\dimen150
\normalparindent=\dimen151
\normaltopskip=\skip49
(<USER_ROOT>\AppData\Local\Programs\MiKTeX\tex/latex/amsmath\amsmath.sty
Package: amsmath 2025/07/09 v2.17z AMS math features
\@mathmargin=\skip50

For additional information on amsmath, use the `?' option.
(<USER_ROOT>\AppData\Local\Programs\MiKTeX\tex/latex/amsmath\amstext.sty
Package: amstext 2024/11/17 v2.01 AMS text

(<USER_ROOT>\AppData\Local\Programs\MiKTeX\tex/latex/amsmath\amsgen.sty
File: amsgen.sty 1999/11/30 v2.0 generic functions
\@emptytoks=\toks17
\ex@=\dimen152
))
(<USER_ROOT>\AppData\Local\Programs\MiKTeX\tex/latex/amsmath\amsbsy.sty
Package: amsbsy 1999/11/29 v1.2d Bold Symbols
\pmbraise@=\dimen153
)
(<USER_ROOT>\AppData\Local\Programs\MiKTeX\tex/latex/amsmath\amsopn.sty
Package: amsopn 2022/04/08 v2.04 operator names
)
\inf@bad=\count275
LaTeX Info: Redefining \frac on input line 233.
\uproot@=\count276
\leftroot@=\count277
LaTeX Info: Redefining \overline on input line 398.
LaTeX Info: Redefining \colon on input line 409.
\classnum@=\count278
\DOTSCASE@=\count279
LaTeX Info: Redefining \ldots on input line 495.
LaTeX Info: Redefining \dots on input line 498.
LaTeX Info: Redefining \cdots on input line 619.
\Mathstrutbox@=\box53
\strutbox@=\box54
LaTeX Info: Redefining \big on input line 721.
LaTeX Info: Redefining \Big on input line 722.
LaTeX Info: Redefining \bigg on input line 723.
LaTeX Info: Redefining \Bigg on input line 724.
\big@size=\dimen154
LaTeX Font Info:    Redeclaring font encoding OML on input line 742.
LaTeX Font Info:    Redeclaring font encoding OMS on input line 743.
\macc@depth=\count280
LaTeX Info: Redefining \bmod on input line 904.
LaTeX Info: Redefining \pmod on input line 909.
LaTeX Info: Redefining \smash on input line 939.
LaTeX Info: Redefining \relbar on input line 969.
LaTeX Info: Redefining \Relbar on input line 970.
\c@MaxMatrixCols=\count281
\dotsspace@=\muskip17
\c@parentequation=\count282
\dspbrk@lvl=\count283
\tag@help=\toks18
\row@=\count284
\column@=\count285
\maxfields@=\count286
\andhelp@=\toks19
\eqnshift@=\dimen155
\alignsep@=\dimen156
\tagshift@=\dimen157
\tagwidth@=\dimen158
\totwidth@=\dimen159
\lineht@=\dimen160
\@envbody=\toks20
\multlinegap=\skip51
\multlinetaggap=\skip52
\mathdisplay@stack=\toks21
LaTeX Info: Redefining \[ on input line 2950.
LaTeX Info: Redefining \] on input line 2951.
)
LaTeX Font Info:    Trying to load font information for U+msa on input line 361
.

(<USER_ROOT>\AppData\Local\Programs\MiKTeX\tex/latex/amsfonts\umsa.fd
File: umsa.fd 2013/01/14 v3.01 AMS symbols A
)
(<USER_ROOT>\AppData\Local\Programs\MiKTeX\tex/latex/amsfonts\amsfonts.sty
Package: amsfonts 2013/01/14 v3.01 Basic AMSFonts support
\symAMSa=\mathgroup4
\symAMSb=\mathgroup5
LaTeX Font Info:    Redeclaring math symbol \hbar on input line 98.
LaTeX Font Info:    Overwriting math alphabet `\mathfrak' in version `bold'
(Font)                  U/euf/m/n --> U/euf/b/n on input line 106.
)
\copyins=\insert252
\abstractbox=\box55
\listisep=\skip53
\c@part=\count287
\c@section=\count288
\c@subsection=\count289
\c@subsubsection=\count290
\c@paragraph=\count291
\c@subparagraph=\count292
\c@figure=\count293
\c@table=\count294
\abovecaptionskip=\skip54
\belowcaptionskip=\skip55
\captionindent=\dimen161
\thm@style=\toks22
\thm@bodyfont=\toks23
\thm@headfont=\toks24
\thm@notefont=\toks25
\thm@headpunct=\toks26
\thm@preskip=\skip56
\thm@postskip=\skip57
\thm@headsep=\skip58
\dth@everypar=\toks27
) (<USER_ROOT>\AppData\Local\Programs\MiKTeX\tex/latex/tools\verbatim.sty
Package: verbatim 2024-01-22 v1.5x LaTeX2e package for verbatim enhancements
\every@verbatim=\toks28
\verbatim@line=\toks29
\verbatim@in@stream=\read2
)
(<USER_ROOT>\AppData\Local\Programs\MiKTeX\tex/generic/xypic\xy.sty
(<USER_ROOT>\AppData\Local\Programs\MiKTeX\tex/generic/xypic\xy.tex
Bootstrap'ing: catcodes, docmode,
(<USER_ROOT>\AppData\Local\Programs\MiKTeX\tex/generic/xypic\xyrecat.tex)
(<USER_ROOT>\AppData\Local\Programs\MiKTeX\tex/generic/xypic\xyidioms.tex)

 Xy-pic version 3.8.9 <2013/10/06>
 Copyright (c) 1991-2013 by Kristoffer H. Rose <krisrose@tug.org> and others
 Xy-pic is free software: see the User's Guide for details.

Loading kernel: messages; fonts; allocations: state,
\X@c=\dimen162
\Y@c=\dimen163
\U@c=\dimen164
\D@c=\dimen165
\L@c=\dimen166
\R@c=\dimen167
\Edge@c=\toks30
\X@p=\dimen168
\Y@p=\dimen169
\U@p=\dimen170
\D@p=\dimen171
\L@p=\dimen172
\R@p=\dimen173
\Edge@p=\toks31
\X@origin=\dimen174
\Y@origin=\dimen175
\X@xbase=\dimen176
\Y@xbase=\dimen177
\X@ybase=\dimen178
\Y@ybase=\dimen179
\X@min=\dimen180
\Y@min=\dimen181
\X@max=\dimen182
\Y@max=\dimen183
\lastobjectbox@=\box56
\zerodotbox@=\box57
\almostz@=\dimen184
 direction,
\d@X=\dimen185
\d@Y=\dimen186
\K@=\count295
\KK@=\count296
\Direction=\count297
\K@dXdY=\dimen187
\K@dYdX=\dimen188
\xyread@=\read3
\xywrite@=\write3
\csp@=\count298
\quotPTK@=\dimen189

utility macros; pictures: \xy, positions,
\swaptoks@@=\toks32
\connectobjectbox@@=\box58
 objects,
\styletoks@=\toks33
 decorations;
kernel objects: directionals, circles, text; options; algorithms: directions,
edges, connections;  Xy-pic loaded)
(<USER_ROOT>\AppData\Local\Programs\MiKTeX\tex/generic/iftex\ifpdf.sty
Package: ifpdf 2019/10/25 v3.4 ifpdf legacy package. Use iftex instead.

(<USER_ROOT>\AppData\Local\Programs\MiKTeX\tex/generic/iftex\iftex.sty
Package: iftex 2024/12/12 v1.0g TeX engine tests
))
Package: xy 2013/10/06 Xy-pic version 3.8.9

(<USER_ROOT>\AppData\Local\Programs\MiKTeX\tex/generic/xypic\xyall.tex
 Xy-pic option: All features v.3.8
(<USER_ROOT>\AppData\Local\Programs\MiKTeX\tex/generic/xypic\xycurve.tex
 Xy-pic option: Curve and Spline extension v.3.12 curve,
\crv@cnt@=\count299
\crvpts@=\toks34
\splinebox@=\box59
\splineval@=\dimen190
\splinedepth@=\dimen191
\splinetol@=\dimen192
\splinelength@=\dimen193
 circles,
\L@=\dimen194
 loaded)
(<USER_ROOT>\AppData\Local\Programs\MiKTeX\tex/generic/xypic\xyframe.tex
 Xy-pic option: Frame and Bracket extension v.3.14 loaded)
(<USER_ROOT>\AppData\Local\Programs\MiKTeX\tex/generic/xypic\xycmtip.tex
 Xy-pic option: Computer Modern tip extension v.3.7
(<USER_ROOT>\AppData\Local\Programs\MiKTeX\tex/generic/xypic\xytips.tex
 Xy-pic option: More Tips extension v.3.11 loaded) loaded)
(<USER_ROOT>\AppData\Local\Programs\MiKTeX\tex/generic/xypic\xyline.tex
 Xy-pic option: Line styles extension v.3.10
\xylinethick@=\dimen195
 loaded)
(<USER_ROOT>\AppData\Local\Programs\MiKTeX\tex/generic/xypic\xyrotate.tex
 Xy-pic option: Rotate and Scale extension v.3.8 loaded)
(<USER_ROOT>\AppData\Local\Programs\MiKTeX\tex/generic/xypic\xycolor.tex
 Xy-pic option: Colour extension v.3.11 loaded)
(<USER_ROOT>\AppData\Local\Programs\MiKTeX\tex/generic/xypic\xymatrix.tex
 Xy-pic option: Matrix feature v.3.14
\Row=\count300
\Col=\count301
\queue@=\toks35
\queue@@=\toks36
\qcount@=\count302
\qcount@@=\count303
\matrixsize@=\count304
 loaded)
(<USER_ROOT>\AppData\Local\Programs\MiKTeX\tex/generic/xypic\xyarrow.tex
 Xy-pic option: Arrow and Path feature v.3.9 path, \ar, loaded)
(<USER_ROOT>\AppData\Local\Programs\MiKTeX\tex/generic/xypic\xygraph.tex
 Xy-pic option: Graph feature v.3.11 loaded) loaded)
(<USER_ROOT>\AppData\Local\Programs\MiKTeX\tex/generic/xypic\xypdf.tex
 Xy-pic option: PDF driver v.1.7 Xy-pic pdf driver: `color' extension support
(<USER_ROOT>\AppData\Local\Programs\MiKTeX\tex/generic/xypic\xypdf-co.tex
loaded) Xy-pic pdf driver: `curve' extension support
(<USER_ROOT>\AppData\Local\Programs\MiKTeX\tex/generic/xypic\xypdf-cu.tex
loaded) Xy-pic pdf driver: `frame' extension support
(<USER_ROOT>\AppData\Local\Programs\MiKTeX\tex/generic/xypic\xypdf-fr.tex
loaded) Xy-pic pdf driver: `line' extension support
(<USER_ROOT>\AppData\Local\Programs\MiKTeX\tex/generic/xypic\xypdf-li.tex
loaded) Xy-pic pdf driver: `rotate' extension support
(<USER_ROOT>\AppData\Local\Programs\MiKTeX\tex/generic/xypic\xypdf-ro.tex
loaded) loaded))
(<USER_ROOT>\AppData\Local\Programs\MiKTeX\tex/generic/xypic\xy2cell.tex
 Xy-pic option: Two-cell feature v.3.7 two-cells, loaded)
(<USER_ROOT>\AppData\Local\Programs\MiKTeX\tex/latex/tools\multicol.sty
Package: multicol 2025/10/21 v2.0b multicolumn formatting (FMi)
\c@tracingmulticols=\count305
\mult@box=\box60
\multicol@leftmargin=\dimen196
\c@unbalance=\count306
\c@collectmore=\count307
\doublecol@number=\count308
\multicoltolerance=\count309
\multicolpretolerance=\count310
\full@width=\dimen197
\page@free=\dimen198
\premulticols=\dimen199
\postmulticols=\dimen256
\multicolsep=\skip59
\multicolbaselineskip=\skip60
\partial@page=\box61
\last@line=\box62
\mc@boxedresult=\box63
\maxbalancingoverflow=\dimen257
\mult@rightbox=\box64
\mult@grightbox=\box65
\mult@firstbox=\box66
\mult@gfirstbox=\box67
\@tempa=\box68
\@tempa=\box69
\@tempa=\box70
\@tempa=\box71
\@tempa=\box72
\@tempa=\box73
\@tempa=\box74
\@tempa=\box75
\@tempa=\box76
\@tempa=\box77
\@tempa=\box78
\@tempa=\box79
\@tempa=\box80
\@tempa=\box81
\@tempa=\box82
\@tempa=\box83
\@tempa=\box84
\@tempa=\box85
\@tempa=\box86
\@tempa=\box87
\@tempa=\box88
\@tempa=\box89
\@tempa=\box90
\@tempa=\box91
\@tempa=\box92
\@tempa=\box93
\@tempa=\box94
\@tempa=\box95
\@tempa=\box96
\@tempa=\box97
\@tempa=\box98
\@tempa=\box99
\@tempa=\box100
\@tempa=\box101
\@tempa=\box102
\@tempa=\box103
\c@minrows=\count311
\c@columnbadness=\count312
\c@finalcolumnbadness=\count313
\last@try=\dimen258
\multicolovershoot=\dimen259
\multicolundershoot=\dimen260
\mult@nat@firstbox=\box104
\colbreak@box=\box105
\mc@col@check@num=\count314
\g__mc_curr_col_int=\count315
)
(<USER_ROOT>\AppData\Local\Programs\MiKTeX\tex/latex/lm\lmodern.sty
Package: lmodern 2015/05/01 v1.6.1 Latin Modern Fonts
LaTeX Font Info:    Overwriting symbol font `operators' in version `normal'
(Font)                  OT1/cmr/m/n --> OT1/lmr/m/n on input line 22.
LaTeX Font Info:    Overwriting symbol font `letters' in version `normal'
(Font)                  OML/cmm/m/it --> OML/lmm/m/it on input line 23.
LaTeX Font Info:    Overwriting symbol font `symbols' in version `normal'
(Font)                  OMS/cmsy/m/n --> OMS/lmsy/m/n on input line 24.
LaTeX Font Info:    Overwriting symbol font `largesymbols' in version `normal'
(Font)                  OMX/cmex/m/n --> OMX/lmex/m/n on input line 25.
LaTeX Font Info:    Overwriting symbol font `operators' in version `bold'
(Font)                  OT1/cmr/bx/n --> OT1/lmr/bx/n on input line 26.
LaTeX Font Info:    Overwriting symbol font `letters' in version `bold'
(Font)                  OML/cmm/b/it --> OML/lmm/b/it on input line 27.
LaTeX Font Info:    Overwriting symbol font `symbols' in version `bold'
(Font)                  OMS/cmsy/b/n --> OMS/lmsy/b/n on input line 28.
LaTeX Font Info:    Overwriting symbol font `largesymbols' in version `bold'
(Font)                  OMX/cmex/m/n --> OMX/lmex/m/n on input line 29.
LaTeX Font Info:    Overwriting math alphabet `\mathbf' in version `normal'
(Font)                  OT1/cmr/bx/n --> OT1/lmr/bx/n on input line 31.
LaTeX Font Info:    Overwriting math alphabet `\mathsf' in version `normal'
(Font)                  OT1/cmss/m/n --> OT1/lmss/m/n on input line 32.
LaTeX Font Info:    Overwriting math alphabet `\mathit' in version `normal'
(Font)                  OT1/cmr/m/it --> OT1/lmr/m/it on input line 33.
LaTeX Font Info:    Overwriting math alphabet `\mathtt' in version `normal'
(Font)                  OT1/cmtt/m/n --> OT1/lmtt/m/n on input line 34.
LaTeX Font Info:    Overwriting math alphabet `\mathbf' in version `bold'
(Font)                  OT1/cmr/bx/n --> OT1/lmr/bx/n on input line 35.
LaTeX Font Info:    Overwriting math alphabet `\mathsf' in version `bold'
(Font)                  OT1/cmss/bx/n --> OT1/lmss/bx/n on input line 36.
LaTeX Font Info:    Overwriting math alphabet `\mathit' in version `bold'
(Font)                  OT1/cmr/bx/it --> OT1/lmr/bx/it on input line 37.
LaTeX Font Info:    Overwriting math alphabet `\mathtt' in version `bold'
(Font)                  OT1/cmtt/m/n --> OT1/lmtt/m/n on input line 38.
)
(<USER_ROOT>\AppData\Local\Programs\MiKTeX\tex/latex/base\fontenc.sty
Package: fontenc 2025/07/18 v2.1d Standard LaTeX package
LaTeX Font Info:    Trying to load font information for T1+lmr on input line 11
6.

(<USER_ROOT>\AppData\Local\Programs\MiKTeX\tex/latex/lm\t1lmr.fd
File: t1lmr.fd 2015/05/01 v1.6.1 Font defs for Latin Modern
))
(<USER_ROOT>\AppData\Local\Programs\MiKTeX\tex/latex/hyperref\xr-hyper.sty
Package: xr-hyper 2026-04-24 v7.01q eXternal References (DPC)
) (<USER_ROOT>\AppData\Local\Programs\MiKTeX\tex/latex/hyperref\hyperref.st
y
Package: hyperref 2026-04-24 v7.01q Hypertext links for LaTeX
(<USER_ROOT>\AppData\Local\Programs\MiKTeX\tex/latex/graphics\keyval.sty
Package: keyval 2022/05/29 v1.15 key=value parser (DPC)
\KV@toks@=\toks37
)
(<USER_ROOT>\AppData\Local\Programs\MiKTeX\tex/latex/kvsetkeys\kvsetkeys.st
y
Package: kvsetkeys 2022-10-05 v1.19 Key value parser (HO)
)
(<USER_ROOT>\AppData\Local\Programs\MiKTeX\tex/generic/kvdefinekeys\kvdefin
ekeys.sty
Package: kvdefinekeys 2019-12-19 v1.6 Define keys (HO)
)
(<USER_ROOT>\AppData\Local\Programs\MiKTeX\tex/generic/pdfescape\pdfescape.
sty
Package: pdfescape 2019/12/09 v1.15 Implements pdfTeX's escape features (HO)

(<USER_ROOT>\AppData\Local\Programs\MiKTeX\tex/generic/ltxcmds\ltxcmds.sty
Package: ltxcmds 2023-12-04 v1.26 LaTeX kernel commands for general use (HO)
)
(<USER_ROOT>\AppData\Local\Programs\MiKTeX\tex/generic/pdftexcmds\pdftexcmd
s.sty
Package: pdftexcmds 2020-06-27 v0.33 Utility functions of pdfTeX for LuaTeX (HO
)

(<USER_ROOT>\AppData\Local\Programs\MiKTeX\tex/generic/infwarerr\infwarerr.
sty
Package: infwarerr 2019/12/03 v1.5 Providing info/warning/error messages (HO)
)
Package pdftexcmds Info: \pdf@primitive is available.
Package pdftexcmds Info: \pdf@ifprimitive is available.
Package pdftexcmds Info: \pdfdraftmode found.
))
(<USER_ROOT>\AppData\Local\Programs\MiKTeX\tex/latex/hycolor\hycolor.sty
Package: hycolor 2020-01-27 v1.10 Color options for hyperref/bookmark (HO)
)
(<USER_ROOT>\AppData\Local\Programs\MiKTeX\tex/latex/hyperref\nameref.sty
Package: nameref 2026-01-29 v2.58 Cross-referencing by name of section

(<USER_ROOT>\AppData\Local\Programs\MiKTeX\tex/latex/refcount\refcount.sty
Package: refcount 2019/12/15 v3.6 Data extraction from label references (HO)
)
(<USER_ROOT>\AppData\Local\Programs\MiKTeX\tex/generic/gettitlestring\getti
tlestring.sty
Package: gettitlestring 2019/12/15 v1.6 Cleanup title references (HO)

(<USER_ROOT>\AppData\Local\Programs\MiKTeX\tex/latex/kvoptions\kvoptions.st
y
Package: kvoptions 2022-06-15 v3.15 Key value format for package options (HO)
))
\c@section@level=\count316
)
(<USER_ROOT>\AppData\Local\Programs\MiKTeX\tex/latex/etoolbox\etoolbox.sty
Package: etoolbox 2025/10/02 v2.5m e-TeX tools for LaTeX (JAW)
\etb@tempcnta=\count317
)
(<USER_ROOT>\AppData\Local\Programs\MiKTeX\tex/generic/stringenc\stringenc.
sty
Package: stringenc 2019/11/29 v1.12 Convert strings between diff. encodings (HO
)
)
\@linkdim=\dimen261
\Hy@linkcounter=\count318
\Hy@pagecounter=\count319

(<USER_ROOT>\AppData\Local\Programs\MiKTeX\tex/latex/hyperref\pd1enc.def
File: pd1enc.def 2026-04-24 v7.01q Hyperref: PDFDocEncoding definition (HO)
Now handling font encoding PD1 ...
... no UTF-8 mapping file for font encoding PD1
)
(<USER_ROOT>\AppData\Local\Programs\MiKTeX\tex/generic/intcalc\intcalc.sty
Package: intcalc 2019/12/15 v1.3 Expandable calculations with integers (HO)
)
\Hy@SavedSpaceFactor=\count320
(<USER_ROOT>\AppData\Local\Programs\MiKTeX\tex/latex/hyperref\puenc.def
File: puenc.def 2026-04-24 v7.01q Hyperref: PDF Unicode definition (HO)
Now handling font encoding PU ...
... no UTF-8 mapping file for font encoding PU
)
(hyperref.cfg
File: hyperref.cfg 
)
Package hyperref Info: Hyper figures OFF on input line 4199.
Package hyperref Info: Link nesting OFF on input line 4204.
Package hyperref Info: Hyper index ON on input line 4207.
Package hyperref Info: Plain pages OFF on input line 4214.
Package hyperref Info: Backreferencing OFF on input line 4219.
Package hyperref Info: Implicit mode ON; LaTeX internals redefined.
Package hyperref Info: Bookmarks ON on input line 4466.
\c@Hy@tempcnt=\count321

(<USER_ROOT>\AppData\Local\Programs\MiKTeX\tex/latex/url\url.sty
\Urlmuskip=\muskip18
Package: url 2013/09/16  ver 3.4  Verb mode for urls, etc.
)
LaTeX Info: Redefining \url on input line 4805.
\XeTeXLinkMargin=\dimen262

(<USER_ROOT>\AppData\Local\Programs\MiKTeX\tex/generic/bitset\bitset.sty
Package: bitset 2019/12/09 v1.3 Handle bit-vector datatype (HO)

(<USER_ROOT>\AppData\Local\Programs\MiKTeX\tex/generic/bigintcalc\bigintcal
c.sty
Package: bigintcalc 2019/12/15 v1.5 Expandable calculations on big integers (HO
)
))
\Fld@menulength=\count322
\Field@Width=\dimen263
\Fld@charsize=\dimen264
Package hyperref Info: Hyper figures OFF on input line 6091.
Package hyperref Info: Link nesting OFF on input line 6096.
Package hyperref Info: Hyper index ON on input line 6099.
Package hyperref Info: backreferencing OFF on input line 6106.
Package hyperref Info: Link coloring OFF on input line 6111.
Package hyperref Info: Link coloring with OCG OFF on input line 6116.
Package hyperref Info: PDF/A mode OFF on input line 6121.
\Hy@abspage=\count323
\c@Item=\count324
\c@Hfootnote=\count325
)
Package hyperref Info: Driver (autodetected): hpdftex.

(<USER_ROOT>\AppData\Local\Programs\MiKTeX\tex/latex/hyperref\hpdftex.def
File: hpdftex.def 2026-04-24 v7.01q Hyperref driver for pdfTeX
\Fld@listcount=\count326
\c@bookmark@seq@number=\count327

(<USER_ROOT>\AppData\Local\Programs\MiKTeX\tex/latex/rerunfilecheck\rerunfi
lecheck.sty
Package: rerunfilecheck 2025-06-21 v1.11 Rerun checks for auxiliary files (HO)

(<USER_ROOT>\AppData\Local\Programs\MiKTeX\tex/generic/uniquecounter\unique
counter.sty
Package: uniquecounter 2019/12/15 v1.4 Provide unlimited unique counter (HO)
)
Package uniquecounter Info: New unique counter `rerunfilecheck' on input line 2
84.
)
\Hy@SectionHShift=\skip61
)

Package xr Warning: 
No file introduction.aux
LABELS NOT IMPORTED.
 on input line 37.


Package xr Warning: 
No file conventions.aux
LABELS NOT IMPORTED.
 on input line 38.


Package xr Warning: 
No file sets.aux
LABELS NOT IMPORTED.
 on input line 39.


Package xr Warning: 
No file categories.aux
LABELS NOT IMPORTED.
 on input line 40.


Package xr Warning: 
No file topology.aux
LABELS NOT IMPORTED.
 on input line 41.


Package xr Warning: 
No file sheaves.aux
LABELS NOT IMPORTED.
 on input line 42.


Package xr Warning: 
No file sites.aux
LABELS NOT IMPORTED.
 on input line 43.


Package xr Warning: 
No file stacks.aux
LABELS NOT IMPORTED.
 on input line 44.


Package xr Warning: 
No file fields.aux
LABELS NOT IMPORTED.
 on input line 45.


Package xr Warning: 
No file algebra.aux
LABELS NOT IMPORTED.
 on input line 46.


Package xr Warning: 
No file brauer.aux
LABELS NOT IMPORTED.
 on input line 47.


Package xr Warning: 
No file homology.aux
LABELS NOT IMPORTED.
 on input line 48.


Package xr Warning: 
No file derived.aux
LABELS NOT IMPORTED.
 on input line 49.


Package xr Warning: 
No file simplicial.aux
LABELS NOT IMPORTED.
 on input line 50.

Package xr Info: IMPORTING LABELS FROM more-algebra.aux on input line 51.

Package xr Warning: 
No file smoothing.aux
LABELS NOT IMPORTED.
 on input line 52.


Package xr Warning: 
No file modules.aux
LABELS NOT IMPORTED.
 on input line 53.


Package xr Warning: 
No file sites-modules.aux
LABELS NOT IMPORTED.
 on input line 54.


Package xr Warning: 
No file injectives.aux
LABELS NOT IMPORTED.
 on input line 55.


Package xr Warning: 
No file cohomology.aux
LABELS NOT IMPORTED.
 on input line 56.


Package xr Warning: 
No file sites-cohomology.aux
LABELS NOT IMPORTED.
 on input line 57.


Package xr Warning: 
No file dga.aux
LABELS NOT IMPORTED.
 on input line 58.


Package xr Warning: 
No file dpa.aux
LABELS NOT IMPORTED.
 on input line 59.


Package xr Warning: 
No file sdga.aux
LABELS NOT IMPORTED.
 on input line 60.


Package xr Warning: 
No file hypercovering.aux
LABELS NOT IMPORTED.
 on input line 61.


Package xr Warning: 
No file schemes.aux
LABELS NOT IMPORTED.
 on input line 62.


Package xr Warning: 
No file constructions.aux
LABELS NOT IMPORTED.
 on input line 63.


Package xr Warning: 
No file properties.aux
LABELS NOT IMPORTED.
 on input line 64.


Package xr Warning: 
No file morphisms.aux
LABELS NOT IMPORTED.
 on input line 65.


Package xr Warning: 
No file coherent.aux
LABELS NOT IMPORTED.
 on input line 66.


Package xr Warning: 
No file divisors.aux
LABELS NOT IMPORTED.
 on input line 67.


Package xr Warning: 
No file limits.aux
LABELS NOT IMPORTED.
 on input line 68.


Package xr Warning: 
No file varieties.aux
LABELS NOT IMPORTED.
 on input line 69.


Package xr Warning: 
No file topologies.aux
LABELS NOT IMPORTED.
 on input line 70.


Package xr Warning: 
No file descent.aux
LABELS NOT IMPORTED.
 on input line 71.


Package xr Warning: 
No file perfect.aux
LABELS NOT IMPORTED.
 on input line 72.


Package xr Warning: 
No file more-morphisms.aux
LABELS NOT IMPORTED.
 on input line 73.


Package xr Warning: 
No file flat.aux
LABELS NOT IMPORTED.
 on input line 74.


Package xr Warning: 
No file groupoids.aux
LABELS NOT IMPORTED.
 on input line 75.


Package xr Warning: 
No file more-groupoids.aux
LABELS NOT IMPORTED.
 on input line 76.


Package xr Warning: 
No file etale.aux
LABELS NOT IMPORTED.
 on input line 77.


Package xr Warning: 
No file chow.aux
LABELS NOT IMPORTED.
 on input line 78.


Package xr Warning: 
No file intersection.aux
LABELS NOT IMPORTED.
 on input line 79.


Package xr Warning: 
No file pic.aux
LABELS NOT IMPORTED.
 on input line 80.


Package xr Warning: 
No file weil.aux
LABELS NOT IMPORTED.
 on input line 81.


Package xr Warning: 
No file adequate.aux
LABELS NOT IMPORTED.
 on input line 82.


Package xr Warning: 
No file dualizing.aux
LABELS NOT IMPORTED.
 on input line 83.


Package xr Warning: 
No file duality.aux
LABELS NOT IMPORTED.
 on input line 84.


Package xr Warning: 
No file discriminant.aux
LABELS NOT IMPORTED.
 on input line 85.


Package xr Warning: 
No file derham.aux
LABELS NOT IMPORTED.
 on input line 86.


Package xr Warning: 
No file local-cohomology.aux
LABELS NOT IMPORTED.
 on input line 87.


Package xr Warning: 
No file algebraization.aux
LABELS NOT IMPORTED.
 on input line 88.


Package xr Warning: 
No file curves.aux
LABELS NOT IMPORTED.
 on input line 89.


Package xr Warning: 
No file resolve.aux
LABELS NOT IMPORTED.
 on input line 90.


Package xr Warning: 
No file models.aux
LABELS NOT IMPORTED.
 on input line 91.


Package xr Warning: 
No file functors.aux
LABELS NOT IMPORTED.
 on input line 92.


Package xr Warning: 
No file equiv.aux
LABELS NOT IMPORTED.
 on input line 93.


Package xr Warning: 
No file pione.aux
LABELS NOT IMPORTED.
 on input line 94.


Package xr Warning: 
No file etale-cohomology.aux
LABELS NOT IMPORTED.
 on input line 95.


Package xr Warning: 
No file proetale.aux
LABELS NOT IMPORTED.
 on input line 96.


Package xr Warning: 
No file relative-cycles.aux
LABELS NOT IMPORTED.
 on input line 97.


Package xr Warning: 
No file more-etale.aux
LABELS NOT IMPORTED.
 on input line 98.


Package xr Warning: 
No file trace.aux
LABELS NOT IMPORTED.
 on input line 99.


Package xr Warning: 
No file crystalline.aux
LABELS NOT IMPORTED.
 on input line 100.


Package xr Warning: 
No file spaces.aux
LABELS NOT IMPORTED.
 on input line 101.


Package xr Warning: 
No file spaces-properties.aux
LABELS NOT IMPORTED.
 on input line 102.


Package xr Warning: 
No file spaces-morphisms.aux
LABELS NOT IMPORTED.
 on input line 103.


Package xr Warning: 
No file decent-spaces.aux
LABELS NOT IMPORTED.
 on input line 104.


Package xr Warning: 
No file spaces-cohomology.aux
LABELS NOT IMPORTED.
 on input line 105.


Package xr Warning: 
No file spaces-limits.aux
LABELS NOT IMPORTED.
 on input line 106.


Package xr Warning: 
No file spaces-divisors.aux
LABELS NOT IMPORTED.
 on input line 107.


Package xr Warning: 
No file spaces-over-fields.aux
LABELS NOT IMPORTED.
 on input line 108.


Package xr Warning: 
No file spaces-topologies.aux
LABELS NOT IMPORTED.
 on input line 109.


Package xr Warning: 
No file spaces-descent.aux
LABELS NOT IMPORTED.
 on input line 110.


Package xr Warning: 
No file spaces-perfect.aux
LABELS NOT IMPORTED.
 on input line 111.


Package xr Warning: 
No file spaces-more-morphisms.aux
LABELS NOT IMPORTED.
 on input line 112.


Package xr Warning: 
No file spaces-flat.aux
LABELS NOT IMPORTED.
 on input line 113.


Package xr Warning: 
No file spaces-groupoids.aux
LABELS NOT IMPORTED.
 on input line 114.


Package xr Warning: 
No file spaces-more-groupoids.aux
LABELS NOT IMPORTED.
 on input line 115.


Package xr Warning: 
No file bootstrap.aux
LABELS NOT IMPORTED.
 on input line 116.


Package xr Warning: 
No file spaces-pushouts.aux
LABELS NOT IMPORTED.
 on input line 117.


Package xr Warning: 
No file spaces-chow.aux
LABELS NOT IMPORTED.
 on input line 118.


Package xr Warning: 
No file groupoids-quotients.aux
LABELS NOT IMPORTED.
 on input line 119.


Package xr Warning: 
No file spaces-more-cohomology.aux
LABELS NOT IMPORTED.
 on input line 120.


Package xr Warning: 
No file spaces-simplicial.aux
LABELS NOT IMPORTED.
 on input line 121.


Package xr Warning: 
No file spaces-duality.aux
LABELS NOT IMPORTED.
 on input line 122.


Package xr Warning: 
No file formal-spaces.aux
LABELS NOT IMPORTED.
 on input line 123.


Package xr Warning: 
No file restricted.aux
LABELS NOT IMPORTED.
 on input line 124.


Package xr Warning: 
No file spaces-resolve.aux
LABELS NOT IMPORTED.
 on input line 125.


Package xr Warning: 
No file formal-defos.aux
LABELS NOT IMPORTED.
 on input line 126.


Package xr Warning: 
No file defos.aux
LABELS NOT IMPORTED.
 on input line 127.


Package xr Warning: 
No file cotangent.aux
LABELS NOT IMPORTED.
 on input line 128.


Package xr Warning: 
No file examples-defos.aux
LABELS NOT IMPORTED.
 on input line 129.


Package xr Warning: 
No file algebraic.aux
LABELS NOT IMPORTED.
 on input line 130.


Package xr Warning: 
No file examples-stacks.aux
LABELS NOT IMPORTED.
 on input line 131.


Package xr Warning: 
No file stacks-sheaves.aux
LABELS NOT IMPORTED.
 on input line 132.


Package xr Warning: 
No file criteria.aux
LABELS NOT IMPORTED.
 on input line 133.


Package xr Warning: 
No file artin.aux
LABELS NOT IMPORTED.
 on input line 134.


Package xr Warning: 
No file quot.aux
LABELS NOT IMPORTED.
 on input line 135.


Package xr Warning: 
No file stacks-properties.aux
LABELS NOT IMPORTED.
 on input line 136.


Package xr Warning: 
No file stacks-morphisms.aux
LABELS NOT IMPORTED.
 on input line 137.


Package xr Warning: 
No file stacks-limits.aux
LABELS NOT IMPORTED.
 on input line 138.


Package xr Warning: 
No file stacks-cohomology.aux
LABELS NOT IMPORTED.
 on input line 139.


Package xr Warning: 
No file stacks-perfect.aux
LABELS NOT IMPORTED.
 on input line 140.


Package xr Warning: 
No file stacks-introduction.aux
LABELS NOT IMPORTED.
 on input line 141.


Package xr Warning: 
No file stacks-more-morphisms.aux
LABELS NOT IMPORTED.
 on input line 142.


Package xr Warning: 
No file stacks-geometry.aux
LABELS NOT IMPORTED.
 on input line 143.


Package xr Warning: 
No file moduli.aux
LABELS NOT IMPORTED.
 on input line 144.


Package xr Warning: 
No file moduli-curves.aux
LABELS NOT IMPORTED.
 on input line 145.


Package xr Warning: 
No file examples.aux
LABELS NOT IMPORTED.
 on input line 146.


Package xr Warning: 
No file exercises.aux
LABELS NOT IMPORTED.
 on input line 147.


Package xr Warning: 
No file guide.aux
LABELS NOT IMPORTED.
 on input line 148.


Package xr Warning: 
No file desirables.aux
LABELS NOT IMPORTED.
 on input line 149.


Package xr Warning: 
No file coding.aux
LABELS NOT IMPORTED.
 on input line 150.


Package xr Warning: 
No file obsolete.aux
LABELS NOT IMPORTED.
 on input line 151.


Package xr Warning: 
No file fdl.aux
LABELS NOT IMPORTED.
 on input line 152.


Package xr Warning: 
No file index.aux
LABELS NOT IMPORTED.
 on input line 153.

)
(<USER_ROOT>\AppData\Local\Programs\MiKTeX\tex/latex/l3backend\l3backend-pd
ftex.def
File: l3backend-pdftex.def 2026-02-18 L3 backend support: PDF output (pdfTeX)
\l__color_backend_stack_int=\count328
) (more-algebra.aux)
\openout1 = `more-algebra.aux'.

LaTeX Font Info:    Checking defaults for OML/cmm/m/it on input line 5.
LaTeX Font Info:    ... okay on input line 5.
LaTeX Font Info:    Checking defaults for OMS/cmsy/m/n on input line 5.
LaTeX Font Info:    ... okay on input line 5.
LaTeX Font Info:    Checking defaults for OT1/cmr/m/n on input line 5.
LaTeX Font Info:    ... okay on input line 5.
LaTeX Font Info:    Checking defaults for T1/cmr/m/n on input line 5.
LaTeX Font Info:    ... okay on input line 5.
LaTeX Font Info:    Checking defaults for TS1/cmr/m/n on input line 5.
LaTeX Font Info:    ... okay on input line 5.
LaTeX Font Info:    Checking defaults for OMX/cmex/m/n on input line 5.
LaTeX Font Info:    ... okay on input line 5.
LaTeX Font Info:    Checking defaults for U/cmr/m/n on input line 5.
LaTeX Font Info:    ... okay on input line 5.
LaTeX Font Info:    Checking defaults for PD1/pdf/m/n on input line 5.
LaTeX Font Info:    ... okay on input line 5.
LaTeX Font Info:    Checking defaults for PU/pdf/m/n on input line 5.
LaTeX Font Info:    ... okay on input line 5.
LaTeX Font Info:    Trying to load font information for OT1+lmr on input line 5
.

(<USER_ROOT>\AppData\Local\Programs\MiKTeX\tex/latex/lm\ot1lmr.fd
File: ot1lmr.fd 2015/05/01 v1.6.1 Font defs for Latin Modern
)
LaTeX Font Info:    Trying to load font information for OML+lmm on input line 5
.

(<USER_ROOT>\AppData\Local\Programs\MiKTeX\tex/latex/lm\omllmm.fd
File: omllmm.fd 2015/05/01 v1.6.1 Font defs for Latin Modern
)
LaTeX Font Info:    Trying to load font information for OMS+lmsy on input line 
5.

(<USER_ROOT>\AppData\Local\Programs\MiKTeX\tex/latex/lm\omslmsy.fd
File: omslmsy.fd 2015/05/01 v1.6.1 Font defs for Latin Modern
)
LaTeX Font Info:    Trying to load font information for OMX+lmex on input line 
5.

(<USER_ROOT>\AppData\Local\Programs\MiKTeX\tex/latex/lm\omxlmex.fd
File: omxlmex.fd 2015/05/01 v1.6.1 Font defs for Latin Modern
)
LaTeX Font Info:    External font `lmex10' loaded for size
(Font)              <8> on input line 5.
LaTeX Font Info:    External font `lmex10' loaded for size
(Font)              <6> on input line 5.
LaTeX Font Info:    External font `lmex10' loaded for size
(Font)              <5> on input line 5.
LaTeX Font Info:    Trying to load font information for U+msa on input line 5.

(<USER_ROOT>\AppData\Local\Programs\MiKTeX\tex/latex/amsfonts\umsa.fd
File: umsa.fd 2013/01/14 v3.01 AMS symbols A
)
LaTeX Font Info:    Trying to load font information for U+msb on input line 5.

(<USER_ROOT>\AppData\Local\Programs\MiKTeX\tex/latex/amsfonts\umsb.fd
File: umsb.fd 2013/01/14 v3.01 AMS symbols B
)
LaTeX Font Info:    External font `lmex10' loaded for size
(Font)              <10> on input line 5.
LaTeX Font Info:    External font `lmex10' loaded for size
(Font)              <7> on input line 5.
Package xypdf Info: Line width: 0.39998pt on input line 5.
Package hyperref Info: Link coloring OFF on input line 5.

(more-algebra.out) (more-algebra.out)
\@outlinefile=\write4
\openout4 = `more-algebra.out'.

 (more-algebra.toc [1{<USER_ROOT>/AppData/Local/MiKTeX/fonts/map/pdftex/pdf
tex.map}{<USER_ROOT>/AppData/Local/Programs/MiKTeX/fonts/enc/dvips/lm/lm-ec
.enc}]
Underfull \vbox (badness 10000) has occurred while \output is active []

 [2])
\tf@toc=\write5
\openout5 = `more-algebra.toc'.



LaTeX Warning: Reference `algebra-section-introduction' on page 3 undefined on 
input line 26.


Underfull \vbox (badness 10000) has occurred while \output is active []

 [3]

LaTeX Warning: Reference `algebra-lemma-finite-flat-local' on page 4 undefined 
on input line 124.

LaTeX Font Info:    Trying to load font information for U+euf on input line 125
.
(<USER_ROOT>\AppData\Local\Programs\MiKTeX\tex/latex/amsfonts\ueuf.fd
File: ueuf.fd 2013/01/14 v3.01 Euler Fraktur
)

LaTeX Warning: Reference `algebra-lemma-finite-projective' on page 4 undefined 
on input line 128.

[4{<USER_ROOT>/AppData/Local/Programs/MiKTeX/fonts/enc/dvips/lm/lm-mathit.e
nc}{<USER_ROOT>/AppData/Local/Programs/MiKTeX/fonts/enc/dvips/lm/lm-mathsy.
enc}{<USER_ROOT>/AppData/Local/Programs/MiKTeX/fonts/enc/dvips/lm/lm-rm.enc
}]

LaTeX Warning: Reference `algebra-lemma-NAK' on page 5 undefined on input line 
162.


LaTeX Warning: Reference `algebra-lemma-fun' on page 5 undefined on input line 
164.


LaTeX Warning: Reference `algebra-lemma-map-AR' on page 5 undefined on input li
ne 191.

[5]

LaTeX Warning: Reference `algebra-lemma-intersection-powers-ideal-module' on pa
ge 6 undefined on input line 244.


Overfull \hbox (2.45772pt too wide) in paragraph at lines 257--261
[]\T1/lmr/bx/n/10 Lemma 4.2. \T1/lmr/m/it/10 As-sump-tions as in Lemma []4.1[].
 Let $\OML/lmm/m/it/10 Q \OT1/lmr/m/n/10 = [](\OML/lmm/m/it/10 g\OT1/lmr/m/n/10
 )$ \T1/lmr/m/it/10 and $\OML/lmm/m/it/10 Q[] \OT1/lmr/m/n/10 = [](\OML/lmm/m/i
t/10 g[]\OT1/lmr/m/n/10 )$\T1/lmr/m/it/10 .
 []


LaTeX Warning: Reference `more-morphisms-section-pushouts' on page 6 undefined 
on input line 324.

[6{<USER_ROOT>/AppData/Local/Programs/MiKTeX/fonts/enc/dvips/lm/lm-mathex.e
nc}] <xymatrix 5x2 416>

LaTeX Warning: Reference `algebra-lemma-Artin-Tate' on page 7 undefined on inpu
t line 361.

<xymatrix 2x2 168> <xymatrix 3x2 158> <xymatrix 2x2 168> <xymatrix 2x2 171>
[7]

LaTeX Warning: Reference `algebra-proposition-localization-exact' on page 8 und
efined on input line 429.

<xymatrix 2x2 154>

LaTeX Warning: Reference `categories-example-2-fibre-product-categories' on pag
e 8 undefined on input line 449.

<xymatrix 2x2 154>
Overfull \hbox (19.46605pt too wide) detected at line 497
[][]\OT1/lmr/m/n/10 (\OML/lmm/m/it/10 L[]; N \OMS/lmsy/m/n/10 ^^B[] \OML/lmm/m/
it/10 M[]\OT1/lmr/m/n/10 ) = [][](\OML/lmm/m/it/10 L[] \OMS/lmsy/m/n/10 
[] \OML/lmm/m/it/10 B; N\OT1/lmr/m/n/10 ) \OMS/lmsy/m/n/10 ^^B[] [][]\OT1/lmr/m
/n/10 (\OML/lmm/m/it/10 L[] \OMS/lmsy/m/n/10 
[] \OML/lmm/m/it/10 R[]; M[]\OT1/lmr/m/n/10 )
 []


LaTeX Warning: Reference `algebra-lemma-adjoint-tensor-restrict' on page 8 unde
fined on input line 498.

[8] <xymatrix 3x1 82> <xymatrix 2x2 154>

LaTeX Warning: Reference `topology-section-colimits' on page 9 undefined on inp
ut line 561.

[9]

LaTeX Warning: Reference `categories-example-2-fibre-product-categories' on pag
e 10 undefined on input line 627.

<xymatrix 3x2 264> <xymatrix 3x2 271> [10] [11]

LaTeX Warning: Reference `algebra-lemma-flat' on page 12 undefined on input lin
e 833.


LaTeX Warning: Reference `algebra-remark-Tor-ring-mod-ideal' on page 12 undefin
ed on input line 854.


LaTeX Warning: Reference `algebra-lemma-what-does-it-mean' on page 12 undefined
 on input line 855.

[12]

LaTeX Warning: Reference `algebra-lemma-finite-projective' on page 13 undefined
 on input line 905.


LaTeX Warning: Reference `algebra-lemma-extension' on page 13 undefined on inpu
t line 926.


LaTeX Warning: Reference `algebra-lemma-flat-tor-zero' on page 13 undefined on 
input line 939.

<xymatrix 4x4 466> <xymatrix 2x2 154> [13]
Overfull \hbox (7.55678pt too wide) in paragraph at lines 990--999
\T1/lmr/m/n/10 is com-mu-ta-tive. In the fol-low-ing we will write $\OT1/lmr/m/
n/10 (\OML/lmm/m/it/10 N; M[]; '\OT1/lmr/m/n/10 )$ \T1/lmr/m/n/10 for an ob-jec
t of $[][] \OMS/lmsy/m/n/10 ^^B[]
 []

[14]

LaTeX Warning: Reference `algebra-lemma-finite-finitely-presented-extension' on
 page 15 undefined on input line 1114.


LaTeX Warning: Reference `algebra-lemma-finite-finitely-presented-extension' on
 page 15 undefined on input line 1121.


LaTeX Warning: Reference `algebra-lemma-extension' on page 15 undefined on inpu
t line 1142.


LaTeX Warning: Reference `algebra-lemma-flat-tor-zero' on page 15 undefined on 
input line 1155.


LaTeX Warning: Reference `algebra-lemma-base-change-finiteness' on page 15 unde
fined on input line 1185.


LaTeX Warning: Reference `algebra-lemma-flat-base-change' on page 15 undefined 
on input line 1186.


LaTeX Warning: Reference `algebra-lemma-base-change-smooth' on page 15 undefine
d on input line 1187.


LaTeX Warning: Reference `algebra-lemma-etale' on page 15 undefined on input li
ne 1188.

[15] <xymatrix 4x4 466>

LaTeX Warning: Reference `algebra-lemma-compose-finite-type' on page 16 undefin
ed on input line 1225.


LaTeX Warning: Reference `algebra-lemma-finite-presentation-independent' on pag
e 16 undefined on input line 1237.


LaTeX Warning: Reference `algebra-lemma-flat-fibre-smooth' on page 16 undefined
 on input line 1248.

[16] [17]

LaTeX Warning: Reference `algebra-lemma-Schanuel' on page 18 undefined on input
 line 1401.


Overfull \hbox (7.65593pt too wide) in paragraph at lines 1437--1440
[]\T1/lmr/m/it/10 Given a sec-ond fi-nite $\OML/lmm/m/it/10 R$\T1/lmr/m/it/10 -
module $\OML/lmm/m/it/10 M[]$ \T1/lmr/m/it/10 we have $[][]\OT1/lmr/m/n/10 (\OM
L/lmm/m/it/10 M \OMS/lmsy/m/n/10 ^^H \OML/lmm/m/it/10 M[]\OT1/lmr/m/n/10 ) = []
[](\OML/lmm/m/it/10 M\OT1/lmr/m/n/10 )[][](\OML/lmm/m/it/10 M[]\OT1/lmr/m/n/10 
)$
 []

[18]

LaTeX Warning: Reference `algebra-lemma-NAK' on page 19 undefined on input line
 1495.


LaTeX Warning: Reference `algebra-lemma-NAK' on page 19 undefined on input line
 1538.


LaTeX Warning: Reference `algebra-definition-locally-free' on page 19 undefined
 on input line 1555.


LaTeX Warning: Reference `algebra-section-more-glueing' on page 19 undefined on
 input line 1568.

[19]

LaTeX Warning: Reference `algebra-lemma-NAK' on page 20 undefined on input line
 1591.


LaTeX Warning: Reference `algebra-lemma-matrix-right-inverse' on page 20 undefi
ned on input line 1598.


LaTeX Warning: Reference `algebra-lemma-matrix-right-inverse' on page 20 undefi
ned on input line 1670.

[20]

LaTeX Warning: Reference `algebra-lemma-finite-projective' on page 21 undefined
 on input line 1696.


LaTeX Warning: Reference `algebra-lemma-extension' on page 21 undefined on inpu
t line 1700.


LaTeX Warning: Reference `algebra-lemma-finite-projective' on page 21 undefined
 on input line 1703.


LaTeX Warning: Reference `algebra-lemma-lift-idempotents' on page 21 undefined 
on input line 1730.


LaTeX Warning: Reference `algebra-lemma-lift-idempotents-noncommutative' on pag
e 21 undefined on input line 1731.


LaTeX Warning: Reference `algebra-lemma-lift-projective-module' on page 21 unde
fined on input line 1733.


LaTeX Warning: Reference `algebra-lemma-lift-finite-projective-module' on page 
21 undefined on input line 1734.


LaTeX Warning: Reference `algebra-lemma-local-artinian-basis-when-flat' on page
 21 undefined on input line 1737.


LaTeX Warning: Reference `algebra-lemma-lift-basis' on page 21 undefined on inp
ut line 1738.


LaTeX Warning: Reference `algebra-lemma-polynomial-ring-formally-smooth' on pag
e 21 undefined on input line 1740.


LaTeX Warning: Reference `algebra-proposition-smooth-formally-smooth' on page 2
1 undefined on input line 1741.


LaTeX Warning: Reference `algebra-lemma-smooth-strong-lift' on page 21 undefine
d on input line 1742.


LaTeX Warning: Reference `algebra-lemma-lift-syntomic' on page 21 undefined on 
input line 1744.


LaTeX Warning: Reference `algebra-lemma-lift-smooth' on page 21 undefined on in
put line 1746.


LaTeX Warning: Reference `algebra-lemma-lift-etale' on page 21 undefined on inp
ut line 1748.


LaTeX Warning: Reference `algebra-lemma-factor-mod-lift-etale' on page 21 undef
ined on input line 1750.


LaTeX Warning: Reference `algebra-section-henselian' on page 21 undefined on in
put line 1751.


LaTeX Warning: Reference `smoothing-section-presentations' on page 21 undefined
 on input line 1755.


LaTeX Warning: Reference `smoothing-proposition-lift-smooth' on page 21 undefin
ed on input line 1757.


LaTeX Warning: Reference `algebra-lemma-etale' on page 21 undefined on input li
ne 1766.

[21]

LaTeX Warning: Reference `algebra-lemma-disjoint-decomposition' on page 22 unde
fined on input line 1817.


LaTeX Warning: Reference `algebra-definition-etale' on page 22 undefined on inp
ut line 1831.


LaTeX Warning: Reference `algebra-lemma-Zariski-topology' on page 22 undefined 
on input line 1834.


LaTeX Warning: Reference `algebra-example-factor-polynomials-etale' on page 22 
undefined on input line 1865.

[22]

LaTeX Warning: Reference `algebra-example-factor-polynomials-etale' on page 23 
undefined on input line 1885.


LaTeX Warning: Reference `algebra-lemma-map-between-etale' on page 23 undefined
 on input line 1891.


LaTeX Warning: Reference `algebra-lemma-surjective-flat-finitely-presented' on 
page 23 undefined on input line 1893.


LaTeX Warning: Reference `algebra-lemma-Zariski-topology' on page 23 undefined 
on input line 1951.


LaTeX Warning: Reference `algebra-lemma-Zariski-topology' on page 23 undefined 
on input line 1955.


LaTeX Warning: Reference `algebra-lemma-integral-integral-over-ideal' on page 2
3 undefined on input line 1969.

[23]

LaTeX Warning: Reference `algebra-lemma-integral-going-up' on page 24 undefined
 on input line 2002.


LaTeX Warning: Reference `algebra-lemma-going-up-closed' on page 24 undefined o
n input line 2003.


LaTeX Warning: Reference `algebra-lemma-disjoint-decomposition' on page 24 unde
fined on input line 2012.


LaTeX Warning: Reference `algebra-lemma-disjoint-decomposition' on page 24 unde
fined on input line 2016.


LaTeX Warning: Reference `algebra-lemma-charpoly' on page 24 undefined on input
 line 2036.

[24]

LaTeX Warning: Reference `algebra-section-netherlander' on page 25 undefined on
 input line 2077.


LaTeX Warning: Reference `algebra-lemma-presentation-sym-exterior' on page 25 u
ndefined on input line 2091.


LaTeX Warning: Reference `algebra-lemma-section-smooth' on page 25 undefined on
 input line 2122.


LaTeX Warning: Reference `algebra-definition-smooth' on page 25 undefined on in
put line 2135.

<xymatrix 2x2 116>

LaTeX Warning: Reference `algebra-lemma-application-NL-smooth' on page 25 undef
ined on input line 2155.

[25]

LaTeX Warning: Reference `algebra-lemma-base-change-smooth' on page 26 undefine
d on input line 2169.


LaTeX Warning: Reference `algebra-lemma-locally-smooth' on page 26 undefined on
 input line 2170.


LaTeX Warning: Reference `algebra-lemma-exact-sequence-NL' on page 26 undefined
 on input line 2193.


LaTeX Warning: Reference `algebra-lemma-finite-projective' on page 26 undefined
 on input line 2199.


LaTeX Warning: Reference `algebra-lemma-NAK' on page 26 undefined on input line
 2208.


LaTeX Warning: Reference `algebra-lemma-fun' on page 26 undefined on input line
 2209.


LaTeX Warning: Reference `algebra-lemma-smooth-at-point' on page 26 undefined o
n input line 2213.


LaTeX Warning: Reference `algebra-lemma-map-between-etale' on page 26 undefined
 on input line 2222.


LaTeX Warning: Reference `algebra-lemma-surjective-flat-finitely-presented' on 
page 26 undefined on input line 2225.

[26]

LaTeX Warning: Reference `algebra-lemma-characterize-zero-local' on page 27 und
efined on input line 2261.


LaTeX Warning: Reference `algebra-lemma-characterize-finite-in-terms-of-integra
l' on page 27 undefined on input line 2273.


LaTeX Warning: Reference `algebra-lemma-finite-finitely-presented-extension' on
 page 27 undefined on input line 2275.


LaTeX Warning: Reference `algebra-lemma-finite-projective' on page 27 undefined
 on input line 2277.


LaTeX Warning: Reference `algebra-lemma-finite-projective' on page 27 undefined
 on input line 2280.


LaTeX Warning: Reference `algebra-lemma-NAK' on page 27 undefined on input line
 2314.


LaTeX Warning: Reference `algebra-lemma-integral-integral-over-ideal' on page 2
7 undefined on input line 2321.


LaTeX Warning: Reference `algebra-lemma-faithfully-flat-universally-injective' 
on page 27 undefined on input line 2336.


LaTeX Warning: Reference `algebra-lemma-etale' on page 27 undefined on input li
ne 2338.


LaTeX Warning: Reference `algebra-proposition-fppf-open' on page 27 undefined o
n input line 2340.

[27]

LaTeX Warning: Reference `algebra-lemma-noetherian-dim-1-Jacobson' on page 28 u
ndefined on input line 2354.


LaTeX Warning: Reference `algebra-lemma-Noetherian-local-domain-dim-2-infinite-
opens' on page 28 undefined on input line 2366.


LaTeX Warning: Reference `algebra-lemma-characterize-henselian' on page 28 unde
fined on input line 2410.


LaTeX Warning: Reference `algebra-lemma-lift-etale' on page 28 undefined on inp
ut line 2424.


LaTeX Warning: Reference `algebra-lemma-smooth-strong-lift' on page 28 undefine
d on input line 2427.


LaTeX Warning: Reference `algebra-lemma-diagonal-unramified' on page 28 undefin
ed on input line 2431.


LaTeX Warning: Reference `algebra-lemma-unramified' on page 28 undefined on inp
ut line 2432.


LaTeX Warning: Reference `algebra-lemma-locally-nilpotent' on page 28 undefined
 on input line 2434.


LaTeX Warning: Reference `algebra-lemma-lift-idempotents' on page 28 undefined 
on input line 2435.

[28]

LaTeX Warning: Reference `algebra-lemma-locally-nilpotent-unit' on page 29 unde
fined on input line 2461.


LaTeX Warning: Reference `algebra-lemma-contained-in-radical' on page 29 undefi
ned on input line 2464.


LaTeX Warning: Reference `algebra-lemma-radical-completion' on page 29 undefine
d on input line 2488.


LaTeX Warning: Reference `algebra-definition-quasi-finite' on page 29 undefined
 on input line 2516.

<xymatrix 3x2 145>

LaTeX Warning: Reference `algebra-theorem-main-theorem' on page 29 undefined on
 input line 2524.


LaTeX Warning: Reference `algebra-lemma-going-up-closed' on page 29 undefined o
n input line 2534.


LaTeX Warning: Reference `algebra-lemma-integral-going-up' on page 29 undefined
 on input line 2535.


LaTeX Warning: Reference `algebra-lemma-disjoint-implies-product' on page 29 un
defined on input line 2537.


LaTeX Warning: Reference `algebra-lemma-characterize-zero-local' on page 29 und
efined on input line 2548.

[29]

LaTeX Warning: Reference `algebra-lemma-going-up-closed' on page 30 undefined o
n input line 2583.


LaTeX Warning: Reference `algebra-lemma-integral-going-up' on page 30 undefined
 on input line 2584.


LaTeX Warning: Reference `algebra-lemma-standard-covering' on page 30 undefined
 on input line 2630.

[30]

LaTeX Warning: Reference `algebra-lemma-map-between-etale' on page 31 undefined
 on input line 2671.


LaTeX Warning: Reference `algebra-lemma-surjective-flat-finitely-presented' on 
page 31 undefined on input line 2673.


LaTeX Warning: Reference `algebra-lemma-etale' on page 31 undefined on input li
ne 2684.

[31]

LaTeX Warning: Reference `algebra-lemma-disjoint-decomposition' on page 32 unde
fined on input line 2745.


LaTeX Warning: Reference `algebra-lemma-contained-in-radical' on page 32 undefi
ned on input line 2826.


LaTeX Warning: Reference `algebra-lemma-contained-in-radical' on page 32 undefi
ned on input line 2828.

[32]

LaTeX Warning: Reference `categories-lemma-limits-products-equalizers' on page 
33 undefined on input line 2852.

<xymatrix 3x1 132>

LaTeX Warning: Reference `algebra-lemma-contained-in-radical' on page 33 undefi
ned on input line 2872.


LaTeX Warning: Reference `algebra-lemma-contained-in-radical' on page 33 undefi
ned on input line 2896.

[33]

LaTeX Warning: Reference `algebra-lemma-characterize-spec-connected' on page 34
 undefined on input line 2959.


LaTeX Warning: Reference `categories-definition-directed' on page 34 undefined 
on input line 2999.


LaTeX Warning: Reference `algebra-lemma-etale' on page 34 undefined on input li
ne 3003.


LaTeX Warning: Reference `algebra-lemma-etale' on page 34 undefined on input li
ne 3011.


LaTeX Warning: Reference `algebra-lemma-map-between-etale' on page 34 undefined
 on input line 3012.


LaTeX Warning: Reference `algebra-lemma-etale' on page 34 undefined on input li
ne 3026.

[34] <xymatrix 2x2 116> <xymatrix 3x2 169> <xymatrix 3x2 138>

LaTeX Warning: Reference `algebra-lemma-diagonal-unramified' on page 35 undefin
ed on input line 3070.


LaTeX Warning: Reference `algebra-lemma-etale' on page 35 undefined on input li
ne 3099.


LaTeX Warning: Reference `algebra-lemma-colimit-flat' on page 35 undefined on i
nput line 3100.


LaTeX Warning: Reference `algebra-lemma-lift-basis' on page 35 undefined on inp
ut line 3103.

[35]

LaTeX Warning: Reference `algebra-lemma-henselization' on page 36 undefined on 
input line 3128.


LaTeX Warning: Reference `algebra-lemma-uniqueness-henselian' on page 36 undefi
ned on input line 3138.


LaTeX Warning: Reference `algebra-lemma-completion-flat' on page 36 undefined o
n input line 3166.


LaTeX Warning: Reference `algebra-lemma-colimit-rings-flat' on page 36 undefine
d on input line 3169.


LaTeX Warning: Reference `algebra-lemma-ff' on page 36 undefined on input line 
3173.


LaTeX Warning: Reference `algebra-lemma-completion-Noetherian-Noetherian' on pa
ge 36 undefined on input line 3174.


LaTeX Warning: Reference `algebra-lemma-descent-Noetherian' on page 36 undefine
d on input line 3177.


LaTeX Warning: Reference `categories-lemma-adjoint-exact' on page 36 undefined 
on input line 3192.

[36]

LaTeX Warning: Reference `categories-lemma-cofinal' on page 37 undefined on inp
ut line 3290.


LaTeX Warning: Reference `algebra-lemma-flat-intersect-ideals' on page 37 undef
ined on input line 3310.


LaTeX Warning: Reference `algebra-lemma-chinese-remainder' on page 37 undefined
 on input line 3311.


LaTeX Warning: Reference `categories-definition-cofinal' on page 37 undefined o
n input line 3315.

<xymatrix 3x2 192> [37]

LaTeX Warning: Reference `algebra-lemma-NAK' on page 38 undefined on input line
 3376.


LaTeX Warning: Reference `algebra-lemma-fun' on page 38 undefined on input line
 3378.


LaTeX Warning: Reference `algebra-lemma-etale' on page 38 undefined on input li
ne 3392.


LaTeX Warning: Reference `algebra-lemma-base-change-integral' on page 38 undefi
ned on input line 3393.


LaTeX Warning: Reference `algebra-lemma-map-between-etale' on page 38 undefined
 on input line 3404.


LaTeX Warning: Reference `algebra-lemma-surjective-flat-finitely-presented' on 
page 38 undefined on input line 3405.


LaTeX Warning: Reference `algebra-lemma-NAK' on page 38 undefined on input line
 3415.


LaTeX Warning: Reference `algebra-lemma-lift-etale' on page 38 undefined on inp
ut line 3420.


LaTeX Warning: Reference `algebra-lemma-characterize-finite-in-terms-of-integra
l' on page 38 undefined on input line 3434.

[38]

LaTeX Warning: Reference `algebra-lemma-base-change-smooth' on page 39 undefine
d on input line 3449.

[39]

LaTeX Warning: Reference `algebra-definition-henselian' on page 40 undefined on
 input line 3616.

[40]

LaTeX Warning: Reference `algebra-lemma-when-injective-covering' on page 41 und
efined on input line 3704.

[41] <xymatrix 6x2 445>

LaTeX Warning: Reference `algebra-lemma-universally-exact-split' on page 42 und
efined on input line 3777.


LaTeX Warning: Reference `algebra-lemma-countgen-projective' on page 42 undefin
ed on input line 3816.


LaTeX Warning: Reference `algebra-proposition-what-exact' on page 42 undefined 
on input line 3821.

[42]

LaTeX Warning: Reference `algebra-definition-rank' on page 43 undefined on inpu
t line 3840.


LaTeX Warning: Reference `algebra-lemma-add-trivial-complex' on page 43 undefin
ed on input line 3845.


LaTeX Warning: Reference `algebra-lemma-weakly-ass' on page 43 undefined on inp
ut line 3872.


LaTeX Warning: Reference `algebra-lemma-weakly-ass-zero' on page 43 undefined o
n input line 3874.


LaTeX Warning: Reference `algebra-lemma-matrix-left-inverse' on page 43 undefin
ed on input line 3881.


LaTeX Warning: Reference `algebra-proposition-what-exact' on page 43 undefined 
on input line 3889.

[43]

LaTeX Warning: Reference `flat-section-flattening' on page 44 undefined on inpu
t line 3942.


LaTeX Warning: Reference `algebra-lemma-flat' on page 44 undefined on input lin
e 3964.

<xymatrix 4x2 302>

LaTeX Warning: Reference `algebra-lemma-flat-base-change' on page 44 undefined 
on input line 4040.


LaTeX Warning: Reference `algebra-lemma-descent-flatness-injective-map-artinian
-rings' on page 44 undefined on input line 4044.

[44]

LaTeX Warning: Reference `algebra-lemma-flat-module-powers' on page 45 undefine
d on input line 4078.


LaTeX Warning: Reference `algebra-lemma-flat-base-change' on page 45 undefined 
on input line 4100.


LaTeX Warning: Reference `algebra-lemma-flat-localization' on page 45 undefined
 on input line 4101.


LaTeX Warning: Reference `algebra-lemma-base-change-flat-up-down' on page 45 un
defined on input line 4137.


LaTeX Warning: Reference `algebra-lemma-base-change-finiteness' on page 45 unde
fined on input line 4164.


LaTeX Warning: Reference `algebra-theorem-openness-flatness' on page 45 undefin
ed on input line 4166.

[45]

LaTeX Warning: Reference `algebra-lemma-flat-finite-presentation-limit-flat' on
 page 46 undefined on input line 4188.


LaTeX Warning: Reference `algebra-lemma-flat-base-change' on page 46 undefined 
on input line 4252.


LaTeX Warning: Reference `algebra-lemma-flat-localization' on page 46 undefined
 on input line 4253.


LaTeX Warning: Reference `algebra-lemma-base-change-flat-up-down' on page 46 un
defined on input line 4289.

[46]

LaTeX Warning: Reference `algebra-lemma-base-change-finiteness' on page 47 unde
fined on input line 4317.


LaTeX Warning: Reference `algebra-theorem-openness-flatness' on page 47 undefin
ed on input line 4319.


LaTeX Warning: Reference `algebra-lemma-flat-finite-presentation-limit-flat' on
 page 47 undefined on input line 4345.


LaTeX Warning: Reference `algebra-lemma-construct-fp-module' on page 47 undefin
ed on input line 4357.

[47]

LaTeX Warning: Reference `algebra-lemma-flat-module-powers' on page 48 undefine
d on input line 4388.


LaTeX Warning: Reference `algebra-lemma-flat-module-powers' on page 48 undefine
d on input line 4438.


LaTeX Warning: Reference `algebra-lemma-intersect-powers-ideal-module-zero' on 
page 48 undefined on input line 4482.


LaTeX Warning: Reference `algebra-lemma-descent-flatness-injective-map-artinian
-rings' on page 48 undefined on input line 4504.

[48]

LaTeX Warning: Reference `algebra-lemma-finite-is-integral' on page 49 undefine
d on input line 4599.

[49]

LaTeX Warning: Reference `algebra-lemma-flatness-descends' on page 50 undefined
 on input line 4648.


LaTeX Warning: Reference `algebra-lemma-integral-overring-surjective' on page 5
0 undefined on input line 4661.

<xymatrix 3x2 124>

LaTeX Warning: Reference `algebra-lemma-lift-flatness' on page 50 undefined on 
input line 4679.

<xymatrix 2x2 154> [50]

LaTeX Warning: Reference `algebra-lemma-flat-finite-presentation-limit-flat' on
 page 51 undefined on input line 4712.


LaTeX Warning: Reference `algebra-lemma-flat-base-change' on page 51 undefined 
on input line 4718.


LaTeX Warning: Reference `algebra-theorem-ffdescent-projectivity' on page 51 un
defined on input line 4730.


LaTeX Warning: Reference `algebra-lemma-integral-overring-surjective' on page 5
1 undefined on input line 4743.

<xymatrix 3x2 124>

LaTeX Warning: Reference `algebra-lemma-projective-modulo-two-ideals' on page 5
1 undefined on input line 4758.


LaTeX Warning: Reference `algebra-lemma-lift-projective' on page 51 undefined o
n input line 4762.

[51]

LaTeX Warning: Reference `algebra-lemma-characterize-zero-local' on page 52 und
efined on input line 4860.


LaTeX Warning: Reference `algebra-lemma-criterion-no-embedded-primes' on page 5
2 undefined on input line 4900.


LaTeX Warning: Reference `algebra-lemma-ass' on page 52 undefined on input line
 4909.


LaTeX Warning: Reference `algebra-lemma-ass-zero' on page 52 undefined on input
 line 4909.

[52]

LaTeX Warning: Reference `algebra-lemma-flat-eq' on page 53 undefined on input 
line 4935.


LaTeX Warning: Reference `algebra-lemma-PID-dedekind' on page 53 undefined on i
nput line 4967.


LaTeX Warning: Reference `algebra-lemma-flat-localization' on page 53 undefined
 on input line 4969.


LaTeX Warning: Reference `algebra-lemma-characterize-Dedekind' on page 53 undef
ined on input line 4973.


LaTeX Warning: Reference `algebra-lemma-finite-projective' on page 53 undefined
 on input line 4978.

[53]

LaTeX Warning: Reference `algebra-definition-locally-free' on page 54 undefined
 on input line 5023.


LaTeX Warning: Reference `algebra-lemma-hom-from-finitely-presented' on page 54
 undefined on input line 5066.

[54]
Overfull \hbox (12.33237pt too wide) in paragraph at lines 5170--5172
[]\T1/lmr/m/it/10 If $\OML/lmm/m/it/10 M$ \T1/lmr/m/it/10 is fi-nite, then the 
ker-nel and cok-er-nel of $\OML/lmm/m/it/10 j \OT1/lmr/m/n/10 : \OML/lmm/m/it/1
0 M \OMS/lmsy/m/n/10 ! [][]\OT1/lmr/m/n/10 ([][](\OML/lmm/m/it/10 M; R\OT1/lmr/
m/n/10 )\OML/lmm/m/it/10 ; R\OT1/lmr/m/n/10 )$
 []

<xymatrix 4x2 402> [55]

LaTeX Warning: Reference `algebra-lemma-hom-from-finitely-presented' on page 56
 undefined on input line 5250.


LaTeX Warning: Reference `algebra-lemma-characterize-zero-local' on page 56 und
efined on input line 5252.


LaTeX Warning: Reference `algebra-lemma-ext-noetherian' on page 56 undefined on
 input line 5265.

<xymatrix 3x2 271>
Overfull \hbox (29.8966pt too wide) detected at line 5278
[]
 []


LaTeX Warning: Reference `algebra-lemma-hom-from-finitely-presented' on page 56
 undefined on input line 5290.

[56]
Overfull \hbox (1.73386pt too wide) in paragraph at lines 5327--5330
\T1/lmr/m/n/10 with $\OML/lmm/m/it/10 N \OT1/lmr/m/n/10 = [](\OML/lmm/m/it/10 R
[] \OMS/lmsy/m/n/10 ! \OML/lmm/m/it/10 R[]\OT1/lmr/m/n/10 )$ \T1/lmr/m/n/10 a t
or-sion free mod-ule. As $\OML/lmm/m/it/10 M \OT1/lmr/m/n/10 = [][]([][](\OML/l
mm/m/it/10 M; R\OT1/lmr/m/n/10 )\OML/lmm/m/it/10 ; R\OT1/lmr/m/n/10 )$
 []


LaTeX Warning: Reference `algebra-lemma-depth-in-ses' on page 57 undefined on i
nput line 5406.

[57]

LaTeX Warning: Reference `algebra-lemma-ext-noetherian' on page 58 undefined on
 input line 5423.


LaTeX Warning: Reference `algebra-lemma-associated-primes-localize' on page 58 
undefined on input line 5446.


LaTeX Warning: Reference `algebra-lemma-ass-zero' on page 58 undefined on input
 line 5449.


LaTeX Warning: Reference `algebra-lemma-ideal-nonzerodivisor' on page 58 undefi
ned on input line 5476.


LaTeX Warning: Reference `algebra-lemma-depth-in-ses' on page 58 undefined on i
nput line 5484.


LaTeX Warning: Reference `algebra-lemma-ass-zero' on page 58 undefined on input
 line 5486.

[58]

LaTeX Warning: Reference `algebra-lemma-hom-from-finitely-presented' on page 59
 undefined on input line 5531.


LaTeX Warning: Reference `algebra-lemma-hom-from-finitely-presented' on page 59
 undefined on input line 5553.


LaTeX Warning: Reference `algebra-lemma-criterion-normal' on page 59 undefined 
on input line 5591.

[59]

LaTeX Warning: Reference `algebra-lemma-minimal-polynomial-normal-domain' on pa
ge 60 undefined on input line 5678.


LaTeX Warning: Reference `algebra-lemma-normal-domain-intersection-localization
s-height-1' on page 60 undefined on input line 5682.


LaTeX Warning: Reference `algebra-lemma-NAK' on page 60 undefined on input line
 5740.

[60]

LaTeX Warning: Reference `algebra-lemma-flat-ML-criterion' on page 61 undefined
 on input line 5764.


LaTeX Warning: Reference `flat-section-introduction' on page 61 undefined on in
put line 5781.


LaTeX Warning: Reference `algebra-lemma-finite-flat-module-finitely-presented' 
on page 61 undefined on input line 5783.


LaTeX Warning: Reference `algebra-theorem-openness-flatness' on page 61 undefin
ed on input line 5814.

<xymatrix 2x2 154>

LaTeX Warning: Reference `algebra-lemma-cover' on page 61 undefined on input li
ne 5830.

[61]

LaTeX Warning: Reference `algebra-lemma-finite-flat-local' on page 62 undefined
 on input line 5883.


LaTeX Warning: Reference `algebra-lemma-flat-ses' on page 62 undefined on input
 line 5887.


LaTeX Warning: Reference `algebra-lemma-finite-flat-local' on page 62 undefined
 on input line 5889.


LaTeX Warning: Reference `algebra-lemma-NAK' on page 62 undefined on input line
 5907.

[62]

LaTeX Warning: Reference `algebra-lemma-zero-at-weakly-ass-zero' on page 63 und
efined on input line 5956.


LaTeX Warning: Reference `flat-proposition-flat-finite-type-finite-presentation
-domain' on page 63 undefined on input line 5964.


LaTeX Warning: Reference `algebra-lemma-homogenize' on page 63 undefined on inp
ut line 5985.


LaTeX Warning: Reference `algebra-lemma-finitely-presented-over-subring' on pag
e 63 undefined on input line 6023.


LaTeX Warning: Reference `algebra-lemma-submodule-localization' on page 63 unde
fined on input line 6030.


LaTeX Warning: Reference `algebra-proposition-localization-exact' on page 63 un
defined on input line 6037.

[63]

LaTeX Warning: Reference `divisors-section-blowup-flat' on page 64 undefined on
 input line 6057.


LaTeX Warning: Reference `flat-section-blowup-flat' on page 64 undefined on inp
ut line 6058.


LaTeX Warning: Reference `algebra-definition-blow-up' on page 64 undefined on i
nput line 6064.


LaTeX Warning: Reference `algebra-lemma-finitely-presented-over-subring' on pag
e 64 undefined on input line 6112.


LaTeX Warning: Reference `algebra-lemma-valuation-ring-colimit-affine-blowups' 
on page 64 undefined on input line 6133.

[64]

LaTeX Warning: Reference `algebra-lemma-flat-finite-presentation-limit-flat' on
 page 65 undefined on input line 6158.


LaTeX Warning: Reference `algebra-lemma-affine-blowup' on page 65 undefined on 
input line 6188.


LaTeX Warning: Reference `algebra-lemma-affine-blowup' on page 65 undefined on 
input line 6215.


LaTeX Warning: Reference `algebra-lemma-finite-projective' on page 65 undefined
 on input line 6224.

[65]

LaTeX Warning: Reference `algebra-lemma-finite-projective' on page 66 undefined
 on input line 6246.


Overfull \hbox (3.6486pt too wide) in paragraph at lines 6242--6250
[]\T1/lmr/m/n/10 Choose a sur-jec-tion $\OML/lmm/m/it/10 R[] \OMS/lmsy/m/n/10 !
 \OML/lmm/m/it/10 M$\T1/lmr/m/n/10 . Choose a fi-nite sub-mod-ule $\OML/lmm/m/i
t/10 K \OMS/lmsy/m/n/10 ^^Z []\OT1/lmr/m/n/10 (\OML/lmm/m/it/10 R[] \OMS/lmsy/m
/n/10 !
 []


LaTeX Warning: Reference `algebra-lemma-blowup-in-principal' on page 66 undefin
ed on input line 6256.


LaTeX Warning: Reference `algebra-lemma-affine-blowup' on page 66 undefined on 
input line 6275.


LaTeX Warning: Reference `algebra-lemma-blowup-add-principal' on page 66 undefi
ned on input line 6276.


LaTeX Warning: Reference `algebra-lemma-blowup-in-principal' on page 66 undefin
ed on input line 6293.

[66]

LaTeX Warning: Reference `algebra-theorem-universally-exact-criteria' on page 6
7 undefined on input line 6358.


LaTeX Warning: Reference `algebra-lemma-Artin-Rees' on page 67 undefined on inp
ut line 6362.

<xymatrix 4x2 340>

LaTeX Warning: Reference `algebra-lemma-completion-flat' on page 67 undefined o
n input line 6422.


LaTeX Warning: Reference `algebra-lemma-composition-flat' on page 67 undefined 
on input line 6426.


LaTeX Warning: Reference `algebra-lemma-completion-complete' on page 67 undefin
ed on input line 6435.


LaTeX Warning: Reference `algebra-lemma-ui-flat-domain' on page 67 undefined on
 input line 6441.


LaTeX Warning: Reference `algebra-proposition-characterize-coherent' on page 67
 undefined on input line 6443.


LaTeX Warning: Reference `algebra-lemma-Noetherian-coherent' on page 67 undefin
ed on input line 6445.


LaTeX Warning: Reference `algebra-lemma-Artin-Rees' on page 67 undefined on inp
ut line 6466.

[67]

LaTeX Warning: Reference `homology-lemma-apply-Mittag-Leffler-again' on page 68
 undefined on input line 6500.


LaTeX Warning: Reference `algebra-lemma-flat' on page 68 undefined on input lin
e 6509.


LaTeX Warning: Reference `homology-lemma-apply-Mittag-Leffler-again' on page 68
 undefined on input line 6522.


LaTeX Warning: Reference `algebra-lemma-what-does-it-mean' on page 68 undefined
 on input line 6541.


LaTeX Warning: Reference `algebra-lemma-hathat-finitely-generated' on page 68 u
ndefined on input line 6543.


LaTeX Warning: Reference `algebra-lemma-completion-Noetherian' on page 68 undef
ined on input line 6546.

[68]

LaTeX Warning: Reference `derived-section-cones' on page 69 undefined on input 
line 6674.

[69] <xymatrix 5x2 505> [70] <xymatrix 2x2 175> <xymatrix 2x2 175> [71]
[72] [73] [74]

LaTeX Warning: Reference `algebra-section-regular-sequences' on page 75 undefin
ed on input line 7211.


LaTeX Warning: Reference `algebra-section-quasi-regular' on page 75 undefined o
n input line 7212.


LaTeX Warning: Reference `algebra-section-depth' on page 75 undefined on input 
line 7213.

[75]
Overfull \hbox (23.4679pt too wide) in paragraph at lines 7283--7298
\T1/lmr/m/n/10 iso-mor-phic to the cone of mul-ti-pli-ca-tion by $\OML/lmm/m/it
/10 f[]$ \T1/lmr/m/n/10 on $\OML/lmm/m/it/10 K[]\OT1/lmr/m/n/10 (\OML/lmm/m/it/
10 f[]; [] ; f[]\OT1/lmr/m/n/10 )$\T1/lmr/m/n/10 . Thus $\OML/lmm/m/it/10 K[]\O
T1/lmr/m/n/10 (\OML/lmm/m/it/10 R; f[]; [] ; f[]\OT1/lmr/m/n/10 ) \OMS/lmsy/m/n
/10 

 []


Overfull \hbox (12.51195pt too wide) in paragraph at lines 7318--7321
[]\T1/lmr/m/it/10 If $\OML/lmm/m/it/10 f[]; [] ; f[]; f$ \T1/lmr/m/it/10 and $\
OML/lmm/m/it/10 f[]; [] ; f[]; g$ \T1/lmr/m/it/10 are $\OML/lmm/m/it/10 M$\T1/l
mr/m/it/10 -Koszul-regular then $\OML/lmm/m/it/10 f[]; [] ; f[]; fg$
 []


Overfull \hbox (36.71033pt too wide) detected at line 7332
\OML/lmm/m/it/10 H[]\OT1/lmr/m/n/10 (\OML/lmm/m/it/10 K[]\OT1/lmr/m/n/10 (\OML/
lmm/m/it/10 f[]; [] ; f[]; f\OT1/lmr/m/n/10 ) \OMS/lmsy/m/n/10 
 \OML/lmm/m/it/10 M\OT1/lmr/m/n/10 ) \OMS/lmsy/m/n/10 ! \OML/lmm/m/it/10 H[]\OT
1/lmr/m/n/10 (\OML/lmm/m/it/10 K[]\OT1/lmr/m/n/10 (\OML/lmm/m/it/10 f[]; [] ; f
[]; fg\OT1/lmr/m/n/10 ) \OMS/lmsy/m/n/10 
 \OML/lmm/m/it/10 M\OT1/lmr/m/n/10 ) \OMS/lmsy/m/n/10 ! \OML/lmm/m/it/10 H[]\OT
1/lmr/m/n/10 (\OML/lmm/m/it/10 K[]\OT1/lmr/m/n/10 (\OML/lmm/m/it/10 f[]; [] ; f
[]; g\OT1/lmr/m/n/10 ) \OMS/lmsy/m/n/10 
 \OML/lmm/m/it/10 M\OT1/lmr/m/n/10 )
 []

[76]

LaTeX Warning: Reference `algebra-lemma-quasi-regular-regular' on page 77 undef
ined on input line 7468.

[77] [78] <xymatrix 4x2 340>
Overfull \hbox (3.31874pt too wide) in paragraph at lines 7611--7616
\T1/lmr/m/n/10 in the im-age of the top left hor-i-zon-tal ar-row to re-duce to
 the case that $\OML/lmm/m/it/10 a[]; [] ; a[]$
 []


LaTeX Warning: Reference `homology-lemma-double-complex-gives-resolution' on pa
ge 79 undefined on input line 7664.

[79]

LaTeX Warning: Reference `examples-lemma-strange-regular-sequence' on page 80 u
ndefined on input line 7677.


LaTeX Warning: Reference `homology-lemma-double-complex-gives-resolution' on pa
ge 80 undefined on input line 7704.

[80]

LaTeX Warning: Reference `algebra-lemma-zero-at-ass-zero' on page 81 undefined 
on input line 7790.

[81]

LaTeX Warning: Reference `algebra-lemma-affine-blowup-quotient-description' on 
page 82 undefined on input line 7894.


LaTeX Warning: Reference `algebra-lemma-flat-tor-zero' on page 82 undefined on 
input line 7975.

[82]

LaTeX Warning: Reference `algebra-lemma-flat-ses' on page 83 undefined on input
 line 8007.


LaTeX Warning: Reference `algebra-lemma-flat-tor-zero' on page 83 undefined on 
input line 8010.


LaTeX Warning: Reference `algebra-lemma-flat-localization' on page 83 undefined
 on input line 8041.


LaTeX Warning: Reference `algebra-lemma-grothendieck-regular-sequence-general' 
on page 83 undefined on input line 8043.

[83]

LaTeX Warning: Reference `algebra-lemma-flat-fibre-smooth' on page 84 undefined
 on input line 8081.


LaTeX Warning: Reference `divisors-section-regular-ideal-sheaves' on page 84 un
defined on input line 8096.


LaTeX Warning: Reference `algebra-lemma-cover' on page 84 undefined on input li
ne 8156.


LaTeX Warning: Reference `algebra-lemma-finite-projective' on page 84 undefined
 on input line 8166.


LaTeX Warning: Reference `algebra-lemma-descend-properties-modules' on page 84 
undefined on input line 8188.

[84]

LaTeX Warning: Reference `algebra-proposition-ffdescent-finite-projectivity' on
 page 85 undefined on input line 8195.


LaTeX Warning: Reference `algebra-lemma-NAK' on page 85 undefined on input line
 8200.

<xymatrix 3x2 179>

LaTeX Warning: Reference `algebra-lemma-conormal-module' on page 85 undefined o
n input line 8288.

[85]

LaTeX Warning: Reference `algebra-lemma-principal-localization-NL' on page 86 u
ndefined on input line 8369.


LaTeX Warning: Reference `algebra-lemma-relative-global-complete-intersection-c
onormal' on page 86 undefined on input line 8399.

[86]

LaTeX Warning: Reference `algebra-definition-lci' on page 87 undefined on input
 line 8409.


LaTeX Warning: Reference `algebra-lemma-syntomic' on page 87 undefined on input
 line 8416.


LaTeX Warning: Reference `algebra-definition-lci-field' on page 87 undefined on
 input line 8427.


LaTeX Warning: Reference `algebra-lemma-lci' on page 87 undefined on input line
 8448.

<xymatrix 5x2 416>

LaTeX Warning: Reference `algebra-lemma-exact-sequence-NL' on page 87 undefined
 on input line 8481.


Overfull \hbox (16.3634pt too wide) detected at line 8490
\OT1/lmr/m/n/10 0 \OMS/lmsy/m/n/10 ! \OML/lmm/m/it/10 H[]\OT1/lmr/m/n/10 ([][] 
\OMS/lmsy/m/n/10 
[]\OML/lmm/m/it/10 C\OT1/lmr/m/n/10 ) \OMS/lmsy/m/n/10 ! \OML/lmm/m/it/10 H[]\O
T1/lmr/m/n/10 (\OML/lmm/m/it/10 L[]\OT1/lmr/m/n/10 ) \OMS/lmsy/m/n/10 ! \OML/lm
m/m/it/10 H[]\OT1/lmr/m/n/10 (\OML/lmm/m/it/10 L[]\OT1/lmr/m/n/10 ) \OMS/lmsy/m
/n/10 ! \OT1/lmr/m/n/10 
[] \OMS/lmsy/m/n/10 
[] \OML/lmm/m/it/10 C \OMS/lmsy/m/n/10 ! \OT1/lmr/m/n/10 
[] \OMS/lmsy/m/n/10 ! \OT1/lmr/m/n/10 
[] \OMS/lmsy/m/n/10 ! \OT1/lmr/m/n/10 0
 []

[87]

LaTeX Warning: Reference `algebra-lemma-colimits-NL' on page 88 undefined on in
put line 8520.


LaTeX Warning: Reference `algebra-lemma-henselian-functorial' on page 88 undefi
ned on input line 8528.


LaTeX Warning: Reference `algebra-lemma-strictly-henselian-functorial' on page 
88 undefined on input line 8529.


LaTeX Warning: Reference `algebra-lemma-colimits-NL' on page 88 undefined on in
put line 8538.


LaTeX Warning: Reference `algebra-definition-etale' on page 88 undefined on inp
ut line 8539.


LaTeX Warning: Reference `algebra-lemma-exact-sequence-NL' on page 88 undefined
 on input line 8542.


LaTeX Warning: Reference `algebra-lemma-etale-standard-smooth' on page 88 undef
ined on input line 8547.


LaTeX Warning: Reference `algebra-section-netherlander' on page 88 undefined on
 input line 8570.


LaTeX Warning: Reference `algebra-lemma-colimit-syntomic' on page 88 undefined 
on input line 8584.


LaTeX Warning: Reference `algebra-lemma-NL-homotopy' on page 88 undefined on in
put line 8591.


LaTeX Warning: Reference `algebra-lemma-localize-NL' on page 88 undefined on in
put line 8592.


LaTeX Warning: Reference `algebra-lemma-dimension-prime-polynomial-ring' on pag
e 88 undefined on input line 8594.


Overfull \hbox (21.96188pt too wide) detected at line 8609
\OT1/lmr/m/n/10 0 \OMS/lmsy/m/n/10 ! \OML/lmm/m/it/10 H[]\OT1/lmr/m/n/10 (\OML/
lmm/m/it/10 L[]\OT1/lmr/m/n/10 ) \OMS/lmsy/m/n/10 
[] \OML/lmm/m/it/10 M \OMS/lmsy/m/n/10 ! \OML/lmm/m/it/10 H[]\OT1/lmr/m/n/10 (\
OML/lmm/m/it/10 L[]\OT1/lmr/m/n/10 ) \OMS/lmsy/m/n/10 ! \OML/lmm/m/it/10 H[]\OT
1/lmr/m/n/10 (\OML/lmm/m/it/10 L[]\OT1/lmr/m/n/10 ) \OMS/lmsy/m/n/10 ! \OT1/lmr
/m/n/10 
[] \OMS/lmsy/m/n/10 
[] \OML/lmm/m/it/10 M \OMS/lmsy/m/n/10 ! \OT1/lmr/m/n/10 
[] \OMS/lmsy/m/n/10 ! \OT1/lmr/m/n/10 
[] \OMS/lmsy/m/n/10 ! \OT1/lmr/m/n/10 0
 []


LaTeX Warning: Reference `algebra-lemma-colimit-syntomic' on page 88 undefined 
on input line 8617.

<xymatrix 2x2 154> [88]
Overfull \hbox (15.70645pt too wide) detected at line 8655
\OT1/lmr/m/n/10 0 \OMS/lmsy/m/n/10 ! \OML/lmm/m/it/10 H[]\OT1/lmr/m/n/10 (\OML/
lmm/m/it/10 L[]\OT1/lmr/m/n/10 ) \OMS/lmsy/m/n/10 
 \OML/lmm/m/it/10 K[] \OMS/lmsy/m/n/10 ! \OML/lmm/m/it/10 H[]\OT1/lmr/m/n/10 (\
OML/lmm/m/it/10 L[]\OT1/lmr/m/n/10 ) \OMS/lmsy/m/n/10 ! \OML/lmm/m/it/10 H[]\OT
1/lmr/m/n/10 (\OML/lmm/m/it/10 L[]\OT1/lmr/m/n/10 ) \OMS/lmsy/m/n/10 ! \OT1/lmr
/m/n/10 
[] \OMS/lmsy/m/n/10 
 \OML/lmm/m/it/10 K[] \OMS/lmsy/m/n/10 ! \OT1/lmr/m/n/10 
[] \OMS/lmsy/m/n/10 ! \OT1/lmr/m/n/10 
[] \OMS/lmsy/m/n/10 ! \OT1/lmr/m/n/10 0
 []


Overfull \hbox (15.1842pt too wide) detected at line 8664
\OT1/lmr/m/n/10 0 \OMS/lmsy/m/n/10 ! \OML/lmm/m/it/10 H[]\OT1/lmr/m/n/10 (\OML/
lmm/m/it/10 L[]\OT1/lmr/m/n/10 ) \OMS/lmsy/m/n/10 
 \OML/lmm/m/it/10 K[] \OMS/lmsy/m/n/10 ! \OML/lmm/m/it/10 H[]\OT1/lmr/m/n/10 (\
OML/lmm/m/it/10 L[]\OT1/lmr/m/n/10 ) \OMS/lmsy/m/n/10 ! \OML/lmm/m/it/10 H[]\OT
1/lmr/m/n/10 (\OML/lmm/m/it/10 L[]\OT1/lmr/m/n/10 ) \OMS/lmsy/m/n/10 ! \OT1/lmr
/m/n/10 
[] \OMS/lmsy/m/n/10 
 \OML/lmm/m/it/10 K[] \OMS/lmsy/m/n/10 ! \OT1/lmr/m/n/10 
[] \OMS/lmsy/m/n/10 ! \OT1/lmr/m/n/10 
[] \OMS/lmsy/m/n/10 ! \OT1/lmr/m/n/10 0
 []


LaTeX Warning: Reference `algebra-lemma-exact-sequence-NL' on page 89 undefined
 on input line 8683.


LaTeX Warning: Reference `algebra-lemma-NL-surjection' on page 89 undefined on 
input line 8690.

<xymatrix 6x2 513>
Overfull \hbox (30.84439pt too wide) detected at line 8735
[]
 []


LaTeX Warning: Reference `algebra-lemma-differentials-base-change' on page 89 u
ndefined on input line 8738.

[89]

LaTeX Warning: Reference `algebra-lemma-dimension-base-fibre-total' on page 90 
undefined on input line 8748.

<xymatrix 3x2 264> <xymatrix 6x2 492>

LaTeX Warning: Reference `algebra-proposition-characterize-separable-field-exte
nsions' on page 90 undefined on input line 8778.


LaTeX Warning: Reference `algebra-lemma-size-extension-pth-roots' on page 90 un
defined on input line 8791.


LaTeX Warning: Reference `algebra-lemma-change-base-NL' on page 90 undefined on
 input line 8799.


LaTeX Warning: Reference `algebra-lemma-exact-sequence-NL' on page 90 undefined
 on input line 8811.

<xymatrix 5x2 437> [90] <xymatrix 2x2 154>

LaTeX Warning: Reference `algebra-lemma-flat-over-regular' on page 91 undefined
 on input line 8889.


LaTeX Warning: Reference `algebra-lemma-regular-ring-CM' on page 91 undefined o
n input line 8890.

[91] [92]

LaTeX Warning: Reference `algebra-definition-complete' on page 93 undefined on 
input line 9009.


LaTeX Warning: Reference `algebra-lemma-hathat-finitely-generated' on page 93 u
ndefined on input line 9016.

[93] <xymatrix 2x2 188>

LaTeX Warning: Reference `algebra-definition-formally-smooth' on page 94 undefi
ned on input line 9169.

[94]

LaTeX Warning: Reference `algebra-definition-formally-smooth' on page 95 undefi
ned on input line 9187.


LaTeX Warning: Reference `algebra-lemma-hathat-finitely-generated' on page 95 u
ndefined on input line 9246.

<xymatrix 2x2 195> [95] <xymatrix 3x3 446> <xymatrix 3x2 332> [96]

LaTeX Warning: Reference `algebra-lemma-descent-formally-smooth' on page 97 und
efined on input line 9370.

<xymatrix 2x2 154> <xymatrix 2x2 195>

LaTeX Warning: Reference `algebra-lemma-smooth-test-artinian' on page 97 undefi
ned on input line 9433.

<xymatrix 2x2 188> [97]

LaTeX Warning: Reference `algebra-definition-small-extension' on page 98 undefi
ned on input line 9457.

<xymatrix 2x2 188> <xymatrix 2x2 188> [98]

LaTeX Warning: Reference `algebra-lemma-formally-smooth-extensions-easy' on pag
e 99 undefined on input line 9544.


LaTeX Warning: Reference `algebra-lemma-completion-faithfully-flat' on page 99 
undefined on input line 9550.


LaTeX Warning: Reference `algebra-lemma-flat-under-regular' on page 99 undefine
d on input line 9551.


LaTeX Warning: Reference `algebra-theorem-cohen-structure-theorem' on page 99 u
ndefined on input line 9556.


LaTeX Warning: Reference `algebra-proposition-characterize-separable-field-exte
nsions' on page 99 undefined on input line 9599.


LaTeX Warning: Reference `algebra-lemma-regular-complete-containing-coefficient
-field' on page 99 undefined on input line 9618.

[99]

LaTeX Warning: Reference `algebra-lemma-compose-formally-smooth' on page 100 un
defined on input line 9645.


LaTeX Warning: Reference `algebra-lemma-smooth-test-artinian' on page 100 undef
ined on input line 9668.


LaTeX Warning: Reference `algebra-proposition-smooth-formally-smooth' on page 1
00 undefined on input line 9672.


LaTeX Warning: Reference `algebra-proposition-characterize-formally-smooth' on 
page 100 undefined on input line 9676.


LaTeX Warning: Reference `algebra-lemma-NL-localize-bottom' on page 100 undefin
ed on input line 9679.


LaTeX Warning: Reference `algebra-lemma-localize-NL' on page 100 undefined on i
nput line 9680.


LaTeX Warning: Reference `algebra-proposition-characterize-separable-field-exte
nsions' on page 100 undefined on input line 9728.


LaTeX Warning: Reference `algebra-lemma-cohen-ring-formally-smooth' on page 100
 undefined on input line 9730.

[100] <xymatrix 2x2 154>

LaTeX Warning: Reference `algebra-lemma-flat-over-regular' on page 101 undefine
d on input line 9789.


LaTeX Warning: Reference `algebra-lemma-regular-ring-CM' on page 101 undefined 
on input line 9790.


LaTeX Warning: Reference `algebra-theorem-cohen-structure-theorem' on page 101 
undefined on input line 9795.

[101]

LaTeX Warning: Reference `algebra-definition-cohen-ring' on page 102 undefined 
on input line 9830.


LaTeX Warning: Reference `algebra-lemma-cohen-rings-exist' on page 102 undefine
d on input line 9831.


LaTeX Warning: Reference `algebra-theorem-cohen-structure-theorem' on page 102 
undefined on input line 9835.

<xymatrix 2x2 216> [102]

LaTeX Warning: Reference `algebra-lemma-universal-omega' on page 103 undefined 
on input line 9936.


LaTeX Warning: Reference `algebra-lemma-completion-Noetherian-Noetherian' on pa
ge 103 undefined on input line 9990.


LaTeX Warning: Reference `algebra-lemma-flatness-descends-more-general' on page
 103 undefined on input line 9992.


LaTeX Warning: Reference `algebra-lemma-completion-faithfully-flat' on page 103
 undefined on input line 9993.

<xymatrix 2x2 154> [103]

LaTeX Warning: Reference `algebra-lemma-flat-base-change' on page 104 undefined
 on input line 10012.


LaTeX Warning: Reference `algebra-lemma-NL-surjection' on page 104 undefined on
 input line 10030.


LaTeX Warning: Reference `algebra-lemma-exact-sequence-NL' on page 104 undefine
d on input line 10031.

<xymatrix 5x2 382>

LaTeX Warning: Reference `algebra-lemma-completion-faithfully-flat' on page 104
 undefined on input line 10107.

<xymatrix 2x2 154> [104]

LaTeX Warning: Reference `algebra-lemma-regular-quotient-regular' on page 105 u
ndefined on input line 10129.

<xymatrix 2x2 154>

LaTeX Warning: Reference `algebra-lemma-mod-injective' on page 105 undefined on
 input line 10154.

<xymatrix 2x2 216> [105]

LaTeX Warning: Reference `algebra-lemma-universal-omega' on page 106 undefined 
on input line 10214.


LaTeX Warning: Reference `algebra-proposition-characterize-separable-field-exte
nsions' on page 106 undefined on input line 10237.

<xymatrix 2x2 154>

LaTeX Warning: Reference `algebra-lemma-regular-quotient-regular' on page 106 u
ndefined on input line 10280.

[106] <xymatrix 2x2 154> <xymatrix 2x2 86> <xymatrix 2x2 154>

LaTeX Warning: Reference `algebra-lemma-completion-Noetherian' on page 107 unde
fined on input line 10338.


LaTeX Warning: Reference `algebra-lemma-flat-module-powers' on page 107 undefin
ed on input line 10340.


LaTeX Warning: Reference `algebra-lemma-NAK' on page 107 undefined on input lin
e 10349.


LaTeX Warning: Reference `algebra-lemma-mod-injective' on page 107 undefined on
 input line 10354.


LaTeX Warning: Reference `algebra-definition-geometrically-regular' on page 107
 undefined on input line 10368.


LaTeX Warning: Reference `algebra-lemma-geometrically-regular' on page 107 unde
fined on input line 10371.

[107]

LaTeX Warning: Reference `algebra-definition-regular' on page 108 undefined on 
input line 10406.


LaTeX Warning: Reference `algebra-lemma-flat-localization' on page 108 undefine
d on input line 10409.


LaTeX Warning: Reference `algebra-lemma-flat-base-change' on page 108 undefined
 on input line 10421.


LaTeX Warning: Reference `algebra-lemma-Noetherian-field-extension' on page 108
 undefined on input line 10433.


LaTeX Warning: Reference `algebra-lemma-geometrically-regular' on page 108 unde
fined on input line 10436.


LaTeX Warning: Reference `algebra-lemma-flat-over-regular-with-regular-fibre' o
n page 108 undefined on input line 10453.


LaTeX Warning: Reference `algebra-lemma-colimit-flat' on page 108 undefined on 
input line 10467.


LaTeX Warning: Reference `algebra-lemma-smooth-syntomic' on page 108 undefined 
on input line 10468.


LaTeX Warning: Reference `algebra-lemma-base-change-smooth' on page 108 undefin
ed on input line 10476.


LaTeX Warning: Reference `algebra-lemma-characterize-smooth-over-field' on page
 108 undefined on input line 10478.


LaTeX Warning: Reference `algebra-lemma-colimit-regular' on page 108 undefined 
on input line 10481.

[108]

LaTeX Warning: Reference `algebra-proposition-characterize-separable-field-exte
nsions' on page 109 undefined on input line 10498.


LaTeX Warning: Reference `algebra-lemma-colimit-syntomic' on page 109 undefined
 on input line 10501.


LaTeX Warning: Reference `algebra-lemma-flat-permanence' on page 109 undefined 
on input line 10513.


LaTeX Warning: Reference `algebra-lemma-geometrically-regular-descent' on page 
109 undefined on input line 10518.


LaTeX Warning: Reference `algebra-section-ascending-properties' on page 109 und
efined on input line 10529.


LaTeX Warning: Reference `algebra-lemma-criterion-reduced' on page 109 undefine
d on input line 10546.


LaTeX Warning: Reference `algebra-lemma-Sk-goes-up' on page 109 undefined on in
put line 10548.


LaTeX Warning: Reference `algebra-lemma-Rk-goes-up' on page 109 undefined on in
put line 10549.


LaTeX Warning: Reference `algebra-lemma-criterion-normal' on page 109 undefined
 on input line 10566.


LaTeX Warning: Reference `algebra-lemma-Sk-goes-up' on page 109 undefined on in
put line 10568.


LaTeX Warning: Reference `algebra-lemma-Rk-goes-up' on page 109 undefined on in
put line 10569.


LaTeX Warning: Reference `algebra-lemma-Rk-goes-up' on page 109 undefined on in
put line 10586.

[109]

LaTeX Warning: Reference `algebra-lemma-Sk-goes-up' on page 110 undefined on in
put line 10603.


LaTeX Warning: Reference `algebra-lemma-completion-Noetherian-Noetherian' on pa
ge 110 undefined on input line 10619.


LaTeX Warning: Reference `algebra-lemma-completion-complete' on page 110 undefi
ned on input line 10620.


LaTeX Warning: Reference `algebra-lemma-completion-faithfully-flat' on page 110
 undefined on input line 10621.


LaTeX Warning: Reference `algebra-lemma-completion-complete' on page 110 undefi
ned on input line 10630.


LaTeX Warning: Reference `algebra-lemma-pushdown-module' on page 110 undefined 
on input line 10633.


LaTeX Warning: Reference `algebra-proposition-dimension' on page 110 undefined 
on input line 10639.


LaTeX Warning: Reference `algebra-lemma-dimension-base-fibre-equals-total' on p
age 110 undefined on input line 10641.


LaTeX Warning: Reference `algebra-lemma-apply-grothendieck' on page 110 undefin
ed on input line 10651.


LaTeX Warning: Reference `algebra-lemma-flat-under-regular' on page 110 undefin
ed on input line 10675.


LaTeX Warning: Reference `algebra-lemma-flat-over-regular-with-regular-fibre' o
n page 110 undefined on input line 10683.


LaTeX Warning: Reference `algebra-lemma-characterize-dvr' on page 110 undefined
 on input line 10695.


LaTeX Warning: Reference `algebra-lemma-descent-reduced' on page 110 undefined 
on input line 10711.


LaTeX Warning: Reference `algebra-example-bad-dvr-char-p' on page 110 undefined
 on input line 10712.


LaTeX Warning: Reference `algebra-remark-resolution-dim-1' on page 110 undefine
d on input line 10714.


LaTeX Warning: Reference `algebra-lemma-local-nagata-domain-analytically-unrami
fied' on page 110 undefined on input line 10716.


LaTeX Warning: Reference `algebra-lemma-analytically-unramified-easy' on page 1
10 undefined on input line 10717.

[110]

LaTeX Warning: Reference `algebra-lemma-descent-normal' on page 111 undefined o
n input line 10727.

<xymatrix 2x2 154>

LaTeX Warning: Reference `algebra-lemma-flatness-descends-more-general' on page
 111 undefined on input line 10748.


LaTeX Warning: Reference `algebra-lemma-flat-module-powers' on page 111 undefin
ed on input line 10758.


LaTeX Warning: Reference `algebra-lemma-finite-after-completion' on page 111 un
defined on input line 10773.


LaTeX Warning: Reference `algebra-lemma-finite-flat-local' on page 111 undefine
d on input line 10780.


LaTeX Warning: Reference `algebra-lemma-hathat-finitely-generated' on page 111 
undefined on input line 10785.


LaTeX Warning: Reference `algebra-lemma-etale' on page 111 undefined on input l
ine 10808.


LaTeX Warning: Reference `algebra-lemma-local-flat-ff' on page 111 undefined on
 input line 10810.


LaTeX Warning: Reference `algebra-lemma-descent-Noetherian' on page 111 undefin
ed on input line 10824.


LaTeX Warning: Reference `algebra-lemma-dimension-going-up' on page 111 undefin
ed on input line 10841.


LaTeX Warning: Reference `algebra-lemma-etale-quasi-finite' on page 111 undefin
ed on input line 10850.

[111]

LaTeX Warning: Reference `algebra-lemma-etale-at-prime' on page 112 undefined o
n input line 10873.


LaTeX Warning: Reference `algebra-lemma-characterize-dvr' on page 112 undefined
 on input line 10892.


LaTeX Warning: Reference `algebra-lemma-characterize-reduced-ring-normal' on pa
ge 112 undefined on input line 10894.


LaTeX Warning: Reference `algebra-lemma-characterize-Dedekind' on page 112 unde
fined on input line 10897.


LaTeX Warning: Reference `algebra-definition-henselization' on page 112 undefin
ed on input line 10908.


LaTeX Warning: Reference `algebra-lemma-henselization' on page 112 undefined on
 input line 10928.


LaTeX Warning: Reference `algebra-lemma-etale' on page 112 undefined on input l
ine 10929.


LaTeX Warning: Reference `algebra-lemma-colimit-flat' on page 112 undefined on 
input line 10931.


LaTeX Warning: Reference `algebra-lemma-local-flat-ff' on page 112 undefined on
 input line 10933.


LaTeX Warning: Reference `algebra-lemma-strict-henselization' on page 112 undef
ined on input line 10936.


LaTeX Warning: Reference `algebra-lemma-henselization' on page 112 undefined on
 input line 10941.


LaTeX Warning: Reference `algebra-lemma-strict-henselization' on page 112 undef
ined on input line 10942.


LaTeX Warning: Reference `algebra-lemma-local-artinian-basis-when-flat' on page
 112 undefined on input line 10943.


LaTeX Warning: Reference `algebra-lemma-flat-base-change' on page 112 undefined
 on input line 10947.


LaTeX Warning: Reference `algebra-lemma-local-artinian-basis-when-flat' on page
 112 undefined on input line 10952.

[112]

LaTeX Warning: Reference `algebra-lemma-formally-etale-etale' on page 113 undef
ined on input line 10971.


LaTeX Warning: Reference `algebra-lemma-colimit-formally-etale' on page 113 und
efined on input line 10973.


LaTeX Warning: Reference `algebra-lemma-descent-Noetherian' on page 113 undefin
ed on input line 11006.


LaTeX Warning: Reference `algebra-lemma-complete-local-ring-Noetherian' on page
 113 undefined on input line 11014.


LaTeX Warning: Reference `algebra-lemma-completion-faithfully-flat' on page 113
 undefined on input line 11021.


LaTeX Warning: Reference `algebra-lemma-colimit-rings-flat' on page 113 undefin
ed on input line 11027.


LaTeX Warning: Reference `algebra-lemma-descent-Noetherian' on page 113 undefin
ed on input line 11043.


LaTeX Warning: Reference `algebra-lemma-sh-from-h-map' on page 113 undefined on
 input line 11051.


LaTeX Warning: Reference `algebra-lemma-complete-henselian' on page 113 undefin
ed on input line 11053.


LaTeX Warning: Reference `algebra-lemma-strictly-henselian-functorial' on page 
113 undefined on input line 11061.

[113]

LaTeX Warning: Reference `algebra-lemma-descent-reduced' on page 114 undefined 
on input line 11080.


LaTeX Warning: Reference `algebra-lemma-reduced-goes-up' on page 114 undefined 
on input line 11084.


LaTeX Warning: Reference `algebra-lemma-locally-nilpotent' on page 114 undefine
d on input line 11098.


LaTeX Warning: Reference `algebra-lemma-quotient-henselization' on page 114 und
efined on input line 11101.


LaTeX Warning: Reference `algebra-lemma-quotient-strict-henselization' on page 
114 undefined on input line 11106.


LaTeX Warning: Reference `algebra-definition-ring-normal' on page 114 undefined
 on input line 11120.


LaTeX Warning: Reference `algebra-lemma-descent-normal' on page 114 undefined o
n input line 11123.


LaTeX Warning: Reference `algebra-lemma-normal-goes-up' on page 114 undefined o
n input line 11127.


LaTeX Warning: Reference `algebra-lemma-colimit-normal-ring' on page 114 undefi
ned on input line 11128.


LaTeX Warning: Reference `algebra-lemma-dimension-going-up' on page 114 undefin
ed on input line 11140.


LaTeX Warning: Reference `algebra-lemma-apply-grothendieck' on page 114 undefin
ed on input line 11170.

[114]

LaTeX Warning: Reference `algebra-lemma-characterize-dvr' on page 115 undefined
 on input line 11232.


LaTeX Warning: Reference `algebra-lemma-etale-over-field' on page 115 undefined
 on input line 11253.


LaTeX Warning: Reference `algebra-lemma-total-ring-fractions-no-embedded-points
' on page 115 undefined on input line 11262.


LaTeX Warning: Reference `algebra-proposition-dimension-zero-ring' on page 115 
undefined on input line 11264.


LaTeX Warning: Reference `algebra-lemma-quotient-henselization' on page 115 und
efined on input line 11301.


LaTeX Warning: Reference `algebra-lemma-quotient-strict-henselization' on page 
115 undefined on input line 11302.


LaTeX Warning: Reference `algebra-proposition-dimension-zero-ring' on page 115 
undefined on input line 11317.


LaTeX Warning: Reference `algebra-lemma-minimal-prime-reduced-ring' on page 115
 undefined on input line 11318.

[115]

LaTeX Warning: Reference `algebra-lemma-etale-at-prime' on page 116 undefined o
n input line 11325.

[116] [117]

LaTeX Warning: Reference `algebra-lemma-finite-after-completion' on page 118 un
defined on input line 11539.


LaTeX Warning: Reference `algebra-definition-regular' on page 118 undefined on 
input line 11577.

[118]

LaTeX Warning: Reference `topology-lemma-characterize-open-Noetherian' on page 
119 undefined on input line 11611.


LaTeX Warning: Reference `algebra-lemma-localization-of-regular-local-is-regula
r' on page 119 undefined on input line 11613.


LaTeX Warning: Reference `algebra-lemma-regular-ring-CM' on page 119 undefined 
on input line 11629.


LaTeX Warning: Reference `algebra-lemma-regular-sequence-in-neighbourhood' on p
age 119 undefined on input line 11630.


LaTeX Warning: Reference `algebra-lemma-regular-mod-x' on page 119 undefined on
 input line 11643.


LaTeX Warning: Reference `algebra-lemma-generic-flatness-Noetherian' on page 11
9 undefined on input line 11661.


LaTeX Warning: Reference `algebra-lemma-descent-regular' on page 119 undefined 
on input line 11663.


LaTeX Warning: Reference `algebra-lemma-smooth-at-generic-point' on page 119 un
defined on input line 11680.


LaTeX Warning: Reference `algebra-lemma-regular-goes-up' on page 119 undefined 
on input line 11685.

[119] <xymatrix 2x2 154>

LaTeX Warning: Reference `algebra-lemma-make-separably-generated' on page 120 u
ndefined on input line 11727.

<xymatrix 2x2 168> [120]

LaTeX Warning: Reference `algebra-lemma-regular-ring-CM' on page 121 undefined 
on input line 11811.


LaTeX Warning: Reference `algebra-lemma-regular-ring-CM' on page 121 undefined 
on input line 11829.


LaTeX Warning: Reference `algebra-lemma-regular-goes-up' on page 121 undefined 
on input line 11852.


LaTeX Warning: Reference `algebra-lemma-complete-local-Noetherian-domain-finite
-over-regular' on page 121 undefined on input line 11873.


LaTeX Warning: Reference `algebra-lemma-Noether-normalization-over-a-domain' on
 page 121 undefined on input line 11877.


LaTeX Warning: Reference `algebra-lemma-derivative-zero-pth-power' on page 121 
undefined on input line 11898.

[121]

LaTeX Warning: Reference `algebra-lemma-complete-local-Noetherian-domain-finite
-over-regular' on page 122 undefined on input line 11919.


LaTeX Warning: Reference `algebra-lemma-integral-dim-up' on page 122 undefined 
on input line 11969.


LaTeX Warning: Reference `algebra-lemma-criterion-normal' on page 122 undefined
 on input line 11970.


LaTeX Warning: Reference `algebra-lemma-quotient-complete-local' on page 122 un
defined on input line 11978.

[122] <xymatrix 2x2 168>

LaTeX Warning: Reference `algebra-lemma-complete-local-Noetherian-domain-finite
-over-regular' on page 123 undefined on input line 12061.

<xymatrix 2x2 154>

LaTeX Warning: Reference `algebra-lemma-completion-tensor' on page 123 undefine
d on input line 12075.


LaTeX Warning: Reference `algebra-lemma-flat-over-regular-with-regular-fibre' o
n page 123 undefined on input line 12084.


Overfull \hbox (7.00764pt too wide) in paragraph at lines 12079--12088
\T1/lmr/m/n/10 The up-shot of the pre-ced-ing para-graph is that we may as-sume
 that $\OML/lmm/m/it/10 A \OT1/lmr/m/n/10 = \OML/lmm/m/it/10 k\OT1/lmr/m/n/10 [
[\OML/lmm/m/it/10 x[]; [] ; x[]\OT1/lmr/m/n/10 ]]$
 []

[123] [124] <xymatrix 3x2 264>

LaTeX Warning: Reference `algebra-lemma-completion-at-quasi-finite-prime' on pa
ge 125 undefined on input line 12240.


LaTeX Warning: Reference `algebra-lemma-geometrically-regular' on page 125 unde
fined on input line 12259.


LaTeX Warning: Reference `algebra-lemma-finite-free-given-residue-field-extensi
on' on page 125 undefined on input line 12282.


LaTeX Warning: Reference `algebra-lemma-completion-finite-extension' on page 12
5 undefined on input line 12284.

[125]
Overfull \hbox (2.2954pt too wide) in paragraph at lines 12307--12312
[]\T1/lmr/bx/n/10 Lemma 51.5. \T1/lmr/m/it/10 Let $\OML/lmm/m/it/10 k$ \T1/lmr/
m/it/10 be a field of char-ac-ter-is-tic $\OML/lmm/m/it/10 p$\T1/lmr/m/it/10 . 
Let $\OML/lmm/m/it/10 A \OT1/lmr/m/n/10 = \OML/lmm/m/it/10 k\OT1/lmr/m/n/10 [[\
OML/lmm/m/it/10 x[]; [] ; x[]\OT1/lmr/m/n/10 ]][\OML/lmm/m/it/10 y[]; [] ; y[]\
OT1/lmr/m/n/10 ]$
 []


LaTeX Warning: Reference `algebra-lemma-completion-finite-extension' on page 12
6 undefined on input line 12333.


LaTeX Warning: Reference `algebra-lemma-complete-local-Noetherian-domain-finite
-over-regular' on page 126 undefined on input line 12372.


LaTeX Warning: Reference `algebra-definition-regular' on page 126 undefined on 
input line 12380.

[126] <xymatrix 3x2 264>

LaTeX Warning: Reference `algebra-lemma-geometrically-regular-over-separable-al
gebraic' on page 127 undefined on input line 12457.


LaTeX Warning: Reference `algebra-lemma-geometrically-regular-over-separable-al
gebraic' on page 127 undefined on input line 12488.

[127]

LaTeX Warning: Reference `algebra-lemma-completion-finite-extension' on page 12
8 undefined on input line 12523.

<xymatrix 2x2 154> [128]

LaTeX Warning: Reference `algebra-lemma-complete-local-Noetherian-domain-finite
-over-regular' on page 129 undefined on input line 12610.


LaTeX Warning: Reference `algebra-lemma-regular-goes-up' on page 129 undefined 
on input line 12623.


LaTeX Warning: Reference `algebra-lemma-completion-flat' on page 129 undefined 
on input line 12705.


LaTeX Warning: Reference `algebra-lemma-completion-Noetherian-Noetherian' on pa
ge 129 undefined on input line 12707.


LaTeX Warning: Reference `algebra-lemma-radical-completion' on page 129 undefin
ed on input line 12712.

[129]

LaTeX Warning: Reference `algebra-lemma-completion-faithfully-flat' on page 130
 undefined on input line 12732.


LaTeX Warning: Reference `algebra-lemma-geometrically-regular-over-separable-al
gebraic' on page 130 undefined on input line 12799.

[130]

LaTeX Warning: Reference `algebra-remark-fundamental-diagram' on page 131 undef
ined on input line 12889.

<xymatrix 3x2 264>

LaTeX Warning: Reference `algebra-lemma-completion-at-quasi-finite-prime' on pa
ge 131 undefined on input line 12933.

[131] <xymatrix 3x2 264> <xymatrix 2x2 154> [132]

LaTeX Warning: Reference `algebra-lemma-completion-flat' on page 133 undefined 
on input line 13056.


LaTeX Warning: Reference `algebra-lemma-completion-Noetherian-Noetherian' on pa
ge 133 undefined on input line 13058.


LaTeX Warning: Reference `algebra-lemma-radical-completion' on page 133 undefin
ed on input line 13063.


LaTeX Warning: Reference `algebra-lemma-completion-faithfully-flat' on page 133
 undefined on input line 13083.

[133]

LaTeX Warning: Reference `algebra-definition-geometrically-reduced' on page 134
 undefined on input line 13205.


LaTeX Warning: Reference `algebra-lemma-descent-reduced' on page 134 undefined 
on input line 13209.


LaTeX Warning: Reference `algebra-lemma-geometrically-reduced-over-separable-al
gebraic' on page 134 undefined on input line 13211.


LaTeX Warning: Reference `algebra-definition-geometrically-normal' on page 134 
undefined on input line 13222.


LaTeX Warning: Reference `algebra-lemma-descent-normal' on page 134 undefined o
n input line 13226.


LaTeX Warning: Reference `algebra-lemma-geometrically-normal-over-separable-alg
ebraic' on page 134 undefined on input line 13228.


LaTeX Warning: Reference `algebra-lemma-tensor-fields-CM' on page 134 undefined
 on input line 13241.


LaTeX Warning: Reference `algebra-lemma-Sk-goes-up' on page 134 undefined on in
put line 13242.


LaTeX Warning: Reference `algebra-lemma-Sk-goes-up' on page 134 undefined on in
put line 13248.


LaTeX Warning: Reference `algebra-lemma-descent-Sk' on page 134 undefined on in
put line 13252.

[134]

LaTeX Warning: Reference `algebra-lemma-make-separable' on page 135 undefined o
n input line 13280.

<xymatrix 2x2 154>

LaTeX Warning: Reference `algebra-lemma-localization-smooth-separable' on page 
135 undefined on input line 13289.


LaTeX Warning: Reference `algebra-lemma-base-change-smooth' on page 135 undefin
ed on input line 13295.


LaTeX Warning: Reference `algebra-lemma-Rk-goes-up' on page 135 undefined on in
put line 13297.


LaTeX Warning: Reference `algebra-lemma-characterize-smooth-over-field' on page
 135 undefined on input line 13298.


LaTeX Warning: Reference `algebra-lemma-descent-Rk' on page 135 undefined on in
put line 13305.


LaTeX Warning: Reference `algebra-lemma-Rk-goes-up' on page 135 undefined on in
put line 13309.


LaTeX Warning: Reference `algebra-lemma-descent-Rk' on page 135 undefined on in
put line 13311.


LaTeX Warning: Reference `algebra-lemma-separable-algebraic-diagonal' on page 1
35 undefined on input line 13328.


LaTeX Warning: Reference `algebra-definition-universally-catenary' on page 135 
undefined on input line 13349.

[135]

LaTeX Warning: Reference `algebra-lemma-CM-ring-catenary' on page 136 undefined
 on input line 13401.


LaTeX Warning: Reference `algebra-remark-Noetherian-complete-local-ring-univers
ally-catenary' on page 136 undefined on input line 13406.


LaTeX Warning: Reference `algebra-lemma-local-nagata-and-analytically-unramifie
d' on page 136 undefined on input line 13424.


LaTeX Warning: Reference `algebra-lemma-local-nagata-and-analytically-unramifie
d' on page 136 undefined on input line 13451.


LaTeX Warning: Reference `algebra-lemma-local-nagata-and-analytically-unramifie
d' on page 136 undefined on input line 13459.


LaTeX Warning: Reference `algebra-lemma-check-universally-japanese' on page 136
 undefined on input line 13473.


LaTeX Warning: Reference `algebra-lemma-characterize-N-1' on page 136 undefined
 on input line 13474.


LaTeX Warning: Reference `algebra-lemma-analytically-unramified-easy' on page 1
36 undefined on input line 13481.

[136]

LaTeX Warning: Reference `algebra-lemma-normal-goes-up-noetherian' on page 137 
undefined on input line 13493.


LaTeX Warning: Reference `homology-definition-serre-subcategory' on page 137 un
defined on input line 13507.


LaTeX Warning: Reference `homology-lemma-characterize-serre-subcategory' on pag
e 137 undefined on input line 13509.


LaTeX Warning: Reference `homology-lemma-characterize-weak-serre-subcategory' o
n page 137 undefined on input line 13510.


LaTeX Warning: Reference `algebra-lemma-coherent' on page 137 undefined on inpu
t line 13514.


LaTeX Warning: Reference `algebra-lemma-localization-and-modules' on page 137 u
ndefined on input line 13518.


LaTeX Warning: Reference `algebra-lemma-Noetherian-coherent' on page 137 undefi
ned on input line 13532.


LaTeX Warning: Reference `algebra-lemma-coherent-ring' on page 137 undefined on
 input line 13533.


LaTeX Warning: Reference `algebra-lemma-Noetherian-finite-type-is-finite-presen
tation' on page 137 undefined on input line 13534.

[137]

LaTeX Warning: Reference `algebra-lemma-hom-exact' on page 138 undefined on inp
ut line 13631.


LaTeX Warning: Reference `homology-section-extensions' on page 138 undefined on
 input line 13639.


LaTeX Warning: Reference `algebra-lemma-long-exact-seq-ext' on page 138 undefin
ed on input line 13647.


LaTeX Warning: Reference `algebra-lemma-reverse-long-exact-seq-ext' on page 138
 undefined on input line 13648.


LaTeX Warning: Reference `homology-lemma-six-term-sequence-ext' on page 138 und
efined on input line 13650.


LaTeX Warning: Reference `algebra-lemma-reverse-long-exact-seq-ext' on page 138
 undefined on input line 13684.


LaTeX Warning: Reference `homology-lemma-characterize-injectives' on page 138 u
ndefined on input line 13687.

[138]

LaTeX Warning: Reference `algebra-lemma-reverse-long-exact-seq-ext' on page 139
 undefined on input line 13711.


LaTeX Warning: Reference `algebra-lemma-characterize-projective' on page 139 un
defined on input line 13713.

[139] <xymatrix 2x2 154>

LaTeX Warning: Reference `homology-section-injectives' on page 140 undefined on
 input line 13873.


LaTeX Warning: Reference `derived-section-homotopy' on page 140 undefined on in
put line 13899.


LaTeX Warning: Reference `derived-section-homotopy-triangulated' on page 140 un
defined on input line 13902.


LaTeX Warning: Reference `derived-section-derived-categories' on page 140 undef
ined on input line 13907.


LaTeX Warning: Reference `injectives-remark-existence-D' on page 140 undefined 
on input line 13908.

[140]

LaTeX Warning: Reference `derived-lemma-enough-K-injectives-Ab4-star' on page 1
41 undefined on input line 13916.


LaTeX Warning: Reference `derived-lemma-products' on page 141 undefined on inpu
t line 13918.


LaTeX Warning: Reference `injectives-lemma-derived-products' on page 141 undefi
ned on input line 13920.


LaTeX Warning: Reference `derived-section-derived-limit' on page 141 undefined 
on input line 13923.


LaTeX Warning: Reference `algebra-lemma-adjoint-tensor-restrict' on page 141 un
defined on input line 13936.


LaTeX Warning: Reference `algebra-lemma-epimorphism-modules' on page 141 undefi
ned on input line 13952.


LaTeX Warning: Reference `algebra-lemma-adjoint-hom-restrict' on page 141 undef
ined on input line 13966.


LaTeX Warning: Reference `algebra-section-tor' on page 141 undefined on input l
ine 13992.

[141]

LaTeX Warning: Reference `homology-example-double-complex-as-tensor-product-of'
 on page 142 undefined on input line 14042.


LaTeX Warning: Reference `homology-definition-associated-simple-complex' on pag
e 142 undefined on input line 14043.


LaTeX Warning: Reference `homology-remark-triple-complex' on page 142 undefined
 on input line 14055.


LaTeX Warning: Reference `categories-definition-monoidal-category' on page 142 
undefined on input line 14098.


LaTeX Warning: Reference `categories-definition-symmetric-monoidal-category' on
 page 142 undefined on input line 14099.

[142]

LaTeX Warning: Reference `derived-remark-double-complex-as-tensor-product-of' o
n page 143 undefined on input line 14170.

[143]

LaTeX Warning: Reference `algebra-lemma-flat-tor-zero' on page 144 undefined on
 input line 14276.


LaTeX Warning: Reference `homology-lemma-first-quadrant-ss' on page 144 undefin
ed on input line 14300.


LaTeX Warning: Reference `algebra-lemma-tensor-products-commute-with-limits' on
 page 144 undefined on input line 14329.


LaTeX Warning: Reference `algebra-lemma-directed-colimit-exact' on page 144 und
efined on input line 14331.


LaTeX Warning: Reference `algebra-lemma-tensor-products-commute-with-limits' on
 page 144 undefined on input line 14343.


LaTeX Warning: Reference `algebra-lemma-module-colimit-fp' on page 144 undefine
d on input line 14347.


LaTeX Warning: Reference `homology-section-truncations' on page 144 undefined o
n input line 14356.


LaTeX Warning: Reference `algebra-lemma-directed-colimit-exact' on page 144 und
efined on input line 14358.

[144]

LaTeX Warning: Reference `derived-lemma-special-direct-system' on page 145 unde
fined on input line 14390.

<xymatrix 3x2 230>

LaTeX Warning: Reference `algebra-lemma-colimit-flat' on page 145 undefined on 
input line 14412.


LaTeX Warning: Reference `dga-lemma-resolve' on page 145 undefined on input lin
e 14434.

[145] <xymatrix 2x2 154> [146]

LaTeX Warning: Reference `derived-proposition-homotopy-category-triangulated' o
n page 147 undefined on input line 14590.

<xymatrix 4x2 374>

LaTeX Warning: Reference `derived-lemma-third-isomorphism-triangle' on page 147
 undefined on input line 14619.


LaTeX Warning: Reference `derived-lemma-improve-distinguished-triangle-homotopy
' on page 147 undefined on input line 14624.

[147]

LaTeX Warning: Reference `derived-section-derived-functors' on page 148 undefin
ed on input line 14682.


LaTeX Warning: Reference `derived-situation-derived-functor' on page 148 undefi
ned on input line 14692.


LaTeX Warning: Reference `derived-definition-right-derived-functor-defined' on 
page 148 undefined on input line 14695.


LaTeX Warning: Reference `derived-lemma-find-existence-computes' on page 148 un
defined on input line 14698.


LaTeX Warning: Reference `derived-equation-everywhere' on page 148 undefined on
 input line 14709.


LaTeX Warning: Reference `derived-lemma-find-existence-computes' on page 148 un
defined on input line 14711.


LaTeX Warning: Reference `derived-lemma-pre-derived-adjoint-functors-general' o
n page 148 undefined on input line 14764.


LaTeX Warning: Reference `algebra-lemma-adjoint-tensor-restrict' on page 148 un
defined on input line 14766.


LaTeX Warning: Reference `algebra-section-base-change' on page 148 undefined on
 input line 14773.

[148]

LaTeX Warning: Reference `homology-remark-triple-complex' on page 149 undefined
 on input line 14849.

[149] <xymatrix 2x2 154> <xymatrix 3x2 264> [150]

LaTeX Warning: Reference `algebra-section-functoriality-tor' on page 151 undefi
ned on input line 14994.


LaTeX Warning: Reference `algebra-theorem-lazard' on page 151 undefined on inpu
t line 15013.

[151]

LaTeX Warning: Reference `algebra-lemma-characterize-zero-local' on page 152 un
defined on input line 15132.


LaTeX Warning: Reference `homology-section-double-complex' on page 152 undefine
d on input line 15166.


LaTeX Warning: Reference `homology-lemma-first-quadrant-ss' on page 152 undefin
ed on input line 15167.

[152] <xymatrix 2x2 154>

LaTeX Warning: Reference `homology-section-double-complex' on page 153 undefine
d on input line 15261.

[153]

LaTeX Warning: Reference `homology-definition-associated-simple-complex' on pag
e 154 undefined on input line 15301.


LaTeX Warning: Reference `derived-lemma-morphisms-lift-projective' on page 154 
undefined on input line 15358.


LaTeX Warning: Reference `derived-lemma-morphisms-equal-up-to-homotopy-projecti
ve' on page 154 undefined on input line 15359.

[154]

LaTeX Warning: Reference `homology-definition-filtered-complex' on page 155 und
efined on input line 15432.


LaTeX Warning: Reference `homology-section-filtered-complex' on page 155 undefi
ned on input line 15448.

[155]

LaTeX Warning: Reference `homology-section-filtered-complex' on page 156 undefi
ned on input line 15491.


LaTeX Warning: Reference `homology-lemma-spectral-sequence-filtered-complex-d1'
 on page 156 undefined on input line 15505.


LaTeX Warning: Reference `homology-lemma-biregular-ss-converges' on page 156 un
defined on input line 15546.


LaTeX Warning: Reference `homology-lemma-ss-converges-trivial' on page 156 unde
fined on input line 15553.

[156]
Overfull \hbox (10.81674pt too wide) in paragraph at lines 15635--15643
[]\OT1/lmr/m/n/10 (\OML/lmm/m/it/10 K[] \OMS/lmsy/m/n/10 
 \OML/lmm/m/it/10 F[]L[]\OT1/lmr/m/n/10 )$\T1/lmr/m/n/10 . Thus we con-clude th
at $\OML/lmm/m/it/10 S[] \OMS/lmsy/m/n/10 ! \OML/lmm/m/it/10 S[]$ \T1/lmr/m/n/1
0 is a quasi-isomorphism
 []

[157]
Overfull \hbox (15.65173pt too wide) detected at line 15704
\OT1/lmr/m/n/10 
[] = [] [] \OML/lmm/m/it/10 ; []\OT1/lmr/m/n/10 
[] = [] [] \OML/lmm/m/it/10 ;
 []

[158]

LaTeX Warning: Reference `homology-section-truncations' on page 159 undefined o
n input line 15816.

[159]
Overfull \hbox (3.98473pt too wide) in paragraph at lines 15886--15888
[]\T1/lmr/m/n/10 An $\OML/lmm/m/it/10 R$\T1/lmr/m/n/10 -module $\OML/lmm/m/it/1
0 M$ \T1/lmr/m/n/10 is called $\OML/lmm/m/it/10 m$\T1/lmr/m/it/10 -pseudo-coher
ent \T1/lmr/m/n/10 if $\OML/lmm/m/it/10 M\OT1/lmr/m/n/10 [0]$ \T1/lmr/m/n/10 is
 an $\OML/lmm/m/it/10 m$\T1/lmr/m/n/10 -pseudo-coherent
 []


LaTeX Warning: Reference `derived-lemma-morphisms-from-projective-complex' on p
age 160 undefined on input line 15899.


LaTeX Warning: Reference `derived-lemma-lift-map' on page 160 undefined on inpu
t line 15936.

<xymatrix 2x2 168>

LaTeX Warning: Reference `homology-lemma-four-lemma' on page 160 undefined on i
nput line 15953.


LaTeX Warning: Reference `homology-lemma-five-lemma' on page 160 undefined on i
nput line 15954.

[160] [161] <xymatrix 4x2 286>

LaTeX Warning: Reference `derived-definition-cone' on page 162 undefined on inp
ut line 16103.

<xymatrix 5x2 403> [162]

LaTeX Warning: Reference `derived-remark-truncation-distinguished-triangle' on 
page 163 undefined on input line 16184.


LaTeX Warning: Reference `derived-lemma-direct-sum-triangles' on page 163 undef
ined on input line 16212.

[163]

LaTeX Warning: Reference `derived-remark-truncation-distinguished-triangle' on 
page 164 undefined on input line 16272.

[164]

LaTeX Warning: Reference `derived-lemma-negative-vanishing' on page 165 undefin
ed on input line 16367.


LaTeX Warning: Reference `algebra-lemma-cover' on page 165 undefined on input l
ine 16425.


LaTeX Warning: Reference `algebra-lemma-cover' on page 165 undefined on input l
ine 16433.

[165]

LaTeX Warning: Reference `algebra-lemma-descend-properties-modules' on page 166
 undefined on input line 16473.


LaTeX Warning: Reference `algebra-lemma-resolution-by-finite-free' on page 166 
undefined on input line 16532.


LaTeX Warning: Reference `algebra-definition-coherent' on page 166 undefined on
 input line 16551.

[166]

LaTeX Warning: Reference `algebra-lemma-coherent-ring' on page 167 undefined on
 input line 16565.


LaTeX Warning: Reference `algebra-lemma-coherent' on page 167 undefined on inpu
t line 16568.


Overfull \hbox (20.20027pt too wide) in paragraph at lines 16597--16601
\T1/lmr/m/it/10 modules. Let $\OML/lmm/m/it/10 K \OMS/lmsy/m/n/10 2 \OML/lmm/m/
it/10 D\OT1/lmr/m/n/10 (\OML/lmm/m/it/10 R\OT1/lmr/m/n/10 )$ \T1/lmr/m/it/10 be
 $\OML/lmm/m/it/10 m$\T1/lmr/m/it/10 -pseudo-coherent. Then $[] [][]\OT1/lmr/m/
n/10 (\OML/lmm/m/it/10 K; M[]\OT1/lmr/m/n/10 ) = [][](\OML/lmm/m/it/10 K; M\OT1
/lmr/m/n/10 )$
 []


LaTeX Warning: Reference `derived-lemma-negative-exts' on page 167 undefined on
 input line 16611.


LaTeX Warning: Reference `derived-lemma-morphisms-from-projective-complex' on p
age 167 undefined on input line 16619.


LaTeX Warning: Reference `algebra-lemma-directed-colimit-exact' on page 167 und
efined on input line 16624.


LaTeX Warning: Reference `algebra-lemma-characterize-finite-module-hom' on page
 167 undefined on input line 16651.

[167]
Overfull \hbox (14.00493pt too wide) in paragraph at lines 16670--16673
[]\T1/lmr/m/it/10 If $\OML/lmm/m/it/10 M$ \T1/lmr/m/it/10 is finitely pre-sente
d and $\OML/lmm/m/it/10 L$ \T1/lmr/m/it/10 is flat, then the canon-i-cal map $[
][]\OT1/lmr/m/n/10 (\OML/lmm/m/it/10 M; N\OT1/lmr/m/n/10 ) \OMS/lmsy/m/n/10 
[]
 []


Overfull \hbox (33.6616pt too wide) in paragraph at lines 16673--16676
[]\T1/lmr/m/it/10 If $\OML/lmm/m/it/10 M$ \T1/lmr/m/it/10 is $\OT1/lmr/m/n/10 (
\OMS/lmsy/m/n/10 ^^@\OML/lmm/m/it/10 m\OT1/lmr/m/n/10 )$\T1/lmr/m/it/10 -pseudo
-coherent and $\OML/lmm/m/it/10 L$ \T1/lmr/m/it/10 is flat, then the canon-i-ca
l map $[][]\OT1/lmr/m/n/10 (\OML/lmm/m/it/10 M; N\OT1/lmr/m/n/10 ) \OMS/lmsy/m/
n/10 
[]
 []


LaTeX Warning: Reference `algebra-lemma-resolution-by-finite-free' on page 168 
undefined on input line 16681.


Overfull \hbox (15.07062pt too wide) in paragraph at lines 16712--16714
[]\T1/lmr/m/it/10 If $\OML/lmm/m/it/10 M$ \T1/lmr/m/it/10 is a finitely pre-sen
ted $\OML/lmm/m/it/10 R$\T1/lmr/m/it/10 -module, then $[][]\OT1/lmr/m/n/10 (\OM
L/lmm/m/it/10 M; N\OT1/lmr/m/n/10 ) \OMS/lmsy/m/n/10 
[] \OML/lmm/m/it/10 R[] \OT1/lmr/m/n/10 = [][](\OML/lmm/m/it/10 M \OMS/lmsy/m/n
/10 
[]
 []


LaTeX Warning: Reference `algebra-lemma-flat-base-change-ext' on page 168 undef
ined on input line 16723.

[168]

LaTeX Warning: Reference `algebra-proposition-fp-tensor' on page 169 undefined 
on input line 16776.


LaTeX Warning: Reference `algebra-proposition-fg-tensor' on page 169 undefined 
on input line 16794.

[169]

LaTeX Warning: Reference `algebra-lemma-Artin-Rees' on page 170 undefined on in
put line 16838.


LaTeX Warning: Reference `algebra-lemma-characterize-flat' on page 170 undefine
d on input line 16902.


LaTeX Warning: Reference `derived-lemma-projective-resolutions-exist' on page 1
70 undefined on input line 16922.

[170] [171]

LaTeX Warning: Reference `homology-remark-triple-complex' on page 172 undefined
 on input line 17087.


LaTeX Warning: Reference `homology-lemma-ss-double-complex' on page 172 undefin
ed on input line 17091.

[172]

LaTeX Warning: Reference `algebra-lemma-flat-base-change' on page 173 undefined
 on input line 17164.


LaTeX Warning: Reference `algebra-lemma-characterize-zero-local' on page 173 un
defined on input line 17204.


LaTeX Warning: Reference `algebra-lemma-cover' on page 173 undefined on input l
ine 17234.

[173]

LaTeX Warning: Reference `derived-section-ext' on page 174 undefined on input l
ine 17365.

[174]

LaTeX Warning: Reference `derived-lemma-two-ss-complex-functor' on page 175 und
efined on input line 17380.


LaTeX Warning: Reference `algebra-definition-finite-proj-dim' on page 175 undef
ined on input line 17391.


LaTeX Warning: Reference `derived-lemma-subcategory-left-resolution' on page 17
5 undefined on input line 17459.

[175]

LaTeX Warning: Reference `algebra-lemma-characterize-projective' on page 176 un
defined on input line 17478.


LaTeX Warning: Reference `algebra-definition-finite-proj-dim' on page 176 undef
ined on input line 17492.

[176]

LaTeX Warning: Reference `derived-lemma-subcategory-right-resolution' on page 1
77 undefined on input line 17567.


LaTeX Warning: Reference `derived-lemma-ext-2-zero' on page 177 undefined on in
put line 17597.


LaTeX Warning: Reference `derived-lemma-two-ss-complex-functor' on page 177 und
efined on input line 17630.


Overfull \hbox (1.00505pt too wide) in paragraph at lines 17629--17634
[]\T1/lmr/m/n/10 Omitted. Hint: Ap-ply the spec-tral se-quences of De-rived Cat
-e-gories, Lemma
 []


LaTeX Warning: Reference `algebra-lemma-filter-Noetherian-module' on page 177 u
ndefined on input line 17654.

[177]

LaTeX Warning: Reference `algebra-lemma-ext-noetherian' on page 178 undefined o
n input line 17675.


LaTeX Warning: Reference `algebra-lemma-NAK' on page 178 undefined on input lin
e 17678.


LaTeX Warning: Reference `algebra-lemma-characterize-projective' on page 178 un
defined on input line 17728.

[178] [179]

LaTeX Warning: Reference `dga-example-category-complexes' on page 180 undefined
 on input line 17872.


LaTeX Warning: Reference `homology-definition-associated-simple-complex' on pag
e 180 undefined on input line 17927.

[180]

LaTeX Warning: Reference `categories-remark-internal-hom-monoidal' on page 181 
undefined on input line 17962.


LaTeX Warning: Reference `categories-remark-internal-hom-monoidal' on page 181 
undefined on input line 17983.


LaTeX Warning: Reference `categories-remark-internal-hom-monoidal' on page 181 
undefined on input line 18050.

[181]

LaTeX Warning: Reference `categories-remark-internal-hom-monoidal' on page 182 
undefined on input line 18128.

[182]

LaTeX Warning: Reference `categories-remark-internal-hom-monoidal' on page 183 
undefined on input line 18178.

[183]

LaTeX Warning: Reference `categories-remark-internal-hom-monoidal' on page 184 
undefined on input line 18298.


LaTeX Warning: Reference `homology-definition-shift-cochain' on page 184 undefi
ned on input line 18357.


LaTeX Warning: Reference `homology-definition-shift-cochain' on page 184 undefi
ned on input line 18360.

[184]

LaTeX Warning: Reference `homology-definition-cohomology-shift' on page 185 und
efined on input line 18363.


LaTeX Warning: Reference `homology-lemma-long-exact-sequence-cochain' on page 1
85 undefined on input line 18366.


LaTeX Warning: Reference `derived-definition-distinguished-triangle' on page 18
5 undefined on input line 18376.


LaTeX Warning: Reference `derived-definition-split-ses' on page 185 undefined o
n input line 18377.


LaTeX Warning: Reference `homology-example-double-complex-as-tensor-product-of'
 on page 185 undefined on input line 18382.


LaTeX Warning: Reference `homology-definition-associated-simple-complex' on pag
e 185 undefined on input line 18383.


LaTeX Warning: Reference `homology-remark-shift-double-complex' on page 185 und
efined on input line 18392.


LaTeX Warning: Reference `categories-definition-dual' on page 185 undefined on 
input line 18422.

<xymatrix 4x2 278>

LaTeX Warning: Reference `categories-lemma-left-dual' on page 185 undefined on 
input line 18457.

[185]

LaTeX Warning: Reference `categories-definition-dual' on page 186 undefined on 
input line 18496.

[186]
Overfull \hbox (3.26445pt too wide) in paragraph at lines 18597--18601
\T1/lmr/m/n/10 It sends $\OML/lmm/m/it/10 x \OMS/lmsy/m/n/10 2 \OML/lmm/m/it/10
 K[]$ \T1/lmr/m/n/10 to the map which sends $\OML/lmm/m/it/10 f \OMS/lmsy/m/n/1
0 2 [][]\OT1/lmr/m/n/10 (\OML/lmm/m/it/10 K[]; M[]\OT1/lmr/m/n/10 )$ \T1/lmr/m/
n/10 to $\OT1/lmr/m/n/10 (\OMS/lmsy/m/n/10 ^^@\OT1/lmr/m/n/10 1)[]\OML/lmm/m/it
/10 f\OT1/lmr/m/n/10 (\OML/lmm/m/it/10 x\OT1/lmr/m/n/10 )$\T1/lmr/m/n/10 . 
 []


Overfull \hbox (4.00397pt too wide) in paragraph at lines 18616--18621
\T1/lmr/m/n/10 on the source, whereas on the tar-get $\OML/lmm/m/it/10 f$ \T1/l
mr/m/n/10 lies in $[][] \OT1/lmr/m/n/10 =
 []

[187]

LaTeX Warning: Reference `dga-section-restriction' on page 188 undefined on inp
ut line 18669.


LaTeX Warning: Reference `derived-lemma-K-injective' on page 188 undefined on i
nput line 18671.


LaTeX Warning: Reference `derived-lemma-morphisms-from-projective-complex' on p
age 188 undefined on input line 18717.

[188] [189]

LaTeX Warning: Reference `algebra-definition-finite-proj-dim' on page 190 undef
ined on input line 18886.


LaTeX Warning: Reference `algebra-lemma-finite-projective' on page 190 undefine
d on input line 18912.


LaTeX Warning: Reference `algebra-lemma-finite-projective' on page 190 undefine
d on input line 18939.

[190] [191]

LaTeX Warning: Reference `algebra-lemma-resolution-by-finite-free' on page 192 
undefined on input line 19131.


LaTeX Warning: Reference `algebra-lemma-finitely-presented-localization-free' o
n page 192 undefined on input line 19134.


LaTeX Warning: Reference `algebra-lemma-finite-projective' on page 192 undefine
d on input line 19140.


LaTeX Warning: Reference `algebra-proposition-regular-finite-gl-dim' on page 19
2 undefined on input line 19145.


LaTeX Warning: Reference `algebra-lemma-independent-resolution' on page 192 und
efined on input line 19149.


LaTeX Warning: Reference `algebra-lemma-Noetherian-topology' on page 192 undefi
ned on input line 19151.


LaTeX Warning: Reference `algebra-lemma-finite-projective' on page 192 undefine
d on input line 19154.


Overfull \hbox (12.87506pt too wide) in paragraph at lines 19177--19180
[]\T1/lmr/bx/n/10 Lemma 76.15. \T1/lmr/m/it/10 Let $\OML/lmm/m/it/10 A$ \T1/lmr
/m/it/10 be a ring. Let $\OML/lmm/m/it/10 K \OMS/lmsy/m/n/10 2 \OML/lmm/m/it/10
 D\OT1/lmr/m/n/10 (\OML/lmm/m/it/10 A\OT1/lmr/m/n/10 )$ \T1/lmr/m/it/10 be per-
fect. Then $\OML/lmm/m/it/10 K[] \OT1/lmr/m/n/10 = \OML/lmm/m/it/10 R [][]\OT1/
lmr/m/n/10 (\OML/lmm/m/it/10 K; A\OT1/lmr/m/n/10 )$
 []


LaTeX Warning: Reference `derived-lemma-morphisms-from-projective-complex' on p
age 192 undefined on input line 19209.


LaTeX Warning: Reference `derived-section-ext' on page 192 undefined on input l
ine 19211.

[192]

LaTeX Warning: Reference `derived-definition-derived-colimit' on page 193 undef
ined on input line 19242.


LaTeX Warning: Reference `algebra-lemma-module-map-property-in-colimit' on page
 193 undefined on input line 19289.


LaTeX Warning: Reference `algebra-lemma-colimit-category-fp-modules' on page 19
3 undefined on input line 19290.


LaTeX Warning: Reference `algebra-lemma-finite-projective' on page 193 undefine
d on input line 19295.


LaTeX Warning: Reference `derived-lemma-morphisms-from-projective-complex' on p
age 193 undefined on input line 19309.


LaTeX Warning: Reference `algebra-lemma-directed-colimit-exact' on page 193 und
efined on input line 19320.

[193] <xymatrix 8x2 610>

LaTeX Warning: Reference `derived-lemma-morphisms-from-projective-complex' on p
age 194 undefined on input line 19418.


LaTeX Warning: Reference `derived-definition-cone' on page 194 undefined on inp
ut line 19420.

[194] <xymatrix 3x2 192>

LaTeX Warning: Reference `derived-lemma-morphisms-lift-projective' on page 195 
undefined on input line 19436.


LaTeX Warning: Reference `algebra-lemma-NAK' on page 195 undefined on input lin
e 19487.


LaTeX Warning: Reference `algebra-lemma-lift-projective-module' on page 195 und
efined on input line 19490.


Overfull \hbox (2.29564pt too wide) in paragraph at lines 19484--19495
\T1/lmr/m/n/10 er-ties (1) and (2) of the lemma are im-me-di-ate. Prop-erty (3)
 fol-lows from Nakayama's
 []

[195]

LaTeX Warning: Reference `algebra-lemma-NAK' on page 196 undefined on input lin
e 19537.


LaTeX Warning: Reference `derived-lemma-morphisms-from-projective-complex' on p
age 196 undefined on input line 19581.

[196]

LaTeX Warning: Reference `algebra-lemma-localization-colimit' on page 197 undef
ined on input line 19622.


LaTeX Warning: Reference `algebra-lemma-localization-colimit' on page 197 undef
ined on input line 19646.


LaTeX Warning: Reference `algebra-lemma-add-trivial-complex' on page 197 undefi
ned on input line 19653.


LaTeX Warning: Reference `algebra-lemma-NAK' on page 197 undefined on input lin
e 19676.

[197]

LaTeX Warning: Reference `derived-remark-truncation-distinguished-triangle' on 
page 198 undefined on input line 19701.


LaTeX Warning: Reference `derived-lemma-morphisms-from-projective-complex' on p
age 198 undefined on input line 19735.


LaTeX Warning: Reference `derived-lemma-split' on page 198 undefined on input l
ine 19739.


LaTeX Warning: Reference `algebra-lemma-cokernel-flat' on page 198 undefined on
 input line 19793.

[198]

LaTeX Warning: Reference `derived-remark-truncation-distinguished-triangle' on 
page 199 undefined on input line 19818.


Overfull \hbox (7.77303pt too wide) detected at line 19834
\OML/lmm/m/it/10 H[]\OT1/lmr/m/n/10 (\OML/lmm/m/it/10 K[]\OT1/lmr/m/n/10 ) \OMS
/lmsy/m/n/10 
[] \OML/lmm/m/it/10 ^^T\OT1/lmr/m/n/10 (\U/euf/m/n/10 p\OT1/lmr/m/n/10 ) [][]\O
MS/lmsy/m/n/10 ! \OML/lmm/m/it/10 H[]\OT1/lmr/m/n/10 (\OML/lmm/m/it/10 K[] \OMS
/lmsy/m/n/10 
[] \OML/lmm/m/it/10 ^^T\OT1/lmr/m/n/10 (\U/euf/m/n/10 p\OT1/lmr/m/n/10 )) [] \O
ML/lmm/m/it/10 H[]\OT1/lmr/m/n/10 (\OML/lmm/m/it/10 K[]\OT1/lmr/m/n/10 ) \OMS/l
msy/m/n/10 
[] \OML/lmm/m/it/10 ^^T\OT1/lmr/m/n/10 (\U/euf/m/n/10 p\OT1/lmr/m/n/10 ) [][]\O
MS/lmsy/m/n/10 ! \OML/lmm/m/it/10 H[]\OT1/lmr/m/n/10 (\OML/lmm/m/it/10 K[] \OMS
/lmsy/m/n/10 
[] \OML/lmm/m/it/10 ^^T\OT1/lmr/m/n/10 (\U/euf/m/n/10 p\OT1/lmr/m/n/10 ))
 []

[199]

LaTeX Warning: Reference `derived-remark-truncation-distinguished-triangle' on 
page 200 undefined on input line 19934.


LaTeX Warning: Reference `derived-lemma-negative-exts' on page 200 undefined on
 input line 19939.


LaTeX Warning: Reference `derived-lemma-compute-ext-resolutions' on page 200 un
defined on input line 19950.


Overfull \hbox (30.22475pt too wide) in paragraph at lines 19946--19958
\T1/lmr/m/n/10 functorial in the $\OML/lmm/m/it/10 R$\T1/lmr/m/n/10 -module $\O
ML/lmm/m/it/10 M$\T1/lmr/m/n/10 . Now if $\OML/lmm/m/it/10 I$ \T1/lmr/m/n/10 is
 an in-jec-tive $\OML/lmm/m/it/10 R$\T1/lmr/m/n/10 -module, then $[][]\OT1/lmr/
m/n/10 (\OML/lmm/m/it/10 ^^\[]K; I\OT1/lmr/m/n/10 ) =
 []


Overfull \hbox (6.49686pt too wide) in paragraph at lines 19962--19968
[]\T1/lmr/bx/n/10 Lemma 78.6. \T1/lmr/m/it/10 Let $\OML/lmm/m/it/10 R$ \T1/lmr/
m/it/10 be a ring. Let $\OML/lmm/m/it/10 K \OMS/lmsy/m/n/10 2 \OML/lmm/m/it/10 
D[]\OT1/lmr/m/n/10 (\OML/lmm/m/it/10 R\OT1/lmr/m/n/10 )$\T1/lmr/m/it/10 . Let $
\OML/lmm/m/it/10 a \OMS/lmsy/m/n/10 2 \OT1/lmr/bx/n/10 Z$\T1/lmr/m/it/10 . As-s
ume $[][]\OT1/lmr/m/n/10 (\OML/lmm/m/it/10 K; M\OT1/lmr/m/n/10 ) =
 []

[200]

LaTeX Warning: Reference `algebra-lemma-characterize-zero-local' on page 201 un
defined on input line 20053.


LaTeX Warning: Reference `algebra-lemma-NAK' on page 201 undefined on input lin
e 20115.


LaTeX Warning: Reference `algebra-lemma-quasi-compact' on page 201 undefined on
 input line 20131.

[201]

LaTeX Warning: Reference `algebra-lemma-module-colimit-fp' on page 202 undefine
d on input line 20165.

[202]

LaTeX Warning: Reference `algebra-proposition-regular-finite-gl-dim' on page 20
3 undefined on input line 20269.


LaTeX Warning: Reference `derived-definition-saturated' on page 203 undefined o
n input line 20297.


LaTeX Warning: Reference `derived-definition-generators' on page 203 undefined 
on input line 20298.


LaTeX Warning: Reference `derived-lemma-direct-sums' on page 203 undefined on i
nput line 20328.

[203]

LaTeX Warning: Reference `derived-lemma-derived-canonical-delta-functor' on pag
e 204 undefined on input line 20355.


LaTeX Warning: Reference `derived-lemma-representable-homological' on page 204 
undefined on input line 20358.

<xymatrix 3x3 238>
Overfull \hbox (6.40443pt too wide) detected at line 20368
[]
 []


LaTeX Warning: Reference `derived-definition-compact-object' on page 204 undefi
ned on input line 20381.


LaTeX Warning: Reference `derived-lemma-morphisms-from-projective-complex' on p
age 204 undefined on input line 20407.

[204]

LaTeX Warning: Reference `derived-definition-compact-object' on page 205 undefi
ned on input line 20420.


LaTeX Warning: Reference `homology-section-truncations' on page 205 undefined o
n input line 20432.


LaTeX Warning: Reference `derived-lemma-subcategory-left-resolution' on page 20
5 undefined on input line 20442.


LaTeX Warning: Reference `homology-section-truncations' on page 205 undefined o
n input line 20448.


LaTeX Warning: Reference `derived-lemma-derived-canonical-delta-functor' on pag
e 205 undefined on input line 20479.


LaTeX Warning: Reference `derived-lemma-representable-homological' on page 205 
undefined on input line 20481.


LaTeX Warning: Reference `derived-lemma-projectors-have-images-triangulated' on
 page 205 undefined on input line 20501.

[205]

LaTeX Warning: Reference `algebra-lemma-NAK' on page 206 undefined on input lin
e 20526.


LaTeX Warning: Reference `derived-lemma-subcategory-left-resolution' on page 20
6 undefined on input line 20574.


LaTeX Warning: Reference `derived-lemma-derived-canonical-delta-functor' on pag
e 206 undefined on input line 20599.


LaTeX Warning: Reference `derived-lemma-representable-homological' on page 206 
undefined on input line 20601.

[206] <xymatrix 2x5 484>

LaTeX Warning: Reference `derived-lemma-morphisms-from-projective-complex' on p
age 207 undefined on input line 20633.


LaTeX Warning: Reference `homology-lemma-five-lemma' on page 207 undefined on i
nput line 20639.


LaTeX Warning: Reference `derived-definition-generators' on page 207 undefined 
on input line 20661.


LaTeX Warning: Reference `derived-section-generators' on page 207 undefined on 
input line 20669.

[207]

LaTeX Warning: Reference `derived-lemma-representable-homological' on page 208 
undefined on input line 20702.


LaTeX Warning: Reference `algebra-section-ext' on page 208 undefined on input l
ine 20731.


LaTeX Warning: Reference `derived-section-ext' on page 208 undefined on input l
ine 20732.


Overfull \hbox (15.61089pt too wide) in paragraph at lines 20744--20747
\T1/lmr/m/n/10 with $[]\OT1/lmr/m/n/10 (\OML/lmm/m/it/10 d[]\OT1/lmr/m/n/10 )$ 
\T1/lmr/m/n/10 in de-gree $\OMS/lmsy/m/n/10 ^^@\OML/lmm/m/it/10 n$ \T1/lmr/m/n/
10 and $\OML/lmm/m/it/10 P[]$ \T1/lmr/m/n/10 in de-gree $\OML/lmm/m/it/10 t$\T1
/lmr/m/n/10 . We also set $\OML/lmm/m/it/10 K[] \OT1/lmr/m/n/10 = [](\OML/lmm/m
/it/10 d[]\OT1/lmr/m/n/10 )[\OML/lmm/m/it/10 n\OT1/lmr/m/n/10 ]$\T1/lmr/m/n/10 
.
 []


LaTeX Warning: Reference `derived-lemma-morphisms-from-projective-complex' on p
age 208 undefined on input line 20754.


LaTeX Warning: Reference `algebra-lemma-projective-dimension-ext' on page 208 u
ndefined on input line 20758.


LaTeX Warning: Reference `algebra-lemma-finite-gl-dim' on page 208 undefined on
 input line 20761.


LaTeX Warning: Reference `algebra-lemma-finite-gl-dim-finite-dim-regular' on pa
ge 208 undefined on input line 20763.


Overfull \hbox (20.04784pt too wide) in paragraph at lines 20749--20764
\OMS/lmsy/m/n/10 h\OML/lmm/m/it/10 R\OMS/lmsy/m/n/10 i[]$ \T1/lmr/m/n/10 we fin
d that the com-po-si-tion of this maps is zero in $\OML/lmm/m/it/10 D\OT1/lmr/m
/n/10 (\OML/lmm/m/it/10 R\OT1/lmr/m/n/10 )$\T1/lmr/m/n/10 . Since $[][]\OT1/lmr
/m/n/10 (\OML/lmm/m/it/10 P; K[]\OT1/lmr/m/n/10 ) =
 []

[208]

LaTeX Warning: Reference `algebra-lemma-finite-gl-dim-finite-dim-regular' on pa
ge 209 undefined on input line 20787.


LaTeX Warning: Reference `derived-lemma-morphisms-from-projective-complex' on p
age 209 undefined on input line 20796.


LaTeX Warning: Reference `derived-lemma-split' on page 209 undefined on input l
ine 20813.


LaTeX Warning: Reference `derived-definition-generators' on page 209 undefined 
on input line 20831.


LaTeX Warning: Reference `algebra-lemma-finite-gl-dim-finite-dim-regular' on pa
ge 209 undefined on input line 20836.


LaTeX Warning: Reference `derived-lemma-ext-2-zero-pre' on page 209 undefined o
n input line 20847.

[209]

LaTeX Warning: Reference `algebra-lemma-exact-sequence-projective-dimension' on
 page 210 undefined on input line 20876.


LaTeX Warning: Reference `derived-lemma-classical-generator-strong-generator' o
n page 210 undefined on input line 20898.

<xymatrix 3x2 179>

LaTeX Warning: Reference `algebra-lemma-finitely-presented-over-subring' on pag
e 210 undefined on input line 20953.


LaTeX Warning: Reference `algebra-lemma-finite-finitely-presented-extension' on
 page 210 undefined on input line 20954.


LaTeX Warning: Reference `algebra-lemma-finite-finitely-presented-extension' on
 page 210 undefined on input line 20957.

[210] <xymatrix 2x2 154>

LaTeX Warning: Reference `algebra-lemma-finite-finitely-presented-extension' on
 page 211 undefined on input line 21004.

[211]

LaTeX Warning: Reference `algebra-lemma-cover' on page 212 undefined on input l
ine 21157.


LaTeX Warning: Reference `algebra-lemma-extension' on page 212 undefined on inp
ut line 21166.

[212]

LaTeX Warning: Reference `algebra-lemma-extension' on page 213 undefined on inp
ut line 21190.


LaTeX Warning: Reference `algebra-lemma-flat-base-change' on page 213 undefined
 on input line 21234.

[213] <xymatrix 3x2 179> [214] <xymatrix 2x3 196>
Overfull \hbox (5.42993pt too wide) in paragraph at lines 21401--21403
[]\T1/lmr/m/it/10 If $\OML/lmm/m/it/10 K[]; M[]$ \T1/lmr/m/it/10 are $\OML/lmm/
m/it/10 m$\T1/lmr/m/it/10 -pseudo-coherent rel-a-tive to $\OML/lmm/m/it/10 R$\T
1/lmr/m/it/10 , then $\OML/lmm/m/it/10 L[]$ \T1/lmr/m/it/10 is $\OML/lmm/m/it/1
0 m$\T1/lmr/m/it/10 -pseudo-coherent
 []

[215] [216]
Overfull \hbox (4.85826pt too wide) in paragraph at lines 21579--21586
[]\T1/lmr/m/n/10 Choose a sur-jec-tion $\OML/lmm/m/it/10 A\OT1/lmr/m/n/10 [\OML
/lmm/m/it/10 y[]; [] ; y[]\OT1/lmr/m/n/10 ] \OMS/lmsy/m/n/10 ! \OML/lmm/m/it/10
 B$\T1/lmr/m/n/10 . Choose a sur-jec-tion $\OML/lmm/m/it/10 R\OT1/lmr/m/n/10 [\
OML/lmm/m/it/10 x[]; [] ; x[]\OT1/lmr/m/n/10 ] \OMS/lmsy/m/n/10 !
 []


Overfull \hbox (4.27147pt too wide) in paragraph at lines 21652--21655
[]\T1/lmr/m/n/10 Choose a sur-jec-tion $\OML/lmm/m/it/10 R\OT1/lmr/m/n/10 [\OML
/lmm/m/it/10 x[]; [] ; x[]\OT1/lmr/m/n/10 ] \OMS/lmsy/m/n/10 ! \OML/lmm/m/it/10
 A$\T1/lmr/m/n/10 . Choose a sur-jec-tion $\OML/lmm/m/it/10 A\OT1/lmr/m/n/10 [\
OML/lmm/m/it/10 y[]; [] ; y[]\OT1/lmr/m/n/10 ] \OMS/lmsy/m/n/10 !
 []

[217] [218]
Overfull \hbox (4.23701pt too wide) in paragraph at lines 21775--21778
\OML/lmm/m/it/10 B$ \T1/lmr/m/it/10 as an $\OML/lmm/m/it/10 A\OT1/lmr/m/n/10 [\
OML/lmm/m/it/10 x[]; [] ; x[]\OT1/lmr/m/n/10 ]$\T1/lmr/m/it/10 -module has a fi
-nite res-o-lu-tion by fi-nite pro-jec-tive $\OML/lmm/m/it/10 A\OT1/lmr/m/n/10 
[\OML/lmm/m/it/10 x[]; [] ; x[]\OT1/lmr/m/n/10 ]$\T1/lmr/m/it/10 -
 []


LaTeX Warning: Reference `more-morphisms-section-pseudo-coherent' on page 219 u
ndefined on input line 21800.


LaTeX Warning: Reference `more-morphisms-section-perfect' on page 219 undefined
 on input line 21801.


LaTeX Warning: Reference `algebra-lemma-flat-finite-presentation-limit-flat' on
 page 219 undefined on input line 21822.


LaTeX Warning: Reference `algebra-lemma-finite-gl-dim-finite-dim-regular' on pa
ge 219 undefined on input line 21842.

[219]

LaTeX Warning: Reference `perfect-remark-discuss-rel-perfect' on page 220 undef
ined on input line 21929.


LaTeX Warning: Reference `derived-definition-saturated' on page 220 undefined o
n input line 21953.


LaTeX Warning: Reference `algebra-lemma-flat-finite-presentation-limit-flat' on
 page 220 undefined on input line 21996.

[220] [221]

LaTeX Warning: Reference `algebra-lemma-colimit-category-fp-modules' on page 22
2 undefined on input line 22130.


LaTeX Warning: Reference `algebra-lemma-flat-finite-presentation-limit-flat' on
 page 222 undefined on input line 22134.


LaTeX Warning: Reference `algebra-lemma-directed-colimit-exact' on page 222 und
efined on input line 22160.


Overfull \hbox (3.04797pt too wide) in paragraph at lines 22193--22202
[]\T1/lmr/m/n/10 By Lemma []84.8[] $\OML/lmm/m/it/10 K$ \T1/lmr/m/n/10 is pseud
o-coherent as a com-plex of $\OML/lmm/m/it/10 R\OT1/lmr/m/n/10 [\OML/lmm/m/it/1
0 x[]; [] ; x[]\OT1/lmr/m/n/10 ]$\T1/lmr/m/n/10 -modules.
 []

[222]

LaTeX Warning: Reference `algebra-definition-smooth' on page 223 undefined on i
nput line 22292.


LaTeX Warning: Reference `algebra-proposition-characterize-formally-smooth' on 
page 223 undefined on input line 22293.

[223]

LaTeX Warning: Reference `derived-lemma-subcategory-left-resolution' on page 22
4 undefined on input line 22321.


LaTeX Warning: Reference `algebra-section-netherlander' on page 224 undefined o
n input line 22334.


Overfull \hbox (1.51344pt too wide) in paragraph at lines 22343--22345
[]\T1/lmr/m/it/10 Assume $\OML/lmm/m/it/10 K[] \OT1/lmr/m/n/10 = 0$ \T1/lmr/m/i
t/10 for $\OML/lmm/m/it/10 i \OMS/lmsy/m/n/10 ^^T ^^@\OT1/lmr/m/n/10 2$\T1/lmr/
m/it/10 . Then $[][]\OT1/lmr/m/n/10 (\OML/lmm/m/it/10 M[]; K[]\OT1/lmr/m/n/10 )
 = [][](\OML/lmm/m/it/10 M[]; K[]\OT1/lmr/m/n/10 )$\T1/lmr/m/it/10 . 
 []


LaTeX Warning: Reference `derived-lemma-morphisms-from-projective-complex' on p
age 224 undefined on input line 22383.


LaTeX Warning: Reference `derived-lemma-morphisms-into-injective-complex' on pa
ge 224 undefined on input line 22404.

[224] <xymatrix 2x2 137> [225] <xymatrix 4x2 374> [226]

LaTeX Warning: Reference `derived-lemma-negative-exts' on page 227 undefined on
 input line 22596.


Overfull \hbox (9.12334pt too wide) in paragraph at lines 22648--22652
[]$\OML/lmm/m/it/10 H[]\OT1/lmr/m/n/10 (\OML/lmm/m/it/10 K\OT1/lmr/m/n/10 )$ \T
1/lmr/m/it/10 is $\OML/lmm/m/it/10 I$\T1/lmr/m/it/10 -power tor-sion and there 
ex-ist $\OML/lmm/m/it/10 f[]; [] ; f[] \OMS/lmsy/m/n/10 2 \OML/lmm/m/it/10 R$ \
T1/lmr/m/it/10 with $\OML/lmm/m/it/10 V\OT1/lmr/m/n/10 (\OML/lmm/m/it/10 f[]; [
] ; f[]\OT1/lmr/m/n/10 ) \OMS/lmsy/m/n/10 ^^Z
 []


Overfull \hbox (6.63391pt too wide) in paragraph at lines 22652--22656
[]$\OML/lmm/m/it/10 H[]\OT1/lmr/m/n/10 (\OML/lmm/m/it/10 K\OT1/lmr/m/n/10 )$ \T
1/lmr/m/it/10 is $\OML/lmm/m/it/10 I$\T1/lmr/m/it/10 -power tor-sion and there 
ex-ist $\OML/lmm/m/it/10 f[]; [] ; f[] \OMS/lmsy/m/n/10 2 \OML/lmm/m/it/10 I$ \
T1/lmr/m/it/10 with $\OML/lmm/m/it/10 V\OT1/lmr/m/n/10 (\OML/lmm/m/it/10 f[]; [
] ; f[]\OT1/lmr/m/n/10 ) =
 []

[227]

LaTeX Warning: Reference `algebra-lemma-Zariski-topology' on page 228 undefined
 on input line 22702.


LaTeX Warning: Reference `algebra-lemma-Noetherian-power' on page 228 undefined
 on input line 22704.


LaTeX Warning: Reference `derived-lemma-trick-vanishing-composition' on page 22
8 undefined on input line 22721.


LaTeX Warning: Reference `algebra-section-netherlander' on page 228 undefined o
n input line 22747.


Overfull \hbox (26.85606pt too wide) in paragraph at lines 22755--22764
[][] \OMS/lmsy/m/n/10 
[]\OML/lmm/m/it/10 S[] \OMS/lmsy/m/n/10 ! [][] 
[]\OML/lmm/m/it/10 S[]$ \T1/lmr/m/it/10 in-duces an iso-mor-phism $\OML/lmm/m/i
t/10 ^^\[]\OT1/lmr/m/n/10 ([][] \OMS/lmsy/m/n/10 
[]\OML/lmm/m/it/10 S[]\OT1/lmr/m/n/10 ) \OMS/lmsy/m/n/10 ! [][] 
[]\OML/lmm/m/it/10 S[]$
 []

[228] <xymatrix 2x2 154> <xymatrix 2x2 154>
Overfull \hbox (6.57071pt too wide) in paragraph at lines 22817--22823
\T1/lmr/m/it/10 isomorphism. If in ad-di-tion $[][]$ has tor-amplitude in $\OT1
/lmr/m/n/10 [\OMS/lmsy/m/n/10 ^^@\OT1/lmr/m/n/10 1\OML/lmm/m/it/10 ; \OT1/lmr/m
/n/10 0]$ \T1/lmr/m/it/10 then $[][] \OMS/lmsy/m/n/10 
[]\OML/lmm/m/it/10 B[] \OMS/lmsy/m/n/10 !
 []


LaTeX Warning: Reference `algebra-section-netherlander' on page 229 undefined o
n input line 22827.

[229] <xymatrix 2x2 154>
Overfull \hbox (13.08597pt too wide) in paragraph at lines 22896--22903
\T1/lmr/m/n/10 amplitude in $\OT1/lmr/m/n/10 [\OMS/lmsy/m/n/10 ^^@\OT1/lmr/m/n/
10 1\OML/lmm/m/it/10 ; \OT1/lmr/m/n/10 0]$\T1/lmr/m/n/10 . Com-bin-ing Lem-mas 
[]87.1[], []76.9[], and []68.13[] we have $[][] \OMS/lmsy/m/n/10 
[]\OML/lmm/m/it/10 B[] \OT1/lmr/m/n/10 =
 []


LaTeX Warning: Reference `algebra-lemma-finite-projective' on page 230 undefine
d on input line 22913.

[230]

LaTeX Warning: Reference `homology-section-inverse-systems' on page 231 undefin
ed on input line 22980.


LaTeX Warning: Reference `derived-lemma-subcategory-right-acyclics' on page 231
 undefined on input line 22982.


LaTeX Warning: Reference `homology-lemma-Mittag-Leffler' on page 231 undefined 
on input line 22983.


LaTeX Warning: Reference `derived-proposition-enough-acyclics' on page 231 unde
fined on input line 22986.


LaTeX Warning: Reference `derived-lemma-unbounded-right-derived' on page 231 un
defined on input line 22995.


LaTeX Warning: Reference `derived-lemma-unbounded-right-derived' on page 231 un
defined on input line 22998.


LaTeX Warning: Reference `homology-lemma-apply-Mittag-Leffler-again' on page 23
1 undefined on input line 23020.


LaTeX Warning: Reference `derived-lemma-two-ss-complex-functor' on page 231 und
efined on input line 23050.

[231]

LaTeX Warning: Reference `categories-example-pro-morphism-inverse-systems' on p
age 232 undefined on input line 23082.

<xymatrix 2x2 182> [232]

LaTeX Warning: Reference `derived-definition-derived-limit' on page 233 undefin
ed on input line 23163.


LaTeX Warning: Reference `derived-lemma-representable-homological' on page 233 
undefined on input line 23164.

<xymatrix 3x2 278>

LaTeX Warning: Reference `derived-remark-functoriality-derived-limit' on page 2
33 undefined on input line 23188.

<xymatrix 5x2 416>
Overfull \hbox (21.17682pt too wide) detected at line 23204
[]
 []


LaTeX Warning: Reference `derived-remark-functoriality-derived-limit' on page 2
33 undefined on input line 23214.


LaTeX Warning: Reference `derived-definition-derived-colimit' on page 233 undef
ined on input line 23234.


LaTeX Warning: Reference `derived-lemma-representable-homological' on page 233 
undefined on input line 23235.


LaTeX Warning: Reference `sites-example-indiscrete' on page 233 undefined on in
put line 23244.


LaTeX Warning: Reference `sites-cohomology-section-cohomology-sheaves' on page 
233 undefined on input line 23260.


LaTeX Warning: Reference `sites-cohomology-section-unbounded' on page 233 undef
ined on input line 23261.

[233]

LaTeX Warning: Reference `derived-lemma-products' on page 234 undefined on inpu
t line 23267.


LaTeX Warning: Reference `derived-definition-derived-limit' on page 234 undefin
ed on input line 23279.

<xymatrix 2x2 154> <xymatrix 2x2 93> [234]

LaTeX Warning: Reference `derived-section-derived-limit' on page 235 undefined 
on input line 23379.


LaTeX Warning: Reference `derived-lemma-products' on page 235 undefined on inpu
t line 23381.

[235] [236]

LaTeX Warning: Reference `sites-cohomology-lemma-cohomology-modules-abelian-agr
ee' on page 237 undefined on input line 23623.


LaTeX Warning: Reference `derived-lemma-products' on page 237 undefined on inpu
t line 23629.


LaTeX Warning: Reference `derived-definition-derived-limit' on page 237 undefin
ed on input line 23642.

[237]
Overfull \hbox (4.1351pt too wide) in paragraph at lines 23672--23680
\T1/lmr/bx/n/10 Warning. \T1/lmr/m/n/10 As in the case of abelian groups an ob-
ject $\OML/lmm/m/it/10 M \OT1/lmr/m/n/10 = (\OML/lmm/m/it/10 M[]\OT1/lmr/m/n/10
 )$ \T1/lmr/m/n/10 of $\OML/lmm/m/it/10 D\OT1/lmr/m/n/10 ([](\OT1/lmr/bx/n/10 N
\OML/lmm/m/it/10 ; \OT1/lmr/m/n/10 (\OML/lmm/m/it/10 A[]\OT1/lmr/m/n/10 )))$
 []

<xymatrix 2x2 175> <xymatrix 3x2 224> <xymatrix 3x2 149> [238]
Overfull \hbox (2.09567pt too wide) in paragraph at lines 23781--23786
[]\T1/lmr/bx/n/10 Lemma 89.7. \T1/lmr/m/it/10 Let $\OT1/lmr/m/n/10 (\OML/lmm/m/
it/10 A[]\OT1/lmr/m/n/10 )$ \T1/lmr/m/it/10 be an in-verse sys-tem of rings. Ev
-ery $\OML/lmm/m/it/10 K \OMS/lmsy/m/n/10 2 \OML/lmm/m/it/10 D\OT1/lmr/m/n/10 (
[](\OT1/lmr/bx/n/10 N\OML/lmm/m/it/10 ; \OT1/lmr/m/n/10 (\OML/lmm/m/it/10 A[]\O
T1/lmr/m/n/10 )))$
 []

<xymatrix 2x2 154> <xymatrix 2x2 86>

LaTeX Warning: Reference `derived-lemma-make-surjective' on page 239 undefined 
on input line 23807.

[239]
Overfull \hbox (2.09567pt too wide) in paragraph at lines 23817--23821
[]\T1/lmr/bx/n/10 Lemma 89.8. \T1/lmr/m/it/10 Let $\OT1/lmr/m/n/10 (\OML/lmm/m/
it/10 A[]\OT1/lmr/m/n/10 )$ \T1/lmr/m/it/10 be an in-verse sys-tem of rings. Ev
-ery $\OML/lmm/m/it/10 K \OMS/lmsy/m/n/10 2 \OML/lmm/m/it/10 D\OT1/lmr/m/n/10 (
[](\OT1/lmr/bx/n/10 N\OML/lmm/m/it/10 ; \OT1/lmr/m/n/10 (\OML/lmm/m/it/10 A[]\O
T1/lmr/m/n/10 )))$
 []

<xymatrix 2x2 154> <xymatrix 2x2 168>
Overfull \hbox (3.07108pt too wide) in paragraph at lines 23851--23856
\T1/lmr/m/n/10 is quasi-isomorphic to $\OML/lmm/m/it/10 M[]$ \T1/lmr/m/n/10 (de
-tails omit-ted). Choose a quasi-isomorphism $\OML/lmm/m/it/10 K[] \OMS/lmsy/m/
n/10 !
 []


Overfull \hbox (13.35909pt too wide) in paragraph at lines 23860--23866
[]\T1/lmr/bx/n/10 Lemma 89.9. \T1/lmr/m/it/10 Let $\OT1/lmr/m/n/10 (\OML/lmm/m/
it/10 A[]\OT1/lmr/m/n/10 )$ \T1/lmr/m/it/10 be an in-verse sys-tem of rings. Gi
ven $\OML/lmm/m/it/10 K; L \OMS/lmsy/m/n/10 2 \OML/lmm/m/it/10 D\OT1/lmr/m/n/10
 ([](\OT1/lmr/bx/n/10 N\OML/lmm/m/it/10 ; \OT1/lmr/m/n/10 (\OML/lmm/m/it/10 A[]
\OT1/lmr/m/n/10 )))$
 []

[240] [241]

LaTeX Warning: Reference `algebra-lemma-when-injective-covering' on page 242 un
defined on input line 24038.


LaTeX Warning: Reference `homology-definition-serre-subcategory' on page 242 un
defined on input line 24073.


LaTeX Warning: Reference `homology-lemma-characterize-serre-subcategory' on pag
e 242 undefined on input line 24082.

[242]
Overfull \hbox (1.9968pt too wide) in paragraph at lines 24125--24137
[]\T1/lmr/m/n/10 Proof of (2). We can write $\OML/lmm/m/it/10 N \OT1/lmr/m/n/10
 = [] \OML/lmm/m/it/10 N\OT1/lmr/m/n/10 [\OML/lmm/m/it/10 I[]\OT1/lmr/m/n/10 ]$
\T1/lmr/m/n/10 . We have $\OML/lmm/m/it/10 K \OMS/lmsy/m/n/10 
[] \OML/lmm/m/it/10 N \OT1/lmr/m/n/10 = [][]\OML/lmm/m/it/10 K \OMS/lmsy/m/n/10
 
[]
 []


LaTeX Warning: Reference `derived-remark-truncation-distinguished-triangle' on 
page 243 undefined on input line 24151.


LaTeX Warning: Reference `algebra-lemma-tensor-products-commute-with-limits' on
 page 243 undefined on input line 24194.


LaTeX Warning: Reference `algebra-lemma-hathat-finitely-generated' on page 243 
undefined on input line 24197.


LaTeX Warning: Reference `spaces-pushouts-section-formal-glueing' on page 243 u
ndefined on input line 24216.

[243]

LaTeX Warning: Reference `algebra-lemma-flat-base-change' on page 244 undefined
 on input line 24243.


LaTeX Warning: Reference `algebra-lemma-ff-rings' on page 244 undefined on inpu
t line 24245.


LaTeX Warning: Reference `algebra-lemma-easy-ff' on page 244 undefined on input
 line 24252.

[244]
Overfull \hbox (6.81189pt too wide) in paragraph at lines 24339--24343
\T1/lmr/m/n/10 is in-jec-tive. As $\OML/lmm/m/it/10 S$ \T1/lmr/m/n/10 is flat o
ver $\OML/lmm/m/it/10 R$ \T1/lmr/m/n/10 also the cor-re-spond-ing map $\OML/lmm
/m/it/10 M[] \OMS/lmsy/m/n/10 
[] \OML/lmm/m/it/10 S \OMS/lmsy/m/n/10 ! [][] \OML/lmm/m/it/10 M[] \OMS/lmsy/m/
n/10 
[]
 []


LaTeX Warning: Reference `algebra-lemma-adjoint-tensor-restrict' on page 245 un
defined on input line 24347.

<xymatrix 1x2 44> [245]

LaTeX Warning: Reference `homology-section-extensions' on page 246 undefined on
 input line 24432.


LaTeX Warning: Reference `homology-lemma-six-term-sequence-ext' on page 246 und
efined on input line 24434.


LaTeX Warning: Reference `dualizing-lemma-neighbourhood-extensions' on page 246
 undefined on input line 24473.

[246] <xymatrix 5x2 416>

LaTeX Warning: Reference `homology-lemma-exact-functor-ext' on page 247 undefin
ed on input line 24515.


LaTeX Warning: Reference `homology-lemma-six-term-sequence-ext' on page 247 und
efined on input line 24522.

<xymatrix 4x2 340> [247] [248]

LaTeX Warning: Reference `algebra-lemma-glue-modules' on page 249 undefined on 
input line 24779.

<xymatrix 3x2 325> [249] <xymatrix 5x2 416>
Overfull \hbox (5.82552pt too wide) in paragraph at lines 24874--24879
\T1/lmr/m/n/10 with ex-act rows. This clearly de-ter-mines an iso-mor-phism $[]
\OT1/lmr/m/n/10 (\OML/lmm/m/it/10 E\OT1/lmr/m/n/10 ) \OMS/lmsy/m/n/10 ! \OT1/lm
r/m/n/10 (\OML/lmm/m/it/10 M[]; M[]; []; []\OT1/lmr/m/n/10 )$
 []

[250]

LaTeX Warning: Reference `categories-example-2-fibre-product-categories' on pag
e 251 undefined on input line 24983.

[251]

LaTeX Warning: Reference `algebra-lemma-completion-flat' on page 252 undefined 
on input line 25016.


LaTeX Warning: Reference `algebra-lemma-completion-tensor' on page 252 undefine
d on input line 25019.


LaTeX Warning: Reference `algebra-lemma-cover' on page 252 undefined on input l
ine 25030.


LaTeX Warning: Reference `algebra-lemma-descend-properties-modules' on page 252
 undefined on input line 25048.


LaTeX Warning: Reference `algebra-theorem-ffdescent-projectivity' on page 252 u
ndefined on input line 25049.

[252]

LaTeX Warning: Reference `algebra-lemma-hathat-finitely-generated' on page 253 
undefined on input line 25136.


LaTeX Warning: Reference `algebra-section-spectrum-ring' on page 253 undefined 
on input line 25181.


LaTeX Warning: Reference `algebra-lemma-spec-closed' on page 253 undefined on i
nput line 25182.


LaTeX Warning: Reference `algebra-lemma-standard-open' on page 253 undefined on
 input line 25183.

[253]

LaTeX Warning: Reference `algebra-lemma-completion-flat' on page 254 undefined 
on input line 25221.


LaTeX Warning: Reference `examples-section-nonflat' on page 254 undefined on in
put line 25223.


LaTeX Warning: Reference `descent-section-descent-modules' on page 254 undefine
d on input line 25226.

[254]

LaTeX Warning: Reference `algebra-lemma-completion-differ-by-torsion' on page 2
55 undefined on input line 25303.


LaTeX Warning: Reference `algebra-lemma-completion-flat' on page 255 undefined 
on input line 25317.


LaTeX Warning: Reference `algebra-lemma-tensor-product-exact' on page 255 undef
ined on input line 25390.

[255]

LaTeX Warning: Reference `algebra-lemma-tensor-product-exact' on page 256 undef
ined on input line 25418.


LaTeX Warning: Reference `algebra-lemma-long-exact-sequence-tor' on page 256 un
defined on input line 25438.


LaTeX Warning: Reference `algebra-lemma-completion-flat' on page 256 undefined 
on input line 25446.


LaTeX Warning: Reference `algebra-lemma-tor-commutes-filtered-colimits' on page
 256 undefined on input line 25494.


LaTeX Warning: Reference `algebra-lemma-tor-commutes-filtered-colimits' on page
 256 undefined on input line 25514.

[256] <xymatrix 3x2 203>

LaTeX Warning: Reference `algebra-lemma-long-exact-sequence-tor' on page 257 un
defined on input line 25533.


Overfull \hbox (17.68703pt too wide) in paragraph at lines 25591--25594
[]\T1/lmr/m/n/10 Let $\OT1/lmr/m/n/10 (\OML/lmm/m/it/10 M[]; M[]; []\OT1/lmr/m
/n/10 )$ \T1/lmr/m/n/10 be a glue-ing da-tum. We will show that $\OML/lmm/m/it/
10 M \OT1/lmr/m/n/10 = \OML/lmm/m/it/10 H[]\OT1/lmr/m/n/10 ((\OML/lmm/m/it/10 M
[]; M[]; []\OT1/lmr/m/n/10 ))$
 []

[257] <xymatrix 5x2 382>

LaTeX Warning: Reference `categories-lemma-adjoint-fully-faithful' on page 258 
undefined on input line 25671.

[258]

LaTeX Warning: Reference `algebra-lemma-flat-base-change' on page 259 undefined
 on input line 25717.


LaTeX Warning: Reference `algebra-lemma-flat-tor-zero' on page 259 undefined on
 input line 25722.


LaTeX Warning: Reference `algebra-lemma-characterize-flat' on page 259 undefine
d on input line 25730.


LaTeX Warning: Reference `algebra-theorem-lazard' on page 259 undefined on inpu
t line 25752.

<xymatrix 3x2 162>

LaTeX Warning: Reference `algebra-lemma-finite-projective' on page 259 undefine
d on input line 25790.


LaTeX Warning: Reference `algebra-lemma-flat-tor-zero' on page 259 undefined on
 input line 25797.

[259]

LaTeX Warning: Reference `dualizing-section-local-cohomology' on page 260 undef
ined on input line 25836.


LaTeX Warning: Reference `dualizing-section-torsion-and-complete' on page 260 u
ndefined on input line 25839.


LaTeX Warning: Reference `algebra-lemma-adjoint-hom-restrict' on page 260 undef
ined on input line 25879.


LaTeX Warning: Reference `derived-lemma-K-injective' on page 260 undefined on i
nput line 25883.

[260]

LaTeX Warning: Reference `derived-section-derived-limit' on page 261 undefined 
on input line 25903.


LaTeX Warning: Reference `homology-section-double-complex' on page 261 undefine
d on input line 25922.


LaTeX Warning: Reference `algebra-lemma-standard-covering' on page 261 undefine
d on input line 25951.


Overfull \hbox (11.90665pt too wide) in paragraph at lines 25949--25960
[]$ \T1/lmr/m/n/10 and the van-ish-ing of $[][]\OT1/lmr/m/n/10 (\OML/lmm/m/it/1
0 A[]; K\OT1/lmr/m/n/10 )$\T1/lmr/m/n/10 , $[][]\OT1/lmr/m/n/10 (\OML/lmm/m/it/
10 A[]; K\OT1/lmr/m/n/10 )$\T1/lmr/m/n/10 , and $[][]\OT1/lmr/m/n/10 (\OML/lmm/
m/it/10 A[]; K\OT1/lmr/m/n/10 )$
 []

[261]

LaTeX Warning: Reference `algebra-lemma-when-surjective-to-completion' on page 
262 undefined on input line 25994.


LaTeX Warning: Reference `derived-definition-triangulated-subcategory' on page 
262 undefined on input line 26035.


LaTeX Warning: Reference `derived-definition-saturated' on page 262 undefined o
n input line 26036.


LaTeX Warning: Reference `examples-section-derived-complete-modules' on page 26
2 undefined on input line 26065.


LaTeX Warning: Reference `homology-lemma-characterize-weak-serre-subcategory' o
n page 262 undefined on input line 26092.

[262] [263] <xymatrix 2x2 175>
Overfull \hbox (4.1617pt too wide) in paragraph at lines 26269--26271
[]\T1/lmr/m/n/10 By Lemma []93.10[] we know that de-rived com-ple-tion is given
 by $\OML/lmm/m/it/10 R [][]\OT1/lmr/m/n/10 (\OML/lmm/m/it/10 C; \OMS/lmsy/m/n/
10 ^^@\OT1/lmr/m/n/10 )$
 []

[264]

LaTeX Warning: Reference `homology-section-truncations' on page 265 undefined o
n input line 26364.

[265] [266]
Overfull \hbox (4.1617pt too wide) in paragraph at lines 26570--26576
[]\T1/lmr/m/n/10 By Lemma []93.10[] we know that de-rived com-ple-tion is given
 by $\OML/lmm/m/it/10 R [][]\OT1/lmr/m/n/10 (\OML/lmm/m/it/10 C; \OMS/lmsy/m/n/
10 ^^@\OT1/lmr/m/n/10 )$
 []


LaTeX Warning: Reference `homology-section-filtered-complex' on page 267 undefi
ned on input line 26586.


LaTeX Warning: Reference `homology-lemma-biregular-ss-converges' on page 267 un
defined on input line 26590.

[267]
Overfull \hbox (13.63547pt too wide) in paragraph at lines 26670--26684
\T1/lmr/m/n/10 In fact, the ar-gu-ment shows that $\OML/lmm/m/it/10 F \OT1/lmr/
m/n/10 : \OML/lmm/m/it/10 D[]\OT1/lmr/m/n/10 (\OML/lmm/m/it/10 A; I\OT1/lmr/m/n
/10 ) \OMS/lmsy/m/n/10 ! \OML/lmm/m/it/10 D[]\OT1/lmr/m/n/10 (\OML/lmm/m/it/10 
B; IB\OT1/lmr/m/n/10 )$\T1/lmr/m/n/10 , $\OML/lmm/m/it/10 K \OMS/lmsy/m/n/10 7!
 [][]\OT1/lmr/m/n/10 (\OML/lmm/m/it/10 B; I[]\OT1/lmr/m/n/10 )$
 []

[268]

LaTeX Warning: Reference `examples-section-derived-complete-modules' on page 26
9 undefined on input line 26700.


LaTeX Warning: Reference `categories-lemma-limits-products-equalizers' on page 
269 undefined on input line 26715.


LaTeX Warning: Reference `categories-section-posets-limits' on page 269 undefin
ed on input line 26743.


LaTeX Warning: Reference `examples-section-derived-complete-modules' on page 26
9 undefined on input line 26752.

[269] <xymatrix 2x2 185> [270] <xymatrix 5x5 697>
Underfull \vbox (badness 5578) has occurred while \output is active []

 [271]

LaTeX Warning: Reference `homology-lemma-Mittag-Leffler' on page 272 undefined 
on input line 26968.

<xymatrix 2x5 416> [272]

LaTeX Warning: Reference `homology-lemma-Mittag-Leffler' on page 273 undefined 
on input line 27010.

[273] [274]

LaTeX Warning: Reference `derived-remark-truncation-distinguished-triangle' on 
page 275 undefined on input line 27187.


LaTeX Warning: Reference `derived-lemma-pro-isomorphism' on page 275 undefined 
on input line 27188.


LaTeX Warning: Reference `derived-lemma-essentially-constant-cohomology' on pag
e 275 undefined on input line 27193.


LaTeX Warning: Reference `algebra-lemma-Artin-Rees' on page 275 undefined on in
put line 27209.


LaTeX Warning: Reference `algebra-lemma-completion-flat' on page 275 undefined 
on input line 27285.

[275]

LaTeX Warning: Reference `algebra-lemma-completion-Noetherian' on page 276 unde
fined on input line 27312.


LaTeX Warning: Reference `algebra-lemma-when-finite-module-complete-over-comple
te-ring' on page 276 undefined on input line 27313.


LaTeX Warning: Reference `algebra-lemma-Artin-Rees' on page 276 undefined on in
put line 27314.

[276]

LaTeX Warning: Reference `derived-section-homotopy' on page 277 undefined on in
put line 27438.

<xymatrix 4x2 402>

LaTeX Warning: Reference `derived-section-homotopy-triangulated' on page 277 un
defined on input line 27471.

<xymatrix 4x2 402> [277]

LaTeX Warning: Reference `derived-lemma-localization-subcategory' on page 278 u
ndefined on input line 27551.


LaTeX Warning: Reference `categories-lemma-properties-left-localization' on pag
e 278 undefined on input line 27575.

[278] <xymatrix 5x2 443> <xymatrix 2x2 168> <xymatrix 5x2 416>
Overfull \hbox (15.1424pt too wide) detected at line 27658
[]
 []

[279] <xymatrix 2x2 134> [280]
Overfull \hbox (14.68878pt too wide) in paragraph at lines 27822--27833
[]\T1/lmr/m/n/10 With no-ta-tion as in Re-mark []97.5[] we de-fine a map $\OML/
lmm/m/it/10 t[] \OT1/lmr/m/n/10 : \OML/lmm/m/it/10 Z[] \OMS/lmsy/m/n/10 ! \OT1/
lmr/m/n/10 (\OML/lmm/m/it/10 ^^Q[]M\OT1/lmr/m/n/10 )[]\OML/lmm/m/it/10 =f\OT1/l
mr/m/n/10 (\OML/lmm/m/it/10 ^^Q[]M\OT1/lmr/m/n/10 )[]$\T1/lmr/m/n/10 .
 []

[281]

LaTeX Warning: Reference `flat-section-blowup-complexes-III' on page 282 undefi
ned on input line 27877.

[282]

LaTeX Warning: Reference `derived-lemma-ext-2-zero-pre' on page 283 undefined o
n input line 28043.

[283]
Overfull \hbox (7.02069pt too wide) in paragraph at lines 28174--28180
[]\T1/lmr/m/n/10 Observe that the fact that $\OML/lmm/m/it/10 I[]\OT1/lmr/m/n/1
0 (\OML/lmm/m/it/10 M[]; f\OT1/lmr/m/n/10 )$ \T1/lmr/m/n/10 is a prin-ci-pal id
eal im-plies that $\OML/lmm/m/it/10 I[]\OT1/lmr/m/n/10 (\OML/lmm/m/it/10 M[]; f
\OT1/lmr/m/n/10 )$
 []

[284] <xymatrix 2x2 161> <xymatrix 3x2 271> [285] [286]

LaTeX Warning: Reference `algebra-lemma-locally-nilpotent-unit' on page 287 und
efined on input line 28428.


LaTeX Warning: Reference `algebra-lemma-contained-in-radical' on page 287 undef
ined on input line 28430.

[287] [288]

LaTeX Warning: Reference `derived-remark-truncation-distinguished-triangle' on 
page 289 undefined on input line 28639.


LaTeX Warning: Reference `derived-remark-check-on-generator' on page 289 undefi
ned on input line 28674.

[289]

LaTeX Warning: Reference `derived-lemma-morphisms-from-projective-complex' on p
age 290 undefined on input line 28727.


LaTeX Warning: Reference `algebra-section-functoriality-ext' on page 290 undefi
ned on input line 28760.

[290] <xymatrix 4x2 238>
Overfull \hbox (7.76181pt too wide) in paragraph at lines 28906--28914
[]\T1/lmr/m/n/10 Observe that $\OML/lmm/m/it/10 H[] \OT1/lmr/m/n/10 = \OML/lmm/
m/it/10 ^^L[]\OT1/lmr/m/n/10 (\OML/lmm/m/it/10 I[]M\OT1/lmr/m/n/10 )\OML/lmm/m/
it/10 = []\OT1/lmr/m/n/10 (\OML/lmm/m/it/10 \OT1/lmr/m/n/10 ) + \OML/lmm/m/it/
10 I[]L$\T1/lmr/m/n/10 . For $\OML/lmm/m/it/10 n \OMS/lmsy/m/n/10 ^^U \OT1/lmr/
m/n/10 2$ \T1/lmr/m/n/10 we have $\OML/lmm/m/it/10 ^^L[]\OT1/lmr/m/n/10 (\OML/l
mm/m/it/10 I[]M\OT1/lmr/m/n/10 ) \OMS/lmsy/m/n/10 ^^Z
 []


LaTeX Warning: Reference `algebra-lemma-map-AR' on page 291 undefined on input 
line 28919.


LaTeX Warning: Reference `algebra-lemma-Artin-Rees' on page 291 undefined on in
put line 28920.

[291]

LaTeX Warning: Reference `categories-remark-pro-category' on page 292 undefined
 on input line 28963.

[292]

LaTeX Warning: Reference `derived-lemma-pro-isomorphism-bis' on page 293 undefi
ned on input line 29040.

[293]

LaTeX Warning: Reference `algebra-lemma-completion-complete' on page 294 undefi
ned on input line 29109.


LaTeX Warning: Reference `algebra-lemma-NAK' on page 294 undefined on input lin
e 29118.


LaTeX Warning: Reference `algebra-lemma-fun' on page 294 undefined on input lin
e 29120.

[294] <xymatrix 6x3 552>
Overfull \hbox (18.45612pt too wide) detected at line 29276
[]
 []


Overfull \hbox (9.32764pt too wide) in paragraph at lines 29276--29291
\T1/lmr/m/n/10 By Lemma []102.4[] we see that the ker-nel and cok-er-nel of $[]
\OT1/lmr/m/n/10 (\OML/lmm/m/it/10 M; N\OT1/lmr/m/n/10 )\OML/lmm/m/it/10 =I[] []
\OT1/lmr/m/n/10 (\OML/lmm/m/it/10 M; N\OT1/lmr/m/n/10 ) \OMS/lmsy/m/n/10 !
 []

<xymatrix 4x2 357>
Overfull \hbox (90.20618pt too wide) detected at line 29300
[]
 []

[295] [296]

LaTeX Warning: Reference `algebra-lemma-map-AR' on page 297 undefined on input 
line 29469.


LaTeX Warning: Reference `algebra-lemma-Artin-Rees' on page 297 undefined on in
put line 29470.

[297] <xymatrix 5x2 416>

LaTeX Warning: Reference `algebra-lemma-Artin-Rees' on page 298 undefined on in
put line 29525.

<xymatrix 4x3 522>
Overfull \hbox (41.23895pt too wide) detected at line 29542
[]
 []

<xymatrix 3x2 196> [298] <xymatrix 4x2 340> [299]

LaTeX Warning: Reference `derived-lemma-pro-isomorphism' on page 300 undefined 
on input line 29662.


LaTeX Warning: Reference `derived-lemma-essentially-constant-cohomology' on pag
e 300 undefined on input line 29667.


LaTeX Warning: Reference `derived-lemma-pro-isomorphism-bis' on page 300 undefi
ned on input line 29710.

[300] [301] <xymatrix 3x2 124>

LaTeX Warning: Reference `algebra-proposition-Auslander-Buchsbaum' on page 302 
undefined on input line 29878.


LaTeX Warning: Reference `algebra-lemma-depth-goes-down-finite' on page 302 und
efined on input line 29890.

[302]

LaTeX Warning: Reference `derived-proposition-9' on page 303 undefined on input
 line 30026.

[303]

LaTeX Warning: Reference `homology-section-double-complexes-abelian-groups' on 
page 304 undefined on input line 30093.

[304]

LaTeX Warning: Reference `derived-section-cones' on page 305 undefined on input
 line 30153.

[305]

LaTeX Warning: Reference `algebra-definition-pure-ideal' on page 306 undefined 
on input line 30266.


LaTeX Warning: Reference `algebra-lemma-finitely-generated-pure-ideal' on page 
306 undefined on input line 30268.


LaTeX Warning: Reference `algebra-lemma-idempotent-spec' on page 306 undefined 
on input line 30271.


LaTeX Warning: Reference `algebra-lemma-ring-with-only-minimal-primes' on page 
306 undefined on input line 30273.


LaTeX Warning: Reference `algebra-lemma-minimal-prime-reduced-ring' on page 306
 undefined on input line 30280.


LaTeX Warning: Reference `algebra-lemma-flat-localization' on page 306 undefine
d on input line 30285.


LaTeX Warning: Reference `algebra-lemma-ring-with-only-minimal-primes' on page 
306 undefined on input line 30299.


LaTeX Warning: Reference `algebra-lemma-flat-base-change' on page 306 undefined
 on input line 30317.


LaTeX Warning: Reference `algebra-lemma-reduced-ring-sub-product-fields' on pag
e 306 undefined on input line 30336.

[306]

LaTeX Warning: Reference `algebra-lemma-flat-base-change' on page 307 undefined
 on input line 30368.


LaTeX Warning: Reference `algebra-lemma-composition-flat' on page 307 undefined
 on input line 30369.

<xymatrix 2x2 154>

LaTeX Warning: Reference `algebra-lemma-flatness-descends-more-general' on page
 307 undefined on input line 30398.


LaTeX Warning: Reference `algebra-lemma-flatness-descends-more-general' on page
 307 undefined on input line 30401.


LaTeX Warning: Reference `algebra-definition-pure-ideal' on page 307 undefined 
on input line 30426.


LaTeX Warning: Reference `algebra-lemma-pure' on page 307 undefined on input li
ne 30427.


LaTeX Warning: Reference `algebra-lemma-differentials-diagonal' on page 307 und
efined on input line 30429.


LaTeX Warning: Reference `algebra-lemma-characterize-formally-unramified' on pa
ge 307 undefined on input line 30432.

[307]

LaTeX Warning: Reference `algebra-definition-unramified' on page 308 undefined 
on input line 30448.


LaTeX Warning: Reference `algebra-lemma-etale-flat-unramified-finite-presentati
on' on page 308 undefined on input line 30450.


LaTeX Warning: Reference `algebra-lemma-map-between-etale' on page 308 undefine
d on input line 30467.


LaTeX Warning: Reference `algebra-lemma-colimit-flat' on page 308 undefined on 
input line 30473.


LaTeX Warning: Reference `algebra-lemma-composition-flat' on page 308 undefined
 on input line 30478.


LaTeX Warning: Reference `algebra-lemma-colimit-rings-flat' on page 308 undefin
ed on input line 30480.


LaTeX Warning: Reference `algebra-lemma-characterize-separable-algebraic-field-
extensions' on page 308 undefined on input line 30500.


LaTeX Warning: Reference `algebra-lemma-injective-minimal-primes-in-image' on p
age 308 undefined on input line 30540.


LaTeX Warning: Reference `algebra-lemma-finite-residue-extension-closed' on pag
e 308 undefined on input line 30544.


LaTeX Warning: Reference `algebra-proposition-dimension-zero-ring' on page 308 
undefined on input line 30547.


LaTeX Warning: Reference `algebra-lemma-etale-over-field' on page 308 undefined
 on input line 30551.

[308]

LaTeX Warning: Reference `algebra-lemma-etale-over-field' on page 309 undefined
 on input line 30571.


LaTeX Warning: Reference `algebra-lemma-colimit-flat' on page 309 undefined on 
input line 30602.


LaTeX Warning: Reference `algebra-theorem-lazard' on page 309 undefined on inpu
t line 30609.


LaTeX Warning: Reference `algebra-lemma-colimit-flat' on page 309 undefined on 
input line 30612.


LaTeX Warning: Reference `algebra-lemma-flat-ses' on page 309 undefined on inpu
t line 30618.


LaTeX Warning: Reference `algebra-lemma-finite-flat-local' on page 309 undefine
d on input line 30628.


LaTeX Warning: Reference `algebra-lemma-characterize-valuation-ring' on page 30
9 undefined on input line 30634.


LaTeX Warning: Reference `algebra-lemma-characterize-valuation-ring' on page 30
9 undefined on input line 30641.


LaTeX Warning: Reference `algebra-lemma-flat-localization' on page 309 undefine
d on input line 30643.

[309]

LaTeX Warning: Reference `algebra-proposition-fg-tensor' on page 310 undefined 
on input line 30663.


LaTeX Warning: Reference `algebra-lemma-characterize-valuation-ring' on page 31
0 undefined on input line 30667.

<xymatrix 2x2 154>

LaTeX Warning: Reference `algebra-lemma-find-valuation-rings' on page 310 undef
ined on input line 30694.


LaTeX Warning: Reference `algebra-lemma-flat-localization' on page 310 undefine
d on input line 30701.


LaTeX Warning: Reference `algebra-lemma-epimorphism-local' on page 310 undefine
d on input line 30702.


LaTeX Warning: Reference `algebra-lemma-characterize-finite-in-terms-of-integra
l' on page 310 undefined on input line 30715.


LaTeX Warning: Reference `algebra-lemma-finite-epimorphism-surjective' on page 
310 undefined on input line 30717.

<xymatrix 2x2 154>

LaTeX Warning: Reference `algebra-lemma-flat-base-change' on page 310 undefined
 on input line 30748.


LaTeX Warning: Reference `algebra-lemma-base-change-epimorphism' on page 310 un
defined on input line 30749.

[310]

LaTeX Warning: Reference `algebra-lemma-colimit-henselian' on page 311 undefine
d on input line 30774.


LaTeX Warning: Reference `algebra-lemma-finite-over-henselian' on page 311 unde
fined on input line 30776.


LaTeX Warning: Reference `algebra-lemma-integral-going-up' on page 311 undefine
d on input line 30779.


LaTeX Warning: Reference `algebra-lemma-pure-open-closed-specializations' on pa
ge 311 undefined on input line 30801.


LaTeX Warning: Reference `algebra-lemma-faithfully-flat-epimorphism' on page 31
1 undefined on input line 30804.


LaTeX Warning: Reference `algebra-lemma-local-tensor-with-integral' on page 311
 undefined on input line 30823.

[311]

LaTeX Warning: Reference `algebra-lemma-etale-over-field' on page 312 undefined
 on input line 30867.


Overfull \hbox (4.2561pt too wide) in paragraph at lines 30918--30920
[]\T1/lmr/m/it/10 any $\OML/lmm/m/it/10 K$\T1/lmr/m/it/10 -algebra map $\OML/lm
m/m/it/10 A[] \OMS/lmsy/m/n/10 ! \OML/lmm/m/it/10 A$ \T1/lmr/m/it/10 in-duces a
 $\OML/lmm/m/it/10 K$\T1/lmr/m/it/10 -algebra map $\OML/lmm/m/it/10 B[]\OT1/lmr
/m/n/10 (\OML/lmm/m/it/10 A[]\OT1/lmr/m/n/10 ) \OMS/lmsy/m/n/10 ! \OML/lmm/m/it
/10 B[]\OT1/lmr/m/n/10 (\OML/lmm/m/it/10 A\OT1/lmr/m/n/10 )$\T1/lmr/m/it/10 , 
 []


LaTeX Warning: Reference `algebra-lemma-characterize-finite-presentation' on pa
ge 312 undefined on input line 30951.

[312]

LaTeX Warning: Reference `algebra-lemma-smooth-strong-lift' on page 313 undefin
ed on input line 30963.


Overfull \hbox (7.73566pt too wide) in paragraph at lines 31010--31014
\T1/lmr/m/n/10 hence the com-po-si-tion can-not be sur-jec-tive with-out $\OML/
lmm/m/it/10 B[]\OT1/lmr/m/n/10 (\OML/lmm/m/it/10 A=K\OT1/lmr/m/n/10 ) \OMS/lmsy
/m/n/10 
[] \OML/lmm/m/it/10 L \OMS/lmsy/m/n/10 ! \OML/lmm/m/it/10 B[]\OT1/lmr/m/n/10 ((
\OML/lmm/m/it/10 A \OMS/lmsy/m/n/10 
[]
 []


Overfull \hbox (6.57042pt too wide) in paragraph at lines 31028--31036
\T1/lmr/m/n/10 is in-jec-tive be-cause the ker-nel is nilpo-tent and the weakly
 �tale $\OML/lmm/m/it/10 L$\T1/lmr/m/n/10 -algebra $\OML/lmm/m/it/10 B[]\OT1/lm
r/m/n/10 ((\OML/lmm/m/it/10 A \OMS/lmsy/m/n/10 
[]
 []


LaTeX Warning: Reference `algebra-lemma-total-ring-fractions-no-embedded-points
' on page 313 undefined on input line 31054.


LaTeX Warning: Reference `algebra-lemma-minimal-prime-reduced-ring' on page 313
 undefined on input line 31055.


LaTeX Warning: Reference `algebra-lemma-Noetherian-irreducible-components' on p
age 313 undefined on input line 31056.


LaTeX Warning: Reference `algebra-lemma-Noetherian-permanence' on page 313 unde
fined on input line 31057.

[313]

LaTeX Warning: Reference `algebra-lemma-make-geometrically-irreducible' on page
 314 undefined on input line 31074.


LaTeX Warning: Reference `fields-lemma-finite-separable-tensor-alg-closed' on p
age 314 undefined on input line 31082.


LaTeX Warning: Reference `algebra-lemma-integral-going-up' on page 314 undefine
d on input line 31121.


LaTeX Warning: Reference `algebra-definition-ring-normal' on page 314 undefined
 on input line 31149.

[314]

LaTeX Warning: Reference `algebra-lemma-quotient-henselization' on page 315 und
efined on input line 31176.


LaTeX Warning: Reference `algebra-lemma-integral-going-up' on page 315 undefine
d on input line 31186.


LaTeX Warning: Reference `algebra-lemma-integral-over-field' on page 315 undefi
ned on input line 31198.


LaTeX Warning: Reference `algebra-lemma-ring-with-only-minimal-primes' on page 
315 undefined on input line 31199.


LaTeX Warning: Reference `algebra-lemma-characterize-reduced-ring-normal' on pa
ge 315 undefined on input line 31204.


LaTeX Warning: Reference `algebra-lemma-normal-goes-up' on page 315 undefined o
n input line 31208.


LaTeX Warning: Reference `algebra-lemma-colimit-normal-ring' on page 315 undefi
ned on input line 31209.


LaTeX Warning: Reference `algebra-lemma-flat-going-down' on page 315 undefined 
on input line 31226.

[315]

LaTeX Warning: Reference `algebra-lemma-flat-going-down' on page 316 undefined 
on input line 31272.


LaTeX Warning: Reference `algebra-lemma-quotient-henselization' on page 316 und
efined on input line 31274.


LaTeX Warning: Reference `algebra-lemma-integral-going-up' on page 316 undefine
d on input line 31281.


LaTeX Warning: Reference `algebra-lemma-mop-up' on page 316 undefined on input 
line 31306.


LaTeX Warning: Reference `algebra-lemma-local-tensor-with-integral' on page 316
 undefined on input line 31319.


LaTeX Warning: Reference `algebra-lemma-normal-goes-up' on page 316 undefined o
n input line 31322.

[316]

LaTeX Warning: Reference `algebra-lemma-quotient-henselization' on page 317 und
efined on input line 31368.


LaTeX Warning: Reference `algebra-lemma-integral-going-up' on page 317 undefine
d on input line 31379.


LaTeX Warning: Reference `algebra-lemma-integral-over-field' on page 317 undefi
ned on input line 31401.


LaTeX Warning: Reference `algebra-lemma-ring-with-only-minimal-primes' on page 
317 undefined on input line 31402.


LaTeX Warning: Reference `algebra-lemma-characterize-reduced-ring-normal' on pa
ge 317 undefined on input line 31407.


LaTeX Warning: Reference `algebra-lemma-normal-goes-up' on page 317 undefined o
n input line 31411.


LaTeX Warning: Reference `algebra-lemma-colimit-normal-ring' on page 317 undefi
ned on input line 31412.


LaTeX Warning: Reference `algebra-lemma-flat-going-down' on page 317 undefined 
on input line 31429.

[317]

LaTeX Warning: Reference `algebra-lemma-flat-going-down' on page 318 undefined 
on input line 31479.


LaTeX Warning: Reference `algebra-lemma-quotient-strict-henselization' on page 
318 undefined on input line 31481.


LaTeX Warning: Reference `algebra-lemma-integral-going-up' on page 318 undefine
d on input line 31489.


LaTeX Warning: Reference `algebra-lemma-mop-up-strictly-henselian' on page 318 
undefined on input line 31521.


LaTeX Warning: Reference `algebra-lemma-local-tensor-with-integral' on page 318
 undefined on input line 31533.


LaTeX Warning: Reference `algebra-lemma-normal-goes-up' on page 318 undefined o
n input line 31536.

[318]

LaTeX Warning: Reference `fields-lemma-separable-degree' on page 319 undefined 
on input line 31592.


LaTeX Warning: Reference `algebra-lemma-smooth-syntomic' on page 319 undefined 
on input line 31609.


LaTeX Warning: Reference `algebra-lemma-flat-localization' on page 319 undefine
d on input line 31611.


LaTeX Warning: Reference `algebra-lemma-composition-flat' on page 319 undefined
 on input line 31613.


LaTeX Warning: Reference `algebra-lemma-flat-base-change' on page 319 undefined
 on input line 31615.


LaTeX Warning: Reference `algebra-lemma-local-flat-ff' on page 319 undefined on
 input line 31617.


LaTeX Warning: Reference `algebra-lemma-flat-going-down' on page 319 undefined 
on input line 31621.


LaTeX Warning: Reference `algebra-lemma-henselian-functorial-improve' on page 3
19 undefined on input line 31627.


LaTeX Warning: Reference `algebra-lemma-quotient-henselization' on page 319 und
efined on input line 31638.


LaTeX Warning: Reference `algebra-lemma-normal-goes-up' on page 319 undefined o
n input line 31642.


LaTeX Warning: Reference `algebra-lemma-colimit-normal-ring' on page 319 undefi
ned on input line 31646.


LaTeX Warning: Reference `algebra-lemma-local-tensor-with-integral' on page 319
 undefined on input line 31647.


LaTeX Warning: Reference `algebra-lemma-strictly-henselian-functorial-improve' 
on page 319 undefined on input line 31659.


LaTeX Warning: Reference `algebra-lemma-quotient-strict-henselization' on page 
319 undefined on input line 31670.


LaTeX Warning: Reference `algebra-lemma-normal-goes-up' on page 319 undefined o
n input line 31675.


LaTeX Warning: Reference `algebra-lemma-colimit-normal-ring' on page 319 undefi
ned on input line 31679.


LaTeX Warning: Reference `algebra-lemma-local-tensor-with-integral' on page 319
 undefined on input line 31680.

[319]

LaTeX Warning: Reference `algebra-lemma-minimal-prime-image-minimal-prime' on p
age 320 undefined on input line 31724.


LaTeX Warning: Reference `algebra-lemma-surjective-on-spec-units' on page 320 u
ndefined on input line 31732.


LaTeX Warning: Reference `algebra-lemma-local-flat-ff' on page 320 undefined on
 input line 31742.


LaTeX Warning: Reference `algebra-lemma-integral-no-inclusion' on page 320 unde
fined on input line 31753.


LaTeX Warning: Reference `algebra-definition-quasi-finite' on page 320 undefine
d on input line 31755.


LaTeX Warning: Reference `algebra-lemma-unramified-quasi-finite' on page 320 un
defined on input line 31758.


LaTeX Warning: Reference `algebra-lemma-etale-quasi-finite' on page 320 undefin
ed on input line 31759.

[320]

LaTeX Warning: Reference `algebra-proposition-unramified-locally-standard' on p
age 321 undefined on input line 31777.


LaTeX Warning: Reference `algebra-lemma-etale-over-field' on page 321 undefined
 on input line 31790.


LaTeX Warning: Reference `algebra-lemma-silly' on page 321 undefined on input l
ine 31802.


LaTeX Warning: Reference `algebra-lemma-characterize-unramified' on page 321 un
defined on input line 31834.


LaTeX Warning: Reference `algebra-proposition-unramified-locally-standard' on p
age 321 undefined on input line 31836.

[321]

LaTeX Warning: Reference `algebra-lemma-flat-going-down' on page 322 undefined 
on input line 31869.


LaTeX Warning: Reference `algebra-lemma-quotient-strict-henselization' on page 
322 undefined on input line 31874.


LaTeX Warning: Reference `algebra-lemma-geometrically-normal-tensor-normal' on 
page 322 undefined on input line 31882.


LaTeX Warning: Reference `algebra-lemma-integral-going-up' on page 322 undefine
d on input line 31890.


LaTeX Warning: Reference `algebra-lemma-unique-prime-over-localize-below' on pa
ge 322 undefined on input line 31900.


LaTeX Warning: Reference `examples-section-bad' on page 322 undefined on input 
line 31928.


LaTeX Warning: Reference `algebra-lemma-flat-going-down' on page 322 undefined 
on input line 31951.


LaTeX Warning: Reference `algebra-lemma-injective-minimal-primes-in-image' on p
age 322 undefined on input line 31952.


LaTeX Warning: Reference `algebra-lemma-complete-henselian' on page 322 undefin
ed on input line 31956.

[322]

LaTeX Warning: Reference `algebra-lemma-Noetherian-irreducible-components' on p
age 323 undefined on input line 31975.


LaTeX Warning: Reference `algebra-lemma-cover' on page 323 undefined on input l
ine 32021.


LaTeX Warning: Reference `restricted-lemma-approximate-by-etale-over-complement
' on page 323 undefined on input line 32034.


LaTeX Warning: Reference `algebra-lemma-completion-Noetherian-Noetherian' on pa
ge 323 undefined on input line 32047.


LaTeX Warning: Reference `algebra-lemma-ideal-is-squared-union-connected' on pa
ge 323 undefined on input line 32050.

[323]

LaTeX Warning: Reference `algebra-lemma-completion-flat' on page 324 undefined 
on input line 32076.


LaTeX Warning: Reference `algebra-lemma-characterize-unramified' on page 324 un
defined on input line 32127.


LaTeX Warning: Reference `algebra-proposition-unramified-locally-standard' on p
age 324 undefined on input line 32130.


LaTeX Warning: Reference `algebra-lemma-completion-flat' on page 324 undefined 
on input line 32136.


LaTeX Warning: Reference `algebra-lemma-ff-rings' on page 324 undefined on inpu
t line 32159.

[324]

LaTeX Warning: Reference `algebra-lemma-characterize-unramified' on page 325 un
defined on input line 32191.


LaTeX Warning: Reference `algebra-proposition-unramified-locally-standard' on p
age 325 undefined on input line 32194.


LaTeX Warning: Reference `algebra-lemma-completion-flat' on page 325 undefined 
on input line 32200.


LaTeX Warning: Reference `algebra-lemma-quotient-henselization' on page 325 und
efined on input line 32255.

[325]

LaTeX Warning: Reference `algebra-lemma-completion-finite-extension' on page 32
6 undefined on input line 32271.


LaTeX Warning: Reference `algebra-lemma-finite-after-completion' on page 326 un
defined on input line 32352.


LaTeX Warning: Reference `algebra-lemma-dimension-formula' on page 326 undefine
d on input line 32360.

[326]

LaTeX Warning: Reference `algebra-lemma-silly' on page 327 undefined on input l
ine 32380.


LaTeX Warning: Reference `algebra-lemma-flat-going-down' on page 327 undefined 
on input line 32403.


LaTeX Warning: Reference `algebra-lemma-dimension-base-fibre-equals-total' on p
age 327 undefined on input line 32409.


LaTeX Warning: Reference `algebra-lemma-catenary-check-irreducible' on page 327
 undefined on input line 32445.


LaTeX Warning: Reference `algebra-lemma-catenary-check-local' on page 327 undef
ined on input line 32449.


LaTeX Warning: Reference `algebra-lemma-localization-at-closed-point-special-fi
bre' on page 327 undefined on input line 32453.


LaTeX Warning: Reference `algebra-lemma-quotient-catenary' on page 327 undefine
d on input line 32454.


LaTeX Warning: Reference `algebra-lemma-localization-catenary' on page 327 unde
fined on input line 32455.


LaTeX Warning: Reference `algebra-lemma-completion-flat' on page 327 undefined 
on input line 32461.


LaTeX Warning: Reference `algebra-remark-Noetherian-complete-local-ring-univers
ally-catenary' on page 327 undefined on input line 32467.

[327]

LaTeX Warning: Reference `algebra-lemma-dimension-base-fibre-equals-total' on p
age 328 undefined on input line 32478.


LaTeX Warning: Reference `algebra-section-going-down-integral-over-normal' on p
age 328 undefined on input line 32535.


LaTeX Warning: Reference `pione-section-group-actions-integral' on page 328 und
efined on input line 32537.


LaTeX Warning: Reference `algebra-lemma-universally-bijective' on page 328 unde
fined on input line 32564.

[328]

LaTeX Warning: Reference `algebra-lemma-universally-bijective' on page 329 unde
fined on input line 32624.


LaTeX Warning: Reference `algebra-lemma-universally-bijective' on page 329 unde
fined on input line 32676.

[329]

LaTeX Warning: Reference `algebra-lemma-integral-no-inclusion' on page 330 unde
fined on input line 32691.


LaTeX Warning: Reference `algebra-lemma-silly' on page 330 undefined on input l
ine 32694.


LaTeX Warning: Reference `algebra-lemma-integral-no-inclusion' on page 330 unde
fined on input line 32729.


LaTeX Warning: Reference `algebra-lemma-integral-going-up' on page 330 undefine
d on input line 32730.


LaTeX Warning: Reference `algebra-lemma-chinese-remainder' on page 330 undefine
d on input line 32735.


LaTeX Warning: Reference `fields-lemma-normal-case' on page 330 undefined on in
put line 32758.


LaTeX Warning: Reference `fields-lemma-primitive-element' on page 330 undefined
 on input line 32762.

[330]

LaTeX Warning: Reference `fields-lemma-normal-closure-inside-normal' on page 33
1 undefined on input line 32810.


LaTeX Warning: Reference `fields-lemma-galois-infinite' on page 331 undefined o
n input line 32812.

<xymatrix 2x2 168>

LaTeX Warning: Reference `fields-lemma-normal-closure-inside-normal' on page 33
1 undefined on input line 32842.


LaTeX Warning: Reference `fields-lemma-galois-infinite' on page 331 undefined o
n input line 32844.


LaTeX Warning: Reference `fields-lemma-normal-embeddings-differ-by-aut' on page
 331 undefined on input line 32862.


LaTeX Warning: Reference `fields-lemma-galois-infinite' on page 331 undefined o
n input line 32888.

[331]

LaTeX Warning: Reference `algebra-lemma-finite-extension-residue-fields-dimensi
on-1' on page 332 undefined on input line 32945.


LaTeX Warning: Reference `algebra-lemma-finite-length' on page 332 undefined on
 input line 32947.


LaTeX Warning: Reference `algebra-lemma-pushdown-module' on page 332 undefined 
on input line 32948.


LaTeX Warning: Reference `fields-lemma-multiplicativity-degrees' on page 332 un
defined on input line 32961.


LaTeX Warning: Reference `algebra-section-unramified' on page 332 undefined on 
input line 32986.


LaTeX Warning: Reference `algebra-proposition-characterize-separable-field-exte
nsions' on page 332 undefined on input line 33002.

[332] <xymatrix 2x2 154>

LaTeX Warning: Reference `algebra-lemma-Noetherian-normal-domain-finite-separab
le-extension' on page 333 undefined on input line 33018.


LaTeX Warning: Reference `algebra-lemma-integral-sub-dim-equal' on page 333 und
efined on input line 33020.


LaTeX Warning: Reference `algebra-lemma-characterize-Dedekind' on page 333 unde
fined on input line 33022.


LaTeX Warning: Reference `algebra-lemma-finite-extension-dim-1' on page 333 und
efined on input line 33033.


LaTeX Warning: Reference `algebra-lemma-finite-over-henselian' on page 333 unde
fined on input line 33036.

[333]

LaTeX Warning: Reference `fields-definition-normal-closure' on page 334 undefin
ed on input line 33103.


LaTeX Warning: Reference `fields-lemma-normal-closure-galois' on page 334 undef
ined on input line 33104.


LaTeX Warning: Reference `fields-lemma-normal-closure-tensor-product' on page 3
34 undefined on input line 33110.


LaTeX Warning: Reference `algebra-lemma-characterize-etale' on page 334 undefin
ed on input line 33115.


LaTeX Warning: Reference `algebra-lemma-etale' on page 334 undefined on input l
ine 33121.

[334]

LaTeX Warning: Reference `fields-lemma-normal-and-automorphisms' on page 335 un
defined on input line 33297.


LaTeX Warning: Reference `fields-definition-insep-degree' on page 335 undefined
 on input line 33299.

[335]

LaTeX Warning: Reference `fields-section-roots-of-1' on page 336 undefined on i
nput line 33342.


LaTeX Warning: Reference `algebra-lemma-characterize-separable-algebraic-field-
extensions' on page 336 undefined on input line 33396.

[336]

LaTeX Warning: Reference `pione-lemma-inertial-invariants-unramified' on page 3
37 undefined on input line 33472.


LaTeX Warning: Reference `fields-lemma-galois-over-fixed-field' on page 337 und
efined on input line 33500.


LaTeX Warning: Reference `algebra-lemma-finite-extension-dim-1' on page 337 und
efined on input line 33505.

[337]

LaTeX Warning: Reference `fields-lemma-finite-Galois' on page 338 undefined on 
input line 33533.


LaTeX Warning: Reference `algebra-lemma-characterize-etale' on page 338 undefin
ed on input line 33534.

<xymatrix 5x2 484>

LaTeX Warning: Reference `fields-section-galois-theory' on page 338 undefined o
n input line 33596.

[338] <xymatrix 2x2 154> <xymatrix 2x2 181>

LaTeX Warning: Reference `fields-lemma-lift-maps' on page 339 undefined on inpu
t line 33668.

<xymatrix 2x2 181> [339] [340] <xymatrix 2x2 154> <xymatrix 2x2 154>

LaTeX Warning: Reference `algebra-lemma-integral-closure-Dedekind' on page 341 
undefined on input line 33907.


LaTeX Warning: Reference `algebra-lemma-integral-overring-surjective' on page 3
41 undefined on input line 33915.

[341] <xymatrix 2x2 154>

LaTeX Warning: Reference `algebra-lemma-finite-over-henselian' on page 342 unde
fined on input line 33935.


LaTeX Warning: Reference `algebra-lemma-Noetherian-normal-domain-finite-separab
le-extension' on page 342 undefined on input line 33947.


LaTeX Warning: Reference `fields-lemma-subfields-kummer' on page 342 undefined 
on input line 33987.

[342] <xymatrix 2x2 154> [343] <xymatrix 2x2 154> <xymatrix 2x2 182> [344]
[345]

LaTeX Warning: Reference `fields-definition-normal-closure' on page 346 undefin
ed on input line 34277.


LaTeX Warning: Reference `fields-lemma-normal-closure-galois' on page 346 undef
ined on input line 34278.


LaTeX Warning: Reference `fields-lemma-normal-closure-tensor-product' on page 3
46 undefined on input line 34284.


LaTeX Warning: Reference `algebra-lemma-characterize-etale' on page 346 undefin
ed on input line 34289.

[346] <xymatrix 2x2 154> <xymatrix 3x2 264> [347] [348] <xymatrix 2x2 154>

LaTeX Warning: Reference `algebra-lemma-colimit-finite-etale-given-residue-fiel
d' on page 349 undefined on input line 34577.


LaTeX Warning: Reference `algebra-lemma-strictly-henselian-functorial-prepare' 
on page 349 undefined on input line 34588.

[349] [350]

LaTeX Warning: Reference `algebra-lemma-nagata-pth-roots' on page 351 undefined
 on input line 34742.


LaTeX Warning: Reference `algebra-proposition-characterize-separable-field-exte
nsions' on page 351 undefined on input line 34758.


LaTeX Warning: Reference `fields-section-Artin-Schreier' on page 351 undefined 
on input line 34791.

[351]

LaTeX Warning: Reference `fields-lemma-Artin-Schreier' on page 352 undefined on
 input line 34834.

[352] [353]

Package amsmath Warning: Foreign command \atopwithdelims;
(amsmath)                \frac or \genfrac should be used instead
(amsmath)                 on input line 35008.


LaTeX Warning: Reference `fields-section-Kummer' on page 354 undefined on input
 line 35048.

[354]

LaTeX Warning: Reference `fields-lemma-Kummer' on page 355 undefined on input l
ine 35104.

[355] [356] [357]

LaTeX Warning: Reference `algebra-lemma-Noetherian-complete-local-Nagata' on pa
ge 358 undefined on input line 35388.


LaTeX Warning: Reference `algebra-section-completion' on page 358 undefined on 
input line 35392.


LaTeX Warning: Reference `fields-lemma-normal-closure' on page 358 undefined on
 input line 35403.

[358]

LaTeX Warning: Reference `fields-lemma-normal-case' on page 359 undefined on in
put line 35421.


LaTeX Warning: Reference `fields-lemma-normal-closure' on page 359 undefined on
 input line 35435.

[359] <xymatrix 2x2 154> [360]

LaTeX Warning: Reference `algebra-theorem-cohen-structure-theorem' on page 361 
undefined on input line 35605.


LaTeX Warning: Reference `algebra-lemma-finite-over-complete-ring' on page 361 
undefined on input line 35635.

[361]

LaTeX Warning: Reference `algebra-lemma-domain-char-p-N-1-2' on page 362 undefi
ned on input line 35677.


LaTeX Warning: Reference `algebra-lemma-separable-extension-preserves-reducedne
ss' on page 362 undefined on input line 35680.


LaTeX Warning: Reference `algebra-lemma-radicial-integral-bijective' on page 36
2 undefined on input line 35681.


LaTeX Warning: Reference `algebra-lemma-descend-properties-modules' on page 362
 undefined on input line 35687.

<xymatrix 2x2 154> <xymatrix 2x2 168> [362] <xymatrix 2x2 154> <xymatrix 2x2
168>

LaTeX Warning: Reference `algebra-lemma-separable-extension-preserves-reducedne
ss' on page 363 undefined on input line 35794.


LaTeX Warning: Reference `fields-lemma-finite-purely-inseparable' on page 363 u
ndefined on input line 35810.

[363] <xymatrix 2x2 168> <xymatrix 2x2 168>

LaTeX Warning: Reference `fields-definition-insep-degree' on page 364 undefined
 on input line 35911.


LaTeX Warning: Reference `fields-lemma-separable-first' on page 364 undefined o
n input line 35915.


LaTeX Warning: Reference `fields-lemma-finite-purely-inseparable' on page 364 u
ndefined on input line 35916.


LaTeX Warning: Reference `fields-lemma-multiplicativity-all-degrees' on page 36
4 undefined on input line 35921.

[364]

LaTeX Warning: Reference `algebra-lemma-integral-sub-dim-equal' on page 365 und
efined on input line 35943.


LaTeX Warning: Reference `algebra-lemma-krull-akizuki' on page 365 undefined on
 input line 35950.


LaTeX Warning: Reference `algebra-lemma-finite-extension-residue-fields-dimensi
on-1' on page 365 undefined on input line 35955.

[365] <xymatrix 5x2 280>

LaTeX Warning: Reference `algebra-lemma-nagata-localize' on page 366 undefined 
on input line 36086.


LaTeX Warning: Reference `algebra-proposition-nagata-universally-japanese' on p
age 366 undefined on input line 36087.

[366]

LaTeX Warning: Reference `algebra-lemma-cover' on page 367 undefined on input l
ine 36134.


LaTeX Warning: Reference `algebra-lemma-finite-projective' on page 367 undefine
d on input line 36163.

[367]

LaTeX Warning: Reference `algebra-lemma-cover' on page 368 undefined on input l
ine 36210.


LaTeX Warning: Reference `algebra-lemma-finite-projective' on page 368 undefine
d on input line 36235.


LaTeX Warning: Reference `algebra-lemma-disjoint-decomposition' on page 368 und
efined on input line 36237.


LaTeX Warning: Reference `algebra-lemma-disjoint-implies-product' on page 368 u
ndefined on input line 36238.

[368] <xymatrix 5x2 437> <xymatrix 2x2 188> [369] <xymatrix 2x2 154> <xymatrix
2x2 168>
Overfull \hbox (8.80411pt too wide) in paragraph at lines 36448--36455
\T1/lmr/m/n/10 for all $\OML/lmm/m/it/10 k \OMS/lmsy/m/n/10 ^^U \OT1/lmr/m/n/10
 1$\T1/lmr/m/n/10 . Ex-pand-ing we see that it suf-fices to prove $[]\OT1/lmr/m
/n/10 ((\OML/lmm/m/it/10 AB\OT1/lmr/m/n/10 )[]) = []((\OML/lmm/m/it/10 BA\OT1/l
mr/m/n/10 )[])$
 []


LaTeX Warning: Reference `algebra-section-K-groups' on page 370 undefined on in
put line 36458.

[370]

LaTeX Warning: Reference `algebra-section-K-groups' on page 371 undefined on in
put line 36488.

[371]

LaTeX Warning: Reference `derived-lemma-morphisms-from-projective-complex' on p
age 372 undefined on input line 36558.


LaTeX Warning: Reference `derived-definition-cone' on page 372 undefined on inp
ut line 36563.


LaTeX Warning: Reference `derived-section-canonical-delta-functor' on page 372 
undefined on input line 36566.


LaTeX Warning: Reference `derived-definition-K-zero' on page 372 undefined on i
nput line 36589.


LaTeX Warning: Reference `derived-section-canonical-delta-functor' on page 372 
undefined on input line 36598.


LaTeX Warning: Reference `homology-section-truncations' on page 372 undefined o
n input line 36607.


LaTeX Warning: Reference `homology-section-jordan-holder' on page 372 undefined
 on input line 36635.

[372]

LaTeX Warning: Reference `homology-lemma-finite-length' on page 373 undefined o
n input line 36652.


LaTeX Warning: Reference `homology-lemma-jordan-holder' on page 373 undefined o
n input line 36674.


Overfull \hbox (3.40192pt too wide) in paragraph at lines 36712--36719
[]\T1/lmr/m/n/10 Observe that the state-ment makes sense as $[][]\OT1/lmr/m/n/1
0 (\OML/lmm/m/it/10 M[]\OT1/lmr/m/n/10 ) = [][](\OML/lmm/m/it/10 M[]\OT1/lmr/m/
n/10 )[\OML/lmm/m/it/10 ^^T[] \OT1/lmr/m/n/10 :
 []

[373]

LaTeX Warning: Reference `algebra-lemma-construct-fp-module' on page 374 undefi
ned on input line 36789.


LaTeX Warning: Reference `algebra-proposition-regular-finite-gl-dim' on page 37
4 undefined on input line 36790.


LaTeX Warning: Reference `algebra-lemma-regular-domain' on page 374 undefined o
n input line 36807.


LaTeX Warning: Reference `algebra-lemma-regular-ring-CM' on page 374 undefined 
on input line 36812.


LaTeX Warning: Reference `algebra-lemma-regular-domain' on page 374 undefined o
n input line 36814.


LaTeX Warning: Reference `algebra-lemma-characterize-UFD-height-1' on page 374 
undefined on input line 36818.


LaTeX Warning: Reference `algebra-lemma-localization-of-regular-local-is-regula
r' on page 374 undefined on input line 36823.


LaTeX Warning: Reference `algebra-lemma-finite-projective' on page 374 undefine
d on input line 36828.


LaTeX Warning: Reference `algebra-lemma-factorization-exists' on page 374 undef
ined on input line 36834.


LaTeX Warning: Reference `algebra-lemma-invert-prime-elements' on page 374 unde
fined on input line 36840.

[374]

LaTeX Warning: Reference `algebra-lemma-construct-fp-module' on page 375 undefi
ned on input line 36862.

[375] <xymatrix 3x2 145> <xymatrix 5x2 437> <xymatrix 5x2 451> <xymatrix 2x2
168> [376]

LaTeX Warning: Reference `algebra-lemma-fun' on page 377 undefined on input lin
e 37074.


LaTeX Warning: Reference `derived-lemma-morphisms-from-projective-complex' on p
age 377 undefined on input line 37157.

[377] <xymatrix 3x2 145> <xymatrix 3x2 145> <xymatrix 3x2 124> <xymatrix 3x2
124> <xymatrix 5x3 322> [378] <xymatrix 2x2 154> <xymatrix 3x2 124> <xymatrix
2x2 168> [379]

LaTeX Warning: Reference `algebra-lemma-x-or-x-inverse-valuation-ring' on page 
380 undefined on input line 37386.


LaTeX Warning: Reference `algebra-lemma-integral-overring-surjective' on page 3
80 undefined on input line 37387.


LaTeX Warning: Reference `algebra-lemma-characterize-dvr' on page 380 undefined
 on input line 37403.


LaTeX Warning: Reference `algebra-lemma-minimal-over-1' on page 380 undefined o
n input line 37408.

[380]

LaTeX Warning: Reference `algebra-lemma-normal-domain-intersection-localization
s-height-1' on page 381 undefined on input line 37448.


LaTeX Warning: Reference `algebra-lemma-normal-domain-intersection-localization
s-height-1' on page 381 undefined on input line 37465.


LaTeX Warning: Reference `algebra-lemma-finite-projective-descends' on page 381
 undefined on input line 37469.


LaTeX Warning: Reference `algebra-lemma-normal-domain-intersection-localization
s-height-1' on page 381 undefined on input line 37475.


LaTeX Warning: Reference `algebra-lemma-valuation-ring-normal' on page 381 unde
fined on input line 37505.


LaTeX Warning: Reference `algebra-proposition-ubiquity-nagata' on page 381 unde
fined on input line 37509.


LaTeX Warning: Reference `algebra-lemma-etale' on page 381 undefined on input l
ine 37512.

[381]

LaTeX Warning: Reference `algebra-lemma-normal-goes-up' on page 382 undefined o
n input line 37522.


LaTeX Warning: Reference `algebra-lemma-finite-in-codim-1' on page 382 undefine
d on input line 37525.


LaTeX Warning: Reference `algebra-lemma-henselization-different' on page 382 un
defined on input line 37549.


LaTeX Warning: Reference `algebra-lemma-colimit-valuation-rings' on page 382 un
defined on input line 37557.


LaTeX Warning: Reference `algebra-lemma-henselization-different' on page 382 un
defined on input line 37562.


LaTeX Warning: Reference `algebra-lemma-strict-henselization-different' on page
 382 undefined on input line 37563.

[382]

LaTeX Warning: Reference `algebra-lemma-valuation-ring-x-or-x-inverse' on page 
383 undefined on input line 37671.


LaTeX Warning: Reference `algebra-lemma-NAK' on page 383 undefined on input lin
e 37699.

[383]

LaTeX Warning: Reference `algebra-lemma-extension' on page 384 undefined on inp
ut line 37719.


LaTeX Warning: Reference `algebra-lemma-characterize-zero-local' on page 384 un
defined on input line 37760.


LaTeX Warning: Reference `algebra-lemma-hom-from-finitely-presented' on page 38
4 undefined on input line 37772.

[384]

LaTeX Warning: Reference `algebra-lemma-characterize-valuation-ring' on page 38
5 undefined on input line 37842.


LaTeX Warning: Reference `algebra-proposition-dimension-zero-ring' on page 385 
undefined on input line 37904.

[385]

LaTeX Warning: Reference `algebra-lemma-support-point' on page 386 undefined on
 input line 37993.


LaTeX Warning: Reference `algebra-lemma-length-additive' on page 386 undefined 
on input line 38004.

[386]

LaTeX Warning: Reference `algebra-lemma-support-point' on page 387 undefined on
 input line 38052.


LaTeX Warning: Reference `algebra-lemma-Noetherian-power-ideal-kills-module' on
 page 387 undefined on input line 38056.

<xymatrix 5x2 446>

LaTeX Warning: Reference `algebra-lemma-snake' on page 387 undefined on input l
ine 38067.


LaTeX Warning: Reference `algebra-lemma-one-equation' on page 387 undefined on 
input line 38096.


LaTeX Warning: Reference `algebra-proposition-dimension' on page 387 undefined 
on input line 38099.

[387]

LaTeX Warning: Reference `algebra-lemma-Noetherian-power' on page 388 undefined
 on input line 38126.


LaTeX Warning: Reference `algebra-lemma-characterize-dvr' on page 388 undefined
 on input line 38151.


LaTeX Warning: Reference `algebra-lemma-criterion-normal' on page 388 undefined
 on input line 38152.


LaTeX Warning: Reference `algebra-lemma-zero-at-ass-zero' on page 388 undefined
 on input line 38169.


LaTeX Warning: Reference `algebra-lemma-normal-domain-intersection-localization
s-height-1' on page 388 undefined on input line 38170.


LaTeX Warning: Reference `algebra-lemma-minimal-over-1' on page 388 undefined o
n input line 38177.


LaTeX Warning: Reference `algebra-lemma-normal-domain-intersection-localization
s-height-1' on page 388 undefined on input line 38178.


LaTeX Warning: Reference `algebra-lemma-length-independent' on page 388 undefin
ed on input line 38187.

[388]

LaTeX Warning: Reference `algebra-lemma-silly' on page 389 undefined on input l
ine 38222.


LaTeX Warning: Reference `algebra-lemma-normal-domain-intersection-localization
s-height-1' on page 389 undefined on input line 38254.


LaTeX Warning: Reference `algebra-proposition-hilbert-function-polynomial' on p
age 389 undefined on input line 38271.


LaTeX Warning: Reference `algebra-proposition-dimension' on page 389 undefined 
on input line 38273.

[389]

LaTeX Warning: Reference `algebra-lemma-support-dimension-d' on page 390 undefi
ned on input line 38332.


LaTeX Warning: Reference `algebra-lemma-hilbert-ses-chi' on page 390 undefined 
on input line 38333.


LaTeX Warning: Reference `algebra-lemma-support-dimension-d' on page 390 undefi
ned on input line 38342.


LaTeX Warning: Reference `algebra-lemma-Noetherian-power' on page 390 undefined
 on input line 38368.

[390]

LaTeX Warning: Reference `algebra-lemma-characterize-dvr' on page 391 undefined
 on input line 38416.


LaTeX Warning: Reference `algebra-lemma-criterion-normal' on page 391 undefined
 on input line 38417.


LaTeX Warning: Reference `algebra-lemma-zero-at-ass-zero' on page 391 undefined
 on input line 38433.


LaTeX Warning: Reference `algebra-lemma-normal-domain-intersection-localization
s-height-1' on page 391 undefined on input line 38434.


LaTeX Warning: Reference `algebra-lemma-minimal-over-1' on page 391 undefined o
n input line 38442.


LaTeX Warning: Reference `algebra-lemma-normal-domain-intersection-localization
s-height-1' on page 391 undefined on input line 38443.


LaTeX Warning: Reference `algebra-lemma-length-independent' on page 391 undefin
ed on input line 38456.


LaTeX Warning: Reference `algebra-lemma-silly' on page 391 undefined on input l
ine 38487.

[391]

LaTeX Warning: Reference `categories-definition-dual' on page 392 undefined on 
input line 38586.


LaTeX Warning: Reference `categories-definition-dual' on page 392 undefined on 
input line 38603.

[392] <xymatrix 4x2 275>

LaTeX Warning: Reference `derived-lemma-subcategory-left-resolution' on page 39
3 undefined on input line 38644.


LaTeX Warning: Reference `categories-definition-invertible' on page 393 undefin
ed on input line 38662.


LaTeX Warning: Reference `algebra-lemma-disjoint-implies-product' on page 393 u
ndefined on input line 38705.

[393]

LaTeX Warning: Reference `algebra-lemma-hom-from-finitely-presented' on page 39
4 undefined on input line 38781.


LaTeX Warning: Reference `algebra-lemma-chinese-remainder' on page 394 undefine
d on input line 38803.

[394]

LaTeX Warning: Reference `topology-section-catenary-spaces' on page 395 undefin
ed on input line 38833.


LaTeX Warning: Reference `topology-section-noetherian' on page 395 undefined on
 input line 38836.


LaTeX Warning: Reference `algebra-lemma-chinese-remainder' on page 395 undefine
d on input line 38877.

[395]

LaTeX Warning: Reference `algebra-lemma-localization-colimit' on page 396 undef
ined on input line 38935.


LaTeX Warning: Reference `algebra-lemma-colimit-category-fp-modules' on page 39
6 undefined on input line 38936.


LaTeX Warning: Reference `algebra-lemma-universally-injective-check-stalks' on 
page 396 undefined on input line 38949.


LaTeX Warning: Reference `algebra-lemma-universally-exact-split' on page 396 un
defined on input line 38951.

[396]

LaTeX Warning: Reference `algebra-theorem-projective-free-over-local-ring' on p
age 397 undefined on input line 39037.


LaTeX Warning: Reference `algebra-lemma-contained-in-radical' on page 397 undef
ined on input line 39050.


LaTeX Warning: Reference `algebra-lemma-tor-noetherian' on page 397 undefined o
n input line 39074.

[397] [398] (chapters.tex

LaTeX Warning: Hyper reference `introduction-section-phantom' on page 399 undef
ined on input line 5.


LaTeX Warning: Hyper reference `conventions-section-phantom' on page 399 undefi
ned on input line 6.


LaTeX Warning: Hyper reference `sets-section-phantom' on page 399 undefined on 
input line 7.


LaTeX Warning: Hyper reference `categories-section-phantom' on page 399 undefin
ed on input line 8.


LaTeX Warning: Hyper reference `topology-section-phantom' on page 399 undefined
 on input line 9.


LaTeX Warning: Hyper reference `sheaves-section-phantom' on page 399 undefined 
on input line 10.


LaTeX Warning: Hyper reference `sites-section-phantom' on page 399 undefined on
 input line 11.


LaTeX Warning: Hyper reference `stacks-section-phantom' on page 399 undefined o
n input line 12.


LaTeX Warning: Hyper reference `fields-section-phantom' on page 399 undefined o
n input line 13.


LaTeX Warning: Hyper reference `algebra-section-phantom' on page 399 undefined 
on input line 14.


LaTeX Warning: Hyper reference `brauer-section-phantom' on page 399 undefined o
n input line 15.


LaTeX Warning: Hyper reference `homology-section-phantom' on page 399 undefined
 on input line 16.


LaTeX Warning: Hyper reference `derived-section-phantom' on page 399 undefined 
on input line 17.


LaTeX Warning: Hyper reference `simplicial-section-phantom' on page 399 undefin
ed on input line 18.


LaTeX Warning: Hyper reference `smoothing-section-phantom' on page 399 undefine
d on input line 20.


LaTeX Warning: Hyper reference `modules-section-phantom' on page 399 undefined 
on input line 21.


LaTeX Warning: Hyper reference `sites-modules-section-phantom' on page 399 unde
fined on input line 22.


LaTeX Warning: Hyper reference `injectives-section-phantom' on page 399 undefin
ed on input line 23.


LaTeX Warning: Hyper reference `cohomology-section-phantom' on page 399 undefin
ed on input line 24.


LaTeX Warning: Hyper reference `sites-cohomology-section-phantom' on page 399 u
ndefined on input line 25.


LaTeX Warning: Hyper reference `dga-section-phantom' on page 399 undefined on i
nput line 26.


LaTeX Warning: Hyper reference `dpa-section-phantom' on page 399 undefined on i
nput line 27.


LaTeX Warning: Hyper reference `sdga-section-phantom' on page 399 undefined on 
input line 28.


LaTeX Warning: Hyper reference `hypercovering-section-phantom' on page 399 unde
fined on input line 29.


LaTeX Warning: Hyper reference `schemes-section-phantom' on page 399 undefined 
on input line 34.


LaTeX Warning: Hyper reference `constructions-section-phantom' on page 399 unde
fined on input line 35.


LaTeX Warning: Hyper reference `properties-section-phantom' on page 399 undefin
ed on input line 36.


LaTeX Warning: Hyper reference `morphisms-section-phantom' on page 399 undefine
d on input line 37.


LaTeX Warning: Hyper reference `coherent-section-phantom' on page 399 undefined
 on input line 38.


LaTeX Warning: Hyper reference `divisors-section-phantom' on page 399 undefined
 on input line 39.


LaTeX Warning: Hyper reference `limits-section-phantom' on page 399 undefined o
n input line 40.


LaTeX Warning: Hyper reference `varieties-section-phantom' on page 399 undefine
d on input line 41.


LaTeX Warning: Hyper reference `topologies-section-phantom' on page 399 undefin
ed on input line 42.


LaTeX Warning: Hyper reference `descent-section-phantom' on page 399 undefined 
on input line 43.


LaTeX Warning: Hyper reference `perfect-section-phantom' on page 399 undefined 
on input line 44.


LaTeX Warning: Hyper reference `more-morphisms-section-phantom' on page 399 und
efined on input line 45.


LaTeX Warning: Hyper reference `flat-section-phantom' on page 399 undefined on 
input line 46.


LaTeX Warning: Hyper reference `groupoids-section-phantom' on page 399 undefine
d on input line 47.


LaTeX Warning: Hyper reference `more-groupoids-section-phantom' on page 399 und
efined on input line 48.


LaTeX Warning: Hyper reference `etale-section-phantom' on page 399 undefined on
 input line 49.


LaTeX Warning: Hyper reference `chow-section-phantom' on page 399 undefined on 
input line 54.


LaTeX Warning: Hyper reference `intersection-section-phantom' on page 399 undef
ined on input line 55.


LaTeX Warning: Hyper reference `pic-section-phantom' on page 399 undefined on i
nput line 56.


LaTeX Warning: Hyper reference `weil-section-phantom' on page 399 undefined on 
input line 57.


LaTeX Warning: Hyper reference `adequate-section-phantom' on page 399 undefined
 on input line 58.


LaTeX Warning: Hyper reference `dualizing-section-phantom' on page 399 undefine
d on input line 59.


LaTeX Warning: Hyper reference `duality-section-phantom' on page 399 undefined 
on input line 60.


LaTeX Warning: Hyper reference `discriminant-section-phantom' on page 399 undef
ined on input line 61.


LaTeX Warning: Hyper reference `derham-section-phantom' on page 399 undefined o
n input line 62.


LaTeX Warning: Hyper reference `local-cohomology-section-phantom' on page 399 u
ndefined on input line 63.


LaTeX Warning: Hyper reference `algebraization-section-phantom' on page 399 und
efined on input line 64.


LaTeX Warning: Hyper reference `curves-section-phantom' on page 399 undefined o
n input line 65.


LaTeX Warning: Hyper reference `resolve-section-phantom' on page 399 undefined 
on input line 66.


LaTeX Warning: Hyper reference `models-section-phantom' on page 399 undefined o
n input line 67.


LaTeX Warning: Hyper reference `functors-section-phantom' on page 399 undefined
 on input line 68.


LaTeX Warning: Hyper reference `equiv-section-phantom' on page 399 undefined on
 input line 69.


LaTeX Warning: Hyper reference `pione-section-phantom' on page 399 undefined on
 input line 70.


LaTeX Warning: Hyper reference `etale-cohomology-section-phantom' on page 399 u
ndefined on input line 71.


LaTeX Warning: Hyper reference `crystalline-section-phantom' on page 399 undefi
ned on input line 72.


LaTeX Warning: Hyper reference `proetale-section-phantom' on page 399 undefined
 on input line 73.


LaTeX Warning: Hyper reference `relative-cycles-section-phantom' on page 399 un
defined on input line 74.


LaTeX Warning: Hyper reference `more-etale-section-phantom' on page 399 undefin
ed on input line 75.


LaTeX Warning: Hyper reference `trace-section-phantom' on page 399 undefined on
 input line 76.


LaTeX Warning: Hyper reference `spaces-section-phantom' on page 399 undefined o
n input line 81.


LaTeX Warning: Hyper reference `spaces-properties-section-phantom' on page 399 
undefined on input line 82.


LaTeX Warning: Hyper reference `spaces-morphisms-section-phantom' on page 399 u
ndefined on input line 83.


LaTeX Warning: Hyper reference `decent-spaces-section-phantom' on page 399 unde
fined on input line 84.


LaTeX Warning: Hyper reference `spaces-cohomology-section-phantom' on page 399 
undefined on input line 85.


LaTeX Warning: Hyper reference `spaces-limits-section-phantom' on page 399 unde
fined on input line 86.


LaTeX Warning: Hyper reference `spaces-divisors-section-phantom' on page 399 un
defined on input line 87.


LaTeX Warning: Hyper reference `spaces-over-fields-section-phantom' on page 399
 undefined on input line 88.


LaTeX Warning: Hyper reference `spaces-topologies-section-phantom' on page 399 
undefined on input line 89.


LaTeX Warning: Hyper reference `spaces-descent-section-phantom' on page 399 und
efined on input line 90.


LaTeX Warning: Hyper reference `spaces-perfect-section-phantom' on page 399 und
efined on input line 91.


LaTeX Warning: Hyper reference `spaces-more-morphisms-section-phantom' on page 
399 undefined on input line 92.


LaTeX Warning: Hyper reference `spaces-flat-section-phantom' on page 399 undefi
ned on input line 93.


LaTeX Warning: Hyper reference `spaces-groupoids-section-phantom' on page 399 u
ndefined on input line 94.


LaTeX Warning: Hyper reference `spaces-more-groupoids-section-phantom' on page 
399 undefined on input line 95.


LaTeX Warning: Hyper reference `bootstrap-section-phantom' on page 399 undefine
d on input line 96.


LaTeX Warning: Hyper reference `spaces-pushouts-section-phantom' on page 399 un
defined on input line 97.


LaTeX Warning: Hyper reference `spaces-chow-section-phantom' on page 399 undefi
ned on input line 102.


LaTeX Warning: Hyper reference `groupoids-quotients-section-phantom' on page 39
9 undefined on input line 103.


LaTeX Warning: Hyper reference `spaces-more-cohomology-section-phantom' on page
 399 undefined on input line 104.

[399]

LaTeX Warning: Hyper reference `spaces-simplicial-section-phantom' on page 400 
undefined on input line 105.


LaTeX Warning: Hyper reference `spaces-duality-section-phantom' on page 400 und
efined on input line 106.


LaTeX Warning: Hyper reference `formal-spaces-section-phantom' on page 400 unde
fined on input line 107.


LaTeX Warning: Hyper reference `restricted-section-phantom' on page 400 undefin
ed on input line 108.


LaTeX Warning: Hyper reference `spaces-resolve-section-phantom' on page 400 und
efined on input line 109.


LaTeX Warning: Hyper reference `formal-defos-section-phantom' on page 400 undef
ined on input line 114.


LaTeX Warning: Hyper reference `defos-section-phantom' on page 400 undefined on
 input line 115.


LaTeX Warning: Hyper reference `cotangent-section-phantom' on page 400 undefine
d on input line 116.


LaTeX Warning: Hyper reference `examples-defos-section-phantom' on page 400 und
efined on input line 117.


LaTeX Warning: Hyper reference `algebraic-section-phantom' on page 400 undefine
d on input line 122.


LaTeX Warning: Hyper reference `examples-stacks-section-phantom' on page 400 un
defined on input line 123.


LaTeX Warning: Hyper reference `stacks-sheaves-section-phantom' on page 400 und
efined on input line 124.


LaTeX Warning: Hyper reference `criteria-section-phantom' on page 400 undefined
 on input line 125.


LaTeX Warning: Hyper reference `artin-section-phantom' on page 400 undefined on
 input line 126.


LaTeX Warning: Hyper reference `quot-section-phantom' on page 400 undefined on 
input line 127.


LaTeX Warning: Hyper reference `stacks-properties-section-phantom' on page 400 
undefined on input line 128.


LaTeX Warning: Hyper reference `stacks-morphisms-section-phantom' on page 400 u
ndefined on input line 129.


LaTeX Warning: Hyper reference `stacks-limits-section-phantom' on page 400 unde
fined on input line 130.


LaTeX Warning: Hyper reference `stacks-cohomology-section-phantom' on page 400 
undefined on input line 131.


LaTeX Warning: Hyper reference `stacks-perfect-section-phantom' on page 400 und
efined on input line 132.


LaTeX Warning: Hyper reference `stacks-introduction-section-phantom' on page 40
0 undefined on input line 133.


LaTeX Warning: Hyper reference `stacks-more-morphisms-section-phantom' on page 
400 undefined on input line 134.


LaTeX Warning: Hyper reference `stacks-geometry-section-phantom' on page 400 un
defined on input line 135.


LaTeX Warning: Hyper reference `moduli-section-phantom' on page 400 undefined o
n input line 140.


LaTeX Warning: Hyper reference `moduli-curves-section-phantom' on page 400 unde
fined on input line 141.


LaTeX Warning: Hyper reference `examples-section-phantom' on page 400 undefined
 on input line 146.


LaTeX Warning: Hyper reference `exercises-section-phantom' on page 400 undefine
d on input line 147.


LaTeX Warning: Hyper reference `guide-section-phantom' on page 400 undefined on
 input line 148.


LaTeX Warning: Hyper reference `desirables-section-phantom' on page 400 undefin
ed on input line 149.


LaTeX Warning: Hyper reference `coding-section-phantom' on page 400 undefined o
n input line 150.


LaTeX Warning: Hyper reference `obsolete-section-phantom' on page 400 undefined
 on input line 151.


LaTeX Warning: Hyper reference `fdl-section-phantom' on page 400 undefined on i
nput line 152.


LaTeX Warning: Hyper reference `index-section-phantom' on page 400 undefined on
 input line 153.

) (more-algebra.bbl
Underfull \vbox (badness 5119) has occurred while \output is active []

 [400])
[401] (more-algebra.aux)
 ***********
LaTeX2e <2025-11-01>
L3 programming layer <2026-03-20>
 ***********


LaTeX Warning: There were undefined references.

Package rerunfilecheck Info: File `more-algebra.out' has not changed.
(rerunfilecheck)             Checksum: 44684C8C580D7104540B32A3E4CD2C7B;27552.
 ) 
Here is how much of TeX's memory you used:
 19402 strings out of 467691
 345705 string characters out of 5414503
 779057 words of memory out of 5000000
 45065 multiletter control sequences out of 15000+600000
 707591 words of font info for 97 fonts, out of 8000000 for 9000
 1302 hyphenation exceptions out of 8191
 80i,18n,82p,3242b,1180s stack positions out of 10000i,1000n,20000p,200000b,200000s
<<USER_ROOT>/AppData/Local/Programs/MiKTeX/fonts/type1/public/amsfonts/eu
ler/eufm10.pfb><<USER_ROOT>/AppData/Local/Programs/MiKTeX/fonts/type1/publi
c/amsfonts/euler/eufm5.pfb><<USER_ROOT>/AppData/Local/Programs/MiKTeX/fonts
/type1/public/amsfonts/euler/eufm7.pfb><<USER_ROOT>/AppData/Local/Programs/
MiKTeX/fonts/type1/public/lm/lmbx10.pfb><<USER_ROOT>/AppData/Local/Programs
/MiKTeX/fonts/type1/public/lm/lmbx5.pfb><<USER_ROOT>/AppData/Local/Programs
/MiKTeX/fonts/type1/public/lm/lmbx6.pfb><<USER_ROOT>/AppData/Local/Programs
/MiKTeX/fonts/type1/public/lm/lmbx7.pfb><<USER_ROOT>/AppData/Local/Programs
/MiKTeX/fonts/type1/public/lm/lmbx8.pfb><<USER_ROOT>/AppData/Local/Programs
/MiKTeX/fonts/type1/public/lm/lmex10.pfb><<USER_ROOT>/AppData/Local/Program
s/MiKTeX/fonts/type1/public/lm/lmmi10.pfb><<USER_ROOT>/AppData/Local/Progra
ms/MiKTeX/fonts/type1/public/lm/lmmi5.pfb><<USER_ROOT>/AppData/Local/Progra
ms/MiKTeX/fonts/type1/public/lm/lmmi6.pfb><<USER_ROOT>/AppData/Local/Progra
ms/MiKTeX/fonts/type1/public/lm/lmmi7.pfb><<USER_ROOT>/AppData/Local/Progra
ms/MiKTeX/fonts/type1/public/lm/lmmi8.pfb><<USER_ROOT>/AppData/Local/Progra
ms/MiKTeX/fonts/type1/public/lm/lmr10.pfb><<USER_ROOT>/AppData/Local/Progra
ms/MiKTeX/fonts/type1/public/lm/lmr5.pfb><<USER_ROOT>/AppData/Local/Program
s/MiKTeX/fonts/type1/public/lm/lmr6.pfb><<USER_ROOT>/AppData/Local/Programs
/MiKTeX/fonts/type1/public/lm/lmr7.pfb><<USER_ROOT>/AppData/Local/Programs/
MiKTeX/fonts/type1/public/lm/lmr8.pfb><<USER_ROOT>/AppData/Local/Programs/M
iKTeX/fonts/type1/public/lm/lmri10.pfb><<USER_ROOT>/AppData/Local/Programs/
MiKTeX/fonts/type1/public/lm/lmri7.pfb><<USER_ROOT>/AppData/Local/Programs/
MiKTeX/fonts/type1/public/lm/lmri8.pfb><<USER_ROOT>/AppData/Local/Programs/
MiKTeX/fonts/type1/public/lm/lmsy10.pfb><<USER_ROOT>/AppData/Local/Programs
/MiKTeX/fonts/type1/public/lm/lmsy5.pfb><<USER_ROOT>/AppData/Local/Programs
/MiKTeX/fonts/type1/public/lm/lmsy6.pfb><<USER_ROOT>/AppData/Local/Programs
/MiKTeX/fonts/type1/public/lm/lmsy7.pfb><<USER_ROOT>/AppData/Local/Programs
/MiKTeX/fonts/type1/public/lm/lmsy8.pfb><<USER_ROOT>/AppData/Local/Programs
/MiKTeX/fonts/type1/public/amsfonts/symbols/msam10.pfb><<USER_ROOT>/AppData
/Local/Programs/MiKTeX/fonts/type1/public/amsfonts/symbols/msbm10.pfb><<USER_ROOT>/AppData/Local/Programs/MiKTeX/fonts/type1/public/xypic/xyatip10.pfb><<USER_ROOT>/AppData/Local/Programs/MiKTeX/fonts/type1/public/xypic/xybtip10.p
fb>
Output written on more-algebra.pdf (401 pages, 3109314 bytes).
PDF statistics:
 7265 PDF objects out of 7423 (max. 8388607)
 2793 named destinations out of 2984 (max. 500000)
 1057 words of extra memory for PDF output out of 10000 (max. 10000000)

