topic_id,score,hit_fields,tag,full_label,file,line,kind,section_title,snippet,status
analytic-space,159,label;chapter;text,,gaga-definition-holomorphic-map-analytic-subsets,gaga.tex,68,definition,Analytic subsets of complex affine space,"egin definition egin reference ite[ 1, no. 1, pp. 3--4] GAGA Let U C r and V C s be analytic subsets. A map arphi:Uo V is holomorphic if it is continuous and composition with arphi sends every germ in O V,arphi(x) to a germ in O U,x for every x U . Equivalently, the s coordinate ",lexical_candidate_only
analytic-space,159,label;chapter;text,,gaga-proposition-algebraic-graph-holomorphic-regular,gaga.tex,740,proposition,An analytic criterion for regularity,"egin proposition Let X and Y be algebraic varieties and let f : X an o Y an be holomorphic. If its graph is the classical point set of a Zariski locally closed reduced subvariety T Ximes C Y , then f is induced by a morphism Xo Y .",lexical_candidate_only
analytic-space,159,label;chapter;text,,gaga-proposition-holomorphic-map-from-proper-is-regular,gaga.tex,1749,proposition,Chow's theorem and algebraicity,"egin proposition egin reference ite[ 4, no. 19, Proposition 15] GAGA Let X be a proper algebraic variety over C and let Y be an algebraic variety over C . Every holomorphic map f:X m an Y m an is the analytification of a unique morphism Xo Y .",lexical_candidate_only
analytic-space,139,chapter;section;text,,gaga-section-serre-analytic-spaces,gaga.tex,114,section,Serre complex analytic spaces,"Serre complex analytic spaces egin definition egin reference ite[ 1, no. 2, pp. 4--5] GAGA A complex analytic space in",lexical_candidate_only
analytic-space,138,chapter;section;text,,gaga-definition-analytic-subspace,gaga.tex,147,definition,Serre complex analytic spaces,"egin definition Let X be a Serre complex analytic space. A subset Y X is an analytic subspace if, in every analytic chart Vo U , the image of Yap V is an analytic subset of U . It has the induced analytic-space structure. When Y is closed in X , we call it a closed analytic subsp",lexical_candidate_only
analytic-space,138,chapter;section;text,,gaga-definition-serre-analytic-space,gaga.tex,117,definition,Serre complex analytic spaces,"egin definition egin reference ite[ 1, no. 2, pp. 4--5] GAGA A complex analytic space in the sense of Serre is a Hausdorff topological space X together with a subsheaf of C -algebras O X C X such that X has an open covering X=igcup V i for which every ringed space (V i, O X| V i ",lexical_candidate_only
analytic-space,138,chapter;section;text,,gaga-lemma-serre-analytic-subspaces-products,gaga.tex,156,lemma,Serre complex analytic spaces,"egin lemma egin reference ite[ 1, no. 2, p. 5] GAGA Let X and X' be Serre complex analytic spaces. egin enumerate Every analytic subspace of X is locally closed and the induced structure is independent of the chosen charts. There is a unique Serre complex analytic-space structure",lexical_candidate_only
analytic-space,117,chapter;section,,gaga-remark-serre-analytic-spaces-reduced,gaga.tex,137,remark,Serre complex analytic spaces,"egin remark [Reduced scope] Because O X is a subsheaf of a sheaf of functions, every O X,x is reduced. Thus Definition ef definition-serre-analytic-space is the reduced 1956 notion used by Serre. It does not include nilpotent analytic thickenings. Any later extension to nonreduce",lexical_candidate_only
analytic-space,115,label;text,,cohomology-lemma-equivariant-holomorphic-vector-bundle-extension-classes,cohomology.tex,20667,lemma,Cohomology with group actions,"egin lemma [Equivariant holomorphic bundle-extension classes] egin reference ite[Chapter V, 5.6, p. 219] Tohoku Let X be a complex analytic space on which a group G acts by analytic automorphisms. Let E and F be holomorphic vector bundles on X with compatible G -actions. Equivale",lexical_candidate_only
analytic-space,113,label;text,,cohomology-lemma-equivariant-holomorphic-vector-bundles-locally-free-modules,cohomology.tex,20555,lemma,Cohomology with group actions,"egin lemma [Equivariant holomorphic bundles and locally free modules] egin reference ite[Chapter V, 5.6, p. 219] Tohoku egin history This is the equivariant analytic bundle--module correspondence, not merely the algebraic definition of an equivariant module. It does not assert th",lexical_candidate_only
analytic-space,113,label;text,,cohomology-lemma-holomorphic-logarithmic-derivative-obstruction,cohomology.tex,2824,lemma,Flasque sheaves,"egin lemma [The holomorphic logarithmic-derivative obstruction] egin reference ite[Chapter III, 3.4, Remark 3, pp. 165--166] Tohoku egin history The affine formula below uses the left-torsor convention of Definition ef definition-torsor and the right logarithmic derivative (dg)g ",lexical_candidate_only
analytic-space,113,label;text,,cohomology-lemma-holomorphic-vector-bundles-locally-free-analytic-modules,cohomology.tex,20489,lemma,Cohomology with group actions,"egin lemma [Holomorphic bundles and locally free analytic modules] egin reference ite[Chapter V, 5.6, p. 219] Tohoku egin history This is the analytic bundle--module correspondence. It is separate from the scheme-theoretic vector-bundle construction and does not use GAGA. Let X b",lexical_candidate_only
analytic-space,69,chapter;text,,gaga-remark-examples-coherent-analytic-modules,gaga.tex,241,remark,Analytic modules and Oka--Cartan coherence,"egin remark [Examples] The sheaf of holomorphic sections of a holomorphic vector bundle is finite locally free and hence coherent by Theorem ef theorem-oka-cartan-coherence ; compare Cohomology, Lemma ef cohomology-lemma-holomorphic-vector-bundles-locally-free-analytic-modules . ",lexical_candidate_only
analytic-space,68,chapter;text,,gaga-lemma-algebraic-charts-analytic,gaga.tex,387,lemma,Analytification of algebraic varieties,"egin lemma Let U C n and U' C n' be Zariski locally closed reduced subsets. egin enumerate The Zariski topology on C n is coarser than its usual topology. The set U , with its reduced induced structure, is a Serre complex analytic space. A regular map f : U o U' is holomorphic. A",lexical_candidate_only
analytic-space,67,chapter;text,,gaga-corollary-compact-analytic-space-unique-algebraization,gaga.tex,1773,corollary,Chow's theorem and algebraicity,The graph f is a compact closed analytic subspace of (Ximes C Y) m an . Proposition ef proposition-compact-analytic-subspace-algebraic makes it the analytification of a closed reduced subvariety of Ximes C Y . Proposition ef proposition-algebraic-graph-holomorphic-regular therefo,lexical_candidate_only
analytic-space,67,chapter;text,,gaga-definition-analytic-module,gaga.tex,183,definition,Analytic modules and Oka--Cartan coherence,"egin definition egin reference ite[ 1, no. 3, p. 5] GAGA Let X be a Serre complex analytic space. An analytic module on X is an O X -module. It is coherent if it is coherent in the sense of Modules, Definition ef modules-definition-coherent .",lexical_candidate_only
analytic-space,67,chapter;text,,gaga-definition-analytic-subset,gaga.tex,37,definition,Analytic subsets of complex affine space,"egin definition egin reference ite[ 1, no. 1, pp. 3--4] GAGA Let n 0 and endow C n with its usual topology. A subset U C n is an analytic subset in the sense of Serre if, for every x U , there are an open neighbourhood W of x and holomorphic functions f 1, , f k on W such that U ",lexical_candidate_only
analytic-space,67,chapter;text,,gaga-lemma-analytic-germ-local-algebra,gaga.tex,283,lemma,Local analytic algebras,"egin lemma egin reference ite[ 1, no. 4, p. 6] GAGA The local analytic C -algebra O X,x determines the germ of a Serre complex analytic space X at x . More precisely, an isomorphism of local analytic C -algebras O X,x ong O Y,y is induced contravariantly by an isomorphism of anal",lexical_candidate_only
analytic-space,67,chapter;text,,gaga-lemma-coherent-analytic-closed-immersion,gaga.tex,1333,lemma,Essential surjectivity: preliminaries and reduction,"egin lemma Let i:Yo X be a closed immersion of complex analytic spaces whose structure sheaves and defining ideal are coherent. Then i * is exact and fully faithful on modules, carries coherent O Y -modules to coherent O X -modules, and its essential image consists of the coheren",lexical_candidate_only
analytic-space,67,chapter;text,,gaga-lemma-components-dimension-analytic-space,gaga.tex,331,lemma,Local analytic algebras,"egin lemma egin reference ite[ 1, no. 4, pp. 6--7] GAGA Let X be a Serre complex analytic space and x X . egin enumerate The irreducible components X i of the germ (X,x) correspond to the finitely many minimal primes p i of O X,x , and 0=igcap i p i, O X i,x = O X,x / p i. The an",lexical_candidate_only
analytic-space,67,chapter;text,,gaga-lemma-local-analytic-algebra,gaga.tex,256,lemma,Local analytic algebras,"egin lemma egin reference ite[ 1, no. 4, p. 6] GAGA Let X be a Serre complex analytic space and x X . There are an integer n 0 and a radical ideal a C\ z 1, ,z n\ such that O X,x ong C\ z 1, ,z n\ / a as local C -algebras. Its maximal ideal consists of germs vanishing at x , its ",lexical_candidate_only
analytic-space,67,chapter;text,,gaga-lemma-simple-point-regular-local,gaga.tex,303,lemma,Local analytic algebras,"egin lemma egin reference ite[ 1, no. 4, p. 6] GAGA Let X be a Serre complex analytic space and x X . The following are equivalent for n 0 : egin enumerate the germ (X,x) is isomorphic to ( C n,0) ; O X,x ong C\ z 1, ,z n\ ; O X,x is a regular local ring of dimension n in the sen",lexical_candidate_only
analytic-space,67,chapter;text,,gaga-proposition-analytification,gaga.tex,410,proposition,Analytification of algebraic varieties,"egin proposition Let X be an algebraic variety over C . There is a unique Serre complex analytic space X an with the following property: for every algebraic chart arphi : V U C n from a Zariski open V X onto a Zariski locally closed reduced subset, V is open in X an and arphi is ",lexical_candidate_only
analytic-space,67,chapter;text,,gaga-proposition-analytification-closed-ideal,gaga.tex,496,proposition,Local algebra of analytification,"egin proposition Let Z X be a Zariski locally closed reduced subvariety and let x Z( C) . After replacing X by a Zariski neighbourhood of x , view Z as closed. If J Z,x O X,x is its algebraic ideal and I Z an ,x O X an ,x is the ideal of holomorphic germs vanishing on Z an , then",lexical_candidate_only
analytic-space,67,chapter;text,,gaga-section-analytic-modules,gaga.tex,180,section,Analytic modules and Oka--Cartan coherence,"Analytic modules and Oka--Cartan coherence egin definition egin reference ite[ 1, no. 3, p. 5] GAGA Let X be a Serre complex analytic space. An",lexical_candidate_only
analytic-space,67,chapter;text,,gaga-section-analytic-regularity,gaga.tex,737,section,An analytic criterion for regularity,An analytic criterion for regularity egin proposition Let X and Y be algebraic varieties and let f : X an o Y an be holomorphic. I,lexical_candidate_only
analytic-space,67,chapter;text,,gaga-section-gaga-essential-surjectivity-preliminaries,gaga.tex,1330,section,Essential surjectivity: preliminaries and reduction,Essential surjectivity: preliminaries and reduction egin lemma Let i:Yo X be a closed immersion of complex analytic spaces whose structur,lexical_candidate_only
analytic-space,67,chapter;text,,gaga-section-local-analytic-algebras,gaga.tex,253,section,Local analytic algebras,"Local analytic algebras egin lemma egin reference ite[ 1, no. 4, p. 6] GAGA Let X be a Serre complex analytic space a",lexical_candidate_only
analytic-space,67,chapter;text,,gaga-section-phantom,gaga.tex,16,section,,preamble egin document itle Complex Analytic Spaces and GAGA ableofcontents Introduction This chapter develops the complex-analytic foundations needed to state and prove the compariso,lexical_candidate_only
analytic-space,67,chapter;text,,gaga-theorem-oka-cartan-coherence,gaga.tex,207,theorem,Analytic modules and Oka--Cartan coherence,"egin theorem [Oka--Cartan coherence] egin reference ite[ 1, Proposition 1, pp. 5--6] GAGA Let X be a Serre complex analytic space. egin enumerate The O X -module O X is coherent. If Y X is a closed analytic subspace, then its vanishing ideal J Y is a coherent O X -module.",lexical_candidate_only
analytic-space,46,chapter,,gaga-construction-analytification-cohomology-map,gaga.tex,1005,construction,The cohomology comparison map,"F z O Z,z O Z an ,z . Proposition ef proposition-analytification-closed-ideal gives O Z an ,z = O Z,z O X,z O X an ,z . Associativity of tensor product identifies the two stalks, and the identification is the stalk of the canonical map. The cohomology comparison map egin definiti",lexical_candidate_only
analytic-space,46,chapter,,gaga-corollary-number-field-embeddings-betti-numbers,gaga.tex,1630,corollary,Conjugation and Betti numbers,"h p,q (X m an ) and h p,q ((X ) m an ), respectively, where h p,q (M)=im C H q(M, p M). Finally, a smooth projective analytification is compact Kahler. Hodge decomposition (using the Dolbeault resolution and the Kahler identities), which is an external analytic input here, gives ",lexical_candidate_only
analytic-space,46,chapter,,gaga-definition-analytification-module,gaga.tex,876,definition,Analytification of modules,"egin definition egin reference ite[ 3, no. 9, Definition 2] GAGA Let X be an algebraic variety over C and let a X:X an o X be the canonical morphism of locally ringed spaces of Proposition ef proposition-analytification . For an O X -module F , its it analytification is F an =a X",lexical_candidate_only
analytic-space,46,chapter,,gaga-definition-coherent-analytic-twist,gaga.tex,1407,definition,Analytic twists and global generation,"egin definition For a coherent analytic module M on X an and n Z , set M(n)= M O X an O X(n) an . This is coherent, and the tensor compatibility of pullback gives the canonical identity F an (n)ong F(n) an for every coherent algebraic F .",lexical_candidate_only
analytic-space,46,chapter,,gaga-definition-principal-bundle-analytification-map,gaga.tex,1794,definition,Algebraic and analytic principal bundles,"egin definition egin reference ite[ 4, no. 20] GAGA Let G be an algebraic group over C and let X be an algebraic variety over C . Write H 1 m Zar (X,G) for the pointed set of isomorphism classes of Zariski locally trivial principal G -bundles and H 1 m an (X m an ,G m an ) for th",lexical_candidate_only
analytic-space,46,chapter,,gaga-definition-rational-section-condition,gaga.tex,1944,definition,Algebraic and analytic principal bundles,"egin definition egin reference ite[ 4, no. 20, condition (R)] GAGA A closed algebraic subgroup G m GL n satisfies extup (R) if the quotient exists and the projection m GL n/G m GL n has a rational section.",lexical_candidate_only
analytic-space,46,chapter,,gaga-definition-vanishing-ideal-analytic-subspace,gaga.tex,193,definition,Analytic modules and Oka--Cartan coherence,"egin definition Let i:Yo X be a closed analytic subspace. The vanishing ideal J Y O X has stalk ( J Y) x= \ f O X,x f| Y=0ext near x\ . There is a canonical isomorphism O X/ J Y i * O Y.",lexical_candidate_only
analytic-space,46,chapter,,gaga-lemma-analytic-subset-basic-properties,gaga.tex,84,lemma,Analytic subsets of complex affine space,"egin lemma Let U C n and U' C n' be analytic subsets in the sense of Definition ef definition-analytic-subset . egin enumerate The subset U is locally closed and locally compact. The stalk O U,x is a reduced local C -algebra whose residue homomorphism is evaluation at x . The sub",lexical_candidate_only
analytic-space,46,chapter,,gaga-lemma-analytification-cohomology-map-functorial,gaga.tex,1031,lemma,The cohomology comparison map,"egin lemma The maps q F are natural in F . For every short exact sequence of O X -modules, they form a morphism from the algebraic long exact cohomology sequence to the analytic long exact cohomology sequence. In particular, they commute with connecting maps.",lexical_candidate_only
analytic-space,46,chapter,,gaga-lemma-analytification-dimension,gaga.tex,631,lemma,Local algebra of analytification,"egin lemma If X is irreducible of dimension r , then X an has analytic dimension r at every point.",lexical_candidate_only
analytic-space,46,chapter,,gaga-lemma-analytification-exact-faithful-coherent,gaga.tex,919,lemma,Analytification of modules,"egin lemma egin reference ite[ 3, no. 9, Proposition 10] GAGA Let X be an algebraic variety over C . egin enumerate The functor F F an on O X -modules is exact. The map F :a X -1 Fo F an is injective for every F . If F is coherent, then F an is a coherent analytic module.",lexical_candidate_only
analytic-space,46,chapter,,gaga-lemma-analytification-internal-hom,gaga.tex,1284,lemma,Proof of full faithfulness,"egin lemma Let X be a variety over C and let F, G be coherent O X -modules. There is a canonical isomorphism O X ( F, G) an O X an ( F an , G an ).",lexical_candidate_only
analytic-space,46,chapter,,gaga-lemma-analytification-local-dimension,gaga.tex,617,lemma,Local algebra of analytification,"egin lemma For every x X( C) , im( O X,x )=im( O X an ,x ).",lexical_candidate_only
analytic-space,46,chapter,,gaga-lemma-analytification-module-stalks,gaga.tex,901,lemma,Analytification of modules,"egin lemma Let x X( C)=X an . There are canonical identifications ( F an ) x = F x O X,x O X an ,x under which ( F ) x is the map m 1 m .",lexical_candidate_only
analytic-space,46,chapter,,gaga-lemma-analytification-properties,gaga.tex,460,lemma,Analytification of algebraic varieties,"egin lemma Let X and Y be algebraic varieties over C . egin enumerate The space X an is locally compact, second countable, and countable at infinity. There is a canonical analytic isomorphism (X imes C Y) an ong X an imes Y an . If Z X is a Zariski locally closed reduced subvarie",lexical_candidate_only
analytic-space,46,chapter,,gaga-lemma-analytification-pushforward-closed-immersion,gaga.tex,964,lemma,Closed immersions and analytification,"egin lemma egin reference ite[ 3, no. 10, Proposition 11] GAGA Let i:Zo X be a closed immersion of algebraic varieties over C , and let F be a coherent O Z -module. There is a canonical isomorphism (i * F) an i an *( F an ).",lexical_candidate_only
analytic-space,46,chapter,,gaga-lemma-dense-image-contains-open,gaga.tex,706,lemma,The classical and Zariski topologies,"egin lemma Let f : X o Y be a morphism of algebraic varieties over C . If f(X) is Zariski dense in Y , then f(X) contains a Zariski open dense subset of Y .",lexical_candidate_only
analytic-space,46,chapter,,gaga-lemma-gaga-essential-surjectivity-projective-reduction,gaga.tex,1359,lemma,Essential surjectivity: preliminaries and reduction,"egin lemma Uniqueness in Theorem ef theorem-gaga-essential-surjectivity follows from Theorem ef theorem-gaga-fully-faithful . For existence, it is enough to prove the theorem when X= P r C .",lexical_candidate_only
analytic-space,46,chapter,,gaga-lemma-hyperplane-analytic-serre-vanishing,gaga.tex,1424,lemma,Analytic twists and global generation,"egin lemma Let Eong P r-1 C be a hyperplane and let A be a coherent analytic module on E an . Then H q(E an , A(n))=0 for every q>0 and all sufficiently large n .",lexical_candidate_only
analytic-space,46,chapter,,gaga-lemma-projective-analytic-cohomological-dimension,gaga.tex,1147,lemma,Proof of the cohomology comparison theorem,"egin lemma [Analytic cohomological dimension of projective space] Let r 0 and let A be a sheaf of abelian groups on P r( C) with its analytic topology. Then H q( P r( C), A)=0 for q>2r.",lexical_candidate_only
analytic-space,46,chapter,,gaga-lemma-projective-analytic-global-generation,gaga.tex,1446,lemma,Analytic twists and global generation,egin lemma Let M be a coherent analytic module on X an = P r( C) . There is an integer n 0 such that M(n) is generated by global sections for every n n 0 .,lexical_candidate_only
analytic-space,46,chapter,,gaga-lemma-projective-structure-sheaf-comparison,gaga.tex,1167,lemma,Proof of the cohomology comparison theorem,"egin lemma For every r 0 and every q 0 , the comparison map H q( P r C , O) H q( P r( C), O an ) is an isomorphism.",lexical_candidate_only
analytic-space,46,chapter,,gaga-lemma-projective-twist-comparison,gaga.tex,1197,lemma,Proof of the cohomology comparison theorem,"egin lemma Let r 0 and n Z . For every q 0 , the comparison map H q( P r C , O(n)) H q( P r( C), O(n) an ) is an isomorphism.",lexical_candidate_only
analytic-space,46,chapter,,gaga-lemma-total-fractions-reduced,gaga.tex,838,lemma,An analytic criterion for regularity,"egin lemma Let A be a reduced ring with finitely many minimal primes p 1, , p r . Let S be the set of elements lying in none of the p i and put K i= Frac (A/ p i) . Then A S= i=1 rK i.",lexical_candidate_only
analytic-space,46,chapter,,gaga-lemma-zariski-dense-open-analytically-dense,gaga.tex,654,lemma,The classical and Zariski topologies,egin lemma Let U X be Zariski open and Zariski dense. Then U an is dense in X an .,lexical_candidate_only
analytic-space,46,chapter,,gaga-proposition-additive-principal-bundles-gaga,gaga.tex,1843,proposition,Algebraic and analytic principal bundles,"egin proposition egin reference ite[ 4, no. 20, Proposition 17] GAGA If X is a projective algebraic variety over C and G= G a , then arepsilon G is bijective.",lexical_candidate_only
analytic-space,46,chapter,,gaga-proposition-algebraize-reduction-structure-group,gaga.tex,1908,proposition,Algebraic and analytic principal bundles,"egin proposition [Algebraizing a reduction of structure group] egin reference ite[ 4, no. 20, Proposition 19] GAGA Let H G be algebraic groups over C . Assume that the quotient G/H exists as an algebraic variety and that Go G/H has a rational section. Let X be a proper algebraic ",lexical_candidate_only
analytic-space,46,chapter,,gaga-proposition-analytic-isomorphism-algebraic,gaga.tex,758,proposition,An analytic criterion for regularity,"egin proposition Let p:To X be a morphism of algebraic varieties which is bijective on classical points. If p an :T an o X an is an analytic isomorphism, then p is an isomorphism.",lexical_candidate_only
analytic-space,46,chapter,,gaga-proposition-compact-analytic-subspace-algebraic,gaga.tex,1702,proposition,Chow's theorem and algebraicity,"egin proposition egin reference ite[ 4, no. 19, Proposition 14] GAGA Let X be an algebraic variety over C . Every compact closed reduced analytic subspace Y X m an is algebraic: there is a unique closed reduced subscheme Z X with Z m an =Y .",lexical_candidate_only
analytic-space,46,chapter,,gaga-proposition-conjugate-smooth-projective-betti-numbers,gaga.tex,1584,proposition,Conjugation and Betti numbers,"egin proposition egin reference ite[ 4, no. 18, Proposition 12] GAGA Let X be a smooth projective algebraic variety over C . Then X m an and (X ) m an have the same Betti numbers.",lexical_candidate_only
analytic-space,46,chapter,,gaga-proposition-general-linear-principal-bundles-gaga,gaga.tex,1861,proposition,Algebraic and analytic principal bundles,"egin proposition egin reference ite[ 4, no. 20, Proposition 18] GAGA If X is a projective algebraic variety over C and G= m GL n , then arepsilon G is bijective.",lexical_candidate_only
analytic-space,46,chapter,,gaga-proposition-image-closure,gaga.tex,720,proposition,The classical and Zariski topologies,egin proposition Let f : X o Y be a morphism of algebraic varieties. The closure of f(X( C)) in Y an is the set of classical points of the Zariski closure of f(X) in Y .,lexical_candidate_only
analytic-space,46,chapter,,gaga-proposition-principal-bundle-analytification-injective,gaga.tex,1819,proposition,Algebraic and analytic principal bundles,"egin proposition egin reference ite[ 4, no. 20, Proposition 16] GAGA If X is a proper algebraic variety over C , then arepsilon G is injective. More precisely, every analytic isomorphism between the analytifications of two algebraic principal G -bundles is algebraic.",lexical_candidate_only
analytic-space,46,chapter,,gaga-proposition-proper-if-and-only-if-compact-analytification,gaga.tex,671,proposition,The classical and Zariski topologies,egin proposition An algebraic variety X over C is proper over C if and only if the topological space X an is compact.,lexical_candidate_only
analytic-space,46,chapter,,gaga-proposition-rational-section-principal-bundles-gaga,gaga.tex,1957,proposition,Algebraic and analytic principal bundles,"egin proposition egin reference ite[ 4, no. 20, Proposition 20] GAGA Let G m GL n satisfy extup (R) . For every projective algebraic variety X over C , the map arepsilon G:H 1 m Zar (X,G) H 1 m an (X m an ,G m an ) is bijective.",lexical_candidate_only
analytic-space,46,chapter,,gaga-remark-analytification-ideal-sheaf,gaga.tex,951,remark,Analytification of modules,"egin remark [Analytification of an ideal] If J O X is a quasi-coherent ideal, exactness identifies J an with the ideal of O X an generated by the image of a X -1 J . For the ideal of a reduced closed subvariety this is also Proposition ef proposition-analytification-closed-ideal ",lexical_candidate_only
analytic-space,46,chapter,,gaga-remark-conjugate-varieties-historical,gaga.tex,1648,remark,Conjugation and Betti numbers,"egin remark [Historical scope] Serre observed in ite[ 4, no. 18] GAGA that a conjugate pair need not be analytically isomorphic (elliptic curves already show this), and asked there whether such a pair must be homeomorphic. This historical question is not an input to Proposition e",lexical_candidate_only
analytic-space,46,chapter,,gaga-remark-gaga-comparison-factorization,gaga.tex,1116,remark,The GAGA comparison theorems,"egin remark [The intermediate inverse-image sheaf] The comparison map factors canonically as H q(X, F) H q(X an ,a X -1 F) H q(X an , F an ). The first arrow need not be an isomorphism. For example, let X be an irreducible projective variety whose analytification has a nonzero Be",lexical_candidate_only
analytic-space,46,chapter,,gaga-remark-gaga-projectivity-essential,gaga.tex,1103,remark,The GAGA comparison theorems,"egin remark [Projectivity is essential] For X= A 1 C and F= O X , the degree-zero comparison map is C[z] ( C, O C ), whose target is the ring of entire functions. It is not surjective. Thus the projectivity hypothesis in the comparison theorems cannot simply be discarded.",lexical_candidate_only
analytic-space,46,chapter,,gaga-remark-line-bundles-gaga,gaga.tex,1893,remark,Algebraic and analytic principal bundles,"egin remark [Line bundles and the historical formulation] For n=1 , Proposition ef proposition-general-linear-principal-bundles-gaga is the isomorphism m Pic (X) m Pic (X m an ). Serre's remarks after Proposition 18 in ite[ 4, no. 20] GAGA express this in terms of divisor classes",lexical_candidate_only
analytic-space,46,chapter,,gaga-remark-rational-section-condition-examples,gaga.tex,1981,remark,Algebraic and analytic principal bundles,"egin remark [Examples and historical boundary] Condition extup (R) holds for solvable subgroups by Rosenlicht's theorem, for m SL n via the determinant section, and for m Sp 2m by rational symplectic Gram--Schmidt. Serre also records in ite[ 4, no. 20] GAGA the then-open simply c",lexical_candidate_only
analytic-space,46,chapter,,gaga-section-analytic-subsets,gaga.tex,34,section,Analytic subsets of complex affine space,"Analytic subsets of complex affine space egin definition egin reference ite[ 1, no. 1, pp. 3--4] GAGA Let n 0 and endow C n with",lexical_candidate_only
analytic-space,46,chapter,,gaga-section-analytification,gaga.tex,376,section,Analytification of algebraic varieties,"Analytification of algebraic varieties Throughout this section an algebraic variety over C means a reduced separated scheme of finite type over C , not necessarily irreduc",lexical_candidate_only
analytic-space,46,chapter,,gaga-section-analytification-closed-immersions,gaga.tex,961,section,Closed immersions and analytification,"Closed immersions and analytification egin lemma egin reference ite[ 3, no. 10, Proposition 11] GAGA",lexical_candidate_only
analytic-space,46,chapter,,gaga-section-analytification-cohomology-map,gaga.tex,1002,section,The cohomology comparison map,"The cohomology comparison map egin definition [Cohomology comparison map] egin reference ite[ 3, no. 11] GAGA refer",lexical_candidate_only
analytic-space,46,chapter,,gaga-section-analytification-modules,gaga.tex,873,section,Analytification of modules,"Analytification of modules egin definition egin reference ite[ 3, no. 9, Definition 2] GAGA Let X be an algebraic v",lexical_candidate_only
analytic-space,46,chapter,,gaga-section-classical-zariski-topologies,gaga.tex,651,section,The classical and Zariski topologies,The classical and Zariski topologies egin lemma Let U X be Zariski open and Zariski dense. Then U an is dense in X an .,lexical_candidate_only
analytic-space,46,chapter,,gaga-section-completion-gaga-essential-surjectivity,gaga.tex,1529,section,Completion of essential surjectivity,"Completion of essential surjectivity egin proof [Completion of the proof of Theorem ef theorem-gaga-essential-surjectivity ] It remains, by Lemma ef lemma-gaga-essential-surje",lexical_candidate_only
analytic-space,46,chapter,,gaga-section-gaga-analytic-twists,gaga.tex,1400,section,Analytic twists and global generation,Analytic twists and global generation We now fix X= P r C and argue by induction on r for essential surjectivity. The case r=0 is the equivalence between finite dimensional comp,lexical_candidate_only
analytic-space,46,chapter,,gaga-section-gaga-applications,gaga.tex,1571,section,Applications of the comparison theorems,"Applications of the comparison theorems Conjugation and Betti numbers Let m Aut ( C) . For a scheme X over C , writ",lexical_candidate_only
analytic-space,46,chapter,,gaga-section-gaga-statements,gaga.tex,1049,section,The GAGA comparison theorems,"The GAGA comparison theorems egin theorem [Cohomology comparison] egin reference ite[ 3, no. 12, Theorem 1] GAGA Let X be a projective a",lexical_candidate_only
analytic-space,46,chapter,,gaga-section-introduction,gaga.tex,21,section,Introduction,Introduction This chapter develops the complex-analytic foundations needed to state and prove the comparison theorems usually called GAGA. The initial sections use the reduc,lexical_candidate_only
analytic-space,46,chapter,,gaga-section-local-comparison,gaga.tex,484,section,Local algebra of analytification,"Local algebra of analytification Let x X( C) . We write heta x : O X,x O X an ,x for the local homomorphism induced by a X . Both",lexical_candidate_only
analytic-space,46,chapter,,gaga-section-proof-gaga-cohomology,gaga.tex,1140,section,Proof of the cohomology comparison theorem,Proof of the cohomology comparison theorem We first record the two analytic inputs used to start and bound the proof. They are deliberately visible: neither is a formal consequence of the algebraic cohomo,lexical_candidate_only
analytic-space,46,chapter,,gaga-section-proof-gaga-fully-faithful,gaga.tex,1281,section,Proof of full faithfulness,"Proof of full faithfulness egin lemma Let X be a variety over C and let F, G be coherent O X -mod",lexical_candidate_only
analytic-space,46,chapter,,gaga-subsection-gaga-betti-numbers,gaga.tex,1574,subsection,Conjugation and Betti numbers,"Conjugation and Betti numbers Let m Aut ( C) . For a scheme X over C , write X =Ximes m Spec ( C), m Spec (",lexical_candidate_only
analytic-space,46,chapter,,gaga-subsection-gaga-chow,gaga.tex,1658,subsection,Chow's theorem and algebraicity,"Chow's theorem and algebraicity egin theorem [Chow] egin reference ite[ 4, no. 19, Proposition 13] GAGA Let X be a projective",lexical_candidate_only
analytic-space,46,chapter,,gaga-subsection-gaga-principal-bundles,gaga.tex,1791,subsection,Algebraic and analytic principal bundles,"Algebraic and analytic principal bundles egin definition egin reference ite[ 4, no. 20] GAGA Let G be an algebrai",lexical_candidate_only
analytic-space,46,chapter,,gaga-theorem-analytification-completed-local-rings,gaga.tex,556,theorem,Local algebra of analytification,"egin theorem For every algebraic variety X over C and every x X( C) , the local homomorphism heta x induces an isomorphism of completed local rings heta x : O X,x \ \ O X an ,x . In particular, heta x is injective.",lexical_candidate_only
analytic-space,46,chapter,,gaga-theorem-analytification-local-faithfully-flat,gaga.tex,589,theorem,Local algebra of analytification,"egin theorem The local homomorphism heta x : O X,x O X an ,x is faithfully flat. In Serre's terminology, ( O X,x , O X an ,x ) is a flat pair: the quotient O X an ,x / O X,x is flat over O X,x , and for every ideal I O X,x one has I O X an ,x ap O X,x =I.",lexical_candidate_only
analytic-space,46,chapter,,gaga-theorem-chow-closed-analytic-projective,gaga.tex,1661,theorem,Chow's theorem and algebraicity,"egin theorem [Chow] egin reference ite[ 4, no. 19, Proposition 13] GAGA Let X be a projective algebraic variety over C . Every closed reduced analytic subspace Y X m an is the analytification of a unique closed reduced subscheme of X .",lexical_candidate_only
analytic-space,46,chapter,,gaga-theorem-gaga-cohomology,gaga.tex,1052,theorem,The GAGA comparison theorems,"egin theorem [Cohomology comparison] egin reference ite[ 3, no. 12, Theorem 1] GAGA Let X be a projective algebraic variety over C and let F be a coherent O X -module. For every q 0 , the map q F :H q(X, F) H q(X an , F an ) is an isomorphism. In particular, (X, F) (X an , F an )",lexical_candidate_only
analytic-space,46,chapter,,gaga-theorem-gaga-essential-surjectivity,gaga.tex,1088,theorem,The GAGA comparison theorems,"egin theorem [Essential surjectivity] egin reference ite[ 3, no. 12, Theorem 3] GAGA Let X be a projective algebraic variety over C . Every coherent O X an -module M is isomorphic to F an for a coherent O X -module F . The module F is unique up to isomorphism; moreover, every ana",lexical_candidate_only
analytic-space,46,chapter,,gaga-theorem-gaga-fully-faithful,gaga.tex,1072,theorem,The GAGA comparison theorems,"egin theorem [Full faithfulness] egin reference ite[ 3, no. 12, Theorem 2] GAGA Let X be a projective algebraic variety over C and let F, G be coherent O X -modules. Analytification induces a bijection m Hom O X ( F, G) m Hom O X an ( F an , G an ).",lexical_candidate_only
analytic-space,22,text,,cohomology-lemma-compact-complex-analytic-coherent-cohomology-finite-dimensional,cohomology.tex,20826,lemma,Cohomology with group actions,"egin lemma [Coherent cohomology on a compact complex analytic space] egin reference ite[Hauptsatz I, p. 57] Grauert-direct-image Let Y be a compact complex analytic space and let M be a coherent analytic O Y -module. Then H p(Y, M) is a finite dimensional complex vector space for",lexical_candidate_only
analytic-space,21,text,,cohomology-lemma-coherent-analytic-sheaf-ext,cohomology.tex,20851,lemma,Cohomology with group actions,"egin lemma [Coherence of analytic sheaf Ext] Let X be a complex analytic space and let A, B be coherent analytic O X -modules. Then q O X ( A, B) is a coherent analytic O X -module for every q 0 .",lexical_candidate_only
analytic-space,21,text,,cohomology-lemma-coherent-equivariant-analytic-extension-classes,cohomology.tex,20607,lemma,Cohomology with group actions,"egin lemma [Coherent equivariant analytic extension classes] egin reference ite[Chapter V, 5.6, p. 219] Tohoku Let X be a complex analytic space on which a group G acts by analytic automorphisms. Let A and B be G - O X -modules whose underlying O X -modules are coherent. For ever",lexical_candidate_only
analytic-space,21,text,,cohomology-remark-equivariant-extension-classes-analytic-boundary,cohomology.tex,20485,remark,Cohomology with group actions,"egin remark [Analytic boundary] This lemma records the abstract equivariant Ext bridge. Identifying holomorphic bundles with analytic G - O -modules, or invoking GAGA, requires separate analytic hypotheses and is not claimed here.",lexical_candidate_only
analytic-space,21,text,,etale-lemma-etale-analytification-local-isomorphism,etale.tex,2067,lemma,Permanence properties,"egin lemma egin reference ite[Expose 190, nextsuperscript o 3, p. 308] FGA . Let f : X o Y be a morphism of schemes of finite type over C . Then f is etale if and only if the associated morphism f an : X an Y an of complex analytic spaces is a local isomorphism.",lexical_candidate_only
analytic-space,21,text,09FY,fields-example-field-of-meromorphic-functions-extension-C,fields.tex,316,example,Field extensions,"egin example If X is a Riemann surface, then the field of meromorphic functions C (X) (Example ef example-field-of-meromorphic-functions ) is an extension field of C , because any element of C induces a meromorphic --- indeed, holomorphic --- constant function on X .",lexical_candidate_only
analytification,185,label;section;text,,gaga-definition-analytification-module,gaga.tex,876,definition,Analytification of modules,"egin definition egin reference ite[ 3, no. 9, Definition 2] GAGA Let X be an algebraic variety over C and let a X:X an o X be the canonical morphism of locally ringed spaces of Proposition ef proposition-analytification . For an O X -module F , its it analytification is F an =a X",lexical_candidate_only
analytification,185,label;section;text,,gaga-remark-analytification-ideal-sheaf,gaga.tex,951,remark,Analytification of modules,"egin remark [Analytification of an ideal] If J O X is a quasi-coherent ideal, exactness identifies J an with the ideal of O X an generated by the image of a X -1 J . For the ideal of a reduced closed subvariety this is also Proposition ef proposition-analytification-closed-ideal ",lexical_candidate_only
analytification,184,label;section;text,,gaga-section-analytification,gaga.tex,376,section,Analytification of algebraic varieties,"Analytification of algebraic varieties Throughout this section an algebraic variety over C means a reduced separated scheme of finite type over C , not necessarily irreduc",lexical_candidate_only
analytification,184,label;section;text,,gaga-section-analytification-closed-immersions,gaga.tex,961,section,Closed immersions and analytification,"Closed immersions and analytification egin lemma egin reference ite[ 3, no. 10, Proposition 11] GAGA",lexical_candidate_only
analytification,184,label;section;text,,gaga-section-analytification-modules,gaga.tex,873,section,Analytification of modules,"Analytification of modules egin definition egin reference ite[ 3, no. 9, Definition 2] GAGA Let X be an algebraic v",lexical_candidate_only
analytification,163,label;section,,gaga-lemma-analytification-dimension,gaga.tex,631,lemma,Local algebra of analytification,"egin lemma If X is irreducible of dimension r , then X an has analytic dimension r at every point.",lexical_candidate_only
analytification,163,label;section,,gaga-lemma-analytification-exact-faithful-coherent,gaga.tex,919,lemma,Analytification of modules,"egin lemma egin reference ite[ 3, no. 9, Proposition 10] GAGA Let X be an algebraic variety over C . egin enumerate The functor F F an on O X -modules is exact. The map F :a X -1 Fo F an is injective for every F . If F is coherent, then F an is a coherent analytic module.",lexical_candidate_only
analytification,163,label;section,,gaga-lemma-analytification-local-dimension,gaga.tex,617,lemma,Local algebra of analytification,"egin lemma For every x X( C) , im( O X,x )=im( O X an ,x ).",lexical_candidate_only
analytification,163,label;section,,gaga-lemma-analytification-module-stalks,gaga.tex,901,lemma,Analytification of modules,"egin lemma Let x X( C)=X an . There are canonical identifications ( F an ) x = F x O X,x O X an ,x under which ( F ) x is the map m 1 m .",lexical_candidate_only
analytification,163,label;section,,gaga-lemma-analytification-properties,gaga.tex,460,lemma,Analytification of algebraic varieties,"egin lemma Let X and Y be algebraic varieties over C . egin enumerate The space X an is locally compact, second countable, and countable at infinity. There is a canonical analytic isomorphism (X imes C Y) an ong X an imes Y an . If Z X is a Zariski locally closed reduced subvarie",lexical_candidate_only
analytification,163,label;section,,gaga-lemma-analytification-pushforward-closed-immersion,gaga.tex,964,lemma,Closed immersions and analytification,"egin lemma egin reference ite[ 3, no. 10, Proposition 11] GAGA Let i:Zo X be a closed immersion of algebraic varieties over C , and let F be a coherent O Z -module. There is a canonical isomorphism (i * F) an i an *( F an ).",lexical_candidate_only
analytification,163,label;section,,gaga-proposition-analytification,gaga.tex,410,proposition,Analytification of algebraic varieties,"egin proposition Let X be an algebraic variety over C . There is a unique Serre complex analytic space X an with the following property: for every algebraic chart arphi : V U C n from a Zariski open V X onto a Zariski locally closed reduced subset, V is open in X an and arphi is ",lexical_candidate_only
analytification,163,label;section,,gaga-proposition-analytification-closed-ideal,gaga.tex,496,proposition,Local algebra of analytification,"egin proposition Let Z X be a Zariski locally closed reduced subvariety and let x Z( C) . After replacing X by a Zariski neighbourhood of x , view Z as closed. If J Z,x O X,x is its algebraic ideal and I Z an ,x O X an ,x is the ideal of holomorphic germs vanishing on Z an , then",lexical_candidate_only
analytification,163,label;section,,gaga-theorem-analytification-completed-local-rings,gaga.tex,556,theorem,Local algebra of analytification,"egin theorem For every algebraic variety X over C and every x X( C) , the local homomorphism heta x induces an isomorphism of completed local rings heta x : O X,x \ \ O X an ,x . In particular, heta x is injective.",lexical_candidate_only
analytification,163,label;section,,gaga-theorem-analytification-local-faithfully-flat,gaga.tex,589,theorem,Local algebra of analytification,"egin theorem The local homomorphism heta x : O X,x O X an ,x is faithfully flat. In Serre's terminology, ( O X,x , O X an ,x ) is a flat pair: the quotient O X an ,x / O X,x is flat over O X,x , and for every ideal I O X,x one has I O X an ,x ap O X,x =I.",lexical_candidate_only
analytification,113,label;text,,gaga-construction-analytification-cohomology-map,gaga.tex,1005,construction,The cohomology comparison map,"F z O Z,z O Z an ,z . Proposition ef proposition-analytification-closed-ideal gives O Z an ,z = O Z,z O X,z O X an ,z . Associativity of tensor product identifies the two stalks, and the identification is the stalk of the canonical map. The cohomology comparison map egin definiti",lexical_candidate_only
analytification,113,label;text,,gaga-proposition-principal-bundle-analytification-injective,gaga.tex,1819,proposition,Algebraic and analytic principal bundles,"egin proposition egin reference ite[ 4, no. 20, Proposition 16] GAGA If X is a proper algebraic variety over C , then arepsilon G is injective. More precisely, every analytic isomorphism between the analytifications of two algebraic principal G -bundles is algebraic.",lexical_candidate_only
analytification,92,label,,etale-lemma-etale-analytification-local-isomorphism,etale.tex,2067,lemma,Permanence properties,"egin lemma egin reference ite[Expose 190, nextsuperscript o 3, p. 308] FGA . Let f : X o Y be a morphism of schemes of finite type over C . Then f is etale if and only if the associated morphism f an : X an Y an of complex analytic spaces is a local isomorphism.",lexical_candidate_only
analytification,92,label,,gaga-definition-principal-bundle-analytification-map,gaga.tex,1794,definition,Algebraic and analytic principal bundles,"egin definition egin reference ite[ 4, no. 20] GAGA Let G be an algebraic group over C and let X be an algebraic variety over C . Write H 1 m Zar (X,G) for the pointed set of isomorphism classes of Zariski locally trivial principal G -bundles and H 1 m an (X m an ,G m an ) for th",lexical_candidate_only
analytification,92,label,,gaga-lemma-analytification-cohomology-map-functorial,gaga.tex,1031,lemma,The cohomology comparison map,"egin lemma The maps q F are natural in F . For every short exact sequence of O X -modules, they form a morphism from the algebraic long exact cohomology sequence to the analytic long exact cohomology sequence. In particular, they commute with connecting maps.",lexical_candidate_only
analytification,92,label,,gaga-lemma-analytification-internal-hom,gaga.tex,1284,lemma,Proof of full faithfulness,"egin lemma Let X be a variety over C and let F, G be coherent O X -modules. There is a canonical isomorphism O X ( F, G) an O X an ( F an , G an ).",lexical_candidate_only
analytification,92,label,,gaga-proposition-proper-if-and-only-if-compact-analytification,gaga.tex,671,proposition,The classical and Zariski topologies,egin proposition An algebraic variety X over C is proper over C if and only if the topological space X an is compact.,lexical_candidate_only
analytification,92,label,,gaga-section-analytification-cohomology-map,gaga.tex,1002,section,The cohomology comparison map,"The cohomology comparison map egin definition [Cohomology comparison map] egin reference ite[ 3, no. 11] GAGA refer",lexical_candidate_only
analytification,92,section;text,,gaga-section-local-comparison,gaga.tex,484,section,Local algebra of analytification,"Local algebra of analytification Let x X( C) . We write heta x : O X,x O X an ,x for the local homomorphism induced by a X . Both",lexical_candidate_only
analytification,71,section,,gaga-lemma-algebraic-charts-analytic,gaga.tex,387,lemma,Analytification of algebraic varieties,"egin lemma Let U C n and U' C n' be Zariski locally closed reduced subsets. egin enumerate The Zariski topology on C n is coarser than its usual topology. The set U , with its reduced induced structure, is a Serre complex analytic space. A regular map f : U o U' is holomorphic. A",lexical_candidate_only
analytification,21,text,,gaga-corollary-compact-analytic-space-unique-algebraization,gaga.tex,1773,corollary,Chow's theorem and algebraicity,The graph f is a compact closed analytic subspace of (Ximes C Y) m an . Proposition ef proposition-compact-analytic-subspace-algebraic makes it the analytification of a closed reduced subvariety of Ximes C Y . Proposition ef proposition-algebraic-graph-holomorphic-regular therefo,lexical_candidate_only
analytification,21,text,,gaga-corollary-number-field-embeddings-betti-numbers,gaga.tex,1630,corollary,Conjugation and Betti numbers,"h p,q (X m an ) and h p,q ((X ) m an ), respectively, where h p,q (M)=im C H q(M, p M). Finally, a smooth projective analytification is compact Kahler. Hodge decomposition (using the Dolbeault resolution and the Kahler identities), which is an external analytic input here, gives ",lexical_candidate_only
analytification,21,text,,gaga-proposition-holomorphic-map-from-proper-is-regular,gaga.tex,1749,proposition,Chow's theorem and algebraicity,"egin proposition egin reference ite[ 4, no. 19, Proposition 15] GAGA Let X be a proper algebraic variety over C and let Y be an algebraic variety over C . Every holomorphic map f:X m an Y m an is the analytification of a unique morphism Xo Y .",lexical_candidate_only
analytification,21,text,,gaga-remark-gaga-comparison-factorization,gaga.tex,1116,remark,The GAGA comparison theorems,"egin remark [The intermediate inverse-image sheaf] The comparison map factors canonically as H q(X, F) H q(X an ,a X -1 F) H q(X an , F an ). The first arrow need not be an isomorphism. For example, let X be an irreducible projective variety whose analytification has a nonzero Be",lexical_candidate_only
analytification,21,text,,gaga-theorem-chow-closed-analytic-projective,gaga.tex,1661,theorem,Chow's theorem and algebraicity,"egin theorem [Chow] egin reference ite[ 4, no. 19, Proposition 13] GAGA Let X be a projective algebraic variety over C . Every closed reduced analytic subspace Y X m an is the analytification of a unique closed reduced subscheme of X .",lexical_candidate_only
analytification,21,text,,gaga-theorem-gaga-fully-faithful,gaga.tex,1072,theorem,The GAGA comparison theorems,"egin theorem [Full faithfulness] egin reference ite[ 3, no. 12, Theorem 2] GAGA Let X be a projective algebraic variety over C and let F, G be coherent O X -modules. Analytification induces a bijection m Hom O X ( F, G) m Hom O X an ( F an , G an ).",lexical_candidate_only
analytification,21,text,,pione-theorem-riemann-existence,pione.tex,1612,theorem,Comparison over the complex numbers,"egin theorem [Riemann existence] egin reference ite[Expose 190, nextsuperscript o 3, pp. 308--310] FGA and ite[Expose XII, Theoreme 5.1] SGA1 . Let X be a scheme of finite type over C . The analytification functor is an equivalence between egin enumerate schemes finite etale over",lexical_candidate_only
coherent,183,label;section;text,01BE,modules-definition-quasi-coherent,modules.tex,1394,definition,Quasi-coherent modules,"egin definition Let (X, O X) be a ringed space. Let F be a sheaf of O X -modules. We say that F is a quasi-coherent sheaf of O X -modules if for every point x X there exists an open neighbourhood x U X such that F | U is isomorphic to the cokernel of a map igoplus j J O U igoplus",lexical_candidate_only
coherent,183,label;section;text,01BJ,modules-lemma-restrict-quasi-coherent,modules.tex,1601,lemma,Quasi-coherent modules,"egin lemma Let (X, O X) be a ringed space. Set R = (X, O X) . Let M be an R -module. Let F M be the quasi-coherent sheaf of O X -modules associated to M . If g : (Y, O Y) o (X, O X) is a morphism of ringed spaces, then g * F M is the sheaf associated to the (Y, O Y) -module (Y, O",lexical_candidate_only
coherent,183,label;section;text,01BU,modules-section-coherent,modules.tex,1950,section,Coherent modules,Coherent modules A reference for this section is ite FAC . The category of coherent sheaves on a ringed space X is a more reasonable object than the category,lexical_candidate_only
coherent,183,label;section;text,01BD,modules-section-quasi-coherent,modules.tex,1380,section,Quasi-coherent modules,"Quasi-coherent modules In this section we introduce an abstract notion of quasi-coherent O X -module. This notion is very useful in algebraic geometry, since quasi-cohere",lexical_candidate_only
coherent,162,label;section,01BV,modules-definition-coherent,modules.tex,1965,definition,Coherent modules,"egin definition egin reference ite[Chapter I, 2, no. 12, Definition 2, p. 208] FAC ite[Chapter I, 2, no. 15, Definition 3, p. 210] FAC ite[Chapter II, 2, no. 38, p. 231] FAC Let (X, O X) be a ringed space. Let F be a sheaf of O X -modules. We say that F is a coherent O X -module ",lexical_candidate_only
coherent,162,label;section,01BL,modules-example-quasi-coherent,modules.tex,1700,example,Quasi-coherent modules,"egin example Let X be countably many copies L 1, L 2, L 3, of the real line all glued together at 0 ; a fundamental system of neighbourhoods of 0 being the collection \ U n\ n N , with U n ap L i = (-1/n, 1/n) . Let O X be the sheaf of continuous real valued functions. Let f : R ",lexical_candidate_only
coherent,162,label;section,01BF,modules-lemma-direct-sum-quasi-coherent,modules.tex,1440,lemma,Quasi-coherent modules,"egin lemma Let (X, O X) be a ringed space. The direct sum of two quasi-coherent O X -modules is a quasi-coherent O X -module.",lexical_candidate_only
coherent,162,label;section,01BG,modules-lemma-pullback-quasi-coherent,modules.tex,1459,lemma,Quasi-coherent modules,"egin lemma Let f : (X, O X) o (Y, O Y) be a morphism of ringed spaces. The pullback f * G of a quasi-coherent O Y -module is quasi-coherent.",lexical_candidate_only
coherent,94,section;text,078C,examples-section-push-quasi-coherent,examples.tex,2242,section,Pushforward of quasi-coherent modules,"Pushforward of quasi-coherent modules In Schemes, Lemma ef schemes-lemma-push-forward-quasi-coherent we proved that f * transforms quasi-coherent modules into quasi-coherent modules when",lexical_candidate_only
coherent,94,section;text,07UU,spaces-cohomology-section-limits,spaces-cohomology.tex,2637,section,Limits of coherent modules,Limits of coherent modules A colimit of coherent modules (on a locally Noetherian algebraic space) is typically not coherent. But it is quasi-coherent as any colimit of quasi-coherent modules o,lexical_candidate_only
coherent,94,section;text,0777,stacks-cohomology-section-quasi-coherent,stacks-cohomology.tex,1404,section,Quasi-coherent modules,"Quasi-coherent modules We have seen that the category of quasi-coherent modules on an algebraic stack is equivalent to the category of quasi-coherent modules on a presentation, see",lexical_candidate_only
coherent,93,section;text,07J7,crystalline-section-quasi-coherent-crystals,crystalline.tex,2842,section,Crystals in quasi-coherent modules,Crystals in quasi-coherent modules In Situation ef situation-affine . Set X = (C) and S = (A) . We are going to classify crystals in quasi-coherent modules on ext Cri,lexical_candidate_only
coherent,93,section;text,0GN8,descent-section-quasi-coherent-cohomology,descent.tex,3774,section,Cohomology of quasi-coherent modules and topologies,Cohomology of quasi-coherent modules and topologies In this section we prove that cohomology of quasi-coherent modules is independent of the choice of topology. egin lemma lemma-standard-c,lexical_candidate_only
coherent,93,section;text,0ALF,examples-section-nonabelian-QCoh,examples.tex,941,section,Nonabelian category of quasi-coherent modules,"Nonabelian category of quasi-coherent modules In Sheaves on Stacks, Section ef stacks-sheaves-section-quasi-coherent we defined the category of quasi-coherent modules on a category fibred in groupoids",lexical_candidate_only
coherent,93,section;text,0FZK,functors-section-functor-coherent,functors.tex,1818,section,Functors between categories of coherent modules,Functors between categories of coherent modules The following lemma guarantees that we can use the material on functors between categories of quasi-coherent modules when we are given a functor between cat,lexical_candidate_only
coherent,93,section;text,0FZA,functors-section-functor-quasi-coherent,functors.tex,809,section,Functors between categories of quasi-coherent modules,Functors between categories of quasi-coherent modules In this section we briefly study functors between categories of quasi-coherent modules. egin example Let R,lexical_candidate_only
coherent,93,section;text,07TU,groupoids-lemma-colimit-coherent,groupoids.tex,3300,lemma,Colimits of quasi-coherent modules,"egin lemma Let (U, R, s, t, c) be a groupoid scheme over S . Assume that egin enumerate U , R are Noetherian, s, t are flat, quasi-compact, and quasi-separated. Then every quasi-coherent module ( F , eta) on (U, R, s, t, c) is a filtered colimit of coherent modules.",lexical_candidate_only
coherent,93,section;text,07TR,groupoids-lemma-construct-quasi-coherent,groupoids.tex,3114,lemma,Colimits of quasi-coherent modules,"egin lemma Let (U, R, s, t, c) be a groupoid scheme over S . Assume s, t are flat, quasi-compact, and quasi-separated. For any quasi-coherent module G on U , there exists a canonical isomorphism : t *s *t * G o s *s *t * G which turns (s *t * G , ) into a quasi-coherent module on",lexical_candidate_only
coherent,93,section;text,077T,groupoids-lemma-set-of-iso-classes,groupoids.tex,3424,lemma,Colimits of quasi-coherent modules,"egin lemma Let (U, R, s, t, c) be a groupoid scheme over S . Let appa be a cardinal. There exists a set T and a family ( F t, t) t T of appa -generated quasi-coherent modules on (U, R, s, t, c) such that every appa -generated quasi-coherent module on (U, R, s, t, c) is isomorphic",lexical_candidate_only
coherent,93,section;text,07TS,groupoids-section-colimits,groupoids.tex,3106,section,Colimits of quasi-coherent modules,Colimits of quasi-coherent modules In this section we prove some technical results saying that under suitable assumptions every quasi-coherent module on a groupoid is a filtered colimit of ``small'',lexical_candidate_only
coherent,93,section;text,06YZ,perfect-section-derived-quasi-coherent,perfect.tex,54,section,Derived category of quasi-coherent modules,Derived category of quasi-coherent modules In this section we discuss the relationship between quasi-coherent modules and all modules on a scheme X . A reference is ite[Appendix B] TT . By t,lexical_candidate_only
coherent,93,section;text,07TI,spaces-simplicial-lemma-pullback-cartesian-module,spaces-simplicial.tex,6317,lemma,Quasi-coherent modules on simplicial schemes,egin lemma Let f : V o U be a morphism of simplicial schemes. Given a quasi-coherent module F on U Zar the pullback f * F is a quasi-coherent module on V Zar .,lexical_candidate_only
coherent,93,section;text,07TJ,spaces-simplicial-lemma-pushforward-cartesian-module,spaces-simplicial.tex,6336,lemma,Quasi-coherent modules on simplicial schemes,egin lemma Let f : V o U be a cartesian morphism of simplicial schemes. Assume the morphisms d n j : U n o U n - 1 are flat and the morphisms V n o U n are quasi-compact and quasi-separated. For a quasi-coherent module G on V Zar the pushforward f * G is a quasi-coherent module o,lexical_candidate_only
coherent,93,section;text,07TE,spaces-simplicial-section-modules-simplicial,spaces-simplicial.tex,6314,section,Quasi-coherent modules on simplicial schemes,Quasi-coherent modules on simplicial schemes egin lemma Let f : V o U be a morphism of simplicial schemes. Given a quasi-coherent module F on U Zar,lexical_candidate_only
coherent,93,section;text,0GQS,stacks-cohomology-section-further-remarks,stacks-cohomology.tex,2230,section,Further remarks on quasi-coherent modules,Further remarks on quasi-coherent modules In this section we collect some results that to help understand how to use quasi-coherent modules on algebraic stacks. Let f : U,lexical_candidate_only
coherent,93,section;text,076W,stacks-cohomology-section-pullback,stacks-cohomology.tex,112,section,Pullback of quasi-coherent modules,Pullback of quasi-coherent modules Let f : X o Y be a morphism of algebraic stacks. It is a very general fact that quasi-coherent modules on ringed topoi are compatible with p,lexical_candidate_only
coherent,93,section;text,07AY,stacks-cohomology-section-quasi-coherent-modules-II,stacks-cohomology.tex,3211,section,Quasi-coherent modules and the lisse-etale and flat-fppf sites,Quasi-coherent modules and the lisse-etale and flat-fppf sites In this section we explain how to think of quasi-coherent modules on an algebraic stack in terms of its lisse-etale or flat-fppf site. egin le,lexical_candidate_only
coherent,93,section;text,06WG,stacks-sheaves-definition-quasi-coherent,stacks-sheaves.tex,1534,definition,Quasi-coherent modules,"egin definition Let p : X o ( /S) fppf be a category fibred in groupoids. A quasi-coherent module on X , or a quasi-coherent O X -module is a quasi-coherent module on the ringed site ( X fppf , O X ) as in Modules on Sites, Definition ef sites-modules-definition-site-local . The ",lexical_candidate_only
coherent,93,section;text,06WF,stacks-sheaves-section-quasi-coherent,stacks-sheaves.tex,1527,section,Quasi-coherent modules,Quasi-coherent modules At this point we can apply the general definition of a quasi-coherent module to the situation discussed in this chapter. egin definition definition,lexical_candidate_only
coherent,92,section;text,02QV,chow-section-cycle-of-coherent-sheaf,chow.tex,1697,section,Cycle associated to a coherent sheaf,"Cycle associated to a coherent sheaf egin lemma Let (S, elta) be as in Situation ef situation-setup . Let X be locally of finite type over S . Let",lexical_candidate_only
coherent,92,section;text,08CA,cohomology-section-pseudo-coherent,cohomology.tex,22963,section,Pseudo-coherent modules,"Pseudo-coherent modules In this section we discuss pseudo-coherent complexes. egin definition Let (X, O X) be a ringed space. Let",lexical_candidate_only
coherent,92,section;text,071N,descent-lemma-higher-direct-images-small-etale,descent.tex,4042,lemma,Cohomology of quasi-coherent modules and topologies,"egin lemma Let f : T o S be a quasi-compact and quasi-separated morphism of schemes. Let F be a quasi-coherent sheaf on T . For either the etale or Zariski topology, there are canonical isomorphisms R if small, * ( F a) = (R if * F ) a .",lexical_candidate_only
coherent,92,section;text,03FJ,descent-lemma-standard-covering-Cech-quasi-coherent,descent.tex,3825,lemma,Cohomology of quasi-coherent modules and topologies,"egin lemma Let S be a scheme. Let F be a quasi-coherent sheaf on S . Let au , C , U , U be as in Lemma ef lemma-standard-covering-Cech . Then there is an isomorphism of complexes heck C ullet( U , F a) ong s((A/R) ullet R M) (see Section ef section-descent-modules ) where R = (U,",lexical_candidate_only
coherent,92,section;text,03LC,descent-proposition-equivalence-quasi-coherent-functorial,descent.tex,3986,proposition,Cohomology of quasi-coherent modules and topologies,"egin proposition Let f : T o S be a morphism of schemes. egin enumerate The equivalences of categories of Proposition ef proposition-equivalence-quasi-coherent are compatible with pullback. More precisely, we have f *( G a) = (f * G ) a for any quasi-coherent sheaf G on S . The e",lexical_candidate_only
coherent,92,section;text,03DW,descent-proposition-same-cohomology-quasi-coherent,descent.tex,3867,proposition,Cohomology of quasi-coherent modules and topologies,"egin proposition egin slogan Cohomology of quasi-coherent sheaves is the same no matter which topology you use. Let S be a scheme. Let F be a quasi-coherent sheaf on S . Let au \ Zariski, , smooth, syntomic, fppf\ . egin enumerate There is a canonical isomorphism H q(S, F ) = H q",lexical_candidate_only
coherent,92,section;text,0GZT,descent-section-alternative-quasi-coherent,descent.tex,4590,section,Quasi-coherent modules and affines,"Quasi-coherent modules and affines Let S be a scheme In this section, as in Topologies, Section ef topologies-section-change-topologies , we choose our sites ( /S)",lexical_candidate_only
coherent,92,section;text,0G4R,duality-lemma-consequence-Artin-Rees-bis,duality.tex,8255,lemma,Extension by zero for coherent modules,egin lemma Let X be a Noetherian scheme. Let I O X be a quasi-coherent sheaf of ideals. Let F ullet be a complex of coherent O X -modules. Let p Z . Set H = H p( F ullet) and H n = H p( I n F ullet) . Then there are canonical O X -module maps o H 3 o H 2 o H 1 o H There exists a ,lexical_candidate_only
coherent,92,section;text,0G4U,duality-lemma-tensoring-Deligne-system,duality.tex,8399,lemma,Extension by zero for coherent modules,egin lemma Let j : U o X be an open immersion of Noetherian schemes. Let I O X be a quasi-coherent sheaf of ideals with V( I ) = X U . Let K be in D b extit Coh ( O X) . Then K O X L I n is pro-isomorphic to a Deligne system with constant value K| U over U .,lexical_candidate_only
coherent,92,section;text,0G4Z,duality-section-compactly-supported,duality.tex,8638,section,Compactly supported cohomology for coherent modules,"Compactly supported cohomology for coherent modules In Situation ef situation-shriek given a morphism f : X o Y in extit FTS S , we will define a functor Rf ! : D b extit Coh ( O",lexical_candidate_only
coherent,92,section;text,0G2G,duality-section-extension-by-zero,duality.tex,7848,section,Extension by zero for coherent modules,Extension by zero for coherent modules The material in this section and the next few can be found in the appendix by Deligne of ite RD . In this section j : U o X will b,lexical_candidate_only
coherent,92,section;text,0FY9,equiv-section-coherent,equiv.tex,430,section,Characterizing coherent modules,"Characterizing coherent modules This section is in some sense a continuation of the discussion in Derived Categories of Schemes, Section ef perfect-section-pseudo-coherent and More on Morphisms",lexical_candidate_only
coherent,92,section;text,0ALG,examples-lemma-quasi-coherent-not-abelian,examples.tex,987,lemma,Nonabelian category of quasi-coherent modules,"egin lemma The category of quasi-coherent With quasi-coherent modules as defined above. Due to how things are setup in the Stacks project, this is really the correct definition; as seen above our definition agrees with what one would naively have defined to be quasi-coherent modu",lexical_candidate_only
coherent,92,section;text,07DC,examples-section-derived-push-quasi-coherent,examples.tex,4700,section,Derived pushforward of quasi-coherent modules,Derived pushforward of quasi-coherent modules Let k be a field of characteristic p > 0 . Let S = (k[x]) . Let G = Z /p Z viewed either as an abstract group or as a,lexical_candidate_only
coherent,92,section;text,0273,examples-section-nonflasque,examples.tex,3510,section,Non flasque quasi-coherent sheaf associated to injective module,"Non flasque quasi-coherent sheaf associated to injective module For more examples of this type see ite[Expose II, Appendix I] SGA6 where Illusie explains some examples due to Verdier. Consider the affin",lexical_candidate_only
coherent,92,section;text,0FZR,functors-lemma-equivalence-coherent-over-field,functors.tex,2075,lemma,Functors between categories of coherent modules,"egin lemma egin reference Weak version of the result in ite Gabriel stating that the category of quasi-coherent modules determines the isomorphism class of a scheme. Let k be a field. Let X , Y be finite type schemes over k with X separated and Y reduced. If there is a k -linear ",lexical_candidate_only
coherent,92,section;text,0GPA,functors-lemma-functor-quasi-coherent-from-affine-diagonal-pre,functors.tex,984,lemma,Functors between categories of quasi-coherent modules,"egin lemma Let R be a ring. Let X and Y be schemes over R . Assume X is quasi-compact with affine diagonal. Let F : ( O X) o ( O Y) be an R -linear, right exact functor which commutes with arbitrary direct sums. Then we can construct egin enumerate a quasi-coherent module K on X ",lexical_candidate_only
coherent,92,section;text,0FZQ,functors-lemma-pushforward-invertible,functors.tex,2056,lemma,Functors between categories of coherent modules,"egin lemma Let f : X o Y be a finite type separated morphism of schemes with a section s : Y o X . Let F be a finite type quasi-coherent module on X , set theoretically supported on s(Y) with L = f * F an invertible O X -module. If Y is reduced, then F ong s * L .",lexical_candidate_only
coherent,92,section;text,0FZP,functors-lemma-pushforward-invertible-pre,functors.tex,2039,lemma,Functors between categories of coherent modules,egin lemma Let f : X o Y be a finite type separated morphism of schemes. Let F be a finite type quasi-coherent module on X with support finite over Y and with L = f * F an invertible O X -module. Then there exists a section s : Y o X such that F ong s * L .,lexical_candidate_only
coherent,92,section;text,0GPB,functors-remark-characterize-FM-QCoh,functors.tex,1230,remark,Functors between categories of quasi-coherent modules,egin remark Let R be a ring. Let X and Y be schemes over R . Assume X is quasi-compact with affine diagonal. Lemma ef lemma-functor-quasi-coherent-from-affine-diagonal may be generalized as follows: the functors (ef equation-FM-QCoh ) associated to quasi-coherent modules on X ime,lexical_candidate_only
coherent,92,section;text,07TV,groupoids-lemma-colimit-finite-type,groupoids.tex,3368,lemma,Colimits of quasi-coherent modules,"egin lemma Let (U, R, s, t, c) be a groupoid scheme over S . Assume that egin enumerate U , R are affine, there exist e i O R(R) such that every element g O R(R) can be uniquely written as s *(f i)e i for some f i O U(U) . Then every quasi-coherent module ( F , ) on (U, R, s, t, ",lexical_candidate_only
coherent,92,section;text,077U,groupoids-lemma-colimit-kappa,groupoids.tex,3444,lemma,Colimits of quasi-coherent modules,"egin lemma Let (U, R, s, t, c) be a groupoid scheme over S . Assume that s, t are flat. There exists a cardinal appa such that every quasi-coherent module ( F , ) on (U, R, s, t, c) is the directed colimit of its appa -generated quasi-coherent submodules.",lexical_candidate_only
coherent,92,section;text,0AZB,intersection-section-cycle-of-coherent-sheaf,intersection.tex,179,section,Cycle associated to a coherent sheaf,Cycle associated to a coherent sheaf Suppose that X is a variety and that F is a coherent O X -module with im(ext Supp ( F )) k . Let Z i be,lexical_candidate_only
coherent,92,section;text,0DX2,local-cohomology-section-improve,local-cohomology.tex,3095,section,Improving coherent modules,Improving coherent modules Similar constructions can be found in ite EGA and more recently in ite Kollar-local-global-hulls and ite Kollar-variants . egin lemma lemma-get-de,lexical_candidate_only
coherent,92,section;text,02CF,modules-remark-infinite-direct-sum-quasi-coherent-not,modules.tex,1451,remark,Quasi-coherent modules,egin remark Warning: It is not true in general that an infinite direct sum of quasi-coherent O X -modules is quasi-coherent. For more esoteric behaviour of quasi-coherent modules see Example ef example-quasi-coherent .,lexical_candidate_only
coherent,92,section;text,064N,more-algebra-section-pseudo-coherent,more-algebra.tex,16461,section,"Pseudo-coherent modules, I","Pseudo-coherent modules, I Suppose that R is a ring. Recall that an R -module M is of finite type if there exists a surjection R a o M and of finite presentation if t",lexical_candidate_only
coherent,92,section;text,0G8V,more-algebra-section-pseudo-coherent-bis,more-algebra.tex,17196,section,"Pseudo-coherent modules, II","Pseudo-coherent modules, II We continue the discussion started in Section ef section-pseudo-coherent . egin lemma Let R be a ring.",lexical_candidate_only
coherent,92,section;text,065E,more-algebra-section-relative-pseudo-coherent,more-algebra.tex,21830,section,Relatively pseudo-coherent modules,Relatively pseudo-coherent modules This section is the analogue of Section ef section-relative-finite-presentation for pseudo-coherence. egin lemma Let,lexical_candidate_only
coherent,92,section;text,08E0,perfect-section-derived-coherent,perfect.tex,2540,section,Derived category of coherent modules,Derived category of coherent modules Let X be a locally Noetherian scheme. In this case the category extit Coh ( O X) extit Mod ( O X) of coherent O,lexical_candidate_only
coherent,92,section;text,01LA,schemes-section-quasi-coherent,schemes.tex,4957,section,Functoriality for quasi-coherent modules,"Functoriality for quasi-coherent modules Let X be a scheme. We denote ( O X) the category of quasi-coherent O X -modules as defined in Modules, Definition ef modules-de",lexical_candidate_only
coherent,92,section;text,08FS,sites-cohomology-section-pseudo-coherent,sites-cohomology.tex,12033,section,Pseudo-coherent modules,"Pseudo-coherent modules In this section we discuss pseudo-coherent complexes. egin definition Let ( C , O ) be a ringed sit",lexical_candidate_only
coherent,92,section;text,0EEA,spaces-chow-section-cycle-of-coherent-sheaf,spaces-chow.tex,485,section,Cycle associated to a coherent sheaf,"Cycle associated to a coherent sheaf This is the analogue of Chow Homology, Section ef chow-section-cycle-of-coherent-sheaf . egin definition definition-cycle-associated-to-",lexical_candidate_only
coherent,92,section;text,07UA,spaces-cohomology-definition-coherent,spaces-cohomology.tex,1850,definition,Coherent modules on locally Noetherian algebraic spaces,"egin definition Let S be a scheme. Let X be a locally Noetherian algebraic space over S . A quasi-coherent module F on X is called coherent if F is a coherent O X -module on the site X in the sense of Modules on Sites, Definition ef sites-modules-definition-site-local .",lexical_candidate_only
coherent,92,section;text,08AM,spaces-cohomology-lemma-i-star-equivalence,spaces-cohomology.tex,2042,lemma,Coherent modules on locally Noetherian algebraic spaces,egin lemma Let S be a scheme. Let i : Z o X be a closed immersion of locally Noetherian algebraic spaces over S . Let I O X be the quasi-coherent sheaf of ideals cutting out Z . The functor i * induces an equivalence between the category of coherent O X -modules annihilated by I ,lexical_candidate_only
coherent,92,section;text,07U9,spaces-cohomology-section-coherent,spaces-cohomology.tex,1838,section,Coherent modules on locally Noetherian algebraic spaces,"Coherent modules on locally Noetherian algebraic spaces This section is the analogue of Cohomology of Schemes, Section ef coherent-section-coherent-sheaves . In Modules on Sites, Definition ef sites-modules-definitio",lexical_candidate_only
coherent,92,section;text,0H02,spaces-descent-section-alternative-quasi-coherent,spaces-descent.tex,281,section,Quasi-coherent modules and affines,"Quasi-coherent modules and affines Let S be a scheme. Let X be an algebraic space over S . Recall that X affine, is the full subcategory of X whose objects",lexical_candidate_only
coherent,92,section;text,0GPS,spaces-groupoids-lemma-colimit-coherent,spaces-groupoids.tex,1387,lemma,Colimits of quasi-coherent modules,"egin lemma Let B o S be as in Section ef section-notation . Let (U, R, s, t, c) be a groupoid in algebraic spaces over B . Assume that egin enumerate U , R are Noetherian, s, t are flat, quasi-compact, and quasi-separated. Then every quasi-coherent module ( F , ) on (U, R, s, t, ",lexical_candidate_only
coherent,92,section;text,0GPP,spaces-groupoids-lemma-construct-quasi-coherent,spaces-groupoids.tex,1195,lemma,Colimits of quasi-coherent modules,"egin lemma Let B o S as in Section ef section-notation . Let (U, R, s, t, c) be a groupoid in algebraic spaces over B . Assume s, t are flat, quasi-compact, and quasi-separated. For any quasi-coherent module G on U , there exists a canonical isomorphism : t *s *t * G o s *s *t * ",lexical_candidate_only
coherent,92,section;text,0GPN,spaces-groupoids-section-colimits,spaces-groupoids.tex,1188,section,Colimits of quasi-coherent modules,"Colimits of quasi-coherent modules This section is the analogue of Groupoids, Section ef groupoids-section-colimits . egin lemma Let B o S as in Secti",lexical_candidate_only
coherent,92,section;text,08GI,spaces-perfect-section-derived-coherent,spaces-perfect.tex,1167,section,Derived category of coherent modules,Derived category of coherent modules Let S be a scheme. Let X be a locally Noetherian algebraic space over S . In this case the category extit Coh ( O X) extit Mod (\,lexical_candidate_only
coherent,92,section;text,071W,spaces-perfect-section-derived-quasi-coherent,spaces-perfect.tex,265,section,Derived category of quasi-coherent modules,Derived category of quasi-coherent modules Let S be a scheme. Lemma ef lemma-derived-quasi-coherent-small-etale-site shows that the category D ( O S) can be defined in term,lexical_candidate_only
coherent,92,section;text,071P,spaces-perfect-section-derived-quasi-coherent-etale,spaces-perfect.tex,93,section,Derived category of quasi-coherent modules on the small etale site,Derived category of quasi-coherent modules on the small etale site Let X be a scheme. In this section we show that D ( O X) can be defined in terms of the small etale site X of X .,lexical_candidate_only
coherent,92,section;text,0AES,spaces-pushouts-lemma-stalk-of-pushforward,spaces-pushouts.tex,1714,lemma,Formal glueing of quasi-coherent modules,"egin lemma Let S be a scheme. Let X be an algebraic space over S . Let f : Y o X be a quasi-compact and quasi-separated morphism. Let x be a geometric point of X and let ( O X, x ) o X be the canonical morphism. For a quasi-coherent module G on Y we have f * G x = (Y imes X ( O X",lexical_candidate_only
coherent,92,section;text,0AEP,spaces-pushouts-section-formal-glueing,spaces-pushouts.tex,1602,section,Formal glueing of quasi-coherent modules,"Formal glueing of quasi-coherent modules This section is the analogue of More on Algebra, Section ef more-algebra-section-formal-glueing . In the case of morphisms of schemes, the result can be fou",lexical_candidate_only
coherent,92,section;text,07TL,spaces-simplicial-lemma-cartesian-modules-with-section,spaces-simplicial.tex,6382,lemma,Quasi-coherent modules on simplicial schemes,"egin lemma Let f : X o S be a morphism of schemes which has a section In fact, it would be enough to assume that f has fpqc locally on S a section, since we have descent of quasi-coherent modules by Descent, Section ef descent-section-fpqc-descent-quasi-coherent . . Let (X/S) ull",lexical_candidate_only
coherent,92,section;text,0778,stacks-cohomology-lemma-adjoint,stacks-cohomology.tex,1415,lemma,Quasi-coherent modules,"egin lemma Let X be an algebraic stack. Let extit LQCoh fbc ( O X ) be the category of locally quasi-coherent modules with the flat base change property, see Section ef section-loc-qcoh-flat-base-change . The inclusion functor i : ( O X ) o extit LQCoh fbc ( O X ) has a right adj",lexical_candidate_only
coherent,92,section;text,0782,stacks-cohomology-lemma-leray,stacks-cohomology.tex,2084,lemma,Pushforward of quasi-coherent modules,"egin lemma Let f : X o Y be a quasi-compact and quasi-separated morphism of algebraic stacks. Let F be a quasi-coherent sheaf on X . Then there exists a spectral sequence with E 2 -page E 2 p, q = H p( Y , R qf , * F ) converging to H p + q ( X , F ) .",lexical_candidate_only
coherent,92,section;text,0783,stacks-cohomology-lemma-relative-leray,stacks-cohomology.tex,2116,lemma,Pushforward of quasi-coherent modules,"egin lemma Let f : X o Y and g : Y o Z be quasi-compact and quasi-separated morphisms of algebraic stacks. Let F be a quasi-coherent sheaf on X . Then there exists a spectral sequence with E 2 -page E 2 p, q = R pg , * (R qf , * F ) converging to R p + q (g irc f) , * F .",lexical_candidate_only
coherent,92,section;text,07B0,stacks-cohomology-lemma-shriek-quasi-coherent,stacks-cohomology.tex,3301,lemma,Quasi-coherent modules and the lisse-etale and flat-fppf sites,"egin lemma Let X be an algebraic stack. Notation as in Lemma ef lemma-lisse-etale . egin enumerate Let H be a quasi-coherent O X lisse, -module on the lisse-etale site of X . Then g ! H is a quasi-coherent module on X . Let H be a quasi-coherent O X flat,fppf -module on the flat-",lexical_candidate_only
coherent,92,section;text,0771,stacks-cohomology-proposition-loc-qcoh-flat-base-change,stacks-cohomology.tex,901,proposition,Locally quasi-coherent modules with the flat base change property,"egin proposition Summary of results on locally quasi-coherent modules having the flat base change property. egin enumerate Let X be an algebraic stack. If F is in extit LQCoh fbc ( O X ) , then F is a sheaf for the fppf topology, i.e., it is an object of extit Mod ( O X ) . The c",lexical_candidate_only
coherent,92,section;text,0GQG,stacks-cohomology-section-loc-qcoh-flat-base-change,stacks-cohomology.tex,877,section,Locally quasi-coherent modules with the flat base change property,Locally quasi-coherent modules with the flat base change property Let X be an algebraic stack. We Apologies for the horrendous notation. will denote extit LQCoh fbc ( O,lexical_candidate_only
coherent,92,section;text,075X,stacks-cohomology-section-locally-quasi-coherent,stacks-cohomology.tex,405,section,Locally quasi-coherent modules,Locally quasi-coherent modules Let X be an algebraic stack. Let F be a presheaf of O X -modules. We can ask whether F is,lexical_candidate_only
coherent,92,section;text,070A,stacks-cohomology-section-pushforward-quasi-coherent,stacks-cohomology.tex,1830,section,Pushforward of quasi-coherent modules,Pushforward of quasi-coherent modules Let f : X o Y be a morphism of algebraic stacks. Consider the pushforward f * : extit Mod ( O X ) \,lexical_candidate_only
coherent,92,section;text,07B5,stacks-perfect-section-derived,stacks-perfect.tex,454,section,Derived categories of quasi-coherent modules,"Derived categories of quasi-coherent modules Let X be an algebraic stack. As the inclusion functor ( O X ) o extit Mod ( O X ) isn't exact, we cannot d",lexical_candidate_only
coherent,92,section;text,07BD,stacks-perfect-section-derived-pullback,stacks-perfect.tex,1007,section,Derived pullback of quasi-coherent modules,Derived pullback of quasi-coherent modules Derived pullback of complexes with quasi-coherent cohomology sheaves exists in general. egin proposition proposition-derived-pullback-quasi-coher,lexical_candidate_only
coherent,92,section;text,07BB,stacks-perfect-section-derived-pushforward,stacks-perfect.tex,941,section,Derived pushforward of quasi-coherent modules,"Derived pushforward of quasi-coherent modules As a first application of the material above we construct the derived pushforward. In Examples, Section ef examples-section-derived-push-quasi-coherent",lexical_candidate_only
coherent,92,section;text,06WI,stacks-sheaves-lemma-characterize-quasi-coherent,stacks-sheaves.tex,1581,lemma,Quasi-coherent modules,egin lemma Let p : X o ( /S) fppf be a category fibred in groupoids. Let F be a sheaf of O X -modules. Then F is quasi-coherent if and only if x * F is a quasi-coherent sheaf on ( /U) fppf for every object x of X with U = p(x) .,lexical_candidate_only
coherent,92,section;text,0EM8,stacks-sheaves-lemma-characterize-quasi-coherent-bis,stacks-sheaves.tex,1602,lemma,Quasi-coherent modules,"egin lemma Let p : X o ( /S) fppf be a category fibred in groupoids. Let F be a presheaf of modules on X . The following are equivalent egin enumerate F is an object of extit Mod ( X Zar , O X ) and F is a quasi-coherent module on ( X Zar , O X ) in the sense of Modules on Sites,",lexical_candidate_only
coherent,92,section;text,0H0E,stacks-sheaves-lemma-quasi-coherent-alternative,stacks-sheaves.tex,4534,lemma,Quasi-coherent modules and affines,"egin lemma Let p : X o ( /S) fppf be a category fibred in groupoids. Let F be an O -module on X affine . The following are equivalent egin enumerate for every morphism x o x' of X affine the map F (x') O (x') O (x) o F (x) is an isomorphism, F is a quasi-coherent module on ( X af",lexical_candidate_only
coherent,92,section;text,0H0D,stacks-sheaves-section-alternative-quasi-coherent,stacks-sheaves.tex,4526,section,Quasi-coherent modules and affines,Quasi-coherent modules and affines Let p : X o ( /S) fppf be a category fibred in groupoids. In Section ef section-alternative we have associated to this a rin,lexical_candidate_only
coherent,92,section;text,0GQB,stacks-sheaves-section-locally-quasi-coherent,stacks-sheaves.tex,1652,section,Locally quasi-coherent modules,"Locally quasi-coherent modules Although there is a variant for the Zariski topology, it seems that the etale topology is the natural topology to use in the following definition.",lexical_candidate_only
coherent,91,label,01BO,modules-lemma-finite-presentation-quasi-coherent,modules.tex,1808,lemma,Modules of finite presentation,"egin lemma Let (X, O X) be a ringed space. Any O X -module of finite presentation is quasi-coherent.",lexical_candidate_only
coherent,91,label,01C3,modules-lemma-i-star-quasi-coherent,modules.tex,2334,lemma,Closed immersions of ringed spaces,"egin lemma Let i : (Z, O Z) o (X, O X) be a closed immersion of ringed spaces. Let F be a quasi-coherent O Z -module. Then i * F is locally on X the cokernel of a map of quasi-coherent O X -modules.",lexical_candidate_only
coherent,91,label,01C7,modules-lemma-locally-free-quasi-coherent,modules.tex,2581,lemma,Locally free sheaves,"egin lemma Let (X, O X) be a ringed space. Let F be a sheaf of O X -modules. If F is locally free then it is quasi-coherent.",lexical_candidate_only
coherent,71,section,02QX,chow-definition-cycle-associated-to-coherent-sheaf,chow.tex,1744,definition,Cycle associated to a coherent sheaf,"egin definition Let (S, elta) be as in Situation ef situation-setup . Let X be locally of finite type over S . Let F be a coherent O X -module. egin enumerate For any irreducible component Z' ext Supp ( F ) with generic point the integer m Z', F = ext length O X, F (Lemma ef lemm",lexical_candidate_only
coherent,71,section,02QZ,chow-lemma-additivity-sheaf-cycle,chow.tex,1789,lemma,Cycle associated to a coherent sheaf,"egin lemma Let (S, elta) be as in Situation ef situation-setup . Let X be locally of finite type over S . Let 0 o F o G o H o 0 be a short exact sequence of coherent sheaves on X . Assume that the elta -dimension of the supports of F , G , and H is k . Then [ G ] k = [ F ] k + [ ",lexical_candidate_only
coherent,71,section,02QY,chow-lemma-cycle-closed-coherent,chow.tex,1776,lemma,Cycle associated to a coherent sheaf,"egin lemma Let (S, elta) be as in Situation ef situation-setup . Let X be locally of finite type over S . Let Z X be a closed subscheme. If im elta(Z) k , then [Z] k = [ O Z] k .",lexical_candidate_only
coherent,71,section,02QW,chow-lemma-length-finite,chow.tex,1702,lemma,Cycle associated to a coherent sheaf,"egin lemma Let (S, elta) be as in Situation ef situation-setup . Let X be locally of finite type over S . Let F be a coherent O X -module. egin enumerate The collection of irreducible components of the support of F is locally finite. Let Z' ext Supp ( F ) be an irreducible compon",lexical_candidate_only
coherent,71,section,08CB,cohomology-definition-pseudo-coherent,cohomology.tex,22969,definition,Pseudo-coherent modules,"egin definition Let (X, O X) be a ringed space. Let E ullet be a complex of O X -modules. Let m Z . egin enumerate We say E ullet is m -pseudo-coherent if there exists an open covering X = igcup U i and for each i a morphism of complexes i : E i ullet o E ullet| U i where E i ull",lexical_candidate_only
coherent,71,section,09V8,cohomology-lemma-cohomology-pseudo-coherent,cohomology.tex,23218,lemma,Pseudo-coherent modules,"egin lemma Let (X, O X) be a ringed space. Let m Z . Let E be an object of D( O X) . If E is (locally) bounded above and H i(E) is (m - i) -pseudo-coherent for all i , then E is m -pseudo-coherent.",lexical_candidate_only
coherent,71,section,09V7,cohomology-lemma-complex-pseudo-coherent-modules,cohomology.tex,23203,lemma,Pseudo-coherent modules,"egin lemma Let (X, O X) be a ringed space. Let m Z . Let F ullet be a (locally) bounded above complex of O X -modules such that F i is (m - i) -pseudo-coherent for all i . Then F ullet is m -pseudo-coherent.",lexical_candidate_only
coherent,71,section,08CD,cohomology-lemma-cone-pseudo-coherent,cohomology.tex,23071,lemma,Pseudo-coherent modules,"egin lemma Let (X, O X) be a ringed space and m Z . Let (K, L, M, f, g, h) be a distinguished triangle in D( O X) . egin enumerate If K is (m + 1) -pseudo-coherent and L is m -pseudo-coherent then M is m -pseudo-coherent. If K and M are m -pseudo-coherent, then L is m -pseudo-coh",lexical_candidate_only
coherent,71,section,08DN,cohomology-lemma-finite-cohomology,cohomology.tex,23232,lemma,Pseudo-coherent modules,"egin lemma Let (X, O X) be a ringed space. Let K be an object of D( O X) . Let m Z . egin enumerate If K is m -pseudo-coherent and H i(K) = 0 for i > m , then H m(K) is a finite type O X -module. If K is m -pseudo-coherent and H i(K) = 0 for i > m + 1 , then H m + 1 (K) is a fini",lexical_candidate_only
coherent,71,section,09V9,cohomology-lemma-n-pseudo-module,cohomology.tex,23276,lemma,Pseudo-coherent modules,"egin lemma Let (X, O X) be a ringed space. Let F be a sheaf of O X -modules. egin enumerate F viewed as an object of D( O X) is 0 -pseudo-coherent if and only if F is a finite type O X -module, and F viewed as an object of D( O X) is (-1) -pseudo-coherent if and only if F is an O",lexical_candidate_only
coherent,71,section,08CC,cohomology-lemma-pseudo-coherent-independent-representative,cohomology.tex,22995,lemma,Pseudo-coherent modules,"egin lemma Let (X, O X) be a ringed space. Let E be an object of D( O X) . egin enumerate If there exists an open covering X = igcup U i , strictly perfect complexes E i ullet on U i , and maps i : E i ullet o E| U i in D( O U i ) with H j( i) an isomorphism for j > m and H m( i)",lexical_candidate_only
coherent,71,section,09U7,cohomology-lemma-pseudo-coherent-pullback,cohomology.tex,23026,lemma,Pseudo-coherent modules,"egin lemma Let f : (X, O X) o (Y, O Y) be a morphism of ringed spaces. Let E be an object of D( O Y) . If E is m -pseudo-coherent, then Lf *E is m -pseudo-coherent.",lexical_candidate_only
coherent,71,section,08CE,cohomology-lemma-summands-pseudo-coherent,cohomology.tex,23170,lemma,Pseudo-coherent modules,"egin lemma Let (X, O X) be a ringed space. Let m Z . If K L is m -pseudo-coherent (resp.\ pseudo-coherent) in D( O X) so are K and L .",lexical_candidate_only
coherent,71,section,09J3,cohomology-lemma-tensor-pseudo-coherent,cohomology.tex,23132,lemma,Pseudo-coherent modules,"egin lemma Let (X, O X) be a ringed space. Let K, L be objects of D( O X) . egin enumerate If K is n -pseudo-coherent and H i(K) = 0 for i > a and L is m -pseudo-coherent and H j(L) = 0 for j > b , then K O X L L is t -pseudo-coherent with t = (m + a, n + b) . If K and L are pseu",lexical_candidate_only
coherent,71,section,07J8,crystalline-equation-D,crystalline.tex,2854,equation,Crystals in quasi-coherent modules,"egin equation D = e D P, (J) / p eD P, (J)",lexical_candidate_only
coherent,71,section,07JF,crystalline-equation-Dn,crystalline.tex,2891,equation,Crystals in quasi-coherent modules,"egin equation D(n) = e D P A A P, (J(n))/ p eD P A A P, (J(n))",lexical_candidate_only
coherent,71,section,07JA,crystalline-equation-derivation-D,crystalline.tex,2879,equation,Crystals in quasi-coherent modules,egin equation ext d : D D,lexical_candidate_only
coherent,71,section,07L1,crystalline-equation-derivation-Dn,crystalline.tex,2907,equation,Crystals in quasi-coherent modules,egin equation ext d : D(n) D(n),lexical_candidate_only
coherent,71,section,07J9,crystalline-equation-omega-D,crystalline.tex,2863,equation,Crystals in quasi-coherent modules,"egin equation D = e D e/A, ar = e D/A, ar /p e D/A, ar",lexical_candidate_only
coherent,71,section,07L0,crystalline-equation-omega-Dn,crystalline.tex,2901,equation,Crystals in quasi-coherent modules,"egin equation D(n) = e D(n) e/A, ar = e D(n)/A, ar /p e D(n)/A, ar",lexical_candidate_only
coherent,71,section,07L3,crystalline-equation-structure-Dn,crystalline.tex,2920,equation,Crystals in quasi-coherent modules,egin equation D(n) = e D i(j) angle/p eD i(j) angle,lexical_candidate_only
coherent,71,section,07JB,crystalline-item-complete,crystalline.tex,2972,item,Crystals in quasi-coherent modules,"The first assertion is clear. For the second, if (B o C, elta) is an object of ext Cris (C/A) , then we have ext Cris (C/A) (D, B) = om A((P, J), (B, (B o C))) and similarly for D(n) replacing (P, J) by (P A A P, J(n)) . The property on coproducts follows as P A A P is a coproduc",lexical_candidate_only
coherent,71,section,07JC,crystalline-item-connection,crystalline.tex,2975,item,Crystals in quasi-coherent modules,"object of ext Cris (C/A) , then we have ext Cris (C/A) (D, B) = om A((P, J), (B, (B o C))) and similarly for D(n) replacing (P, J) by (P A A P, J(n)) . The property on coproducts follows as P A A P is a coproduct. In the lemma below we will consider pairs (M, ) satisfying the fol",lexical_candidate_only
coherent,71,section,07JD,crystalline-item-integrable,crystalline.tex,2979,item,Crystals in quasi-coherent modules,"and similarly for D(n) replacing (P, J) by (P A A P, J(n)) . The property on coproducts follows as P A A P is a coproduct. In the lemma below we will consider pairs (M, ) satisfying the following conditions egin enumerate M is a p -adically complete D -module, : M o M D D is a co",lexical_candidate_only
coherent,71,section,07JE,crystalline-item-topologically-quasi-nilpotent,crystalline.tex,2983,item,Crystals in quasi-coherent modules,"as P A A P is a coproduct. In the lemma below we will consider pairs (M, ) satisfying the following conditions egin enumerate M is a p -adically complete D -module, : M o M D D is a connection, i.e., (fm) = m ext d f + f (m) , is integrable (see Remark ef remark-connection ), and",lexical_candidate_only
coherent,71,section,07JG,crystalline-lemma-crystals-on-affine,crystalline.tex,2997,lemma,Crystals in quasi-coherent modules,"egin lemma In the situation above there is a functor egin matrix ext crystals in quasi-coherent \\ O X/S ext -modules on ext Cris (X/S) egin matrix ext pairs (M, )ext satisfying \\ ext (ef item-complete ), (ef item-connection ), (ef item-integrable ), and (ef item-topologically-q",lexical_candidate_only
coherent,71,section,07L5,crystalline-lemma-crystals-on-affine-smooth,crystalline.tex,3191,lemma,Crystals in quasi-coherent modules,"egin lemma In Situation ef situation-affine . Let A o P' o C be ring maps with A o P' smooth and P' o C surjective with kernel J' . Let D' be the p -adic completion of D P', (J') . Then there are a choice of the data A o P o C as above and homomorphisms of divided power A -algebr",lexical_candidate_only
proper-projective,236,label;chapter;section;text,04YE,stacks-properties-section-types-properties,stacks-properties.tex,1219,section,Properties of algebraic stacks defined by properties of schemes,Properties of algebraic stacks defined by properties of schemes Any smooth local property of schemes gives rise to a corresponding property of algebraic stacks via the following lemma. Note that a property of schemes whi,lexical_candidate_only
proper-projective,235,label;chapter;section;text,060P,spaces-properties-section-locally-projective,spaces-properties.tex,5672,section,Locally projective modules,"Locally projective modules Recall that in Properties, Section ef properties-section-locally-projective we defined the notion of a locally projective quasi-coherent module. egi",lexical_candidate_only
proper-projective,235,label;chapter;section;text,03E5,spaces-properties-section-types-properties,spaces-properties.tex,973,section,Properties of Spaces defined by properties of schemes,Properties of Spaces defined by properties of schemes Any etale local property of schemes gives rise to a corresponding property of algebraic spaces via the following lemma. egin lemma lemma-type-p,lexical_candidate_only
proper-projective,234,label;chapter;section;text,03E6,spaces-properties-definition-type-property,spaces-properties.tex,1009,definition,Properties of Spaces defined by properties of schemes,egin definition Let P be a property of schemes which is local in the etale topology. Let S be a scheme. Let X be an algebraic space over S . We say X has property P if any of the equivalent conditions of Lemma ef lemma-type-property hold.,lexical_candidate_only
proper-projective,234,label;chapter;section;text,04YG,stacks-properties-definition-type-property,stacks-properties.tex,1280,definition,Properties of algebraic stacks defined by properties of schemes,egin definition Let X be an algebraic stack. Let P be a property of schemes which is local in the smooth topology. We say X has property P if any of the equivalent conditions of Lemma ef lemma-type-property hold.,lexical_candidate_only
proper-projective,233,label;chapter;section;text,01OO,properties-section-properties-rings,properties.tex,295,section,Types of schemes defined by properties of rings,Types of schemes defined by properties of rings In this section we study what properties of rings allow one to define local properties of schemes. egin definition Let,lexical_candidate_only
proper-projective,233,label;chapter;section;text,04RC,spaces-properties-definition-property-at-point,spaces-properties.tex,1076,definition,Properties of Spaces defined by properties of schemes,egin definition Let S be a scheme. Let X be an algebraic space over S . Let x |X| . Let P be a property of germs of schemes which is etale local. We say X has property P at x if any of the equivalent conditions of Lemma ef lemma-local-source-target-at-point hold.,lexical_candidate_only
proper-projective,233,label;chapter;section;text,03E8,spaces-properties-lemma-type-property,spaces-properties.tex,980,lemma,Properties of Spaces defined by properties of schemes,"egin lemma Let S be a scheme. Let X be an algebraic space over S . Let P be a property of schemes which is local in the etale topology, see Descent, Definition ef descent-definition-property-local . The following are equivalent egin enumerate for some scheme U and surjective etal",lexical_candidate_only
proper-projective,233,label;chapter;section;text,0BBL,spaces-properties-remark-list-properties-local-ring-local-etale-topology,spaces-properties.tex,1087,remark,Properties of Spaces defined by properties of schemes,"egin remark Let P be a property of local rings. Assume that for any etale ring map A o B and q is a prime of B lying over the prime p of A , then P(A p) P(B q) . Then we obtain an etale local property of germs (U, u) of schemes by setting P (U, u) = P( O U, u ) . In this situatio",lexical_candidate_only
proper-projective,233,label;chapter;section;text,04YJ,stacks-properties-definition-property-at-point,stacks-properties.tex,1391,definition,Properties of algebraic stacks defined by properties of schemes,egin definition Let P be a property of germs of schemes which is smooth local. Let X be an algebraic stack. Let x | X | . We say X has property P at x if any of the equivalent conditions of Lemma ef lemma-local-source-target-at-point holds.,lexical_candidate_only
proper-projective,233,label;chapter;section;text,04YF,stacks-properties-lemma-type-property,stacks-properties.tex,1231,lemma,Properties of algebraic stacks defined by properties of schemes,"egin lemma Let P be a property of schemes which is local in the smooth topology, see Descent, Definition ef descent-definition-property-local . Let X be an algebraic stack. The following are equivalent egin enumerate for some scheme U and some surjective smooth morphism U o X the",lexical_candidate_only
proper-projective,232,label;chapter;section;text,05JP,properties-definition-locally-projective,properties.tex,2783,definition,Locally projective modules,egin definition Let X be a scheme. Let F be a quasi-coherent O X -module. We say F is locally projective if for every affine open U X the O X(U) -module F (U) is projective.,lexical_candidate_only
proper-projective,232,label;chapter;section;text,05JQ,properties-lemma-locally-projective,properties.tex,2791,lemma,Locally projective modules,"egin lemma Let X be a scheme. Let F be a quasi-coherent O X -module. The following are equivalent egin enumerate F is locally projective, and there exists an affine open covering X = igcup U i such that the O X(U i) -module F (U i) is projective for every i . In particular, if X ",lexical_candidate_only
proper-projective,232,label;chapter;section;text,060M,properties-lemma-locally-projective-pullback,properties.tex,2829,lemma,Locally projective modules,"egin lemma Let f : X o Y be a morphism of schemes. Let G be a quasi-coherent O Y -module. If G is locally projective on Y , then f * G is locally projective on X .",lexical_candidate_only
proper-projective,232,label;chapter;section;text,05JN,properties-section-locally-projective,properties.tex,2776,section,Locally projective modules,Locally projective modules A consequence of the work done in the algebra chapter is that it makes sense to define a locally projective module as follows. egin definition,lexical_candidate_only
proper-projective,232,label;chapter;section;text,060R,spaces-properties-definition-locally-projective,spaces-properties.tex,5706,definition,Locally projective modules,egin definition Let S be a scheme. Let X be an algebraic space over S . Let F be a quasi-coherent O X -module. We say F is locally projective if the equivalent conditions of Lemma ef lemma-locally-projective are satisfied.,lexical_candidate_only
proper-projective,232,label;chapter;section;text,060S,spaces-properties-lemma-locally-projective-pullback,spaces-properties.tex,5716,lemma,Locally projective modules,"egin lemma Let S be a scheme. Let f : X o Y be a morphism of algebraic spaces over S . Let G be a quasi-coherent O Y -module. If G is locally projective on Y , then f * G is locally projective on X .",lexical_candidate_only
proper-projective,232,label;chapter;section;text,03E7,spaces-properties-remark-list-properties-local-etale-topology,spaces-properties.tex,1021,remark,Properties of Spaces defined by properties of schemes,"egin remark Here is a list of properties which are local for the etale topology (keep in mind that the fpqc, fppf, syntomic, and smooth topologies are stronger than the etale topology): egin enumerate locally Noetherian, see Descent, Lemma ef descent-lemma-Noetherian-local-fppf ,",lexical_candidate_only
proper-projective,232,label;chapter;section;text,04YH,stacks-properties-remark-list-properties-local-smooth-topology,stacks-properties.tex,1291,remark,Properties of algebraic stacks defined by properties of schemes,"egin remark Here is a list of properties which are local for the smooth topology (keep in mind that the fpqc, fppf, and syntomic topologies are stronger than the smooth topology): egin enumerate locally Noetherian, see Descent, Lemma ef descent-lemma-Noetherian-local-fppf , Jacob",lexical_candidate_only
proper-projective,232,label;chapter;section;text,04XB,stacks-properties-section-properties-morphisms,stacks-properties.tex,161,section,Properties of morphisms representable by algebraic spaces,Properties of morphisms representable by algebraic spaces We will study properties of (arbitrary) morphisms of algebraic stacks in its own chapter. For morphisms representable by algebraic spaces we know what i,lexical_candidate_only
proper-projective,231,label;chapter;section;text,01OP,properties-definition-property-local,properties.tex,302,definition,Types of schemes defined by properties of rings,"egin definition Let P be a property of rings. We say that P is local if the following hold: egin enumerate For any ring R , and any f R we have P(R) P(R f) . For any ring R , and f i R such that (f 1, , f n) = R then i, P(R f i ) P(R) .",lexical_candidate_only
proper-projective,231,label;chapter;section;text,01OT,properties-lemma-properties-local,properties.tex,378,lemma,Types of schemes defined by properties of rings,"egin lemma The following properties of a ring R are local. egin enumerate (Cohen-Macaulay.) The ring R is Noetherian and CM, see Algebra, Definition ef algebra-definition-ring-CM . (Regular.) The ring R is Noetherian and regular, see Algebra, Definition ef algebra-definition-regu",lexical_candidate_only
proper-projective,231,label;chapter;section;text,060Q,spaces-properties-lemma-locally-projective,spaces-properties.tex,5681,lemma,Locally projective modules,"egin lemma Let S be a scheme. Let X be an algebraic space over S . Let F be a quasi-coherent O X -module. The following are equivalent egin enumerate for some scheme U and surjective etale morphism U o X the restriction F | U is locally projective on U , and for any scheme U and ",lexical_candidate_only
proper-projective,231,label;chapter;section;text,05VR,spaces-properties-section-properties-modules,spaces-properties.tex,5599,section,Properties of modules,"Properties of modules In Modules on Sites, Sections ef sites-modules-section-global , ef sites-modules-section-local , and Definition ef sites-modules-definition-flat we",lexical_candidate_only
proper-projective,231,label;chapter;section;text,06M2,stacks-properties-lemma-check-property-after-precomposing,stacks-properties.tex,528,lemma,Properties of morphisms representable by algebraic spaces,"egin lemma Let P be a property of morphisms of algebraic spaces as above. Let au \ , smooth, syntomic, fppf\ . Let X o Y and Y o Z be morphisms of algebraic stacks representable by algebraic spaces. Assume egin enumerate X o Y is surjective and etale, smooth, syntomic, or flat an",lexical_candidate_only
proper-projective,231,label;chapter;section;text,04XD,stacks-properties-lemma-check-property-covering,stacks-properties.tex,466,lemma,Properties of morphisms representable by algebraic spaces,"egin lemma Let P be a property of morphisms of algebraic spaces as above. Let f : X o Y be a morphism of algebraic stacks representable by algebraic spaces. Let W be an algebraic space and let W o Y be surjective, locally of finite presentation, and flat. Set V = W imes Y X . The",lexical_candidate_only
proper-projective,231,label;chapter;section;text,06TY,stacks-properties-lemma-check-property-weak-covering,stacks-properties.tex,499,lemma,Properties of morphisms representable by algebraic spaces,"egin lemma Let P be a property of morphisms of algebraic spaces as above. Let f : X o Y be a morphism of algebraic stacks representable by algebraic spaces. Let Z o Y be a morphism of algebraic stacks which is representable by algebraic spaces, surjective, flat, and locally of fi",lexical_candidate_only
proper-projective,231,label;chapter;section;text,04XC,stacks-properties-lemma-property-spaces-too,stacks-properties.tex,433,lemma,Properties of morphisms representable by algebraic spaces,"egin lemma Let P be a property of morphisms of algebraic spaces as above. Let f : X o Y be a morphism of algebraic stacks representable by algebraic spaces. The following are equivalent: egin enumerate f has P , for every algebraic space Z and morphism Z o Y the morphism Z imes Y",lexical_candidate_only
proper-projective,230,label;chapter;section;text,01OQ,properties-definition-locally-P,properties.tex,315,definition,Types of schemes defined by properties of rings,egin definition Let P be a property of rings. Let X be a scheme. We say X is locally P if for any x X there exists an affine open neighbourhood U of x in X such that O X(U) has property P .,lexical_candidate_only
proper-projective,230,label;chapter;section;text,01OR,properties-lemma-locally-P,properties.tex,330,lemma,Types of schemes defined by properties of rings,egin lemma Let X be a scheme. Let P be a local property of rings. The following are equivalent: egin enumerate The scheme X is locally P . For every affine open U X the property P( O X(U)) holds. There exists an affine open covering X = igcup U i such that each O X(U i) satisfies,lexical_candidate_only
proper-projective,230,label;chapter;section;text,04N2,spaces-properties-lemma-local-source-target-at-point,spaces-properties.tex,1054,lemma,Properties of Spaces defined by properties of schemes,"egin lemma Let P be a property of germs of schemes which is etale local, see Descent, Definition ef descent-definition-local-at-point . Let S be a scheme. Let X be an algebraic space over S . Let x |X| be a point of X . Consider etale morphisms a : U o X where U is a scheme. The ",lexical_candidate_only
proper-projective,230,label;chapter;section;text,04YI,stacks-properties-lemma-local-source-target-at-point,stacks-properties.tex,1326,lemma,Properties of algebraic stacks defined by properties of schemes,"egin lemma Let X be an algebraic stack. Let x | X | be a point of X . Let P be a property of germs of schemes which is smooth local, see Descent, Definition ef descent-definition-local-at-point . The following are equivalent egin enumerate for any smooth morphism U o X with U a s",lexical_candidate_only
proper-projective,208,label;chapter;section,01OS,properties-lemma-reduced-is-locally-reduced,properties.tex,368,lemma,Types of schemes defined by properties of rings,egin lemma Let X be a scheme. Then X is reduced if and only if X is ``locally reduced'' in the sense of Definition ef definition-locally-P .,lexical_candidate_only
proper-projective,208,label;chapter;section,04Y7,stacks-properties-equation-verify,stacks-properties.tex,625,equation,Properties of morphisms representable by algebraic spaces,egin equation au ext id ext pr R = ext id g au'.,lexical_candidate_only
proper-projective,208,label;chapter;section,04ZP,stacks-properties-lemma-check-representable-covering,stacks-properties.tex,177,lemma,Properties of morphisms representable by algebraic spaces,"egin lemma Let f : X o Y be a morphism of algebraic stacks. Let W be an algebraic space and let W o Y be surjective, locally of finite presentation, and flat. The following are equivalent egin enumerate f is representable by algebraic spaces, and W imes Y X is an algebraic space.",lexical_candidate_only
proper-projective,208,label;chapter;section,04Y6,stacks-properties-lemma-representable-in-terms-presentations,stacks-properties.tex,553,lemma,Properties of morphisms representable by algebraic spaces,"egin lemma Let g : X ' o X be a morphism of algebraic stacks which is representable by algebraic spaces. Let [U/R] o X be a presentation. Set U' = U imes X X ' , and R' = R imes X X ' . Then there exists a groupoid in algebraic spaces of the form (U', R', s', t', c') , a presenta",lexical_candidate_only
proper-projective,208,label;chapter;section,04ZQ,stacks-properties-remark-representable-over,stacks-properties.tex,637,remark,Properties of morphisms representable by algebraic spaces,"egin remark Let Y be an algebraic stack. Consider the following 2 -category: egin enumerate An object is a morphism f : X o Y which is representable by algebraic spaces, a 1 -morphism (g, eta) : (f 1 : X 1 o Y ) o (f 2 : X 2 o Y ) consists of a morphism g : X 1 o X 2 and a 2 -mor",lexical_candidate_only
proper-projective,193,label;section;text,0BCL,morphisms-lemma-projective-is-quasi-projective-proper,morphisms.tex,10798,lemma,Projective morphisms,"egin lemma Let S be a quasi-compact and quasi-separated scheme. Let f : X o S be a morphism of schemes. Then egin enumerate f is projective if and only if f is quasi-projective and proper, and f is H-projective if and only if f is H-quasi-projective and proper.",lexical_candidate_only
proper-projective,191,label;section;text,087S,morphisms-lemma-projective-over-quasi-projective-is-H-projective,morphisms.tex,10869,lemma,Projective morphisms,"egin lemma Let S be a scheme which admits an ample invertible sheaf. Then egin enumerate any projective morphism X o S is H-projective, and any quasi-projective morphism X o S is H-quasi-projective.",lexical_candidate_only
proper-projective,189,label;section;text,0B45,more-morphisms-lemma-projective,more-morphisms.tex,14989,lemma,Projective schemes,"egin lemma Let S be a scheme which has an ample invertible sheaf. Let f : X o S be a morphism of schemes. The following are equivalent egin enumerate X o S is projective, X o S is H-projective, X o S is quasi-projective and proper, X o S is H-quasi-projective and proper, X o S is",lexical_candidate_only
proper-projective,188,label;section;text,08J1,examples-lemma-non-descending-property-projective,examples.tex,5154,lemma,Being projective is not local on the base,"egin lemma The properties egin enumerate P (f) = `` f is projective'', and P (f) = `` f is quasi-projective'' are not Zariski local on the base. A fortiori, they are not fpqc local on the base.",lexical_candidate_only
proper-projective,188,label;section;text,01VX,morphisms-lemma-quasi-projective-properties,morphisms.tex,9789,lemma,Quasi-projective morphisms,"egin lemma Let f : X o S be a morphism of schemes. If f is quasi-projective, or H-quasi-projective or locally quasi-projective, then f is separated of finite type.",lexical_candidate_only
proper-projective,187,label;section;text,02L1,descent-lemma-descending-property-proper,descent.tex,6914,lemma,Properties of morphisms local in the fpqc topology on the target,egin lemma The property P (f) = `` f is proper'' is fpqc local on the base.,lexical_candidate_only
proper-projective,187,label;section;text,08J0,examples-section-non-descending-property-projective,examples.tex,5143,section,Being projective is not local on the base,"Being projective is not local on the base In the chapter on descent we have seen that many properties of morphisms are local on the base, even in the fpqc topology. See Descent, Se",lexical_candidate_only
proper-projective,187,label;section;text,05DP,flat-lemma-flat-pure-over-complete-projective,flat.tex,2145,lemma,Projective modules,"egin lemma Let R be a ring. Let I R be an ideal. Let R o S be a ring map, and N an S -module. Assume egin enumerate R is Noetherian and I -adically complete, R o S is of finite type, N is a finite S -module, N is flat over R , N/IN is projective as a R/I -module, and for any prim",lexical_candidate_only
proper-projective,187,label;section;text,,moduli-remark-sections-proper-field-quasi-projective,moduli.tex,6661,remark,Properties of relative morphisms,"egin remark [The classical field-valued refinement] Let S = (k) , let Y be a proper k -scheme, and let Z o Y be quasi-projective. The argument recorded in ite[Expose 221, Section 7] FGA uses Chow's lemma and factorization of a finite morphism to show that Sec Y/k (Z/Y) is a schem",lexical_candidate_only
proper-projective,187,label;section;text,01W9,morphisms-lemma-H-projective,morphisms.tex,10553,lemma,Projective morphisms,egin lemma An H-projective morphism is H-quasi-projective. An H-projective morphism is projective.,lexical_candidate_only
proper-projective,187,label;section;text,01WA,morphisms-lemma-H-quasi-projective-open-H-projective,morphisms.tex,10724,lemma,Projective morphisms,egin lemma Let f : X o S be a H-quasi-projective morphism. Then f factors as X o X' o S where X o X' is an open immersion and X' o S is H-projective.,lexical_candidate_only
proper-projective,187,label;section;text,01VY,morphisms-lemma-H-quasi-projective-quasi-projective,morphisms.tex,9800,lemma,Quasi-projective morphisms,egin lemma A H-quasi-projective morphism is quasi-projective.,lexical_candidate_only
proper-projective,187,label;section;text,01WC,morphisms-lemma-locally-projective-proper,morphisms.tex,10601,lemma,Projective morphisms,egin lemma A locally projective morphism is proper.,lexical_candidate_only
proper-projective,187,label;section;text,07RL,morphisms-lemma-projective-quasi-projective,morphisms.tex,10707,lemma,Projective morphisms,egin lemma A projective morphism is quasi-projective.,lexical_candidate_only
proper-projective,187,label;section;text,0B5N,morphisms-lemma-proper-ample-locally-projective,morphisms.tex,10638,lemma,Projective morphisms,"egin lemma Let f : X o S be a proper morphism of schemes. If there exists an f -ample invertible sheaf on X , then f is locally projective.",lexical_candidate_only
proper-projective,187,label;section;text,07RM,morphisms-lemma-quasi-projective-open-projective,morphisms.tex,10739,lemma,Projective morphisms,egin lemma Let f : X o S be a quasi-projective morphism with S quasi-compact and quasi-separated. Then f factors as X o X' o S where X o X' is an open immersion and X' o S is projective.,lexical_candidate_only
proper-projective,187,label;section;text,09C8,proetale-section-proper-base-change,proetale.tex,6176,section,Proper base change,Proper base change In this section we explain how to prove the proper base change theorem for derived complete objects on the pro-etale site using the proper base change t,lexical_candidate_only
proper-projective,187,label;section;text,0422,spaces-descent-lemma-descending-property-proper,spaces-descent.tex,1666,lemma,Descending properties of morphisms in the fpqc topology,egin lemma The property P (f) = `` f is proper'' is fpqc local on the base.,lexical_candidate_only
proper-projective,187,label;section;text,0A0W,spaces-limits-lemma-proper-limit-of-proper-finite-presentation,spaces-limits.tex,2920,lemma,Approximating proper morphisms,egin lemma Let S be a scheme. Let f : X o Y be a proper morphism of algebraic spaces over S with Y quasi-compact and quasi-separated. Then X = X i is a directed limit of algebraic spaces X i proper and of finite presentation over Y and with transition morphisms and morphisms X o ,lexical_candidate_only
proper-projective,186,label;section;text,0H7M,algebra-lemma-projective-modulo-two-ideals,algebra.tex,19453,lemma,Projective modules,"egin lemma Let R be a ring. Let I, J R be ideals such that I ap J = 0 . Let P be an R -module such that P/IP is a projective R/I -module and P/JP is a projective R/J -module. Then P is a projective R -module.",lexical_candidate_only
proper-projective,186,label;section;text,058Q,algebra-section-finite-projective,algebra.tex,20822,section,Descent for finite projective modules,Descent for finite projective modules In this section we give an elementary proof of the fact that the property of being a finite projective module descends along faithfully flat ring map,lexical_candidate_only
proper-projective,186,label;section;text,058Z,algebra-section-projective-local-ring,algebra.tex,21137,section,Projective modules over a local ring,Projective modules over a local ring In this section we prove a very cute result: a projective module M over a local ring is free (Theorem ef theorem-projective-free-over-local-ring b,lexical_candidate_only
proper-projective,186,label;section;text,0646,derived-lemma-projective-resolutions-exist,derived.tex,6753,lemma,Projective resolutions,"egin lemma Let A be an abelian category. Assume A has enough projectives. egin enumerate Any object of A has a projective resolution. If H n(K ullet) = 0 for all n 0 then K ullet has a projective resolution. If K ullet is a complex with K n = 0 for n > a , then there exists a pro",lexical_candidate_only
proper-projective,186,label;section;text,0F4J,descent-lemma-descending-property-proper-over-base,descent.tex,7604,lemma,Application of fpqc descent of properties of morphisms,"egin lemma Let f : X o Y be a morphism of schemes which is locally of finite type. Let Z be a closed subset of X . If there exists an fpqc covering \ Y i o Y\ such that the inverse image Z i Y i imes Y X is proper over Y i (Cohomology of Schemes, Definition ef coherent-definition",lexical_candidate_only
proper-projective,186,label;section;text,036I,descent-remark-properties-morphisms-local-source-standard,descent.tex,7840,remark,Properties of morphisms local on the source,egin remark (This is a repeat of Remarks ef remark-descending-properties-standard and ef remark-descending-properties-morphisms-standard above.) In Lemma ef lemma-properties-morphisms-local-source above if au = smooth then in condition (4) we may assume that the morphism is a (su,lexical_candidate_only
proper-projective,186,label;section;text,0347,descent-section-descending-properties,descent.tex,5711,section,Local properties of schemes,Local properties of schemes It often happens one can prove the members of a covering of a scheme have a certain property. In many cases this implies the scheme has the property to,lexical_candidate_only
proper-projective,186,label;section;text,09JZ,dga-section-projectives-over-algebras,dga.tex,1803,section,Projective modules over algebras,"Projective modules over algebras In this section we discuss projective modules over algebras analogous to Algebra, Section ef algebra-section-projective . This section should pro",lexical_candidate_only
proper-projective,186,label;section;text,0FQA,dga-section-projectives-over-graded-algebras,dga.tex,1836,section,Projective modules over graded algebras,"Projective modules over graded algebras In this section we discuss projective graded modules over graded algebras analogous to Algebra, Section ef algebra-section-projective . \",lexical_candidate_only
proper-projective,186,label;section;text,0FVZ,duality-lemma-duality-proper-over-field-CM,duality.tex,7058,lemma,Duality for proper schemes over fields,egin lemma Let X be a proper scheme over a field k which is Cohen-Macaulay and equidimensional of dimension d . The module X of Lemma ef lemma-duality-proper-over-field has the following properties egin enumerate X is a dualizing module on X (Section ef section-dualizing-module ),lexical_candidate_only
proper-projective,186,label;section;text,0E4H,duality-section-proper-flat,duality.tex,2606,section,Right adjoint of pushforward for proper flat morphisms,"Right adjoint of pushforward for proper flat morphisms For proper, flat, and finitely presented morphisms of quasi-compact and quasi-separated schemes the right adjoint of pushforward enjoys some remarkable propertie",lexical_candidate_only
proper-projective,186,label;section;text,08XY,dualizing-definition-projective-cover,dualizing.tex,407,definition,Projective covers,"egin definition Let R be a ring. A surjection P o M of R -modules is said to be a projective cover , or sometimes a projective envelope , if P is a projective R -module and P o M is an essential surjection.",lexical_candidate_only
proper-projective,186,label;section;text,0DVN,examples-defos-section-finite-projective-modules,examples-defos.tex,135,section,Finite projective modules,Finite projective modules This section is just a warmup. Of course finite projective modules should not have any ``moduli''. egin example [Finite projective modules],lexical_candidate_only
proper-projective,186,label;section;text,05JC,examples-lemma-noncomplete-completion,examples.tex,437,lemma,Noncomplete completion,"egin lemma There exists a local ring R and a maximal ideal m such that the completion R of R with respect to m has the following properties egin enumerate R is local, but its maximal ideal is not equal to m R , R is not a complete local ring, and R is not m -adically complete as ",lexical_candidate_only
proper-projective,186,label;section;text,0D1R,examples-lemma-proper-spaces-not-algebraic,examples.tex,5907,lemma,The stack of proper algebraic spaces is not algebraic,"egin lemma The stack in groupoids p' fp, flat, proper : ' fp, flat, proper fppf whose category of sections over a scheme S is the category of flat, proper, finitely presented algebraic spaces over S (see Quot, Section ef quot-section-stack-of-spaces ) is not an algebraic stack.",lexical_candidate_only
proper-projective,186,label;section;text,0AM6,formal-spaces-definition-proper,formal-spaces.tex,6779,definition,Proper morphisms,"egin definition Let S be a scheme. Let f : Y o X be a morphism of formal algebraic spaces over S . We say f is proper if f is representable by algebraic spaces and is proper in the sense of Bootstrap, Definition ef bootstrap-definition-property-transformation .",lexical_candidate_only
proper-projective,186,label;section;text,,homology-lemma-projective-effacement,homology.tex,10289,lemma,Projectives,"egin lemma egin reference ite[Chapter I, 1.10, pp. 135 and 137] Tohoku Let A be an abelian category. egin enumerate Every surjection P o A from a projective object is a projective effacement of A . The identity of an object P is a projective effacement if and only if P is project",lexical_candidate_only
proper-projective,186,label;section;text,0A5N,more-algebra-definition-projective-dimension,more-algebra.tex,18014,definition,Projective dimension,"egin definition Let R be a ring. Let K be an object of D(R) . We say K has finite projective dimension if K can be represented by a bounded complex of projective modules. We say K has projective-amplitude in [a, b] if K is quasi-isomorphic to a complex o 0 o P a o P a + 1 o o P b",lexical_candidate_only
proper-projective,186,label;section;text,0527,more-algebra-lemma-flattening-complete-local-noetherian-property-by-finite-type,more-algebra.tex,4462,lemma,Flattening over a Noetherian complete local ring,"egin lemma With notation R o S , M , and I and assumptions as in Lemma ef lemma-flattening-complete-local-noetherian . Consider a local homomorphism of local rings arphi : (R, m) o (R', m') such that R' is Noetherian. Then the following are equivalent egin enumerate condition (ef",lexical_candidate_only
proper-projective,186,label;section;text,0528,more-algebra-lemma-flattening-complete-local-universal-property,more-algebra.tex,4509,lemma,Flattening over a Noetherian complete local ring,"egin lemma With notation R o S , M , and I and assumptions as in Lemma ef lemma-flattening-complete-local-noetherian . In addition assume that R o S is of finite type. Then for any local homomorphism of local rings arphi : (R, m) o (R', m') the following are equivalent egin enume",lexical_candidate_only
proper-projective,186,label;section;text,0G95,more-algebra-lemma-ses-near-projective,more-algebra.tex,18430,lemma,Modules which are close to being projective,"egin lemma Let R be a ring. Let I R be an ideal. Let 0 o K o P o M o 0 be a short exact sequence of R -modules. If M is I -projective and P is projective, then K is I -projective.",lexical_candidate_only
proper-projective,186,label;section;text,0B44,more-morphisms-section-projective,more-morphisms.tex,14982,section,Projective schemes,Projective schemes This section is the analogue of Section ef section-quasi-projective for projective morphisms. egin lemma Let S be a scheme which,lexical_candidate_only
proper-projective,186,label;section;text,01W8,morphisms-definition-projective,morphisms.tex,10509,definition,Projective morphisms,"egin definition Let f : X o S be a morphism of schemes. egin enumerate We say f is projective if X is isomorphic as an S -scheme to a closed subscheme of a projective bundle P ( E ) for some quasi-coherent, finite type O S -module E . We say f is H-projective if there exists an i",lexical_candidate_only
proper-projective,186,label;section;text,03GN,morphisms-lemma-image-proper-is-proper,morphisms.tex,10075,lemma,Proper morphisms,"egin lemma Let S be a scheme. Let f : X o Y be a morphism of schemes over S . If X is universally closed over S and f is surjective then Y is universally closed over S . In particular, if also Y is separated and locally of finite type over S , then Y is proper over S .",lexical_candidate_only
proper-projective,186,label;section;text,01W0,morphisms-section-proper,morphisms.tex,9866,section,Proper morphisms,Proper morphisms The notion of a proper morphism plays an important role in algebraic geometry. An important example of a proper morphism will be the structure morphism P n,lexical_candidate_only
proper-projective,186,label;section;text,01SQ,morphisms-section-properties-ring-maps,morphisms.tex,2415,section,Types of morphisms defined by properties of ring maps,Types of morphisms defined by properties of ring maps In this section we study what properties of ring maps allow one to define local properties of morphisms of schemes. egin definition definitio,lexical_candidate_only
proper-projective,186,label;section;text,041J,spaces-descent-lemma-descending-properties-morphisms,spaces-descent.tex,1095,lemma,Descending properties of morphisms,"egin lemma Let S be a scheme. Let P be a property of morphisms of algebraic spaces over S . Assume egin enumerate if X i o Y i , i = 1, 2 have property P so does X 1 X 2 o Y 1 Y 2 , a morphism of algebraic spaces f : X o Y has property P if and only if for every affine scheme Z a",lexical_candidate_only
proper-projective,186,label;section;text,0CFY,spaces-descent-section-properties-etale-smooth-local-source-target,spaces-descent.tex,2897,section,Properties of morphisms etale-smooth local on source-and-target,Properties of morphisms etale-smooth local on source-and-target This section is the analogue of Section ef section-properties-local-source-target for properties of morphisms which are etal,lexical_candidate_only
proper-projective,186,label;section;text,02WJ,spaces-lemma-morphism-schemes-gives-representable-transformation-property,spaces.tex,543,lemma,Properties of representable morphisms of presheaves,"egin lemma Let S , X , Y be objects of fppf . Let f : X o Y be a morphism of schemes. Let P be as in Definition ef definition-relative-representable-property . Then h X h Y has property P if and only if f has property P .",lexical_candidate_only
proper-projective,186,label;section;text,08K1,spaces-limits-lemma-eventually-proper,spaces-limits.tex,1806,lemma,Descending properties of morphisms,"egin lemma Assumptions and notation as in Situation ef situation-descent-property . If egin enumerate f is proper, and f 0 is locally of finite type, then there exists an i such that f i is proper.",lexical_candidate_only
proper-projective,186,label;section;text,0A0X,spaces-limits-lemma-proper-limit-of-proper-finite-presentation-noetherian,spaces-limits.tex,2968,lemma,Approximating proper morphisms,"egin lemma Let f : X o Y be a proper morphism of algebraic spaces over Z with Y quasi-compact and quasi-separated. Then there exists a directed set I , an inverse system (f i : X i o Y i) of morphisms of algebraic spaces over I , such that the transition morphisms X i o X i' and ",lexical_candidate_only
proper-projective,186,label;section;text,0DFW,spaces-more-cohomology-section-proper-base-change,spaces-more-cohomology.tex,141,section,Proper base change,Proper base change The proper base change theorem for algebraic spaces follows from the proper base change theorem for schemes and Chow's lemma with a little bit of work. \,lexical_candidate_only
proper-projective,186,label;section;text,0GV3,spaces-more-morphisms-lemma-resolution-property-affine-diagonal,spaces-more-morphisms.tex,13771,lemma,The resolution property,"egin lemma Let S be a scheme. Let X be a quasi-compact and quasi-separated algebraic space with the resolution property. Then X has affine diagonal over Z (as in Properties of Spaces, Definition ef spaces-properties-definition-separated ).",lexical_candidate_only
proper-projective,186,label;section;text,03ZL,spaces-morphisms-section-proper,spaces-morphisms.tex,7877,section,Proper morphisms,Proper morphisms The notion of a proper morphism plays an important role in algebraic geometry. Here is the definition of a proper morphism of algebraic spaces. egin definition,lexical_candidate_only
proper-projective,186,label;section;text,0CQK,stacks-morphisms-lemma-image-proper-is-proper,stacks-morphisms.tex,8482,lemma,Proper morphisms,"egin lemma Let Z be an algebraic stack. Let f : X o Y be a morphism of algebraic stacks over Z . If X is universally closed over Z and f is surjective then Y is universally closed over Z . In particular, if also Y is separated and of finite type over Z , then Y is proper over Z .",lexical_candidate_only
proper-projective,186,label;section;text,0CL4,stacks-morphisms-section-proper,stacks-morphisms.tex,8364,section,Proper morphisms,Proper morphisms The notion of a proper morphism plays an important role in algebraic geometry. Here is the definition of a proper morphism of algebraic stacks. egin definition,lexical_candidate_only
proper-projective,186,label;section;text,005M,topology-section-proper,topology.tex,3201,section,Characterizing proper maps,Characterizing proper maps We include a section discussing the notion of a proper map in usual topology. We define a continuous map of topological spaces to be proper if it is universally,lexical_candidate_only
proper-projective,186,label;section;text,0B2N,varieties-section-projective-space,varieties.tex,6417,section,Projective space,Projective space Some results on projective space over a field. egin lemma egin slogan Projective space is smooth.,lexical_candidate_only
proper-projective,185,label;section;text,05CE,algebra-definition-projective,algebra.tex,19265,definition,Projective modules,"egin definition egin reference ite[Chapter II, 4, no. 50, opening definition, p. 242] FAC egin history The cited source defines a projective module as a direct summand of a free module. This is condition (2) of Lemma ef lemma-characterize-projective ; the definition below instead",lexical_candidate_only
proper-projective,185,label;section;text,065Q,algebra-lemma-direct-sum-projective,algebra.tex,19356,lemma,Projective modules,egin lemma A direct sum of projective modules is projective.,lexical_candidate_only
proper-projective,185,label;section;text,00O1,algebra-lemma-finite-projective-descends,algebra.tex,19776,lemma,Finite projective modules,egin lemma Let R o S be a flat local homomorphism of local rings. Let M be a finite R -module. Then M is finite projective over R if and only if M R S is finite projective over S .,lexical_candidate_only
proper-projective,185,label;section;text,0D47,algebra-lemma-lift-finite-projective-module,algebra.tex,19390,lemma,Projective modules,egin lemma Let R be a ring. Let I R be a locally nilpotent ideal. Let P be a finite projective R/I -module. Then there exists a finite projective R -module P such that P/IP ong P .,lexical_candidate_only
proper-projective,185,label;section;text,05CG,algebra-lemma-lift-projective,algebra.tex,19416,lemma,Projective modules,"egin lemma Let R be a ring. Let I R be an ideal. Let M be an R -module. Assume egin enumerate I is nilpotent, M/IM is a projective R/I -module, M is a flat R -module. Then M is a projective R -module.",lexical_candidate_only
proper-projective,185,label;section;text,07LV,algebra-lemma-lift-projective-module,algebra.tex,19367,lemma,Projective modules,egin lemma Let R be a ring. Let I R be a nilpotent ideal. Let P be a projective R/I -module. Then there exists a projective R -module P such that P/IP ong P .,lexical_candidate_only
proper-projective,185,label;section;text,0590,algebra-lemma-projective-free,algebra.tex,21148,lemma,Projective modules over a local ring,egin lemma Let R be a ring. Then every projective R -module is free if and only if every countably generated projective R -module is free.,lexical_candidate_only
proper-projective,185,label;section;text,059Y,algebra-remark-characterize-projective,algebra.tex,22779,remark,Characterizing projective modules,"egin remark Lemma ef lemma-countgen-projective does not hold without the countable generation assumption. For example, the Z -module M = Z [[x]] is flat and Mittag-Leffler but not projective. It is Mittag-Leffler by Lemma ef lemma-power-series-ML . Subgroups of free abelian group",lexical_candidate_only
proper-projective,185,label;section;text,0336,algebra-section-ascending-properties,algebra.tex,47038,section,Ascending properties,Ascending properties In this section we start proving some algebraic facts concerning the ``ascent'' of properties of rings. To do this for depth of rings one uses the follo,lexical_candidate_only
proper-projective,185,label;section;text,059V,algebra-section-characterize-projective,algebra.tex,22732,section,Characterizing projective modules,"Characterizing projective modules The goal of this section is to prove that a module is projective if and only if it is flat, Mittag-Leffler, and a direct sum of countably generated m",lexical_candidate_only
proper-projective,185,label;section;text,033D,algebra-section-descending-properties,algebra.tex,47378,section,Descending properties,Descending properties In this section we start proving some algebraic facts concerning the ``descent'' of properties of rings. It turns out that it is often ``easier'' to de,lexical_candidate_only
proper-projective,185,label;section;text,05CD,algebra-section-projective,algebra.tex,19259,section,Projective modules,"Projective modules Some lemmas on projective modules. egin definition egin reference ite[Chapter II, 4, no. 50, opening definition, p. 242]",lexical_candidate_only
proper-projective,185,label;section;text,0593,algebra-theorem-projective-free-over-local-ring,algebra.tex,21230,theorem,Projective modules over a local ring,"egin theorem egin slogan Projective modules over local rings are free. If P is a projective module over a local ring R , then P is free.",lexical_candidate_only
proper-projective,185,label;section;text,045C,algebraic-lemma-base-change-representable-transformations-property,algebraic.tex,963,lemma,Properties of morphisms representable by algebraic spaces,"egin lemma Let S be a scheme contained in fppf . Let X , Y , Z be categories fibred in groupoids over ( /S) fppf . Let P be a property as in Definition ef definition-relative-representable-property . Let f : X o Y be a 1 -morphism representable by algebraic spaces. Let g : Z o Y ",lexical_candidate_only
proper-projective,185,label;section;text,045B,algebraic-lemma-composition-representable-transformations-property,algebraic.tex,942,lemma,Properties of morphisms representable by algebraic spaces,"egin lemma Let S be a scheme contained in fppf . Let X , Y , Z be categories fibred in groupoids over ( /S) fppf . Let P be a property as in Definition ef definition-relative-representable-property which is stable under composition. Let f : X o Y , g : Y o Z be 1 -morphisms which",lexical_candidate_only
proper-projective,185,label;section;text,045D,algebraic-lemma-descent-representable-transformations-property,algebraic.tex,991,lemma,Properties of morphisms representable by algebraic spaces,"egin lemma Let S be a scheme contained in fppf . Let X , Y , Z be categories fibred in groupoids over ( /S) fppf . Let P be a property as in Definition ef definition-relative-representable-property . Let f : X o Y be a 1 -morphism representable by algebraic spaces. Let g : Z o Y ",lexical_candidate_only
proper-projective,185,label;section;text,045A,algebraic-lemma-map-presheaves-representable-by-spaces-transformation-property,algebraic.tex,901,lemma,Properties of morphisms representable by algebraic spaces,"egin lemma Let S be a scheme contained in fppf . Let a : F o G be a map of presheaves on ( /S) fppf . Let P be as in Definition ef definition-relative-representable-property . Assume a is representable by algebraic spaces. Then a : F o G has property P (see Bootstrap, Definition ",lexical_candidate_only
proper-projective,185,label;section;text,045E,algebraic-lemma-product-representable-transformations-property,algebraic.tex,1022,lemma,Properties of morphisms representable by algebraic spaces,"egin lemma Let S be a scheme contained in fppf . Let P be a property as in Definition ef definition-relative-representable-property which is stable under composition. Let X i, Y i be categories fibred in groupoids over ( /S) fppf , i = 1, 2 . Let f i : X i o Y i , i = 1, 2 be 1 -",lexical_candidate_only
proper-projective,185,label;section;text,045F,algebraic-lemma-representable-transformations-property-implication,algebraic.tex,1047,lemma,Properties of morphisms representable by algebraic spaces,"egin lemma Let S be a scheme contained in fppf . Let X , Y be categories fibred in groupoids over ( /S) fppf . Let f : X o Y be a 1 -morphism representable by algebraic spaces. Let P , P ' be properties as in Definition ef definition-relative-representable-property . Suppose that",lexical_candidate_only
proper-projective,185,label;section;text,046F,bootstrap-lemma-base-change-transformation-property,bootstrap.tex,510,lemma,Properties of maps of presheaves representable by algebraic spaces,egin lemma Let S be a scheme. Let P be a property as in Definition ef definition-property-transformation . Let G' imes G F a' F a \\ G' G be a fibre square of presheaves on ( /S) fppf . If a is representable by algebraic spaces and has P so does a' .,lexical_candidate_only
proper-projective,185,label;section;text,046G,bootstrap-lemma-composition-transformation-property,bootstrap.tex,531,lemma,Properties of maps of presheaves representable by algebraic spaces,"egin lemma Let S be a scheme. Let P be a property as in Definition ef definition-property-transformation , and assume P is stable under composition. Let F a G b H be maps of presheaves on ( /S) fppf . If a , b are representable by algebraic spaces and has P so does b irc a .",lexical_candidate_only
proper-projective,185,label;section;text,046H,bootstrap-lemma-product-transformations-property,bootstrap.tex,554,lemma,Properties of maps of presheaves representable by algebraic spaces,"egin lemma Let S be a scheme. Let F i, G i : ( /S) fppf opp o extit Sets , i = 1, 2 . Let a i : F i o G i , i = 1, 2 be representable by algebraic spaces. Let P be a property as in Definition ef definition-property-transformation which is stable under composition. If a 1 and a 2 ",lexical_candidate_only
proper-projective,185,label;section;text,0AM1,bootstrap-lemma-transformations-property-implication,bootstrap.tex,573,lemma,Properties of maps of presheaves representable by algebraic spaces,"egin lemma Let S be a scheme. Let F, G : ( /S) fppf opp o extit Sets . Let a : F o G be a transformation of functors representable by algebraic spaces. Let P , P ' be properties as in Definition ef definition-property-transformation . Suppose that for any morphism f : X o Y of al",lexical_candidate_only
proper-projective,185,label;section;text,02TX,chow-lemma-chow-ring-projective-bundle,chow.tex,6932,lemma,Projective space bundle formula,"egin lemma [Projective space bundle formula] Let (S, elta) be as in Situation ef situation-setup . Let X be locally of finite type over S . Let E be a finite locally free O X -module E of rank r . Let ( : P o X, O P(1)) be the projective bundle associated to E . The map igoplus i",lexical_candidate_only
proper-projective,185,label;section;text,0CYM,coherent-definition-proper-over-base,coherent.tex,8174,definition,Being proper over a base,egin definition Let f : X o S be a morphism of schemes which is locally of finite type. Let Z X be a closed subset. We say Z is proper over S if the equivalent conditions of Lemma ef lemma-closed-proper-over-base are satisfied.,lexical_candidate_only
proper-projective,185,label;section;text,0CYP,coherent-lemma-base-change-closed-proper-over-base,coherent.tex,8200,lemma,Being proper over a base,"egin lemma Consider a cartesian diagram of schemes X' f' g' X f \\ S' g S with f locally of finite type. If Z is a closed subset of X proper over S , then (g') -1 (Z) is a closed subset of X' proper over S' .",lexical_candidate_only
comparison-cohomology,232,label;chapter;section;text,,gaga-section-gaga-statements,gaga.tex,1049,section,The GAGA comparison theorems,"The GAGA comparison theorems egin theorem [Cohomology comparison] egin reference ite[ 3, no. 12, Theorem 1] GAGA Let X be a projective a",lexical_candidate_only
comparison-cohomology,231,label;chapter;section;text,,gaga-theorem-gaga-cohomology,gaga.tex,1052,theorem,The GAGA comparison theorems,"egin theorem [Cohomology comparison] egin reference ite[ 3, no. 12, Theorem 1] GAGA Let X be a projective algebraic variety over C and let F be a coherent O X -module. For every q 0 , the map q F :H q(X, F) H q(X an , F an ) is an isomorphism. In particular, (X, F) (X an , F an )",lexical_candidate_only
comparison-cohomology,231,label;chapter;section;text,,gaga-theorem-gaga-essential-surjectivity,gaga.tex,1088,theorem,The GAGA comparison theorems,"egin theorem [Essential surjectivity] egin reference ite[ 3, no. 12, Theorem 3] GAGA Let X be a projective algebraic variety over C . Every coherent O X an -module M is isomorphic to F an for a coherent O X -module F . The module F is unique up to isomorphism; moreover, every ana",lexical_candidate_only
comparison-cohomology,231,label;chapter;section;text,,gaga-theorem-gaga-fully-faithful,gaga.tex,1072,theorem,The GAGA comparison theorems,"egin theorem [Full faithfulness] egin reference ite[ 3, no. 12, Theorem 2] GAGA Let X be a projective algebraic variety over C and let F, G be coherent O X -modules. Analytification induces a bijection m Hom O X ( F, G) m Hom O X an ( F an , G an ).",lexical_candidate_only
comparison-cohomology,210,label;chapter;section,,gaga-remark-gaga-comparison-factorization,gaga.tex,1116,remark,The GAGA comparison theorems,"egin remark [The intermediate inverse-image sheaf] The comparison map factors canonically as H q(X, F) H q(X an ,a X -1 F) H q(X an , F an ). The first arrow need not be an isomorphism. For example, let X be an irreducible projective variety whose analytification has a nonzero Be",lexical_candidate_only
comparison-cohomology,210,label;chapter;section,,gaga-remark-gaga-projectivity-essential,gaga.tex,1103,remark,The GAGA comparison theorems,"egin remark [Projectivity is essential] For X= A 1 C and F= O X , the degree-zero comparison map is C[z] ( C, O C ), whose target is the ring of entire functions. It is not surjective. Thus the projectivity hypothesis in the comparison theorems cannot simply be discarded.",lexical_candidate_only
comparison-cohomology,161,label;chapter;text,,gaga-lemma-gaga-essential-surjectivity-projective-reduction,gaga.tex,1359,lemma,Essential surjectivity: preliminaries and reduction,"egin lemma Uniqueness in Theorem ef theorem-gaga-essential-surjectivity follows from Theorem ef theorem-gaga-fully-faithful . For existence, it is enough to prove the theorem when X= P r C .",lexical_candidate_only
comparison-cohomology,161,label;chapter;text,,gaga-remark-line-bundles-gaga,gaga.tex,1893,remark,Algebraic and analytic principal bundles,"egin remark [Line bundles and the historical formulation] For n=1 , Proposition ef proposition-general-linear-principal-bundles-gaga is the isomorphism m Pic (X) m Pic (X m an ). Serre's remarks after Proposition 18 in ite[ 4, no. 20] GAGA express this in terms of divisor classes",lexical_candidate_only
comparison-cohomology,161,label;chapter;text,,gaga-section-completion-gaga-essential-surjectivity,gaga.tex,1529,section,Completion of essential surjectivity,"Completion of essential surjectivity egin proof [Completion of the proof of Theorem ef theorem-gaga-essential-surjectivity ] It remains, by Lemma ef lemma-gaga-essential-surje",lexical_candidate_only
comparison-cohomology,160,label;chapter;text,,gaga-proposition-additive-principal-bundles-gaga,gaga.tex,1843,proposition,Algebraic and analytic principal bundles,"egin proposition egin reference ite[ 4, no. 20, Proposition 17] GAGA If X is a projective algebraic variety over C and G= G a , then arepsilon G is bijective.",lexical_candidate_only
comparison-cohomology,160,label;chapter;text,,gaga-proposition-general-linear-principal-bundles-gaga,gaga.tex,1861,proposition,Algebraic and analytic principal bundles,"egin proposition egin reference ite[ 4, no. 20, Proposition 18] GAGA If X is a projective algebraic variety over C and G= m GL n , then arepsilon G is bijective.",lexical_candidate_only
comparison-cohomology,160,label;chapter;text,,gaga-proposition-rational-section-principal-bundles-gaga,gaga.tex,1957,proposition,Algebraic and analytic principal bundles,"egin proposition egin reference ite[ 4, no. 20, Proposition 20] GAGA Let G m GL n satisfy extup (R) . For every projective algebraic variety X over C , the map arepsilon G:H 1 m Zar (X,G) H 1 m an (X m an ,G m an ) is bijective.",lexical_candidate_only
comparison-cohomology,160,label;chapter;text,,gaga-subsection-gaga-chow,gaga.tex,1658,subsection,Chow's theorem and algebraicity,"Chow's theorem and algebraicity egin theorem [Chow] egin reference ite[ 4, no. 19, Proposition 13] GAGA Let X be a projective",lexical_candidate_only
comparison-cohomology,160,label;chapter;text,,gaga-subsection-gaga-principal-bundles,gaga.tex,1791,subsection,Algebraic and analytic principal bundles,"Algebraic and analytic principal bundles egin definition egin reference ite[ 4, no. 20] GAGA Let G be an algebrai",lexical_candidate_only
comparison-cohomology,158,label;chapter;text,,gaga-definition-analytic-module,gaga.tex,183,definition,Analytic modules and Oka--Cartan coherence,"egin definition egin reference ite[ 1, no. 3, p. 5] GAGA Let X be a Serre complex analytic space. An analytic module on X is an O X -module. It is coherent if it is coherent in the sense of Modules, Definition ef modules-definition-coherent .",lexical_candidate_only
comparison-cohomology,158,label;chapter;text,,gaga-definition-analytic-subset,gaga.tex,37,definition,Analytic subsets of complex affine space,"egin definition egin reference ite[ 1, no. 1, pp. 3--4] GAGA Let n 0 and endow C n with its usual topology. A subset U C n is an analytic subset in the sense of Serre if, for every x U , there are an open neighbourhood W of x and holomorphic functions f 1, , f k on W such that U ",lexical_candidate_only
comparison-cohomology,158,label;chapter;text,,gaga-definition-analytification-module,gaga.tex,876,definition,Analytification of modules,"egin definition egin reference ite[ 3, no. 9, Definition 2] GAGA Let X be an algebraic variety over C and let a X:X an o X be the canonical morphism of locally ringed spaces of Proposition ef proposition-analytification . For an O X -module F , its it analytification is F an =a X",lexical_candidate_only
comparison-cohomology,158,label;chapter;text,,gaga-definition-holomorphic-map-analytic-subsets,gaga.tex,68,definition,Analytic subsets of complex affine space,"egin definition egin reference ite[ 1, no. 1, pp. 3--4] GAGA Let U C r and V C s be analytic subsets. A map arphi:Uo V is holomorphic if it is continuous and composition with arphi sends every germ in O V,arphi(x) to a germ in O U,x for every x U . Equivalently, the s coordinate ",lexical_candidate_only
comparison-cohomology,158,label;chapter;text,,gaga-definition-principal-bundle-analytification-map,gaga.tex,1794,definition,Algebraic and analytic principal bundles,"egin definition egin reference ite[ 4, no. 20] GAGA Let G be an algebraic group over C and let X be an algebraic variety over C . Write H 1 m Zar (X,G) for the pointed set of isomorphism classes of Zariski locally trivial principal G -bundles and H 1 m an (X m an ,G m an ) for th",lexical_candidate_only
comparison-cohomology,158,label;chapter;text,,gaga-definition-rational-section-condition,gaga.tex,1944,definition,Algebraic and analytic principal bundles,"egin definition egin reference ite[ 4, no. 20, condition (R)] GAGA A closed algebraic subgroup G m GL n satisfies extup (R) if the quotient exists and the projection m GL n/G m GL n has a rational section.",lexical_candidate_only
comparison-cohomology,158,label;chapter;text,,gaga-definition-serre-analytic-space,gaga.tex,117,definition,Serre complex analytic spaces,"egin definition egin reference ite[ 1, no. 2, pp. 4--5] GAGA A complex analytic space in the sense of Serre is a Hausdorff topological space X together with a subsheaf of C -algebras O X C X such that X has an open covering X=igcup V i for which every ringed space (V i, O X| V i ",lexical_candidate_only
comparison-cohomology,158,label;chapter;text,,gaga-lemma-analytic-germ-local-algebra,gaga.tex,283,lemma,Local analytic algebras,"egin lemma egin reference ite[ 1, no. 4, p. 6] GAGA The local analytic C -algebra O X,x determines the germ of a Serre complex analytic space X at x . More precisely, an isomorphism of local analytic C -algebras O X,x ong O Y,y is induced contravariantly by an isomorphism of anal",lexical_candidate_only
comparison-cohomology,158,label;chapter;text,,gaga-lemma-analytification-exact-faithful-coherent,gaga.tex,919,lemma,Analytification of modules,"egin lemma egin reference ite[ 3, no. 9, Proposition 10] GAGA Let X be an algebraic variety over C . egin enumerate The functor F F an on O X -modules is exact. The map F :a X -1 Fo F an is injective for every F . If F is coherent, then F an is a coherent analytic module.",lexical_candidate_only
comparison-cohomology,158,label;chapter;text,,gaga-lemma-analytification-pushforward-closed-immersion,gaga.tex,964,lemma,Closed immersions and analytification,"egin lemma egin reference ite[ 3, no. 10, Proposition 11] GAGA Let i:Zo X be a closed immersion of algebraic varieties over C , and let F be a coherent O Z -module. There is a canonical isomorphism (i * F) an i an *( F an ).",lexical_candidate_only
comparison-cohomology,158,label;chapter;text,,gaga-lemma-components-dimension-analytic-space,gaga.tex,331,lemma,Local analytic algebras,"egin lemma egin reference ite[ 1, no. 4, pp. 6--7] GAGA Let X be a Serre complex analytic space and x X . egin enumerate The irreducible components X i of the germ (X,x) correspond to the finitely many minimal primes p i of O X,x , and 0=igcap i p i, O X i,x = O X,x / p i. The an",lexical_candidate_only
comparison-cohomology,158,label;chapter;text,,gaga-lemma-local-analytic-algebra,gaga.tex,256,lemma,Local analytic algebras,"egin lemma egin reference ite[ 1, no. 4, p. 6] GAGA Let X be a Serre complex analytic space and x X . There are an integer n 0 and a radical ideal a C\ z 1, ,z n\ such that O X,x ong C\ z 1, ,z n\ / a as local C -algebras. Its maximal ideal consists of germs vanishing at x , its ",lexical_candidate_only
comparison-cohomology,158,label;chapter;text,,gaga-lemma-serre-analytic-subspaces-products,gaga.tex,156,lemma,Serre complex analytic spaces,"egin lemma egin reference ite[ 1, no. 2, p. 5] GAGA Let X and X' be Serre complex analytic spaces. egin enumerate Every analytic subspace of X is locally closed and the induced structure is independent of the chosen charts. There is a unique Serre complex analytic-space structure",lexical_candidate_only
comparison-cohomology,158,label;chapter;text,,gaga-lemma-simple-point-regular-local,gaga.tex,303,lemma,Local analytic algebras,"egin lemma egin reference ite[ 1, no. 4, p. 6] GAGA Let X be a Serre complex analytic space and x X . The following are equivalent for n 0 : egin enumerate the germ (X,x) is isomorphic to ( C n,0) ; O X,x ong C\ z 1, ,z n\ ; O X,x is a regular local ring of dimension n in the sen",lexical_candidate_only
comparison-cohomology,158,label;chapter;text,,gaga-proposition-algebraize-reduction-structure-group,gaga.tex,1908,proposition,Algebraic and analytic principal bundles,"egin proposition [Algebraizing a reduction of structure group] egin reference ite[ 4, no. 20, Proposition 19] GAGA Let H G be algebraic groups over C . Assume that the quotient G/H exists as an algebraic variety and that Go G/H has a rational section. Let X be a proper algebraic ",lexical_candidate_only
comparison-cohomology,158,label;chapter;text,,gaga-proposition-compact-analytic-subspace-algebraic,gaga.tex,1702,proposition,Chow's theorem and algebraicity,"egin proposition egin reference ite[ 4, no. 19, Proposition 14] GAGA Let X be an algebraic variety over C . Every compact closed reduced analytic subspace Y X m an is algebraic: there is a unique closed reduced subscheme Z X with Z m an =Y .",lexical_candidate_only
comparison-cohomology,158,label;chapter;text,,gaga-proposition-conjugate-smooth-projective-betti-numbers,gaga.tex,1584,proposition,Conjugation and Betti numbers,"egin proposition egin reference ite[ 4, no. 18, Proposition 12] GAGA Let X be a smooth projective algebraic variety over C . Then X m an and (X ) m an have the same Betti numbers.",lexical_candidate_only
comparison-cohomology,158,label;chapter;text,,gaga-proposition-holomorphic-map-from-proper-is-regular,gaga.tex,1749,proposition,Chow's theorem and algebraicity,"egin proposition egin reference ite[ 4, no. 19, Proposition 15] GAGA Let X be a proper algebraic variety over C and let Y be an algebraic variety over C . Every holomorphic map f:X m an Y m an is the analytification of a unique morphism Xo Y .",lexical_candidate_only
comparison-cohomology,158,label;chapter;text,,gaga-proposition-principal-bundle-analytification-injective,gaga.tex,1819,proposition,Algebraic and analytic principal bundles,"egin proposition egin reference ite[ 4, no. 20, Proposition 16] GAGA If X is a proper algebraic variety over C , then arepsilon G is injective. More precisely, every analytic isomorphism between the analytifications of two algebraic principal G -bundles is algebraic.",lexical_candidate_only
comparison-cohomology,158,label;chapter;text,,gaga-remark-conjugate-varieties-historical,gaga.tex,1648,remark,Conjugation and Betti numbers,"egin remark [Historical scope] Serre observed in ite[ 4, no. 18] GAGA that a conjugate pair need not be analytically isomorphic (elliptic curves already show this), and asked there whether such a pair must be homeomorphic. This historical question is not an input to Proposition e",lexical_candidate_only
comparison-cohomology,158,label;chapter;text,,gaga-remark-rational-section-condition-examples,gaga.tex,1981,remark,Algebraic and analytic principal bundles,"egin remark [Examples and historical boundary] Condition extup (R) holds for solvable subgroups by Rosenlicht's theorem, for m SL n via the determinant section, and for m Sp 2m by rational symplectic Gram--Schmidt. Serre also records in ite[ 4, no. 20] GAGA the then-open simply c",lexical_candidate_only
comparison-cohomology,158,label;chapter;text,,gaga-section-analytic-modules,gaga.tex,180,section,Analytic modules and Oka--Cartan coherence,"Analytic modules and Oka--Cartan coherence egin definition egin reference ite[ 1, no. 3, p. 5] GAGA Let X be a Serre complex analytic space. An",lexical_candidate_only
comparison-cohomology,158,label;chapter;text,,gaga-section-analytic-subsets,gaga.tex,34,section,Analytic subsets of complex affine space,"Analytic subsets of complex affine space egin definition egin reference ite[ 1, no. 1, pp. 3--4] GAGA Let n 0 and endow C n with",lexical_candidate_only
comparison-cohomology,158,label;chapter;text,,gaga-section-analytification-closed-immersions,gaga.tex,961,section,Closed immersions and analytification,"Closed immersions and analytification egin lemma egin reference ite[ 3, no. 10, Proposition 11] GAGA",lexical_candidate_only
comparison-cohomology,158,label;chapter;text,,gaga-section-analytification-cohomology-map,gaga.tex,1002,section,The cohomology comparison map,"The cohomology comparison map egin definition [Cohomology comparison map] egin reference ite[ 3, no. 11] GAGA refer",lexical_candidate_only
comparison-cohomology,158,label;chapter;text,,gaga-section-analytification-modules,gaga.tex,873,section,Analytification of modules,"Analytification of modules egin definition egin reference ite[ 3, no. 9, Definition 2] GAGA Let X be an algebraic v",lexical_candidate_only
comparison-cohomology,158,label;chapter;text,,gaga-section-introduction,gaga.tex,21,section,Introduction,Introduction This chapter develops the complex-analytic foundations needed to state and prove the comparison theorems usually called GAGA. The initial sections use the reduc,lexical_candidate_only
comparison-cohomology,158,label;chapter;text,,gaga-section-local-analytic-algebras,gaga.tex,253,section,Local analytic algebras,"Local analytic algebras egin lemma egin reference ite[ 1, no. 4, p. 6] GAGA Let X be a Serre complex analytic space a",lexical_candidate_only
comparison-cohomology,158,label;chapter;text,,gaga-section-phantom,gaga.tex,16,section,,preamble egin document itle Complex Analytic Spaces and GAGA ableofcontents Introduction This chapter develops the complex-analytic foundations needed to state and prove the compariso,lexical_candidate_only
comparison-cohomology,158,label;chapter;text,,gaga-section-serre-analytic-spaces,gaga.tex,114,section,Serre complex analytic spaces,"Serre complex analytic spaces egin definition egin reference ite[ 1, no. 2, pp. 4--5] GAGA A complex analytic space in",lexical_candidate_only
comparison-cohomology,158,label;chapter;text,,gaga-theorem-chow-closed-analytic-projective,gaga.tex,1661,theorem,Chow's theorem and algebraicity,"egin theorem [Chow] egin reference ite[ 4, no. 19, Proposition 13] GAGA Let X be a projective algebraic variety over C . Every closed reduced analytic subspace Y X m an is the analytification of a unique closed reduced subscheme of X .",lexical_candidate_only
comparison-cohomology,158,label;chapter;text,,gaga-theorem-oka-cartan-coherence,gaga.tex,207,theorem,Analytic modules and Oka--Cartan coherence,"egin theorem [Oka--Cartan coherence] egin reference ite[ 1, Proposition 1, pp. 5--6] GAGA Let X be a Serre complex analytic space. egin enumerate The O X -module O X is coherent. If Y X is a closed analytic subspace, then its vanishing ideal J Y is a coherent O X -module.",lexical_candidate_only
comparison-cohomology,139,label;chapter,,gaga-section-gaga-analytic-twists,gaga.tex,1400,section,Analytic twists and global generation,Analytic twists and global generation We now fix X= P r C and argue by induction on r for essential surjectivity. The case r=0 is the equivalence between finite dimensional comp,lexical_candidate_only
comparison-cohomology,139,label;chapter,,gaga-section-gaga-applications,gaga.tex,1571,section,Applications of the comparison theorems,"Applications of the comparison theorems Conjugation and Betti numbers Let m Aut ( C) . For a scheme X over C , writ",lexical_candidate_only
comparison-cohomology,139,label;chapter,,gaga-section-gaga-essential-surjectivity-preliminaries,gaga.tex,1330,section,Essential surjectivity: preliminaries and reduction,Essential surjectivity: preliminaries and reduction egin lemma Let i:Yo X be a closed immersion of complex analytic spaces whose structur,lexical_candidate_only
comparison-cohomology,139,label;chapter,,gaga-section-proof-gaga-cohomology,gaga.tex,1140,section,Proof of the cohomology comparison theorem,Proof of the cohomology comparison theorem We first record the two analytic inputs used to start and bound the proof. They are deliberately visible: neither is a formal consequence of the algebraic cohomo,lexical_candidate_only
comparison-cohomology,139,label;chapter,,gaga-section-proof-gaga-fully-faithful,gaga.tex,1281,section,Proof of full faithfulness,"Proof of full faithfulness egin lemma Let X be a variety over C and let F, G be coherent O X -mod",lexical_candidate_only
comparison-cohomology,139,label;chapter,,gaga-subsection-gaga-betti-numbers,gaga.tex,1574,subsection,Conjugation and Betti numbers,"Conjugation and Betti numbers Let m Aut ( C) . For a scheme X over C , write X =Ximes m Spec ( C), m Spec (",lexical_candidate_only
comparison-cohomology,137,label;chapter,,gaga-construction-analytification-cohomology-map,gaga.tex,1005,construction,The cohomology comparison map,"F z O Z,z O Z an ,z . Proposition ef proposition-analytification-closed-ideal gives O Z an ,z = O Z,z O X,z O X an ,z . Associativity of tensor product identifies the two stalks, and the identification is the stalk of the canonical map. The cohomology comparison map egin definiti",lexical_candidate_only
comparison-cohomology,137,label;chapter,,gaga-corollary-compact-analytic-space-unique-algebraization,gaga.tex,1773,corollary,Chow's theorem and algebraicity,The graph f is a compact closed analytic subspace of (Ximes C Y) m an . Proposition ef proposition-compact-analytic-subspace-algebraic makes it the analytification of a closed reduced subvariety of Ximes C Y . Proposition ef proposition-algebraic-graph-holomorphic-regular therefo,lexical_candidate_only
comparison-cohomology,137,label;chapter,,gaga-corollary-number-field-embeddings-betti-numbers,gaga.tex,1630,corollary,Conjugation and Betti numbers,"h p,q (X m an ) and h p,q ((X ) m an ), respectively, where h p,q (M)=im C H q(M, p M). Finally, a smooth projective analytification is compact Kahler. Hodge decomposition (using the Dolbeault resolution and the Kahler identities), which is an external analytic input here, gives ",lexical_candidate_only
comparison-cohomology,137,label;chapter,,gaga-definition-analytic-subspace,gaga.tex,147,definition,Serre complex analytic spaces,"egin definition Let X be a Serre complex analytic space. A subset Y X is an analytic subspace if, in every analytic chart Vo U , the image of Yap V is an analytic subset of U . It has the induced analytic-space structure. When Y is closed in X , we call it a closed analytic subsp",lexical_candidate_only
comparison-cohomology,137,label;chapter,,gaga-definition-coherent-analytic-twist,gaga.tex,1407,definition,Analytic twists and global generation,"egin definition For a coherent analytic module M on X an and n Z , set M(n)= M O X an O X(n) an . This is coherent, and the tensor compatibility of pullback gives the canonical identity F an (n)ong F(n) an for every coherent algebraic F .",lexical_candidate_only
comparison-cohomology,137,label;chapter,,gaga-definition-vanishing-ideal-analytic-subspace,gaga.tex,193,definition,Analytic modules and Oka--Cartan coherence,"egin definition Let i:Yo X be a closed analytic subspace. The vanishing ideal J Y O X has stalk ( J Y) x= \ f O X,x f| Y=0ext near x\ . There is a canonical isomorphism O X/ J Y i * O Y.",lexical_candidate_only
comparison-cohomology,137,label;chapter,,gaga-lemma-algebraic-charts-analytic,gaga.tex,387,lemma,Analytification of algebraic varieties,"egin lemma Let U C n and U' C n' be Zariski locally closed reduced subsets. egin enumerate The Zariski topology on C n is coarser than its usual topology. The set U , with its reduced induced structure, is a Serre complex analytic space. A regular map f : U o U' is holomorphic. A",lexical_candidate_only
comparison-cohomology,137,label;chapter,,gaga-lemma-analytic-subset-basic-properties,gaga.tex,84,lemma,Analytic subsets of complex affine space,"egin lemma Let U C n and U' C n' be analytic subsets in the sense of Definition ef definition-analytic-subset . egin enumerate The subset U is locally closed and locally compact. The stalk O U,x is a reduced local C -algebra whose residue homomorphism is evaluation at x . The sub",lexical_candidate_only
comparison-cohomology,137,label;chapter,,gaga-lemma-analytification-cohomology-map-functorial,gaga.tex,1031,lemma,The cohomology comparison map,"egin lemma The maps q F are natural in F . For every short exact sequence of O X -modules, they form a morphism from the algebraic long exact cohomology sequence to the analytic long exact cohomology sequence. In particular, they commute with connecting maps.",lexical_candidate_only
comparison-cohomology,137,label;chapter,,gaga-lemma-analytification-dimension,gaga.tex,631,lemma,Local algebra of analytification,"egin lemma If X is irreducible of dimension r , then X an has analytic dimension r at every point.",lexical_candidate_only
comparison-cohomology,137,label;chapter,,gaga-lemma-analytification-internal-hom,gaga.tex,1284,lemma,Proof of full faithfulness,"egin lemma Let X be a variety over C and let F, G be coherent O X -modules. There is a canonical isomorphism O X ( F, G) an O X an ( F an , G an ).",lexical_candidate_only
comparison-cohomology,137,label;chapter,,gaga-lemma-analytification-local-dimension,gaga.tex,617,lemma,Local algebra of analytification,"egin lemma For every x X( C) , im( O X,x )=im( O X an ,x ).",lexical_candidate_only
comparison-cohomology,137,label;chapter,,gaga-lemma-analytification-module-stalks,gaga.tex,901,lemma,Analytification of modules,"egin lemma Let x X( C)=X an . There are canonical identifications ( F an ) x = F x O X,x O X an ,x under which ( F ) x is the map m 1 m .",lexical_candidate_only
comparison-cohomology,137,label;chapter,,gaga-lemma-analytification-properties,gaga.tex,460,lemma,Analytification of algebraic varieties,"egin lemma Let X and Y be algebraic varieties over C . egin enumerate The space X an is locally compact, second countable, and countable at infinity. There is a canonical analytic isomorphism (X imes C Y) an ong X an imes Y an . If Z X is a Zariski locally closed reduced subvarie",lexical_candidate_only
comparison-cohomology,137,label;chapter,,gaga-lemma-coherent-analytic-closed-immersion,gaga.tex,1333,lemma,Essential surjectivity: preliminaries and reduction,"egin lemma Let i:Yo X be a closed immersion of complex analytic spaces whose structure sheaves and defining ideal are coherent. Then i * is exact and fully faithful on modules, carries coherent O Y -modules to coherent O X -modules, and its essential image consists of the coheren",lexical_candidate_only
comparison-cohomology,137,label;chapter,,gaga-lemma-dense-image-contains-open,gaga.tex,706,lemma,The classical and Zariski topologies,"egin lemma Let f : X o Y be a morphism of algebraic varieties over C . If f(X) is Zariski dense in Y , then f(X) contains a Zariski open dense subset of Y .",lexical_candidate_only
comparison-cohomology,137,label;chapter,,gaga-lemma-hyperplane-analytic-serre-vanishing,gaga.tex,1424,lemma,Analytic twists and global generation,"egin lemma Let Eong P r-1 C be a hyperplane and let A be a coherent analytic module on E an . Then H q(E an , A(n))=0 for every q>0 and all sufficiently large n .",lexical_candidate_only
comparison-cohomology,137,label;chapter,,gaga-lemma-projective-analytic-cohomological-dimension,gaga.tex,1147,lemma,Proof of the cohomology comparison theorem,"egin lemma [Analytic cohomological dimension of projective space] Let r 0 and let A be a sheaf of abelian groups on P r( C) with its analytic topology. Then H q( P r( C), A)=0 for q>2r.",lexical_candidate_only
comparison-cohomology,137,label;chapter,,gaga-lemma-projective-analytic-global-generation,gaga.tex,1446,lemma,Analytic twists and global generation,egin lemma Let M be a coherent analytic module on X an = P r( C) . There is an integer n 0 such that M(n) is generated by global sections for every n n 0 .,lexical_candidate_only
comparison-cohomology,137,label;chapter,,gaga-lemma-projective-structure-sheaf-comparison,gaga.tex,1167,lemma,Proof of the cohomology comparison theorem,"egin lemma For every r 0 and every q 0 , the comparison map H q( P r C , O) H q( P r( C), O an ) is an isomorphism.",lexical_candidate_only
comparison-cohomology,137,label;chapter,,gaga-lemma-projective-twist-comparison,gaga.tex,1197,lemma,Proof of the cohomology comparison theorem,"egin lemma Let r 0 and n Z . For every q 0 , the comparison map H q( P r C , O(n)) H q( P r( C), O(n) an ) is an isomorphism.",lexical_candidate_only
comparison-cohomology,137,label;chapter,,gaga-lemma-total-fractions-reduced,gaga.tex,838,lemma,An analytic criterion for regularity,"egin lemma Let A be a reduced ring with finitely many minimal primes p 1, , p r . Let S be the set of elements lying in none of the p i and put K i= Frac (A/ p i) . Then A S= i=1 rK i.",lexical_candidate_only
comparison-cohomology,137,label;chapter,,gaga-lemma-zariski-dense-open-analytically-dense,gaga.tex,654,lemma,The classical and Zariski topologies,egin lemma Let U X be Zariski open and Zariski dense. Then U an is dense in X an .,lexical_candidate_only
comparison-cohomology,137,label;chapter,,gaga-proposition-algebraic-graph-holomorphic-regular,gaga.tex,740,proposition,An analytic criterion for regularity,"egin proposition Let X and Y be algebraic varieties and let f : X an o Y an be holomorphic. If its graph is the classical point set of a Zariski locally closed reduced subvariety T Ximes C Y , then f is induced by a morphism Xo Y .",lexical_candidate_only
comparison-cohomology,137,label;chapter,,gaga-proposition-analytic-isomorphism-algebraic,gaga.tex,758,proposition,An analytic criterion for regularity,"egin proposition Let p:To X be a morphism of algebraic varieties which is bijective on classical points. If p an :T an o X an is an analytic isomorphism, then p is an isomorphism.",lexical_candidate_only
comparison-cohomology,137,label;chapter,,gaga-proposition-analytification,gaga.tex,410,proposition,Analytification of algebraic varieties,"egin proposition Let X be an algebraic variety over C . There is a unique Serre complex analytic space X an with the following property: for every algebraic chart arphi : V U C n from a Zariski open V X onto a Zariski locally closed reduced subset, V is open in X an and arphi is ",lexical_candidate_only
comparison-cohomology,137,label;chapter,,gaga-proposition-analytification-closed-ideal,gaga.tex,496,proposition,Local algebra of analytification,"egin proposition Let Z X be a Zariski locally closed reduced subvariety and let x Z( C) . After replacing X by a Zariski neighbourhood of x , view Z as closed. If J Z,x O X,x is its algebraic ideal and I Z an ,x O X an ,x is the ideal of holomorphic germs vanishing on Z an , then",lexical_candidate_only
comparison-cohomology,137,label;chapter,,gaga-proposition-image-closure,gaga.tex,720,proposition,The classical and Zariski topologies,egin proposition Let f : X o Y be a morphism of algebraic varieties. The closure of f(X( C)) in Y an is the set of classical points of the Zariski closure of f(X) in Y .,lexical_candidate_only
comparison-cohomology,137,label;chapter,,gaga-proposition-proper-if-and-only-if-compact-analytification,gaga.tex,671,proposition,The classical and Zariski topologies,egin proposition An algebraic variety X over C is proper over C if and only if the topological space X an is compact.,lexical_candidate_only
comparison-cohomology,137,label;chapter,,gaga-remark-analytification-ideal-sheaf,gaga.tex,951,remark,Analytification of modules,"egin remark [Analytification of an ideal] If J O X is a quasi-coherent ideal, exactness identifies J an with the ideal of O X an generated by the image of a X -1 J . For the ideal of a reduced closed subvariety this is also Proposition ef proposition-analytification-closed-ideal ",lexical_candidate_only
comparison-cohomology,137,label;chapter,,gaga-remark-examples-coherent-analytic-modules,gaga.tex,241,remark,Analytic modules and Oka--Cartan coherence,"egin remark [Examples] The sheaf of holomorphic sections of a holomorphic vector bundle is finite locally free and hence coherent by Theorem ef theorem-oka-cartan-coherence ; compare Cohomology, Lemma ef cohomology-lemma-holomorphic-vector-bundles-locally-free-analytic-modules . ",lexical_candidate_only
comparison-cohomology,137,label;chapter,,gaga-remark-serre-analytic-spaces-reduced,gaga.tex,137,remark,Serre complex analytic spaces,"egin remark [Reduced scope] Because O X is a subsheaf of a sheaf of functions, every O X,x is reduced. Thus Definition ef definition-serre-analytic-space is the reduced 1956 notion used by Serre. It does not include nilpotent analytic thickenings. Any later extension to nonreduce",lexical_candidate_only
comparison-cohomology,137,label;chapter,,gaga-section-analytic-regularity,gaga.tex,737,section,An analytic criterion for regularity,An analytic criterion for regularity egin proposition Let X and Y be algebraic varieties and let f : X an o Y an be holomorphic. I,lexical_candidate_only
comparison-cohomology,137,label;chapter,,gaga-section-analytification,gaga.tex,376,section,Analytification of algebraic varieties,"Analytification of algebraic varieties Throughout this section an algebraic variety over C means a reduced separated scheme of finite type over C , not necessarily irreduc",lexical_candidate_only
comparison-cohomology,137,label;chapter,,gaga-section-classical-zariski-topologies,gaga.tex,651,section,The classical and Zariski topologies,The classical and Zariski topologies egin lemma Let U X be Zariski open and Zariski dense. Then U an is dense in X an .,lexical_candidate_only
comparison-cohomology,137,label;chapter,,gaga-section-local-comparison,gaga.tex,484,section,Local algebra of analytification,"Local algebra of analytification Let x X( C) . We write heta x : O X,x O X an ,x for the local homomorphism induced by a X . Both",lexical_candidate_only
comparison-cohomology,137,label;chapter,,gaga-theorem-analytification-completed-local-rings,gaga.tex,556,theorem,Local algebra of analytification,"egin theorem For every algebraic variety X over C and every x X( C) , the local homomorphism heta x induces an isomorphism of completed local rings heta x : O X,x \ \ O X an ,x . In particular, heta x is injective.",lexical_candidate_only
comparison-cohomology,137,label;chapter,,gaga-theorem-analytification-local-faithfully-flat,gaga.tex,589,theorem,Local algebra of analytification,"egin theorem The local homomorphism heta x : O X,x O X an ,x is faithfully flat. In Serre's terminology, ( O X,x , O X an ,x ) is a flat pair: the quotient O X an ,x / O X,x is flat over O X,x , and for every ideal I O X,x one has I O X an ,x ap O X,x =I.",lexical_candidate_only
comparison-cohomology,21,text,,algebra-remark-flat-pairs-not-two-out-of-three,algebra.tex,20613,remark,Universally injective module maps,"egin remark egin reference ite[Appendix, nos. 22--23] GAGA Call an inclusion of rings R S a flat pair if S/R is a flat R -module. Flat pairs compose: if A B C and (A, B) and (B, C) are flat pairs, then (A, C) is a flat pair. Indeed, Lemma ef lemma-flat-ses shows that B is flat ov",lexical_candidate_only
comparison-cohomology,21,text,,cohomology-lemma-holomorphic-vector-bundles-locally-free-analytic-modules,cohomology.tex,20489,lemma,Cohomology with group actions,"egin lemma [Holomorphic bundles and locally free analytic modules] egin reference ite[Chapter V, 5.6, p. 219] Tohoku egin history This is the analytic bundle--module correspondence. It is separate from the scheme-theoretic vector-bundle construction and does not use GAGA. Let X b",lexical_candidate_only
comparison-cohomology,21,text,,cohomology-remark-equivariant-extension-classes-analytic-boundary,cohomology.tex,20485,remark,Cohomology with group actions,"egin remark [Analytic boundary] This lemma records the abstract equivariant Ext bridge. Identifying holomorphic bundles with analytic G - O -modules, or invoking GAGA, requires separate analytic hypotheses and is not claimed here.",lexical_candidate_only
comparison-cohomology,21,text,,divisors-remark-meromorphic-quotient-algebraic-boundary,divisors.tex,6977,remark,Weil divisors,"egin remark [Algebraic scope of the quotient identification] The preceding identification is conditional on the displayed algebraic hypotheses and uses multiplicative sheaves of abelian groups. It does not assert an analytic quotient, a GAGA comparison, or any descent statement; ",lexical_candidate_only
comparison-sheaves,232,label;chapter;section;text,,gaga-section-gaga-statements,gaga.tex,1049,section,The GAGA comparison theorems,"The GAGA comparison theorems egin theorem [Cohomology comparison] egin reference ite[ 3, no. 12, Theorem 1] GAGA Let X be a projective a",lexical_candidate_only
comparison-sheaves,231,label;chapter;section;text,,gaga-theorem-gaga-cohomology,gaga.tex,1052,theorem,The GAGA comparison theorems,"egin theorem [Cohomology comparison] egin reference ite[ 3, no. 12, Theorem 1] GAGA Let X be a projective algebraic variety over C and let F be a coherent O X -module. For every q 0 , the map q F :H q(X, F) H q(X an , F an ) is an isomorphism. In particular, (X, F) (X an , F an )",lexical_candidate_only
comparison-sheaves,231,label;chapter;section;text,,gaga-theorem-gaga-essential-surjectivity,gaga.tex,1088,theorem,The GAGA comparison theorems,"egin theorem [Essential surjectivity] egin reference ite[ 3, no. 12, Theorem 3] GAGA Let X be a projective algebraic variety over C . Every coherent O X an -module M is isomorphic to F an for a coherent O X -module F . The module F is unique up to isomorphism; moreover, every ana",lexical_candidate_only
comparison-sheaves,231,label;chapter;section;text,,gaga-theorem-gaga-fully-faithful,gaga.tex,1072,theorem,The GAGA comparison theorems,"egin theorem [Full faithfulness] egin reference ite[ 3, no. 12, Theorem 2] GAGA Let X be a projective algebraic variety over C and let F, G be coherent O X -modules. Analytification induces a bijection m Hom O X ( F, G) m Hom O X an ( F an , G an ).",lexical_candidate_only
comparison-sheaves,210,label;chapter;section,,gaga-remark-gaga-comparison-factorization,gaga.tex,1116,remark,The GAGA comparison theorems,"egin remark [The intermediate inverse-image sheaf] The comparison map factors canonically as H q(X, F) H q(X an ,a X -1 F) H q(X an , F an ). The first arrow need not be an isomorphism. For example, let X be an irreducible projective variety whose analytification has a nonzero Be",lexical_candidate_only
comparison-sheaves,210,label;chapter;section,,gaga-remark-gaga-projectivity-essential,gaga.tex,1103,remark,The GAGA comparison theorems,"egin remark [Projectivity is essential] For X= A 1 C and F= O X , the degree-zero comparison map is C[z] ( C, O C ), whose target is the ring of entire functions. It is not surjective. Thus the projectivity hypothesis in the comparison theorems cannot simply be discarded.",lexical_candidate_only
comparison-sheaves,161,label;chapter;text,,gaga-lemma-gaga-essential-surjectivity-projective-reduction,gaga.tex,1359,lemma,Essential surjectivity: preliminaries and reduction,"egin lemma Uniqueness in Theorem ef theorem-gaga-essential-surjectivity follows from Theorem ef theorem-gaga-fully-faithful . For existence, it is enough to prove the theorem when X= P r C .",lexical_candidate_only
comparison-sheaves,161,label;chapter;text,,gaga-remark-line-bundles-gaga,gaga.tex,1893,remark,Algebraic and analytic principal bundles,"egin remark [Line bundles and the historical formulation] For n=1 , Proposition ef proposition-general-linear-principal-bundles-gaga is the isomorphism m Pic (X) m Pic (X m an ). Serre's remarks after Proposition 18 in ite[ 4, no. 20] GAGA express this in terms of divisor classes",lexical_candidate_only
comparison-sheaves,161,label;chapter;text,,gaga-section-completion-gaga-essential-surjectivity,gaga.tex,1529,section,Completion of essential surjectivity,"Completion of essential surjectivity egin proof [Completion of the proof of Theorem ef theorem-gaga-essential-surjectivity ] It remains, by Lemma ef lemma-gaga-essential-surje",lexical_candidate_only
comparison-sheaves,160,label;chapter;text,,gaga-proposition-additive-principal-bundles-gaga,gaga.tex,1843,proposition,Algebraic and analytic principal bundles,"egin proposition egin reference ite[ 4, no. 20, Proposition 17] GAGA If X is a projective algebraic variety over C and G= G a , then arepsilon G is bijective.",lexical_candidate_only
comparison-sheaves,160,label;chapter;text,,gaga-proposition-general-linear-principal-bundles-gaga,gaga.tex,1861,proposition,Algebraic and analytic principal bundles,"egin proposition egin reference ite[ 4, no. 20, Proposition 18] GAGA If X is a projective algebraic variety over C and G= m GL n , then arepsilon G is bijective.",lexical_candidate_only
comparison-sheaves,160,label;chapter;text,,gaga-proposition-rational-section-principal-bundles-gaga,gaga.tex,1957,proposition,Algebraic and analytic principal bundles,"egin proposition egin reference ite[ 4, no. 20, Proposition 20] GAGA Let G m GL n satisfy extup (R) . For every projective algebraic variety X over C , the map arepsilon G:H 1 m Zar (X,G) H 1 m an (X m an ,G m an ) is bijective.",lexical_candidate_only
comparison-sheaves,160,label;chapter;text,,gaga-subsection-gaga-chow,gaga.tex,1658,subsection,Chow's theorem and algebraicity,"Chow's theorem and algebraicity egin theorem [Chow] egin reference ite[ 4, no. 19, Proposition 13] GAGA Let X be a projective",lexical_candidate_only
comparison-sheaves,160,label;chapter;text,,gaga-subsection-gaga-principal-bundles,gaga.tex,1791,subsection,Algebraic and analytic principal bundles,"Algebraic and analytic principal bundles egin definition egin reference ite[ 4, no. 20] GAGA Let G be an algebrai",lexical_candidate_only
comparison-sheaves,158,label;chapter;text,,gaga-definition-analytic-module,gaga.tex,183,definition,Analytic modules and Oka--Cartan coherence,"egin definition egin reference ite[ 1, no. 3, p. 5] GAGA Let X be a Serre complex analytic space. An analytic module on X is an O X -module. It is coherent if it is coherent in the sense of Modules, Definition ef modules-definition-coherent .",lexical_candidate_only
comparison-sheaves,158,label;chapter;text,,gaga-definition-analytic-subset,gaga.tex,37,definition,Analytic subsets of complex affine space,"egin definition egin reference ite[ 1, no. 1, pp. 3--4] GAGA Let n 0 and endow C n with its usual topology. A subset U C n is an analytic subset in the sense of Serre if, for every x U , there are an open neighbourhood W of x and holomorphic functions f 1, , f k on W such that U ",lexical_candidate_only
comparison-sheaves,158,label;chapter;text,,gaga-definition-analytification-module,gaga.tex,876,definition,Analytification of modules,"egin definition egin reference ite[ 3, no. 9, Definition 2] GAGA Let X be an algebraic variety over C and let a X:X an o X be the canonical morphism of locally ringed spaces of Proposition ef proposition-analytification . For an O X -module F , its it analytification is F an =a X",lexical_candidate_only
comparison-sheaves,158,label;chapter;text,,gaga-definition-holomorphic-map-analytic-subsets,gaga.tex,68,definition,Analytic subsets of complex affine space,"egin definition egin reference ite[ 1, no. 1, pp. 3--4] GAGA Let U C r and V C s be analytic subsets. A map arphi:Uo V is holomorphic if it is continuous and composition with arphi sends every germ in O V,arphi(x) to a germ in O U,x for every x U . Equivalently, the s coordinate ",lexical_candidate_only
comparison-sheaves,158,label;chapter;text,,gaga-definition-principal-bundle-analytification-map,gaga.tex,1794,definition,Algebraic and analytic principal bundles,"egin definition egin reference ite[ 4, no. 20] GAGA Let G be an algebraic group over C and let X be an algebraic variety over C . Write H 1 m Zar (X,G) for the pointed set of isomorphism classes of Zariski locally trivial principal G -bundles and H 1 m an (X m an ,G m an ) for th",lexical_candidate_only
comparison-sheaves,158,label;chapter;text,,gaga-definition-rational-section-condition,gaga.tex,1944,definition,Algebraic and analytic principal bundles,"egin definition egin reference ite[ 4, no. 20, condition (R)] GAGA A closed algebraic subgroup G m GL n satisfies extup (R) if the quotient exists and the projection m GL n/G m GL n has a rational section.",lexical_candidate_only
comparison-sheaves,158,label;chapter;text,,gaga-definition-serre-analytic-space,gaga.tex,117,definition,Serre complex analytic spaces,"egin definition egin reference ite[ 1, no. 2, pp. 4--5] GAGA A complex analytic space in the sense of Serre is a Hausdorff topological space X together with a subsheaf of C -algebras O X C X such that X has an open covering X=igcup V i for which every ringed space (V i, O X| V i ",lexical_candidate_only
comparison-sheaves,158,label;chapter;text,,gaga-lemma-analytic-germ-local-algebra,gaga.tex,283,lemma,Local analytic algebras,"egin lemma egin reference ite[ 1, no. 4, p. 6] GAGA The local analytic C -algebra O X,x determines the germ of a Serre complex analytic space X at x . More precisely, an isomorphism of local analytic C -algebras O X,x ong O Y,y is induced contravariantly by an isomorphism of anal",lexical_candidate_only
comparison-sheaves,158,label;chapter;text,,gaga-lemma-analytification-exact-faithful-coherent,gaga.tex,919,lemma,Analytification of modules,"egin lemma egin reference ite[ 3, no. 9, Proposition 10] GAGA Let X be an algebraic variety over C . egin enumerate The functor F F an on O X -modules is exact. The map F :a X -1 Fo F an is injective for every F . If F is coherent, then F an is a coherent analytic module.",lexical_candidate_only
comparison-sheaves,158,label;chapter;text,,gaga-lemma-analytification-pushforward-closed-immersion,gaga.tex,964,lemma,Closed immersions and analytification,"egin lemma egin reference ite[ 3, no. 10, Proposition 11] GAGA Let i:Zo X be a closed immersion of algebraic varieties over C , and let F be a coherent O Z -module. There is a canonical isomorphism (i * F) an i an *( F an ).",lexical_candidate_only
comparison-sheaves,158,label;chapter;text,,gaga-lemma-components-dimension-analytic-space,gaga.tex,331,lemma,Local analytic algebras,"egin lemma egin reference ite[ 1, no. 4, pp. 6--7] GAGA Let X be a Serre complex analytic space and x X . egin enumerate The irreducible components X i of the germ (X,x) correspond to the finitely many minimal primes p i of O X,x , and 0=igcap i p i, O X i,x = O X,x / p i. The an",lexical_candidate_only
comparison-sheaves,158,label;chapter;text,,gaga-lemma-local-analytic-algebra,gaga.tex,256,lemma,Local analytic algebras,"egin lemma egin reference ite[ 1, no. 4, p. 6] GAGA Let X be a Serre complex analytic space and x X . There are an integer n 0 and a radical ideal a C\ z 1, ,z n\ such that O X,x ong C\ z 1, ,z n\ / a as local C -algebras. Its maximal ideal consists of germs vanishing at x , its ",lexical_candidate_only
comparison-sheaves,158,label;chapter;text,,gaga-lemma-serre-analytic-subspaces-products,gaga.tex,156,lemma,Serre complex analytic spaces,"egin lemma egin reference ite[ 1, no. 2, p. 5] GAGA Let X and X' be Serre complex analytic spaces. egin enumerate Every analytic subspace of X is locally closed and the induced structure is independent of the chosen charts. There is a unique Serre complex analytic-space structure",lexical_candidate_only
comparison-sheaves,158,label;chapter;text,,gaga-lemma-simple-point-regular-local,gaga.tex,303,lemma,Local analytic algebras,"egin lemma egin reference ite[ 1, no. 4, p. 6] GAGA Let X be a Serre complex analytic space and x X . The following are equivalent for n 0 : egin enumerate the germ (X,x) is isomorphic to ( C n,0) ; O X,x ong C\ z 1, ,z n\ ; O X,x is a regular local ring of dimension n in the sen",lexical_candidate_only
comparison-sheaves,158,label;chapter;text,,gaga-proposition-algebraize-reduction-structure-group,gaga.tex,1908,proposition,Algebraic and analytic principal bundles,"egin proposition [Algebraizing a reduction of structure group] egin reference ite[ 4, no. 20, Proposition 19] GAGA Let H G be algebraic groups over C . Assume that the quotient G/H exists as an algebraic variety and that Go G/H has a rational section. Let X be a proper algebraic ",lexical_candidate_only
comparison-sheaves,158,label;chapter;text,,gaga-proposition-compact-analytic-subspace-algebraic,gaga.tex,1702,proposition,Chow's theorem and algebraicity,"egin proposition egin reference ite[ 4, no. 19, Proposition 14] GAGA Let X be an algebraic variety over C . Every compact closed reduced analytic subspace Y X m an is algebraic: there is a unique closed reduced subscheme Z X with Z m an =Y .",lexical_candidate_only
comparison-sheaves,158,label;chapter;text,,gaga-proposition-conjugate-smooth-projective-betti-numbers,gaga.tex,1584,proposition,Conjugation and Betti numbers,"egin proposition egin reference ite[ 4, no. 18, Proposition 12] GAGA Let X be a smooth projective algebraic variety over C . Then X m an and (X ) m an have the same Betti numbers.",lexical_candidate_only
comparison-sheaves,158,label;chapter;text,,gaga-proposition-holomorphic-map-from-proper-is-regular,gaga.tex,1749,proposition,Chow's theorem and algebraicity,"egin proposition egin reference ite[ 4, no. 19, Proposition 15] GAGA Let X be a proper algebraic variety over C and let Y be an algebraic variety over C . Every holomorphic map f:X m an Y m an is the analytification of a unique morphism Xo Y .",lexical_candidate_only
comparison-sheaves,158,label;chapter;text,,gaga-proposition-principal-bundle-analytification-injective,gaga.tex,1819,proposition,Algebraic and analytic principal bundles,"egin proposition egin reference ite[ 4, no. 20, Proposition 16] GAGA If X is a proper algebraic variety over C , then arepsilon G is injective. More precisely, every analytic isomorphism between the analytifications of two algebraic principal G -bundles is algebraic.",lexical_candidate_only
comparison-sheaves,158,label;chapter;text,,gaga-remark-conjugate-varieties-historical,gaga.tex,1648,remark,Conjugation and Betti numbers,"egin remark [Historical scope] Serre observed in ite[ 4, no. 18] GAGA that a conjugate pair need not be analytically isomorphic (elliptic curves already show this), and asked there whether such a pair must be homeomorphic. This historical question is not an input to Proposition e",lexical_candidate_only
comparison-sheaves,158,label;chapter;text,,gaga-remark-rational-section-condition-examples,gaga.tex,1981,remark,Algebraic and analytic principal bundles,"egin remark [Examples and historical boundary] Condition extup (R) holds for solvable subgroups by Rosenlicht's theorem, for m SL n via the determinant section, and for m Sp 2m by rational symplectic Gram--Schmidt. Serre also records in ite[ 4, no. 20] GAGA the then-open simply c",lexical_candidate_only
comparison-sheaves,158,label;chapter;text,,gaga-section-analytic-modules,gaga.tex,180,section,Analytic modules and Oka--Cartan coherence,"Analytic modules and Oka--Cartan coherence egin definition egin reference ite[ 1, no. 3, p. 5] GAGA Let X be a Serre complex analytic space. An",lexical_candidate_only
comparison-sheaves,158,label;chapter;text,,gaga-section-analytic-subsets,gaga.tex,34,section,Analytic subsets of complex affine space,"Analytic subsets of complex affine space egin definition egin reference ite[ 1, no. 1, pp. 3--4] GAGA Let n 0 and endow C n with",lexical_candidate_only
comparison-sheaves,158,label;chapter;text,,gaga-section-analytification-closed-immersions,gaga.tex,961,section,Closed immersions and analytification,"Closed immersions and analytification egin lemma egin reference ite[ 3, no. 10, Proposition 11] GAGA",lexical_candidate_only
comparison-sheaves,158,label;chapter;text,,gaga-section-analytification-cohomology-map,gaga.tex,1002,section,The cohomology comparison map,"The cohomology comparison map egin definition [Cohomology comparison map] egin reference ite[ 3, no. 11] GAGA refer",lexical_candidate_only
comparison-sheaves,158,label;chapter;text,,gaga-section-analytification-modules,gaga.tex,873,section,Analytification of modules,"Analytification of modules egin definition egin reference ite[ 3, no. 9, Definition 2] GAGA Let X be an algebraic v",lexical_candidate_only
comparison-sheaves,158,label;chapter;text,,gaga-section-introduction,gaga.tex,21,section,Introduction,Introduction This chapter develops the complex-analytic foundations needed to state and prove the comparison theorems usually called GAGA. The initial sections use the reduc,lexical_candidate_only
comparison-sheaves,158,label;chapter;text,,gaga-section-local-analytic-algebras,gaga.tex,253,section,Local analytic algebras,"Local analytic algebras egin lemma egin reference ite[ 1, no. 4, p. 6] GAGA Let X be a Serre complex analytic space a",lexical_candidate_only
comparison-sheaves,158,label;chapter;text,,gaga-section-phantom,gaga.tex,16,section,,preamble egin document itle Complex Analytic Spaces and GAGA ableofcontents Introduction This chapter develops the complex-analytic foundations needed to state and prove the compariso,lexical_candidate_only
comparison-sheaves,158,label;chapter;text,,gaga-section-serre-analytic-spaces,gaga.tex,114,section,Serre complex analytic spaces,"Serre complex analytic spaces egin definition egin reference ite[ 1, no. 2, pp. 4--5] GAGA A complex analytic space in",lexical_candidate_only
comparison-sheaves,158,label;chapter;text,,gaga-theorem-chow-closed-analytic-projective,gaga.tex,1661,theorem,Chow's theorem and algebraicity,"egin theorem [Chow] egin reference ite[ 4, no. 19, Proposition 13] GAGA Let X be a projective algebraic variety over C . Every closed reduced analytic subspace Y X m an is the analytification of a unique closed reduced subscheme of X .",lexical_candidate_only
comparison-sheaves,158,label;chapter;text,,gaga-theorem-oka-cartan-coherence,gaga.tex,207,theorem,Analytic modules and Oka--Cartan coherence,"egin theorem [Oka--Cartan coherence] egin reference ite[ 1, Proposition 1, pp. 5--6] GAGA Let X be a Serre complex analytic space. egin enumerate The O X -module O X is coherent. If Y X is a closed analytic subspace, then its vanishing ideal J Y is a coherent O X -module.",lexical_candidate_only
comparison-sheaves,139,label;chapter,,gaga-section-gaga-analytic-twists,gaga.tex,1400,section,Analytic twists and global generation,Analytic twists and global generation We now fix X= P r C and argue by induction on r for essential surjectivity. The case r=0 is the equivalence between finite dimensional comp,lexical_candidate_only
comparison-sheaves,139,label;chapter,,gaga-section-gaga-applications,gaga.tex,1571,section,Applications of the comparison theorems,"Applications of the comparison theorems Conjugation and Betti numbers Let m Aut ( C) . For a scheme X over C , writ",lexical_candidate_only
comparison-sheaves,139,label;chapter,,gaga-section-gaga-essential-surjectivity-preliminaries,gaga.tex,1330,section,Essential surjectivity: preliminaries and reduction,Essential surjectivity: preliminaries and reduction egin lemma Let i:Yo X be a closed immersion of complex analytic spaces whose structur,lexical_candidate_only
comparison-sheaves,139,label;chapter,,gaga-section-proof-gaga-cohomology,gaga.tex,1140,section,Proof of the cohomology comparison theorem,Proof of the cohomology comparison theorem We first record the two analytic inputs used to start and bound the proof. They are deliberately visible: neither is a formal consequence of the algebraic cohomo,lexical_candidate_only
comparison-sheaves,139,label;chapter,,gaga-section-proof-gaga-fully-faithful,gaga.tex,1281,section,Proof of full faithfulness,"Proof of full faithfulness egin lemma Let X be a variety over C and let F, G be coherent O X -mod",lexical_candidate_only
comparison-sheaves,139,label;chapter,,gaga-subsection-gaga-betti-numbers,gaga.tex,1574,subsection,Conjugation and Betti numbers,"Conjugation and Betti numbers Let m Aut ( C) . For a scheme X over C , write X =Ximes m Spec ( C), m Spec (",lexical_candidate_only
comparison-sheaves,137,label;chapter,,gaga-construction-analytification-cohomology-map,gaga.tex,1005,construction,The cohomology comparison map,"F z O Z,z O Z an ,z . Proposition ef proposition-analytification-closed-ideal gives O Z an ,z = O Z,z O X,z O X an ,z . Associativity of tensor product identifies the two stalks, and the identification is the stalk of the canonical map. The cohomology comparison map egin definiti",lexical_candidate_only
comparison-sheaves,137,label;chapter,,gaga-corollary-compact-analytic-space-unique-algebraization,gaga.tex,1773,corollary,Chow's theorem and algebraicity,The graph f is a compact closed analytic subspace of (Ximes C Y) m an . Proposition ef proposition-compact-analytic-subspace-algebraic makes it the analytification of a closed reduced subvariety of Ximes C Y . Proposition ef proposition-algebraic-graph-holomorphic-regular therefo,lexical_candidate_only
comparison-sheaves,137,label;chapter,,gaga-corollary-number-field-embeddings-betti-numbers,gaga.tex,1630,corollary,Conjugation and Betti numbers,"h p,q (X m an ) and h p,q ((X ) m an ), respectively, where h p,q (M)=im C H q(M, p M). Finally, a smooth projective analytification is compact Kahler. Hodge decomposition (using the Dolbeault resolution and the Kahler identities), which is an external analytic input here, gives ",lexical_candidate_only
comparison-sheaves,137,label;chapter,,gaga-definition-analytic-subspace,gaga.tex,147,definition,Serre complex analytic spaces,"egin definition Let X be a Serre complex analytic space. A subset Y X is an analytic subspace if, in every analytic chart Vo U , the image of Yap V is an analytic subset of U . It has the induced analytic-space structure. When Y is closed in X , we call it a closed analytic subsp",lexical_candidate_only
comparison-sheaves,137,label;chapter,,gaga-definition-coherent-analytic-twist,gaga.tex,1407,definition,Analytic twists and global generation,"egin definition For a coherent analytic module M on X an and n Z , set M(n)= M O X an O X(n) an . This is coherent, and the tensor compatibility of pullback gives the canonical identity F an (n)ong F(n) an for every coherent algebraic F .",lexical_candidate_only
comparison-sheaves,137,label;chapter,,gaga-definition-vanishing-ideal-analytic-subspace,gaga.tex,193,definition,Analytic modules and Oka--Cartan coherence,"egin definition Let i:Yo X be a closed analytic subspace. The vanishing ideal J Y O X has stalk ( J Y) x= \ f O X,x f| Y=0ext near x\ . There is a canonical isomorphism O X/ J Y i * O Y.",lexical_candidate_only
comparison-sheaves,137,label;chapter,,gaga-lemma-algebraic-charts-analytic,gaga.tex,387,lemma,Analytification of algebraic varieties,"egin lemma Let U C n and U' C n' be Zariski locally closed reduced subsets. egin enumerate The Zariski topology on C n is coarser than its usual topology. The set U , with its reduced induced structure, is a Serre complex analytic space. A regular map f : U o U' is holomorphic. A",lexical_candidate_only
comparison-sheaves,137,label;chapter,,gaga-lemma-analytic-subset-basic-properties,gaga.tex,84,lemma,Analytic subsets of complex affine space,"egin lemma Let U C n and U' C n' be analytic subsets in the sense of Definition ef definition-analytic-subset . egin enumerate The subset U is locally closed and locally compact. The stalk O U,x is a reduced local C -algebra whose residue homomorphism is evaluation at x . The sub",lexical_candidate_only
comparison-sheaves,137,label;chapter,,gaga-lemma-analytification-cohomology-map-functorial,gaga.tex,1031,lemma,The cohomology comparison map,"egin lemma The maps q F are natural in F . For every short exact sequence of O X -modules, they form a morphism from the algebraic long exact cohomology sequence to the analytic long exact cohomology sequence. In particular, they commute with connecting maps.",lexical_candidate_only
comparison-sheaves,137,label;chapter,,gaga-lemma-analytification-dimension,gaga.tex,631,lemma,Local algebra of analytification,"egin lemma If X is irreducible of dimension r , then X an has analytic dimension r at every point.",lexical_candidate_only
comparison-sheaves,137,label;chapter,,gaga-lemma-analytification-internal-hom,gaga.tex,1284,lemma,Proof of full faithfulness,"egin lemma Let X be a variety over C and let F, G be coherent O X -modules. There is a canonical isomorphism O X ( F, G) an O X an ( F an , G an ).",lexical_candidate_only
comparison-sheaves,137,label;chapter,,gaga-lemma-analytification-local-dimension,gaga.tex,617,lemma,Local algebra of analytification,"egin lemma For every x X( C) , im( O X,x )=im( O X an ,x ).",lexical_candidate_only
comparison-sheaves,137,label;chapter,,gaga-lemma-analytification-module-stalks,gaga.tex,901,lemma,Analytification of modules,"egin lemma Let x X( C)=X an . There are canonical identifications ( F an ) x = F x O X,x O X an ,x under which ( F ) x is the map m 1 m .",lexical_candidate_only
comparison-sheaves,137,label;chapter,,gaga-lemma-analytification-properties,gaga.tex,460,lemma,Analytification of algebraic varieties,"egin lemma Let X and Y be algebraic varieties over C . egin enumerate The space X an is locally compact, second countable, and countable at infinity. There is a canonical analytic isomorphism (X imes C Y) an ong X an imes Y an . If Z X is a Zariski locally closed reduced subvarie",lexical_candidate_only
comparison-sheaves,137,label;chapter,,gaga-lemma-coherent-analytic-closed-immersion,gaga.tex,1333,lemma,Essential surjectivity: preliminaries and reduction,"egin lemma Let i:Yo X be a closed immersion of complex analytic spaces whose structure sheaves and defining ideal are coherent. Then i * is exact and fully faithful on modules, carries coherent O Y -modules to coherent O X -modules, and its essential image consists of the coheren",lexical_candidate_only
comparison-sheaves,137,label;chapter,,gaga-lemma-dense-image-contains-open,gaga.tex,706,lemma,The classical and Zariski topologies,"egin lemma Let f : X o Y be a morphism of algebraic varieties over C . If f(X) is Zariski dense in Y , then f(X) contains a Zariski open dense subset of Y .",lexical_candidate_only
comparison-sheaves,137,label;chapter,,gaga-lemma-hyperplane-analytic-serre-vanishing,gaga.tex,1424,lemma,Analytic twists and global generation,"egin lemma Let Eong P r-1 C be a hyperplane and let A be a coherent analytic module on E an . Then H q(E an , A(n))=0 for every q>0 and all sufficiently large n .",lexical_candidate_only
comparison-sheaves,137,label;chapter,,gaga-lemma-projective-analytic-cohomological-dimension,gaga.tex,1147,lemma,Proof of the cohomology comparison theorem,"egin lemma [Analytic cohomological dimension of projective space] Let r 0 and let A be a sheaf of abelian groups on P r( C) with its analytic topology. Then H q( P r( C), A)=0 for q>2r.",lexical_candidate_only
comparison-sheaves,137,label;chapter,,gaga-lemma-projective-analytic-global-generation,gaga.tex,1446,lemma,Analytic twists and global generation,egin lemma Let M be a coherent analytic module on X an = P r( C) . There is an integer n 0 such that M(n) is generated by global sections for every n n 0 .,lexical_candidate_only
comparison-sheaves,137,label;chapter,,gaga-lemma-projective-structure-sheaf-comparison,gaga.tex,1167,lemma,Proof of the cohomology comparison theorem,"egin lemma For every r 0 and every q 0 , the comparison map H q( P r C , O) H q( P r( C), O an ) is an isomorphism.",lexical_candidate_only
comparison-sheaves,137,label;chapter,,gaga-lemma-projective-twist-comparison,gaga.tex,1197,lemma,Proof of the cohomology comparison theorem,"egin lemma Let r 0 and n Z . For every q 0 , the comparison map H q( P r C , O(n)) H q( P r( C), O(n) an ) is an isomorphism.",lexical_candidate_only
comparison-sheaves,137,label;chapter,,gaga-lemma-total-fractions-reduced,gaga.tex,838,lemma,An analytic criterion for regularity,"egin lemma Let A be a reduced ring with finitely many minimal primes p 1, , p r . Let S be the set of elements lying in none of the p i and put K i= Frac (A/ p i) . Then A S= i=1 rK i.",lexical_candidate_only
comparison-sheaves,137,label;chapter,,gaga-lemma-zariski-dense-open-analytically-dense,gaga.tex,654,lemma,The classical and Zariski topologies,egin lemma Let U X be Zariski open and Zariski dense. Then U an is dense in X an .,lexical_candidate_only
comparison-sheaves,137,label;chapter,,gaga-proposition-algebraic-graph-holomorphic-regular,gaga.tex,740,proposition,An analytic criterion for regularity,"egin proposition Let X and Y be algebraic varieties and let f : X an o Y an be holomorphic. If its graph is the classical point set of a Zariski locally closed reduced subvariety T Ximes C Y , then f is induced by a morphism Xo Y .",lexical_candidate_only
comparison-sheaves,137,label;chapter,,gaga-proposition-analytic-isomorphism-algebraic,gaga.tex,758,proposition,An analytic criterion for regularity,"egin proposition Let p:To X be a morphism of algebraic varieties which is bijective on classical points. If p an :T an o X an is an analytic isomorphism, then p is an isomorphism.",lexical_candidate_only
comparison-sheaves,137,label;chapter,,gaga-proposition-analytification,gaga.tex,410,proposition,Analytification of algebraic varieties,"egin proposition Let X be an algebraic variety over C . There is a unique Serre complex analytic space X an with the following property: for every algebraic chart arphi : V U C n from a Zariski open V X onto a Zariski locally closed reduced subset, V is open in X an and arphi is ",lexical_candidate_only
comparison-sheaves,137,label;chapter,,gaga-proposition-analytification-closed-ideal,gaga.tex,496,proposition,Local algebra of analytification,"egin proposition Let Z X be a Zariski locally closed reduced subvariety and let x Z( C) . After replacing X by a Zariski neighbourhood of x , view Z as closed. If J Z,x O X,x is its algebraic ideal and I Z an ,x O X an ,x is the ideal of holomorphic germs vanishing on Z an , then",lexical_candidate_only
comparison-sheaves,137,label;chapter,,gaga-proposition-image-closure,gaga.tex,720,proposition,The classical and Zariski topologies,egin proposition Let f : X o Y be a morphism of algebraic varieties. The closure of f(X( C)) in Y an is the set of classical points of the Zariski closure of f(X) in Y .,lexical_candidate_only
comparison-sheaves,137,label;chapter,,gaga-proposition-proper-if-and-only-if-compact-analytification,gaga.tex,671,proposition,The classical and Zariski topologies,egin proposition An algebraic variety X over C is proper over C if and only if the topological space X an is compact.,lexical_candidate_only
comparison-sheaves,137,label;chapter,,gaga-remark-analytification-ideal-sheaf,gaga.tex,951,remark,Analytification of modules,"egin remark [Analytification of an ideal] If J O X is a quasi-coherent ideal, exactness identifies J an with the ideal of O X an generated by the image of a X -1 J . For the ideal of a reduced closed subvariety this is also Proposition ef proposition-analytification-closed-ideal ",lexical_candidate_only
comparison-sheaves,137,label;chapter,,gaga-remark-examples-coherent-analytic-modules,gaga.tex,241,remark,Analytic modules and Oka--Cartan coherence,"egin remark [Examples] The sheaf of holomorphic sections of a holomorphic vector bundle is finite locally free and hence coherent by Theorem ef theorem-oka-cartan-coherence ; compare Cohomology, Lemma ef cohomology-lemma-holomorphic-vector-bundles-locally-free-analytic-modules . ",lexical_candidate_only
comparison-sheaves,137,label;chapter,,gaga-remark-serre-analytic-spaces-reduced,gaga.tex,137,remark,Serre complex analytic spaces,"egin remark [Reduced scope] Because O X is a subsheaf of a sheaf of functions, every O X,x is reduced. Thus Definition ef definition-serre-analytic-space is the reduced 1956 notion used by Serre. It does not include nilpotent analytic thickenings. Any later extension to nonreduce",lexical_candidate_only
comparison-sheaves,137,label;chapter,,gaga-section-analytic-regularity,gaga.tex,737,section,An analytic criterion for regularity,An analytic criterion for regularity egin proposition Let X and Y be algebraic varieties and let f : X an o Y an be holomorphic. I,lexical_candidate_only
comparison-sheaves,137,label;chapter,,gaga-section-analytification,gaga.tex,376,section,Analytification of algebraic varieties,"Analytification of algebraic varieties Throughout this section an algebraic variety over C means a reduced separated scheme of finite type over C , not necessarily irreduc",lexical_candidate_only
comparison-sheaves,137,label;chapter,,gaga-section-classical-zariski-topologies,gaga.tex,651,section,The classical and Zariski topologies,The classical and Zariski topologies egin lemma Let U X be Zariski open and Zariski dense. Then U an is dense in X an .,lexical_candidate_only
comparison-sheaves,137,label;chapter,,gaga-section-local-comparison,gaga.tex,484,section,Local algebra of analytification,"Local algebra of analytification Let x X( C) . We write heta x : O X,x O X an ,x for the local homomorphism induced by a X . Both",lexical_candidate_only
comparison-sheaves,137,label;chapter,,gaga-theorem-analytification-completed-local-rings,gaga.tex,556,theorem,Local algebra of analytification,"egin theorem For every algebraic variety X over C and every x X( C) , the local homomorphism heta x induces an isomorphism of completed local rings heta x : O X,x \ \ O X an ,x . In particular, heta x is injective.",lexical_candidate_only
comparison-sheaves,137,label;chapter,,gaga-theorem-analytification-local-faithfully-flat,gaga.tex,589,theorem,Local algebra of analytification,"egin theorem The local homomorphism heta x : O X,x O X an ,x is faithfully flat. In Serre's terminology, ( O X,x , O X an ,x ) is a flat pair: the quotient O X an ,x / O X,x is flat over O X,x , and for every ideal I O X,x one has I O X an ,x ap O X,x =I.",lexical_candidate_only
comparison-sheaves,21,text,,algebra-remark-flat-pairs-not-two-out-of-three,algebra.tex,20613,remark,Universally injective module maps,"egin remark egin reference ite[Appendix, nos. 22--23] GAGA Call an inclusion of rings R S a flat pair if S/R is a flat R -module. Flat pairs compose: if A B C and (A, B) and (B, C) are flat pairs, then (A, C) is a flat pair. Indeed, Lemma ef lemma-flat-ses shows that B is flat ov",lexical_candidate_only
comparison-sheaves,21,text,,cohomology-lemma-holomorphic-vector-bundles-locally-free-analytic-modules,cohomology.tex,20489,lemma,Cohomology with group actions,"egin lemma [Holomorphic bundles and locally free analytic modules] egin reference ite[Chapter V, 5.6, p. 219] Tohoku egin history This is the analytic bundle--module correspondence. It is separate from the scheme-theoretic vector-bundle construction and does not use GAGA. Let X b",lexical_candidate_only
comparison-sheaves,21,text,,cohomology-remark-equivariant-extension-classes-analytic-boundary,cohomology.tex,20485,remark,Cohomology with group actions,"egin remark [Analytic boundary] This lemma records the abstract equivariant Ext bridge. Identifying holomorphic bundles with analytic G - O -modules, or invoking GAGA, requires separate analytic hypotheses and is not claimed here.",lexical_candidate_only
comparison-sheaves,21,text,,divisors-remark-meromorphic-quotient-algebraic-boundary,divisors.tex,6977,remark,Weil divisors,"egin remark [Algebraic scope of the quotient identification] The preceding identification is conditional on the displayed algebraic hypotheses and uses multiplicative sheaves of abelian groups. It does not assert an analytic quotient, a GAGA comparison, or any descent statement; ",lexical_candidate_only
flatness,237,label;chapter;section;text,0CVJ,spaces-flat-section-finite-type-flat,spaces-flat.tex,411,section,Flat finite type modules,"Flat finite type modules Please compare with More on Flatness, Sections ef flat-section-finite-type-flat-I , ef flat-section-finite-type-flat-II , and ef flat-section-finite-t",lexical_candidate_only
flatness,236,label;chapter;section;text,05MY,flat-lemma-flat,flat.tex,6442,lemma,Flattening functors,"egin lemma In Situation ef situation-flat . egin enumerate The functor F flat satisfies the sheaf property for the fpqc topology. If f is quasi-compact and locally of finite presentation and F is of finite presentation, then the functor F flat is limit preserving.",lexical_candidate_only
flatness,236,label;chapter;section;text,05MG,flat-section-flattening-functors,flat.tex,5886,section,Flattening functors,Flattening functors Let S be a scheme. Recall that a functor F : ( /S) opp o extit Sets is called limit preserving if for every directed inverse system \ T i\,lexical_candidate_only
flatness,236,label;chapter;section;text,0CWZ,spaces-flat-lemma-flat,spaces-flat.tex,1303,lemma,Flattening functors,"egin lemma In Situation ef situation-flat . egin enumerate The functor F flat satisfies the sheaf property for the fpqc topology. If f is quasi-compact and locally of finite presentation and F is of finite presentation, then the functor F flat is limit preserving.",lexical_candidate_only
flatness,235,label;chapter;section;text,05P6,flat-definition-flattening,flat.tex,6477,definition,Flattening stratifications,egin definition Let X o S be a morphism of schemes. Let F be a quasi-coherent O X -module. We say that the universal flattening of F exists if the functor F flat defined in Situation ef situation-flat is representable by a scheme S' over S . We say that the universal flattening o,lexical_candidate_only
flatness,235,label;chapter;section;text,0FJ1,flat-example-no-universal-flattening,flat.tex,6499,example,Flattening stratifications,"egin example Let X = S = (k[x, y]) where k is a field. Let F = M where M = k[x, x -1 , y]/(y) . For a k[x, y] -algebra A set F flat (A) = F flat ( (A)) . Then F flat (k[x, y]/(x, y) n) = \ *\ for all n , while F flat (k[[x, y]]) = . This means that F flat isn't representable (eve",lexical_candidate_only
flatness,235,label;chapter;section;text,083E,spaces-flat-section-F-zero,spaces-flat.tex,1008,section,Flattening functors,"Flattening functors This section is the analogue of More on Flatness, Section ef flat-section-flattening-functors . We urge the reader to skip this section on a first reading. egin",lexical_candidate_only
flatness,235,label;chapter;section;text,0CWQ,spaces-flat-section-flattening-final,spaces-flat.tex,1780,section,Universal flattening,"Universal flattening This section is the analogue of More on Flatness, Section ef flat-section-flattening-final . Our main aim is to prove Lemma ef lemma-when-universal-flat",lexical_candidate_only
flatness,235,label;chapter;section;text,0CVN,spaces-flat-section-flattening-map,spaces-flat.tex,1633,section,Flattening a map,"Flattening a map This section is the analogue of More on Flatness, Section ef flat-section-flattening-map . In particular the following result is a variant of More on Flatne",lexical_candidate_only
flatness,234,label;chapter;section;text,05P7,flat-definition-flattening-stratification,flat.tex,6535,definition,Flattening stratifications,egin definition Let X o S be a morphism of schemes. Let F be a quasi-coherent O X -module. We say that F has a flattening stratification if the functor F flat defined in Situation ef situation-flat is representable by a monomorphism S' o S associated to a stratification of S by l,lexical_candidate_only
flatness,234,label;chapter;section;text,05P5,flat-lemma-flat-at-point-go-up,flat.tex,6108,lemma,Flattening functors,"egin lemma In Situation ef situation-flat-at-point suppose that B o C is a flat local homomorphism of local rings. Set N = M B C . Denote F' lf : C o extit Sets the functor associated to the pair (C, N) . Then F lf = F' lf .",lexical_candidate_only
flatness,234,label;chapter;section;text,05MV,flat-lemma-flat-dimension-n,flat.tex,6337,lemma,Flattening functors,"egin lemma In Situation ef situation-flat-dimension-n . egin enumerate The functor F n satisfies the sheaf property for the fpqc topology. If f is quasi-compact and locally of finite presentation and F is of finite presentation, then the functor F n is limit preserving.",lexical_candidate_only
flatness,234,label;chapter;section;text,0FZG,functors-lemma-coh-noetherian-from-affine-flat,functors.tex,1130,lemma,Functors between categories of quasi-coherent modules,"egin lemma In Lemma ef lemma-functor-quasi-coherent-from-affine or in Lemma ef lemma-functor-quasi-coherent-from-affine-diagonal-pre if F is an exact functor, then the corresponding object K of ( O X imes R Y ) is flat over X .",lexical_candidate_only
flatness,234,label;chapter;section;text,0CWR,spaces-flat-definition-flattening,spaces-flat.tex,1793,definition,Universal flattening,egin definition Let S be a scheme. Let X o Y be a morphism of algebraic spaces over S . Let F be a quasi-coherent O X -module. We say that the universal flattening of F exists if the functor F flat defined in Situation ef situation-flat is an algebraic space. We say that the univ,lexical_candidate_only
flatness,234,label;chapter;section;text,0CVX,spaces-flat-section-finitely-presented-flat,spaces-flat.tex,700,section,Flat finitely presented modules,"Flat finitely presented modules This is the analogue of More on Flatness, Section ef flat-section-finitely-presented-flat . egin proposition proposition-finite-presenta",lexical_candidate_only
flatness,234,label;chapter;section;text,0CWN,spaces-flat-section-flattening-local,spaces-flat.tex,1731,section,Flattening in the local case,"Flattening in the local case This section is the analogue of More on Flatness, Section ef flat-section-flattening-local . egin lemma Let S be the spectrum",lexical_candidate_only
flatness,233,label;chapter;section;text,0CWG,flat-definition-flat-dimension-n,flat.tex,6301,definition,Flattening functors,egin definition Let f : X o S be a morphism of schemes which is locally of finite type. Let F be a quasi-coherent O X -module of finite type. Let n 0 . We say F is flat over S in dimensions n if the equivalent conditions of Lemma ef lemma-pre-flat-dimension-n are satisfied.,lexical_candidate_only
flatness,233,label;chapter;section;text,05MX,flat-equation-flat,flat.tex,6430,equation,Flattening functors,"egin equation F flat : ( /S) opp extit Sets , T \ egin matrix \ *\ ext if F T ext is flat over T, \\ ext else. ight.",lexical_candidate_only
flatness,233,label;chapter;section;text,05MN,flat-lemma-flat-at-point,flat.tex,6045,lemma,Flattening functors,"egin lemma In Situation ef situation-flat-at-point . egin enumerate If A' o A'' is a flat morphism in C then F lf (A') = F lf (A'') . If A o B is essentially of finite presentation and M is a B -module of finite presentation, then F lf is limit preserving: If \ A i\ i I is a dire",lexical_candidate_only
flatness,233,label;chapter;section;text,05P4,flat-lemma-flat-at-point-finite,flat.tex,6068,lemma,Flattening functors,"egin lemma In Situation ef situation-flat-at-point . Let B o C is a local map of local A -algebras and N a C -module. Denote F' lf : C o extit Sets the functor associated to the pair (C, N) . If M ong N as B -modules and B o C is finite, then F lf = F' lf .",lexical_candidate_only
flatness,233,label;chapter;section;text,05PB,flat-lemma-flattening-stratification-artinian,flat.tex,6566,lemma,Flattening stratification over an Artinian ring,"egin lemma Let S be the spectrum of an Artinian ring. For any scheme X over S , and any quasi-coherent O X -module there exists a universal flattening. In fact the universal flattening is given by a closed immersion S' o S , and hence is a flattening stratification for F as well.",lexical_candidate_only
flatness,233,label;chapter;section;text,05UD,flat-lemma-localize-flat-dimension-n,flat.tex,7728,lemma,Universal flattening,"egin lemma In Situation ef situation-flat-dimension-n . Let h : X' o X be an etale morphism. Set F ' = h * F and f' = f irc h . Let F n' be (ef equation-flat-dimension-n ) associated to (f' : X' o S, F ') . Then F n is a subfunctor of F n' and if h(X') ext Ass X/S ( F ) , then F ",lexical_candidate_only
flatness,233,label;chapter;section;text,05IC,flat-remark-complete-devissage-flat-finitely-presented-module,flat.tex,3273,remark,Flat finitely presented modules,egin remark There is a variant of Lemma ef lemma-complete-devissage-flat-finitely-presented-module where we weaken the flatness condition by assuming only that N is flat at some given prime q lying over r but where we strengthen the devissage condition by assuming the existence o,lexical_candidate_only
flatness,233,label;chapter;section;text,05PA,flat-section-flattening-artinian,flat.tex,6559,section,Flattening stratification over an Artinian ring,Flattening stratification over an Artinian ring A flatting stratification exists when the base scheme is the spectrum of an Artinian ring. egin lemma lemma-flattening-stratification-artinian,lexical_candidate_only
flatness,233,label;chapter;section;text,05MZ,flat-section-flattening-local,flat.tex,6783,section,Flattening in the local case,Flattening in the local case In this section we start applying the earlier material to obtain a shadow of the flattening stratification. egin theorem theorem-flattening-local,lexical_candidate_only
flatness,233,label;chapter;section;text,05PC,flat-section-flattening-map,flat.tex,6591,section,Flattening a map,Flattening a map Theorem ef theorem-flattening-map is the key to further flattening statements. egin lemma Let S be a scheme. Let,lexical_candidate_only
flatness,233,label;chapter;section;text,0FZK,functors-section-functor-coherent,functors.tex,1818,section,Functors between categories of coherent modules,Functors between categories of coherent modules The following lemma guarantees that we can use the material on functors between categories of quasi-coherent modules when we are given a functor between cat,lexical_candidate_only
flatness,233,label;chapter;section;text,0CWY,spaces-flat-equation-flat,spaces-flat.tex,1281,equation,Flattening functors,"egin equation F flat : ( /Y) opp extit Sets , T \ egin matrix \ *\ ext if F T ext is flat over T, \\ ext else. ight.",lexical_candidate_only
flatness,233,label;chapter;section;text,0CWW,spaces-flat-lemma-flat-dimension-n,spaces-flat.tex,1905,lemma,Universal flattening,"egin lemma In Situation ef situation-flat-dimension-n . egin enumerate The functor F n satisfies the sheaf property for the fpqc topology. If f is quasi-compact and locally of finite presentation and F is of finite presentation, then the functor F n is limit preserving.",lexical_candidate_only
flatness,233,label;chapter;section;text,0CX0,spaces-flat-lemma-localize-flat-dimension-n,spaces-flat.tex,1952,lemma,Universal flattening,"egin lemma In Situation ef situation-flat-dimension-n . Let h : X' o X be an etale morphism. Set F ' = h * F and f' = f irc h . Let F n' be (ef equation-flat-dimension-n ) associated to (f' : X' o Y, F ') . Then F n is a subfunctor of F n' and if h(X') ext Ass X/Y ( F ) , then F ",lexical_candidate_only
flatness,232,label;chapter;section;text,05MM,flat-equation-flat-at-point,flat.tex,6033,equation,Flattening functors,"egin equation F lf : C extit Sets , A' \ egin matrix \ *\ ext if (ef equation-flat-at-primes )ext holds , \\ ext else. ight.",lexical_candidate_only
flatness,232,label;chapter;section;text,05ML,flat-equation-flat-at-primes,flat.tex,6020,equation,Flattening functors,egin equation q V( m A' B' + m B B') (B') : M' q ext is flat over A'.,lexical_candidate_only
flatness,232,label;chapter;section;text,05MU,flat-equation-flat-dimension-n,flat.tex,6325,equation,Flattening functors,"egin equation F n : ( /S) opp extit Sets , T \ egin matrix \ *\ ext if F Text is flat over Text in im n, \\ ext else. ight.",lexical_candidate_only
flatness,232,label;chapter;section;text,05IM,flat-lemma-finite-type-flat-X,flat.tex,4180,lemma,"Flat finite type modules, Part II",egin lemma Let f : X o S be a morphism of schemes which is locally of finite type. Assume the set of weakly associated points of S is locally finite in S . Then the set of points x X where f is flat is an open subscheme U X and U o S is flat and locally of finite presentation.,lexical_candidate_only
flatness,232,label;chapter;section;text,05IL,flat-lemma-finite-type-flat-algebra,flat.tex,4162,lemma,"Flat finite type modules, Part II",egin lemma Let R o S be a ring map of finite presentation. Let M be a finite S -module. Assume ext WeakAss R(R) is finite. Then U = \ q S M q ext flat over R\ is open in (S) and for every g S such that D(g) U the localization M g is a finitely presented S g -module flat over R .,lexical_candidate_only
flatness,232,label;chapter;section;text,05IR,flat-lemma-finite-type-flat-algebra-bis,flat.tex,4271,lemma,"Flat finite type modules, Part II",egin lemma Let R o S be a ring map of finite type. Let M be a finite S -module. Assume ext WeakAss R(R) is finite. Then U = \ q S M q ext flat over R\ is open in (S) and for every g S such that D(g) U the localization M g is flat over R and an S g -module finitely presented relat,lexical_candidate_only
flatness,232,label;chapter;section;text,05UF,flat-lemma-flat-dimension-n-representable,flat.tex,7806,lemma,Universal flattening,"egin lemma In Situation ef situation-flat-dimension-n . Let s S let d 0 . Assume egin enumerate there exists a complete devissage of F /X/S over some point s S , X is of finite presentation over S , F is an O X -module of finite presentation, and F is flat in dimensions d + 1 ove",lexical_candidate_only
flatness,232,label;chapter;section;text,0CWF,flat-lemma-pre-flat-dimension-n,flat.tex,6271,lemma,Flattening functors,egin lemma Let f : X o S be a morphism of schemes which is locally of finite type. Let F be a quasi-coherent O X -module of finite type. Let n 0 . The following are equivalent egin enumerate for s S the closed subset Z X s of points where F is not flat over S (see Lemma ef lemma-,lexical_candidate_only
flatness,232,label;chapter;section;text,0EXC,flat-lemma-vector-bundle-I,flat.tex,12235,lemma,Descent vector bundles in positive characteristic,"egin lemma Let p be a prime number. Consider an almost blowup square X, X', Z, E in characteristic p as in Example ef example-one-generator . Then the functor olim F extit Vect (X) olim F extit Vect (Z) imes olim F extit Vect (E) olim F extit Vect (X') is an equivalence.",lexical_candidate_only
flatness,232,label;chapter;section;text,0EXD,flat-lemma-vector-bundle-II,flat.tex,12303,lemma,Descent vector bundles in positive characteristic,"egin lemma Let p be a prime number. Consider an almost blowup square X, X', Z, E in characteristic p as in Example ef example-two-generators . Then the functor G : olim F extit Vect (X) olim F extit Vect (Z) imes olim F extit Vect (E) olim F extit Vect (X') is an equivalence.",lexical_candidate_only
flatness,232,label;chapter;section;text,053G,flat-proposition-flat-finite-type-finite-presentation-domain,flat.tex,4210,proposition,"Flat finite type modules, Part II","egin proposition Let R be a domain. Let R o S be a ring map of finite type. Let M be a finite S -module. egin enumerate If S is flat over R , then S is a finitely presented R -algebra. If M is flat as an R -module, then M is finitely presented as an S -module.",lexical_candidate_only
flatness,232,label;chapter;section;text,080X,flat-section-blowup-flat,flat.tex,8596,section,Blowing up and flatness,"Blowing up and flatness In this section we continue our discussion of results of the form: ``After a blowup the strict transform becomes flat'', see More on Algebra, Section ef more-a",lexical_candidate_only
flatness,232,label;chapter;section;text,05I2,flat-section-finite-type-flat-I,flat.tex,2343,section,"Flat finite type modules, Part I","Flat finite type modules, Part I In some cases given a ring map R o S of finite presentation and a finite S -module N the flatness of N over R implies that N is of finite pre",lexical_candidate_only
flatness,232,label;chapter;section;text,05I9,flat-section-finitely-presented-flat,flat.tex,3131,section,Flat finitely presented modules,Flat finitely presented modules In some cases given a ring map R o S of finite presentation and a finitely presented S -module N the flatness of N over R implies that N,lexical_candidate_only
flatness,232,label;chapter;section;text,052F,flat-section-flattening,flat.tex,6468,section,Flattening stratifications,"Flattening stratifications Just the definitions. The reader looking for a ``generic flatness stratification'', should consult More on Morphisms, Section ef more-morphisms-section-generic-",lexical_candidate_only
flatness,232,label;chapter;section;text,05PS,flat-section-flattening-final,flat.tex,7623,section,Universal flattening,"Universal flattening If f : X o S is a proper, finitely presented morphism of schemes then one can find a universal flattening of f . In this section we discuss this and so",lexical_candidate_only
flatness,232,label;chapter;section;text,05PG,flat-theorem-flattening-local,flat.tex,6790,theorem,Flattening in the local case,"egin theorem In Situation ef situation-flat-at-point assume A is henselian, B is essentially of finite type over A , and M is a finite B -module. Then there exists an ideal I A such that A/I corepresents the functor F lf on the category C . In other words given a local homomorphi",lexical_candidate_only
flatness,232,label;chapter;section;text,0GNT,functors-example-functor-modules,functors.tex,508,example,Functors between categories of modules,"egin example Let R be a ring. Let A and B be R -algebras. Let K be a A R B -module. Then we can consider the functor egin equation F : ext Mod A ext Mod B, M M A K This functor is R -linear, right exact, commutes with arbitrary direct sums, commutes with all colimits, has a right",lexical_candidate_only
flatness,232,label;chapter;section;text,0GNS,functors-lemma-functor,functors.tex,446,lemma,Functors between categories of modules,"egin lemma Let A and B be rings. Let F : ext Mod A o ext Mod B be a functor. The following are equivalent egin enumerate F is isomorphic to the functor M M A K for some A Z B -module K , F is right exact and commutes with all direct sums, F commutes with all colimits, F has a rig",lexical_candidate_only
flatness,232,label;chapter;section;text,0FZL,functors-lemma-functor-coherent,functors.tex,1826,lemma,Functors between categories of coherent modules,"egin lemma Let X and Y be Noetherian schemes. Let F : extit Coh ( O X) o extit Coh ( O Y) be a functor. Then F extends uniquely to a functor ( O X) o ( O Y) which commutes with filtered colimits. If F is additive, then its extension commutes with arbitrary direct sums. If F is ex",lexical_candidate_only
flatness,232,label;chapter;section;text,0GP9,functors-lemma-functor-finite-modules,functors.tex,781,lemma,Extending functors on categories of modules,"egin lemma Let A and B be Noetherian rings. Let F : ext Mod fg A o ext Mod fg B be a functor. Then F extends uniquely to a functor F' : ext Mod A o ext Mod B which commutes with filtered colimits. If F is additive, then F' is additive and commutes with arbitrary direct sums. If F",lexical_candidate_only
flatness,232,label;chapter;section;text,0GP4,functors-lemma-functor-fp-modules,functors.tex,714,lemma,Extending functors on categories of modules,egin lemma Let A and B be rings. Let F : ext Mod fp A o ext Mod fp B be a functor. Then F extends uniquely to a functor F' : ext Mod A o ext Mod B which commutes with filtered colimits.,lexical_candidate_only
flatness,232,label;chapter;section;text,0GNJ,functors-lemma-functor-on-fp-modules,functors.tex,41,lemma,Functors on module categories,egin lemma Let A be a ring. Let B be a category having filtered colimits. Let F : ext Mod fp A o B be a functor. Then F extends uniquely to a functor F' : ext Mod A o B which commutes with filtered colimits.,lexical_candidate_only
flatness,232,label;chapter;section;text,0FZF,functors-lemma-functor-quasi-coherent-from-affine-compose,functors.tex,903,lemma,Functors between categories of quasi-coherent modules,"egin lemma In Lemma ef lemma-functor-quasi-coherent-from-affine let F correspond to K in ( O X imes R Y ) . We have egin enumerate If f : X' o X is an affine morphism, then F irc f * corresponds to (f imes ext id Y) * K . If g : Y' o Y is a flat morphism, then g * irc F correspon",lexical_candidate_only
flatness,232,label;chapter;section;text,0FZJ,functors-lemma-functor-quasi-coherent-from-separated,functors.tex,1432,lemma,Functors between categories of quasi-coherent modules,"egin lemma In Lemma ef lemma-functor-quasi-coherent-from-affine-diagonal let F and K correspond. If X is separated and flat over R , then there is a surjection O X oxtimes F( O X) o K .",lexical_candidate_only
flatness,232,label;chapter;section;text,0GNX,functors-remark-exact-flat,functors.tex,569,remark,Functors between categories of modules,egin remark In the situation of Lemma ef lemma-functor-modules suppose that F corresponds to K . Then F is exact K is flat over A .,lexical_candidate_only
flatness,232,label;chapter;section;text,0FZA,functors-section-functor-quasi-coherent,functors.tex,809,section,Functors between categories of quasi-coherent modules,Functors between categories of quasi-coherent modules In this section we briefly study functors between categories of quasi-coherent modules. egin example Let R,lexical_candidate_only
flatness,231,label;chapter;section;text,05I4,flat-lemma-complete-devissage-flat-finite-type-module,flat.tex,2426,lemma,"Flat finite type modules, Part I","egin lemma Let (R, m) be a local ring. Let R o S be a ring map of finite presentation. Let N be a finite S -module. Let q be a prime of S lying over m . Assume that N q is flat over R , and assume there exists a complete devissage of N/S/R at q . Then N is a finitely presented S ",lexical_candidate_only
flatness,231,label;chapter;section;text,05IB,flat-lemma-complete-devissage-flat-finitely-presented-module,flat.tex,3229,lemma,Flat finitely presented modules,"egin lemma Let R o S be a ring map of finite presentation. Let N be a finitely presented S -module flat over R . Let r R be a prime ideal. Assume there exists a complete devissage of N/S/R over r . Then there exists an f R , f r such that N f ong B 1 r 1 B n r n as R -modules whe",lexical_candidate_only
flatness,231,label;chapter;section;text,05KW,flat-lemma-finite-presentation-flat-along-fibre,flat.tex,3342,lemma,Flat finitely presented modules,"egin lemma Let f : X o S be a morphism of schemes. Let F be a quasi-coherent sheaf on X . Let s S . Assume that egin enumerate f is of finite presentation, F is of finite presentation, and F is flat over S at every point of the fibre X s . Then there exists an elementary etale ne",lexical_candidate_only
flatness,231,label;chapter;section;text,05KX,flat-lemma-finite-presentation-flat-along-fibre-X,flat.tex,3431,lemma,Flat finitely presented modules,"egin lemma Let f : X o S be of finite presentation. Let s S . If X is flat over S at all points of X s , then there exists an elementary etale neighbourhood (S', s') o (S, s) and a commutative diagram of schemes X X' g \\ S S' with g etale, X s g(X') , such that X' , S' are affin",lexical_candidate_only
flatness,231,label;chapter;section;text,05IE,flat-lemma-finite-presentation-flat-at-point-X,flat.tex,3408,lemma,Flat finitely presented modules,"egin lemma Let f : X o S be locally of finite presentation. Let x X with image s S . If f is flat at x over S , then there exists a commutative diagram of pointed schemes (X, x) (X', x') g \\ (S, s) (S', s') whose horizontal arrows are elementary etale neighbourhoods such that X'",lexical_candidate_only
flatness,231,label;chapter;section;text,05IQ,flat-lemma-finite-type-flat,flat.tex,4231,lemma,"Flat finite type modules, Part II","egin lemma [Finite type version of Theorem ef theorem-finite-type-flat ] Let f : X o S be a morphism of schemes. Let F be a quasi-coherent O X -module. Assume egin enumerate X o S is locally of finite type, F is an O X -module of finite type, and the set of weakly associated poin",lexical_candidate_only
flatness,231,label;chapter;section;text,05KU,flat-lemma-finite-type-flat-along-fibre,flat.tex,2745,lemma,"Flat finite type modules, Part I","egin lemma Let f : X o S be a morphism of schemes. Let F be a quasi-coherent sheaf on X . Let s S . Assume that egin enumerate f is of finite presentation, F is of finite type, and F is flat over S at every point of the fibre X s . Then there exists an elementary etale neighbourh",lexical_candidate_only
flatness,231,label;chapter;section;text,05L0,flat-lemma-finite-type-flat-along-fibre-free,flat.tex,3557,lemma,Flat finitely presented modules,"egin lemma Let f : X o S be a morphism of schemes. Let F be a quasi-coherent sheaf on X . Let s S . Assume that egin enumerate f is of finite presentation, F is of finite type, and F is flat over S at all points of X s . Then there exists an elementary etale neighbourhood (S', s'",lexical_candidate_only
flatness,231,label;chapter;section;text,05L1,flat-lemma-finite-type-flat-along-fibre-free-variant,flat.tex,3627,lemma,Flat finitely presented modules,"egin lemma Let f : X o S be a morphism of schemes. Let F be a quasi-coherent sheaf on X . Let s S . Assume that egin enumerate f is of finite type, F is of finite type, and F is flat over S at all points of X s . Then there exists an elementary etale neighbourhood (S', s') o (S, ",lexical_candidate_only
flatness,231,label;chapter;section;text,05KV,flat-lemma-finite-type-flat-along-fibre-variant,flat.tex,2795,lemma,"Flat finite type modules, Part I","egin lemma Let f : X o S be a morphism of schemes. Let F be a quasi-coherent sheaf on X . Let s S . Assume that egin enumerate f is of finite type, F is of finite type, and F is flat over S at every point of the fibre X s . Then there exists an elementary etale neighbourhood (S',",lexical_candidate_only
flatness,231,label;chapter;section;text,05KT,flat-lemma-finite-type-flat-at-point,flat.tex,2701,lemma,"Flat finite type modules, Part I","egin lemma Let f : X o S be a morphism of schemes. Let F be a quasi-coherent sheaf on X . Let x X with image s S . Assume that egin enumerate f is locally of finite type, F is of finite type, and F is flat at x over S . Then there exists an elementary etale neighbourhood (S', s')",lexical_candidate_only
flatness,231,label;chapter;section;text,05I6,flat-lemma-finite-type-flat-at-point-X,flat.tex,2845,lemma,"Flat finite type modules, Part I","egin lemma Let S be a scheme. Let X be locally of finite type over S . Let x X with image s S . If X is flat at x over S , then there exists an elementary etale neighbourhood (S', s') o (S, s) and an open subscheme V X imes S ( O S', s' ) which contains the unique point of X imes",lexical_candidate_only
flatness,231,label;chapter;section;text,05KY,flat-lemma-finite-type-flat-at-point-free,flat.tex,3461,lemma,Flat finitely presented modules,"egin lemma Let f : X o S be a morphism of schemes. Let F be a quasi-coherent sheaf on X . Let x X with image s S . Assume that egin enumerate f is locally of finite presentation, F is of finite type, and F is flat at x over S . Then there exists an elementary etale neighbourhood ",lexical_candidate_only
flatness,231,label;chapter;section;text,05KZ,flat-lemma-finite-type-flat-at-point-free-variant,flat.tex,3501,lemma,Flat finitely presented modules,"egin lemma Let f : X o S be a morphism of schemes. Let F be a quasi-coherent sheaf on X . Let x X with image s S . Assume that egin enumerate f is locally of finite type, F is of finite type, and F is flat at x over S . Then there exists an elementary etale neighbourhood (S', s')",lexical_candidate_only
flatness,231,label;chapter;section;text,05I7,flat-lemma-finite-type-flat-at-point-local,flat.tex,2879,lemma,"Flat finite type modules, Part I","egin lemma Let f : X o S be a morphism which is locally of finite presentation. Let F be a quasi-coherent O X -module of finite type. If x X and F is flat at x over S , then F x is an O X, x -module of finite presentation.",lexical_candidate_only
flatness,231,label;chapter;section;text,05I8,flat-lemma-finite-type-flat-at-point-local-X,flat.tex,2909,lemma,"Flat finite type modules, Part I","egin lemma Let f : X o S be a morphism which is locally of finite type. Let x X with image s S . If f is flat at x over S , then O X, x is essentially of finite presentation over O S, s .",lexical_candidate_only
flatness,231,label;chapter;section;text,05IN,flat-lemma-finite-type-flat-over-integral,flat.tex,4198,lemma,"Flat finite type modules, Part II","egin lemma Let f : X o S be a morphism of schemes which is locally of finite type and flat. If S is integral, then f is locally of finite presentation.",lexical_candidate_only
flatness,231,label;chapter;section;text,0811,flat-lemma-flatten-module-pre,flat.tex,8782,lemma,Blowing up and flatness,"egin lemma Let S be a quasi-compact and quasi-separated scheme. Let X o S be a morphism of schemes. Let F be a quasi-coherent module on X . Let U S be a quasi-compact open. Assume egin enumerate X o S is affine, of finite presentation, flat, geometrically integral fibres, F is a ",lexical_candidate_only
flatness,231,label;chapter;section;text,05MS,flat-lemma-free-at-generic-points,flat.tex,6179,lemma,Flattening functors,"egin lemma In Situation ef situation-free-at-generic-points . egin enumerate The functor H p satisfies the sheaf property for the fpqc topology. If F is of finite presentation, then functor H p is limit preserving.",lexical_candidate_only
flatness,231,label;chapter;section;text,05M9,flat-lemma-open-in-fibre-where-flat,flat.tex,2676,lemma,"Flat finite type modules, Part I",egin lemma Let f : X o S be a morphism of schemes which is locally of finite type. Let F be a quasi-coherent O X -module of finite type. Let s S . Then the set \ x X s F ext flat over Sext at x\ is open in the fibre X s .,lexical_candidate_only
flatness,231,label;chapter;section;text,05UH,flat-lemma-when-universal-flattening,flat.tex,7989,lemma,Universal flattening,"egin lemma Let f : X o S be a morphism of schemes. Let F be a quasi-coherent O X -module. egin enumerate If f is of finite presentation, F is an O X -module of finite presentation, and F is pure relative to S , then there exists a universal flattening S' o S of F . Moreover S' o ",lexical_candidate_only
flatness,231,label;chapter;section;text,05ID,flat-proposition-finite-presentation-flat-at-point,flat.tex,3287,proposition,Flat finitely presented modules,"egin proposition Let f : X o S be a morphism of schemes. Let F be a quasi-coherent sheaf on X . Let x X with image s S . Assume that egin enumerate f is locally of finite presentation, F is of finite presentation, and F is flat at x over S . Then there exists a commutative diagra",lexical_candidate_only
flatness,231,label;chapter;section;text,05I5,flat-proposition-finite-type-flat-at-point,flat.tex,2477,proposition,"Flat finite type modules, Part I","egin proposition Let f : X o S be a morphism of schemes. Let F be a quasi-coherent sheaf on X . Let x X with image s S . Assume that egin enumerate f is locally of finite presentation, F is of finite type, and F is flat at x over S . Then there exists an elementary etale neighbou",lexical_candidate_only
flatness,231,label;chapter;section;text,05PH,flat-remark-flattening-local-scheme-theoretic,flat.tex,6905,remark,Flattening in the local case,"egin remark Here is a scheme theoretic reformulation of Theorem ef theorem-flattening-local . Let (X, x) o (S, s) be a morphism of pointed schemes which is locally of finite type. Let F be a finite type quasi-coherent O X -module. Assume S henselian local with closed point s . Th",lexical_candidate_only
flatness,231,label;chapter;section;text,0EXA,flat-section-descent-vectorbundles-h,flat.tex,12190,section,Descent vector bundles in positive characteristic,Descent vector bundles in positive characteristic A reference for this section is ite Witt-Grass . For a scheme S let us denote extit Vect (S) the category of finite locall,lexical_candidate_only
flatness,231,label;chapter;section;text,05IF,flat-section-finite-type-flat-II,flat.tex,3699,section,"Flat finite type modules, Part II","Flat finite type modules, Part II We will need the following lemma. egin lemma Let R o S be a ring map of finite presentation. Let N be a fin",lexical_candidate_only
flatness,231,label;chapter;section;text,05U8,flat-section-finite-type-flat-III,flat.tex,7553,section,"Flat finite type modules, Part III","Flat finite type modules, Part III The following result is one of the main results of this chapter. egin theorem Let f : X o S",lexical_candidate_only
flatness,231,label;chapter;section;text,05UA,flat-theorem-check-flatness-at-associated-points,flat.tex,7559,theorem,"Flat finite type modules, Part III","egin theorem Let f : X o S be locally of finite type. Let F be a quasi-coherent O X -module of finite type. Let x X with image s S . The following are equivalent egin enumerate F is flat at x over S , and for every x' ext Ass X s ( F s) which specializes to x we have that F is fl",lexical_candidate_only
flatness,231,label;chapter;section;text,05IK,flat-theorem-finite-type-flat,flat.tex,4097,theorem,"Flat finite type modules, Part II","egin theorem egin slogan The flat locus is open (non-Noetherian version). Let f : X o S be a morphism of schemes. Let F be a quasi-coherent O X -module. Assume egin enumerate X o S is locally of finite presentation, F is an O X -module of finite type, and the set of weakly associ",lexical_candidate_only
flatness,231,label;chapter;section;text,05UG,flat-theorem-flat-dimension-n-representable,flat.tex,7895,theorem,Universal flattening,"egin theorem In Situation ef situation-flat-dimension-n . Assume moreover that f is of finite presentation, that F is an O X -module of finite presentation, and that F is pure relative to S . Then F n is representable by a monomorphism Z n o S of finite presentation.",lexical_candidate_only
flatness,231,label;chapter;section;text,05PF,flat-theorem-flattening-map,flat.tex,6671,theorem,Flattening a map,"egin theorem In Situation ef situation-iso assume egin enumerate f is of finite presentation, F is of finite presentation, flat over S , and pure relative to S , and u is surjective. Then F iso is representable by a closed immersion Z o S . Moreover Z o S is of finite presentatio",lexical_candidate_only
flatness,231,label;chapter;section;text,0FZB,functors-example-functor-quasi-coherent,functors.tex,816,example,Functors between categories of quasi-coherent modules,"egin example Let R be a ring. Let X and Y be schemes over R with X quasi-compact and quasi-separated. Let K be a quasi-coherent O X imes R Y -module. Then we can consider the functor egin equation F : ( O X) ( O Y), F ext pr 2, * (ext pr 1 * F O X imes R Y K ) The morphism ext pr",lexical_candidate_only
flatness,231,label;chapter;section;text,0FZN,functors-lemma-functor-coherent-over-field,functors.tex,1964,lemma,Functors between categories of coherent modules,"egin lemma Let k be a field. Let X , Y be finite type schemes over k with X separated. There is an equivalence of categories between egin enumerate the category of k -linear exact functors F : extit Coh ( O X) o extit Coh ( O Y) , and the category of coherent O X imes Y -modules ",lexical_candidate_only
flatness,231,label;chapter;section;text,0GP0,functors-lemma-functor-equivalence,functors.tex,592,lemma,Functors between categories of modules,"egin lemma Let A and B be rings. If F : ext Mod A ext Mod B is an equivalence of categories, then there exists an isomorphism A o B of rings and an invertible B -module L such that F is isomorphic to the functor M (M A B) B L .",lexical_candidate_only
flatness,231,label;chapter;section;text,0GP1,functors-lemma-functor-equivalence-linear,functors.tex,663,lemma,Functors between categories of modules,"egin lemma Let R be a ring. Let A and B be R -algebras. If F : ext Mod A ext Mod B is an R -linear equivalence of categories, then there exists an isomorphism A o B of R -algebras and an invertible B -module L such that F is isomorphic to the functor M (M A B) B L .",lexical_candidate_only
flatness,231,label;chapter;section;text,0GP6,functors-lemma-functor-fp-modules-exact,functors.tex,740,lemma,Extending functors on categories of modules,"egin lemma With A , B , F , and F' as in Lemma ef lemma-functor-fp-modules . egin enumerate If F is additive, then F' is additive and commutes with arbitrary direct sums, and if F is right exact, then F' is right exact.",lexical_candidate_only
flatness,231,label;chapter;section;text,0GP8,functors-lemma-functor-fp-modules-left-exact,functors.tex,765,lemma,Extending functors on categories of modules,"egin lemma With A , B , F , and F' as in Lemma ef lemma-functor-fp-modules . Assume A is a coherent ring (Algebra, Definition ef algebra-definition-coherent ). If F is left exact, then F' is left exact.",lexical_candidate_only
flatness,231,label;chapter;section;text,0GNV,functors-lemma-functor-modules,functors.tex,522,lemma,Functors between categories of modules,"egin lemma Let R be a ring. Let A and B be R -algebras. There is an equivalence of categories between egin enumerate the category of R -linear functors F : ext Mod A o ext Mod B which are right exact and commute with arbitrary direct sums, and the category ext Mod A R B . given b",lexical_candidate_only
flatness,231,label;chapter;section;text,0GNK,functors-lemma-functor-on-fp-modules-additive,functors.tex,66,lemma,Functors on module categories,"egin lemma Let A , B , F be as in Lemma ef lemma-functor-on-fp-modules . Assume B is additive and F is additive. Then F' is additive and commutes with arbitrary direct sums.",lexical_candidate_only
flatness,231,label;chapter;section;text,0GNM,functors-lemma-functor-on-fp-modules-left-exact,functors.tex,187,lemma,Functors on module categories,"egin lemma Let A , B , F be as in Lemma ef lemma-functor-on-fp-modules . Assume A is a coherent ring (Algebra, Definition ef algebra-definition-coherent ), B is additive, has kernels, filtered colimits commute with taking kernels, and F is left exact. Then F' is additive, left ex",lexical_candidate_only
flatness,231,label;chapter;section;text,0GNL,functors-lemma-functor-on-fp-modules-right-exact,functors.tex,116,lemma,Functors on module categories,"egin lemma Let A , B , F be as in Lemma ef lemma-functor-on-fp-modules . Assume B is additive, has cokernels, and F is right exact. Then F' is additive, right exact, and commutes with arbitrary direct sums.",lexical_candidate_only
flatness,231,label;chapter;section;text,0GNQ,functors-lemma-functor-on-modules,functors.tex,416,lemma,Functors on module categories,"egin lemma Let A be a ring. Let B be an additive category with arbitrary direct sums and cokernels. There is an equivalence of categories between egin enumerate the category of functors F : ext Mod A o B which are right exact and commute with arbitrary direct sums, and the catego",lexical_candidate_only
flatness,231,label;chapter;section;text,0GNN,functors-lemma-functor-on-modules-fp,functors.tex,258,lemma,Functors on module categories,"egin lemma Let A be a ring. Let B be an additive category with cokernels. There is an equivalence of categories between egin enumerate the category of functors F : ext Mod fp A o B which are right exact, and the category of pairs (K, appa) where K ( B ) and appa : A o ext End B (",lexical_candidate_only
formal,95,section;text,04V6,guide-subsection-theorem-formal-functions,guide.tex,934,subsection,Theorem on formal functions and Grothendieck's Existence Theorem,Theorem on formal functions and Grothendieck's Existence Theorem These papers give generalizations of the theorem on formal functions ite[III.4.1.5] EGA (sometimes referred to Grothendieck's Fundamental Theo,lexical_candidate_only
formal,93,section;text,087V,coherent-section-existence,coherent.tex,7663,section,"Grothendieck's existence theorem, I","Grothendieck's existence theorem, I In this section we discuss Grothendieck's existence theorem for the projective case. We will use the notion of coherent formal modules developed in Section ef se",lexical_candidate_only
formal,93,section;text,0886,coherent-section-existence-proper,coherent.tex,7790,section,"Grothendieck's existence theorem, II","Grothendieck's existence theorem, II In this section we discuss Grothendieck's existence theorem in the proper case. Before we give the statement and proof, we need to develop a bit more theory",lexical_candidate_only
formal,93,section;text,0CYW,coherent-section-existence-proper-support,coherent.tex,8516,section,"Grothendieck's existence theorem, III","Grothendieck's existence theorem, III To state the general version of Grothendieck's existence theorem we introduce a bit more notation. Let A be a Noetherian ring complete with respec",lexical_candidate_only
formal,93,section;text,0DIA,flat-section-existence-derived,flat.tex,8366,section,"Grothendieck's Existence Theorem, V","Grothendieck's Existence Theorem, V In this section we prove an analogue for Grothendieck's existence theorem in the derived category, following the method used in Section ef section-existe",lexical_candidate_only
formal,93,section;text,0DIJ,spaces-flat-section-existence-derived,spaces-flat.tex,2437,section,"Grothendieck's Existence Theorem, bis","Grothendieck's Existence Theorem, bis In this section we prove an analogue for Grothendieck's existence theorem in the derived category, following the method used in Section ef section-existe",lexical_candidate_only
formal,93,section;text,089N,spaces-more-morphisms-section-existence-proper,spaces-more-morphisms.tex,9485,section,Grothendieck's existence theorem,Grothendieck's existence theorem In this section we discuss Grothendieck's existence theorem for algebraic spaces. Instead of developing a theory of ``formal algebraic spaces'' we temporari,lexical_candidate_only
formal,92,section;text,0AKL,algebraization-remark-references,algebraization.tex,1809,remark,The theorem on formal functions,"egin remark Here are some references to discussions of related material the literature. It seems that a ``derived formal functions theorem'' for proper maps goes back to ite[Theorem 6.3.1] lurie-thesis . There is the discussion in ite dag12 , especially Chapter 4 which discusses ",lexical_candidate_only
formal,92,section;text,0A0H,algebraization-section-formal-functions,algebraization.tex,1624,section,The theorem on formal functions,The theorem on formal functions We interrupt the flow of the exposition to talk a little bit about derived completion in the setting of quasi-coherent modules on schemes and to use this to,lexical_candidate_only
formal,92,section;text,088F,coherent-remark-reformulate-existence-theorem,coherent.tex,8693,remark,"Grothendieck's existence theorem, III",egin remark [Unwinding Grothendieck's existence theorem] Let A be a Noetherian ring complete with respect to an ideal I . Write S = (A) and S n = (A/I n) . Let X o S be a separated morphism of finite type. For n 1 we set X n = X imes S S n . Picture: X 1 i 1 X 2 i 2 X 3 X \\ S 1 ,lexical_candidate_only
formal,92,section;text,02OF,coherent-section-applications-formal-functions,coherent.tex,6786,section,Applications of the theorem on formal functions,Applications of the theorem on formal functions We will add more here as needed. For the moment we need the following characterization of finite morphisms in the Noetherian case. egin lem,lexical_candidate_only
formal,92,section;text,02O7,coherent-section-theorem-formal-functions,coherent.tex,6237,section,The theorem on formal functions,The theorem on formal functions In this section we study the behaviour of cohomology of sequences of sheaves either of the form \ I n F \ n 0 or of the form \,lexical_candidate_only
formal,92,section;text,02OC,coherent-theorem-formal-functions,coherent.tex,6561,theorem,The theorem on formal functions,"egin theorem [Theorem on formal functions] Let A be a Noetherian ring. Let I A be an ideal. Let f : X o (A) be a proper morphism. Let F be a coherent sheaf on X . Fix p 0 . The system of maps H p(X, F )/I nH p(X, F ) H p(X, F /I n F ) define an isomorphism of limits H p(X, F ) n ",lexical_candidate_only
formal,92,section;text,088E,coherent-theorem-grothendieck-existence,coherent.tex,8553,theorem,"Grothendieck's existence theorem, III","egin theorem [Grothendieck's existence theorem] egin reference ite[III Theorem 5.1.5] EGA Let A be a Noetherian ring complete with respect to an ideal I . Let X be a separated, finite type scheme over A . Then the functor (ef equation-completion-functor-proper-over-A ) extit Coh ",lexical_candidate_only
formal,92,section;text,0ARF,examples-lemma-counter-Grothendieck-existence,examples.tex,6438,lemma,A counter example to Grothendieck's existence theorem,"egin lemma Counter examples to algebraization of coherent sheaves. egin enumerate Grothendieck's existence theorem as stated in Cohomology of Schemes, Theorem ef coherent-theorem-grothendieck-existence is false if we drop the assumption that X o (A) is separated. The stack of coh",lexical_candidate_only
formal,92,section;text,0ARE,examples-section-Grothendieck-existence,examples.tex,6409,section,A counter example to Grothendieck's existence theorem,A counter example to Grothendieck's existence theorem Let k be a field and let A = k[[t]] . Let X be the glueing of U = (A[x]) and V = (A[y]) by the identification U \ 0 U\,lexical_candidate_only
formal,92,section;text,0CTB,flat-section-existence,flat.tex,8026,section,"Grothendieck's Existence Theorem, IV","Grothendieck's Existence Theorem, IV This section continues the discussion in Cohomology of Schemes, Sections ef coherent-section-existence , ef coherent-section-existence-proper , and ef cohere",lexical_candidate_only
formal,92,section;text,0CTK,flat-theorem-existence,flat.tex,8319,theorem,"Grothendieck's Existence Theorem, IV","egin theorem [Grothendieck Existence Theorem] In Situation ef situation-existence there exists a finitely presented O X -module F , flat over A , with support proper over A , such that F n = F O X O X n for all n compatibly with the maps arphi n .",lexical_candidate_only
formal,92,section;text,0DIG,flat-theorem-existence-derived,flat.tex,8562,theorem,"Grothendieck's Existence Theorem, V",egin theorem [Derived Grothendieck Existence Theorem] In Situation ef situation-existence-derived there exists a pseudo-coherent K in D( O X) such that K n = K O X L O X n for all n compatibly with the maps arphi n .,lexical_candidate_only
formal,92,section;text,0A4U,spaces-cohomology-section-applications-formal-functions,spaces-cohomology.tex,4452,section,Applications of the theorem on formal functions,"Applications of the theorem on formal functions We will add more here as needed. egin lemma (For a more general version see More on Morphisms of Spaces,",lexical_candidate_only
formal,92,section;text,08AU,spaces-cohomology-section-theorem-formal-functions,spaces-cohomology.tex,4018,section,The theorem on formal functions,"The theorem on formal functions This section is the analogue of Cohomology of Schemes, Section ef coherent-section-theorem-formal-functions . We encourage the reader to read that",lexical_candidate_only
formal,92,section;text,08AZ,spaces-cohomology-theorem-formal-functions,spaces-cohomology.tex,4208,theorem,The theorem on formal functions,"egin theorem [Theorem on formal functions] In Situation ef situation-formal-functions . Fix p 0 . The system of maps H p(X, F )/I nH p(X, F ) H p(X, F /I n F ) define an isomorphism of limits H p(X, F ) n H p(X, F /I n F ) where the left hand side is the completion of the A -modu",lexical_candidate_only
formal,92,section;text,0CX3,spaces-flat-section-existence,spaces-flat.tex,2134,section,Grothendieck's Existence Theorem,"Grothendieck's Existence Theorem This section is the analogue of More on Flatness, Section ef flat-section-existence and continues the discussion in More on Morphisms of Spaces, Section ef sp",lexical_candidate_only
formal,92,section;text,0CXB,spaces-flat-theorem-existence,spaces-flat.tex,2385,theorem,Grothendieck's Existence Theorem,"egin theorem [Grothendieck Existence Theorem] In Situation ef situation-existence there exists a finitely presented O X -module F , flat over A , with support proper over A , such that F n = F O X O X n for all n compatibly with the maps arphi n .",lexical_candidate_only
formal,92,section;text,0DIQ,spaces-flat-theorem-existence-derived,spaces-flat.tex,2636,theorem,"Grothendieck's Existence Theorem, bis",egin theorem [Derived Grothendieck Existence Theorem] In Situation ef situation-existence-derived there exists a pseudo-coherent K in D( O X) such that K n = K O X L O X n for all n compatibly with the maps arphi n .,lexical_candidate_only
formal,92,section;text,08BF,spaces-more-morphisms-remark-reformulate-existence-theorem,spaces-more-morphisms.tex,10085,remark,Grothendieck's existence theorem,egin remark [Unwinding Grothendieck's existence theorem] Let A be a Noetherian ring complete with respect to an ideal I . Write S = (A) and S n = (A/I n) . Let X o S be a morphism of algebraic spaces that is separated and of finite type. For n 1 we set X n = X imes S S n . Pictur,lexical_candidate_only
formal,92,section;text,08BE,spaces-more-morphisms-theorem-grothendieck-existence,spaces-more-morphisms.tex,9990,theorem,Grothendieck's existence theorem,egin theorem [Grothendieck's existence theorem] In Situation ef situation-existence the functor (ef equation-completion-functor-proper-over-A ) is an equivalence.,lexical_candidate_only
formal,71,section,0A0I,algebraization-equation-formal-functions,algebraization.tex,1642,equation,The theorem on formal functions,egin equation Rf *( F ) = (Rf * F ),lexical_candidate_only
formal,71,section,0A0K,algebraization-lemma-derived-completion-pseudo-coherent,algebraization.tex,1685,lemma,The theorem on formal functions,egin lemma Let X be a locally Noetherian scheme. Let I O X be a quasi-coherent sheaf of ideals. Let K be an object of D( O X) . Then egin enumerate the derived completion K is equal to R (K O X L O X/ I n) . Let K is a pseudo-coherent object of D( O X) . Then egin enumerate the c,lexical_candidate_only
formal,71,section,0A0M,algebraization-lemma-formal-functions,algebraization.tex,1759,lemma,The theorem on formal functions,"egin lemma Let A be a Noetherian ring and let I A be an ideal. Let X be a Noetherian scheme over A . Let F be a coherent O X -module. Assume that H p(X, F ) is a finite A -module for all p . Then there are short exact sequences 0 o R 1 H p - 1 (X, F /I n F ) o H p(X, F ) o H p(X,",lexical_candidate_only
formal,71,section,0A0L,algebraization-lemma-sections-derived-completion-pseudo-coherent,algebraization.tex,1652,lemma,The theorem on formal functions,"egin lemma Let X be a locally Noetherian scheme. Let I O X be a quasi-coherent sheaf of ideals. Let K be a pseudo-coherent object of D( O X) with derived completion K . Then H p(U, K ) = H p(U, K)/I nH p(U, K) = H p(U, K) for any affine open U X where I = I (U) and where on the r",lexical_candidate_only
formal,71,section,088D,coherent-equation-completion-functor-proper-over-A,coherent.tex,8545,equation,"Grothendieck's existence theorem, III","egin equation extit Coh ext support proper over A ( O X) extit Coh ext support proper over A (X, I )",lexical_candidate_only
formal,71,section,02OB,coherent-lemma-ML-cohomology-powers-ideal,coherent.tex,6466,lemma,The theorem on formal functions,"egin lemma Let A be a Noetherian ring. Let I A be an ideal. Let f : X o (A) be a proper morphism. Let F be a coherent sheaf on X . Fix p 0 . There exists a c 0 such that egin enumerate for all n c we have (H p(X, F ) o H p(X, F /I n F )) I n - c H p(X, F ). the inverse system (H ",lexical_candidate_only
formal,71,section,0D2N,coherent-lemma-ample-in-neighbourhood,coherent.tex,7004,lemma,Applications of the theorem on formal functions,"egin lemma (For a more general version see More on Morphisms, Lemma ef more-morphisms-lemma-ample-in-neighbourhood .) Let f : X o Y be a proper morphism of schemes with Y Noetherian. Let L be an invertible O X -module. Let y Y be a point such that L y is ample on X y . Then there",lexical_candidate_only
formal,71,section,0D2M,coherent-lemma-ample-on-fibre,coherent.tex,6887,lemma,Applications of the theorem on formal functions,egin lemma Let f : X o Y be a proper morphism of schemes with Y Noetherian. Let L be an invertible O X -module. Let F be a coherent O X -module. Let y Y be a point such that L y is ample on X y . Then there exists a d 0 such that for all d d 0 we have R pf *( F O X L d ) y = 0 ex,lexical_candidate_only
formal,71,section,02OG,coherent-lemma-characterize-finite,coherent.tex,6794,lemma,Applications of the theorem on formal functions,"egin lemma (For a more general version see More on Morphisms, Lemma ef more-morphisms-lemma-characterize-finite .) Let f : X o S be a morphism of schemes. Assume S is locally Noetherian. The following are equivalent egin enumerate f is finite, and f is proper with finite fibres.",lexical_candidate_only
formal,71,section,02OA,coherent-lemma-cohomology-powers-ideal-application,coherent.tex,6337,lemma,The theorem on formal functions,"egin lemma Let A be a Noetherian ring. Let I A be an ideal. Let f : X o (A) be a proper morphism. Let F be a coherent sheaf on X . Then for every p 0 there exists an integer c 0 such that egin enumerate the multiplication map I n - c H p(X, I c F ) o H p(X, I n F ) is surjective ",lexical_candidate_only
formal,71,section,02O8,coherent-lemma-cohomology-powers-ideal-times-F,coherent.tex,6293,lemma,The theorem on formal functions,"egin lemma egin reference ite[III Cor 3.3.2] EGA Let A be a Noetherian ring. Let I A be an ideal. Set B = igoplus n 0 I n . Let f : X o (A) be a proper morphism. Let F be a coherent sheaf on X . Then for every p 0 the graded B -module igoplus n 0 H p(X, I n F ) is a finite B -mod",lexical_candidate_only
formal,71,section,02O9,coherent-lemma-cohomology-powers-ideal-times-sheaf,coherent.tex,6315,lemma,The theorem on formal functions,"egin lemma Given a morphism of schemes f : X o Y , a quasi-coherent sheaf F on X , and a quasi-coherent sheaf of ideals I O Y . Assume Y locally Noetherian, f proper, and F coherent. Then M = igoplus n 0 R pf *( I n F ) is a graded A = igoplus n 0 I n -module which is quasi-coher",lexical_candidate_only
formal,71,section,0885,coherent-lemma-existence-projective,coherent.tex,7725,lemma,"Grothendieck's existence theorem, I",egin lemma Let A be Noetherian ring complete with respect to an ideal I . Let f : X o (A) be a projective morphism. Let I = I O X . Then the functor (ef equation-completion-functor ) is an equivalence.,lexical_candidate_only
formal,71,section,088A,coherent-lemma-existence-tricky,coherent.tex,7853,lemma,"Grothendieck's existence theorem, II","egin lemma Let X be a Noetherian scheme. Let I , K O X be quasi-coherent sheaves of ideals. Let X e X be the closed subscheme cut out by K e . Let I e = I O X e . Let ( F n) be an object of extit Coh (X, I ) . Assume egin enumerate the functor extit Coh ( O X e ) o extit Coh (X e",lexical_candidate_only
formal,71,section,02OD,coherent-lemma-formal-functions-stalk,coherent.tex,6634,lemma,The theorem on formal functions,"egin lemma Given a morphism of schemes f : X o Y and a quasi-coherent sheaf F on X . Assume egin enumerate Y locally Noetherian, f proper, and F coherent. Let y Y be a point. Consider the infinitesimal neighbourhoods X n = ( O Y, y / m y n) imes Y X - i n f n X f \\ ( O Y, y / m ",lexical_candidate_only
formal,71,section,0883,coherent-lemma-fully-faithful,coherent.tex,7673,lemma,"Grothendieck's existence theorem, I",egin lemma Let A be Noetherian ring complete with respect to an ideal I . Let f : X o (A) be a proper morphism. Let I = I O X . Then the functor (ef equation-completion-functor ) is fully faithful.,lexical_candidate_only
formal,71,section,02V7,coherent-lemma-higher-direct-images-zero-above-dimension-fibre,coherent.tex,6743,lemma,The theorem on formal functions,"egin lemma Let f : X o Y be a morphism of schemes. Let y Y . Assume egin enumerate Y locally Noetherian, f is proper, and im(X y) = d . Then for any coherent sheaf F on X we have (R pf * F ) y = 0 for all p > d .",lexical_candidate_only
formal,71,section,02OE,coherent-lemma-higher-direct-images-zero-finite-fibre,coherent.tex,6709,lemma,The theorem on formal functions,"egin lemma Let f : X o Y be a morphism of schemes. Let y Y . Assume egin enumerate Y locally Noetherian, f is proper, and f -1 (\ y\ ) is finite. Then for any coherent sheaf F on X we have (R pf * F ) y = 0 for all p > 0 .",lexical_candidate_only
formal,71,section,088B,coherent-lemma-inverse-systems-push-pull,coherent.tex,7938,lemma,"Grothendieck's existence theorem, II","egin lemma Let Y be a Noetherian scheme. Let J , K O Y be quasi-coherent sheaves of ideals. Let f : X o Y be a proper morphism which is an isomorphism over V = Y V( K ) . Set I = f -1 J O X . Let ( G n) be an object of extit Coh (Y, J ) , let F be a coherent O X -module, and let ",lexical_candidate_only
formal,71,section,02OH,coherent-lemma-proper-finite-fibre-finite-in-neighbourhood,coherent.tex,6851,lemma,Applications of the theorem on formal functions,"egin lemma egin slogan A proper morphism is finite in a neighbourhood of a finite fiber. (For a more general version see More on Morphisms, Lemma ef more-morphisms-lemma-proper-finite-fibre-finite-in-neighbourhood .) Let f : X o S be a morphism of schemes. Let s S . Assume egin e",lexical_candidate_only
formal,71,section,087U,coherent-lemma-spell-out-theorem-formal-functions,coherent.tex,6611,lemma,The theorem on formal functions,"egin lemma Let A be a ring. Let I A be an ideal. Assume A is Noetherian and complete with respect to I . Let f : X o (A) be a proper morphism. Let F be a coherent sheaf on X . Then H p(X, F ) = n H p(X, F /I n F ) for all p 0 .",lexical_candidate_only
formal,71,section,0884,coherent-lemma-vanishing-projective,coherent.tex,7699,lemma,"Grothendieck's existence theorem, I","egin lemma Let A be Noetherian ring and I A an ideal. Let f : X o (A) be a proper morphism and let L be an f -ample invertible sheaf. Let I = I O X . Let ( F n) be an object of extit Coh (X, I ) . Then there exists an integer d 0 such that H 1(X, ( F n + 1 o F n) L d ) = 0 for al",lexical_candidate_only
formal,71,section,088C,coherent-proposition-existence-proper,coherent.tex,8060,proposition,"Grothendieck's existence theorem, II",egin proposition Let A be a Noetherian ring complete with respect to an ideal I . Let f : X o (A) be a proper morphism of schemes. Set I = I O X . Then the functor (ef equation-completion-functor ) is an equivalence.,lexical_candidate_only
formal,71,section,0888,coherent-remark-inverse-systems-kernel-cokernel-annihilated-by,coherent.tex,7800,remark,"Grothendieck's existence theorem, II","egin remark Let X be a Noetherian scheme and let I , K O X be quasi-coherent sheaves of ideals. Let : ( F n) o ( G n) be a morphism of extit Coh (X, I ) . Given an affine open (A) = U X with I | U, K | U corresponding to ideals I, K A denote U : M o N of finite A -modules which c",lexical_candidate_only
formal,71,section,0CTE,flat-lemma-compute-against-perfect,flat.tex,8079,lemma,"Grothendieck's Existence Theorem, IV","egin lemma In Situation ef situation-existence let K be as in Lemma ef lemma-compute-what-it-should-be . For any perfect object E of D( O X) we have egin enumerate M = R (X, K L E) is a perfect object of D(A) and there is a canonical isomorphism R (X n, F n L E| X n ) = M A L A n",lexical_candidate_only
formal,71,section,0DID,flat-lemma-compute-against-perfect-derived,flat.tex,8462,lemma,"Grothendieck's Existence Theorem, V","egin lemma In Situation ef situation-existence-derived let K be as in Lemma ef lemma-compute-what-it-should-be-derived . For any perfect object E of D( O X) the cohomology M = R (X, K L E) is a pseudo-coherent object of D(A) and there is a canonical isomorphism R (X n, K n L E| X",lexical_candidate_only
formal,71,section,0CTG,flat-lemma-compute-over-affine,flat.tex,8145,lemma,"Grothendieck's Existence Theorem, IV","egin lemma In Situation ef situation-existence let K be as in Lemma ef lemma-compute-what-it-should-be . For any quasi-compact open U X we have R (U, K) A L A n = R (U n, F n) in D(A n) where U n = U ap X n .",lexical_candidate_only
formal,71,section,0DIF,flat-lemma-compute-over-affine-derived,flat.tex,8526,lemma,"Grothendieck's Existence Theorem, V","egin lemma In Situation ef situation-existence-derived let K be as in Lemma ef lemma-compute-what-it-should-be-derived . For any quasi-compact open U X we have R (U, K) A L A n = R (U n, K n) in D(A n) where U n = U ap X n .",lexical_candidate_only
formal,71,section,0CTD,flat-lemma-compute-what-it-should-be,flat.tex,8062,lemma,"Grothendieck's Existence Theorem, IV",egin lemma In Situation ef situation-existence consider K = R D ( O X) ( F n) = DQ X(R D( O X) F n) Then K is in D b ( O X) and in fact K has nonzero cohomology sheaves only in degrees 0 .,lexical_candidate_only
formal,71,section,0DIC,flat-lemma-compute-what-it-should-be-derived,flat.tex,8406,lemma,"Grothendieck's Existence Theorem, V",egin lemma In Situation ef situation-existence-derived consider K = R D ( O X) (K n) = DQ X(R D( O X) K n) Then K is in D - ( O X) .,lexical_candidate_only
formal,71,section,0CTH,flat-lemma-finitely-presented,flat.tex,8181,lemma,"Grothendieck's Existence Theorem, IV",egin lemma In Situation ef situation-existence let K be as in Lemma ef lemma-compute-what-it-should-be . Denote X 0 X the closed subset consisting of points lying over the closed subset (A 1) = (A 2) = of (A) . There exists an open W X containing X 0 such that egin enumerate H i(,lexical_candidate_only
formal,71,section,0CTJ,flat-lemma-monomorphism-isomorphism,flat.tex,8274,lemma,"Grothendieck's Existence Theorem, IV","egin lemma Let A = A n be a limit of a system of rings whose transition maps are surjective and with locally nilpotent kernels. Let S = (A) . Let T o S be a monomorphism which is locally of finite type. If (A n) o S factors through T for all n , then T = S .",lexical_candidate_only
formal,71,section,0CTI,flat-lemma-proper-support,flat.tex,8245,lemma,"Grothendieck's Existence Theorem, IV","egin lemma In Situation ef situation-existence let K be as in Lemma ef lemma-compute-what-it-should-be . Let W X be as in Lemma ef lemma-finitely-presented . Set F = H 0(K)| W . Then, after possibly shrinking the open W , the support of F is proper over A .",lexical_candidate_only
formal,71,section,0CTF,flat-lemma-relative-pseudo-coherence,flat.tex,8128,lemma,"Grothendieck's Existence Theorem, IV",egin lemma In Situation ef situation-existence let K be as in Lemma ef lemma-compute-what-it-should-be . Then K is pseudo-coherent relative to A .,lexical_candidate_only
formal,71,section,0DIE,flat-lemma-relative-pseudo-coherence-derived,flat.tex,8503,lemma,"Grothendieck's Existence Theorem, V",egin lemma In Situation ef situation-existence-derived let K be as in Lemma ef lemma-compute-what-it-should-be-derived . Then K is pseudo-coherent on X .,lexical_candidate_only
formal,71,section,0DIH,flat-remark-correct-generality,flat.tex,8580,remark,"Grothendieck's Existence Theorem, V","egin remark The result in this section can be generalized. It is probably correct if we only assume X o (A) to be separated, of finite presentation, and K n pseudo-coherent relative to A n supported on a closed subset of X n proper over A n . The outcome will be a K which is pseu",lexical_candidate_only
formal,71,section,0CTC,flat-situation-existence,flat.tex,8036,situation,"Grothendieck's Existence Theorem, IV",egin situation Here we have an inverse system of rings (A n) with surjective transition maps whose kernels are locally nilpotent. Set A = A n . We have a scheme X separated and of finite presentation over A . We set X n = X imes (A) (A n) and we view it as a closed subscheme of X,lexical_candidate_only
formal,71,section,0DIB,flat-situation-existence-derived,flat.tex,8379,situation,"Grothendieck's Existence Theorem, V","egin situation Here we have an inverse system of rings (A n) with surjective transition maps whose kernels are locally nilpotent. Set A = A n . We have a scheme X proper, flat, and of finite presentation over A . We set X n = X imes (A) (A n) and we view it as a closed subscheme ",lexical_candidate_only
formal,71,section,08AY,spaces-cohomology-lemma-ML-cohomology-powers-ideal,spaces-cohomology.tex,4094,lemma,The theorem on formal functions,"egin lemma In Situation ef situation-formal-functions . Fix p 0 . egin enumerate There exists a c 1 0 such that for all n c 1 we have ( H p(X, F ) o H p(X, F /I n F ) ) I n - c 1 H p(X, F ). The inverse system (H p(X, F /I n F )ight) n N satisfies the Mittag-Leffler condition (se",lexical_candidate_only
formal,71,section,0A4V,spaces-cohomology-lemma-characterize-finite,spaces-cohomology.tex,4458,lemma,Applications of the theorem on formal functions,"egin lemma (For a more general version see More on Morphisms of Spaces, Lemma ef spaces-more-morphisms-lemma-characterize-finite ). Let S be a scheme. Let f : X o Y be a morphism of algebraic spaces over S . Assume Y is locally Noetherian. The following are equivalent egin enumer",lexical_candidate_only
formal,71,section,08AX,spaces-cohomology-lemma-cohomology-powers-ideal-application,spaces-cohomology.tex,4056,lemma,The theorem on formal functions,"egin lemma In Situation ef situation-formal-functions . For every p 0 there exists an integer c 0 such that egin enumerate the multiplication map I n - c H p(X, I c F ) o H p(X, I n F ) is surjective for all n c , and the image of H p(X, I n + m F ) o H p(X, I n F ) is contained ",lexical_candidate_only
formal,71,section,08AW,spaces-cohomology-lemma-cohomology-powers-ideal-times-F,spaces-cohomology.tex,4040,lemma,The theorem on formal functions,"egin lemma In Situation ef situation-formal-functions . Set B = igoplus n 0 I n . Then for every p 0 the graded B -module igoplus n 0 H p(X, I n F ) is a finite B -module.",lexical_candidate_only
formal,71,section,08B1,spaces-cohomology-lemma-formal-functions-stalk,spaces-cohomology.tex,4286,lemma,The theorem on formal functions,"egin lemma Let S be a scheme. Let f : X o Y be a morphism of algebraic spaces over S and let F be a quasi-coherent sheaf on X . Assume egin enumerate Y locally Noetherian, f proper, and F coherent. Let y be a geometric point of Y . Consider the ``infinitesimal neighbourhoods'' X ",lexical_candidate_only
formal,71,section,0A4T,spaces-cohomology-lemma-higher-direct-images-zero-above-dimension-fibre,spaces-cohomology.tex,4409,lemma,The theorem on formal functions,"egin lemma egin slogan For proper maps, stalks of higher direct images are trivial in degrees larger than the dimension of the fibre. Let S be a scheme. Let f : X o Y be a morphism of algebraic spaces over S . Let y be a geometric point of Y . Assume egin enumerate Y locally Noet",lexical_candidate_only
formal,71,section,0A4S,spaces-cohomology-lemma-higher-direct-images-zero-finite-fibre,spaces-cohomology.tex,4364,lemma,The theorem on formal functions,"egin lemma Let S be a scheme. Let f : X o Y be a morphism of algebraic spaces over S . Let y be a geometric point of Y . Assume egin enumerate Y locally Noetherian, f is proper, and X y has discrete underlying topological space. Then for any coherent sheaf F on X we have (R pf * ",lexical_candidate_only
formal,71,section,0A4W,spaces-cohomology-lemma-proper-finite-fibre-finite-in-neighbourhood,spaces-cohomology.tex,4524,lemma,Applications of the theorem on formal functions,"egin lemma (For a more general version see More on Morphisms of Spaces, Lemma ef spaces-more-morphisms-lemma-proper-finite-fibre-finite-in-neighbourhood ). Let S be a scheme. Let f : X o Y be a morphism of algebraic spaces over S . Let y be a geometric point of Y . Assume egin en",lexical_candidate_only
formal,71,section,08B0,spaces-cohomology-lemma-spell-out-theorem-formal-functions,spaces-cohomology.tex,4264,lemma,The theorem on formal functions,"egin lemma Let A be a ring. Let I A be an ideal. Assume A is Noetherian and complete with respect to I . Let f : X o (A) be a proper morphism of algebraic spaces. Let F be a coherent sheaf on X . Then H p(X, F ) = n H p(X, F /I n F ) for all p 0 .",lexical_candidate_only
formal,71,section,08AV,spaces-cohomology-situation-formal-functions,spaces-cohomology.tex,4026,situation,The theorem on formal functions,"egin situation Here A is a Noetherian ring and I A is an ideal. Also, f : X o (A) is a proper morphism of algebraic spaces and F is a coherent sheaf on X .",lexical_candidate_only
formal,71,section,0CX6,spaces-flat-lemma-compute-against-perfect,spaces-flat.tex,2188,lemma,Grothendieck's Existence Theorem,"egin lemma In Situation ef situation-existence let K be as in Lemma ef lemma-compute-what-it-should-be . For any perfect object E of D( O X) we have egin enumerate M = R (X, K L E) is a perfect object of D(A) and there is a canonical isomorphism R (X n, F n L E| X n ) = M A L A n",lexical_candidate_only
formal,71,section,0DIM,spaces-flat-lemma-compute-against-perfect-derived,spaces-flat.tex,2536,lemma,"Grothendieck's Existence Theorem, bis","egin lemma In Situation ef situation-existence-derived let K be as in Lemma ef lemma-compute-what-it-should-be-derived . For any perfect object E of D( O X) the cohomology M = R (X, K L E) is a pseudo-coherent object of D(A) and there is a canonical isomorphism R (X n, K n L E| X",lexical_candidate_only
formal,71,section,0CX8,spaces-flat-lemma-compute-over-affine,spaces-flat.tex,2255,lemma,Grothendieck's Existence Theorem,"egin lemma In Situation ef situation-existence let K be as in Lemma ef lemma-compute-what-it-should-be . For any etale morphism U o X with U quasi-compact and quasi-separated we have R (U, K) A L A n = R (U n, F n) in D(A n) where U n = U imes X X n .",lexical_candidate_only
formal,71,section,0DIP,spaces-flat-lemma-compute-over-affine-derived,spaces-flat.tex,2600,lemma,"Grothendieck's Existence Theorem, bis","egin lemma In Situation ef situation-existence-derived let K be as in Lemma ef lemma-compute-what-it-should-be-derived . For any etale morphism U o X with U quasi-compact and quasi-separated we have R (U, K) A L A n = R (U n, K n) in D(A n) where U n = U imes X X n .",lexical_candidate_only
formal,71,section,0CX5,spaces-flat-lemma-compute-what-it-should-be,spaces-flat.tex,2171,lemma,Grothendieck's Existence Theorem,egin lemma In Situation ef situation-existence consider K = R D ( O X) ( F n) = DQ X(R D( O X) F n) Then K is in D b ( O X) and in fact K has nonzero cohomology sheaves only in degrees 0 .,lexical_candidate_only
formal,71,section,0DIL,spaces-flat-lemma-compute-what-it-should-be-derived,spaces-flat.tex,2478,lemma,"Grothendieck's Existence Theorem, bis",egin lemma In Situation ef situation-existence-derived consider K = R D ( O X) (K n) = DQ X(R D( O X) K n) Then K is in D - ( O X) .,lexical_candidate_only
formal,71,section,0CX9,spaces-flat-lemma-finitely-presented,spaces-flat.tex,2291,lemma,Grothendieck's Existence Theorem,egin lemma In Situation ef situation-existence let K be as in Lemma ef lemma-compute-what-it-should-be . Denote X 0 |X| the closed subset consisting of points lying over the closed subset (A 1) = (A 2) = of (A) . There exists an open subspace W X containing X 0 such that egin enu,lexical_candidate_only
formal,71,section,0CXA,spaces-flat-lemma-proper-support,spaces-flat.tex,2356,lemma,Grothendieck's Existence Theorem,"egin lemma In Situation ef situation-existence let K be as in Lemma ef lemma-compute-what-it-should-be . Let W X be as in Lemma ef lemma-finitely-presented . Set F = H 0(K)| W . Then, after possibly shrinking the open W , the support of F is proper over A .",lexical_candidate_only
formal,71,section,0CX7,spaces-flat-lemma-relative-pseudo-coherence,spaces-flat.tex,2238,lemma,Grothendieck's Existence Theorem,egin lemma In Situation ef situation-existence let K be as in Lemma ef lemma-compute-what-it-should-be . Then K is pseudo-coherent relative to A .,lexical_candidate_only
formal,71,section,0DIN,spaces-flat-lemma-relative-pseudo-coherence-derived,spaces-flat.tex,2577,lemma,"Grothendieck's Existence Theorem, bis",egin lemma In Situation ef situation-existence-derived let K be as in Lemma ef lemma-compute-what-it-should-be-derived . Then K is pseudo-coherent on X .,lexical_candidate_only
formal,71,section,0DIR,spaces-flat-remark-correct-generality,spaces-flat.tex,2654,remark,"Grothendieck's Existence Theorem, bis","egin remark The result in this section can be generalized. It is probably correct if we only assume X o (A) to be separated, of finite presentation, and K n pseudo-coherent relative to A n supported on a closed subset of X n proper over A n . The outcome will be a K which is pseu",lexical_candidate_only
formal,71,section,0CX4,spaces-flat-situation-existence,spaces-flat.tex,2145,situation,Grothendieck's Existence Theorem,egin situation Here we have an inverse system of rings (A n) with surjective transition maps whose kernels are locally nilpotent. Set A = A n . We have an algebraic space X separated and of finite presentation over A . We set X n = X imes (A) (A n) and we view it as a closed subs,lexical_candidate_only
formal,71,section,0DIK,spaces-flat-situation-existence-derived,spaces-flat.tex,2451,situation,"Grothendieck's Existence Theorem, bis","egin situation Here we have an inverse system of rings (A n) with surjective transition maps whose kernels are locally nilpotent. Set A = A n . We have an algebraic space X proper, flat, and of finite presentation over A . We set X n = X imes (A) (A n) and we view it as a closed ",lexical_candidate_only
formal,71,section,08B4,spaces-more-morphisms-equation-completion-functor,spaces-more-morphisms.tex,9635,equation,Grothendieck's existence theorem,"egin equation extit Coh ( O X) extit Coh (X, I ), F F",lexical_candidate_only
formal,71,section,08B8,spaces-more-morphisms-equation-completion-functor-proper-over-A,spaces-more-morphisms.tex,9710,equation,Grothendieck's existence theorem,"egin equation extit Coh ext support proper over A ( O X) extit Coh ext support proper over A (X, I )",lexical_candidate_only
formal,71,section,08B6,spaces-more-morphisms-lemma-completion-internal-hom,spaces-more-morphisms.tex,9656,lemma,Grothendieck's existence theorem,"egin lemma Let S be a scheme. Let X be a Noetherian algebraic space over S and let I O X be a quasi-coherent sheaf of ideals. Let F , G be coherent O X -modules. Set H = O X ( F , G ) . Then H 0(X, H / I n H ) = extit Coh (X, I ) ( F , G ).",lexical_candidate_only
formal,71,section,08B5,spaces-more-morphisms-lemma-exact,spaces-more-morphisms.tex,9644,lemma,Grothendieck's existence theorem,egin lemma The functor (ef equation-completion-functor ) is exact.,lexical_candidate_only
formal,71,section,08BB,spaces-more-morphisms-lemma-existence-easy,spaces-more-morphisms.tex,9801,lemma,Grothendieck's existence theorem,"egin lemma Let S be a scheme. Let X be a Noetherian algebraic space over S and let I O X be a quasi-coherent sheaf of ideals. Let G be a coherent O X -module, ( F n) an object of extit Coh (X, I ) , and : ( F n) o G a map whose kernel and cokernel are annihilated by a power of I ",lexical_candidate_only
formal,71,section,08BC,spaces-more-morphisms-lemma-existence-tricky,spaces-more-morphisms.tex,9828,lemma,Grothendieck's existence theorem,"egin lemma In Situation ef situation-existence . Let K O X be a quasi-coherent sheaf of ideals. Let X e X be the closed subspace cut out by K e . Let I e = I O X e . Let ( F n) be an object of extit Coh ext support proper over A (X, I ) . Assume egin enumerate the functor extit C",lexical_candidate_only
formal,71,section,08B9,spaces-more-morphisms-lemma-fully-faithful,spaces-more-morphisms.tex,9718,lemma,Grothendieck's existence theorem,"egin lemma In Situation ef situation-existence . Let F , G be coherent O X -modules. Assume that the intersection of the supports of F and G is proper over (A) . Then the map extit Coh ( O X) ( F , G ) extit Coh (X, I ) ( F , G ) coming from (ef equation-completion-functor ) is a",lexical_candidate_only
formal,71,section,089P,spaces-more-morphisms-lemma-inverse-systems-abelian,spaces-more-morphisms.tex,9563,lemma,Grothendieck's existence theorem,"egin lemma Let S be a scheme. Let X be a Noetherian algebraic space over S and let I O X be a quasi-coherent sheaf of ideals. egin enumerate The category extit Coh (X, I ) is abelian. Exactness in extit Coh (X, I ) can be checked etale locally. For any flat morphism f : X' o X of",lexical_candidate_only
formal,71,section,08BD,spaces-more-morphisms-lemma-inverse-systems-push-pull,spaces-more-morphisms.tex,9941,lemma,Grothendieck's existence theorem,"egin lemma Let S be a scheme. Let f : X o Y be a representable proper morphism of Noetherian algebraic spaces over S . Let J , K O Y be quasi-coherent sheaves of ideals. Assume f is an isomorphism over V = Y V( K ) . Set I = f -1 J O X . Let ( G n) be an object of extit Coh (Y, J",lexical_candidate_only
formal,71,section,08B3,spaces-more-morphisms-lemma-inverse-systems-surjective,spaces-more-morphisms.tex,9615,lemma,Grothendieck's existence theorem,"egin lemma Let S be a scheme. Let X be a Noetherian algebraic space over S and let I O X be a quasi-coherent sheaf of ideals. A map ( F n) o ( G n) is surjective in extit Coh (X, I ) if and only if F 1 o G 1 is surjective.",lexical_candidate_only
formal,71,section,08BA,spaces-more-morphisms-remark-inverse-systems-kernel-cokernel-annihilated-by,spaces-more-morphisms.tex,9774,remark,Grothendieck's existence theorem,"egin remark Let S be a scheme. Let X be a Noetherian algebraic space over S and let I , K O X be quasi-coherent sheaves of ideals. Let : ( F n) o ( G n) be a morphism of extit Coh (X, I ) . Given an affine scheme U = (A) and a surjective etale morphism U o X denote I, K A the ide",lexical_candidate_only
formal,71,section,08B7,spaces-more-morphisms-situation-existence,spaces-more-morphisms.tex,9682,situation,Grothendieck's existence theorem,egin situation Here A is a Noetherian ring complete with respect to an ideal I . Also f : X o (A) is a finite type separated morphism of algebraic spaces and I = I O X .,lexical_candidate_only
formal,21,text,0DXV,algebraization-remark-interesting-case,algebraization.tex,6368,remark,"Algebraization of coherent formal modules, IV","egin remark Let (A, m) be a complete Noetherian normal local domain of dimension 4 and let f m be nonzero. Then assumptions (1), (2), (3), (5), and (6) of Lemma ef lemma-algebraization-principal are satisfied. Thus vectorbundles on the formal completion of U along U ap V(f) can b",lexical_candidate_only
formal,21,text,0EL0,algebraization-section-lefschetz,algebraization.tex,8998,section,Application to Lefschetz theorems,Application to Lefschetz theorems In this section we discuss the relation between coherent sheaves on a projective scheme P and coherent modules on formal completion along an ample divisor Q .,lexical_candidate_only
formal,21,text,0898,coherent-section-algebraization,coherent.tex,8736,section,Grothendieck's algebraization theorem,Grothendieck's algebraization theorem Our first result is a translation of Grothendieck's existence theorem in terms of closed subschemes and finite morphisms. egin lemma lemma-algebrai,lexical_candidate_only
formal,21,text,0GBA,formal-spaces-lemma-affine-formal-completion-types,formal-spaces.tex,3059,lemma,Completion along a closed subset,"egin lemma Let S be a scheme. Let X = (A) be an affine scheme over S . Let T X be a closed subset. Let X /T be the formal completion of X along T . egin enumerate If X T is quasi-compact, i.e., T is constructible, then X /T is adic*. If T = V(I) for some finitely generated ideal ",lexical_candidate_only
formal,21,text,0APW,formal-spaces-lemma-completion-countably-indexed,formal-spaces.tex,3095,lemma,Completion along a closed subset,"egin lemma egin reference Email by Ofer Gabber of September 11, 2014. Let S be a scheme. Let X = (A) be an affine scheme over S . Let T X be a closed subscheme. egin enumerate If the formal completion X /T is countably indexed and there exist countably many f 1, f 2, f 3, A such ",lexical_candidate_only
formal,21,text,0GXY,formal-spaces-lemma-formal-completion-subspace-types,formal-spaces.tex,8074,lemma,Completion along a closed subspace,"egin lemma Let S be a scheme. Let X be an algebraic space over S . Let Z X be a closed subspace. Let X Z be the formal completion of X along Z . egin enumerate The formal algebraic space X Z is locally weakly adic. If Z o X is of finite presentation, then X Z is locally adic*. If",lexical_candidate_only
formal,21,text,0AQ1,formal-spaces-lemma-formal-completion-types,formal-spaces.tex,4535,lemma,Types of formal algebraic spaces,"egin lemma Let S be a scheme. Let X be an algebraic space over S . Let T |X| be a closed subset. Let X /T be the formal completion of X along T . egin enumerate If X T o X is quasi-compact, then X /T is locally adic*. If X is locally Noetherian, then X /T is locally Noetherian.",lexical_candidate_only
formal,21,text,0GVV,formal-spaces-lemma-recompletion-affine-types,formal-spaces.tex,7877,lemma,Recompletion,"egin lemma Let S be a scheme. Let X be an affine formal algebraic space over S . Let T X red be a closed subset and let X /T be the formal completion of X along T . Then egin enumerate X /T is an affine formal algebraic space, if X is McQuillan, then X /T is McQuillan, if |X red ",lexical_candidate_only
formal,21,text,0GVW,formal-spaces-lemma-recompletion-types,formal-spaces.tex,7935,lemma,Recompletion,"egin lemma Let S be a scheme. Let X be a formal algebraic space over S . Let T X red be a closed subset and let X /T be the formal completion of X along T . Then egin enumerate if X red T o X red is quasi-compact and X is locally countably indexed, then X /T is locally countably ",lexical_candidate_only
formal,21,text,0GDU,restricted-theorem-dilatations,restricted.tex,7159,theorem,Artin's theorem on dilatations,egin theorem egin reference ite[Theorem 3.2] ArtinII Let S be a scheme. Let X be a locally Noetherian algebraic space over S . Let T |X| be a closed subset. Let X = X /T be the formal completion of X along T . Let f : X' o X be a formal modification (Definition ef definition-form,lexical_candidate_only
invertible,93,section;text,0FU8,derham-section-line-bundle,derham.tex,1045,section,de Rham cohomology of a line bundle,"de Rham cohomology of a line bundle A line bundle is a special case of a vector bundle, which in turn is a cone endowed with some extra structure. To intelligently talk about the de Rham complex of",lexical_candidate_only
invertible,92,section;text,02ST,chow-lemma-equal-c1-as-cycles,chow.tex,4590,lemma,Intersecting with an invertible sheaf and push and pull,"egin lemma Let (S, elta) be as in Situation ef situation-setup . Let X , Y be locally of finite type over S . Let f : X o Y be a proper morphism. Let L be an invertible sheaf on Y . Let s be a nonzero meromorphic section s of L on Y . Assume X , Y integral, f dominant, and im elt",lexical_candidate_only
invertible,92,section;text,02SS,chow-lemma-flat-pullback-cap-c1,chow.tex,4533,lemma,Intersecting with an invertible sheaf and push and pull,"egin lemma Let (S, elta) be as in Situation ef situation-setup . Let X , Y be locally of finite type over S . Let f : X o Y be a flat morphism of relative dimension r . Let L be an invertible sheaf on Y . Let be a k -cycle on Y . Then f *(c 1( L ) ap ) = c 1(f * L ) ap f * in k +",lexical_candidate_only
invertible,92,section;text,0EPJ,chow-lemma-prepare-flat-pullback-cap-c1,chow.tex,4484,lemma,Intersecting with an invertible sheaf and push and pull,"egin lemma Let (S, elta) be as in Situation ef situation-setup . Let X , Y be locally of finite type over S . Let f : X o Y be a flat morphism of relative dimension r . Let L be an invertible sheaf on Y . Assume Y is integral and n = im elta(Y) . Let s be a nonzero meromorphic se",lexical_candidate_only
invertible,92,section;text,02SU,chow-lemma-pushforward-cap-c1,chow.tex,4631,lemma,Intersecting with an invertible sheaf and push and pull,"egin lemma Let (S, elta) be as in Situation ef situation-setup . Let X , Y be locally of finite type over S . Let p : X o Y be a proper morphism. Let Z k + 1 (X) . Let L be an invertible sheaf on Y . Then p *(c 1(p * L ) ap ) = c 1( L ) ap p * in k(Y) .",lexical_candidate_only
invertible,92,section;text,02TG,chow-section-commutativity,chow.tex,4915,section,Intersecting with an invertible sheaf and rational equivalence,"Intersecting with an invertible sheaf and rational equivalence Applying the key lemma we obtain the fundamental properties of intersecting with invertible sheaves. In particular, we will see that c 1( L ) ap -",lexical_candidate_only
invertible,92,section;text,02SI,chow-section-divisor-invertible-sheaf,chow.tex,4141,section,The divisor associated to an invertible sheaf,"The divisor associated to an invertible sheaf The following definition is the analogue of Divisors, Definition ef divisors-definition-divisor-invertible-sheaf in our current setup. egin de",lexical_candidate_only
invertible,92,section;text,02SN,chow-section-intersecting-with-divisors,chow.tex,4278,section,Intersecting with an invertible sheaf,"Intersecting with an invertible sheaf In this section we study the following construction. egin definition Let (S, elta) be as in Situation ef situa",lexical_candidate_only
invertible,92,section;text,0AYA,chow-section-intersecting-with-divisors-push-pull,chow.tex,4477,section,Intersecting with an invertible sheaf and push and pull,Intersecting with an invertible sheaf and push and pull In this section we prove that the operation c 1( L ) ap - commutes with flat pullback and proper pushforward. egin lemma,lexical_candidate_only
invertible,92,section;text,04V8,guide-subsection-root-stacks,guide.tex,994,subsection,Taking roots of line bundles,"Taking roots of line bundles This useful construction was discovered independently by Cadman and by Abramovich, Graber and Vistoli. Given a scheme X with an effective Cartier divisor D",lexical_candidate_only
invertible,92,section;text,0EQS,spaces-chow-lemma-equal-c1-as-cycles,spaces-chow.tex,2642,lemma,Intersecting with an invertible sheaf and push and pull,"egin lemma In Situation ef situation-setup let X, Y/B be good. Let f : X o Y be a proper morphism. Let L be an invertible sheaf on Y . Assume X , Y integral, f dominant, and im elta(X) = im elta(Y) . Let s be a nonzero meromorphic section s of L on Y . Then f * (ext div f * L (f ",lexical_candidate_only
invertible,92,section;text,0EQR,spaces-chow-lemma-flat-pullback-cap-c1,spaces-chow.tex,2586,lemma,Intersecting with an invertible sheaf and push and pull,"egin lemma In Situation ef situation-setup let X, Y/B be good. Let f : X o Y be a flat morphism of relative dimension r . Let L be an invertible sheaf on Y . Let be a k -cycle on Y . Then f *(c 1( L ) ap ) = c 1(f * L ) ap f * in k + r - 1 (X) .",lexical_candidate_only
invertible,92,section;text,0EQQ,spaces-chow-lemma-prepare-flat-pullback-cap-c1,spaces-chow.tex,2518,lemma,Intersecting with an invertible sheaf and push and pull,"egin lemma In Situation ef situation-setup let X, Y/B be good. Let f : X o Y be a flat morphism of relative dimension r . Let L be an invertible sheaf on Y . Assume Y is integral and n = im elta(Y) . Let s be a nonzero meromorphic section of L . Then we have f *ext div L (s) = n ",lexical_candidate_only
invertible,92,section;text,0EQT,spaces-chow-lemma-pushforward-cap-c1,spaces-chow.tex,2716,lemma,Intersecting with an invertible sheaf and push and pull,"egin lemma In Situation ef situation-setup let X, Y/B be good. Let p : X o Y be a proper morphism. Let Z k + 1 (X) . Let L be an invertible sheaf on Y . Then p *(c 1(p * L ) ap ) = c 1( L ) ap p * in k(Y) .",lexical_candidate_only
invertible,92,section;text,0EQW,spaces-chow-section-commutativity,spaces-chow.tex,3076,section,Intersecting with an invertible sheaf and rational equivalence,"Intersecting with an invertible sheaf and rational equivalence This section is the analogue of Chow Homology, Section ef chow-section-commutativity . Applying the key lemma we obtain the fundamental properties of interse",lexical_candidate_only
invertible,92,section;text,0EQD,spaces-chow-section-divisor-invertible-sheaf,spaces-chow.tex,2066,section,The divisor associated to an invertible sheaf,"The divisor associated to an invertible sheaf This section is the analogue of Chow Homology, Section ef chow-section-divisor-invertible-sheaf . The following definition is the analogue of Spac",lexical_candidate_only
invertible,92,section;text,0EQI,spaces-chow-section-intersecting-with-divisors,spaces-chow.tex,2344,section,Intersecting with an invertible sheaf,"Intersecting with an invertible sheaf This section is the analogue of Chow Homology, Section ef chow-section-intersecting-with-divisors . In this section we study the following const",lexical_candidate_only
invertible,92,section;text,0EQP,spaces-chow-section-intersecting-with-divisors-push-pull,spaces-chow.tex,2509,section,Intersecting with an invertible sheaf and push and pull,"Intersecting with an invertible sheaf and push and pull This section is the analogue of Chow Homology, Section ef chow-section-intersecting-with-divisors-push-pull . In this section we prove",lexical_candidate_only
invertible,71,section,02SO,chow-definition-cap-c1,chow.tex,4284,definition,Intersecting with an invertible sheaf,"egin definition Let (S, elta) be as in Situation ef situation-setup . Let X be locally of finite type over S . Let L be an invertible O X -module. We define, for every integer k , an operation c 1( L ) ap - : Z k + 1 (X) o k(X) called intersection with the first Chern class of L ",lexical_candidate_only
invertible,71,section,02SJ,chow-definition-divisor-invertible-sheaf,chow.tex,4149,definition,The divisor associated to an invertible sheaf,"egin definition Let (S, elta) be as in Situation ef situation-setup . Let X be locally of finite type over S . Assume X is integral and n = im elta(X) . Let L be an invertible O X -module. egin enumerate For any nonzero meromorphic section s of L we define the Weil divisor associ",lexical_candidate_only
invertible,71,section,02SR,chow-equation-equal-as-cycles,chow.tex,4375,equation,Intersecting with an invertible sheaf,egin equation [Z(s)] k = n i[Z(s i)] k,lexical_candidate_only
invertible,71,section,02SP,chow-lemma-c1-cap-additive,chow.tex,4330,lemma,Intersecting with an invertible sheaf,"egin lemma Let (S, elta) be as in Situation ef situation-setup . Let X be locally of finite type over S . Let L , N be an invertible sheaves on X . Then c 1( L ) ap + c 1( N ) ap = c 1( L O X N ) ap in k(X) for every Z k + 1 (X) . Moreover, c 1( O X) ap = 0 for all .",lexical_candidate_only
invertible,71,section,02TJ,chow-lemma-cap-commutative,chow.tex,5007,lemma,Intersecting with an invertible sheaf and rational equivalence,"egin lemma Let (S, elta) be as in Situation ef situation-setup . Let X be locally of finite type over S . Let L , N be invertible on X . For any k + 2 (X) we have c 1( L ) ap c 1( N ) ap = c 1( N ) ap c 1( L ) ap as elements of k(X) .",lexical_candidate_only
invertible,71,section,02TH,chow-lemma-commutativity-on-integral,chow.tex,4924,lemma,Intersecting with an invertible sheaf and rational equivalence,"egin lemma Let (S, elta) be as in Situation ef situation-setup . Let X be locally of finite type over S . Assume X integral and im elta(X) = n . Let L , N be invertible on X . Choose a nonzero meromorphic section s of L and a nonzero meromorphic section t of N . Set = ext div L (",lexical_candidate_only
invertible,71,section,02SK,chow-lemma-compute-c1,chow.tex,4198,lemma,The divisor associated to an invertible sheaf,"egin lemma Let (S, elta) be as in Situation ef situation-setup . Let X be locally of finite type over S . Assume X is integral and n = im elta(X) . Let L be an invertible O X -module. Let s (X, L ) be a nonzero global section. Then ext div L (s) = [Z(s)] n - 1 in Z n - 1 (X) and ",lexical_candidate_only
invertible,71,section,02TI,chow-lemma-factors,chow.tex,4948,lemma,Intersecting with an invertible sheaf and rational equivalence,"egin lemma Let (S, elta) be as in Situation ef situation-setup . Let X be locally of finite type over S . Let L be invertible on X . The operation c 1( L ) ap factors through rational equivalence to give an operation c 1( L ) ap - : k + 1 (X) o k(X)",lexical_candidate_only
invertible,71,section,02SM,chow-lemma-flat-pullback-divisor-invertible-sheaf,chow.tex,4237,lemma,The divisor associated to an invertible sheaf,"egin lemma Let (S, elta) be as in Situation ef situation-setup . Let X , Y be locally of finite type over S . Assume X , Y are integral and n = im elta(Y) . Let L be an invertible O Y -module. Let f : X o Y be a flat morphism of relative dimension r . Then f *(c 1( L ) ap [Y]) = ",lexical_candidate_only
invertible,71,section,02SQ,chow-lemma-geometric-cap,chow.tex,4432,lemma,Intersecting with an invertible sheaf,"egin lemma Let (S, elta) be as in Situation ef situation-setup . Let X be locally of finite type over S . Let L be an invertible O X -module. Let Y X be a closed subscheme. Let s (Y, L | Y) . Assume egin enumerate im elta(Y) k + 1 , im elta(Z(s)) k , and for every generic point o",lexical_candidate_only
invertible,71,section,0EPI,chow-lemma-prepare-geometric-cap,chow.tex,4358,lemma,Intersecting with an invertible sheaf,"egin lemma Let (S, elta) be as in Situation ef situation-setup . Let Y be locally of finite type over S . Let L be an invertible O Y -module. Let s (Y, L ) . Assume egin enumerate im elta(Y) k + 1 , im elta(Z(s)) k , and for every generic point of an irreducible component of Z(s)",lexical_candidate_only
invertible,71,section,0FUJ,derham-example-affine-line,derham.tex,1347,example,de Rham cohomology of a line bundle,"egin example Lemma ef lemma-line-bundle-characteristic-zero is false in positive characteristic. The de Rham complex of A 1 k = (k[x]) over a field k looks like a direct sum k igoplus n 1 (k dot t n n k dot t n - 1 ext d t) Hence if the characteristic of k is p > 0 , then we see ",lexical_candidate_only
invertible,71,section,0FUI,derham-lemma-line-bundle-characteristic-zero,derham.tex,1323,lemma,de Rham cohomology of a line bundle,"egin lemma In the situation above, assume there is a morphism S o ( Q ) . Then ullet X/S o * ullet L/S is a quasi-isomorphism and H dR *(X/S) = H dR *(L/S) .",lexical_candidate_only
invertible,71,section,0FUH,derham-lemma-push-omega-a,derham.tex,1304,lemma,de Rham cohomology of a line bundle,"egin lemma With notation as above we have egin enumerate p L /S, n = p L /S, 0 O X L n for all n Z as quasi-coherent O X -modules, ullet X/S = ullet L/X, 0 as complexes, and for n > 0 and p 0 we have p L/X, n = p L /S, n .",lexical_candidate_only
invertible,71,section,0FUF,derham-lemma-the-complex-for-L-star,derham.tex,1143,lemma,de Rham cohomology of a line bundle,"egin lemma With notation as above, there is a short exact sequence of complexes 0 o ullet X/S o ullet L /S, 0 o ullet X/S [-1] o 0",lexical_candidate_only
invertible,71,section,0FUG,derham-lemma-the-complex-for-L-star-gives-chern-class,derham.tex,1217,lemma,de Rham cohomology of a line bundle,"egin lemma The ``boundary'' map elta : ullet X/S o ullet X/S [2] in D(X, f -1 O S) coming from the short exact sequence in Lemma ef lemma-the-complex-for-L-star is the map of Remark ef remark-cup-product-as-a-map for = c 1 dR ( L ) .",lexical_candidate_only
invertible,71,section,0FU9,derham-remark-de-rham-complex-graded,derham.tex,1054,remark,de Rham cohomology of a line bundle,egin remark [de Rham complex of a graded ring] Let G be an abelian monoid written additively with neutral element 0 . Let R o A be a ring map and assume A comes with a grading A = igoplus g G A g by R -modules such that R maps into A 0 and A g dot A g' A g + g' . Then the module ,lexical_candidate_only
invertible,71,section,0EQJ,spaces-chow-definition-cap-c1,spaces-chow.tex,2352,definition,Intersecting with an invertible sheaf,"egin definition In Situation ef situation-setup let X/B be good. Let L be an invertible O X -module. We define, for every integer k , an operation c 1( L ) ap - : Z k + 1 (X) o k(X) called intersection with the first Chern class of L . egin enumerate Given an integral closed subs",lexical_candidate_only
invertible,71,section,0EQE,spaces-chow-definition-divisor-invertible-sheaf,spaces-chow.tex,2077,definition,The divisor associated to an invertible sheaf,egin definition In Situation ef situation-setup let X/B be good. Assume X is integral and n = im elta(X) . Let L be an invertible O X -module. egin enumerate For any nonzero meromorphic section s of L we define the Weil divisor associated to s is the (n - 1) -cycle ext div L (s) ,lexical_candidate_only
invertible,71,section,0EQM,spaces-chow-equation-equal-as-cycles,spaces-chow.tex,2433,equation,Intersecting with an invertible sheaf,egin equation [Z(s)] k = n i[Z(s i)] k,lexical_candidate_only
invertible,71,section,0EQG,spaces-chow-lemma-Gm-torsor,spaces-chow.tex,2168,lemma,The divisor associated to an invertible sheaf,"egin lemma In Situation ef situation-setup let X/B be good. Let L be an invertible O X -module. The morphism q : T = nderline ( igoplus n Z L n ight) X has the following properties: egin enumerate q is surjective, smooth, affine, of relative dimension 1 , there is an isomorphism ",lexical_candidate_only
invertible,71,section,0EQH,spaces-chow-lemma-Gm-torsor-divisor-meromorphic-section,spaces-chow.tex,2260,lemma,The divisor associated to an invertible sheaf,egin lemma In Situation ef situation-setup let X/B be good. Let L be an invertible O X -module. Assume X is integral. Let s be a nonzero meromorphic section of L . Let q : T o X be the morphism of Lemma ef lemma-Gm-torsor . Then q *ext div L (s) = ext div T(q *(s)) where we view ,lexical_candidate_only
invertible,71,section,0EQK,spaces-chow-lemma-c1-cap-additive,spaces-chow.tex,2397,lemma,Intersecting with an invertible sheaf,"egin lemma In Situation ef situation-setup let X/B be good. Let L , N be an invertible sheaves on X . Then c 1( L ) ap + c 1( N ) ap = c 1( L O X N ) ap in k(X) for every Z k - 1 (X) . Moreover, c 1( O X) ap = 0 for all .",lexical_candidate_only
invertible,71,section,0EQZ,spaces-chow-lemma-cap-commutative,spaces-chow.tex,3167,lemma,Intersecting with an invertible sheaf and rational equivalence,"egin lemma In Situation ef situation-setup let X/B be good. Let L , N be invertible on X . For any k + 2 (X) we have c 1( L ) ap c 1( N ) ap = c 1( N ) ap c 1( L ) ap as elements of k(X) .",lexical_candidate_only
invertible,71,section,0EQX,spaces-chow-lemma-commutativity-on-integral,spaces-chow.tex,3087,lemma,Intersecting with an invertible sheaf and rational equivalence,"egin lemma In Situation ef situation-setup let X/B be good. Assume X integral and im elta(X) = n . Let L , N be invertible on X . Choose a nonzero meromorphic section s of L and a nonzero meromorphic section t of N . Set = ext div L (s) and eta = ext div N (t) . Then c 1( N ) ap ",lexical_candidate_only
invertible,71,section,0EQF,spaces-chow-lemma-compute-c1,spaces-chow.tex,2111,lemma,The divisor associated to an invertible sheaf,"egin lemma In Situation ef situation-setup let X/B be good. Assume X is integral and n = im elta(X) . Let L be an invertible O X -module. Let s (X, L ) be a nonzero global section. Then ext div L (s) = [Z(s)] n - 1 in Z n - 1 (X) and c 1( L ) ap [X] = [Z(s)] n - 1 in n - 1 (X) .",lexical_candidate_only
invertible,71,section,0EQY,spaces-chow-lemma-factors,spaces-chow.tex,3110,lemma,Intersecting with an invertible sheaf and rational equivalence,egin lemma In Situation ef situation-setup let X/B be good. Let L be invertible on X . The operation c 1( L ) ap factors through rational equivalence to give an operation c 1( L ) ap - : k + 1 (X) o k(X),lexical_candidate_only
invertible,71,section,0EQN,spaces-chow-lemma-geometric-cap,spaces-chow.tex,2470,lemma,Intersecting with an invertible sheaf,"egin lemma In Situation ef situation-setup let X/B be good. Let L be an invertible O X -module. Let Y X be a closed subscheme with im elta(Y) k + 1 and let s (Y, L | Y) be a regular section. Then c 1( L ) ap [Y] k + 1 = [Z(s)] k in k(X) .",lexical_candidate_only
invertible,71,section,0EQL,spaces-chow-lemma-prepare-geometric-cap,spaces-chow.tex,2424,lemma,Intersecting with an invertible sheaf,"egin lemma In Situation ef situation-setup let Y/B be good. Let L be an invertible O Y -module. Let s (Y, L ) be a regular section and assume im elta(Y) k + 1 . Write [Y] k + 1 = n i[Y i] where Y i Y are the irreducible components of Y of elta -dimension k + 1 . Set s i = s| Y i ",lexical_candidate_only
invertible,22,text,0BD0,divisors-lemma-norm-ample,divisors.tex,3738,lemma,Norms,egin lemma Let : X o Y be a finite morphism of schemes. Assume X has an ample invertible sheaf and there exists a norm of degree d for . Then Y has an ample invertible sheaf.,lexical_candidate_only
invertible,22,text,0AYM,divisors-lemma-quasi-projective-Noetherian-pic-effective-Cartier,divisors.tex,3216,lemma,Effective Cartier divisors on Noetherian schemes,"egin lemma egin slogan On a projective scheme, every line bundle has a regular meromorphic section. Let X be a Noetherian scheme which has an ample invertible sheaf. Then every invertible O X -module is isomorphic to O X(D - D') = O X(D) O X O X(D') -1 for some effective Cartier ",lexical_candidate_only
invertible,22,text,02AL,exercises-exercise-higher-dimension-invertible,exercises.tex,3848,exercise,Invertible sheaves,"egin exercise Higher dimensions. egin enumerate Prove that every invertible sheaf on two dimensional affine space is trivial. More precisely, let A 2 k = (k[x, y]) where k is a field. Show that every invertible sheaf on A 2 k is trivial. (Hint: One way to do this is to consider t",lexical_candidate_only
invertible,22,text,0CCJ,groupoids-lemma-descend-along-finite-quasi-projective,groupoids.tex,5383,lemma,Descending quasi-projective schemes,"egin lemma Let X o Y be a surjective finite locally free morphism. Let V be a scheme over X such that one of the following holds egin enumerate V o X is projective, V o X is quasi-projective, there exists an ample invertible sheaf on V , there exists an X -ample invertible sheaf ",lexical_candidate_only
invertible,22,text,01VN,morphisms-lemma-ample-very-ample,morphisms.tex,9019,lemma,Very ample sheaves,"egin lemma egin reference ite[II, Proposition 4.6.2] EGA Let f : X o S be a morphism of schemes. Let L be an invertible O X -module. If f is quasi-compact and L is a relatively very ample invertible sheaf, then L is a relatively ample invertible sheaf.",lexical_candidate_only
invertible,22,text,01VJ,morphisms-lemma-characterize-relatively-ample,morphisms.tex,8689,lemma,Relatively ample sheaves,"egin lemma egin reference ite[II, Proposition 4.6.3] EGA Let f : X o S be a quasi-compact morphism of schemes. Let L be an invertible sheaf on X . The following are equivalent: egin enumerate The invertible sheaf L is f -ample. There exists an open covering S = igcup V i such tha",lexical_candidate_only
invertible,22,text,01VS,morphisms-lemma-quasi-projective-finite-type-over-S,morphisms.tex,9434,lemma,Ample and very ample sheaves relative to finite type morphisms,"egin lemma Let f : X o S be a morphism of schemes. Let L be an invertible sheaf on X . Assume that egin enumerate the invertible sheaf L is ample on X , and the morphism X o S is locally of finite type. Then there exists a d 0 1 such that for every d d 0 there exist an n 0 and an",lexical_candidate_only
invertible,22,text,02NP,morphisms-lemma-very-ample-finite-type-over-affine,morphisms.tex,9301,lemma,Ample and very ample sheaves relative to finite type morphisms,"egin lemma Let f : X o S be a morphism of schemes. Let L be an invertible sheaf on X . Assume that egin enumerate the invertible sheaf L is very ample on X/S , the morphism X o S is of finite type, and S is affine. Then there exist an n 0 and an immersion i : X o P n S over S suc",lexical_candidate_only
invertible,22,text,0B9Y,pic-lemma-twist-with-general-divisor,pic.tex,1162,lemma,The Picard scheme of a curve,"egin lemma Let k be a separably closed field. Let X be a smooth projective curve of genus g over k . Let K/k be a field extension and let L be an invertible sheaf on X K . Then there exists an invertible sheaf L 0 on X such that im K H 0(X K, L O X K L 0| X K ) = 1 and im K H 1(X",lexical_candidate_only
invertible,22,text,01Q6,properties-item-s-basis,properties.tex,4655,item,Ample invertible sheaves,"(ef item-c-gg ) below gives exactly this assertion for every finite-type quasi-coherent sheaf and every ample invertible sheaf on a quasi-compact scheme. Let X be a quasi-compact scheme. Let L be an invertible sheaf on X . Set S = *(X, L ) . The following are equivalent: egin enu",lexical_candidate_only
invertible,22,text,0BDC,varieties-lemma-ample-after-field-extension,varieties.tex,2750,lemma,Change of fields and ample invertible sheaves,"egin lemma Let k be a field. Let X be a scheme over k . If there exists an ample invertible sheaf on X K for some field extension K/k , then X has an ample invertible sheaf.",lexical_candidate_only
invertible,22,text,09NC,varieties-lemma-enough-globally-generated-ample,varieties.tex,8149,lemma,One dimensional Noetherian schemes,"egin lemma Let X be a quasi-compact scheme. If for every x X there exists a pair ( L , s) consisting of a globally generated invertible sheaf L and a global section s such that x X s and X s is affine, then X has an ample invertible sheaf.",lexical_candidate_only
invertible,22,text,09NE,varieties-lemma-glue-invertible-sheaves,varieties.tex,8245,lemma,One dimensional Noetherian schemes,"egin lemma Let X be a scheme. Let Z 1, , Z n X be closed subschemes. Let L i be an invertible sheaf on Z i . Assume that egin enumerate X is reduced, X = igcup Z i set theoretically, and Z i ap Z j is a discrete topological space for i = j . Then there exists an invertible sheaf ",lexical_candidate_only
invertible,21,text,02T8,chow-definition-gysin-homomorphism,chow.tex,5069,definition,Gysin homomorphisms,"egin definition Let (S, elta) be as in Situation ef situation-setup . Let X be locally of finite type over S . Let ( L , s) be a pair consisting of an invertible sheaf and a global section s (X, L ) . Let D = Z(s) be the zero scheme of s , and denote i : D o X the closed immersio",lexical_candidate_only
invertible,21,text,02UH,chow-lemma-additivity-invertible-subsheaf,chow.tex,7925,lemma,Additivity of Chern classes,"egin lemma Let (S, elta) be as in Situation ef situation-setup . Let X be locally of finite type over S . Let E , F be finite locally free sheaves on X of ranks r , r - 1 which fit into a short exact sequence 0 o L o E o F o 0 where L is an invertible sheaf. Then c( E ) = c( L ) ",lexical_candidate_only
invertible,21,text,02UD,chow-lemma-chern-classes-E-tensor-L,chow.tex,7755,lemma,Polynomial relations among Chern classes,"egin lemma Let (S, elta) be as in Situation ef situation-setup . Let X be locally of finite type over S . Let E be a finite locally free sheaf of rank r on X . Let L be an invertible sheaf on X . Then we have egin equation c i( E L ) = j = 0 i inom r - i + j j c i - j ( E ) c 1( ",lexical_candidate_only
invertible,21,text,0FDX,chow-lemma-vanish-above-dimension,chow.tex,6374,lemma,Chow cohomology and the first Chern class,"egin lemma Let (S, elta) be as in Situation ef situation-setup . Let X be a finite type scheme over S which has an ample invertible sheaf. Assume d = im(X) < (here we really mean dimension and not elta -dimension). Then for any invertible sheaves L 1, , L d + 1 on X we have c 1( ",lexical_candidate_only
invertible,21,text,02T7,chow-section-intersecting-effective-Cartier,chow.tex,5044,section,Gysin homomorphisms,Gysin homomorphisms In this section we define the Gysin map for the zero locus D of a section of an invertible sheaf. An interesting case occurs when D is an,lexical_candidate_only
invertible,21,text,02SV,chow-subsection-cartier-coherent,chow.tex,18585,subsection,Cartier divisors and K-groups,Cartier divisors and K-groups In this section we describe how the intersection with the first Chern class of an invertible sheaf L corresponds to tensoring with,lexical_candidate_only
invertible,21,text,09MS,coherent-lemma-ample-on-reduction,coherent.tex,5637,lemma,Ample invertible sheaves and cohomology,"egin lemma Let i : Z o X be a closed immersion of Noetherian schemes inducing a homeomorphism of underlying topological spaces. Let L be an invertible sheaf on X . Then i * L is ample on Z , if and only if L is ample on X .",lexical_candidate_only
invertible,21,text,09MR,coherent-lemma-invert-s-cohomology,coherent.tex,5548,lemma,Ample invertible sheaves and cohomology,"egin lemma Let X be a scheme. Let L be an invertible sheaf on X . Let s (X, L ) . Let F be a quasi-coherent O X -module. If X is quasi-compact and quasi-separated, the canonical map H p *(X, L , F ) (s) H p(X s, F ) which maps /s n to s -n is an isomorphism.",lexical_candidate_only
invertible,21,text,02O1,coherent-lemma-kill-by-twisting,coherent.tex,5327,lemma,Higher direct images along projective morphisms,"egin lemma Let f : X o S be a morphism of schemes. Let F be a quasi-coherent O X -module. Let L be an invertible sheaf on X . Assume that egin enumerate S is Noetherian, f is proper, F is coherent, and L is relatively ample on X/S . Then there exists an n 0 such that for all n n ",lexical_candidate_only
invertible,21,text,0884,coherent-lemma-vanishing-projective,coherent.tex,7699,lemma,"Grothendieck's existence theorem, I","egin lemma Let A be Noetherian ring and I A an ideal. Let f : X o (A) be a proper morphism and let L be an f -ample invertible sheaf. Let I = I O X . Let ( F n) be an object of extit Coh (X, I ) . Then there exists an integer d 0 such that H 1(X, ( F n + 1 o F n) L d ) = 0 for al",lexical_candidate_only
invertible,21,text,01N8,constructions-lemma-converse-construction,constructions.tex,2895,lemma,Morphisms into Proj,"egin lemma Let S be a graded ring, and X = ext Proj (S) . Let d 1 and U d X as above. Let Y be a scheme. Let L be an invertible sheaf on Y . Let : S (d) o *(Y, L ) be a graded ring homomorphism such that L is generated by the sections in the image of | S d : S d o (Y, L ) . Then ",lexical_candidate_only
invertible,21,text,0B3B,constructions-lemma-globally-generated-omega-twist-1,constructions.tex,3622,lemma,Projective space,"egin lemma Let X be a scheme. Let L be an invertible sheaf and let s 0, , s n be global sections of L which generate it. Let F be the kernel of the induced map O X n + 1 o L . Then F L is globally generated.",lexical_candidate_only
invertible,21,text,01NJ,constructions-section-invertible-proj,constructions.tex,3674,section,Invertible sheaves and morphisms into Proj,"Invertible sheaves and morphisms into Proj Let T be a scheme and let L be an invertible sheaf on T . For a section s (T, L ) we denote T s the open subset of poin",lexical_candidate_only
invertible,21,text,01WX,divisors-definition-invertible-sheaf-effective-Cartier-divisor,divisors.tex,2660,definition,Effective Cartier divisors and invertible sheaves,"egin definition Let S be a scheme. Let D S be an effective Cartier divisor with ideal sheaf I D . egin enumerate The invertible sheaf O S(D) associated to D is defined by O S(D) = O S ( I D, O S) = I D -1 . The canonical section , usually denoted 1 or 1 D , is the global section ",lexical_candidate_only
invertible,21,text,01WY,divisors-definition-regular-section,divisors.tex,2778,definition,Effective Cartier divisors and invertible sheaves,"egin definition Let (X, O X) be a locally ringed space. Let L be an invertible sheaf on X . A global section s (X, L ) is called a regular section if the map O X o L , f fs is injective.",lexical_candidate_only
invertible,21,text,02OQ,divisors-definition-zero-scheme-s,divisors.tex,2818,definition,Effective Cartier divisors and invertible sheaves,"egin definition Let X be a scheme. Let L be an invertible sheaf. Let s (X, L ) be a global section. The zero scheme of s is the closed subscheme Z(s) X defined by the quasi-coherent sheaf of ideals I O X which is the image of the map s : L -1 o O X .",lexical_candidate_only
invertible,21,text,02NS,divisors-lemma-blowing-up-projective,divisors.tex,8976,lemma,Blowing up,"egin lemma Let X be a scheme. Let I O X be a quasi-coherent sheaf of ideals. Let b : X' o X be the blowing up of X in the ideal sheaf I . If I is of finite type, then egin enumerate b : X' o X is a projective morphism, and O X' (1) is a b -relatively ample invertible sheaf.",lexical_candidate_only
invertible,21,text,02OR,divisors-lemma-zero-scheme,divisors.tex,2828,lemma,Effective Cartier divisors and invertible sheaves,"egin lemma Let X be a scheme. Let L be an invertible sheaf. Let s (X, L ) . egin enumerate Consider closed immersions i : Z o X such that i *s (Z, i * L ) is zero ordered by inclusion. The zero scheme Z(s) is the maximal element of this ordered set. For any morphism of schemes f ",lexical_candidate_only
invertible,21,text,0A2K,etale-cohomology-lemma-end-unique-up-to-invertible,etale-cohomology.tex,9484,lemma,The Brauer group of a scheme,"egin lemma Let S be a scheme. Let F and G be finite locally free sheaves of O S -modules of positive rank. If there exists an isomorphism O S ( F , F ) ong O S ( G , G ) of O S -algebras, then there exists an invertible sheaf L on S such that F O S L ong G and such that this isom",lexical_candidate_only
invertible,21,text,02AG,exercises-definition-invertible-module,exercises.tex,3806,definition,Invertible sheaves,egin definition Let R be a ring. An invertible module M is an R -module M such that M is an invertible sheaf on the spectrum of R . We say M is trivial if M ong R as an R -module.,lexical_candidate_only
invertible,21,text,02AI,exercises-item-affine-line,exercises.tex,3825,item,Invertible sheaves,"M such that M is an invertible sheaf on the spectrum of R . We say M is trivial if M ong R as an R -module. In other words, M is invertible if and only if it satisfies all of the following conditions: it is flat, of finite presentation, projective, and locally free of rank 1. (Of",lexical_candidate_only
invertible,21,text,02AX,exercises-remark-invertible-projective-space,exercises.tex,5229,remark,"Schemes, Final Exam, Spring 2009","egin remark Let k be a field. Let P 2 k = ext Proj (k[X 0, X 1, X 2]) . Any invertible sheaf on P 2 k is isomorphic to O P 2 k (n) for some n Z . Recall that ( P 2 k, O P 2 k (n)) = k[X 0, X 1, X 2] n is the degree n part of the polynomial ring. For a quasi-coherent sheaf F on P ",lexical_candidate_only
invertible,21,text,,gaga-remark-line-bundles-gaga,gaga.tex,1893,remark,Algebraic and analytic principal bundles,"egin remark [Line bundles and the historical formulation] For n=1 , Proposition ef proposition-general-linear-principal-bundles-gaga is the isomorphism m Pic (X) m Pic (X m an ). Serre's remarks after Proposition 18 in ite[ 4, no. 20] GAGA express this in terms of divisor classes",lexical_candidate_only
invertible,21,text,09MW,limits-lemma-ample-on-reduction,limits.tex,2925,lemma,Characterizing affine schemes,"egin lemma Let i : Z o X be a closed immersion of schemes inducing a homeomorphism of underlying topological spaces. Let L be an invertible sheaf on X . Then i * L is ample on Z , if and only if L is ample on X .",lexical_candidate_only
invertible,21,text,0E21,limits-lemma-ample-profinite-set-in-principal-affine,limits.tex,3004,lemma,Characterizing affine schemes,"egin lemma Let X be a scheme. Let L be an ample invertible sheaf on X . Assume we have morphisms of schemes (k) (A) o W X where k is a field, A is an integral k -algebra, W is open in X . Then there exists an n > 0 and a section s (X, L n ) such that X s is affine, X s W , and (A",lexical_candidate_only
invertible,21,text,09MT,limits-lemma-limit-ample,limits.tex,788,lemma,Descending properties,"egin lemma In Situation ef situation-descent let L 0 be an invertible sheaf of modules on S 0 . If the pullback L to S is ample, then for some i I the pullback L i to S i is ample.",lexical_candidate_only
invertible,21,text,01CU,modules-definition-powers,modules.tex,4899,definition,Invertible modules,"egin definition Let (X, O X) be a ringed space. Given an invertible sheaf L on X and n Z we define the n th tensor power L n of L as the image of O X under applying the equivalence F F O X L exactly n times.",lexical_candidate_only
invertible,21,text,0B46,more-morphisms-lemma-category-projective,more-morphisms.tex,15064,lemma,Projective schemes,egin lemma Let S be a scheme which has an ample invertible sheaf. Let ext P S be the full subcategory of the category of schemes over S satisfying the equivalent conditions of Lemma ef lemma-projective . egin enumerate if S' o S is a morphism of schemes and S' has an ample invert,lexical_candidate_only
invertible,21,text,0B43,more-morphisms-lemma-category-quasi-projective,more-morphisms.tex,14853,lemma,Quasi-projective schemes,egin lemma Let S be a scheme which has an ample invertible sheaf. Let ext QP S be the full subcategory of the category of schemes over S satisfying the equivalent conditions of Lemma ef lemma-quasi-projective . egin enumerate if S' o S is a morphism of schemes and S' has an ample,lexical_candidate_only
invertible,21,text,0BF3,more-morphisms-lemma-pic-of-product,more-morphisms.tex,10583,lemma,Theorem of the cube,"egin lemma Let f : X o S and g : Y o S be morphisms of schemes satisfying the hypotheses of Lemma ef lemma-diagonal-picard-flat-proper . Let : S o X and au : S o Y be sections of f and g . Let s S . Let L be an invertible sheaf on X imes S Y . If (1 imes au) * L on X , ( imes 1) ",lexical_candidate_only
invertible,21,text,0B45,more-morphisms-lemma-projective,more-morphisms.tex,14989,lemma,Projective schemes,"egin lemma Let S be a scheme which has an ample invertible sheaf. Let f : X o S be a morphism of schemes. The following are equivalent egin enumerate X o S is projective, X o S is H-projective, X o S is quasi-projective and proper, X o S is H-quasi-projective and proper, X o S is",lexical_candidate_only
invertible,21,text,0B42,more-morphisms-lemma-quasi-projective,more-morphisms.tex,14801,lemma,Quasi-projective schemes,"egin lemma Let S be a scheme which has an ample invertible sheaf. Let f : X o S be a morphism of schemes. The following are equivalent egin enumerate X o S is quasi-projective, X o S is H-quasi-projective, there exists a quasi-compact open immersion X o X' of schemes over S with ",lexical_candidate_only
invertible,21,text,0D2R,more-morphisms-lemma-thicken-property-relatively-ample,more-morphisms.tex,312,lemma,Morphisms of thickenings,"egin lemma Let (f, f') : (X X') o (S S') be a morphism of thickenings. Let L ' be an invertible sheaf on X' and denote L the restriction to X . Then L ' is f' -ample if and only if L is f -ample.",lexical_candidate_only
invertible,21,text,0B41,more-morphisms-section-quasi-projective,more-morphisms.tex,14786,section,Quasi-projective schemes,"Quasi-projective schemes The term ``quasi-projective scheme'' has not yet been defined. A possible definition could be a scheme which has an ample invertible sheaf. However, if X",lexical_candidate_only
invertible,21,text,02NR,morphisms-lemma-characterize-ample-on-finite-type,morphisms.tex,9632,lemma,Ample and very ample sheaves relative to finite type morphisms,"egin lemma Let f : X o S be a morphism of schemes. Let L be an invertible sheaf on X . Assume f is of finite type. The following are equivalent: egin enumerate L is f -relatively ample, and there exist an open covering S = igcup V j , for each j an integers d j 1 , n j 0 , and im",lexical_candidate_only
invertible,21,text,02NQ,morphisms-lemma-characterize-very-ample-on-finite-type,morphisms.tex,9603,lemma,Ample and very ample sheaves relative to finite type morphisms,"egin lemma Let f : X o S be a morphism of schemes. Let L be an invertible sheaf on X . Assume f is of finite type. The following are equivalent: egin enumerate L is f -relatively very ample, and there exist an open covering S = igcup V j , for each j an integer n j , and immersio",lexical_candidate_only
invertible,21,text,087S,morphisms-lemma-projective-over-quasi-projective-is-H-projective,morphisms.tex,10869,lemma,Projective morphisms,"egin lemma Let S be a scheme which admits an ample invertible sheaf. Then egin enumerate any projective morphism X o S is H-projective, and any quasi-projective morphism X o S is H-quasi-projective.",lexical_candidate_only
invertible,21,text,0B5N,morphisms-lemma-proper-ample-locally-projective,morphisms.tex,10638,lemma,Projective morphisms,"egin lemma Let f : X o S be a proper morphism of schemes. If there exists an f -ample invertible sheaf on X , then f is locally projective.",lexical_candidate_only
invertible,21,text,01VI,morphisms-lemma-relatively-ample-separated,morphisms.tex,8666,lemma,Relatively ample sheaves,"egin lemma Let f : X o S be a morphism of schemes. If there exists an f -ample invertible sheaf, then f is separated.",lexical_candidate_only
invertible,21,text,01VR,morphisms-lemma-relatively-very-ample,morphisms.tex,9167,lemma,Very ample sheaves,"egin lemma Let f : X o S be a morphism of schemes. Let L be an invertible sheaf on X . Assume f is quasi-compact. The following are equivalent egin enumerate L is relatively very ample on X/S , there exists an open covering S = igcup V j such that L | f -1 (V j) is relatively ver",lexical_candidate_only
