topic_id,rank,score,hit_fields,official_tag,full_label,file,line,kind,section_label,text_sha256,status
ega-topic-foundations,1,187,label;section;text,02B7,desirables-section-conventions,desirables.tex,32,section,section-conventions,0D480C69663AF68C31DE5422CA525226AC7CA873F5B16ECCB0181AE619DC4B5B,lexical_candidate_only
ega-topic-foundations,2,187,label;section;text,0AI5,formal-spaces-section-conventions,formal-spaces.tex,621,section,section-conventions,430E4C55261E95AFA42D69E95F8CDC555133E6FB1663F8008B6B99FFF058730B,lexical_candidate_only
ega-topic-foundations,3,186,label;section;text,07T1,artin-section-conventions,artin.tex,177,section,section-conventions,ABF9670087E6BE6C9723211E01716CDA4C4B2CB824F453FBA2D41D970CCEAE9E,lexical_candidate_only
ega-topic-foundations,4,186,label;section;text,05XG,criteria-section-conventions,criteria.tex,53,section,section-conventions,ABF9670087E6BE6C9723211E01716CDA4C4B2CB824F453FBA2D41D970CCEAE9E,lexical_candidate_only
ega-topic-foundations,5,186,label;section;text,048C,groupoids-quotients-section-conventions-notation,groupoids-quotients.tex,32,section,section-conventions-notation,664D5C3C06FFEBACBFB40E269377DE968E8A45C049EDBA0282124A1E6786E602,lexical_candidate_only
ega-topic-foundations,6,186,label;section;text,0DMI,moduli-curves-section-conventions,moduli-curves.tex,30,section,section-conventions,ED9CCFEE0FD77140F75746FA0B7D97BEB496455BE25EFAF7639A2E04CC42225A,lexical_candidate_only
ega-topic-foundations,7,186,label;section;text,0DLV,moduli-section-conventions,moduli.tex,65,section,section-conventions,ED9CCFEE0FD77140F75746FA0B7D97BEB496455BE25EFAF7639A2E04CC42225A,lexical_candidate_only
ega-topic-foundations,8,186,label;section;text,073R,stacks-cohomology-section-conventions,stacks-cohomology.tex,37,section,section-conventions,2F40488BE1B8E15FC6670F57D2CFA2912E1295E64EC736612FBA444FABA868E7,lexical_candidate_only
ega-topic-foundations,9,186,label;section;text,0CMP,stacks-limits-section-conventions,stacks-limits.tex,27,section,section-conventions,DFD850A80D2B616A797A9167D0C42B039E1C29707FDA3C7CF3C1E55CB2522809,lexical_candidate_only
ega-topic-foundations,10,186,label;section;text,0BPM,stacks-more-morphisms-section-conventions,stacks-more-morphisms.tex,29,section,section-conventions,2F40488BE1B8E15FC6670F57D2CFA2912E1295E64EC736612FBA444FABA868E7,lexical_candidate_only
ega-topic-foundations,11,186,label;section;text,04XP,stacks-morphisms-section-conventions,stacks-morphisms.tex,44,section,section-conventions,2F40488BE1B8E15FC6670F57D2CFA2912E1295E64EC736612FBA444FABA868E7,lexical_candidate_only
ega-topic-foundations,12,186,label;section;text,08MY,stacks-perfect-section-conventions,stacks-perfect.tex,40,section,section-conventions,B04A30D41C29454AB038D593B300745D5BEB943832C991C2059FDF930AF920AF,lexical_candidate_only
ega-topic-foundations,13,186,label;section;text,06TH,stacks-sheaves-section-conventions,stacks-sheaves.tex,58,section,section-conventions,ABF9670087E6BE6C9723211E01716CDA4C4B2CB824F453FBA2D41D970CCEAE9E,lexical_candidate_only
ega-topic-foundations,14,185,label;section;text,026M,algebraic-section-conventions,algebraic.tex,36,section,section-conventions,DDEFA6F14B9ABB1E897F0A1BCAAD371EA690D34420F07D199B61356796372E6E,lexical_candidate_only
ega-topic-foundations,15,185,label;section;text,09JF,dga-section-conventions,dga.tex,34,section,section-conventions,41FAC1545B522E68B666045CD27645917771A93EF7CA54547068AFB0033D3978,lexical_candidate_only
ega-topic-foundations,16,185,label;section;text,0H4D,relative-cycles-section-conventions,relative-cycles.tex,49,section,section-conventions,DEF989F6C3C8335C36A2A5506E466DAA256029D8BC06E9506A41CCAD03F6BEAB,lexical_candidate_only
ega-topic-foundations,17,185,label;section;text,0FQU,sdga-section-conventions,sdga.tex,29,section,section-conventions,41FAC1545B522E68B666045CD27645917771A93EF7CA54547068AFB0033D3978,lexical_candidate_only
ega-topic-foundations,18,184,label;section;text,06Z3,adequate-section-conventions,adequate.tex,72,section,section-conventions,975B96979DCD701ADE4624D1D7ADC9AB21AFA69CFAED440B1F80BF8BAA140868,lexical_candidate_only
ega-topic-foundations,19,184,label;section;text,00AQ,algebra-section-conventions,algebra.tex,33,section,section-conventions,9C8E0D6EB35177BA7B2A6B7F9C895EB7E4DD7F599CAB627CD951172DDCD6E7FA,lexical_candidate_only
ega-topic-foundations,20,184,label;section;text,046C,bootstrap-section-conventions,bootstrap.tex,38,section,section-conventions,2E4107A220266CAEEC1F6DE7D8F6FD71016DF8CD905FC4424A6A46274F21FA40,lexical_candidate_only
ega-topic-foundations,21,184,label;section;text,06NM,decent-spaces-section-conventions,decent-spaces.tex,34,section,section-conventions,2E4107A220266CAEEC1F6DE7D8F6FD71016DF8CD905FC4424A6A46274F21FA40,lexical_candidate_only
ega-topic-foundations,22,184,label;section;text,0FY2,equiv-section-conventions,equiv.tex,49,section,section-conventions,162D3100427175B48540021A85F2BE7FB6062B44668EFBBA95B305D7EB9909FF,lexical_candidate_only
ega-topic-foundations,23,184,label;section;text,039F,etale-section-conventions,etale.tex,40,section,section-conventions,027297085EA7857F27EB26D4DDDBEA6D1EB40DD274DB996CE609EF8C1534E5FD,lexical_candidate_only
ega-topic-foundations,24,184,label;section;text,06G9,formal-defos-section-notations-conventions,formal-defos.tex,194,section,section-notations-conventions,8425D8F0C756F37A477017008FFF714B86D9CF08F77E761E308EDBF41BE96E04,lexical_candidate_only
ega-topic-foundations,25,184,label;section;text,0AZ8,intersection-section-conventions,intersection.tex,127,section,section-conventions,63416E45EA74D9C1BA26993DE1E1638A166B434726F7422ECFD3E49B431247B4,lexical_candidate_only
ega-topic-foundations,26,184,label;section;text,08CW,perfect-section-conventions,perfect.tex,28,section,section-conventions,F9011C7DA07F4D9E51DDDA12D443FE3544D136944096541EB9110874606E72A2,lexical_candidate_only
ega-topic-foundations,27,184,label;section;text,0F4R,proetale-section-change-universe,proetale.tex,6280,section,section-change-universe,B24116F8CA91F3986165031DBADAAD8AD0CAC5AD739624AEAC964D270DBF2146,lexical_candidate_only
ega-topic-foundations,28,184,label;section;text,05X6,quot-section-conventions,quot.tex,124,section,section-conventions,2DD57317AA237CAEB2039E7E95372575022674D6D178EAEB429E8B064E55B796,lexical_candidate_only
ega-topic-foundations,29,184,label;section;text,071V,spaces-cohomology-section-conventions,spaces-cohomology.tex,49,section,section-conventions,2E4107A220266CAEEC1F6DE7D8F6FD71016DF8CD905FC4424A6A46274F21FA40,lexical_candidate_only
ega-topic-foundations,30,184,label;section;text,041I,spaces-descent-section-conventions,spaces-descent.tex,32,section,section-conventions,2E4107A220266CAEEC1F6DE7D8F6FD71016DF8CD905FC4424A6A46274F21FA40,lexical_candidate_only
ega-topic-foundations,31,184,label;section;text,0439,spaces-groupoids-section-conventions,spaces-groupoids.tex,32,section,section-conventions,2E4107A220266CAEEC1F6DE7D8F6FD71016DF8CD905FC4424A6A46274F21FA40,lexical_candidate_only
ega-topic-foundations,32,184,label;section;text,07SD,spaces-limits-section-conventions,spaces-limits.tex,34,section,section-conventions,2E4107A220266CAEEC1F6DE7D8F6FD71016DF8CD905FC4424A6A46274F21FA40,lexical_candidate_only
ega-topic-foundations,33,184,label;section;text,0DFT,spaces-more-cohomology-section-conventions,spaces-more-cohomology.tex,39,section,section-conventions,2E4107A220266CAEEC1F6DE7D8F6FD71016DF8CD905FC4424A6A46274F21FA40,lexical_candidate_only
ega-topic-foundations,34,184,label;section;text,049H,spaces-more-morphisms-section-conventions,spaces-more-morphisms.tex,29,section,section-conventions,2E4107A220266CAEEC1F6DE7D8F6FD71016DF8CD905FC4424A6A46274F21FA40,lexical_candidate_only
ega-topic-foundations,35,184,label;section;text,040V,spaces-morphisms-section-conventions,spaces-morphisms.tex,35,section,section-conventions,2E4107A220266CAEEC1F6DE7D8F6FD71016DF8CD905FC4424A6A46274F21FA40,lexical_candidate_only
ega-topic-foundations,36,184,label;section;text,06LX,spaces-over-fields-section-conventions,spaces-over-fields.tex,27,section,section-conventions,2E4107A220266CAEEC1F6DE7D8F6FD71016DF8CD905FC4424A6A46274F21FA40,lexical_candidate_only
ega-topic-foundations,37,184,label;section;text,08F0,spaces-perfect-section-conventions,spaces-perfect.tex,30,section,section-conventions,F9011C7DA07F4D9E51DDDA12D443FE3544D136944096541EB9110874606E72A2,lexical_candidate_only
ega-topic-foundations,38,184,label;section;text,03BQ,spaces-properties-section-conventions,spaces-properties.tex,47,section,section-conventions,2E4107A220266CAEEC1F6DE7D8F6FD71016DF8CD905FC4424A6A46274F21FA40,lexical_candidate_only
ega-topic-foundations,39,184,label;section;text,0GFM,spaces-pushouts-section-conventions,spaces-pushouts.tex,65,section,section-conventions,2E4107A220266CAEEC1F6DE7D8F6FD71016DF8CD905FC4424A6A46274F21FA40,lexical_candidate_only
ega-topic-foundations,40,184,label;section;text,04XA,stacks-properties-section-conventions,stacks-properties.tex,39,section,section-conventions,1402A2E99AD8F2732223B8B0718B818BBC13CA20826215B955F07276BED961EC,lexical_candidate_only
ega-topic-foundations,41,184,label;section;text,0FFI,weil-section-conventions,weil.tex,99,section,section-conventions,6EE0C9B7CECAF612179B2E9051DA001FEF54F3218933D3341A5A6A2F6EAFF735,lexical_candidate_only
ega-topic-foundations,42,163,label;section,0F4T,proetale-lemma-cohomology-enlarge-partial-universe,proetale.tex,6419,lemma,section-change-universe,10C2DD71378ADA7F5B16FBD423735EDB09BF1592423DF943304C1E0496E5EF19,lexical_candidate_only
ega-topic-foundations,43,163,label;section,098Y,proetale-lemma-proetale-cohomology-independent-partial-universe,proetale.tex,6328,lemma,section-change-universe,B43BB1B78B4DEC17827CAE013A460CE64BA87A8FF99E480BD879315DC89E7961,lexical_candidate_only
ega-topic-foundations,44,160,label;chapter;text,0002,conventions-section-phantom,conventions.tex,13,section,,744357C7211340C91D06C97C05DD573AF464736061DB17286F2F23C23FDD2890,lexical_candidate_only
ega-topic-foundations,45,159,label;chapter;text,0003,conventions-section-comments,conventions.tex,18,section,section-comments,E3AEC82B8D4D9E61785363CB401237F101AF381FFB08847435BE011AD2FBE995,lexical_candidate_only
ega-topic-foundations,46,159,label;chapter;text,0004,conventions-section-sets,conventions.tex,25,section,section-sets,EED178CCCCDA40884121365D3A34E3EE7CA6D3F08F292A5B797AA58D5F08C4C4,lexical_candidate_only
ega-topic-foundations,47,137,label;chapter,0006,conventions-section-algebra,conventions.tex,48,section,section-algebra,FB1CFB8D55C5630F3CF2CF0A039CA3E00D9CFCA615934209DA66EB0366F0E2F2,lexical_candidate_only
ega-topic-foundations,48,137,label;chapter,0005,conventions-section-categories,conventions.tex,36,section,section-categories,79FE72C52C197548BC4AB02318714919664A123CFC7D901F06E1A5ACDA957EDF,lexical_candidate_only
ega-topic-foundations,49,137,label;chapter,055X,conventions-section-notation,conventions.tex,57,section,section-notation,08B7F48D8E570295E7F62D085766189EF677A772B0A00E8B8083FF42DE05C5F7,lexical_candidate_only
ega-topic-foundations,50,114,label;text,048X,groupoids-quotients-lemma-invariant-set-theoretically-invariant,groupoids-quotients.tex,774,lemma,section-orbits,87381BFF605C2C9FFDA913CD2FD2D52105AA561599DFF356963BB0091DD2228F,lexical_candidate_only
ega-topic-foundations,51,114,label;text,049X,groupoids-quotients-lemma-set-theoretic-equivalence-geometric,groupoids-quotients.tex,1006,lemma,section-orbits,9772706D0BF7BBF74BD8D00968C162C82043ED8BDF79DC1BCA58E59B6774D7AB,lexical_candidate_only
ega-topic-foundations,52,114,label;text,048W,groupoids-quotients-lemma-set-theoretic-invariant,groupoids-quotients.tex,761,lemma,section-orbits,C72F197DC55A62CB52FB59C99AAA78561CB406D824723100AF99547919873D6F,lexical_candidate_only
ega-topic-foundations,53,114,label;text,0491,groupoids-quotients-lemma-set-theoretic-pre-equivalence-geometric,groupoids-quotients.tex,874,lemma,section-orbits,B820EE556F8E5EB80DD359C9697C0A1FEB4139C714D9FB6565494C1106CF94C3,lexical_candidate_only
ega-topic-foundations,54,114,label;text,048Y,groupoids-quotients-lemma-set-theoretically-invariant-invariant-when-reduced,groupoids-quotients.tex,784,lemma,section-orbits,D478BE7A0E8E93A748AD88577C1997191CDEF38E54465400E608408D4DE7D7B5,lexical_candidate_only
ega-topic-foundations,55,113,label;text,0490,groupoids-quotients-definition-set-theoretic-equivalence,groupoids-quotients.tex,848,definition,section-orbits,C5D24E569C2D7F076A39E99F3D4FA5D5CBA5703317400256D2750DF7A6328ABD,lexical_candidate_only
ega-topic-foundations,56,113,label;text,048V,groupoids-quotients-definition-set-theoretically-invariant,groupoids-quotients.tex,736,definition,section-orbits,A0E14FEDE75B4B857EC4139C0A73274E964595257DD654AAFE4D2D1262B5E6CC,lexical_candidate_only
ega-topic-foundations,57,113,label;text,0492,groupoids-quotients-lemma-set-theoretic-equivalence,groupoids-quotients.tex,1056,lemma,section-orbits,9321A567354858B4D5C6C8F785EE1AA71A869F28ABBB9EA07D734BC75177E5C0,lexical_candidate_only
ega-topic-foundations,58,92,label,03YY,etale-cohomology-lemma-cohomology-enlarge-partial-universe,etale-cohomology.tex,2052,lemma,section-big-small,2282B332B55BA221E6C58AD9056EBB9F9B62E8587B600FB701D745629EB3C6C5,lexical_candidate_only
ega-topic-foundations,59,92,label,0958,etale-cohomology-lemma-etale-topos-independent-partial-universe,etale-cohomology.tex,2128,lemma,section-etale-topos,3461EDD4C786C578C744D84DD890753B11499DA4F5BEB2841D5C7E59C4FEED8E,lexical_candidate_only
ega-topic-foundations,60,92,label,06GP,formal-defos-item-convention-cofibered-sets,formal-defos.tex,1240,item,section-preliminary,9FCC29EFBE9E1BF40E50812B06E404AA3600782D1E0868927583FC63273B4B58,lexical_candidate_only
ega-topic-foundations,61,92,label,0AIS,formal-spaces-remark-set-theoretic,formal-spaces.tex,2552,remark,section-formal-algebraic-spaces,8009698127A0A23CC3EE6D50E6A2BC7DDB17C0536B316A024F6B465BA76AAC6F,lexical_candidate_only
ega-topic-foundations,62,92,label,09X2,sites-cohomology-remark-set-theoretic-LC,sites-cohomology.tex,7614,remark,section-cohomology-LC,86EB8EB8C0F504ED13413AAB395BE9E5B8586A715AAE20A164C54823EA4CD5D0,lexical_candidate_only
ega-topic-foundations,63,71,section,0F4S,proetale-lemma-change-alpha,proetale.tex,6375,lemma,section-change-universe,06CE3A46DD83BDB7723718C7E7ADBEC9CA6DF26EF808AE7E3E0664AC0A929D44,lexical_candidate_only
ega-topic-foundations,64,71,section,098J,proetale-lemma-proetale-induced,proetale.tex,6299,lemma,section-change-universe,68C29E3C729F02D09AEF4723866F707B88C4B87CBC2F26F6322D1532817E9145,lexical_candidate_only
ega-topic-foundations,65,22,text,0FQP,dga-section-bimodules-hom,dga.tex,4813,section,section-bimodules-hom,DAFD0CD9C7FD882A463D24E7EF988DB8803506BC12039A221FBF554DEC000223,lexical_candidate_only
ega-topic-foundations,66,22,text,024Z,etale-example-number-theory-etale,etale.tex,806,example,section-examples,389289CF5170BDD1A03943F1A66B8820EDACFAB79638F97064D70A2EDCCB02AD,lexical_candidate_only
ega-topic-foundations,67,22,text,049Z,groupoids-quotients-lemma-orbit-space,groupoids-quotients.tex,1157,lemma,section-orbits,E04470220269B38DC3C3B1DEB2105B490366854E97F529E6A7E85B79FD2245DF,lexical_candidate_only
ega-topic-foundations,68,22,text,049Y,groupoids-quotients-lemma-separates-orbits,groupoids-quotients.tex,1074,lemma,section-orbits,392E79724FAAB1ABA8CED17CC72684DCDEF8FE7F57B04FF245170AF391D03793,lexical_candidate_only
ega-topic-foundations,69,22,text,0396,sites-definition-family-morphisms-fixed-target,sites.tex,665,definition,section-sites-definitions,81642C6B140198C5C2781E47A8680E47BD06238560F61B9AC292931349F11A3A,lexical_candidate_only
ega-topic-foundations,70,21,text,00AP,algebra-section-introduction,algebra.tex,21,section,section-introduction,0BDCC84D804D27B29277176D7BC065EECC87EC75DA514B85B17DF35F12DA137A,lexical_candidate_only
ega-topic-foundations,71,21,text,0GU3,chow-remark-chow-group-pointwise,chow.tex,2915,remark,section-rational-equivalence,6F04985BADD0211FAB50ECB33ACDF0FFAFC89AA55247DEF33D89A8E81F86809C,lexical_candidate_only
ega-topic-foundations,72,21,text,0GU2,chow-remark-cycles-pointwise,chow.tex,1569,remark,section-cycles,F803E3B922C8369716613E7245A1BF8C12DAED5C46FF08078107D465E2B50844,lexical_candidate_only
ega-topic-foundations,73,21,text,0GU9,chow-remark-higher-chow-pointwise,chow.tex,4819,remark,section-key,ABD371DCD93A396E399684D311162DF3FA9853717EE0B543516AFE73AC268018,lexical_candidate_only
ega-topic-foundations,74,21,text,062P,constructions-section-cone,constructions.tex,870,section,section-cone,50D9CF4DF55286E6B5C9F15781C4AFE3982894B4D8AC4E1BDD400FB631A33A5F,lexical_candidate_only
ega-topic-foundations,75,21,text,09PA,derived-remark-existence-derived,derived.tex,3733,remark,section-derived-categories,C0EB993DC617EC5670AE5DA9D06456F1A23E6855011117E1905BE0351BD5D4E4,lexical_candidate_only
ega-topic-foundations,76,21,text,023A,descent-section-equivalence,descent.tex,34,section,section-equivalence,ACE860EEB11D89FDB47E951959731D3998280E2DC05854DD16E32146D7872655,lexical_candidate_only
ega-topic-foundations,77,21,text,09LL,dga-section-tensor-product,dga.tex,1389,section,section-tensor-product,4B5AEF1AC5A3151F4FA6D2381576A8EC5118256C88D234BDFFCC386869B45D4E,lexical_candidate_only
ega-topic-foundations,78,21,text,07GK,dpa-section-divided-powers,dpa.tex,29,section,section-divided-powers,10FCF9C8239AF31BB12280EFC3B3A78AAEDE79529CD5F50A65FC15B721E00B73,lexical_candidate_only
ega-topic-foundations,79,21,text,02A2,exercises-exercise-morphism-proj,exercises.tex,3514,exercise,section-proj,9660C4DEF051AE3B3B21D0C5256E62FEC63137F9613EF321483716DC3B1835CA,lexical_candidate_only
ega-topic-foundations,80,21,text,06HB,formal-defos-remark-completion-restriction-cofset-adjoint,formal-defos.tex,1689,remark,section-formal-objects,1BD74EF8B17FC18137921E16B1BB8FC1C574CD6A6A43FB54144FAB76E9888948,lexical_candidate_only
ega-topic-topology,1,189,label;section;text,005A,topology-definition-quasi-compact,topology.tex,1628,definition,section-quasi-compact,4B1F659175EDAA738F451EB3B92DEDAA22A64F0BA6C00E4CD6B2A230BCBFEDE5,lexical_candidate_only
ega-topic-topology,2,188,label;section;text,0GMP,sites-lemma-image-of-quasi-compact,sites.tex,3383,lemma,section-quasi-compact,8AFBA4010CDE7A0007387BDBA1118EEBD62EE429DD5B05640471A4BAE9EAD458,lexical_candidate_only
ega-topic-topology,3,188,label;section;text,0EMK,spaces-morphisms-lemma-quasi-compact-is-quasi-compact,spaces-morphisms.tex,1050,lemma,section-quasi-compact,EAF6C8417AA1C7D256AA7E6632D94902FA8495A6E6567D94B7553514CEA9D383,lexical_candidate_only
ega-topic-topology,4,188,label;section;text,073B,spaces-morphisms-lemma-quasi-compact-quasi-separated-permanence,spaces-morphisms.tex,1257,lemma,section-quasi-compact,271EC46F179C9108B3FC4E393DE6D1E49DC9DEF9DDF43A63A355A439015A588B,lexical_candidate_only
ega-topic-topology,5,188,label;section;text,075S,stacks-morphisms-lemma-quasi-compact-quasi-separated-permanence,stacks-morphisms.tex,1855,lemma,section-quasi-compact,F1B5D96BC05E6DA6167A8CE5C204BAC0E5CF126CBF220F25B6FED3A14BD03904,lexical_candidate_only
ega-topic-topology,6,187,label;section;text,09ZK,examples-lemma-lim-not-quasi-compact,examples.tex,121,lemma,section-lim-not-quasi-compact,1C3E3093A5EEE887471B41282D274129BFD748FC17FBE30A4D01940A9CA214F9,lexical_candidate_only
ega-topic-topology,7,187,label;section;text,01K3,schemes-definition-quasi-compact,schemes.tex,3576,definition,section-quasi-compact,238E671C08D6087952E39901104DA05BB747A8C9E01D85893C85DE9BCDB118FF,lexical_candidate_only
ega-topic-topology,8,187,label;section;text,01K2,schemes-section-quasi-compact,schemes.tex,3569,section,section-quasi-compact,07FAF0C6D88704DD7E1E5C3A46B872FE0CE87049550C30D3EAB8A28FCCADF0C5,lexical_candidate_only
ega-topic-topology,9,187,label;section;text,040W,spaces-morphisms-lemma-surjection-from-quasi-compact,spaces-morphisms.tex,1094,lemma,section-quasi-compact,8D179C034ED91D7FB392B6C5C51CBE794CE541E997CF41053FBFFD0C1E74CE44,lexical_candidate_only
ega-topic-topology,10,187,label;section;text,0068,topology-definition-locally-quasi-compact,topology.tex,2007,definition,section-locally-quasi-compact,31F5B9F2C7451A1016B5B7CC7B4536DE3F49552659BB87A9917B0A548B62BC9F,lexical_candidate_only
ega-topic-topology,11,187,label;section;text,0061,topology-definition-specialization,topology.tex,3552,definition,section-specialization,F0F9EA6ED9CC06C8C33DCD48EE0FF771271AB78603A5758F73584E3B2C9C87A1,lexical_candidate_only
ega-topic-topology,12,187,label;section;text,04Z9,topology-lemma-image-quasi-compact,topology.tex,1747,lemma,section-quasi-compact,BFD75726BA939E21DC9AFB5E85879E9C5B0794FBD8BB0C92C4FB6BB615E6DBE6,lexical_candidate_only
ega-topic-topology,13,187,label;section;text,0065,topology-lemma-lift-specializations-images,topology.tex,3648,lemma,section-specialization,BD30D8EFC595FC35CB6C21CB7CB89FE2E8819518B6DA2CBD6EFF9176567E03B0,lexical_candidate_only
ega-topic-topology,14,186,label;section;text,0GJV,etale-cohomology-lemma-specialization-cospecialization,etale-cohomology.tex,19469,lemma,section-cospecialization,3D6293316EF760AE6EFD542D9A1F678AE3AF574CACB92747F4B80B2740251306,lexical_candidate_only
ega-topic-topology,15,186,label;section;text,0GJ2,etale-cohomology-section-specialization,etale-cohomology.tex,13137,section,section-specialization,1D5FFE5A50C540492296099A813B7E3FEEC439821C122CC8E65124331F94F0BF,lexical_candidate_only
ega-topic-topology,16,186,label;section;text,09ZJ,examples-section-lim-not-quasi-compact,examples.tex,76,section,section-lim-not-quasi-compact,EC00E112A3CE929664812BBEB12CD226F354FAAED560592FFC7676C7A7ED6747,lexical_candidate_only
ega-topic-topology,17,186,label;section;text,0AM2,formal-spaces-lemma-quasi-compact-representable,formal-spaces.tex,3623,lemma,section-quasi-compact,B8D59641FE64D23A606F8925AB429933C24B50A6C440C1A1D41CD63E28BFE256,lexical_candidate_only
ega-topic-topology,18,186,label;section;text,0C0L,pione-lemma-specialization-map-composition,pione.tex,3801,lemma,section-specialization-map,06AAE922C1F57A0603D1B8C5149B9F179969229CD1A873B4226B717DB8CCABA2,lexical_candidate_only
ega-topic-topology,19,186,label;section;text,01K4,schemes-lemma-quasi-compact-affine,schemes.tex,3584,lemma,section-quasi-compact,EFE4211B9AB7342C150C43EB9A77079E6EBB5D06BA84626B2D0387A73876C81C,lexical_candidate_only
ega-topic-topology,20,186,label;section;text,01K9,schemes-lemma-quasi-compact-closed,schemes.tex,3692,lemma,section-quasi-compact,2DF6ABC5BF41BDEEAB0057BE23548D2AACA4DCBBFF86DE057143E5F248C7C48E,lexical_candidate_only
ega-topic-topology,21,186,label;section;text,0D07,sites-definition-quasi-compact-topos,sites.tex,3368,definition,section-quasi-compact,784E3009A4A2D37909E447628AAB67B02ECDFA911BB390DB0F0E5C58C9B2146E,lexical_candidate_only
ega-topic-topology,22,186,label;section;text,0GMQ,sites-lemma-coproduct-quasi-compact,sites.tex,3403,lemma,section-quasi-compact,4181314DA20D1C0D2BF38739698962F48A47D4691B62195A72C429C085DFB20B,lexical_candidate_only
ega-topic-topology,23,186,label;section;text,03HE,spaces-morphisms-definition-quasi-compact,spaces-morphisms.tex,1036,definition,section-quasi-compact,9C6E70B7343258EB67BCCC185A7850593980BC4A468406B90D21663FC1FBEB64,lexical_candidate_only
ega-topic-topology,24,186,label;section;text,04NN,spaces-properties-lemma-space-locally-quasi-compact,spaces-properties.tex,669,lemma,section-quasi-compact,416581DBA3211CA043AA903D9D8C42AB38E23568D565484C28687DC60BCD6774,lexical_candidate_only
ega-topic-topology,25,186,label;section;text,050U,stacks-morphisms-definition-quasi-compact,stacks-morphisms.tex,1754,definition,section-quasi-compact,8A78486AC4DBD34CD2C6A5B9573DB212B74C95B2F9B9B1239EF754C1CB62D9F3,lexical_candidate_only
ega-topic-topology,26,186,label;section;text,0063,topology-definition-lift-specializations,topology.tex,3615,definition,section-specialization,1F72E558ECB87CDE972AB160C7A313B20C5E6F83626DC3597122A4F74D3E13A7,lexical_candidate_only
ega-topic-topology,27,186,label;section;text,005C,topology-lemma-closed-in-quasi-compact,topology.tex,1662,lemma,section-quasi-compact,8368348F6EB0BD68C6A5B2595756FDBC3630316B6E8F985B11FAC0B5A211FE98,lexical_candidate_only
ega-topic-topology,28,186,label;section;text,0066,topology-lemma-closed-open-map-specialization,topology.tex,3672,lemma,section-specialization,11C5182244C094524AECEB96681C0FA1C895F767930066BDA395763B32CFD145,lexical_candidate_only
ega-topic-topology,29,186,label;section;text,02JF,topology-lemma-dimension-specializations-lift,topology.tex,3766,lemma,section-specialization,90BCDCBBC609A122F6EE5FD3E4B82CB6C65302547A1B8A31CDD9D397945A4737,lexical_candidate_only
ega-topic-topology,30,186,label;section;text,0064,topology-lemma-lift-specialization-composition,topology.tex,3630,lemma,section-specialization,83082C44308A5C66CB2981D3184A897BA2D63B87800A364097538B107EB170FC,lexical_candidate_only
ega-topic-topology,31,186,label;section;text,0062,topology-lemma-open-closed-specialization,topology.tex,3568,lemma,section-specialization,512F66D2A1430F97DC73BB949AEA87E715AC2323BD6AF43C8B581C577BF16C5C,lexical_candidate_only
ega-topic-topology,32,186,label;section;text,08YB,topology-lemma-quasi-compact-in-Hausdorff,topology.tex,1677,lemma,section-quasi-compact,48872D5DA53219E1F97A5DE1665CB54439AD7696E52E3BDC0F23AE80539458F1,lexical_candidate_only
ega-topic-topology,33,186,label;section;text,0060,topology-section-specialization,topology.tex,3549,section,section-specialization,C5CD3EBE325AAC80A2BFEC1F30469049F97B4480C99F7C52D5A9FA11ADA8E13F,lexical_candidate_only
ega-topic-topology,34,185,label;section;text,09V2,cohomology-lemma-cech-Hausdorff-quasi-compact,cohomology.tex,2667,lemma,section-cohomology-LC,5315AA09A2B8A111333C0AC02676538E0A89875CCEDB57F20456EFE7950DB7A0,lexical_candidate_only
ega-topic-topology,35,185,label;section;text,03K1,decent-spaces-section-specializations,decent-spaces.tex,1247,section,section-specializations,1BD3CFA1BC917B43D050646686AEE102FECAD1D0D3654C2BE6D27DC8D7635D41,lexical_candidate_only
ega-topic-topology,36,185,label;section;text,06UJ,examples-section-specializations-fibre-etale,examples.tex,3766,section,section-specializations-fibre-etale,CA9FFB472875E065FF0BE4BC321CFAAB5642346E170EA58B6899AC62CBC76D43,lexical_candidate_only
ega-topic-topology,37,185,label;section;text,0AJA,formal-spaces-definition-quasi-compact,formal-spaces.tex,3579,definition,section-quasi-compact,B45398D500401207CFDB27C856FF07B77F7B79FDD9053345414521B795F4C28C,lexical_candidate_only
ega-topic-topology,38,185,label;section;text,0AJC,formal-spaces-definition-quasi-compact-morphism,formal-spaces.tex,3610,definition,section-quasi-compact,7FEF54CE099CD3EFF6048A06D25FEC9896C6F375D66E85195AC6BC807148E548,lexical_candidate_only
ega-topic-topology,39,185,label;section;text,0AJB,formal-spaces-lemma-characterize-quasi-compact-morphism,formal-spaces.tex,3586,lemma,section-quasi-compact,17BE80BE1EFA9D6FEEA698B8D29A7380DBF9E666AD8E193A4E1C13A124D97C6D,lexical_candidate_only
ega-topic-topology,40,185,label;section;text,0AJF,formal-spaces-remark-structure-quasi-compact-quasi-separated,formal-spaces.tex,3731,remark,section-quasi-compact-quasi-separated,F21D402398921EA74FB119BF6B0153707C8C048B50BB288579F5564CA5210136,lexical_candidate_only
ega-topic-topology,41,185,label;section;text,0AJ8,formal-spaces-section-quasi-compact,formal-spaces.tex,3552,section,section-quasi-compact,DA8D2AB3A2D8DFF25BD4CA73952121AF8C60CF69F1220E7A549D131D0A5DBC4C,lexical_candidate_only
ega-topic-topology,42,185,label;section;text,0AJD,formal-spaces-section-quasi-compact-quasi-separated,formal-spaces.tex,3642,section,section-quasi-compact-quasi-separated,F9CE6399C2BB7D62520D2FE4008B1CD3A101F5109DA36E4973B5049B79F16233,lexical_candidate_only
ega-topic-topology,43,185,label;section;text,0C0K,pione-lemma-specialization-map-base-change,pione.tex,3745,lemma,section-specialization-map,EA0D557792B03EC051BF4D8B5AF3C2DA27805E3ABE6315E1A9AEED838C03F1F9,lexical_candidate_only
ega-topic-topology,44,185,label;section;text,0C0N,pione-lemma-specialization-map-discrete-valuation-ring,pione.tex,3876,lemma,section-specialization-map,D960DB3EFD41EBCA64BD341664C9DB169E36B25336BCB250BCBE49BEF5FAA82F,lexical_candidate_only
ega-topic-topology,45,185,label;section;text,0C0P,pione-lemma-specialization-map-surjective,pione.tex,6598,lemma,section-specialization-smooth-proper,D840CC1F798459644A2F6685FB7D201A942AAB6001B940E62896BDC3BE682980,lexical_candidate_only
ega-topic-topology,46,185,label;section;text,0C0M,pione-lemma-specialization-map-valuation-ring,pione.tex,3842,lemma,section-specialization-map,035E505736103C8E29472F72A36D02DA49817E7AD7678D840C804B526F0F638D,lexical_candidate_only
ega-topic-topology,47,185,label;section;text,0C0Q,pione-proposition-specialization-map-isomorphism,pione.tex,6623,proposition,section-specialization-smooth-proper,FA71651D121B4996BD5870938BD8D11DED667C73A1FE28333A6C82C3BED529A6,lexical_candidate_only
ega-topic-topology,48,185,label;section;text,0BUP,pione-section-specialization-map,pione.tex,3687,section,section-specialization-map,D4D6C9A4C858A56D6993443631C323DBD66E04F0A6BF3A0BFC8FCBAF38AEDD75,lexical_candidate_only
ega-topic-topology,49,185,label;section;text,0C0R,pione-theorem-specialization-map-isomorphism-prime-to-p,pione.tex,6743,theorem,section-specialization-smooth-proper,5DDADFE00E0321043F390651B8BF20D7734CF42EDC40C8D02F80900CEF82A7B0,lexical_candidate_only
ega-topic-topology,50,185,label;section;text,01K6,schemes-lemma-composition-quasi-compact,schemes.tex,3636,lemma,section-quasi-compact,80B597D7A056F8396C2932E42538E492654752423527959A77BD8ABBA672C957,lexical_candidate_only
ega-topic-topology,51,185,label;section;text,05JL,schemes-lemma-image-quasi-compact-closed,schemes.tex,3666,lemma,section-quasi-compact,84FA3C6ADCB84AF6642F8ABE6A53BA091B24C35F55062629A6012516E8BB8960,lexical_candidate_only
ega-topic-topology,52,185,label;section;text,090G,sites-section-quasi-compact,sites.tex,3246,section,section-quasi-compact,44AF488B1E47245A409D7D74FF95EEFEAC057007ECF130FBA843BBE5E95AAC4C,lexical_candidate_only
ega-topic-topology,53,185,label;section;text,03HF,spaces-morphisms-lemma-base-change-quasi-compact,spaces-morphisms.tex,1074,lemma,section-quasi-compact,D8DC9AA3E894E2B2E5ADD8533BFF3EA4FD96B7D44AA35C09602868C502F1DCE1,lexical_candidate_only
ega-topic-topology,54,185,label;section;text,03HD,spaces-morphisms-lemma-characterize-representable-quasi-compact,spaces-morphisms.tex,996,lemma,section-quasi-compact,B291E4ADE45E137147B6BCF306178C0F7F75198B5300C1900A3217C4E05F3BE2,lexical_candidate_only
ega-topic-topology,55,185,label;section;text,03HG,spaces-morphisms-lemma-composition-quasi-compact,spaces-morphisms.tex,1084,lemma,section-quasi-compact,4158D432840952214F87309B97379006FCF2A0288C3CFE73A314051D3594E599,lexical_candidate_only
ega-topic-topology,56,185,label;section;text,04ZJ,spaces-morphisms-lemma-descent-quasi-compact,spaces-morphisms.tex,1134,lemma,section-quasi-compact,54DE9DC24EAE64E48B32E32C6C83E0CA2CCA214CBB7AB361FC1E80C4EC71A6F9,lexical_candidate_only
ega-topic-topology,57,185,label;section;text,03KG,spaces-morphisms-lemma-quasi-compact-local,spaces-morphisms.tex,1161,lemma,section-quasi-compact,A83B876C33B946A9E40EEF96ADD83773B2A4DEC5B8A22C2F100E68A741E53CC3,lexical_candidate_only
ega-topic-topology,58,185,label;section;text,03KS,spaces-morphisms-lemma-quasi-compact-permanence,spaces-morphisms.tex,1236,lemma,section-quasi-compact,28C74B64E9EF7A4D7CFC219A4BF9882FE7C3407CDB63A8E2E8124962EFCCF2F9,lexical_candidate_only
ega-topic-topology,59,185,label;section;text,03HC,spaces-morphisms-section-quasi-compact,spaces-morphisms.tex,987,section,section-quasi-compact,DD196E01AC9615A8B68F3F899B332E4F55FDDB586C0579F52A47C0C5DB630EF4,lexical_candidate_only
ega-topic-topology,60,185,label;section;text,03E3,spaces-properties-definition-quasi-compact,spaces-properties.tex,625,definition,section-quasi-compact,A7A942D39E2D995AB150EE724C3F6186C65D394AC3BAD2DC5D12E4C33BE2C0B9,lexical_candidate_only
ega-topic-topology,61,185,label;section;text,040T,spaces-properties-lemma-finite-disjoint-quasi-compact,spaces-properties.tex,651,lemma,section-quasi-compact,FC25FA5D9E4D9F3130D9646C3B352BCE2DB0664A4688FE111208AA04699917A0,lexical_candidate_only
ega-topic-topology,62,185,label;section;text,03E4,spaces-properties-lemma-quasi-compact-space,spaces-properties.tex,633,lemma,section-quasi-compact,0470C9F310E9C05CA6ADD32F4B94BEE78A4EC5A11CB18D4E294E3331EE669B53,lexical_candidate_only
ega-topic-topology,63,185,label;section;text,03E2,spaces-properties-section-quasi-compact,spaces-properties.tex,622,section,section-quasi-compact,F885D788E35125A99D139F5C67CB973E29FDB0D7A2D1457979B0AE9A533EC8AA,lexical_candidate_only
ega-topic-topology,64,185,label;section;text,050V,stacks-morphisms-lemma-base-change-quasi-compact,stacks-morphisms.tex,1771,lemma,section-quasi-compact,C52BD269944E5E38D87C63AC331D6D9DF91EFF08729736AF6F48D56147969F10,lexical_candidate_only
ega-topic-topology,65,185,label;section;text,050T,stacks-morphisms-lemma-characterize-representable-quasi-compact,stacks-morphisms.tex,1706,lemma,section-quasi-compact,0AFC594EFDE92722615D2308EC5121E32354E335FE210073427D1EEEC1832BBA,lexical_candidate_only
ega-topic-topology,66,185,label;section;text,0DTL,stacks-morphisms-lemma-check-quasi-compact-covering,stacks-morphisms.tex,1941,lemma,section-quasi-compact,33650E0381D35C45DB74F6B8A73F4AEEB5A785E46ACF5BF0D8693B5067423508,lexical_candidate_only
ega-topic-topology,67,185,label;section;text,050W,stacks-morphisms-lemma-composition-quasi-compact,stacks-morphisms.tex,1781,lemma,section-quasi-compact,0F47224DD73CF4ED008844BB670DB02BF8F2FBF76ADBA70EBE6C581ECACBE7DE,lexical_candidate_only
ega-topic-topology,68,185,label;section;text,050Y,stacks-morphisms-lemma-quasi-compact-permanence,stacks-morphisms.tex,1831,lemma,section-quasi-compact,AB9136EE1F012E7F7DD7EC16C30935CED94190EB06D2249B8A6B8E50A99220EB,lexical_candidate_only
ega-topic-topology,69,185,label;section;text,0GVZ,stacks-morphisms-lemma-specialization,stacks-morphisms.tex,10124,lemma,section-specializations,2179330675FFBDBEB85299DA466D772B6C0CB6BC57F554D398E73A826A06F054,lexical_candidate_only
ega-topic-topology,70,185,label;section;text,050X,stacks-morphisms-lemma-surjection-from-quasi-compact,stacks-morphisms.tex,1801,lemma,section-quasi-compact,5F65816AE5BE79528BC600338BF8C8544760D1095F34EE60E2B3C068D299BF0E,lexical_candidate_only
ega-topic-topology,71,185,label;section;text,0GVY,stacks-morphisms-section-specializations,stacks-morphisms.tex,10117,section,section-specializations,BA7CEDD4D0B089D08BDC1D97EA875E15FD809103EA8F0C4D6ADAD9FCB8A2EDE5,lexical_candidate_only
ega-topic-topology,72,185,label;section;text,04YB,stacks-properties-definition-quasi-compact,stacks-properties.tex,1164,definition,section-quasi-compact,F728443C3033D2A8D3E3B987834A9CB0F2AFECAEF2594A0B5DEC0D7DE5BBBE7C,lexical_candidate_only
ega-topic-topology,73,185,label;section;text,04YD,stacks-properties-lemma-finite-disjoint-quasi-compact,stacks-properties.tex,1208,lemma,section-quasi-compact,3BAB63792B0792B4A9D44047B2AC68E2BC05BBD468719AB0F27189EE6DD2CCE0,lexical_candidate_only
ega-topic-topology,74,185,label;section;text,04YC,stacks-properties-lemma-quasi-compact-stack,stacks-properties.tex,1171,lemma,section-quasi-compact,ACBBCB39045F1FF46A7A385330AC6B9CC061F752FF277CE60D42BFBB45C1FCF6,lexical_candidate_only
ega-topic-topology,75,185,label;section;text,04YA,stacks-properties-section-quasi-compact,stacks-properties.tex,1156,section,section-quasi-compact,757F2996645CB7AD60F289FC03923828ED984881DEDCF5DEA609F7A377AB76E0,lexical_candidate_only
ega-topic-topology,76,185,label;section;text,04ZA,topology-lemma-Noetherian-quasi-compact,topology.tex,1932,lemma,section-quasi-compact,29B99B33C31EAD5C17D77D08BA635FFDB6AD57D9044F6A21B95CC7C2EEB9248A,lexical_candidate_only
ega-topic-topology,77,185,label;section;text,08ZM,topology-lemma-closed-points-quasi-compact,topology.tex,1798,lemma,section-quasi-compact,E2D71D78E210605FDA82E9ABB437B30A5701C5BF2DE1952570BA2534D05BE425,lexical_candidate_only
ega-topic-topology,78,185,label;section;text,005B,topology-lemma-composition-quasi-compact,topology.tex,1653,lemma,section-quasi-compact,36572352362D9C7C376E3539F1E0611D1675D91C356DDE1A89E92ADD5342731C,lexical_candidate_only
ega-topic-topology,79,185,label;section;text,005D,topology-lemma-intersection-closed-in-quasi-compact,topology.tex,1724,lemma,section-quasi-compact,AD2A50AD65E3FDD1F2AA5C25D833EBD4D23A82CC5706E48A36126F464D1CBA6D,lexical_candidate_only
ega-topic-topology,80,185,label;section;text,0CY5,topology-lemma-lift-covering-of-quasi-compact-hausdorff-subset,topology.tex,2260,lemma,section-locally-quasi-compact,376126C06F2990A146504F84C52AB3D3BF5DF180B285AF659EC49B190379B6B7,lexical_candidate_only
ega-topic-categories,1,234,label;chapter;section;text,0GNV,functors-lemma-functor-modules,functors.tex,522,lemma,section-functors,81B0E13F98B640676F82283384DDF7F727C3D792EA66138F87B6CE7FCAB72A9E,lexical_candidate_only
ega-topic-categories,2,234,label;chapter;section;text,0GNQ,functors-lemma-functor-on-modules,functors.tex,416,lemma,section-preliminary,A7370CF0D4B0FF885C816EDEEC46AAD68F2DED8F66E5A598DC7E2CDA908D0452,lexical_candidate_only
ega-topic-categories,3,234,label;chapter;section;text,0GNN,functors-lemma-functor-on-modules-fp,functors.tex,258,lemma,section-preliminary,1725A743C48E52B4017C00396A05438707526781B76B62BB2C32199C251F3A9D,lexical_candidate_only
ega-topic-categories,4,234,label;chapter;section;text,0FZD,functors-lemma-functor-quasi-coherent-from-affine,functors.tex,842,lemma,section-functor-quasi-coherent,0C007D702E04091A17237B6EFB6F6AE2845A01E10D8FCF35CE3732D97B346414,lexical_candidate_only
ega-topic-categories,5,233,label;chapter;section;text,0GNT,functors-example-functor-modules,functors.tex,508,example,section-functors,BE5F72DE5F17B940E99B5DFFEF12859B091F4562E372862162B8968DC7DE54E1,lexical_candidate_only
ega-topic-categories,6,233,label;chapter;section;text,0FZN,functors-lemma-functor-coherent-over-field,functors.tex,1964,lemma,section-functor-coherent,7A9806E88D3C61FC7ACD787C86227C91FCEB871953720D3F09A75AF340EA27E7,lexical_candidate_only
ega-topic-categories,7,233,label;chapter;section;text,0GNJ,functors-lemma-functor-on-fp-modules,functors.tex,41,lemma,section-preliminary,DD8BCFFAE88726CD57AF4B1E1B7FCCD9EDDC37F55BCFF38B04C8F38F3FE4A0CF,lexical_candidate_only
ega-topic-categories,8,233,label;chapter;section;text,0FZH,functors-lemma-functor-quasi-coherent-from-affine-diagonal,functors.tex,1146,lemma,section-functor-quasi-coherent,CBAA2CB40ADF67680AB3DDB8ABBBC5FBC56E589FE8323F7508CDEED68F98B8A9,lexical_candidate_only
ega-topic-categories,9,233,label;chapter;section;text,0FZK,functors-section-functor-coherent,functors.tex,1818,section,section-functor-coherent,A7BBF6A9631A0152D1B6714957D2C957BB0C4EF7DED131CE4E6BE151266910AA,lexical_candidate_only
ega-topic-categories,10,232,label;chapter;section;text,0GNS,functors-lemma-functor,functors.tex,446,lemma,section-functors,B3F2B00D74EC380E22D72CA8595CDB4873CF6D9E5D4189ADC4608841D25B241C,lexical_candidate_only
ega-topic-categories,11,232,label;chapter;section;text,0FZL,functors-lemma-functor-coherent,functors.tex,1826,lemma,section-functor-coherent,0869B57BD7E3D205C6DF5E0598DF06CB20F336F39EA56E9D40C46B24AC8005FB,lexical_candidate_only
ega-topic-categories,12,232,label;chapter;section;text,0GP9,functors-lemma-functor-finite-modules,functors.tex,781,lemma,section-functors-extend,DB6375AE8AC9355F37300946FD875F2EA440950EEBC6F337DA0246A03DC2FA67,lexical_candidate_only
ega-topic-categories,13,232,label;chapter;section;text,0GP4,functors-lemma-functor-fp-modules,functors.tex,714,lemma,section-functors-extend,307655FA112FCDC3B52A3340C780E95E5C52DFC5D73DE02203FD4813A01A2733,lexical_candidate_only
ega-topic-categories,14,232,label;chapter;section;text,0FZA,functors-section-functor-quasi-coherent,functors.tex,809,section,section-functor-quasi-coherent,BA593D61D46E91E36D87A3DF94CFEC0C54DCEC17B94BF910B017F1F1B63551DF,lexical_candidate_only
ega-topic-categories,15,232,label;chapter;section;text,0GP3,functors-section-functors-extend,functors.tex,707,section,section-functors-extend,077927E44F77423E1372206D827394B44994690545A62AA9C7D642AC5041BB8A,lexical_candidate_only
ega-topic-categories,16,231,label;chapter;section;text,0FZB,functors-example-functor-quasi-coherent,functors.tex,816,example,section-functor-quasi-coherent,CC4FB7803C4038A0B896392A62BDB801C1707CA74A25D2632C30C27C73E46518,lexical_candidate_only
ega-topic-categories,17,231,label;chapter;section;text,0FZG,functors-lemma-coh-noetherian-from-affine-flat,functors.tex,1130,lemma,section-functor-quasi-coherent,DAF1A0BDC4AB81486C4AB7C2943F3EF9941A3C6AD52BB2ACCA15AB3A5CC31D5B,lexical_candidate_only
ega-topic-categories,18,231,label;chapter;section;text,0GP0,functors-lemma-functor-equivalence,functors.tex,592,lemma,section-functors,3DA3EF4211B089E75528B172A290F64CA875F1DC0196C610B7336A6BCF272B7A,lexical_candidate_only
ega-topic-categories,19,231,label;chapter;section;text,0GP1,functors-lemma-functor-equivalence-linear,functors.tex,663,lemma,section-functors,033D6C1C324EF3E85240CBF814CAB10D4327967FEA650A9907D550138DCC23AE,lexical_candidate_only
ega-topic-categories,20,231,label;chapter;section;text,0GP6,functors-lemma-functor-fp-modules-exact,functors.tex,740,lemma,section-functors-extend,DBDE4D0F842B4F1584FECC6BB79EBBA82F009B66F37B0EBB48C1D300C71EA45C,lexical_candidate_only
ega-topic-categories,21,231,label;chapter;section;text,0GP8,functors-lemma-functor-fp-modules-left-exact,functors.tex,765,lemma,section-functors-extend,4DB0D14858F0119E201495F2F8A4BFDBFEDF167410431FAF498654F952B22451,lexical_candidate_only
ega-topic-categories,22,231,label;chapter;section;text,0GNK,functors-lemma-functor-on-fp-modules-additive,functors.tex,66,lemma,section-preliminary,676F372EE1217C28F03A30ECEC6E7641A4E46D3329ED0A8B6AED9AF40CE37CB7,lexical_candidate_only
ega-topic-categories,23,231,label;chapter;section;text,0GNM,functors-lemma-functor-on-fp-modules-left-exact,functors.tex,187,lemma,section-preliminary,CDC61E0B3D161A74DB4DCC2F304D1B9EB89C13D74916FCDB8651CC5A3C4FA9B7,lexical_candidate_only
ega-topic-categories,24,231,label;chapter;section;text,0GNL,functors-lemma-functor-on-fp-modules-right-exact,functors.tex,116,lemma,section-preliminary,3AD347362660731D1B31CEEA83CED4025339334E58D6A92BDD103140EDF8AFE0,lexical_candidate_only
ega-topic-categories,25,231,label;chapter;section;text,0FZF,functors-lemma-functor-quasi-coherent-from-affine-compose,functors.tex,903,lemma,section-functor-quasi-coherent,5C07FB89EA24DC783F42A7F8BD71A173CE5B4C89CDE38FC857AA023FC77DAB68,lexical_candidate_only
ega-topic-categories,26,231,label;chapter;section;text,0GPA,functors-lemma-functor-quasi-coherent-from-affine-diagonal-pre,functors.tex,984,lemma,section-functor-quasi-coherent,EA1D1F34703DE09CC1354AEED5DE590D0DCA0035807B735A53966825002419A8,lexical_candidate_only
ega-topic-categories,27,231,label;chapter;section;text,0FZJ,functors-lemma-functor-quasi-coherent-from-separated,functors.tex,1432,lemma,section-functor-quasi-coherent,EC989ACFEDD6AA2DC818057582F6E8AFF9B0E154589EDBCDF72413754C8588F5,lexical_candidate_only
ega-topic-categories,28,231,label;chapter;section;text,0GNR,functors-section-functors,functors.tex,440,section,section-functors,B187C6B401FC6746118139686F8174906CCB84882402EC208223E38AD815642B,lexical_candidate_only
ega-topic-categories,29,230,label;chapter;section;text,0GPB,functors-remark-characterize-FM-QCoh,functors.tex,1230,remark,section-functor-quasi-coherent,1ED4B9FAB26BD2BA7FA08E74CC22B561D8213224C08FEF855DB91A711A3997DD,lexical_candidate_only
ega-topic-categories,30,230,label;chapter;section;text,0GNW,functors-remark-composition,functors.tex,556,remark,section-functors,131C0EB83BF35B5A6F90E8FDD55B5E41EB3E49642DC8F8982414EDB057DA9ECB,lexical_candidate_only
ega-topic-categories,31,230,label;chapter;section;text,0GP2,functors-remark-monoidal,functors.tex,680,remark,section-functors,F3CB8E4AFE8B9FC939D560F7F9EDCAF60C006B33D1B8AD65F003ECE552AB5ABD,lexical_candidate_only
ega-topic-categories,32,230,label;chapter;section;text,0GP7,functors-remark-monoidal-extension-exact,functors.tex,755,remark,section-functors-extend,7A6DAD2B8623C8DF5FADA4027E9034E5DE0E448753917C9B2737997B858A175A,lexical_candidate_only
ega-topic-categories,33,230,label;chapter;section;text,0GNI,functors-section-preliminary,functors.tex,34,section,section-preliminary,E3A2E0645E899ECE4DC7BB493EE64509B136D20430A2574519EC57662C24B14D,lexical_candidate_only
ega-topic-categories,34,229,label;chapter;section;text,0GPC,functors-lemma-compose-FM-QCoh,functors.tex,1258,lemma,section-functor-quasi-coherent,CD9846E9E6F7DE97D988B091A581499ABCA5F0E8ED8A2D78D0074E3EB5359BF8,lexical_candidate_only
ega-topic-categories,35,229,label;chapter;section;text,0FZR,functors-lemma-equivalence-coherent-over-field,functors.tex,2075,lemma,section-functor-coherent,60D9F940BC4797DD74701EA5B4ED53471B7B03B801C75BCE943183785AFBA6BC,lexical_candidate_only
ega-topic-categories,36,229,label;chapter;section;text,0FZI,functors-lemma-persistence-exactness,functors.tex,1385,lemma,section-functor-quasi-coherent,3E7E58A304F8F75ADCB738DE9FA650BBA0B98E70D0E97DCD0AA89309ACFBBBB5,lexical_candidate_only
ega-topic-categories,37,229,label;chapter;section;text,0GNX,functors-remark-exact-flat,functors.tex,569,remark,section-functors,C0C9D00CF39954660753E9BD36BBB68D1AA03F2A60DD910C080E717B9D407FE2,lexical_candidate_only
ega-topic-categories,38,229,label;chapter;section;text,0GNY,functors-remark-finite,functors.tex,576,remark,section-functors,82D33A317218EAFA923B8396933A84E8C3B247493A8898ADF5B68DE7811BC435,lexical_candidate_only
ega-topic-categories,39,229,label;chapter;section;text,0GNZ,functors-remark-finite-presentation,functors.tex,584,remark,section-functors,67427C74B76C31ED744F903C05327EDEE48F347E35044D3644AF915120B60D79,lexical_candidate_only
ega-topic-categories,40,229,label;chapter;section;text,0GP5,functors-remark-monoidal-extension,functors.tex,727,remark,section-functors-extend,91AA1EF544B7BA801A505E8AF11DEE290DECC03935F3B16A4CAFBBEC17076800,lexical_candidate_only
ega-topic-categories,41,208,label;chapter;section,0FZC,functors-equation-FM-QCoh,functors.tex,822,equation,section-functor-quasi-coherent,D184C0132F8EEC5F8B01829BAFD4A69F7D7C2655F9D8F7EF309607390693552A,lexical_candidate_only
ega-topic-categories,42,208,label;chapter;section,0GNU,functors-equation-FM-modules,functors.tex,512,equation,section-functors,F7012500A728AC1B7F24C4A57945236C1AC826E1235C1CBF1AAB8C704ADA1D44,lexical_candidate_only
ega-topic-categories,43,208,label;chapter;section,0GNP,functors-equation-map,functors.tex,302,equation,section-preliminary,AD7DCD45C785DC0847AC008085D5DAB5EE99B7CFC2C8CC4819BB5B91F4D2E1BE,lexical_candidate_only
ega-topic-categories,44,208,label;chapter;section,0FZM,functors-lemma-characterize-finite,functors.tex,1921,lemma,section-functor-coherent,665CC1F449BF5D9276FD5444EE366310CFF9FC90B355B90B414FC19BC2F67890,lexical_candidate_only
ega-topic-categories,45,208,label;chapter;section,0GPK,functors-lemma-equivalence-coherent,functors.tex,1893,lemma,section-functor-coherent,FD679BE15A88ACD5E47508355192CA8F290343D04E721EC355E84712A5154DEC,lexical_candidate_only
ega-topic-categories,46,208,label;chapter;section,0FZQ,functors-lemma-pushforward-invertible,functors.tex,2056,lemma,section-functor-coherent,EF4AE5195387304952E5E8C5B00B7D926365523E97D4C54465F5AA85C0DF1F33,lexical_candidate_only
ega-topic-categories,47,208,label;chapter;section,0FZP,functors-lemma-pushforward-invertible-pre,functors.tex,2039,lemma,section-functor-coherent,4DC264CB6B61BB783F7303EA43584A5F2AE7D3BC54DC7565530068B26513B63D,lexical_candidate_only
ega-topic-categories,48,208,label;chapter;section,0FZE,functors-remark-affine-morphism,functors.tex,893,remark,section-functor-quasi-coherent,8B66A62628D54C81ADFBDCCDE79D33A545E9758C8509EC5689F3816F6E08179A,lexical_candidate_only
ega-topic-categories,49,208,label;chapter;section,0GPL,functors-remark-equivalence-coherent-linear,functors.tex,1914,remark,section-functor-coherent,54679B09C0114A95388DE5BBCC92F6175B220349A5793AC6E530B09697775809,lexical_candidate_only
ega-topic-categories,50,191,label;section;text,06KD,formal-defos-definition-prorepresentable-groupoid-in-functors,formal-defos.tex,6304,definition,section-prorepresentable-groupoids-in-functors,356ADCA6C556A3A2CDED21185085685F3217A161ED242E53DE73EA0708E7AC52,lexical_candidate_only
ega-topic-categories,51,190,label;section;text,02Y3,categories-lemma-characterize-representable-fibred-category,categories.tex,8429,lemma,section-representable-fibred-groupoids,E4ABD06570C0525AA9715BA94CE2592B49F32B0DFD4BEFB755791FBE93BED240,lexical_candidate_only
ega-topic-categories,52,190,label;section;text,05TN,derived-lemma-right-derived-functor,derived.tex,7779,lemma,section-right-derived-functor-via-resolutions,E1F200A49B38F9FCD879C636BE2AFFAC1FD71098425B5205E83E1AD37615E5E6,lexical_candidate_only
ega-topic-categories,53,190,label;section;text,06K3,formal-defos-definition-groupoid-in-functors,formal-defos.tex,6155,definition,section-groupoids-arbitrary,70A4323E7859B5B9B07394B13948656581DA935D439643BD3E3E683FC9604A03,lexical_candidate_only
ega-topic-categories,54,190,label;section;text,06KG,formal-defos-lemma-groupoid-in-functors-prorep-equivalences,formal-defos.tex,6360,lemma,section-prorepresentable-groupoids-in-functors,6E8E447C7A84A5F42F7DE0C502966F3A9470822B2B993F1D4D0FBD89B4EE30BA,lexical_candidate_only
ega-topic-categories,55,190,label;section;text,06KC,formal-defos-section-prorepresentable-groupoids-in-functors,formal-defos.tex,6292,section,section-prorepresentable-groupoids-in-functors,A5AD341528992C17247AC4C5761EBAC26BB11EA4843B00AC5C27688E2787A45F,lexical_candidate_only
ega-topic-categories,56,189,label;section;text,0046,categories-definition-representable-fibred-category,categories.tex,8416,definition,section-representable-fibred-groupoids,0C04AFF13F2C8647F4E1AD4E449D12E8EFE2B3CDDFEAD89C18E5C0633AB61E50,lexical_candidate_only
ega-topic-categories,57,189,label;section;text,0141,derived-lemma-functorial-injective-resolutions,derived.tex,7623,lemma,section-functorial-injective-resolutions,1F409F0D22C3CB6F0DC38FF90A38E2ADD82C228CD7B426DEBD46CCDC1B5616AA,lexical_candidate_only
ega-topic-categories,58,189,label;section;text,06IC,formal-defos-example-tangent-space-prorepresentable-functor,formal-defos.tex,3328,example,section-tangent-spaces-functors,903DED41C4C24354C32FC83DC17DA7E68BD0C08951171CE165AA0FFB91B212A2,lexical_candidate_only
ega-topic-categories,59,189,label;section;text,06K4,formal-defos-remark-confusion-groupoids-in-functors,formal-defos.tex,6181,remark,section-groupoids-arbitrary,DB94D40E14DB75C536E6B75C7F94846CED177590953297F8AC8A74FC933B2784,lexical_candidate_only
ega-topic-categories,60,189,label;section;text,06GT,formal-defos-remark-predeformation-functor,formal-defos.tex,1353,remark,section-cofibered-groupoids,36837054E2AC63A145010B5021FF52F7A613B210869E0C044192BC56C0D49985,lexical_candidate_only
ega-topic-categories,61,188,label;section;text,02Y7,categories-definition-representable-map-categories-fibred-in-groupoids,categories.tex,8744,definition,section-representable-1-morphisms,F65B29DD408FA2329C05449DCE3374F82E522F00654405281E9588297D598436,lexical_candidate_only
ega-topic-categories,62,188,label;section;text,01EK,cohomology-lemma-cech-cohomology-delta-functor-presheaves,cohomology.tex,1066,lemma,section-cech-functor,C5BF3D695A11A428E797F2AACC0DCD35A7CF94AD215BECEB486146551C04F1BB,lexical_candidate_only
ega-topic-categories,63,188,label;section;text,05TK,derived-lemma-resolution-functor-quasi-inverse,derived.tex,7538,lemma,section-derived-category,A9207ED0A6FD68C6920E397D541BB5B5F5D1FB409A94DFBCADC98879669C4A3B,lexical_candidate_only
ega-topic-categories,64,188,label;section;text,0140,derived-section-functorial-injective-resolutions,derived.tex,7590,section,section-functorial-injective-resolutions,816671B6D280E36E18634C60CA644389BD3650F19229F4B118A71F1B6F1444AA,lexical_candidate_only
ega-topic-categories,65,188,label;section;text,0ATY,duality-lemma-pseudo-functor,duality.tex,4153,lemma,section-upper-shriek,F6ABB6C55547277B746F4A61C807BA17F7596978BB05FDF80CEC1AFFFDF7B179,lexical_candidate_only
ega-topic-categories,66,188,label;section;text,06K9,formal-defos-definition-restricting-groupoids-in-functors,formal-defos.tex,6249,definition,section-groupoids-arbitrary,170337F7290DB65C8DCE341230702A9A01BD02F32915E102A6713494542C68A4,lexical_candidate_only
ega-topic-categories,67,188,label;section;text,06SS,formal-defos-example-tangent-space-classical-prorepresentable-functor,formal-defos.tex,3358,example,section-tangent-spaces-functors,0B95B1F92E8E27CE3D2F354F196797B525584A709B6860A3FA383B29EFE3EEFB,lexical_candidate_only
ega-topic-categories,68,188,label;section;text,06KK,formal-defos-remark-smooth-power-series-prorepresentable-smooth-groupoid-in-functors,formal-defos.tex,6430,remark,section-smooth-minimal-groupoids-in-functors,B56F30C3AD7C710A4FFFBB60327C51AEEBDBF24435B44C8F6666CF3B687E7EB7,lexical_candidate_only
ega-topic-categories,69,188,label;section;text,010S,homology-definition-universal-delta-functor,homology.tex,2693,definition,section-cohomological-delta-functor,DEF68C62E4E7D7946144AAAE581A74A6DC67B2A2F6A74C960B8A8C058E6FFA12,lexical_candidate_only
ega-topic-categories,70,188,label;section;text,03AR,sites-cohomology-lemma-cech-cohomology-delta-functor-presheaves,sites-cohomology.tex,942,lemma,section-cech-functor,DA23CCB0BDC6303A35E485466DE110D440689CB8319E402933998C626F47655F,lexical_candidate_only
ega-topic-categories,71,187,label;section;text,0AMN,bootstrap-lemma-representable-by-spaces-permanence,bootstrap.tex,286,lemma,section-morphism-representable-by-spaces,3BDFC4EABCC692667B4D7864D38C44F8438D0FBB08AC9C496AECE016DC38A527,lexical_candidate_only
ega-topic-categories,72,187,label;section;text,02YA,categories-lemma-representable-diagonal-groupoids,categories.tex,8826,lemma,section-representable-1-morphisms,D6644B1DE1B955EEED7D0DA29BECB784042B76012D2ACCC4D4BDB35261852F46,lexical_candidate_only
ega-topic-categories,73,187,label;section;text,0716,cohomology-section-derived-functors,cohomology.tex,93,section,section-derived-functors,4E343D769B433A2B5AF43ACC50908EC1300BA3B6C7D86AF44C100A5252D823BD,lexical_candidate_only
ega-topic-categories,74,187,label;section;text,0150,derived-definition-delta-functor,derived.tex,299,definition,section-triangulated-definitions,F56CD69F7733B6780AE5171107A7901664BB2A41BC931BCFF09171894FF29633,lexical_candidate_only
ega-topic-categories,75,187,label;section;text,0157,derived-definition-derived-functor,derived.tex,5278,definition,section-derived-functors-classical,C75F3FC9BA9250C7FA85132F0960342E0125B0615D5210A63AFB907CE345FCFC,lexical_candidate_only
ega-topic-categories,76,187,label;section;text,014V,derived-definition-exact-functor-triangulated-categories,derived.tex,191,definition,section-triangulated-definitions,10B5ED6370DCC4F09733499580779D16C8AA58A62FD84D5FBC94014E81E03695,lexical_candidate_only
ega-topic-categories,77,187,label;section;text,05QM,derived-definition-triangulated-subcategory,derived.tex,220,definition,section-triangulated-definitions,4F81CF5DDDF93E691F7FFB5530DBF67C0B040CB0369EC94164115FBC0142B707,lexical_candidate_only
ega-topic-categories,78,187,label;section;text,06UQ,derived-lemma-cohomology-in-serre-subcategory,derived.tex,5936,lemma,section-triangulated-sub,2001B3D03DDAF4C6C47BFDDBD37EED3AE5FE71D1E8130DE978CD75CD8D0552DD,lexical_candidate_only
ega-topic-categories,79,187,label;section;text,0152,derived-lemma-derived-canonical-delta-functor,derived.tex,3965,lemma,section-canonical-delta-functor,2EC8806ECEAC459D6086F5269A0CAEB9BF9D68B260EFDC7259260BDFF946C879,lexical_candidate_only
ega-topic-categories,80,187,label;section;text,05TJ,derived-lemma-resolution-functor,derived.tex,7421,lemma,section-derived-category,C54BD7F4C4AC189961957463AB956C44113822DFF1F8B13590E4E9FB54C9BBA9,lexical_candidate_only
ega-topic-sheaves,1,191,label;section;text,03CY,sites-modules-lemma-sheafification-presheaf-modules,sites-modules.tex,815,lemma,section-sheafification-presheaves-modules,D329E5F306D9182E1ABA2AE70C7DBE319F69E7B388FEB6169A50033BE0A77947,lexical_candidate_only
ega-topic-sheaves,2,190,label;section;text,04HW,etale-cohomology-section-stalks-structure-sheaf,etale-cohomology.tex,4249,section,section-stalks-structure-sheaf,45921D74BDD889F9C43E3241B64D6BEB6CAC6A7F0D9461AE7693252317BB07E1,lexical_candidate_only
ega-topic-sheaves,3,190,label;section;text,0089,sheaves-lemma-sheafification-presheaf-modules,sheaves.tex,1825,lemma,section-sheafification-presheaves-modules,9094D1DBD8144B6A10C4392ADA79052F238501DED42613227401B41AAF8DE979,lexical_candidate_only
ega-topic-sheaves,4,190,label;section;text,04KE,spaces-properties-section-stalks-structure-sheaf,spaces-properties.tex,3873,section,section-stalks-structure-sheaf,D4305E7699A3C02D3079055C37818BCE001921E5886A111665CD4C356FE1B806,lexical_candidate_only
ega-topic-sheaves,5,188,label;section;text,007D,sheaves-example-sheaf-product-pointwise-stalk,sheaves.tex,1033,example,section-stalks,A1908A49DABF29555B975149290FDB48CC20D329D0FA63F6593805025218D4A9,lexical_candidate_only
ega-topic-sheaves,6,188,label;section;text,0081,sheaves-example-sheafify-constant,sheaves.tex,1630,example,section-sheafification,314B777C18E4AF3FD474A958FEF03A9648178E9E55565793B9964060A87BE413,lexical_candidate_only
ega-topic-sheaves,7,188,label;section;text,007B,sheaves-example-stalk-constant-presheaf,sheaves.tex,995,example,section-stalks,14DC9F68D38FC0B098EB0D2529F00949D1AF4CC5CAE1CD60BB61D8715DBAA2AF,lexical_candidate_only
ega-topic-sheaves,8,188,label;section;text,007X,sheaves-section-sheafification,sheaves.tex,1459,section,section-sheafification,8E34C4A20A247E89A23C18771EAE342424C93F0756B2D632C24DEB0B819CBD89,lexical_candidate_only
ega-topic-sheaves,9,187,label;section;text,03NS,etale-cohomology-theorem-sheafification,etale-cohomology.tex,799,theorem,section-sheafification,7B5AAEA4A2F4E9BA2DD7893DD84124FE5A9192FCA4A282118CE049B34041A9C2,lexical_candidate_only
ega-topic-sheaves,10,187,label;section;text,007Y,sheaves-lemma-sheafification-sheaf,sheaves.tex,1537,lemma,section-sheafification,E32BEAB2C6923BED85085FE1C85C1468163824D7E267797C670E1B69F3800886,lexical_candidate_only
ega-topic-sheaves,11,187,label;section;text,0085,sheaves-lemma-sheafify-abelian-presheaf,sheaves.tex,1720,lemma,section-sheafify-abelian-presheaves,DB0D155B721266BD7CFDAD9813D905B6FF77F755C54B043A59FBFDE45BD6468A,lexical_candidate_only
ega-topic-sheaves,12,187,label;section;text,0087,sheaves-lemma-sheafify-presheaf-structures,sheaves.tex,1783,lemma,section-sheafification-presheaves-structures,CC2E659F37876477596786C61767E8815B366B2B5E7B5DB7FCC7893BC045FA15,lexical_candidate_only
ega-topic-sheaves,13,187,label;section;text,0H7J,sites-example-constant-sheaf,sites.tex,2099,example,section-sheafification,033D991A76F1B3ED42A44FBE6C30278A397833404D726A4F633322B82D5485BF,lexical_candidate_only
ega-topic-sheaves,14,187,label;section;text,00W3,sites-example-singleton-sheaf,sites.tex,1710,example,section-sheafification,17AE8C01641E2E5EA6B1EE1F0F52CD077F0CE4C523F9307876C353BB0FB98C17,lexical_candidate_only
ega-topic-sheaves,15,187,label;section;text,04EM,sites-modules-section-stalks,sites-modules.tex,6789,section,section-stalks,A52AF8867C1DDDBD964F2180A5CE472185D12E4C23386C280AF12B0A47C71064,lexical_candidate_only
ega-topic-sheaves,16,186,label;section;text,0082,sheaves-lemma-separated-presheaf-into-sheaf,sheaves.tex,1640,lemma,section-sheafification,07916BD62EFD9D12884DA909E9C16E3B0CACD6BDBFD5755C118F8B3BBCA9C015,lexical_candidate_only
ega-topic-sheaves,17,186,label;section;text,0079,sheaves-lemma-sheaf-subset-stalks,sheaves.tex,946,lemma,section-stalks,2BE0C0B0285B578E4E23D9A594FACEAE5645205616F28A5B157A12C682708D6B,lexical_candidate_only
ega-topic-sheaves,18,186,label;section;text,007F,sheaves-lemma-stalk-abelian-presheaf,sheaves.tex,1058,lemma,section-stalks-abelian-presheaves,8257BED4FC4FA92EEE05431D60005C5AECA0ADE3C3094A85FCD6A5E1E4FA3D51,lexical_candidate_only
ega-topic-sheaves,19,186,label;section;text,007H,sheaves-lemma-stalk-presheaf-values-in-category,sheaves.tex,1098,lemma,section-stalks-presheaves-structures,806F7633514500930B304F5945E087A51573227CB3EA6BF07FE16E2D0DBB71F2,lexical_candidate_only
ega-topic-sheaves,20,186,label;section;text,007Z,sheaves-lemma-stalk-sheafification,sheaves.tex,1563,lemma,section-sheafification,666DA10828D7290D445564FC827263456A6FCA9E76CAD0A35D50557AD9788351,lexical_candidate_only
ega-topic-sheaves,21,186,label;section;text,007K,sheaves-lemma-stalk-tensor-presheaf-modules,sheaves.tex,1158,lemma,section-stalk-presheaves-modules,EAECF767883CCEF42813DC3EA27419761DA1AFE0AD9D1C941FBA8C6440C7057C,lexical_candidate_only
ega-topic-sheaves,22,186,label;section;text,008B,sheaves-lemma-stalk-tensor-sheaf-modules,sheaves.tex,1948,lemma,section-sheafification-presheaves-modules,DD0A2928A9BF2C01335E39BF43E9C9868AB22DC3BE5D749591826E6A04DDCA8D,lexical_candidate_only
ega-topic-sheaves,23,186,label;section;text,007I,sheaves-section-stalk-presheaves-modules,sheaves.tex,1138,section,section-stalk-presheaves-modules,FB240782D71470B37694A66EA3C86AAA3CC4D5273BBD6517240FC06C968C7ED6,lexical_candidate_only
ega-topic-sheaves,24,186,label;section;text,0078,sheaves-section-stalks,sheaves.tex,894,section,section-stalks,C7C97FF7CE3CC50F62CF34AD363A8E663AA225F52FB1B26A15678682B6BB5023,lexical_candidate_only
ega-topic-sheaves,25,186,label;section;text,007G,sheaves-section-stalks-presheaves-structures,sheaves.tex,1090,section,section-stalks-presheaves-structures,643A1C11F1E7234E8054627A2F89042ADF88537974DAF21DFCBE10A451A2C68C,lexical_candidate_only
ega-topic-sheaves,26,186,label;section;text,00WG,sites-definition-associated-sheaf,sites.tex,2045,definition,section-sheafification,BA3EC5A235046437DFA3103693CD8E5E57B8A849F64264CC080C510505503C4E,lexical_candidate_only
ega-topic-sheaves,27,186,label;section;text,00ZL,sites-definition-associated-sheaf-topology,sites.tex,11645,definition,section-sheafification-topology,8A2827A4F1A6DDDAA8F8D276C4F0BAB0C9D69CDD2C835500F49FE8BD372A2AFD,lexical_candidate_only
ega-topic-sheaves,28,186,label;section;text,00ZH,sites-lemma-L-presheaf,sites.tex,11510,lemma,section-sheafification-topology,C76FB355460384CB7C33B91F282FEEFC8972B12FEFB4969B52FEE128522042EB,lexical_candidate_only
ega-topic-sheaves,29,186,label;section;text,04EN,sites-modules-lemma-stalk-exact,sites-modules.tex,6802,lemma,section-stalks,709E7C7CBEDDDEDA67225EFB7F9A89008CF44855EE7555CAB7C2703E7483F3B8,lexical_candidate_only
ega-topic-sheaves,30,186,label;section;text,04CT,spaces-more-morphisms-definition-sheaf-differentials,spaces-more-morphisms.tex,949,definition,section-sheaf-differentials,9FDA683BCFA08AD48577C257A8D43CC8BF920F88E4C75FC97FA65E598AD7BA3B,lexical_candidate_only
ega-topic-sheaves,31,186,label;section;text,03G7,spaces-properties-definition-structure-sheaf,spaces-properties.tex,3768,definition,section-structure-sheaf,18D95D2AE87C5D2ADA2B35DDF6A7D5A9348B8C9DF360981F6B95D0FB2B6F11AD,lexical_candidate_only
ega-topic-sheaves,32,186,label;section;text,04KD,spaces-properties-section-structure-sheaf,spaces-properties.tex,3749,section,section-structure-sheaf,487D696265BFA669622E9CEF6CF98E0689BF1CFC724E4B5F540DF18FC0593F6B,lexical_candidate_only
ega-topic-sheaves,33,185,label;section;text,02SI,chow-section-divisor-invertible-sheaf,chow.tex,4141,section,section-divisor-invertible-sheaf,6884AAE1478006A499608CAEAD8B59CD8CF484F697CDE90C0F9EFDE89201E846,lexical_candidate_only
ega-topic-sheaves,34,185,label;section;text,040R,etale-cohomology-definition-stalk,etale-cohomology.tex,3341,definition,section-stalks,E067141767DCE1760ECDD3CB76D9B4DB47CC83E1E83625C130CBFC0F303DCE6C,lexical_candidate_only
ega-topic-sheaves,35,185,label;section;text,04FP,etale-cohomology-item-stalks-big,etale-cohomology.tex,3592,item,section-stalks,5F4665234901EB1972B66A09852BBE2D4547B7A0EDF9557030A95B5CC78B9ACA,lexical_candidate_only
ega-topic-sheaves,36,185,label;section;text,03PT,etale-cohomology-lemma-stalk-exact,etale-cohomology.tex,3456,lemma,section-stalks,006B06454CA198E3942075673B9C303B9939466465FD2E7923F7313F84728046,lexical_candidate_only
ega-topic-sheaves,37,185,label;section;text,0EWU,etale-cohomology-proposition-h-cohomology-structure-sheaf,etale-cohomology.tex,23708,proposition,section-cohomology-O-h,09D7CA2C015D2827DB9606811DC65AB69BF6B0D4ACD52BBCDE76E27B37D3AA2C,lexical_candidate_only
ega-topic-sheaves,38,185,label;section;text,04JL,etale-cohomology-remark-every-sheaf-representable,etale-cohomology.tex,8654,remark,section-galois-action-stalks,FA0DEA1E79E81698E8386AFE15F97A8D00EC45844F87C884A7249D522D1681DB,lexical_candidate_only
ega-topic-sheaves,39,185,label;section;text,03QW,etale-cohomology-section-galois-action-stalks,etale-cohomology.tex,8516,section,section-galois-action-stalks,B6831AB868A7CE4492B83243064B54DED50F0E9C2DC0478A8F09D63710EA7984,lexical_candidate_only
ega-topic-sheaves,40,185,label;section;text,03NQ,etale-cohomology-section-sheafification,etale-cohomology.tex,725,section,section-sheafification,1EA62099BD1EEF1303DB4A3CDAA9943C9587BD847D624037BDE7BEDDD2D94100,lexical_candidate_only
ega-topic-sheaves,41,185,label;section;text,03PN,etale-cohomology-section-stalks,etale-cohomology.tex,3186,section,section-stalks,C99922EF8D6EF40EF01DF1807FDD606C603C050A1D979A771AF9E9A4304B6766,lexical_candidate_only
ega-topic-sheaves,42,185,label;section;text,03Q7,etale-cohomology-section-stalks-direct-image,etale-cohomology.tex,8009,section,section-stalks-direct-image,463D84A106928B08EE4FF3637EA300FE824422D77E3D94F3388AC7FFE1A6A135,lexical_candidate_only
ega-topic-sheaves,43,185,label;section;text,03PU,etale-cohomology-theorem-exactness-stalks,etale-cohomology.tex,3546,theorem,section-stalks,4DD5C32443DCCA0811C3ED77FCEDA9BA5B9BFB95850380C9B737948DFAA29E57,lexical_candidate_only
ega-topic-sheaves,44,185,label;section;text,0305,examples-stacks-section-stack-associated-to-sheaf,examples-stacks.tex,681,section,section-stack-associated-to-sheaf,A56FB41226925E90A93CA35A58557E2C319F594449BF0D6FA50ED1346ABA5C36,lexical_candidate_only
ega-topic-sheaves,45,185,label;section;text,04UJ,examples-stacks-subsection-torsors-sheaf,examples-stacks.tex,796,subsection,subsection-torsors-sheaf,AB2191F119578997B9147366966F1CDC847BEB6CAC262061858B9966A83D395C,lexical_candidate_only
ega-topic-sheaves,46,185,label;section;text,04UL,examples-stacks-subsection-variant-torsor-sheaf,examples-stacks.tex,863,subsection,subsection-variant-torsor-sheaf,C5C269D8A320EAA6D9B38B14822D43D3809AE7582D0C6B2A2569FC5DC1D3E421,lexical_candidate_only
ega-topic-sheaves,47,185,label;section;text,0H2K,modules-lemma-induced-quotient-ring-sheaf-module-structure,modules.tex,3927,lemma,section-annihilator,F856480CB0302C9DE5DAD15E78C7FB7CEB9EBD18A15FAD43D38150C7AFC6A4C5,lexical_candidate_only
ega-topic-sheaves,48,185,label;section;text,04R9,more-groupoids-lemma-sheaf-differentials,more-groupoids.tex,117,lemma,section-differentials,8ED21C8E0D42A43D022653957BE984AEA6466B435D3B01BBF316154FB4D2298A,lexical_candidate_only
ega-topic-sheaves,49,185,label;section;text,01R2,morphisms-definition-conormal-sheaf,morphisms.tex,6164,definition,section-conormal-sheaf,BA73D9B0132A5D4FE69091F2AC64DE0312887DCD325410E076D90AD90B6F3FF6,lexical_candidate_only
ega-topic-sheaves,50,185,label;section;text,01UQ,morphisms-definition-sheaf-differentials,morphisms.tex,6348,definition,section-sheaf-differentials,BCD212DB69F4947AD33068031D721876853B8BB567C22DFF3A7D240BEBA47D64,lexical_candidate_only
ega-topic-sheaves,51,185,label;section;text,01R1,morphisms-section-conormal-sheaf,morphisms.tex,6138,section,section-conormal-sheaf,73367926301EBD7DF6F08CF6CFF7A06652D54E3A68E395714DEFF568BCECE665,lexical_candidate_only
ega-topic-sheaves,52,185,label;section;text,009A,sheaves-definition-skyscraper-sheaf,sheaves.tex,3273,definition,section-skyscraper-sheaves,90C71F47F227944BD1AA54AC233FFDF4FBF981D83582D7A4D2770573261F8DFD,lexical_candidate_only
ega-topic-sheaves,53,185,label;section;text,0080,sheaves-lemma-sheafify-universal,sheaves.tex,1589,lemma,section-sheafification,9A061DF578E872E69B37890E7747A59086F077FE6C103889949845724A7753A1,lexical_candidate_only
ega-topic-sheaves,54,185,label;section;text,009B,sheaves-lemma-skyscraper-stalks,sheaves.tex,3309,lemma,section-skyscraper-sheaves,EDC128E5BD23E36AE43F88F2EA90597517FF191FD0D080ABC2DF9EE7154938FF,lexical_candidate_only
ega-topic-sheaves,55,185,label;section;text,007J,sheaves-lemma-stalk-module,sheaves.tex,1141,lemma,section-stalk-presheaves-modules,2F11A7355C6DD2DCC953C446C7EBFFEE3861E2A93C0D4B9EAB37F1A043BEFBC0,lexical_candidate_only
ega-topic-sheaves,56,185,label;section;text,0088,sheaves-section-sheafification-presheaves-modules,sheaves.tex,1822,section,section-sheafification-presheaves-modules,CCEA11C33FCED6A29707EB7A65C53698B3909C85B37FE29C5257FFEB4C5DA1BB,lexical_candidate_only
ega-topic-sheaves,57,185,label;section;text,0083,sheaves-section-sheafify-abelian-presheaves,sheaves.tex,1665,section,section-sheafify-abelian-presheaves,BF242F4A6C74A353182F18ABBF5D14219A136E214B545051EBCC50B65EC4EE8C,lexical_candidate_only
ega-topic-sheaves,58,185,label;section;text,00WD,sites-item-sheaf,sites.tex,1982,item,section-sheafification,2C3A29316D5E6C175BC7D642EB6588A9EA741B673B900017BF67B5A4DC805871,lexical_candidate_only
ega-topic-sheaves,59,185,label;section;text,00WK,sites-lemma-sections-sheafification,sites.tex,2156,lemma,section-sheafification,52FD640851A04DC7DAD488F04E55A8883C5F8AD2CFB4AD37D03168B7DF71582C,lexical_candidate_only
ega-topic-sheaves,60,185,label;section;text,03EI,sites-modules-lemma-sheafification-exact,sites-modules.tex,874,lemma,section-sheafification-presheaves-modules,9A60090016EB4B5E0CB995B06A6D680A07CF61347C08CF649C60B67A6FAEEFFA,lexical_candidate_only
ega-topic-sheaves,61,185,label;section;text,03CX,sites-modules-section-sheafification-presheaves-modules,sites-modules.tex,812,section,section-sheafification-presheaves-modules,79AB8093E329B45C9B9D2B89685397B0AC39E2DCFC12EE4457A9295E1CB7FD7C,lexical_candidate_only
ega-topic-sheaves,62,185,label;section;text,00ZM,sites-proposition-sheafification-adjoint-topology,sites.tex,11654,proposition,section-sheafification-topology,96245FC26FC115E42FC774E192C4307EA7F3EBE1F84BB888A9BAA396E72FFA87,lexical_candidate_only
ega-topic-sheaves,63,185,label;section;text,00W1,sites-section-sheafification,sites.tex,1631,section,section-sheafification,658083A14590097146BA44C8D6F3DF42937D9FADA409A10B16FE5256E25EA5F0,lexical_candidate_only
ega-topic-sheaves,64,185,label;section;text,00ZG,sites-section-sheafification-topology,sites.tex,11440,section,section-sheafification-topology,61235E8CAA4FEE1E124760B75486554CEF8470F373530071CD9E0B44255BEE3E,lexical_candidate_only
ega-topic-sheaves,65,185,label;section;text,0EEA,spaces-chow-section-cycle-of-coherent-sheaf,spaces-chow.tex,485,section,section-cycle-of-coherent-sheaf,1FAD0DE4226307111079125C5011754C9A7B4E732C1B0E0BB551E50F815B71C2,lexical_candidate_only
ega-topic-sheaves,66,185,label;section;text,0EQD,spaces-chow-section-divisor-invertible-sheaf,spaces-chow.tex,2066,section,section-divisor-invertible-sheaf,FC7DC44E9F4E6E73A99F46C211C85C91E73964920CB5842F81D34A86CD1113C2,lexical_candidate_only
ega-topic-sheaves,67,185,label;section;text,04CN,spaces-more-morphisms-definition-conormal-sheaf,spaces-more-morphisms.tex,410,definition,section-conormal-sheaf,BA73D9B0132A5D4FE69091F2AC64DE0312887DCD325410E076D90AD90B6F3FF6,lexical_candidate_only
ega-topic-sheaves,68,185,label;section;text,06TV,stacks-sheaves-definition-structure-sheaf,stacks-sheaves.tex,732,definition,section-structure-sheaf,DB1E7415627D1C995544210671FFB5B1CC0DDBD7A7931E4F1724234FE8C6978A,lexical_candidate_only
ega-topic-sheaves,69,184,label;section;text,02QV,chow-section-cycle-of-coherent-sheaf,chow.tex,1697,section,section-cycle-of-coherent-sheaf,6D4834B2B7CFAC88D7B03B852EBA1B33A7E755C59199D1D1E398DBB2D0C91AC1,lexical_candidate_only
ega-topic-sheaves,70,184,label;section;text,07IW,crystalline-section-differentials-sheaf,crystalline.tex,2179,section,section-differentials-sheaf,84E7E481FC1C57BCBE7B7764237504706D57C8A056252DD6B40892A03EB47F35,lexical_candidate_only
ega-topic-sheaves,71,184,label;section;text,0EWT,etale-cohomology-lemma-h-sheaf-colim-F,etale-cohomology.tex,23651,lemma,section-cohomology-O-h,20C1541D90CEE58A18FD80BD77D483B04ACF7B6267CAE064AC4059B0A037ACA2,lexical_candidate_only
ega-topic-sheaves,72,184,label;section;text,03NA,etale-cohomology-section-sheaf-theory,etale-cohomology.tex,400,section,section-sheaf-theory,AFE8D203D0F9488E951A17CAD284AC49541DB1E40F7445AEEF157D9AA8CBC67B,lexical_candidate_only
ega-topic-sheaves,73,184,label;section;text,0DEJ,formal-spaces-lemma-structure-sheaf,formal-spaces.tex,7448,lemma,section-structure-sheaf,E8FB46856B4FC618A197087B7B4CF3C683BD259A67CC39CB50B4C4C535A27252,lexical_candidate_only
ega-topic-sheaves,74,184,label;section;text,0DEI,formal-spaces-section-structure-sheaf,formal-spaces.tex,7418,section,section-structure-sheaf,A017DA17304692C8AB33D009EED386B98CB93E20F656B5F0F7C2F1040E2A2ABE,lexical_candidate_only
ega-topic-sheaves,75,184,label;section;text,0AZB,intersection-section-cycle-of-coherent-sheaf,intersection.tex,179,section,section-cycle-of-coherent-sheaf,507A7943B81B164AFF1CE7B3DDE9F2626542C5DA31CF6CC64851E2F3A78F2FD4,lexical_candidate_only
ega-topic-sheaves,76,184,label;section;text,0H2J,modules-lemma-finite-type-annihilator-stalk,modules.tex,3905,lemma,section-annihilator,D00B98745A11CEB7EB39DCF1ED89DC7B1AAEB6E335D033A0B9BCD29D1AFA2CC0,lexical_candidate_only
ega-topic-sheaves,77,184,label;section;text,0E6Q,moduli-curves-definition-relative-dualizing-sheaf,moduli-curves.tex,1950,definition,section-relative-dualizing,1008D4AC8D41F5D529A84EE401FFC13A8DCB73AB971006572C9034CA43232FC9,lexical_candidate_only
ega-topic-sheaves,78,184,label;section;text,01UM,morphisms-section-sheaf-differentials,morphisms.tex,6338,section,section-sheaf-differentials,34700EFB72A10C64B0BD265A01EA34AA58145D2190B99242D02ADC857C381D82,lexical_candidate_only
ega-topic-sheaves,79,184,label;section;text,0H7I,sheaves-lemma-sheafify-epi-mono,sheaves.tex,1653,lemma,section-sheafification,1BDDCDB8447C9DCCD3C59E22EC21E013E48EB300FC96D82A12735B433B96206A,lexical_candidate_only
ega-topic-sheaves,80,184,label;section;text,0086,sheaves-section-sheafification-presheaves-structures,sheaves.tex,1779,section,section-sheafification-presheaves-structures,234AC138C7A66DF5749794EAD93AF3F19867CE459D332C697E8C56CCF2728B49,lexical_candidate_only
ega-topic-ringed-spaces,1,112,label;text,04KH,spaces-properties-lemma-etale-site-locally-ringed,spaces-properties.tex,3930,lemma,section-stalks-structure-sheaf,9383B746FA7E37F410EFDB1B0EB3C7D99D9D0144107C2232768E844B5D5A642D,lexical_candidate_only
ega-topic-ringed-spaces,2,112,label;text,04KJ,spaces-properties-lemma-morphism-locally-ringed,spaces-properties.tex,4757,lemma,section-morphisms,553881D93C91612A698A1644A2EE24196D5209E75773AC86C23640621202338F,lexical_candidate_only
ega-topic-ringed-spaces,3,97,section;text,01HC,schemes-lemma-isomorphism-locally-ringed,schemes.tex,173,lemma,section-locally-ringed-spaces,054AD185BEBC1E02C27322296588C048F7A16AA3A642C22700B429864F1F7184,lexical_candidate_only
ega-topic-ringed-spaces,4,95,section;text,04IH,sites-modules-lemma-localize-morphism-locally-ringed-topoi,sites-modules.tex,7836,lemma,section-locally-ringed,9FBCF4082F02309BFFB373742565AF4DE11EE4B782E0F68AAF4B57A11CBC1A34,lexical_candidate_only
ega-topic-ringed-spaces,5,94,section;text,01HB,schemes-definition-locally-ringed-space,schemes.tex,93,definition,section-locally-ringed-spaces,EBA660B3FFC721E8C339E97171301E856191DD616DAAC62CD27E7F7DF5CCE5AC,lexical_candidate_only
ega-topic-ringed-spaces,6,94,section;text,01HI,schemes-lemma-restrict-map-to-opens,schemes.tex,299,lemma,section-open-immersion,FF840A6FEE5A3E5959E00E47D25823BBC010728FAC8544638FBCD187C5D3F758,lexical_candidate_only
ega-topic-ringed-spaces,7,94,section;text,01HA,schemes-section-locally-ringed-spaces,schemes.tex,33,section,section-locally-ringed-spaces,FEC3106FEF8CEA5D4CB8EAC979B4BEEDFE9CB09DB7C491BF2041F64F381DC969,lexical_candidate_only
ega-topic-ringed-spaces,8,94,section;text,04H7,sites-modules-lemma-locally-ringed-intrinsic,sites-modules.tex,7587,lemma,section-locally-ringed,B20C669B5908D720645BB0B7038E26DA01757BDACC8D5362E70C9B3655EFA3BC,lexical_candidate_only
ega-topic-ringed-spaces,9,93,section;text,08UT,cotangent-section-cotangent-morphism-ringed-spaces,cotangent.tex,3514,section,section-cotangent-morphism-ringed-spaces,DA613624ED98E865965BB24776E405A68EF541022AEF46BE4DEB772EECB0593D,lexical_candidate_only
ega-topic-ringed-spaces,10,93,section;text,08L9,defos-remark-trivial-thickening,defos.tex,896,remark,section-modules-thickenings,6D28EE7FDB0FF1265238456D130FFACA9A0AEBA76AD9CFCB4FEEEF21DC8582B9,lexical_candidate_only
ega-topic-ringed-spaces,11,93,section;text,08LG,defos-section-deformation-modules,defos.tex,1253,section,section-deformation-modules,D47B240B3387A91E33AF57651F0ADB942C1697B33D65B80C05540ACFA57BC607,lexical_candidate_only
ega-topic-ringed-spaces,12,93,section;text,01DH,injectives-section-sheaves-modules-space,injectives.tex,494,section,section-sheaves-modules-space,CBCCF2008E23FA4B87C779573B7D711FCD1294E01EAD2C4025A4E5BB19DE6AFC,lexical_candidate_only
ega-topic-ringed-spaces,13,93,section;text,01C1,modules-section-closed-immersion,modules.tex,1814,section,section-closed-immersion,5906D5CB80A5F7F972D43C279D2D5E77CC5FF59743EF398134954530F1F17FED,lexical_candidate_only
ega-topic-ringed-spaces,14,93,section;text,01HN,schemes-definition-closed-subspace,schemes.tex,389,definition,section-closed-immersion,16C112A251C6F9DDA574746BD366E3D4A2FC5A1D217C659EB52C6C2FC131CD6E,lexical_candidate_only
ega-topic-ringed-spaces,15,93,section;text,01HG,schemes-definition-open-subspace,schemes.tex,232,definition,section-open-immersion,D822638948DD1223205BA9BEF1CB9088D38716C06098B96274F97E3DBF347A12,lexical_candidate_only
ega-topic-ringed-spaces,16,93,section;text,01HF,schemes-example-open-subspace,schemes.tex,219,example,section-open-immersion,456A0CD96E2B73FAE1B94E4EC4BB5F8F569F6C99C4E201829D01B1E4C6361948,lexical_candidate_only
ega-topic-ringed-spaces,17,93,section;text,01HO,schemes-lemma-closed-immersion,schemes.tex,400,lemma,section-closed-immersion,78200F99C1DBF2078B00C8B0F1C9AF6496F34C2E1CFDE48713A7EB2F5C98541E,lexical_candidate_only
ega-topic-ringed-spaces,18,93,section;text,01HH,schemes-lemma-open-immersion,schemes.tex,241,lemma,section-open-immersion,DD33BA4BABE201E994BC32207C79BCD3DC8824EE2B7BF32ADA193F3A1DF7F09E,lexical_candidate_only
ega-topic-ringed-spaces,19,93,section;text,01HD,schemes-section-open-immersion,schemes.tex,203,section,section-open-immersion,268BF7F9F478EDC021B33FEC0CF64CAFF6DE7B13935AD9B52FEED82BE65B5C05,lexical_candidate_only
ega-topic-ringed-spaces,20,93,section;text,0093,sheaves-definition-composition-maps-ringed-spaces,sheaves.tex,3093,definition,section-ringed-spaces,68032148201C83EB4F31A905CD5C0599B0815A50471BACBDE945CE53DC08F25A,lexical_candidate_only
ega-topic-ringed-spaces,21,93,section;text,0091,sheaves-definition-ringed-space,sheaves.tex,3048,definition,section-ringed-spaces,EFAAC2EF3C0A2B12B3AFC87BE93A8F0549FBE1271F7F5F2DC460359BC3529E5A,lexical_candidate_only
ega-topic-ringed-spaces,22,93,section;text,04H8,sites-modules-definition-locally-ringed-topos,sites-modules.tex,7625,definition,section-locally-ringed,19E57566082098DB0CD07BFFA65042A23991BA2F555E2D3183CAE10DF3F20BC2,lexical_candidate_only
ega-topic-ringed-spaces,23,93,section;text,04HA,sites-modules-definition-morphism-locally-ringed-topoi,sites-modules.tex,7738,definition,section-locally-ringed,6E69427EEF9EB5D316B1A682658CD710729650F57C929AFA316026DECB357A48,lexical_candidate_only
ega-topic-ringed-spaces,24,93,section;text,04IG,sites-modules-lemma-composition-morphisms-locally-ringed-topoi,sites-modules.tex,7769,lemma,section-locally-ringed,F930334F0D86566C020D0AFF0C9F5F3AA4E8EFA6F2C5B5ED829DD4100F45CC12,lexical_candidate_only
ega-topic-ringed-spaces,25,93,section;text,04KR,sites-modules-lemma-locally-ringed-intrinsic-morphism,sites-modules.tex,7788,lemma,section-locally-ringed,AC02C38322654AFF22C70391251642FC5AADD8582FAEDED362072D74FC053F57,lexical_candidate_only
ega-topic-ringed-spaces,26,92,section;text,08UU,cotangent-definition-cotangent-complex-morphism-ringed-spaces,cotangent.tex,3521,definition,section-cotangent-morphism-ringed-spaces,8E6F3C6914B6F535040C47F1FF6F72BCEF7C716A0AE997CE1452B37A48151FC5,lexical_candidate_only
ega-topic-ringed-spaces,27,92,section;text,08UV,cotangent-lemma-H0-L-morphism-ringed-spaces,cotangent.tex,3537,lemma,section-cotangent-morphism-ringed-spaces,A071C14D8B5958DE277B001936AC30D438A7455958A39598A1CADC3C6BF7BAE6,lexical_candidate_only
ega-topic-ringed-spaces,28,92,section;text,08UW,cotangent-lemma-compare-cotangent-complex-with-naive-ringed-spaces,cotangent.tex,3569,lemma,section-cotangent-morphism-ringed-spaces,2CCB618A9F9CB6662DD57F4DFE4FDBDC12CEE56D0481A9F0F2F8193C6E6C8E30,lexical_candidate_only
ega-topic-ringed-spaces,29,92,section;text,08T4,cotangent-lemma-triangle-ringed-spaces,cotangent.tex,3547,lemma,section-cotangent-morphism-ringed-spaces,B4D38068FB6D772D53D5FD9E0BF254C2F62016B6787A3E91EBF27E2E51E0D7C1,lexical_candidate_only
ega-topic-ringed-spaces,30,92,section;text,08UX,cotangent-section-deformations-ringed-spaces,cotangent.tex,3586,section,section-deformations-ringed-spaces,E771476A811CEF5A39D8E8B82DED52C7144E2EA1B5876B4F66B8CF728E700A73,lexical_candidate_only
ega-topic-ringed-spaces,31,92,section;text,08LI,defos-lemma-deform-module,defos.tex,1319,lemma,section-deformation-modules,E13C601B0A27863E1B6F5668D2277EA124DFACF41B26F798065D7731C0E987B9,lexical_candidate_only
ega-topic-ringed-spaces,32,92,section;text,0GPZ,defos-lemma-extensions-of-relative-ringed-spaces,defos.tex,2064,lemma,section-deformations-ringed-spaces,2FFADDF926DFE768B5E1E8DF2FD2960E5A748000E1D81A9E1AE0AE5A00D9CF9E,lexical_candidate_only
ega-topic-ringed-spaces,33,92,section;text,0GQ1,defos-lemma-extensions-of-relative-ringed-spaces-functorial,defos.tex,2141,lemma,section-deformations-ringed-spaces,DB4BFE08DFAF9900E876FEAB2F9C630216C45B5F89C972041ACB29A572794ABE,lexical_candidate_only
ega-topic-ringed-spaces,34,92,section;text,08U8,defos-lemma-huge-diagram-ringed-spaces,defos.tex,1739,lemma,section-deformations-ringed-spaces,EC87BC713A259D9A38504DC1363DE877E678F276182ED5B8B934B4F930D5ADD4,lexical_candidate_only
ega-topic-ringed-spaces,35,92,section;text,08L7,defos-lemma-inf-ext,defos.tex,729,lemma,section-modules-thickenings,87B79E1E721579A775BACDAEEB6FD22BB321ECC12B352F767A9D68C1BD1823EA,lexical_candidate_only
ega-topic-ringed-spaces,36,92,section;text,08L5,defos-lemma-inf-map,defos.tex,604,lemma,section-modules-thickenings,97183509202BBA0895D99E3EE21841FEF12B6300E105DD7DF9D4E56360B3595E,lexical_candidate_only
ega-topic-ringed-spaces,37,92,section;text,08LH,defos-lemma-inf-map-special,defos.tex,1278,lemma,section-deformation-modules,C8089BC8EFDA4A230888B5E459D0F7177BE0A2ED6729BD12496A8DA902A2069E,lexical_candidate_only
ega-topic-ringed-spaces,38,92,section;text,08L8,defos-lemma-inf-obs-ext,defos.tex,764,lemma,section-modules-thickenings,C52C6B31D7A633A9261037000198ECE09AFBF7BC3835F925AE01DC442CF16C5B,lexical_candidate_only
ega-topic-ringed-spaces,39,92,section;text,08L6,defos-lemma-inf-obs-map,defos.tex,655,lemma,section-modules-thickenings,2F5C643FACCED2F336532EE7A4D473CF6D9C4FC88BCFB47947C5E2D5163C01C6,lexical_candidate_only
ega-topic-ringed-spaces,40,92,section;text,08LK,defos-lemma-inf-obs-map-special,defos.tex,1416,lemma,section-deformation-modules,08D9D4F87C84DABB52AE712E24602574D87FEB53162786AF78382C19382CDC6E,lexical_candidate_only
ega-topic-ringed-spaces,41,92,section;text,08L2,defos-lemma-strict-morphism-thickenings,defos.tex,561,lemma,section-thickenings-spaces,B275D2F523ED01EBB35283A8B0A7D7CF0171E17D9986608B5E1CD02A07FBA070,lexical_candidate_only
ega-topic-ringed-spaces,42,92,section;text,08LF,defos-remark-complex-thickenings-and-ses-modules,defos.tex,1109,remark,section-modules-thickenings,80F25DAC808DC3D569E71AFB6C80E690D47B13667BBF18AD28559639D7F95908,lexical_candidate_only
ega-topic-ringed-spaces,43,92,section;text,08LC,defos-remark-extension-functorial,defos.tex,955,remark,section-modules-thickenings,E5881BD0B41E810C2595D494B1F436658FDA2B48B4C6CCF8A9F0BC6A16DF304D,lexical_candidate_only
ega-topic-ringed-spaces,44,92,section;text,08LE,defos-remark-short-exact-sequence-thickenings,defos.tex,1072,remark,section-modules-thickenings,5D7EBC7AF283B2A5EDE161F635D722853CAEA47340F4066D1C79DB8C45AC0DD3,lexical_candidate_only
ega-topic-ringed-spaces,45,92,section;text,08LB,defos-remark-trivial-extension,defos.tex,916,remark,section-modules-thickenings,BD71285D7F2E99B13633D766F28C11DA7E6A6E6A5F8E4A836D4610DACC96BB6C,lexical_candidate_only
ega-topic-ringed-spaces,46,92,section;text,08U6,defos-section-deformations-ringed-spaces,defos.tex,1702,section,section-deformations-ringed-spaces,A300C28546B083FC7DE9977962FB2C32642E099A2B354C5999821370511DBB25,lexical_candidate_only
ega-topic-ringed-spaces,47,92,section;text,08VQ,defos-section-flat,defos.tex,1581,section,section-flat,E92E9600606C9B1F030262E38F2C5E50178E9D5CBEDD99F2AD2D6CBC66F6E417,lexical_candidate_only
ega-topic-ringed-spaces,48,92,section;text,08L3,defos-section-modules-thickenings,defos.tex,576,section,section-modules-thickenings,62C607380263172AE8E1DDC9F3962F50B5904318EF40771835D1E48392DFB381,lexical_candidate_only
ega-topic-ringed-spaces,49,92,section;text,08KY,defos-section-thickenings-spaces,defos.tex,480,section,section-thickenings-spaces,EAFBE785A2591B29BB701DBB695771E59C270619CE5EAAE9198F3F5DF910C5E1,lexical_candidate_only
ega-topic-ringed-spaces,50,92,section;text,08KZ,defos-situation-morphism-thickenings,defos.tex,520,situation,section-thickenings-spaces,CF652040C3AB05CE6AC76A87A27C9218379B61BC88D9D45B77CAD11FB47EEAF4,lexical_candidate_only
ega-topic-ringed-spaces,51,92,section;text,08VS,defos-situation-ses-flat-thickenings,defos.tex,1637,situation,section-flat,57FF0D62438D4B97D63D1D73BB546164C146B02CE1745664AB86FD60E2E4187B,lexical_candidate_only
ega-topic-ringed-spaces,52,92,section;text,01DI,injectives-lemma-sheaves-modules-space,injectives.tex,498,lemma,section-sheaves-modules-space,5E805BB41D0591A2422A78775142E403E9CEFC2AD1F2690EC0E36C7047935C52,lexical_candidate_only
ega-topic-ringed-spaces,53,92,section;text,01C2,modules-definition-closed-immersion,modules.tex,1856,definition,section-closed-immersion,891946838958E1550065BC25BBBEBBB326B434EEEE2C40B0DBE65DF0319EC929,lexical_candidate_only
ega-topic-ringed-spaces,54,92,section;text,08KT,modules-definition-flat-module,modules.tex,3212,definition,section-flat-morphisms,24A2E599376E0C5FB401418AE5A085C514D6DC0BA31E4CE087A0048AE0C9A45F,lexical_candidate_only
ega-topic-ringed-spaces,55,92,section;text,02N3,modules-definition-flat-morphism,modules.tex,3173,definition,section-flat-morphisms,403DA654951A0CF63A7377A832DF657D8DD7E9AEC945EFAF3ACDE19476670D97,lexical_candidate_only
ega-topic-ringed-spaces,56,92,section;text,0G6P,modules-lemma-adjoint-section-with-support,modules.tex,2039,lemma,section-closed-immersion,956AABBFC4D95A47A11698EB28EB32FBDEAF3D7ACA9E2F18E26404ED211646FC,lexical_candidate_only
ega-topic-ringed-spaces,57,92,section;text,08KS,modules-lemma-i-star-equivalence,modules.tex,1946,lemma,section-closed-immersion,139B7EEA3C9B0C6A9373CDF678F8DB16603638A6DECEE3BC6CD9866E48BFF4BF,lexical_candidate_only
ega-topic-ringed-spaces,58,92,section;text,01C3,modules-lemma-i-star-quasi-coherent,modules.tex,1880,lemma,section-closed-immersion,50C262AA1F448BE828F4DF99447ED0560EE8DE3B3CC748B9BCF36A0E075A85FC,lexical_candidate_only
ega-topic-ringed-spaces,59,92,section;text,01C4,modules-lemma-i-star-reflects-finite-type,modules.tex,1899,lemma,section-closed-immersion,34509D2FBFEE36683F909A78877EBDAE2DE4451EFA1CFCC52EB4A19970E914FA,lexical_candidate_only
ega-topic-ringed-spaces,60,92,section;text,02N4,modules-lemma-pullback-flat,modules.tex,3191,lemma,section-flat-morphisms,F2613CDC15E70238CDB522D6E31F64639BF214AC0953D0ED703C952F550C1E31,lexical_candidate_only
ega-topic-ringed-spaces,61,92,section;text,0GMU,modules-lemma-pullback-tensor-flat-module,modules.tex,3231,lemma,section-flat-morphisms,516091EB37F4CA7D9812BBDD920A594057F7D89E27A6BB204E24437C65C731B9,lexical_candidate_only
ega-topic-ringed-spaces,62,92,section;text,0G6N,modules-remark-sections-support-in-closed-modules,modules.tex,2006,remark,section-closed-immersion,990EF9323D949567652A31B7A6C9F3128BD384F0C2A9BDD7C699F53126D70481,lexical_candidate_only
ega-topic-ringed-spaces,63,92,section;text,02N2,modules-section-flat-morphisms,modules.tex,3163,section,section-flat-morphisms,B1BF52284BA092646FC6B84223901E1CDEF29C5D211E763A8BE378DB54043E3E,lexical_candidate_only
ega-topic-ringed-spaces,64,92,section;text,01HK,schemes-definition-closed-immersion-locally-ringed-spaces,schemes.tex,344,definition,section-closed-immersion,48F964111C319F9A8B2E4F8804D20B8774996CC3AD6FCFA46E51373B8F37EC2F,lexical_candidate_only
ega-topic-ringed-spaces,65,92,section;text,01HE,schemes-definition-immersion-locally-ringed-spaces,schemes.tex,206,definition,section-open-immersion,43719505199080A4EEBFACE3C997499FD9D8D24F98A7FF4813B586CF849CB8AE,lexical_candidate_only
ega-topic-ringed-spaces,66,92,section;text,01HM,schemes-example-closed-subspace,schemes.tex,369,example,section-closed-immersion,9D1AAFC01A7E9A182E71A2DB1FD15F6369A4AF7C1406DE8FB77D6B6F00E825DD,lexical_candidate_only
ega-topic-ringed-spaces,67,92,section;text,01HP,schemes-lemma-characterize-closed-subspace,schemes.tex,415,lemma,section-closed-immersion,4BCEA480F39EB23675C777B0117279B365C7DF6370A18F0AC6CAFE75476D0445,lexical_candidate_only
ega-topic-ringed-spaces,68,92,section;text,01HL,schemes-lemma-closed-local-target,schemes.tex,357,lemma,section-closed-immersion,913856B3C59A7FA0C2A447B61857FAEB8BD5E6F5BEA781883159574AEBFBD660,lexical_candidate_only
ega-topic-ringed-spaces,69,92,section;text,01HQ,schemes-lemma-restrict-map-to-closed,schemes.tex,456,lemma,section-closed-immersion,6E8371312F00C133A00F28A551DCA73CA50A7D8BFC23AA864DA6C06D30D24B9A,lexical_candidate_only
ega-topic-ringed-spaces,70,92,section;text,01HJ,schemes-section-closed-immersion,schemes.tex,337,section,section-closed-immersion,4FF98AB08ACA3B9361E1F23370C3389D9B5A97E3FA22271055CD9797C2B5792F,lexical_candidate_only
ega-topic-ringed-spaces,71,92,section;text,0095,sheaves-definition-pushforward,sheaves.tex,3117,definition,section-ringed-spaces-functoriality-modules,60E559434C754C42A524030C6E23842493B72E240C9D44352A76F0E17A8C8E49,lexical_candidate_only
ega-topic-ringed-spaces,72,92,section;text,0096,sheaves-lemma-adjoint-pullback-pushforward-modules,sheaves.tex,3157,lemma,section-ringed-spaces-functoriality-modules,695B45F370DA6D496C9A0700329B72D3824C0850E1D0EA39F50FE60A1B6A6F69,lexical_candidate_only
ega-topic-ringed-spaces,73,92,section;text,0097,sheaves-lemma-push-pull-composition-modules,sheaves.tex,3190,lemma,section-ringed-spaces-functoriality-modules,F3AFC5E309C0A2E94E54333C393AA4A12C6B30B42EFE072E86D1FDB146A77E10,lexical_candidate_only
ega-topic-ringed-spaces,74,92,section;text,0098,sheaves-lemma-stalk-pullback-modules,sheaves.tex,3244,lemma,section-ringed-spaces-functoriality-modules,633701C5B57EBFCA9EF7FD6CCC64EA061A00FB211E726CA5A1D4FE76D841AE2A,lexical_candidate_only
ega-topic-ringed-spaces,75,92,section;text,0090,sheaves-section-ringed-spaces,sheaves.tex,3031,section,section-ringed-spaces,7165310BD1AB2A2A734CBEAA2F972536A63D002596820F580076C34E8CB6621A,lexical_candidate_only
ega-topic-ringed-spaces,76,92,section;text,0094,sheaves-section-ringed-spaces-functoriality-modules,sheaves.tex,3109,section,section-ringed-spaces-functoriality-modules,AFBF9462FC3910348F2AEF06FBF56A1C4F86199FCB10D1C51EDF629DF569CC5D,lexical_candidate_only
ega-topic-ringed-spaces,77,92,section;text,04EU,sites-modules-definition-locally-ringed,sites-modules.tex,7571,definition,section-locally-ringed,1C11C9E0AC80040DB0F7762FCF5F0B5958D6412F98DE214B6183A6A2E3B40228,lexical_candidate_only
ega-topic-ringed-spaces,78,92,section;text,0B8Q,sites-modules-lemma-invertible-is-locally-free-rank-1,sites-modules.tex,7635,lemma,section-locally-ringed,A069104824F5E296D7A1951DE3D8EB5805762870425B4C55242F637990BB7E3B,lexical_candidate_only
ega-topic-ringed-spaces,79,92,section;text,04ER,sites-modules-section-locally-ringed,sites-modules.tex,7401,section,section-locally-ringed,6DABB781707CE8C2338F30FDD7ED0B79C3B2A83D690074B346E2DBDA65326D74,lexical_candidate_only
ega-topic-ringed-spaces,80,91,label,0H03,spaces-descent-equation-alternative-small-ringed,spaces-descent.tex,296,equation,section-alternative-quasi-coherent,54A8D1B2EBBE276D35463CB5F5B4BD64DDD4583A4A5C4FF431F1BC9B1F8BFB4D,lexical_candidate_only
ega-topic-schemes,1,236,label;chapter;section;text,047D,groupoids-definition-closed-subgroup-scheme,groupoids.tex,329,definition,section-group-schemes,C62DB7F25C39BEF9C363432A53C0D3A3B9115B28E092CE8A5EA2E8BF183CCD46,lexical_candidate_only
ega-topic-schemes,2,235,label;chapter;section;text,022S,groupoids-definition-group-scheme,groupoids.tex,280,definition,section-group-schemes,D55AFF2B2E930C509492420729CC112991E1906E9E86D9759EA9FCA25AF5C13C,lexical_candidate_only
ega-topic-schemes,3,235,label;chapter;section;text,0G8L,groupoids-lemma-closed-subgroup-scheme,groupoids.tex,347,lemma,section-group-schemes,A112F22DA6FBA5A04DCE2132C329A27879F1853A4BDA036E42330AA7DD2BCF0F,lexical_candidate_only
ega-topic-schemes,4,235,label;chapter;section;text,01RB,morphisms-definition-scheme-theoretically-dense,morphisms.tex,1030,definition,section-scheme-theoretic-closure,1FD037002B735569463DB7D3191C0E05BAAE67659BF060CD3E2F95FE2D542E4F,lexical_candidate_only
ega-topic-schemes,5,235,label;chapter;section;text,01J4,schemes-definition-reduced-induced-scheme,schemes.tex,2239,definition,section-reduced,3036755BA889004C7EC06361DB4D2E786A77AA149F2180234BB406EE7357243D,lexical_candidate_only
ega-topic-schemes,6,234,label;chapter;section;text,047E,groupoids-definition-smooth-group-scheme,groupoids.tex,365,definition,section-group-schemes,10E41FF32C43328ED91E02514E92EF9503651C20191B7E05A531316350E42F15,lexical_candidate_only
ega-topic-schemes,7,234,label;chapter;section;text,01R8,morphisms-lemma-quasi-compact-scheme-theoretic-image,morphisms.tex,849,lemma,section-scheme-theoretic-image,8433A65F0E0DE6591B5C76BE144E216D7B5D516077AFA276E444147111D0C79F,lexical_candidate_only
ega-topic-schemes,8,234,label;chapter;section;text,056E,morphisms-lemma-reduced-subscheme-closure,morphisms.tex,1192,lemma,section-scheme-theoretic-closure,48F95B688E79A9F536F1F463E18CB80A57DA5394FDC57CAC741D27764EC99245,lexical_candidate_only
ega-topic-schemes,9,234,label;chapter;section;text,02J6,morphisms-lemma-ubiquity-Jacobson-schemes,morphisms.tex,3039,lemma,section-points-finite-type,A6D79FE49AE845960493F91BEB966F0B73503209583304E1D158418AF5116C79,lexical_candidate_only
ega-topic-schemes,10,234,label;chapter;section;text,0HA3,properties-definition-G-scheme,properties.tex,1811,definition,section-G-scheme,34B43605B5C06A221B5D51F37D05C75DD1AB5C1D5B30CFE214CFFC24BAE6ADC4,lexical_candidate_only
ega-topic-schemes,11,234,label;chapter;section;text,01JV,schemes-definition-inverse-image-closed-subscheme,schemes.tex,3362,definition,section-fibre-products,53F7DEDD7B3D0EB51686F675EDDF19944E58F924734949A2804BBC7907A59EB4,lexical_candidate_only
ega-topic-schemes,12,234,label;chapter;section;text,01JC,schemes-lemma-glue-schemes,schemes.tex,2651,lemma,section-glueing-schemes,BEC3AAFDEEBB100B4A72DA07B66A70D4EC9E6877337361562BDEA2E21631C0E5,lexical_candidate_only
ega-topic-schemes,13,233,label;chapter;section;text,022Z,groupoids-definition-action-group-scheme,groupoids.tex,2026,definition,section-action-group-scheme,AC8913C23FD561158981868276B48D85E0B7A03915A073872CD6D9D20478903D,lexical_candidate_only
ega-topic-schemes,14,233,label;chapter;section;text,01R7,morphisms-definition-scheme-theoretic-image,morphisms.tex,824,definition,section-scheme-theoretic-image,B450F6B33B7FD2F71D2BA7E85CBA35B461856AE6D6B8EA7D7522B37FC2672374,lexical_candidate_only
ega-topic-schemes,15,233,label;chapter;section;text,056C,morphisms-example-scheme-theoretic-closure,morphisms.tex,1088,example,section-scheme-theoretic-closure,DA232F877731DED13F84CD045336BA8B4DF615212B054FD96C8A9CBE635026C6,lexical_candidate_only
ega-topic-schemes,16,233,label;chapter;section;text,056D,morphisms-lemma-reduced-scheme-theoretically-dense,morphisms.tex,1173,lemma,section-scheme-theoretic-closure,3747BD2FCB7C69318F3B102D61651AB159C081E8A5F84206B40E1FA6DCB4B38E,lexical_candidate_only
ega-topic-schemes,17,233,label;chapter;section;text,01RD,morphisms-lemma-scheme-theoretically-dense-quasi-compact,morphisms.tex,1075,lemma,section-scheme-theoretic-closure,DA86AF4F3F3BADB957056A6F59CD25BD45E847B041681186D6A5C66F14FEE197,lexical_candidate_only
ega-topic-schemes,18,233,label;chapter;section;text,0HA5,properties-lemma-locally-G-scheme,properties.tex,1850,lemma,section-G-scheme,18A99DC3A30D95DB2ACA3B4E219309A8CA3DC03A61205AABB9F5F174321AC07D,lexical_candidate_only
ega-topic-schemes,19,233,label;chapter;section;text,01IK,schemes-lemma-open-subspace-scheme,schemes.tex,1674,lemma,section-schemes,95926773C1983AF0EB5003BF53EBF8B273A880AB30903C46CB8D911E0698C171,lexical_candidate_only
ega-topic-schemes,20,233,label;chapter;section;text,0F2L,schemes-remark-reduced-induced-locally-closed,schemes.tex,2256,remark,section-reduced,3B10FA5194EE1504082434E2119753AB20419A072E89D2AEE7C36FB298D7B759,lexical_candidate_only
ega-topic-schemes,21,232,label;chapter;section;text,022T,groupoids-lemma-base-change-group-scheme,groupoids.tex,318,lemma,section-group-schemes,67F406F9DBD2F23960091C24A100D8EE45AF1E41AFB0EB1FA327EA305DF6CC52,lexical_candidate_only
ega-topic-schemes,22,232,label;chapter;section;text,047H,groupoids-lemma-flat-action-on-group-scheme,groupoids.tex,606,lemma,section-properties-group-schemes,675A998499E9C4FC9F1C8BAD17B3AAD8DA398DDFF8AE605122B6F012CC6209C2,lexical_candidate_only
ega-topic-schemes,23,232,label;chapter;section;text,047P,groupoids-lemma-reduced-group-scheme-prefect-field-characteristic-p-smooth,groupoids.tex,1295,lemma,section-algebraic-group-schemes,C062F470565BD23889544C1459D919B12E3ACCAD5FD04D66C05E5724959F9BCC,lexical_candidate_only
ega-topic-schemes,24,232,label;chapter;section;text,047F,groupoids-section-examples-group-schemes,groupoids.tex,384,section,section-examples-group-schemes,E48C30A8C371D80711023C01376671B76F5734489DA45F42AE46EA4BB4E74542,lexical_candidate_only
ega-topic-schemes,25,232,label;chapter;section;text,047J,groupoids-section-properties-group-schemes-field,groupoids.tex,717,section,section-properties-group-schemes-field,E486D029A822CCFAFD74DA42D7F1B1AF92453C8D4E5FAB1741BA25AEF7EEC98E,lexical_candidate_only
ega-topic-schemes,26,232,label;chapter;section;text,01YW,limits-lemma-directed-inverse-system-affine-schemes-has-limit,limits.tex,42,lemma,section-limits,713C14482F02ED3489F4F99E86FC5E91EB151824C06B50A830585FA5B0706403,lexical_candidate_only
ega-topic-schemes,27,232,label;chapter;section;text,056A,morphisms-example-scheme-theoretic-image,morphisms.tex,887,example,section-scheme-theoretic-image,F99508675717504FB9B55D524524E5EE1F2EC269FA8825DC38474DBB397F5502,lexical_candidate_only
ega-topic-schemes,28,232,label;chapter;section;text,01RC,morphisms-example-scheme-theretically-dense-not-dense,morphisms.tex,1057,example,section-scheme-theoretic-closure,4BAA4E2688B1EE04E37FCB580E236F650A24D860A08D0B74DC5371EB5E879E35,lexical_candidate_only
ega-topic-schemes,29,232,label;chapter;section;text,01RF,morphisms-lemma-intersection-scheme-theoretically-dense,morphisms.tex,1122,lemma,section-scheme-theoretic-closure,B261CB41094BE5DBDF6391F1993B8DD17D41BA92842E051932179B8F322D4D37,lexical_candidate_only
ega-topic-schemes,30,232,label;chapter;section;text,01R6,morphisms-lemma-scheme-theoretic-image,morphisms.tex,804,lemma,section-scheme-theoretic-image,AC6841C2FEBD7576001A222AC1990C1377A51D8EA486F135CC127534E9BA3A18,lexical_candidate_only
ega-topic-schemes,31,232,label;chapter;section;text,056B,morphisms-lemma-scheme-theoretic-image-reduced,morphisms.tex,977,lemma,section-scheme-theoretic-image,954B709D0FB9CE1420D52C4C515D4F4C40993BBE9C2129F47C102744D668718B,lexical_candidate_only
ega-topic-schemes,32,232,label;chapter;section;text,0B94,pic-section-hilbert-scheme-points,pic.tex,33,section,section-hilbert-scheme-points,C8C84A730853955368748C7ED0867D54EE8B816F8895A72336A88C267573771D,lexical_candidate_only
ega-topic-schemes,33,232,label;chapter;section;text,01HW,schemes-definition-affine-scheme,schemes.tex,731,definition,section-affine-schemes,9AEA99C91D70EDAE5B30AED96D411051CD195071545210497694446646570AF7,lexical_candidate_only
ega-topic-schemes,34,232,label;chapter;section;text,01IJ,schemes-definition-scheme,schemes.tex,1648,definition,section-schemes,7F53872B25475748A5B91FE2FA1C67823CC9D50CC9192AD215B1AA4AC48D67E6,lexical_candidate_only
ega-topic-schemes,35,232,label;chapter;section;text,01IY,schemes-example-scheme-without-closed-points,schemes.tex,2101,example,section-topology,6FD86E061AA5307174ED98F3350D2EA5452F546138D42243A8BC75AB0CB5A4CA,lexical_candidate_only
ega-topic-schemes,36,232,label;chapter;section;text,01I2,schemes-lemma-category-affine-schemes,schemes.tex,954,lemma,section-category-affine-schemes,B24E1AC1ACAA67316B4395D6289442A49E2E86E272D57CF252DF295841D4F98A,lexical_candidate_only
ega-topic-schemes,37,232,label;chapter;section;text,01IN,schemes-lemma-closed-subspace-scheme,schemes.tex,1744,lemma,section-immersions,BE18A413220D51DB162E454F89DF4A5A730FC05720E75E1DB7A4C1F17E69E17B,lexical_candidate_only
ega-topic-schemes,38,232,label;chapter;section;text,01I4,schemes-lemma-fibre-product-affine-schemes,schemes.tex,985,lemma,section-category-affine-schemes,7682541EA3FCC24A955528EA5BF7A3AEDA20E3FD2E6224053CE86A43BAC29C7D,lexical_candidate_only
ega-topic-schemes,39,232,label;chapter;section;text,01J3,schemes-lemma-reduced-closed-subscheme,schemes.tex,2186,lemma,section-reduced,E5CC40390E786AC0E60A5D522E0B4724C7D3046A4CD420BB28FBB40092985B95,lexical_candidate_only
ega-topic-schemes,40,232,label;chapter;section;text,01JN,schemes-remark-fibre-product-schemes-locally-ringed,schemes.tex,3121,remark,section-existence-fibre-products,C0B4179840F5EF2D128249F3ED25D132CD3CBFA19B0604FDE1D63606A8458F33,lexical_candidate_only
ega-topic-schemes,41,232,label;chapter;section;text,01HX,schemes-section-category-affine-schemes,schemes.tex,761,section,section-category-affine-schemes,F60563B329C1E953E072AFACCBFCDEE8E54592B8456BE99D3460DA3CB97D8B0F,lexical_candidate_only
ega-topic-schemes,42,232,label;chapter;section;text,01IM,schemes-section-immersions,schemes.tex,1729,section,section-immersions,FE7A1755D86FE43311B21AC56F5515AB38F495CBB2CC93EE87C8E45E0A188682,lexical_candidate_only
ega-topic-schemes,43,232,label;chapter;section;text,01II,schemes-section-schemes,schemes.tex,1645,section,section-schemes,CEBFDB5F4CE26E8EE840679172924E5EEDF65992E4847B9D3D71BBE012541E7D,lexical_candidate_only
ega-topic-schemes,44,231,label;chapter;section;text,0AWU,duality-lemma-has-dualizing-module-CM-scheme,duality.tex,6054,lemma,section-CM,014BC91525CAE5C32DDE9056A3448C9EB647A7A1C941D12310FEF3E2A43AD1CA,lexical_candidate_only
ega-topic-schemes,45,231,label;chapter;section;text,0A85,duality-section-dualizing-schemes,duality.tex,81,section,section-dualizing-schemes,E4F21FC061675530D5463905025D55845EDD6810ADBDD936D70B0F444DC8C56B,lexical_candidate_only
ega-topic-schemes,46,231,label;chapter;section;text,0BF5,groupoids-lemma-group-scheme-addition-tangent-vectors,groupoids.tex,687,lemma,section-properties-group-schemes,6020FEFC8CA47AAFE2F8B270140C8939F71D79448FEC82B8AFF8524A98007FF6,lexical_candidate_only
ega-topic-schemes,47,231,label;chapter;section;text,047N,groupoids-lemma-group-scheme-characteristic-zero-smooth,groupoids.tex,1266,lemma,section-algebraic-group-schemes,57F1278635E9D467A0D691ACD8539CEFEA46AA57ED342236A7AD44390FE4A6FE,lexical_candidate_only
ega-topic-schemes,48,231,label;chapter;section;text,047U,groupoids-lemma-group-scheme-field-countable-affine,groupoids.tex,1196,lemma,section-properties-group-schemes-field,D92849885E49F5B8A136A5AD968D2A6DE8497C210B81C12E84C3FB19CAB9EA58,lexical_candidate_only
ega-topic-schemes,49,231,label;chapter;section;text,047I,groupoids-lemma-group-scheme-module-differentials,groupoids.tex,637,lemma,section-properties-group-schemes,920F759E89737E31F4D643358AA76E0A93E0507CA7BAEA30C64E99911E153CE0,lexical_candidate_only
ega-topic-schemes,50,231,label;chapter;section;text,047L,groupoids-lemma-group-scheme-over-field-separated,groupoids.tex,766,lemma,section-properties-group-schemes-field,DE27C9C80638239A725C654B015BD04B6324B5A4C13FE123863AB1095A647B88,lexical_candidate_only
ega-topic-schemes,51,231,label;chapter;section;text,0B7N,groupoids-lemma-group-scheme-over-field-translate-open,groupoids.tex,748,lemma,section-properties-group-schemes-field,A1D28E503019F3D96BC57E7202323E84CA41C08385C1507FF2F002DDE052FDD4,lexical_candidate_only
ega-topic-schemes,52,231,label;chapter;section;text,047G,groupoids-lemma-group-scheme-separated,groupoids.tex,575,lemma,section-properties-group-schemes,A765CB735016EC84268BD192BB4C0B7B1D0F76F822A3527B0F6F0E2CFC32A696,lexical_candidate_only
ega-topic-schemes,53,231,label;chapter;section;text,047T,groupoids-lemma-immersion-group-schemes-closed-over-field,groupoids.tex,881,lemma,section-properties-group-schemes-field,AC6B8B1F6EAE4ED51043E9A42644EC658A83CEAE392ED903F347CFE9D6B0FE95,lexical_candidate_only
ega-topic-schemes,54,231,label;chapter;section;text,047R,groupoids-lemma-reduced-subgroup-scheme-perfect,groupoids.tex,846,lemma,section-properties-group-schemes-field,E853AAD754D4B84B4A334EAC201A1571810388510B1C255B15B77143C7BF74FB,lexical_candidate_only
ega-topic-schemes,55,231,label;chapter;section;text,04L9,groupoids-remark-warning-group-scheme-geometrically-irreducible,groupoids.tex,832,remark,section-properties-group-schemes-field,24A5E4AF048EA22845288A89A234A1900B19E762BC6D01FDC82BF1BFEC89103A,lexical_candidate_only
ega-topic-schemes,56,231,label;chapter;section;text,0BF6,groupoids-section-algebraic-group-schemes,groupoids.tex,1226,section,section-algebraic-group-schemes,6DF5175680F3815CC6406D36983F6B9B36880F3DBFCFAEA1FACFE2C602883F9D,lexical_candidate_only
ega-topic-schemes,57,231,label;chapter;section;text,045W,groupoids-section-properties-group-schemes,groupoids.tex,568,section,section-properties-group-schemes,CD0D95B41356C56BB1632397FFD5EA8A2A0D3E96DC94A8FC999B244CA2311F88,lexical_candidate_only
ega-topic-schemes,58,231,label;chapter;section;text,01YZ,limits-lemma-scheme-over-limit,limits.tex,114,lemma,section-limits,BC7F2CC97182E21D26128C707296A1F67A3321AC64ECBC89F5C48D619DBE8329,lexical_candidate_only
ega-topic-schemes,59,231,label;chapter;section;text,01RE,morphisms-lemma-characterize-scheme-theoretically-dense,morphisms.tex,1100,lemma,section-scheme-theoretic-closure,8854C19085EA6A4A0DAEA89FCEAD30895E82C68364EAA9D3F1626203D7C41C5C,lexical_candidate_only
ega-topic-schemes,60,231,label;chapter;section;text,02JQ,morphisms-lemma-reach-points-scheme-theoretic-image,morphisms.tex,899,lemma,section-scheme-theoretic-image,1D4E24EFD4CDEE689B490F2D2BBF8A7F002E49BF6CF2E966171C6E8B946F7E17,lexical_candidate_only
ega-topic-schemes,61,231,label;chapter;section;text,0CNG,morphisms-lemma-scheme-theoretic-image-of-partial-section,morphisms.tex,991,lemma,section-scheme-theoretic-image,A19CAA6FC77DEB12AA5F458A19D0B18D828BE0D5AE5C9B535885F45F44B73373,lexical_candidate_only
ega-topic-schemes,62,231,label;chapter;section;text,01R5,morphisms-section-scheme-theoretic-image,morphisms.tex,797,section,section-scheme-theoretic-image,9F4CCA64A7BF877469892AFED6FD9BD5234117D863C2404D6F4DEB4B61C2E770,lexical_candidate_only
ega-topic-schemes,63,231,label;chapter;section;text,04JI,pione-section-schemes-etale-point,pione.tex,36,section,section-schemes-etale-point,AB246F43B2194CFADEEE2334A14C7982E9926EC3EECBE585BECFB25A71440BBF,lexical_candidate_only
ega-topic-schemes,64,231,label;chapter;section;text,0HA4,properties-lemma-characterize-G-scheme,properties.tex,1822,lemma,section-G-scheme,2B1AD8A87D32906D7F99DA9FDD288F734C50C03966279D7F47A69225CD634E35,lexical_candidate_only
ega-topic-schemes,65,231,label;chapter;section;text,01IO,schemes-definition-immersion,schemes.tex,1781,definition,section-immersions,A90DCD18C2C708FB1602CC4447D1F8934903C0D2AEEC79C9FE61215FC17C1F92,lexical_candidate_only
ega-topic-schemes,66,231,label;chapter;section;text,0356,schemes-lemma-map-into-reduction,schemes.tex,2269,lemma,section-reduced,2E13F8843A792A018920D87384F6C99BE1BEA512E06E68F671B1DF609E2B8FE4,lexical_candidate_only
ega-topic-schemes,67,231,label;chapter;section;text,02O0,schemes-lemma-scheme-finite-discrete-affine,schemes.tex,2085,lemma,section-topology,BDB0342007E2C2D60D69D584CC8D908460DA8BDE2743F8AF689ABF4857FBD1C4,lexical_candidate_only
ega-topic-schemes,68,231,label;chapter;section;text,01IS,schemes-lemma-scheme-sober,schemes.tex,1930,lemma,section-topology,E576E7BC18A080111164006618E26D4ABDF543074642D3A8C6FFF65B2D49D53A,lexical_candidate_only
ega-topic-schemes,69,231,label;chapter;section;text,01HR,schemes-section-affine-schemes,schemes.tex,503,section,section-affine-schemes,505F13C5E046CBBB227ED400780AB159521DC7D51BEDFCA9147FD49E50C0A77B,lexical_candidate_only
ega-topic-schemes,70,231,label;chapter;section;text,01JA,schemes-section-glueing-schemes,schemes.tex,2510,section,section-glueing-schemes,96740CD41F60DBDFD4AD44C40499E079D4B2803381A481075B7BFF10F24F4C60,lexical_candidate_only
ega-topic-schemes,71,230,label;chapter;section;text,0A87,duality-definition-dualizing-scheme,duality.tex,138,definition,section-dualizing-schemes,086F77A74B2C90256B345E56C5204413259C772554BF49EA8901B570DD2A0616,lexical_candidate_only
ega-topic-schemes,72,230,label;chapter;section;text,0AWF,duality-lemma-dimension-function-scheme,duality.tex,350,lemma,section-dualizing-schemes,37AFABAEF028A005CAEC2679FC0F0312BE80CEDFBB14A3E666CB5412715AE855,lexical_candidate_only
ega-topic-schemes,73,230,label;chapter;section;text,0AWT,duality-lemma-dualizing-module-CM-scheme,duality.tex,5997,lemma,section-CM,4238F5DED0E02912E3A7D55C210A0304957C099CD8C1671B37F7789EEAAE493D,lexical_candidate_only
ega-topic-schemes,74,230,label;chapter;section;text,0A89,duality-lemma-dualizing-schemes,duality.tex,255,lemma,section-dualizing-schemes,2642E969FD0196BE508FC0C490B0495C0067E0367EC16609241FE13C79D91A56,lexical_candidate_only
ega-topic-schemes,75,230,label;chapter;section;text,0ATP,duality-lemma-dualizing-unique-schemes,duality.tex,330,lemma,section-dualizing-schemes,93CA70D1F72F0C52D72507DC2792C9C1B24B298E3E428855303ECD16C7DFB969,lexical_candidate_only
ega-topic-schemes,76,230,label;chapter;section;text,0B7Q,groupoids-lemma-connected-group-scheme-over-field-irreducible,groupoids.tex,949,lemma,section-properties-group-schemes-field,A01004415ECEC645B7846C18ED5F6E837C175201EB81F5C6E72DD7CE09665E19,lexical_candidate_only
ega-topic-schemes,77,230,label;chapter;section;text,047M,groupoids-lemma-group-scheme-field-geometrically-irreducible,groupoids.tex,786,lemma,section-properties-group-schemes-field,0618E12F6933DCD43FCFA0648C0BA9AD7FCBC20190EB0FC9E1BC8178EBC960E7,lexical_candidate_only
ega-topic-schemes,78,230,label;chapter;section;text,045X,groupoids-lemma-group-scheme-finite-type-field,groupoids.tex,1235,lemma,section-algebraic-group-schemes,FC5FA25F6204A97B19DB1E968B109B88AAF07298329B135C29A162847AB83C35,lexical_candidate_only
ega-topic-schemes,79,230,label;chapter;section;text,047K,groupoids-lemma-group-scheme-over-field-open-multiplication,groupoids.tex,726,lemma,section-properties-group-schemes-field,9E598C882043136BA15F5D55D7F12D4F8D8458D9AFD0B7222CC84360C30CEC50,lexical_candidate_only
ega-topic-schemes,80,230,label;chapter;section;text,0B7P,groupoids-lemma-irreducible-group-scheme-over-field-qc,groupoids.tex,915,lemma,section-properties-group-schemes-field,DABE8F24FAFDC91CC8DA405DB4CD9AB05CD47B2D908E089D82F97FCFC9E64078,lexical_candidate_only
ega-topic-affine,1,192,label;section;text,01SG,morphisms-lemma-affine-permanence,morphisms.tex,2025,lemma,section-affine,9A9F2D5214A304265DE281EB6DD6B432120A30589FC75307E7DA8C9FCACD74AC,lexical_candidate_only
ega-topic-affine,2,189,label;section;text,0BCT,divisors-remark-affine-puctured-spectrum-general,divisors.tex,3433,remark,section-complement-affine-open,1008B2CF752B29433D7F72C35AA742A2BF1D605DF221493A3DA53560EC4A2FC0,lexical_candidate_only
ega-topic-affine,3,189,label;section;text,01SP,morphisms-lemma-affine-quasi-affine,morphisms.tex,2359,lemma,section-quasi-affine,943637F3E1D26A4F319C02C177B502B79AB55EFAAC246AD7568D2E6E0C56586C,lexical_candidate_only
ega-topic-affine,4,189,label;section;text,01QD,properties-section-affine-quasi-affine,properties.tex,4839,section,section-affine-quasi-affine,AD0084227F11D3850E1346FCCB6BBC9EE42ED70FDCB9557B147E9BCD5B985E8B,lexical_candidate_only
ega-topic-affine,5,189,label;section;text,08GB,spaces-morphisms-lemma-affine-permanence,spaces-morphisms.tex,3899,lemma,section-affine,E270D079FE13C3B2B1E8FE852CA7AD5642975B0CA5D2495CF14C5993D0291BD2,lexical_candidate_only
ega-topic-affine,6,188,label;section;text,090M,algebra-lemma-spec-spectral,algebra.tex,4707,lemma,section-irreducible,3D0A130F657A6A15B6410407EFF2E7FD14BE3AC2A4EC85EC63142A70DE54912F,lexical_candidate_only
ega-topic-affine,7,188,label;section;text,01LW,constructions-definition-relative-spec,constructions.tex,642,definition,section-spec,53992233D7F118C2B46552635071C2C4148686AD2A3C555959466A123035211C,lexical_candidate_only
ega-topic-affine,8,188,label;section;text,01LT,constructions-lemma-spec-affine,constructions.tex,492,lemma,section-spec,78BDCE8AAE05228105720E2E799BE34F00B10F8EC4E9B4028D7772C26D7131DD,lexical_candidate_only
ega-topic-affine,9,188,label;section;text,0272,examples-lemma-quasi-affine-normalization-not-quasi-affine,examples.tex,1854,lemma,section-nonquasi-affine,65106B1D28DF489B77571080EE4BC2A4C00D3BE1EF18D89C4976FE5290235DAD,lexical_candidate_only
ega-topic-affine,10,188,label;section;text,0AP6,more-morphisms-definition-ind-quasi-affine,more-morphisms.tex,19522,definition,section-ind-quasi-affine,34AB53A01CB53974F2DBD93D085CC36A529B0582D942AC148105BAB0FBD179D1,lexical_candidate_only
ega-topic-affine,11,187,label;section;text,01YQ,coherent-lemma-image-affine-finite-morphism-affine-Noetherian,coherent.tex,3557,lemma,section-finite-affine,9AF3F885C7D21BF5756B38991FA08AD166D2C35C7E9F18726F762EF6055F14FF,lexical_candidate_only
ega-topic-affine,12,187,label;section;text,01LO,constructions-lemma-transitive-spec,constructions.tex,364,lemma,section-spec-via-glueing,0F3C0225CA4C73FAA81285C903F65C3C5417C8AEB9F6FD41F977E245E94CC5C6,lexical_candidate_only
ega-topic-affine,13,187,label;section;text,0BCR,divisors-lemma-affine-punctured-spec,divisors.tex,3349,lemma,section-complement-affine-open,41B15CADE8A24BBDC0C2E75E62AF5A3AA84E432DF8BD93B449A720D16B56E24F,lexical_candidate_only
ega-topic-affine,14,187,label;section;text,01ZT,limits-lemma-affine,limits.tex,2834,lemma,section-affine,4474CE4A57B2029C47B36A8198C2BD21527E66D095293444D1C20635CB11F7F9,lexical_candidate_only
ega-topic-affine,15,187,label;section;text,09NL,limits-lemma-affines-glued-in-closed-affine,limits.tex,2912,lemma,section-affine,04B244D542DC42F24AC8E106A2EFC08FDE3F7A8F079A5DAB6B7A04055A79B595,lexical_candidate_only
ega-topic-affine,16,187,label;section;text,0C3A,morphisms-lemma-get-affine,morphisms.tex,2076,lemma,section-affine,C659CCB72F9E1C04F3A511313F05B778A514C7A6DE2614589292E022AE202B68,lexical_candidate_only
ega-topic-affine,17,187,label;section;text,01SH,morphisms-lemma-morphism-affines-affine,morphisms.tex,2054,lemma,section-affine,10539001CE20CECF68AA4B88D1DBD7AE46C655C6728D2E1B7C7BDC455D2E3849,lexical_candidate_only
ega-topic-affine,18,187,label;section;text,054G,morphisms-lemma-quasi-affine-permanence,morphisms.tex,2376,lemma,section-quasi-affine,23422ED078F8EEF768B0DCABFBEDE21BC8C1A92FBCDE50C714CE362DBC76C769,lexical_candidate_only
ega-topic-affine,19,187,label;section;text,01S5,morphisms-section-affine,morphisms.tex,1711,section,section-affine,13D52C5C47AC3436E8661B6C0495634141294E94005C2FB1E33141EB6AA66192,lexical_candidate_only
ega-topic-affine,20,187,label;section;text,07VP,spaces-cohomology-lemma-image-affine-finite-morphism-affine-Noetherian,spaces-cohomology.tex,3200,lemma,section-finite-affine,C4193E1F66FAFE016E9B63994FAE4833F9D02D584CB8A99C219134E541184805,lexical_candidate_only
ega-topic-affine,21,187,label;section;text,081W,spaces-morphisms-definition-relative-spec,spaces-morphisms.tex,3835,definition,section-affine,2B2E9BAB3713E2900E70F92E82650003B76F0A8FF7831A57EBA7A5A5B21060A2,lexical_candidate_only
ega-topic-affine,22,187,label;section;text,03WG,spaces-morphisms-lemma-affine-local,spaces-morphisms.tex,3692,lemma,section-affine,B76EE213EAD38C9F034A536688EC17B24D5DA67F6B9D6005AA4FBE3C6C95FCE0,lexical_candidate_only
ega-topic-affine,23,187,label;section;text,0A2Z,topology-lemma-directed-inverse-limit-spectral-spaces,topology.tex,4902,lemma,section-limits-spectral,2EF7E359D5F555439D3888A38E5737D3148CA5FCF56FEB3876CA3635C82D695A,lexical_candidate_only
ega-topic-affine,24,187,label;section;text,0AP0,topology-lemma-make-spectral-space-minus,topology.tex,5069,lemma,section-limits-spectral,768D39EE52006AE2906969902E3E77D70ECF9376EC70A309C4056C4CF9BB873F,lexical_candidate_only
ega-topic-affine,25,186,label;section;text,00DY,algebra-section-spectrum-ring,algebra.tex,2965,section,section-spectrum-ring,1677EE792DBEAA0608B7A9984726EA783CC0D3BC486DA2B4DC8BF4FA2E715C0B,lexical_candidate_only
ega-topic-affine,26,186,label;section;text,01YN,coherent-section-finite-affine,coherent.tex,3469,section,section-finite-affine,6EE8884A5C4767F0144C2328B74EFCE9C291689A6DBEB802F8CA048E72533A88,lexical_candidate_only
ega-topic-affine,27,186,label;section;text,0A3E,cohomology-lemma-proper-base-change-spectral,cohomology.tex,3894,lemma,section-spectral,F9C4282A46DC749DB7DAB050CC8463E7E13D2183139E36075EEDF94FEBB533E2,lexical_candidate_only
ega-topic-affine,28,186,label;section;text,01M0,constructions-definition-affine-n-space,constructions.tex,745,definition,section-affine-n-space,881C885110C6077EDB88B1227C73432B91728FF8118A696650688ED916CADE3E,lexical_candidate_only
ega-topic-affine,29,186,label;section;text,01LP,constructions-lemma-glue-relative-spec,constructions.tex,382,lemma,section-spec-via-glueing,EB6F50541DFE4A4C3F64270E0D362F9546BFE9885303B4FFFCF085E90A2FB969,lexical_candidate_only
ega-topic-affine,30,186,label;section;text,01LX,constructions-lemma-spec-properties,constructions.tex,663,lemma,section-spec,D064E3830F8CC043D127A81D497F5B558CB960ECF0CA6BD65898F04898620FDA,lexical_candidate_only
ega-topic-affine,31,186,label;section;text,01LZ,constructions-section-affine-n-space,constructions.tex,733,section,section-affine-n-space,B7E36B371F34FA31E7E5FCC0EC5018D73AEFFED776F5886694EB31B4E54E867E,lexical_candidate_only
ega-topic-affine,32,186,label;section;text,0BCS,divisors-remark-affine-punctured-spectrum-standard-proof,divisors.tex,3410,remark,section-complement-affine-open,FA417B8E007B983A68866600F09AF6964AA16A1DF351CBE3B7B8B5C3D121F7CB,lexical_candidate_only
ega-topic-affine,33,186,label;section;text,0BCQ,divisors-section-complement-affine-open,divisors.tex,3342,section,section-complement-affine-open,F6160C55459535ED3950D4FBD10AF8219CDFB24926F1B7F2A0CC5E7E79A83A21,lexical_candidate_only
ega-topic-affine,34,186,label;section;text,0271,examples-section-nonquasi-affine,examples.tex,1759,section,section-nonquasi-affine,708F9A4636C6D5272828789F248CF45293075556C6C37C02B593CAC4690E85AE,lexical_candidate_only
ega-topic-affine,35,186,label;section;text,0AIB,formal-spaces-lemma-characterize-affine-formal-algebraic-space,formal-spaces.tex,1879,lemma,section-affine-formal-algebraic-spaces,E0983E00B7CD5972A6C543913C2247D1B79D927E12C5F7093BCCAAF303825ACC,lexical_candidate_only
ega-topic-affine,36,186,label;section;text,0AII,formal-spaces-lemma-countable-affine-formal-algebraic-space,formal-spaces.tex,2206,lemma,section-countably-indexed,513CFA46C9600C4822AA545A13AF9C50D0DC642E50E8653F7ADF42E4A438A3C9,lexical_candidate_only
ega-topic-affine,37,186,label;section;text,0AIE,formal-spaces-remark-compare-with-affine-formal-schemes,formal-spaces.tex,2060,remark,section-affine-formal-algebraic-spaces,B9C110002A48A49CC608A528C5B6AD3B350B9F5DACB7FC514E6683CD9346C83D,lexical_candidate_only
ega-topic-affine,38,186,label;section;text,0AI6,formal-spaces-section-affine-formal-algebraic-spaces,formal-spaces.tex,1742,section,section-affine-formal-algebraic-spaces,4CEBCEFC18A15FD9EBCD13290386EE4A57A7CB8AC396B7AEDF5E9E72CA3DB451,lexical_candidate_only
ega-topic-affine,39,186,label;section;text,05YU,limits-proposition-affine,limits.tex,2876,proposition,section-affine,ACCCDB9C827A449CC3DA644F01C141FE6C148151C09EDBC5817BC60669278BEC,lexical_candidate_only
ega-topic-affine,40,186,label;section;text,01ZS,limits-section-affine,limits.tex,2823,section,section-affine,7FA76B1BEF10AB933EA6D09FBA753588431741CE792C850F792A81CD16295521,lexical_candidate_only
ega-topic-affine,41,186,label;section;text,0APG,more-groupoids-section-ind-quasi-affine,more-groupoids.tex,2959,section,section-ind-quasi-affine,69C6EE4F20E28C3907A8D1F0EC5BC9201D516A69A886E402E60F4413A6C1A925,lexical_candidate_only
ega-topic-affine,42,186,label;section;text,0F2S,more-morphisms-definition-affine-stratification,more-morphisms.tex,21438,definition,section-affine-stratifications,3C3132636A09DA4FFCD993B107D9B6B53F261CC014BA657A32B234C8C7AD5BB5,lexical_candidate_only
ega-topic-affine,43,186,label;section;text,0F1U,more-morphisms-lemma-ind-quasi-affine-alternative-definition,more-morphisms.tex,19538,lemma,section-ind-quasi-affine,1D8D1F4D841FA535DACC38024D1366B81DFE24E286D246993366B0FAD8FD32D1,lexical_candidate_only
ega-topic-affine,44,186,label;section;text,0F1W,more-morphisms-lemma-ind-quasi-affine-examples,more-morphisms.tex,19606,lemma,section-ind-quasi-affine,F4771C16D0153FCDC7264A3EDA6DE8C56E1534A60B9C84713A3AB064E1B9449B,lexical_candidate_only
ega-topic-affine,45,186,label;section;text,01S6,morphisms-definition-affine,morphisms.tex,1714,definition,section-affine,67F5A379991DB2F39EF84C152C0AD4CA801EFDC57CF945EFE1A2F569C8CA9323,lexical_candidate_only
ega-topic-affine,46,186,label;section;text,01SK,morphisms-definition-quasi-affine,morphisms.tex,2200,definition,section-quasi-affine,BB23DECAF8327133E924FA512A5E2BFFBC07105BE418168A069F1D9DE2A4E227,lexical_candidate_only
ega-topic-affine,47,186,label;section;text,01S8,morphisms-lemma-characterize-affine,morphisms.tex,1736,lemma,section-affine,0E3028DEA43D9DA751F8F292F9BDD64762F837DA1D95B21A044183C17FBBFAF7,lexical_candidate_only
ega-topic-affine,48,186,label;section;text,01SM,morphisms-lemma-characterize-quasi-affine,morphisms.tex,2224,lemma,section-quasi-affine,FE19CE0F0732F632E97E0B667F298A0A9526EF299D4F7FD01148E22ED56C8F90,lexical_candidate_only
ega-topic-affine,49,186,label;section;text,01SJ,morphisms-section-quasi-affine,morphisms.tex,2192,section,section-quasi-affine,8ED073CD4A614CE391D36B5BF974DF4FF4D78623FAE7F7A707A540016DA6C5B4,lexical_candidate_only
ega-topic-affine,50,186,label;section;text,0C0L,pione-lemma-specialization-map-composition,pione.tex,3801,lemma,section-specialization-map,06AAE922C1F57A0603D1B8C5149B9F179969229CD1A873B4226B717DB8CCABA2,lexical_candidate_only
ega-topic-affine,51,186,label;section;text,01QF,properties-lemma-characterize-affine,properties.tex,4886,lemma,section-affine-quasi-affine,2574D102B886D72476C32E0CE49263C58A476ADED02C4E3B0BF09EBDCD326241,lexical_candidate_only
ega-topic-affine,52,186,label;section;text,01P8,properties-lemma-invert-f-affine,properties.tex,2433,lemma,section-quasi-affine,01F2E83DEE0EC30896F686FACDD20718883FCF6BF0BCE06130E71F357D748DDF,lexical_candidate_only
ega-topic-affine,53,186,label;section;text,0BCK,properties-lemma-quasi-affine-locally-closed,properties.tex,4870,lemma,section-affine-quasi-affine,177B1338A7CB24458D86321D1F06D7C94DC4AD112C0E2726E72DAE7A75B95E9C,lexical_candidate_only
ega-topic-affine,54,186,label;section;text,0F82,properties-lemma-quasi-affine-presentation,properties.tex,2522,lemma,section-quasi-affine,4BDA48865736AF3FC71842729FEDABC63136F504C54425627310E55E766ACE34,lexical_candidate_only
ega-topic-affine,55,186,label;section;text,01P5,properties-section-quasi-affine,properties.tex,2404,section,section-quasi-affine,19A67FA5F3E8455A243A771D6B27D96488DB3DA390DB72FB5F1A41273AAB6EB7,lexical_candidate_only
ega-topic-affine,56,186,label;section;text,0ERF,spaces-chow-section-affine-vector,spaces-chow.tex,3723,section,section-affine-vector,0560D5518BB9CB25844609123BB97DEB250AE70991BF274445741F236204F305,lexical_candidate_only
ega-topic-affine,57,186,label;section;text,03WF,spaces-morphisms-definition-affine,spaces-morphisms.tex,3683,definition,section-affine,90DCE3B5AFD1EE2251B2A111E3CCDDFCF804268ABB7CC1615045B751A6E32A9C,lexical_candidate_only
ega-topic-affine,58,186,label;section;text,03WL,spaces-morphisms-definition-quasi-affine,spaces-morphisms.tex,3987,definition,section-quasi-affine,124117464A4671DE3FC942FE579965D6A17A3951DDC92BD117B12249176D524F,lexical_candidate_only
ega-topic-affine,59,186,label;section;text,03WE,spaces-morphisms-lemma-affine-representable,spaces-morphisms.tex,3666,lemma,section-affine,3A79E88443E20CAED6B2630EEA7F07C51964E02CF896EF6E46EB73DDD2E0FA06,lexical_candidate_only
ega-topic-affine,60,186,label;section;text,03WM,spaces-morphisms-lemma-quasi-affine-local,spaces-morphisms.tex,3996,lemma,section-quasi-affine,DBB9141FFB46E30180A72E838DCAF16A0383598EC8879A70D8C5ADD37081CFA0,lexical_candidate_only
ega-topic-affine,61,186,label;section;text,03WK,spaces-morphisms-lemma-quasi-affine-representable,spaces-morphisms.tex,3969,lemma,section-quasi-affine,F4E3B94B950DF3DDF47C25FE13FDE1D8EEA957BFAE7B92D7EA363EC9B03A187B,lexical_candidate_only
ega-topic-affine,62,186,label;section;text,03FX,spaces-properties-lemma-cover-by-union-affines,spaces-properties.tex,701,lemma,section-special-coverings,F0912E54A0D2708E7E55F7044FFE087185D909D8E08E0C126CF30384D93D3EE3,lexical_candidate_only
ega-topic-affine,63,186,label;section;text,0GQE,stacks-morphisms-lemma-affine-permanence,stacks-morphisms.tex,2147,lemma,section-affine,BB1DE83A13154C563D48EC03F08C3E811F4EF4852077E1BBAB4AC03F1C3F0413,lexical_candidate_only
ega-topic-affine,64,186,label;section;text,0CHP,stacks-morphisms-section-affine,stacks-morphisms.tex,2094,section,section-affine,75E762DFBC0E78891668E47B68064EED27F89531B559B46DAB3D6DB30E46C911,lexical_candidate_only
ega-topic-affine,65,186,label;section;text,0063,topology-definition-lift-specializations,topology.tex,3615,definition,section-specialization,1F72E558ECB87CDE972AB160C7A313B20C5E6F83626DC3597122A4F74D3E13A7,lexical_candidate_only
ega-topic-affine,66,186,label;section;text,0061,topology-definition-specialization,topology.tex,3552,definition,section-specialization,F0F9EA6ED9CC06C8C33DCD48EE0FF771271AB78603A5758F73584E3B2C9C87A1,lexical_candidate_only
ega-topic-affine,67,186,label;section;text,08YG,topology-definition-spectral-space,topology.tex,4276,definition,section-spectral,AA67082F3AF95F367C065FFC041B467BD18A45C83302E96B365F08F41527D115,lexical_candidate_only
ega-topic-affine,68,186,label;section;text,0903,topology-lemma-constructible-stable-specialization-closed,topology.tex,4461,lemma,section-spectral,58271B5ED90687AFFB0FB9E0A1F938B6C5FC46E81D7252C3595A4971AEBC2CF7,lexical_candidate_only
ega-topic-affine,69,186,label;section;text,0065,topology-lemma-lift-specializations-images,topology.tex,3648,lemma,section-specialization,BD30D8EFC595FC35CB6C21CB7CB89FE2E8819518B6DA2CBD6EFF9176567E03B0,lexical_candidate_only
ega-topic-affine,70,186,label;section;text,09XU,topology-lemma-spectral-bijective,topology.tex,4605,lemma,section-spectral,C6AEEBE8D978EE5765548992B8F24B519723FC5548396A659A13A751EA5CC281,lexical_candidate_only
ega-topic-affine,71,186,label;section;text,0A2U,topology-section-limits-spectral,topology.tex,4768,section,section-limits-spectral,09297457CC1435E3E8FAC7DB63C4659D4152A3664E8D48C8A95441C655CF21DF,lexical_candidate_only
ega-topic-affine,72,186,label;section;text,09NF,varieties-section-finding-affine-opens,varieties.tex,8877,section,section-finding-affine-opens,90FE87F8EDEC14F2A8360BFE01C598555970EF4CB10255A41B3352F1F8F05829,lexical_candidate_only
ega-topic-affine,73,185,label;section;text,00ED,algebra-lemma-spec-product,algebra.tex,3822,lemma,section-open-and-closed,D0AA359E76C98E9D0BD7474ABC0AD73D9B1A46CC218B2D99E3257BB36E1014D5,lexical_candidate_only
ega-topic-affine,74,185,label;section;text,00EX,algebra-section-examples-spectra,algebra.tex,4817,section,section-examples-spectra,62397E293643EF0AABCF402E82913B7EA04CBFECB26A8CF6939ADE0656AACBB6,lexical_candidate_only
ega-topic-affine,75,185,label;section;text,02TS,chow-section-affine-vector,chow.tex,5645,section,section-affine-vector,FF06AA8D86C412B99FBB683AD61F837A6790D4B140E675063DF117FD1DAE7330,lexical_candidate_only
ega-topic-affine,76,185,label;section;text,0A3C,cohomology-section-spectral,cohomology.tex,3858,section,section-spectral,5FA598DCFDDE06CA5B62C5C55A25D0352330EA6D28FF9B032BB7CB0C5EEAB1B7,lexical_candidate_only
ega-topic-affine,77,185,label;section;text,01LV,constructions-lemma-glueing-gives-functor-spec,constructions.tex,603,lemma,section-spec,A0E4829CBA17FC06095E45B1E6BC57B72ABC06F8F67518BB2074B90CF9907011,lexical_candidate_only
ega-topic-affine,78,185,label;section;text,01LN,constructions-lemma-spec-inclusion,constructions.tex,332,lemma,section-spec-via-glueing,4E2FAAB454276CA26D2E3702DA3B506AC2A3689CBEE5A6FB67E2576A763A132E,lexical_candidate_only
ega-topic-affine,79,185,label;section;text,01LQ,constructions-section-spec,constructions.tex,428,section,section-spec,EBA64F6E584AAF273E2A72291692A1994212EFF31DA6A72F5261BA9F4FD1EA83,lexical_candidate_only
ega-topic-affine,80,185,label;section;text,08RC,cotangent-section-spectral-sequence,cotangent.tex,2058,section,section-spectral-sequence,3D1CA1368A2C9688303420F71D30D3D754DFE79FC934C356CC9C158FBB10DD17,lexical_candidate_only
ega-topic-products,1,187,label;section;text,04TD,algebraic-section-2-fibre-products,algebraic.tex,1607,section,section-2-fibre-products,1B221F9E546958551D79D32FE057F17021760791A104272745588E62C27F5142,lexical_candidate_only
ega-topic-products,2,187,label;section;text,01JL,schemes-section-existence-fibre-products,schemes.tex,3000,section,section-existence-fibre-products,0B7E3689692C3C113A0E6DE07C9B9DA155E06AB34661F367D3472BD6571ADD3B,lexical_candidate_only
ega-topic-products,3,186,label;section;text,0CYG,exercises-section-tensor-product,exercises.tex,311,section,section-tensor-product,B79181B377E31A73E6EC62181866564D95D2FD5E396DDB2DD52FED70C3F59B23,lexical_candidate_only
ega-topic-products,4,186,label;section;text,016S,simplicial-section-fibre-products,simplicial.tex,618,section,section-fibre-products,EAAF779958AA22DFF6BE45F0B9CD0780B9E30B965B1F00023C36EE94BC1F7918,lexical_candidate_only
ega-topic-products,5,186,label;section;text,0171,simplicial-section-fibre-products-cosimplicial,simplicial.tex,757,section,section-fibre-products-cosimplicial,4D07657B54172344911F336EF4BB02C349853DBE1B4E0CCE667DA4DC9BD05CFC,lexical_candidate_only
ega-topic-products,6,186,label;section;text,016P,simplicial-section-products,simplicial.tex,575,section,section-products,FA0BD91A45187A0DFF3D27D7042A459193E38FCAE51D0E5CBC7B421AFE6127E2,lexical_candidate_only
ega-topic-products,7,186,label;section;text,016Y,simplicial-section-products-cosimplicial,simplicial.tex,716,section,section-products-cosimplicial,46B33E34112CD992B458139E758F034C608BDF2DDBDD19C7226C945C61C49381,lexical_candidate_only
ega-topic-products,8,186,label;section;text,04T8,spaces-section-fibre-products,spaces.tex,888,section,section-fibre-products,C288CF480212BACF8AB3EFB3E0367977FBF8651FC91B19127C7C3732AF41BCC8,lexical_candidate_only
ega-topic-products,9,185,label;section;text,04T2,algebraic-lemma-2-fibre-product,algebraic.tex,1747,lemma,section-2-fibre-products,B8394D3F244B2075D2B5F0E29C64AFCCABEA05EBB5CADD8F619EB4DA7A60015C,lexical_candidate_only
ega-topic-products,10,185,label;section;text,003Q,categories-definition-2-fibre-products,categories.tex,5523,definition,section-2-fibre-products,78579F6E18065876D3F6D2BDEB3B584482E01FD216A9BDF5BD8C2FF7FB4FD09D,lexical_candidate_only
ega-topic-products,11,185,label;section;text,04AP,categories-definition-has-coproducts-of-pairs,categories.tex,696,definition,section-coproducts-pairs,3382C5A4D0BB6AF58050A4D04F76FD939994812BE128850EE0402628D4A2B1F4,lexical_candidate_only
ega-topic-products,12,185,label;section;text,001W,categories-definition-has-fibre-products,categories.tex,777,definition,section-fibre-products,B0ADE093F2B6DAD0EC1432F9678D5A8E7E431F2553548185D2769D899C42EEF6,lexical_candidate_only
ega-topic-products,13,185,label;section;text,001T,categories-definition-has-products-of-pairs,categories.tex,639,definition,section-products-pairs,5A8B32437494185DE7202EBD2D37AD9122DD764472EB14107B4D80FF1EC5754D,lexical_candidate_only
ega-topic-products,14,185,label;section;text,02X9,categories-lemma-2-fibre-product-categories,categories.tex,5613,lemma,section-2-fibre-products,806A069BCEEF4B28B296876121E5E7226265C452848FF942947961DC04D305D5,lexical_candidate_only
ega-topic-products,15,185,label;section;text,003O,categories-section-2-fibre-products,categories.tex,5381,section,section-2-fibre-products,3D89B60DBC61978BB7C891C0CB2F71CB70E6FD2B21FB86878C3D15EF9FD7DA72,lexical_candidate_only
ega-topic-products,16,185,label;section;text,04AN,categories-section-coproducts-pairs,categories.tex,656,section,section-coproducts-pairs,3D18EEBF273B9D8826C9B9FEAB94B4DEE1A74DD7EEFE596E6B8070FF75D44747,lexical_candidate_only
ega-topic-products,17,185,label;section;text,0020,categories-section-example-fibre-products,categories.tex,887,section,section-example-fibre-products,D0968C859103C3A47E4FAE282B67FF1CAEFB855CCD46317DEC62D9D36ECCEA90,lexical_candidate_only
ega-topic-products,18,185,label;section;text,001R,categories-section-products-pairs,categories.tex,599,section,section-products-pairs,8CA250048815269EEA28F12715BBE729114E2D0C3301790CDE6812B730F6ADA4,lexical_candidate_only
ega-topic-products,19,185,label;section;text,0FP6,cohomology-lemma-compose-cup-product,cohomology.tex,7721,lemma,section-cup-product,6331798F7AF8F7DBFFAE1A20335AF9D14103C6571EB6DB2C87095861780AC27D,lexical_candidate_only
ega-topic-products,20,185,label;section;text,0FP4,cohomology-lemma-cup-product-associative,cohomology.tex,7660,lemma,section-cup-product,F9054588BAA10F2570223B4409121412DBD270A3791DC6AA1215D7F0C82B81C7,lexical_candidate_only
ega-topic-products,21,185,label;section;text,0FP5,cohomology-lemma-cup-product-commutative,cohomology.tex,7698,lemma,section-cup-product,ABC463A97E59AFFF00B576958732261B9E43249E63DBAFEC46C905D65115B9AC,lexical_candidate_only
ega-topic-products,22,185,label;section;text,0FKU,cohomology-section-cup-product,cohomology.tex,7157,section,section-cup-product,B39449900AF9E9B5634596F499281FAF457A28EF433C48812E36491141023A07,lexical_candidate_only
ega-topic-products,23,185,label;section;text,09DJ,cotangent-section-fibre-product,cotangent.tex,4537,section,section-fibre-product,3BDEDCF7FD8B94C19283CE92CB18F8F1ECB22A77C705B6FDE3B0FF4E6775FD2F,lexical_candidate_only
ega-topic-products,24,185,label;section;text,0AJ0,formal-spaces-section-fibre-products,formal-spaces.tex,3247,section,section-fibre-products,3E42BBBCF9E6F3839966F031C52C58334B385668C4C471C5CE3680F089318FA5,lexical_candidate_only
ega-topic-products,25,185,label;section;text,0B09,intersection-section-exterior-product,intersection.tex,1433,section,section-exterior-product,BE69F44ECCF7EA8D6BBDB215E11CD2C4B3CEF7E2A96F73EB7F70DE76DFC77451,lexical_candidate_only
ega-topic-products,26,185,label;section;text,0CNI,limits-lemma-infinite-product,limits.tex,160,lemma,section-inifinite-products,262616F447E0D9887AEF48A8B501B35CEDCA021FB358D2FE97FF73E22EDD92ED,lexical_candidate_only
ega-topic-products,27,185,label;section;text,0CNK,limits-lemma-infinite-product-integral,limits.tex,201,lemma,section-inifinite-products,859632C325B8C6D9F4C5B348A59FE90D3146DE8A9AD8DB4976ADD55B1097043A,lexical_candidate_only
ega-topic-products,28,185,label;section;text,0CNJ,limits-lemma-infinite-product-surjective,limits.tex,183,lemma,section-inifinite-products,E1B90DE44E1F28AF5C676B179D3D206C225CC7DFBDBB4A020B2CD1C5E6D7DDBB,lexical_candidate_only
ega-topic-products,29,185,label;section;text,0CNH,limits-section-inifinite-products,limits.tex,136,section,section-inifinite-products,315E9D72BA869671EF806C42173FB97BB469B9EB1C5CA94AB77A76E399952773,lexical_candidate_only
ega-topic-products,30,185,label;section;text,01CA,modules-section-tensor-product,modules.tex,2272,section,section-tensor-product,62DE554512B94993F69F25C3B524BFDDFCF68E03B5DD401B029935C5128405E6,lexical_candidate_only
ega-topic-products,31,185,label;section;text,08KQ,more-algebra-lemma-properties-algebras-over-fibre-product,more-algebra.tex,1159,lemma,section-fibre-products-rings-III,DAC6AA43E679D9CE7DCFE124D95FF138762D3E45B2AE062935BF959075C3441E,lexical_candidate_only
ega-topic-products,32,185,label;section;text,06XY,more-algebra-section-derived-tensor-product,more-algebra.tex,14177,section,section-derived-tensor-product,A5E9459B6BBBF1450ACB26791FE0422398E9ED7DF6F4D7E0773388CFF51EB2D3,lexical_candidate_only
ega-topic-products,33,185,label;section;text,08KG,more-algebra-section-fibre-products-rings,more-algebra.tex,319,section,section-fibre-products-rings,C714EA29F8441942EAA91FBA3BE11361F3649359D6D6AB540E1E69030E23695D,lexical_candidate_only
ega-topic-products,34,185,label;section;text,0D2G,more-algebra-section-fibre-products-rings-II,more-algebra.tex,519,section,section-fibre-products-rings-II,C6C4F21A235C71682FE3BF7DA21DD6A365E7BD7E09C023F90D06E4D2FDEB6985,lexical_candidate_only
ega-topic-products,35,185,label;section;text,0D2K,more-algebra-section-fibre-products-rings-III,more-algebra.tex,947,section,section-fibre-products-rings-III,44655F472B35BAFF87CE972842BA7C498540B10AA06E6ED1735CA02AF9D3CF4A,lexical_candidate_only
ega-topic-products,36,185,label;section;text,068G,more-algebra-section-products-tor,more-algebra.tex,15273,section,section-products-tor,10C811ED2112BEF3CCFFE8A5181AA1E0FAC63A03D3825E7F88A591FBBB416B11,lexical_candidate_only
ega-topic-products,37,185,label;section;text,01JS,schemes-lemma-affine-covering-fibre-product,schemes.tex,3231,lemma,section-fibre-products,2CDE56E519CC5D4FD93B4FC6E4D76DBDADE819DD113ECCF4D43B815175F66577,lexical_candidate_only
ega-topic-products,38,185,label;section;text,01JM,schemes-lemma-fibre-products,schemes.tex,3010,lemma,section-existence-fibre-products,54EB7E3866432F098C8EE9B39FE63DED9D6222A022981C3560CE035320CF61C4,lexical_candidate_only
ega-topic-products,39,185,label;section;text,01JO,schemes-section-fibre-products,schemes.tex,3132,section,section-fibre-products,7AA852E570E88C8232B868934973E4359834E7AE2545AD8C76D531AEB60EE4E0,lexical_candidate_only
ega-topic-products,40,185,label;section;text,0FR2,sdga-section-tensor-product,sdga.tex,308,section,section-tensor-product,111915B581F5F6878A7E2547B981D8ADE6E5007E6BA4501154728F9E5989957A,lexical_candidate_only
ega-topic-products,41,185,label;section;text,0FRM,sdga-section-tensor-product-dg,sdga.tex,1443,section,section-tensor-product-dg,29F55AEA9CC82926D17120DEF1B67B7E2A28C27500D7C97EA1E323A7466D1682,lexical_candidate_only
ega-topic-products,42,185,label;section;text,016T,simplicial-definition-fibre-product,simplicial.tex,628,definition,section-fibre-products,32AC20EF616519EE59985CC70AAC51BF5029EB92AE8C37C7DDF7EDD3E0C1C408,lexical_candidate_only
ega-topic-products,43,185,label;section;text,0172,simplicial-definition-fibre-product-cosimplicial-objects,simplicial.tex,767,definition,section-fibre-products-cosimplicial,FF377C697FAD76C53F7F9274F9DB2C07D99823C4BCD077245E17AF371A2DDEE7,lexical_candidate_only
ega-topic-products,44,185,label;section;text,016Q,simplicial-definition-product,simplicial.tex,585,definition,section-products,A348D5600E1C30993B2F5393E9DDC559F279859E6213D88A25D5495936F426DB,lexical_candidate_only
ega-topic-products,45,185,label;section;text,016Z,simplicial-definition-product-cosimplicial-objects,simplicial.tex,726,definition,section-products-cosimplicial,5260D23C282348D386E8CF20BE6BF465C0994D52F6E4EBC5C80FEC5BA28EA6BD,lexical_candidate_only
ega-topic-products,46,185,label;section;text,017C,simplicial-definition-product-with-simplicial-set,simplicial.tex,992,definition,section-product-with-simplicial-sets,5DB02615F8CC9CA6512B768F9C0112C8CD4CADAED8EB10EA9AADA2B470D0A594,lexical_candidate_only
ega-topic-products,47,185,label;section;text,0FPN,sites-cohomology-lemma-compose-cup-product,sites-cohomology.tex,8483,lemma,section-cup-product,689610B0C164393BBD0F79CC3FB921BAAF3996BB43EE0EDF980F0571355BE366,lexical_candidate_only
ega-topic-products,48,185,label;section;text,0FPL,sites-cohomology-lemma-cup-product-associative,sites-cohomology.tex,8422,lemma,section-cup-product,7DF78FCB67090E36717BD6DF97A2CDF4686BFE6A183D0F3AAA4D04D34D64D3F0,lexical_candidate_only
ega-topic-products,49,185,label;section;text,0FPM,sites-cohomology-lemma-cup-product-commutative,sites-cohomology.tex,8460,lemma,section-cup-product,F8616F7C85E2D5B970BA3FCC4DC1D798BCE7ADB614141BA9F3AC22571F6815AF,lexical_candidate_only
ega-topic-products,50,185,label;section;text,03EK,sites-modules-section-tensor-product,sites-modules.tex,3551,section,section-tensor-product,A0A4FB465ED8DDC71F493EFC8204D670C3E8AFDC34E2EA98EF7BC46075F9A042,lexical_candidate_only
ega-topic-products,51,185,label;section;text,072L,stacks-introduction-section-fibre-products,stacks-introduction.tex,182,section,section-fibre-products,55E91B3929FB592660A99496EF97CD38FD92C6F5FAF263B58CA63010E1AAA370,lexical_candidate_only
ega-topic-products,52,185,label;section;text,047A,varieties-section-closure-of-products,varieties.tex,4419,section,section-closure-of-products,8A63F3BD6AFC45C9FCED11E0627C2E73BD08BC4418904D509E8BC48FBD646B70,lexical_candidate_only
ega-topic-products,53,184,label;section;text,00DD,algebra-lemma-tensor-products-commute-with-limits,algebra.tex,1934,lemma,section-tensor-product,335A41BC05FA31DA4A14CE65586FF866E6ED215AB5FD40521286648E03E6CB42,lexical_candidate_only
ega-topic-products,54,184,label;section;text,00DH,algebra-remark-tensor-product-not-exact,algebra.tex,2032,remark,section-tensor-product,9ED762E3EE80C8B69B572CF6788E717F0BC0DB6111E503CA8F05C4F192FA3B0C,lexical_candidate_only
ega-topic-products,55,184,label;section;text,059H,algebra-section-products-tensor,algebra.tex,21278,section,section-products-tensor,864D5936748EC756A76B8AED17A506207A13E711B1EA81F1E4505EDC310365FC,lexical_candidate_only
ega-topic-products,56,184,label;section;text,00CV,algebra-section-tensor-product,algebra.tex,1703,section,section-tensor-product,8C431574637F53359833E6C527B0DFFEDE9E3674C76A937D90D593662396766B,lexical_candidate_only
ega-topic-products,57,184,label;section;text,04TF,algebraic-lemma-2-fibre-product-general,algebraic.tex,1670,lemma,section-2-fibre-products,A05FC7D5078526B5683367BDD3F5E54FEFF0F0B5942C7F0CF1F04ABCBD6431B9,lexical_candidate_only
ega-topic-products,58,184,label;section;text,04TE,algebraic-lemma-product-spaces,algebraic.tex,1616,lemma,section-2-fibre-products,44A7E79E9156979A5CC304C691019FAE6B094CC776D907E4438314FB1056B7C2,lexical_candidate_only
ega-topic-products,59,184,label;section;text,04AO,categories-definition-coproducts,categories.tex,659,definition,section-coproducts-pairs,3255CE21C0C52EB3E7AE09756DD2A45834E1BE7DBDC18DF7528C04E61171E6B6,lexical_candidate_only
ega-topic-products,60,184,label;section;text,001V,categories-definition-fibre-products,categories.tex,716,definition,section-fibre-products,DE09B706E8EB47A8B8976859D7490FE6C258CF69175E609D86252EEFC13D336A,lexical_candidate_only
ega-topic-products,61,184,label;section;text,001S,categories-definition-products,categories.tex,602,definition,section-products-pairs,0B5DC8BB11633F454BD0BAE54DF2E05F611A04B36BC85E048384099E619E83EF,lexical_candidate_only
ega-topic-products,62,184,label;section;text,02XB,categories-lemma-equivalence-2-fibre-product,categories.tex,5716,lemma,section-2-fibre-products,02C523BF38B897C233A1D3E7A0358277BEACC66E8AA5E5F360796EFD426F5374,lexical_candidate_only
ega-topic-products,63,184,label;section;text,04Z1,categories-lemma-fibre-product-after-map,categories.tex,5926,lemma,section-2-fibre-products,A4DE9DF6C3D8A98378E54127520FA2B63B5858A24263CBFBB2555DA736C8F2DC,lexical_candidate_only
ega-topic-products,64,184,label;section;text,0022,categories-lemma-fibre-product-presheaves,categories.tex,940,lemma,section-representable-map-presheaves,843083B00887BF37C050095C8382D543E9F3E7843970CF6C6DF18FB698D58A86,lexical_candidate_only
ega-topic-products,65,184,label;section;text,02XA,categories-lemma-functoriality-2-fibre-product,categories.tex,5679,lemma,section-2-fibre-products,18B2B87987D6279BFC3BBF97BDCB0BF84CD68F3DE4722CFCDF52765AEE7355BE,lexical_candidate_only
ega-topic-products,66,184,label;section;text,06RL,categories-remark-other-description-2-fibre-product,categories.tex,5661,remark,section-2-fibre-products,B382D8F93BEE8EE86300ED893E829808DB2D18237397C5BF6981D42C7106DAFA,lexical_candidate_only
ega-topic-products,67,184,label;section;text,001U,categories-section-fibre-products,categories.tex,713,section,section-fibre-products,BD76320AA88B96BF1BC0558C514CB749BDAEB07120D4AF91FD0F3CFB615A26DE,lexical_candidate_only
ega-topic-products,68,184,label;section;text,0FBZ,chow-lemma-exterior-product-associative,chow.tex,14277,lemma,section-exterior-product,4EE4AFEB0272ED3A62B0346452049625FA514B8998D84107E80A51492C2A494F,lexical_candidate_only
ega-topic-products,69,184,label;section;text,0FC8,chow-lemma-exterior-product-associative-dim-1,chow.tex,14841,lemma,section-exterior-product-dim-1,DF699FE228AF092C67BE4A06F8B18E4863B6D3B69E34B099561A5C4840C5AE64,lexical_candidate_only
ega-topic-products,70,184,label;section;text,0FBU,chow-section-exterior-product,chow.tex,14106,section,section-exterior-product,F355019C5DA1E0BA00CA506FDD7383556692A5F9264C49746A1C41395E7C42DF,lexical_candidate_only
ega-topic-products,71,184,label;section;text,0FC3,chow-section-exterior-product-dim-1,chow.tex,14616,section,section-exterior-product-dim-1,04D8038FFF4574D348769BF640D16CC3485F505B526ADFA2C3F276C61571C5B6,lexical_candidate_only
ega-topic-products,72,184,label;section;text,0FC0,chow-section-intersection-product,chow.tex,14296,section,section-intersection-product,8F755CBA3C8385321A0EC34B76E5C5FADAA742F84E55974A8584247234EB6917,lexical_candidate_only
ega-topic-products,73,184,label;section;text,0FC9,chow-section-intersection-product-dim-1,chow.tex,14868,section,section-intersection-product-dim-1,CAE277134419C3BBFF8A540C7DB88E781600AAA343D9E445C1F7CE422191000C,lexical_candidate_only
ega-topic-products,74,184,label;section;text,0H99,cohomology-lemma-base-change-cup-product,cohomology.tex,7766,lemma,section-cup-product,5169AC9350C89BF1A85399F4F57AEE82DFE9AEE7FC9ED8D2C4862A4814EB4829,lexical_candidate_only
ega-topic-products,75,184,label;section;text,09DM,cotangent-lemma-fibre-product,cotangent.tex,4609,lemma,section-fibre-product,A0B1063DD3F556D0B8C52EC20F58074DE3A376174B383B451516E6B721341457,lexical_candidate_only
ega-topic-products,76,184,label;section;text,09DL,cotangent-lemma-fibre-product-tor-independent,cotangent.tex,4580,lemma,section-fibre-product,A801B11CAC54A4437DCE0A6822D075F4039F5A4E4CC8B360782EE1EEAC2F08ED,lexical_candidate_only
ega-topic-products,77,184,label;section;text,09DB,cotangent-lemma-tensor-product,cotangent.tex,2847,lemma,section-tensor-product,5159CAE89129B2B9856770C0D75002D74BC92CABDF4A87165A458911508FCC5F,lexical_candidate_only
ega-topic-products,78,184,label;section;text,09DA,cotangent-lemma-tensor-product-tor-independent,cotangent.tex,2821,lemma,section-tensor-product,7B365D6B80714B8B70F8B4520B0637DE681F0F9AE3A769B0613113345E4B27F4,lexical_candidate_only
ega-topic-products,79,184,label;section;text,09D8,cotangent-section-tensor-product,cotangent.tex,2777,section,section-tensor-product,20914CBA4D28A7FED8E45A6F9634B6CBF74DBDD2B69F64A3CF2BB255CA49BFA1,lexical_candidate_only
ega-topic-products,80,184,label;section;text,0FM3,derham-lemma-cup-product-graded-commutative,derham.tex,316,lemma,section-cup-product,26BF944006DA44CA80E9BE4A41B25E934A0BF5DC2A921CA7928065BCF2FE0F14,lexical_candidate_only
ega-topic-morphisms,1,236,label;chapter;section;text,042M,spaces-morphisms-lemma-monomorphism,spaces-morphisms.tex,1662,lemma,section-monomorphisms,7895945023DE25DAE116F86CA74EB8660410F81E173F9F7CB2A26F14DF27E641,lexical_candidate_only
ega-topic-morphisms,2,235,label;chapter;section;text,09ZV,more-morphisms-lemma-thicken-property-morphisms,more-morphisms.tex,270,lemma,section-morphisms-thickenings,64D81A0165B12D1A653AE5C2E5D785A0623CFF65C95B7BCFC829B2016F50F800,lexical_candidate_only
ega-topic-morphisms,3,235,label;chapter;section;text,02GE,morphisms-lemma-diagonal-unramified-morphism,morphisms.tex,7853,lemma,section-unramified,7F540B6D78FA55515D87A64552B5AB2FDE321CB43BEB4D255A5B60A57D9E123A,lexical_candidate_only
ega-topic-morphisms,4,235,label;chapter;section;text,09ZY,spaces-more-morphisms-lemma-thicken-property-morphisms,spaces-more-morphisms.tex,2001,lemma,section-morphisms-thickenings,9F20CC159F839BB064519064CF0739C388A3E601BACE849C6A2BD26C078EEC8C,lexical_candidate_only
ega-topic-morphisms,5,235,label;chapter;section;text,05W1,spaces-morphisms-lemma-diagonal-unramified-morphism,spaces-morphisms.tex,7508,lemma,section-unramified,9EBE1ECE2BB30FA6D2D86E3147823F46540B71C9F7424FAC8BFD695F02880093,lexical_candidate_only
ega-topic-morphisms,6,235,label;chapter;section;text,042Q,spaces-morphisms-lemma-monomorphism-local,spaces-morphisms.tex,1714,lemma,section-monomorphisms,F2A6086CC0D862D24DBFEA1C73E70A8F2F90016476CBC1D0C8F8CB7CEFD57DA5,lexical_candidate_only
ega-topic-morphisms,7,235,label;chapter;section;text,0CJ9,stacks-more-morphisms-lemma-thicken-property-morphisms,stacks-more-morphisms.tex,360,lemma,section-morphisms-thickenings,0488ED699E6B71E84CB263B8CB68B33BE7FFD05B3B343A13CC2F85B92BA897E9,lexical_candidate_only
ega-topic-morphisms,8,235,label;chapter;section;text,0DTV,stacks-morphisms-lemma-iso-automorphism-groups,stacks-morphisms.tex,3801,lemma,section-automorphism-groups,4248891242F3FB0A23BDEA349CE607C98E612B658283802C843F2A98F877F915,lexical_candidate_only
ega-topic-morphisms,9,235,label;chapter;section;text,04YY,stacks-morphisms-lemma-second-diagonal,stacks-morphisms.tex,1488,lemma,section-higher-diagonals,664E41BE63F12F23EFE49D1507EC9D66727AC24DF0D220215B45B0A6BB4BD4B9,lexical_candidate_only
ega-topic-morphisms,10,234,label;chapter;section;text,0FDP,more-morphisms-lemma-smooth-diagonal-perfect,more-morphisms.tex,18529,lemma,section-lci,F88C0D7AC301EBC35F43002467F62A97092BCF17D7E5141D7575B8E162534A47,lexical_candidate_only
ega-topic-morphisms,11,234,label;chapter;section;text,04DD,morphisms-definition-universal-homeomorphism,morphisms.tex,11304,definition,section-universal-homeomorphisms,186280D7B4B3D4E0D8D428EA90AAE4C7A86FD2C28005BBB0AA158F347AF251CF,lexical_candidate_only
ega-topic-morphisms,12,234,label;chapter;section;text,0818,morphisms-lemma-diagonal-morphism-finite-type,morphisms.tex,4302,lemma,section-finite-presentation,359D62DA173AF2484AC2DF436018AACB4D45D21755684FB00F922E655B258AB7,lexical_candidate_only
ega-topic-morphisms,13,234,label;chapter;section;text,08S2,morphisms-lemma-differentials-diagonal,morphisms.tex,6507,lemma,section-sheaf-differentials,BD81AF7CAA649C440B2ECBD910A462D9BE082CAEB979B89751C5699666798304,lexical_candidate_only
ega-topic-morphisms,14,234,label;chapter;section;text,0H2M,morphisms-lemma-permanence-universal-homeomorphism,morphisms.tex,11434,lemma,section-universal-homeomorphisms,9715B2D3696F4FFB5B383AA29D702B6B99B2587E0E51D7F5C6ACA226F42BB63C,lexical_candidate_only
ega-topic-morphisms,15,234,label;chapter;section;text,0B89,spaces-more-morphisms-section-monomorphisms,spaces-more-morphisms.tex,262,section,section-monomorphisms,09D22056951BEAF4896BC916F2D7FFB50E8F6DF22B8BE409B42686389C202002,lexical_candidate_only
ega-topic-morphisms,16,234,label;chapter;section;text,05X7,spaces-more-morphisms-section-when-isomorphism,spaces-more-morphisms.tex,11498,section,section-when-isomorphism,B108F6C4A3F543CAC1EC58F78F0EE1D1918A94B7E3431BAA11B1893D127AC5AD,lexical_candidate_only
ega-topic-morphisms,17,234,label;chapter;section;text,05Z5,spaces-morphisms-definition-universal-homeomorphism,spaces-morphisms.tex,10915,definition,section-universal-homeomorphisms,5B22FBC99CD6F531238506E40D089DABD742D8EF2B15D207186456507DA078C6,lexical_candidate_only
ega-topic-morphisms,18,234,label;chapter;section;text,084P,spaces-morphisms-lemma-diagonal-morphism-finite-type,spaces-morphisms.tex,5630,lemma,section-finite-presentation,ED702091799B75242586263CAC50A2804F174E07A1F0EA33436512CCE8C194A8,lexical_candidate_only
ega-topic-morphisms,19,234,label;chapter;section;text,05Z4,spaces-morphisms-lemma-universal-homeomorphism-representable,spaces-morphisms.tex,10884,lemma,section-universal-homeomorphisms,18C8BACD2600967764E377892A45A270AADF30D124CF1733D3D3EBC089CC0D5D,lexical_candidate_only
ega-topic-morphisms,20,234,label;chapter;section;text,042K,spaces-morphisms-section-monomorphisms,spaces-morphisms.tex,1631,section,section-monomorphisms,0D886AD37974F5CF34197AEC93FDAD7CC72423955E8E4F396532ACB99441723A,lexical_candidate_only
ega-topic-morphisms,21,234,label;chapter;section;text,0CI7,stacks-morphisms-definition-universal-homeomorphism,stacks-morphisms.tex,2930,definition,section-universal-homeomorphisms,A344512B9A0A56862A1CBEBEE57855C1A43F58799571AEDA3E7F9BF1B444EC44,lexical_candidate_only
ega-topic-morphisms,22,234,label;chapter;section;text,0CI6,stacks-morphisms-lemma-characterize-representable-universal-homeomorphism,stacks-morphisms.tex,2887,lemma,section-universal-homeomorphisms,E84AF16C6C896D28439893DD987122E2AD741E3039BED80B63A0FAA804F53C41,lexical_candidate_only
ega-topic-morphisms,23,234,label;chapter;section;text,0CMG,stacks-morphisms-lemma-diagonal-morphism-finite-type,stacks-morphisms.tex,5491,lemma,section-finite-presentation,E22CD8A7102B72EE2A5EA12F3445332CB523AFD3A704CA879F2E18D198B260CD,lexical_candidate_only
ega-topic-morphisms,24,234,label;chapter;section;text,0AHJ,stacks-morphisms-lemma-hierarchy,stacks-morphisms.tex,1529,lemma,section-higher-diagonals,24B96368DFC9CC46A8CF6FC917A1AA28FCDE8683F98B2092A5C20E5CC10C5189,lexical_candidate_only
ega-topic-morphisms,25,233,label;chapter;section;text,02HE,more-morphisms-lemma-unramified-formally-unramified,more-morphisms.tex,975,lemma,section-formally-unramified,B9AA928BD37351C82F3BA177856272C376DAEFD6185DED07FBBC02D4E6F23BEB,lexical_candidate_only
ega-topic-morphisms,26,233,label;chapter;section;text,0F6V,more-morphisms-lemma-weakly-etale-universal-homeomorphism,more-morphisms.tex,19190,lemma,section-weakly-etale,05597E6A243D70E639FE8C8A8787D3509C43576B618E2DEA65449B223B9C0F24,lexical_candidate_only
ega-topic-morphisms,27,233,label;chapter;section;text,0CF2,more-morphisms-section-morphisms-thickenings,more-morphisms.tex,262,section,section-morphisms-thickenings,5F6AFFB4DA9FF4084306D0D3135FE32AB522952D3AE963AC1A0B39D6404B4AC1,lexical_candidate_only
ega-topic-morphisms,28,233,label;chapter;section;text,0CEU,morphisms-lemma-base-change-universal-homeomorphism,morphisms.tex,11314,lemma,section-universal-homeomorphisms,515AD2683248D5724899A96082EC69FFEDFB498338EC30C293E743EEE3BD1BC8,lexical_candidate_only
ega-topic-morphisms,29,233,label;chapter;section;text,01S4,morphisms-lemma-universally-injective,morphisms.tex,1578,lemma,section-radicial,B5D5762BF7A161C41C5871F8AD5E6B747EE6CB2F3B901E29ED4290184E049298,lexical_candidate_only
ega-topic-morphisms,30,233,label;chapter;section;text,060N,morphisms-remark-differentials-diagonal,morphisms.tex,6793,remark,section-sheaf-differentials,69B71EB3894459E37BA43CA720978D4F77062302BC387554343C634B406FFD16,lexical_candidate_only
ega-topic-morphisms,31,233,label;chapter;section;text,06C4,spaces-more-morphisms-definition-lci,spaces-more-morphisms.tex,11153,definition,section-lci,54FE0C3C2DB17D4B81E1612B7F10419DCE68F2CD6B4B73411CCDBA4723675166,lexical_candidate_only
ega-topic-morphisms,32,233,label;chapter;section;text,0CG4,spaces-more-morphisms-section-morphisms-thickenings,spaces-more-morphisms.tex,1993,section,section-morphisms-thickenings,72C41C740B5DEDA12E2223AE96CC9C6032B5DED9D235FF8AF1C0FB5F5CB08EB5,lexical_candidate_only
ega-topic-morphisms,33,233,label;chapter;section;text,042L,spaces-morphisms-definition-monomorphism,spaces-morphisms.tex,1650,definition,section-monomorphisms,9ABBDDC3D62BA2091C20CF5868B268E98AD953ECD8B7674A8EAF5D18F0769C57,lexical_candidate_only
ega-topic-morphisms,34,233,label;chapter;section;text,0CFT,spaces-morphisms-lemma-base-change-universal-homeomorphism,spaces-morphisms.tex,10963,lemma,section-universal-homeomorphisms,72A1E7C17E63EEAD6ACE856F032F45FA6CCA8B05870CD120F2D083DD2084585B,lexical_candidate_only
ega-topic-morphisms,35,233,label;chapter;section;text,03XT,spaces-morphisms-lemma-etale-local,spaces-morphisms.tex,7689,lemma,section-etale,A2FEAE158E06F4778B7A605D509890F902B292B0E50646517FADF684D1D4BF9D,lexical_candidate_only
ega-topic-morphisms,36,233,label;chapter;section;text,03MM,spaces-morphisms-lemma-flat-local,spaces-morphisms.tex,5834,lemma,section-flat,32014917978AC286F22F832FD52908B0CDF9390F584CC33BE3ADDBB90524C250,lexical_candidate_only
ega-topic-morphisms,37,233,label;chapter;section;text,03ZF,spaces-morphisms-lemma-smooth-local,spaces-morphisms.tex,7198,lemma,section-smooth,A6267FB6AEBE638306CA9476A2F90FF1E6245B0B25392046DC175A0F583D4C0D,lexical_candidate_only
ega-topic-morphisms,38,233,label;chapter;section;text,03MF,spaces-morphisms-lemma-surjective-local,spaces-morphisms.tex,633,lemma,section-surjective,3850EF5BA6FFB96C4890272B4C7CEB1D0C6F1AA92D4A73FC164013154ADF18EB,lexical_candidate_only
ega-topic-morphisms,39,233,label;chapter;section;text,03MX,spaces-morphisms-lemma-universally-injective-local,spaces-morphisms.tex,3594,lemma,section-universally-injective,045E46D19795A666327E0533ACFF3B7B0BA00656A4D96571F977A1A89635DD36,lexical_candidate_only
ega-topic-morphisms,40,233,label;chapter;section;text,05Z3,spaces-morphisms-section-universal-homeomorphisms,spaces-morphisms.tex,10869,section,section-universal-homeomorphisms,70A22CCF0E109669A28F0E5F86C12AC88CA442B91E6016BB098C73BADCA81774,lexical_candidate_only
ega-topic-morphisms,41,233,label;chapter;section;text,0DU9,stacks-morphisms-lemma-aut-iso-unramified,stacks-morphisms.tex,9799,lemma,section-stabilizer-preserving,3F58023885571F8C732813B3E7A36C7AA9342E502E02B1E9E8A5A04407B74B21,lexical_candidate_only
ega-topic-morphisms,42,233,label;chapter;section;text,0DUB,stacks-morphisms-lemma-base-change-stabilizer-preserving,stacks-morphisms.tex,9884,lemma,section-stabilizer-preserving,DCC4B1A62C6A977C2BC09AE5F4E9166FCC746BAFBD4860E835C75513B2A41F22,lexical_candidate_only
ega-topic-morphisms,43,233,label;chapter;section;text,0CI8,stacks-morphisms-lemma-base-change-universal-homeomorphism,stacks-morphisms.tex,2942,lemma,section-universal-homeomorphisms,CC7E36C80CA3F4CCCC64916E4BEF08F7421A2707AFEDBE13ECCE8669A7EDF19A,lexical_candidate_only
ega-topic-morphisms,44,233,label;chapter;section;text,0DTQ,stacks-morphisms-lemma-check-universal-homeomorphism-covering,stacks-morphisms.tex,2962,lemma,section-universal-homeomorphisms,E7F8C7A808EDFD849E4C29BFF5AFC1E36039B402E5B0DB8B6142080C5071DE3D,lexical_candidate_only
ega-topic-morphisms,45,233,label;chapter;section;text,0CL0,stacks-morphisms-lemma-diagonal-diagonal,stacks-morphisms.tex,1372,lemma,section-higher-diagonals,BA483A8EB940ECD584CF83D0BE685B86C3B3D71932154F59E7B4B51B3233DA01,lexical_candidate_only
ega-topic-morphisms,46,233,label;chapter;section;text,0DUD,stacks-morphisms-lemma-etale-iso,stacks-morphisms.tex,9947,lemma,section-stabilizer-preserving,1A2A784A772D2745B51752486C159328D47B8E39126C5660477196890D89100C,lexical_candidate_only
ega-topic-morphisms,47,233,label;chapter;section;text,04YZ,stacks-morphisms-lemma-first-diagonal-separated-second-diagonal-closed,stacks-morphisms.tex,1555,lemma,section-higher-diagonals,1321502F87EF664930396D6E6E6BC533276D349B0D2EE791804BF1D9B31871EB,lexical_candidate_only
ega-topic-morphisms,48,233,label;chapter;section;text,04XS,stacks-morphisms-lemma-properties-diagonal,stacks-morphisms.tex,131,lemma,section-diagonals,920C3E6AC3C4A00C464775A302F192A05089EB1F0AB71F80A8A6F7FDDB834894,lexical_candidate_only
ega-topic-morphisms,49,233,label;chapter;section;text,0DU8,stacks-morphisms-remark-get-property-auts-from-diagonal,stacks-morphisms.tex,9779,remark,section-stabilizer-preserving,6046FF15F6199F5450BEBEAAE56854F1C3097AD2A81CEDF6745EFA426E23E20C,lexical_candidate_only
ega-topic-morphisms,50,233,label;chapter;section;text,04XQ,stacks-morphisms-section-diagonals,stacks-morphisms.tex,55,section,section-diagonals,48CC04C959F2884260B92BB9230EB186B132A2A6E7E51DE6E98A984B9223F5A9,lexical_candidate_only
ega-topic-morphisms,51,233,label;chapter;section;text,04YX,stacks-morphisms-section-higher-diagonals,stacks-morphisms.tex,1327,section,section-higher-diagonals,0BC1BBA82DE930154B3FE78650B472F17CB2E59EB6121BE1F9A80A526DA0EEFF,lexical_candidate_only
ega-topic-morphisms,52,232,label;chapter;section;text,0GTI,more-morphisms-definition-cd-morphism,more-morphisms.tex,23137,definition,section-completely-decomposed,FE3AD30345083021B3DD3F40783D5C38DF2D253100F0310F560820B24463C76E,lexical_candidate_only
ega-topic-morphisms,53,232,label;chapter;section;text,0E9K,more-morphisms-lemma-morphism-regular-schemes-is-lci,more-morphisms.tex,18338,lemma,section-lci,08A1401948002092529F6B4E20A8F8DBC86CDD7F8D5DE7B4C81E0A4F34B03C69,lexical_candidate_only
ega-topic-morphisms,54,232,label;chapter;section;text,0H42,more-morphisms-section-stratifying-morphisms,more-morphisms.tex,15874,section,section-stratifying-morphisms,20AB64F4F4D1E3E8DF6013425FAB9D617795CB524003E2F555EB66DC3FC97500,lexical_candidate_only
ega-topic-morphisms,55,232,label;chapter;section;text,01SG,morphisms-lemma-affine-permanence,morphisms.tex,2025,lemma,section-affine,9A9F2D5214A304265DE281EB6DD6B432120A30589FC75307E7DA8C9FCACD74AC,lexical_candidate_only
ega-topic-morphisms,56,232,label;chapter;section;text,0CEV,morphisms-lemma-composition-universal-homeomorphism,morphisms.tex,11324,lemma,section-universal-homeomorphisms,8CF34FDCE338CC14DAAA2AB686813ACA94FB5808E2C2D129AA5EAC7F001BBE42,lexical_candidate_only
ega-topic-morphisms,57,232,label;chapter;section;text,03BB,morphisms-lemma-finite-monomorphism-closed,morphisms.tex,11226,lemma,section-integral,67B8557289032B58C88E8F4C27B1A1C6CCF78933A6D81AAD76F84AEC34956597,lexical_candidate_only
ega-topic-morphisms,58,232,label;chapter;section;text,04DE,morphisms-lemma-homeomorphism-affine,morphisms.tex,11338,lemma,section-universal-homeomorphisms,6F396715470AFA5F74142104C994CF24F213D06D031A7E0EC76CD6034CEA4C35,lexical_candidate_only
ega-topic-morphisms,59,232,label;chapter;section;text,0CT8,morphisms-lemma-monomorphism-loc-finite-type-loc-quasi-finite,morphisms.tex,3977,lemma,section-quasi-finite,660B62BE3A43C6820E53C951A7B9662FBF25BAB97B1D52E55E2A7A712C574969,lexical_candidate_only
ega-topic-morphisms,60,232,label;chapter;section;text,0CN7,morphisms-lemma-subalgebra-inherits,morphisms.tex,11500,lemma,section-universal-homeomorphisms-affine,556B3F4EFD9D4840A1E8A852FC1F21659AA485B544E5A43DB7E2DD6D21DA57F7,lexical_candidate_only
ega-topic-morphisms,61,232,label;chapter;section;text,04DF,morphisms-lemma-universal-homeomorphism,morphisms.tex,11361,lemma,section-universal-homeomorphisms,C03716EEF5581D058768FEB6DA432BAF16EB6C876A989CB917F21B567D6B30D8,lexical_candidate_only
ega-topic-morphisms,62,232,label;chapter;section;text,0CND,morphisms-proposition-universal-homeomorphism-equal-residue-fields,morphisms.tex,11713,proposition,section-universal-homeomorphisms-affine,2A759C6832390372EC45733CB88C6167C75C8B247FB2F1792A9CDC355BFE0BA2,lexical_candidate_only
ega-topic-morphisms,63,232,label;chapter;section;text,01W0,morphisms-section-proper,morphisms.tex,9845,section,section-proper,0CE74D6441D6187613471A06B16EA3020CD63BB2DFEB8F0BFF3987485732E6DC,lexical_candidate_only
ega-topic-morphisms,64,232,label;chapter;section;text,04DC,morphisms-section-universal-homeomorphisms,morphisms.tex,11295,section,section-universal-homeomorphisms,CF38788D1A5A33433E65A8997675248CAD919E5EA13CBB781B0A51AEFD7C6094,lexical_candidate_only
ega-topic-morphisms,65,232,label;chapter;section;text,0CN6,morphisms-section-universal-homeomorphisms-affine,morphisms.tex,11494,section,section-universal-homeomorphisms-affine,57F009FB311CDE539046B449A7BA832B31DF841EB8151378B4E72BE16588FC7E,lexical_candidate_only
ega-topic-morphisms,66,232,label;chapter;section;text,0B8C,spaces-more-morphisms-lemma-flat-surjective-monomorphism,spaces-more-morphisms.tex,363,lemma,section-monomorphisms,32BE16C64B0E925A37F42D08F30DA099E0BF1D676FB486B29EFF5B09E8D1856F,lexical_candidate_only
ega-topic-morphisms,67,232,label;chapter;section;text,04GA,spaces-more-morphisms-lemma-unramified-formally-unramified,spaces-more-morphisms.tex,2829,lemma,section-formally-unramified,DAC73BF4CB091396EA6DEE426E5E0A5E02EC6A1026171A5DA2514675A83D9827,lexical_candidate_only
ega-topic-morphisms,68,232,label;chapter;section;text,05XD,spaces-more-morphisms-lemma-where-isomorphism,spaces-more-morphisms.tex,11792,lemma,section-when-isomorphism,F2BE158C7C56F5775B513278E563B895A7C62F4BEC6A66BAEE0A911774991413,lexical_candidate_only
ega-topic-morphisms,69,232,label;chapter;section;text,0E0T,spaces-more-morphisms-section-CM,spaces-more-morphisms.tex,6186,section,section-CM,FF3DA490324F00273000A799D017A0A3CB1AE185ECFFE37F9CC5A97F9FE8B846,lexical_candidate_only
ega-topic-morphisms,70,232,label;chapter;section;text,06C3,spaces-more-morphisms-section-lci,spaces-more-morphisms.tex,11127,section,section-lci,D97BB274B6E3684E0A456970F5D9BE239C761F1BCA4A3F70234AC8F6BCA66F95,lexical_candidate_only
ega-topic-morphisms,71,232,label;chapter;section;text,06BY,spaces-more-morphisms-section-perfect,spaces-more-morphisms.tex,11012,section,section-perfect,9BB68F06596C7576EF7D01B44F18141C0110B0D3372CBDE52101C62472C966AF,lexical_candidate_only
ega-topic-morphisms,72,232,label;chapter;section;text,06BQ,spaces-more-morphisms-section-pseudo-coherent,spaces-more-morphisms.tex,10895,section,section-pseudo-coherent,772035FE22E3222C573932609A00305F21AFF794A9098DF92205DFDFF599BCB8,lexical_candidate_only
ega-topic-morphisms,73,232,label;chapter;section;text,0480,spaces-more-morphisms-section-radicial,spaces-more-morphisms.tex,51,section,section-radicial,AB9A9ECFAA5C0760E8BA2497EE4FEDFFD97C5EC02592E6ACA536790193640FA3,lexical_candidate_only
ega-topic-morphisms,74,232,label;chapter;section;text,042P,spaces-morphisms-lemma-base-change-monomorphism,spaces-morphisms.tex,1705,lemma,section-monomorphisms,00224AE05E24682BF63B78CC6818F8249C474C01B9B8767A61BD5E96075544F8,lexical_candidate_only
ega-topic-morphisms,75,232,label;chapter;section;text,042O,spaces-morphisms-lemma-composition-monomorphism,spaces-morphisms.tex,1696,lemma,section-monomorphisms,2B031D57A592CB844D31553CEABE446679A84C1B702966D0AD37C03028C9E277,lexical_candidate_only
ega-topic-morphisms,76,232,label;chapter;section;text,0CFU,spaces-morphisms-lemma-composition-universal-homeomorphism,spaces-morphisms.tex,10973,lemma,section-universal-homeomorphisms,E959EC64D23DBB1756693CC2009A55C0BEA63E65E9252B65CEB3E3FE2B61F899,lexical_candidate_only
ega-topic-morphisms,77,232,label;chapter;section;text,0410,spaces-morphisms-lemma-finite-presentation-local,spaces-morphisms.tex,5481,lemma,section-finite-presentation,64B29B8EFB6590F3A7A4F43ADCDD52C8628E1B2539C55BE7E0E98B3CE58CF614,lexical_candidate_only
ega-topic-morphisms,78,232,label;chapter;section;text,040Y,spaces-morphisms-lemma-finite-type-local,spaces-morphisms.tex,4398,lemma,section-finite-type,54B2A85D41EE613F8E7FD2761B44D9E235526584575E4A1B31E2CD31F842EDFE,lexical_candidate_only
ega-topic-morphisms,79,232,label;chapter;section;text,073C,spaces-morphisms-lemma-flat-morphism-sites,spaces-morphisms.tex,6003,lemma,section-flat,81C7BF5B704269CC930F1558EE42B98F389C6129A0CCC678AF04B80FECBC347F,lexical_candidate_only
ega-topic-morphisms,80,232,label;chapter;section;text,0463,spaces-morphisms-lemma-monomorphism-loc-finite-type-loc-quasi-finite,spaces-morphisms.tex,5361,lemma,section-quasi-finite,142D0D1F53259B20C9A112D8F8BD3F2924A5729FAB2B9E9BEE7719815456F20B,lexical_candidate_only
ega-topic-immersions,1,189,label;section;text,067Q,divisors-lemma-composition-regular-immersion,divisors.tex,5053,lemma,section-regular-immersions,B36784886C52AE3EF1229C81FE6EAA3F7A10CD1A5C0DE93BC7440592ABE6902B,lexical_candidate_only
ega-topic-immersions,2,189,label;section;text,07RK,morphisms-lemma-immersion-permanence,morphisms.tex,220,lemma,section-immersions,76BD36734BAC931212A50DDB5F1D1B4D35BFD11D9367EFF1EDE8960BBB3C8304,lexical_candidate_only
ega-topic-immersions,3,188,label;section;text,063J,divisors-definition-regular-immersion,divisors.tex,4910,definition,section-regular-immersions,C9B0FF7B3EF5EBC45B605DFF330DD7BAAE42526CBC099328C8E7C76573F8C436,lexical_candidate_only
ega-topic-immersions,4,188,label;section;text,063S,divisors-definition-relative-H1-regular-immersion,divisors.tex,5280,definition,section-relative-regular-immersion,34FA82E7B8EDCDE05ACA983F2E33EE0E7B9EF475CAF7027BC71BB7822154D859,lexical_candidate_only
ega-topic-immersions,5,188,label;section;text,09S0,spaces-more-morphisms-lemma-composition-regular-immersion,spaces-more-morphisms.tex,10656,lemma,section-regular-immersions,651C2B8D00CD91BACB4C64A4465D8529764D2CEC25BE78EBC7341361AB6EFE85,lexical_candidate_only
ega-topic-immersions,6,188,label;section;text,03M4,spaces-morphisms-lemma-closed-immersion-local,spaces-morphisms.tex,1990,lemma,section-immersions,B9E006D10A91F11CF84BF4F98B36B5E979C76DCDEDE0FBF21ECE7373DA9CBDD7,lexical_candidate_only
ega-topic-immersions,7,188,label;section;text,04YL,stacks-properties-definition-immersion,stacks-properties.tex,1574,definition,section-immersions,4707B0D61A566BE5DC60A42AAF99B522392B34DDF1BBDAEA6DB22B2DD358FA3D,lexical_candidate_only
ega-topic-immersions,8,187,label;section;text,067T,divisors-lemma-immersion-lci-into-smooth-regular-immersion,divisors.tex,5673,lemma,section-relative-regular-immersion,018562B91F95AE1D4881BEF50391BF339A4CC703F433C7C6623EEC91F4F99483,lexical_candidate_only
ega-topic-immersions,9,187,label;section;text,0E9J,divisors-lemma-immersion-regular-regular-immersion,divisors.tex,5228,lemma,section-regular-immersions,0EDA9C5A603FB81BB60712E85CD8631C9DC85B54A713A650FE2B635634599A91,lexical_candidate_only
ega-topic-immersions,10,187,label;section;text,067U,divisors-lemma-immersion-smooth-into-smooth-regular-immersion,divisors.tex,5720,lemma,section-relative-regular-immersion,5DCA6021F5DA7EECD79837EEFD65EA4311D308A97C5C23C48BE86FAE708AF49B,lexical_candidate_only
ega-topic-immersions,11,187,label;section;text,01IO,schemes-definition-immersion,schemes.tex,1781,definition,section-immersions,A90DCD18C2C708FB1602CC4447D1F8934903C0D2AEEC79C9FE61215FC17C1F92,lexical_candidate_only
ega-topic-immersions,12,187,label;section;text,09S2,spaces-more-morphisms-lemma-extra-permanence-regular-immersion-noetherian,spaces-more-morphisms.tex,10696,lemma,section-regular-immersions,A05FCBCDB0ED9A507EFA739E277D06652E6F5316C3864AD1BA46467AFF18AD95,lexical_candidate_only
ega-topic-immersions,13,187,label;section;text,0502,stacks-properties-lemma-composition-immersion,stacks-properties.tex,1618,lemma,section-immersions,54C77873619D1EEBF9915838215C7381A88BD7D5BB2F3900B7724D4A49DACFF1,lexical_candidate_only
ega-topic-immersions,14,186,label;section;text,0690,divisors-lemma-extra-permanence-regular-immersion-noetherian,divisors.tex,5145,lemma,section-regular-immersions,0045F2D1B55B2A52065F48E2DD0A9ABF7681AF6812D4A3CB5A9C78A998B09317,lexical_candidate_only
ega-topic-immersions,15,186,label;section;text,063U,divisors-lemma-relative-regular-immersion-flat-in-neighbourhood,divisors.tex,5332,lemma,section-relative-regular-immersion,15FD404C8FB4B5B1050EB4EE98F879E156DDD1016B3A95F27EC46AD17AD3A029,lexical_candidate_only
ega-topic-immersions,16,186,label;section;text,0638,divisors-section-regular-immersions,divisors.tex,4890,section,section-regular-immersions,6E861276AEFC9A7FBECF8E2FF0856D597F60F458D098C6EF7B5B834FD8A2A522,lexical_candidate_only
ega-topic-immersions,17,186,label;section;text,063P,divisors-section-relative-regular-immersion,divisors.tex,5247,section,section-relative-regular-immersion,1852B3BAF96EEEE9495F673C854E04B555B93EAA06ACE21BE2C2E09B543BBDEB,lexical_candidate_only
ega-topic-immersions,18,186,label;section;text,078B,examples-section-strange-immersion,examples.tex,1970,section,section-strange-immersion,E8D73B5CE49990749BFE5CFEAC9B75E9FA09C2854E0FD941D7FF55AED3054D11,lexical_candidate_only
ega-topic-immersions,19,186,label;section;text,0FCZ,morphisms-lemma-check-immersion,morphisms.tex,342,lemma,section-immersions,68AE3BCADAD20A4F7EA50020E9D9B0D9C00500B7E371095F161197378E1A3130,lexical_candidate_only
ega-topic-immersions,20,186,label;section;text,01QV,morphisms-lemma-factor-quasi-compact-immersion,morphisms.tex,251,lemma,section-immersions,0B1E81485671153B44D01AFAD879ECE8DA7A2199CBB550041F92048C64F074FE,lexical_candidate_only
ega-topic-immersions,21,186,label;section;text,03DQ,morphisms-lemma-factor-reduced-immersion,morphisms.tex,280,lemma,section-immersions,5092E6C48DF1BBDDD4377CAA9E87D3A07AD823A63492C7F20E24F669F62D2C91,lexical_candidate_only
ega-topic-immersions,22,186,label;section;text,0819,morphisms-lemma-flat-closed-immersions-finite-presentation,morphisms.tex,5038,lemma,section-flat-closed-immersions,9D7469322E30E9B515A231CBE1F2D14DDE0EE68F9FD5DB8E27A89AF6B7558624,lexical_candidate_only
ega-topic-immersions,23,186,label;section;text,00AJ,sheaves-remark-closed-immersion-spaces,sheaves.tex,5063,remark,section-closed-immersions,1711810CC3E5E4AC4D9BB0E7DCA6D66350EE05F25D320274A1FF8ECE9CEA12E9,lexical_candidate_only
ega-topic-immersions,24,186,label;section;text,04YK,stacks-properties-section-immersions,stacks-properties.tex,1568,section,section-immersions,24491AAC4758DDFFBC6FA91692F586C55A0326EE283EB52954BC700664525B37,lexical_candidate_only
ega-topic-immersions,25,185,label;section;text,067P,divisors-lemma-flat-base-change-regular-immersion,divisors.tex,4974,lemma,section-regular-immersions,8F6D1C87570DBEE1263779220678B50A9A7D125422962D3FF8B445BF11E7660D,lexical_candidate_only
ega-topic-immersions,26,185,label;section;text,067S,divisors-lemma-lift-regular-immersion-to-smooth,divisors.tex,5643,lemma,section-relative-regular-immersion,2EC963449BE9F1813A37DF9441C0B8BFAA69B8DC616E052E3A537357BD16FF09,lexical_candidate_only
ega-topic-immersions,27,185,label;section;text,068Z,divisors-lemma-permanence-regular-immersion,divisors.tex,5076,lemma,section-regular-immersions,52C21B4A9C57D61CA8FD3847A1598236A456D852B16B31152E83575EC517F2E8,lexical_candidate_only
ega-topic-immersions,28,185,label;section;text,0693,divisors-lemma-push-regular-immersion-thru-smooth,divisors.tex,5741,lemma,section-relative-regular-immersion,C3058E8CB8EE376D04177026993E7E1C653BB031B0DA96138BDF67BEBE5E95C6,lexical_candidate_only
ega-topic-immersions,29,185,label;section;text,063M,divisors-lemma-quasi-regular-immersion,divisors.tex,4994,lemma,section-regular-immersions,FBBBEF627D0355AA33378FB771E707638478A21D32FB55AE68C1C7AB55303878,lexical_candidate_only
ega-topic-immersions,30,185,label;section;text,063R,divisors-lemma-relative-regular-immersion,divisors.tex,5256,lemma,section-relative-regular-immersion,CD3F1DF6476EDF9C7076A9D8D8EC2B48C91864DBE6050CC1642FE69E836D4D6A,lexical_candidate_only
ega-topic-immersions,31,185,label;section;text,04E1,etale-cohomology-section-closed-immersions,etale-cohomology.tex,6575,section,section-closed-immersions,60FD37EDB7D04B03A7263EC0EA0A46EE6C1A1902DB4404D7373A593E824093F9,lexical_candidate_only
ega-topic-immersions,32,185,label;section;text,0ANP,formal-spaces-definition-closed-immersion,formal-spaces.tex,5866,definition,section-closed-immersions,34C8692F26F7BDE4951D7F52FE9E8D31EB4A43D6737BED37D24B9681FD1F475B,lexical_candidate_only
ega-topic-immersions,33,185,label;section;text,0GHX,formal-spaces-lemma-base-change-closed-immersion,formal-spaces.tex,5887,lemma,section-closed-immersions,589055A4940A5A1833FC43B41B688FE2FBD7D06183A2B0BE944050EA08846A66,lexical_candidate_only
ega-topic-immersions,34,185,label;section;text,0GHY,formal-spaces-lemma-characterize-closed-immersion,formal-spaces.tex,5896,lemma,section-closed-immersions,7B6BACD444FCD323001142FC700EBFFC5C5C4115AB309E67111BEA3927BC037C,lexical_candidate_only
ega-topic-immersions,35,185,label;section;text,0GHW,formal-spaces-lemma-composition-closed-immersion,formal-spaces.tex,5878,lemma,section-closed-immersions,F9FF7D8BB35C02CE871249291CEC8D381DB9459E72A681E7074BF616BCB1A093,lexical_candidate_only
ega-topic-immersions,36,185,label;section;text,01C2,modules-definition-closed-immersion,modules.tex,1856,definition,section-closed-immersion,891946838958E1550065BC25BBBEBBB326B434EEEE2C40B0DBE65DF0319EC929,lexical_candidate_only
ega-topic-immersions,37,185,label;section;text,01C1,modules-section-closed-immersion,modules.tex,1814,section,section-closed-immersion,5906D5CB80A5F7F972D43C279D2D5E77CC5FF59743EF398134954530F1F17FED,lexical_candidate_only
ega-topic-immersions,38,185,label;section;text,0H2N,more-morphisms-section-extensive-criterion-closed-immersions,more-morphisms.tex,23489,section,section-extensive-criterion-closed-immersions,26B5C33B3088A67517184B88A0D03FEE8B349D0FFC9888F0C8E3E660DC17AE3F,lexical_candidate_only
ega-topic-immersions,39,185,label;section;text,01QR,morphisms-lemma-base-change-closed-immersion,morphisms.tex,165,lemma,section-closed-immersions,39939EC2217CFADE1D99E5EBAD50CECEE339CFFF403C238F9873968C476DA6C3,lexical_candidate_only
ega-topic-immersions,40,185,label;section;text,04PW,morphisms-lemma-characterize-flat-closed-immersions,morphisms.tex,5003,lemma,section-flat-closed-immersions,AFF3308C07C1FC1B39396633FDB27067FF03A1A7FE371F9F4CFBF4AD56E989DE,lexical_candidate_only
ega-topic-immersions,41,185,label;section;text,01QP,morphisms-lemma-closed-immersion-ideals,morphisms.tex,110,lemma,section-closed-immersions,F193050CFD573C9C380FCED7C82720CF69822836CF71813DED99B49B24598522,lexical_candidate_only
ega-topic-immersions,42,185,label;section;text,01QS,morphisms-lemma-composition-closed-immersion,morphisms.tex,174,lemma,section-closed-immersions,BC0B95AE90F7B1264CE637AFBF38F52521C46B1E1E04EC26D1476E53EF116269,lexical_candidate_only
ega-topic-immersions,43,185,label;section;text,01QN,morphisms-section-closed-immersions,morphisms.tex,44,section,section-closed-immersions,C5E7EA43C4B3B3055789E222D635318E8648342BA8B458BB87C1F5CD347BDD8C,lexical_candidate_only
ega-topic-immersions,44,185,label;section;text,07RJ,morphisms-section-immersions,morphisms.tex,214,section,section-immersions,61BC3052DBF11B30247D7568442D4949BE71488B481F97FA05C8B9C010FEC17D,lexical_candidate_only
ega-topic-immersions,45,185,label;section;text,09BL,proetale-lemma-closed-immersion-affines-apply,proetale.tex,4852,lemma,section-closed-immersion,8E1FFF08F4FAA5FA95DAAC9F3EBCF54E548C21CF82D2F48137F5F0DCF03BA377,lexical_candidate_only
ega-topic-immersions,46,185,label;section;text,09A9,proetale-section-closed-immersion,proetale.tex,4794,section,section-closed-immersion,8FF4294E5D8BA458ED480C546634F3F37750EA4885BFA027C708ADC291C8736B,lexical_candidate_only
ega-topic-immersions,47,185,label;section;text,01IQ,schemes-lemma-immersion-when-closed,schemes.tex,1849,lemma,section-immersions,FB93DDE7DB622C3F64BAC2481E513036FD4C43F2851D8461B89B269CE14BAD00,lexical_candidate_only
ega-topic-immersions,48,185,label;section;text,01HJ,schemes-section-closed-immersion,schemes.tex,337,section,section-closed-immersion,4FF98AB08ACA3B9361E1F23370C3389D9B5A97E3FA22271055CD9797C2B5792F,lexical_candidate_only
ega-topic-immersions,49,185,label;section;text,08M2,sites-modules-section-closed-immersion,sites-modules.tex,3432,section,section-closed-immersion,930379867FE87A27C18D3FAB6A5819C0EA86185BF27DE80221141FD90A5FEB9F,lexical_candidate_only
ega-topic-immersions,50,185,label;section;text,02YU,spaces-definition-immersion,spaces.tex,1924,definition,section-Zariski,CE736CF1152FAECB59ECF5CE5CEBDB8FB93D057649D58FC099E10C1FAC513D71,lexical_candidate_only
ega-topic-immersions,51,185,label;section;text,02YW,spaces-lemma-base-change-immersions,spaces.tex,1976,lemma,section-Zariski,48FD18BEA57ECEA94FCF1BE123D959E53D29EDC8751745B3DE300E14C51D6433,lexical_candidate_only
ega-topic-immersions,52,185,label;section;text,02YV,spaces-lemma-composition-immersions,spaces.tex,1962,lemma,section-Zariski,7BA7A021FACAFE0D2787738130699BD7EBE8A57C97E7884B4BBD87F86761727F,lexical_candidate_only
ega-topic-immersions,53,185,label;section;text,06BN,spaces-more-morphisms-definition-regular-immersion,spaces-more-morphisms.tex,10530,definition,section-regular-immersions,D2B805F03BDCDA8582A269068E42E1EBDD2831BC4E8FC6775DA6DCDA7729C91F,lexical_candidate_only
ega-topic-immersions,54,185,label;section;text,09RX,spaces-more-morphisms-lemma-flat-base-change-regular-immersion,spaces-more-morphisms.tex,10584,lemma,section-regular-immersions,4E4A6556D2189C1051C6FAD6399D7E7C6E41FF8A5289827B766F77E0A5C0121F,lexical_candidate_only
ega-topic-immersions,55,185,label;section;text,09RY,spaces-more-morphisms-lemma-quasi-regular-immersion,spaces-more-morphisms.tex,10605,lemma,section-regular-immersions,573CA479328EC4D10097DE7B76151D10724FFB44F715E6E3B3C9966EC98441C0,lexical_candidate_only
ega-topic-immersions,56,185,label;section;text,06BL,spaces-more-morphisms-section-regular-immersions,spaces-more-morphisms.tex,10424,section,section-regular-immersions,878A0501063E010E8EF3E130EF1256250D763B367A8C983F4869BD034DAE8E24,lexical_candidate_only
ega-topic-immersions,57,185,label;section;text,04CD,spaces-morphisms-lemma-immersion-when-closed,spaces-morphisms.tex,2086,lemma,section-immersions,712AE2C7578E005745BDE8FAD5C38E4C2EBA8FECE1849D8B2ED673938BC58271,lexical_candidate_only
ega-topic-immersions,58,185,label;section;text,03MA,spaces-morphisms-section-closed-immersions,spaces-morphisms.tex,2203,section,section-closed-immersions,C3C57F59D2EF485FE4515688CD107DB8415F38936FBF3FEDD7BB3B43C17A20FB,lexical_candidate_only
ega-topic-immersions,59,185,label;section;text,04CI,spaces-morphisms-section-closed-immersions-quasi-coherent,spaces-morphisms.tex,2485,section,section-closed-immersions-quasi-coherent,7C232E1C812C96276EF415FD6902FCD5272A62AB14FDB948CE9FF00F3E92CC52,lexical_candidate_only
ega-topic-immersions,60,185,label;section;text,03HB,spaces-morphisms-section-immersions,spaces-morphisms.tex,1972,section,section-immersions,412FFBBE38A64CB5A7D2E0F2E375D7F4A7F6FCAB4652F478EDFBB22574CE284E,lexical_candidate_only
ega-topic-immersions,61,185,label;section;text,0EDP,spaces-pushouts-lemma-pushout-along-closed-immersion-and-integral,spaces-pushouts.tex,1325,lemma,section-pushouts-II,C74D9728EB154A6BCBB90643C176E0B7A04026F805255B1AB5D4B62384334850,lexical_candidate_only
ega-topic-immersions,62,185,label;section;text,0501,stacks-properties-lemma-base-change-immersion,stacks-properties.tex,1604,lemma,section-immersions,75CE42991853F034E06BA5F3067EBD3DD50196758B3A45F1592735981D1C45CD,lexical_candidate_only
ega-topic-immersions,63,184,label;section;text,063T,divisors-lemma-quasi-regular-immersion-flat-at-x,divisors.tex,5309,lemma,section-relative-regular-immersion,EC5741ACCFC86BDCCF1301310847D577E3F21BF856ED15AE5595DCB3D43BDE54,lexical_candidate_only
ega-topic-immersions,64,184,label;section;text,063L,divisors-lemma-regular-immersion-noetherian,divisors.tex,4957,lemma,section-regular-immersions,6C46070E6C3BA8BD74AF13820202441C7AD2092742A5D8674D39F7CDE54F3571,lexical_candidate_only
ega-topic-immersions,65,184,label;section;text,063K,divisors-lemma-regular-quasi-regular-immersion,divisors.tex,4942,lemma,section-regular-immersions,DA325C9988A8D1769E856C3C4D8D3921F7526555884866645328B81CA67B528E,lexical_candidate_only
ega-topic-immersions,66,184,label;section;text,067R,divisors-lemma-section-smooth-regular-immersion,divisors.tex,5601,lemma,section-relative-regular-immersion,4FF75661979E77F05C1EAD4EDFF4B12F35C16D8C0BFAAF2CAE3AE172A7E8B7AA,lexical_candidate_only
ega-topic-immersions,67,184,label;section;text,0FUD,divisors-remark-relative-regular-immersion-elements,divisors.tex,5374,remark,section-relative-regular-immersion,3879EA7D840220723F4E3B90836395D887D4453B328132A8DE39CDA731F5672E,lexical_candidate_only
ega-topic-immersions,68,184,label;section;text,0B6M,duality-example-trace-closed-immersion,duality.tex,2277,example,section-sections-with-exact-support,B535758D301B703B260BB26AD07B6394BA0495637B5AC164D1F1E69A7A9D12CB,lexical_candidate_only
ega-topic-immersions,69,184,label;section;text,04FW,etale-cohomology-lemma-closed-immersion-almost-essentially-surjective,etale-cohomology.tex,6621,lemma,section-closed-immersions,598EEC4410AB46AAA7172A87AE6DD3DA304BABAAFCD3FD73F1D1457B2D256089,lexical_candidate_only
ega-topic-immersions,70,184,label;section;text,04FV,etale-cohomology-lemma-closed-immersion-almost-full,etale-cohomology.tex,6597,lemma,section-closed-immersions,CB9F2E56BFC9E7C874800B9B325F22892A1A4D54BBBCE2B7692B588083AC482A,lexical_candidate_only
ega-topic-immersions,71,184,label;section;text,04FX,etale-cohomology-lemma-stalk-pushforward-closed-immersion,etale-cohomology.tex,6644,lemma,section-closed-immersions,23A4BE19185FCF656A4AFD0FFB9AF04019CFACCEC6D422DE2A8A57CE88B5ADCF,lexical_candidate_only
ega-topic-immersions,72,184,label;section;text,04CA,etale-cohomology-proposition-closed-immersion-pushforward,etale-cohomology.tex,6702,proposition,section-closed-immersions,437A03F5004BEADFCDACDD9DC41C1FAF12CF9BED154D47390E37062BC9588E59,lexical_candidate_only
ega-topic-immersions,73,184,label;section;text,0ANQ,formal-spaces-lemma-closed-immersion-into-McQuillan,formal-spaces.tex,5921,lemma,section-closed-immersions,77D58ACA18863550882C92130140BBAB344EAC5E8F458BB63E35BCB8E77509FA,lexical_candidate_only
ega-topic-immersions,74,184,label;section;text,0ANN,formal-spaces-section-closed-immersions,formal-spaces.tex,5860,section,section-closed-immersions,437A046D911A3C83ED92E1DFB39AFE764814C7EE9D8317FB540B2A3EEFE8BD35,lexical_candidate_only
ega-topic-immersions,75,184,label;section;text,01AW,modules-section-closed-immersions,modules.tex,549,section,section-closed-immersions,2728130F9423913848486EE509A5B3AD82CABAA956F0B681EEC2446E9CA05EB8,lexical_candidate_only
ega-topic-immersions,76,184,label;section;text,0H1G,more-morphisms-section-closed-immersions-smooth,more-morphisms.tex,4855,section,section-closed-immersions-smooth,26C068E8BCE30CE6C0E152573B23335F20131AE0B818875ABF5500B6D197C7CE,lexical_candidate_only
ega-topic-immersions,77,184,label;section;text,01QO,morphisms-lemma-closed-immersion,morphisms.tex,58,lemma,section-closed-immersions,49852D450417099B83DA59ED8E6B9C15E0B498620955DF31542BB90BFAE06DB9,lexical_candidate_only
ega-topic-immersions,78,184,label;section;text,01QQ,morphisms-lemma-closed-immersion-bijection-ideals,morphisms.tex,135,lemma,section-closed-immersions,AE36F62F7405F7A7FF80BDD7CBCF684FBEADF157050BF736C1C408F0F91E4214,lexical_candidate_only
ega-topic-immersions,79,184,label;section;text,01QT,morphisms-lemma-closed-immersion-quasi-compact,morphisms.tex,190,lemma,section-closed-immersions,B4B31653831C0D8A68287A18AE54172016CFBC98AB9143988E21826FC81BBD85,lexical_candidate_only
ega-topic-immersions,80,184,label;section;text,01QU,morphisms-lemma-closed-immersion-separated,morphisms.tex,200,lemma,section-closed-immersions,2229E3E14E6E4557129F9513E79C4FA3683ED5279CAC51A5594B23080D304F9F,lexical_candidate_only
ega-topic-separated,1,190,label;section;text,04YZ,stacks-morphisms-lemma-first-diagonal-separated-second-diagonal-closed,stacks-morphisms.tex,1555,lemma,section-higher-diagonals,1321502F87EF664930396D6E6E6BC533276D349B0D2EE791804BF1D9B31871EB,lexical_candidate_only
ega-topic-separated,2,188,label;section;text,0CL0,stacks-morphisms-lemma-diagonal-diagonal,stacks-morphisms.tex,1372,lemma,section-higher-diagonals,BA483A8EB940ECD584CF83D0BE685B86C3B3D71932154F59E7B4B51B3233DA01,lexical_candidate_only
ega-topic-separated,3,186,label;section;text,06EA,examples-lemma-non-separated-group-space,examples.tex,3736,lemma,section-non-separated-group-space,9D6F3E62B4E284993A888678F6B716F6528AEDDFAC6E4EEF98AECDDD923B8566,lexical_candidate_only
ega-topic-separated,4,186,label;section;text,06E7,examples-section-non-separated-group-scheme,examples.tex,3613,section,section-non-separated-group-scheme,EB451347B400AF42B5A81EF864D6E862195502DF5C9C0282B6F34CF728996597,lexical_candidate_only
ega-topic-separated,5,186,label;section;text,06E9,examples-section-non-separated-group-space,examples.tex,3713,section,section-non-separated-group-space,29635C158478A8F279A8692F797C27F8A559C9A1BB4B7DD81DF5476F67345631,lexical_candidate_only
ega-topic-separated,6,186,label;section;text,01L0,schemes-lemma-valuative-criterion-separatedness,schemes.tex,4499,lemma,section-valuative-separatedness,609BB7E8FF3EC1009162E80B003BBC2B18EE34351FA6FBB39A9DBC503FA1B12B,lexical_candidate_only
ega-topic-separated,7,186,label;section;text,03KV,spaces-morphisms-lemma-valuative-criterion-separatedness,spaces-morphisms.tex,8988,lemma,section-valuative-separatedness,016C8BE589EE15872DF7186D26A66C9693A26DB4B1C7633F5E3400AB6CF3053D,lexical_candidate_only
ega-topic-separated,8,186,label;section;text,04YU,stacks-morphisms-lemma-representable-locally-separated-diagonal-immersion,stacks-morphisms.tex,333,lemma,section-diagonals,5BE6F2727C81D719C7085AEDF46688B5AABDC48094F54819D3485BF806B670AB,lexical_candidate_only
ega-topic-separated,9,186,label;section;text,04YT,stacks-morphisms-lemma-representable-quasi-separated-diagonal-quasi-compact,stacks-morphisms.tex,286,lemma,section-diagonals,156265619A3756C8A99C4D3C062B5C54CDA8C8B9A00C26BEB500DF3EA874AC45,lexical_candidate_only
ega-topic-separated,10,186,label;section;text,04YS,stacks-morphisms-lemma-representable-separated-diagonal-closed,stacks-morphisms.tex,239,lemma,section-diagonals,56934CE81F2D0EC8FA5449F6E129D131B32858D547CF956191DB73A2262CABE3,lexical_candidate_only
ega-topic-separated,11,186,label;section;text,04XQ,stacks-morphisms-section-diagonals,stacks-morphisms.tex,55,section,section-diagonals,48CC04C959F2884260B92BB9230EB186B132A2A6E7E51DE6E98A984B9223F5A9,lexical_candidate_only
ega-topic-separated,12,185,label;section;text,046I,bootstrap-section-bootstrap-diagonal,bootstrap.tex,621,section,section-bootstrap-diagonal,84F08F444854E792EDB76D19BB1F7BDD502686FB4C944DD66EBF9F0E0E48017C,lexical_candidate_only
ega-topic-separated,13,185,label;section;text,088H,decent-spaces-section-locally-separated,decent-spaces.tex,3452,section,section-locally-separated,BF32E1B6ADE7B2F4AE67CB2AE86E08EA23EF8E18206866252F1A5BC76D54E1E1,lexical_candidate_only
ega-topic-separated,14,185,label;section;text,0FCV,dpa-section-smooth-diagonal-perfect,dpa.tex,2337,section,section-smooth-diagonal-perfect,723B51BC9C8865D298FCFE397EE644BE9EDA8C5453D9B1181B0DDFC27CBF370A,lexical_candidate_only
ega-topic-separated,15,185,label;section;text,0AJF,formal-spaces-remark-structure-quasi-compact-quasi-separated,formal-spaces.tex,3731,remark,section-quasi-compact-quasi-separated,F21D402398921EA74FB119BF6B0153707C8C048B50BB288579F5564CA5210136,lexical_candidate_only
ega-topic-separated,16,185,label;section;text,0AJD,formal-spaces-section-quasi-compact-quasi-separated,formal-spaces.tex,3642,section,section-quasi-compact-quasi-separated,F9CE6399C2BB7D62520D2FE4008B1CD3A101F5109DA36E4973B5049B79F16233,lexical_candidate_only
ega-topic-separated,17,185,label;section;text,0B0A,intersection-section-reduction-diagonal,intersection.tex,1559,section,section-reduction-diagonal,77E0C9A69497776D34759C6FDDB8C1F9C0A18998F435D3569DCD236E1CD373DC,lexical_candidate_only
ega-topic-separated,18,185,label;section;text,02W7,more-morphisms-section-separated-locally-quasi-finite,more-morphisms.tex,16263,section,section-separated-locally-quasi-finite,F4B040E8B84A2E2A26C202F23139D7724089CC6483038E1D0F8D10CAAF82BFCF,lexical_candidate_only
ega-topic-separated,19,185,label;section;text,01KY,schemes-section-valuative-separatedness,schemes.tex,4478,section,section-valuative-separatedness,FFD04C936B188F3098963544258334F02BED3541BACC481B0DF43A065838624E,lexical_candidate_only
ega-topic-separated,20,185,label;section;text,0A3Z,spaces-morphisms-lemma-characterize-separated-and-universally-closed,spaces-morphisms.tex,9031,lemma,section-valuative-separatedness,52A6EFC89E285CF2DA0339CBB3D91D71DBC72BF6B2DA6DCA30725662EF58202D,lexical_candidate_only
ega-topic-separated,21,185,label;section;text,06NI,spaces-properties-section-points-quasi-separated,spaces-properties.tex,1852,section,section-points-quasi-separated,0CF431CD8355C6E8C019B38FA3AA100098B43E464F651EF3C17D7294E1BA077D,lexical_candidate_only
ega-topic-separated,22,185,label;section;text,04Z0,stacks-morphisms-lemma-definition-separated,stacks-morphisms.tex,1584,lemma,section-higher-diagonals,1F8C329F71AF84EE5439DDBBAFC1CE9D3748D08F9BF1D8932DAB96BF139C52A5,lexical_candidate_only
ega-topic-separated,23,185,label;section;text,0CPL,stacks-morphisms-lemma-separated-implies-isom,stacks-morphisms.tex,1639,lemma,section-higher-diagonals,9C34E33810C8A147300064EB3C0B83216BDD215F29393A6607E632B9CC5C26A2,lexical_candidate_only
ega-topic-separated,24,185,label;section;text,0CLR,stacks-morphisms-lemma-setoids-and-diagonal,stacks-morphisms.tex,9238,lemma,section-valuative-second,C2206A346A48EE3852DF27352AB91DCD2555F5240DB5E91425BF180E88A030AA,lexical_candidate_only
ega-topic-separated,25,185,label;section;text,0CLT,stacks-morphisms-lemma-uniqueness-and-diagonal,stacks-morphisms.tex,9374,lemma,section-valuative-diagonal,6C686FA2FC74B717CB045A0C432177202744FBAFF68F0AAE79960107A355BB52,lexical_candidate_only
ega-topic-separated,26,185,label;section;text,04YX,stacks-morphisms-section-higher-diagonals,stacks-morphisms.tex,1327,section,section-higher-diagonals,0BC1BBA82DE930154B3FE78650B472F17CB2E59EB6121BE1F9A80A526DA0EEFF,lexical_candidate_only
ega-topic-separated,27,185,label;section;text,0CLS,stacks-morphisms-section-valuative-diagonal,stacks-morphisms.tex,9323,section,section-valuative-diagonal,2FCFB4300C11EAEDEAF4FB405A97FEA724FAB2FC793D8553367380C3921CCD80,lexical_candidate_only
ega-topic-separated,28,185,label;section;text,0CY1,topology-definition-separated,topology.tex,196,definition,section-separated,A261749BEF34F088A013857BA905F9A0604E0851911C91B7795EA98F749C4C7D,lexical_candidate_only
ega-topic-separated,29,185,label;section;text,0CY4,topology-lemma-base-change-separated,topology.tex,260,lemma,section-separated,7D919B11C927D64D170DF661B0D2F1B5152946A693D8CD5A263802B989FBE0BD,lexical_candidate_only
ega-topic-separated,30,184,label;section;text,03Y2,bootstrap-lemma-representable-diagonal,bootstrap.tex,630,lemma,section-bootstrap-diagonal,CCF8643B221E6D79941B729A6F17FA5EB6DCDE61B48BB1814DE33D124EEEF442,lexical_candidate_only
ega-topic-separated,31,184,label;section;text,0FBR,chow-section-gysin-for-diagonal,chow.tex,13975,section,section-gysin-for-diagonal,623388D846913F9DB15572D95498DC4F9AB322EF9BA3CCB5286D34FDDB0174E7,lexical_candidate_only
ega-topic-separated,32,184,label;section;text,088J,decent-spaces-lemma-locally-separated-decent,decent-spaces.tex,3501,lemma,section-locally-separated,A5846FC4B21C037684F3744BEA87829912077B5843BE2F744E95E20D2BFC3BBE,lexical_candidate_only
ega-topic-separated,33,184,label;section;text,08IX,examples-lemma-non-quasi-separated-group-scheme,examples.tex,3652,lemma,section-non-separated-group-scheme,78FCA350914853F5A3CAC202235A72EE8D94ADC8AD12508DEB07AE1A5B2FCC97,lexical_candidate_only
ega-topic-separated,34,184,label;section;text,06E8,examples-lemma-non-separated-group-scheme,examples.tex,3642,lemma,section-non-separated-group-scheme,3FD6C0B3397CFAAC18B28FC8FB5C63A40A9860A9941C84E48B1C2F975C2B619D,lexical_candidate_only
ega-topic-separated,35,184,label;section;text,0AJE,formal-spaces-lemma-structure-quasi-compact-quasi-separated,formal-spaces.tex,3649,lemma,section-quasi-compact-quasi-separated,56949108C04C939C023477112BBAB78594D2A1507AE9F184292DB55DF1C12DD0,lexical_candidate_only
ega-topic-separated,36,184,label;section;text,02W8,more-morphisms-lemma-separated-locally-quasi-finite-morphisms-fppf-descend,more-morphisms.tex,16279,lemma,section-separated-locally-quasi-finite,C40AF42D303912F6DE225DA9B8A3FE05897C0D917ED7A907D1A30B16076FFDB3,lexical_candidate_only
ega-topic-separated,37,184,label;section;text,01KZ,schemes-lemma-separated-implies-valuative,schemes.tex,4481,lemma,section-valuative-separatedness,E40CDF85C1B32E9F1F05CFBAC6D64CFBCC68B9D6449929E26521DBCAE6E5DB4B,lexical_candidate_only
ega-topic-separated,38,184,label;section;text,03KU,spaces-morphisms-lemma-separated-implies-valuative,spaces-morphisms.tex,8968,lemma,section-valuative-separatedness,AC36B5605BCA3C7D870865BAD8C799C0300B08DC99421B6ADE501569FEB37FFB,lexical_candidate_only
ega-topic-separated,39,184,label;section;text,03XX,spaces-morphisms-proposition-locally-quasi-finite-separated-over-scheme,spaces-morphisms.tex,10590,proposition,section-schemehood,5DADE2E2DD73745936DC61CA19EACB29883695966196D2AA9762C5CFF4464132,lexical_candidate_only
ega-topic-separated,40,184,label;section;text,03KT,spaces-morphisms-section-valuative-separatedness,spaces-morphisms.tex,8962,section,section-valuative-separatedness,C426AF1C7E0A30AEE684CB9B5CE3DC325C696BE6B6BE362844D7A96F64BCDEA6,lexical_candidate_only
ega-topic-separated,41,184,label;section;text,0A4G,spaces-properties-lemma-quasi-compact-quasi-separated-spectral,spaces-properties.tex,1911,lemma,section-points-quasi-separated,3C610449D27C749DA2F8B38F37514BAA1ADF0780797A550CFF41EE37827139EB,lexical_candidate_only
ega-topic-separated,42,184,label;section;text,06NJ,spaces-properties-lemma-quasi-separated-sober,spaces-properties.tex,1863,lemma,section-points-quasi-separated,8251EC9014DB0A5C034AC590708A573B3BB6D4F4B9DDCDA8DE33FE626D231CCC,lexical_candidate_only
ega-topic-separated,43,184,label;section;text,0CLU,stacks-morphisms-lemma-converse-uniqueness-and-diagonal,stacks-morphisms.tex,9413,lemma,section-valuative-diagonal,E5088740BC54EE875D07293A5E27A552420EFC18ADEEA5A9731FC389B38D85C0,lexical_candidate_only
ega-topic-separated,44,184,label;section;text,04XS,stacks-morphisms-lemma-properties-diagonal,stacks-morphisms.tex,131,lemma,section-diagonals,920C3E6AC3C4A00C464775A302F192A05089EB1F0AB71F80A8A6F7FDDB834894,lexical_candidate_only
ega-topic-separated,45,184,label;section;text,04YQ,stacks-morphisms-lemma-properties-diagonal-representable,stacks-morphisms.tex,192,lemma,section-diagonals,35FAB7AB0EDF57B295EA6AE9E48D13903304F6F7AB51ECC967A39A0A6A3949EC,lexical_candidate_only
ega-topic-separated,46,184,label;section;text,04YY,stacks-morphisms-lemma-second-diagonal,stacks-morphisms.tex,1488,lemma,section-higher-diagonals,664E41BE63F12F23EFE49D1507EC9D66727AC24DF0D220215B45B0A6BB4BD4B9,lexical_candidate_only
ega-topic-separated,47,184,label;section;text,0CY2,topology-lemma-separated,topology.tex,203,lemma,section-separated,EAC1D9CE54AFF2CB9FFA6FDAF5B4EB1637D516258669864C02E70FBC01E60141,lexical_candidate_only
ega-topic-separated,48,184,label;section;text,0CY0,topology-section-separated,topology.tex,190,section,section-separated,F12206A942CBB372EAEBBFDFBC9644211D300D1DD6AC3CB4FE50FC72D289232B,lexical_candidate_only
ega-topic-separated,49,163,label;section,046K,bootstrap-lemma-bootstrap-diagonal,bootstrap.tex,747,lemma,section-bootstrap-diagonal,FADE4A592824A9CA22C04A374A068390AEC01AFAEB7F32DC9543CBC0BDA0B67A,lexical_candidate_only
ega-topic-separated,50,163,label;section,0FBS,chow-lemma-diagonal-identity,chow.tex,13991,lemma,section-gysin-for-diagonal,C54A5E71C3621D36B93916612601414FD78B7E5F47644871E00FD2E4D5522EC2,lexical_candidate_only
ega-topic-separated,51,163,label;section,0FCW,dpa-lemma-local-perfect-diagonal,dpa.tex,2344,lemma,section-smooth-diagonal-perfect,F0D225326B4344B8BDCC099C4C0AF3C17875776778296D79D3D07F8F5FC5C11D,lexical_candidate_only
ega-topic-separated,52,163,label;section,0FCX,dpa-lemma-perfect-diagonal,dpa.tex,2436,lemma,section-smooth-diagonal-perfect,430F0D06D08759EC91EA21795A571FE7A610303CD887197497EDBA4F14E70679,lexical_candidate_only
ega-topic-separated,53,163,label;section,0B0U,intersection-lemma-reduction-diagonal,intersection.tex,1678,lemma,section-reduction-diagonal,EF9EE079A41C70EFC4EAD7457042117BAB0EDD27A64140BD22036ACA0AE934C7,lexical_candidate_only
ega-topic-separated,54,163,label;section,0B0T,intersection-lemma-tor-and-diagonal,intersection.tex,1570,lemma,section-reduction-diagonal,F7A6F3B4F6D11F697EF4EF57C78EE48838A506C4A533B770DE3D4645C3B011CF,lexical_candidate_only
ega-topic-separated,55,163,label;section,04XT,stacks-morphisms-equation-diagonal,stacks-morphisms.tex,162,equation,section-diagonals,5EB6325F7E6B79A878B1967D8760304D3B48840BA9D97B79909F46566E5E485D,lexical_candidate_only
ega-topic-separated,56,163,label;section,0E8L,stacks-morphisms-lemma-helper-diagonal,stacks-morphisms.tex,9330,lemma,section-valuative-diagonal,CD3BEBB239FA53652305F72CA43FE72D503A6338643BA630AD850956312545DD,lexical_candidate_only
ega-topic-separated,57,123,label;text,04ZH,spaces-morphisms-lemma-separated-over-separated,spaces-morphisms.tex,387,lemma,section-separation-axioms,65A6F4F873B7EFF1E4A50E707EABF3AFCAD431E598CEB24BE21273FC8C5213F9,lexical_candidate_only
ega-topic-separated,58,121,label;text,01KU,schemes-lemma-separated-permanence,schemes.tex,4289,lemma,section-separation-axioms,9D9C5CEDF455B3ED5415EA4ABF1F4F15DC3200EC08F0E8E3982165EDF317C64A,lexical_candidate_only
ega-topic-separated,59,120,label;text,04ZI,spaces-morphisms-lemma-separated-implies-morphism-separated,spaces-morphisms.tex,441,lemma,section-separation-axioms,79A0E01DA028DB56D6411833EFCD5EB6E6F277EA2038D0DC10FB0F0FFC5AF7FA,lexical_candidate_only
ega-topic-separated,60,119,label;text,09MQ,morphisms-lemma-image-universally-closed-separated,morphisms.tex,10114,lemma,section-proper,E330767DCE58D42F884A26F5A81C3CF7A4793DA90F0E5D83B2788FBAD6EDD099,lexical_candidate_only
ega-topic-separated,61,118,label;text,01KK,schemes-definition-separated,schemes.tex,4062,definition,section-separation-axioms,E5800E3B43736400BF962B4E0CFCD52327D30EFB38C59C40FAE690674C90A23D,lexical_candidate_only
ega-topic-separated,62,118,label;text,05Z2,spaces-morphisms-lemma-image-universally-closed-separated,spaces-morphisms.tex,1561,lemma,section-universally-closed,16772BB47A85A080323F5DAAEB2ADE9C7E7361DF7C71A45E010AD0E0B7268F90,lexical_candidate_only
ega-topic-separated,63,118,label;text,0BBM,spaces-properties-lemma-quotient-separated,spaces-properties.tex,1803,lemma,section-getting-a-scheme,ECEC319DDEED63A608B819A0FEF5EF68E24C5753FEFBB6076878D1B031357F8E,lexical_candidate_only
ega-topic-separated,64,118,label;text,050M,stacks-morphisms-lemma-compose-after-separated,stacks-morphisms.tex,716,lemma,section-separated,9DF10BA222F5952BCAE11E9617D0DDD652F62C31331118B532B8465A399CCC79,lexical_candidate_only
ega-topic-separated,65,118,label;text,050N,stacks-morphisms-lemma-separated-implies-morphism-separated,stacks-morphisms.tex,848,lemma,section-separated,0C88EC27EA9943938D9CC301438048DF41A260B92C744CA578215216DFB178BF,lexical_candidate_only
ega-topic-separated,66,118,label;text,050L,stacks-morphisms-lemma-separated-over-separated,stacks-morphisms.tex,675,lemma,section-separated,CABF517853A9A58070E43012E8CEEB0DDABC15B5B73899557065D8A173F18A8A,lexical_candidate_only
ega-topic-separated,67,117,label;text,0E26,more-morphisms-lemma-pushout-separated,more-morphisms.tex,19847,lemma,section-pushouts-II,2E87528AF1A1D2E071A3C03B6B51184C76366588D6250A3CAEA5573AEC4082E7,lexical_candidate_only
ega-topic-separated,68,117,label;text,02X5,spaces-definition-separated,spaces.tex,2130,definition,section-separation,B1FC813D226FE733F124F5D64B2B858A0D891063C8EE0DEF13F5D62D2F9B74BE,lexical_candidate_only
ega-topic-separated,69,117,label;text,075S,stacks-morphisms-lemma-quasi-compact-quasi-separated-permanence,stacks-morphisms.tex,1855,lemma,section-quasi-compact,F1B5D96BC05E6DA6167A8CE5C204BAC0E5CF126CBF220F25B6FED3A14BD03904,lexical_candidate_only
ega-topic-separated,70,116,label;text,0AJ7,formal-spaces-definition-separated,formal-spaces.tex,3469,definition,section-separation,7C95169650D51D07EC56FEA7F16314256137A13B118C3C608188B8CE186F396A,lexical_candidate_only
ega-topic-separated,71,116,label;text,0APX,formal-spaces-lemma-separated-from-separated,formal-spaces.tex,3527,lemma,section-separation,80DF26D8710C51349F6A1A8B428A0FD970C98317D5E7A03186094096785ECD5F,lexical_candidate_only
ega-topic-separated,72,116,label;text,01ZH,limits-lemma-eventually-separated,limits.tex,863,lemma,section-descent,7D5A7A8B0A54B213CC213E9BDCC58E11E6C4046DEC19D2B693651609A384324B,lexical_candidate_only
ega-topic-separated,73,116,label;text,0DSQ,moduli-curves-lemma-curves-diagonal-separated-fp,moduli-curves.tex,292,lemma,section-properties,A366FEAB717F7106994B8E6ACC9B8773C1FB0DD438D9A2B6000C83B881B30BE0,lexical_candidate_only
ega-topic-separated,74,116,label;text,0DPT,moduli-lemma-polarized-diagonal-separated-fp,moduli.tex,1766,lemma,section-polarized,A366FEAB717F7106994B8E6ACC9B8773C1FB0DD438D9A2B6000C83B881B30BE0,lexical_candidate_only
ega-topic-separated,75,116,label;text,01KV,schemes-lemma-compose-after-separated,schemes.tex,4337,lemma,section-separation-axioms,9300B6BF2190B198C2C952F84BC48D3766DF874A35D1E004DA35DE6A20D07190,lexical_candidate_only
ega-topic-separated,76,116,label;text,0816,schemes-remark-quasi-compact-and-quasi-separated,schemes.tex,4445,remark,section-separation-axioms,8C587127D7B880D301B94A01888FEDBA915C5369ACE23EA3E9834E3F9499319A,lexical_candidate_only
ega-topic-separated,77,116,label;text,02Z4,spaces-lemma-quotient-finite-separated,spaces.tex,2331,lemma,section-examples,48828E943A2FE9C7D520C9ADE45FCD3A47801CF526C99243F430C658A3FE9A23,lexical_candidate_only
ega-topic-separated,78,116,label;text,086X,spaces-limits-lemma-eventually-separated,spaces-limits.tex,1324,lemma,section-descent,1CCAD4FA64D8ED47ECEE047733516411B6E642348B9D927A359A293E1BD643DA,lexical_candidate_only
ega-topic-separated,79,116,label;text,03HL,spaces-morphisms-definition-separated,spaces-morphisms.tex,237,definition,section-separation-axioms,196EDE7F5FE41AB2AC4124ACBBAF73D146CC235502047E0E7AED6EA01A10F2E0,lexical_candidate_only
ega-topic-separated,80,116,label;text,03KY,spaces-morphisms-lemma-match-separated,spaces-morphisms.tex,559,lemma,section-separation-axioms,61D3C6EFB39606ABAFC606B735D529C802F8FB7F6AF166F97FAEE1A65C8F1779,lexical_candidate_only
ega-topic-proper,1,236,label;chapter;section;text,04YE,stacks-properties-section-types-properties,stacks-properties.tex,1219,section,section-types-properties,3F68EB091211602D3DE1E096CB5019562A2D69722943C41EFFAF5AC94D347B6F,lexical_candidate_only
ega-topic-proper,2,235,label;chapter;section;text,03E5,spaces-properties-section-types-properties,spaces-properties.tex,973,section,section-types-properties,D73537ED251CE0C3406E3B4449131811748B8D3A1AD80EC057E64DCDF5BEE92F,lexical_candidate_only
ega-topic-proper,3,234,label;chapter;section;text,03E6,spaces-properties-definition-type-property,spaces-properties.tex,1009,definition,section-types-properties,319DC9A9B5F151905921E3C86B38B4A13A6C9EEE555C5E3D4BC29503D591D2A6,lexical_candidate_only
ega-topic-proper,4,234,label;chapter;section;text,03E8,spaces-properties-lemma-type-property,spaces-properties.tex,980,lemma,section-types-properties,81E12C57EF5A32CC040969BE2513FD86BC19ABC636F37D146FCF3E4A62F479EB,lexical_candidate_only
ega-topic-proper,5,234,label;chapter;section;text,04YG,stacks-properties-definition-type-property,stacks-properties.tex,1280,definition,section-types-properties,F01602D4A1A4868BEE2B2B4723F328896C7CBEE04ABAD84607311DFC9C02EE52,lexical_candidate_only
ega-topic-proper,6,234,label;chapter;section;text,04YF,stacks-properties-lemma-type-property,stacks-properties.tex,1231,lemma,section-types-properties,7E1091A84D548BD3999C968DDB214683A7359A80AE898D43DCCA45D9CDE4D123,lexical_candidate_only
ega-topic-proper,7,233,label;chapter;section;text,01OO,properties-section-properties-rings,properties.tex,295,section,section-properties-rings,8834ACB4EF1A825FC75CDE9532AA4935B246AB831AE1F28F79847CA7978C87E6,lexical_candidate_only
ega-topic-proper,8,233,label;chapter;section;text,04RC,spaces-properties-definition-property-at-point,spaces-properties.tex,1076,definition,section-types-properties,1747882FA898B8309AB134F5D2C1AEF8DE02B0DEBF0D3CB3E7A4B244EEEE36EC,lexical_candidate_only
ega-topic-proper,9,233,label;chapter;section;text,0BBL,spaces-properties-remark-list-properties-local-ring-local-etale-topology,spaces-properties.tex,1087,remark,section-types-properties,DCF6E34B285AF989B80F43B07C0809D286FC202C0C28874640C4D0430605CF5A,lexical_candidate_only
ega-topic-proper,10,233,label;chapter;section;text,04YJ,stacks-properties-definition-property-at-point,stacks-properties.tex,1391,definition,section-types-properties,854D35065D82773CBB02650A4CA93C6425181098AD24CA79AB2365C010DD369A,lexical_candidate_only
ega-topic-proper,11,232,label;chapter;section;text,03E7,spaces-properties-remark-list-properties-local-etale-topology,spaces-properties.tex,1021,remark,section-types-properties,C95E51000554991695997AF29DD4B12EB6628207D882EFE1EE4B23D5C57514C0,lexical_candidate_only
ega-topic-proper,12,232,label;chapter;section;text,04YH,stacks-properties-remark-list-properties-local-smooth-topology,stacks-properties.tex,1291,remark,section-types-properties,89CF9A35193A6AEA1B0CA78AA1FFE79700AC945E9C20AC41F9EF7C9AF5C0E058,lexical_candidate_only
ega-topic-proper,13,232,label;chapter;section;text,04XB,stacks-properties-section-properties-morphisms,stacks-properties.tex,161,section,section-properties-morphisms,F33EAB163418B5D1D99ED8570E2FFEA4C34A7DA722FA0AE9D01DA8A185D6DE6D,lexical_candidate_only
ega-topic-proper,14,231,label;chapter;section;text,01OP,properties-definition-property-local,properties.tex,302,definition,section-properties-rings,D4CE44933FB1CA19916AAC4E5096F53809F9BCD1DFFC81AB6C0D220DACBEBF02,lexical_candidate_only
ega-topic-proper,15,231,label;chapter;section;text,01OT,properties-lemma-properties-local,properties.tex,378,lemma,section-properties-rings,84A50FE22241AFA743E177724F6C795026E27658BF5CEDCA5DAD328BB3648B69,lexical_candidate_only
ega-topic-proper,16,231,label;chapter;section;text,05VR,spaces-properties-section-properties-modules,spaces-properties.tex,5567,section,section-properties-modules,6FB4CEBA214F90FE3519F3BD35F86D76A32B1B71FA42762749EC6ADB7731A741,lexical_candidate_only
ega-topic-proper,17,231,label;chapter;section;text,06M2,stacks-properties-lemma-check-property-after-precomposing,stacks-properties.tex,528,lemma,section-properties-morphisms,97A6E5E3166053D310F502ED30D87422FFD81F5BBE8254C3B1210511DAF6C18A,lexical_candidate_only
ega-topic-proper,18,231,label;chapter;section;text,04XD,stacks-properties-lemma-check-property-covering,stacks-properties.tex,466,lemma,section-properties-morphisms,198EA4A55CEE662D942AF07FE62C76411C20A13031C0A3C0A65CB3F83520B90E,lexical_candidate_only
ega-topic-proper,19,231,label;chapter;section;text,06TY,stacks-properties-lemma-check-property-weak-covering,stacks-properties.tex,499,lemma,section-properties-morphisms,20C9B0F84A8D3F708C7D204C058DFB5131E61F143AD8A4196C1A0F817407EF4E,lexical_candidate_only
ega-topic-proper,20,231,label;chapter;section;text,04XC,stacks-properties-lemma-property-spaces-too,stacks-properties.tex,433,lemma,section-properties-morphisms,26C7EF91E2D7F0472BFFBCF11C03232B790C70303D80450DC32D3CA262DDEF79,lexical_candidate_only
ega-topic-proper,21,230,label;chapter;section;text,01OQ,properties-definition-locally-P,properties.tex,315,definition,section-properties-rings,BF1F75F4CCAF4FD80AD8B307254B37CA09114ABCBAAC043E6C5C4187BA68E5D9,lexical_candidate_only
ega-topic-proper,22,230,label;chapter;section;text,01OR,properties-lemma-locally-P,properties.tex,330,lemma,section-properties-rings,E0C0F0DCF9E7173CD870448108D21A9577B3BA7B8A75763F5F392B2082AAF6A2,lexical_candidate_only
ega-topic-proper,23,230,label;chapter;section;text,04N2,spaces-properties-lemma-local-source-target-at-point,spaces-properties.tex,1054,lemma,section-types-properties,E922F3DD5A7911F22CAF8B24EA38B57554C21639D446301F8B4BD4932633143F,lexical_candidate_only
ega-topic-proper,24,230,label;chapter;section;text,04YI,stacks-properties-lemma-local-source-target-at-point,stacks-properties.tex,1326,lemma,section-types-properties,C5DF894DA70FF802225E96AD0537CC1D15A1A7A0E952031D44A118C4F41D4B6E,lexical_candidate_only
ega-topic-proper,25,208,label;chapter;section,01OS,properties-lemma-reduced-is-locally-reduced,properties.tex,368,lemma,section-properties-rings,3168AAF0606D7982CFFAF22E7F5B8437FA309BB85E71C0C986118805AEA5FF06,lexical_candidate_only
ega-topic-proper,26,208,label;chapter;section,04Y7,stacks-properties-equation-verify,stacks-properties.tex,625,equation,section-properties-morphisms,77211CC9CE6C9B2FA99F9703C440F4A93061BA153122A1F6755D3C0C546C3770,lexical_candidate_only
ega-topic-proper,27,208,label;chapter;section,04ZP,stacks-properties-lemma-check-representable-covering,stacks-properties.tex,177,lemma,section-properties-morphisms,BF33C4ACE086DA600A36C939EC042E290C0C75D554C2D32DC500CE2E80298FA3,lexical_candidate_only
ega-topic-proper,28,208,label;chapter;section,04Y6,stacks-properties-lemma-representable-in-terms-presentations,stacks-properties.tex,553,lemma,section-properties-morphisms,FC00139CB08ECAD836DBED8125F8A2C5BDC3144B4D94131EE4664E20B2D4DE3E,lexical_candidate_only
ega-topic-proper,29,208,label;chapter;section,04ZQ,stacks-properties-remark-representable-over,stacks-properties.tex,637,remark,section-properties-morphisms,20CD10B8A9A38B170D9A4A048A22F08A227883A6DDAD1D38844A152DFD5141A4,lexical_candidate_only
ega-topic-proper,30,188,label;section;text,0F4J,descent-lemma-descending-property-proper-over-base,descent.tex,6510,lemma,section-application-descending-properties-morphisms,F9B6AEE8D1421E780F4740E4F403247BE284ADCF38A62D46769FF12F1CF7DE34,lexical_candidate_only
ega-topic-proper,31,188,label;section;text,03GN,morphisms-lemma-image-proper-is-proper,morphisms.tex,10054,lemma,section-proper,7E46F8D5ADF2BE0CB75A32B59B79DFA87C97DE031A25FACCB97495E7FED09B04,lexical_candidate_only
ega-topic-proper,32,188,label;section;text,0A40,spaces-morphisms-lemma-characterize-proper,spaces-morphisms.tex,9076,lemma,section-valuative-criterion-properness,E3C60FD0021DB1C03E8AA382E4DA4EAB3E52B21956B8D3254DB8182CBEB60DE2,lexical_candidate_only
ega-topic-proper,33,188,label;section;text,08AJ,spaces-morphisms-lemma-image-proper-is-proper,spaces-morphisms.tex,7994,lemma,section-proper,648D6D6C65476AB03D0F34AF9585E4AC9078487ECAE557DD2C54AF7D4DBF7FB6,lexical_candidate_only
ega-topic-proper,34,188,label;section;text,0CKZ,spaces-morphisms-section-valuative-criterion-properness,spaces-morphisms.tex,9070,section,section-valuative-criterion-properness,979C452ED675F0440364DABB7CBC335941449EA8D23A6BDA040088F0FD636197,lexical_candidate_only
ega-topic-proper,35,188,label;section;text,0CQK,stacks-morphisms-lemma-image-proper-is-proper,stacks-morphisms.tex,8482,lemma,section-proper,B703A45672F528E4621805E9BD83AE9DDE006771A95F3476B724501E797A6B58,lexical_candidate_only
ega-topic-proper,36,187,label;section;text,0CYQ,coherent-lemma-functoriality-closed-proper-over-base,coherent.tex,7312,lemma,section-proper-over-base,44CC5595DF366007BD85867C704BBAEDD0EE98994F8FABDEBAB3E486D975B8B1,lexical_candidate_only
ega-topic-proper,37,187,label;section;text,02L1,descent-lemma-descending-property-proper,descent.tex,5820,lemma,section-descending-properties-morphisms-fpqc,F662325D97D89121EEA390E5E9CB448A00FE945F190AEF95B9AAD1010299E526,lexical_candidate_only
ega-topic-proper,38,187,label;section;text,01W6,morphisms-lemma-image-proper-scheme-closed,morphisms.tex,9949,lemma,section-proper,5B1D6ABC52712B09ED125A4A99DF8623023B57EF2ED5923205F162A6A5558C0E,lexical_candidate_only
ega-topic-proper,39,187,label;section;text,0422,spaces-descent-lemma-descending-property-proper,spaces-descent.tex,1666,lemma,section-descending-properties-morphisms-fpqc,F662325D97D89121EEA390E5E9CB448A00FE945F190AEF95B9AAD1010299E526,lexical_candidate_only
ega-topic-proper,40,187,label;section;text,0A0W,spaces-limits-lemma-proper-limit-of-proper-finite-presentation,spaces-limits.tex,2920,lemma,section-approximate-proper,F9C3F00F6260D2738115A774831766D88FBC15BB1522F8975188E4C67EAC62F8,lexical_candidate_only
ega-topic-proper,41,186,label;section;text,045A,algebraic-lemma-map-presheaves-representable-by-spaces-transformation-property,algebraic.tex,901,lemma,section-representable-properties,86D3BBE516D7E858821F5DA9BFC507ED5D0C3072BEA97C6E862C6D3167BB1705,lexical_candidate_only
ega-topic-proper,42,186,label;section;text,046H,bootstrap-lemma-product-transformations-property,bootstrap.tex,554,lemma,section-representable-by-spaces-properties,CDADF284613CD507084A5967C069B1703C6F26253A73908606DEFB2611B46041,lexical_candidate_only
ega-topic-proper,43,186,label;section;text,036I,descent-remark-properties-morphisms-local-source-standard,descent.tex,6746,remark,section-properties-morphisms-local-source,828E6EA4D042773B73C1E283588DC514EC9001C4AF6A53D2C6F7C7E04A16BB21,lexical_candidate_only
ega-topic-proper,44,186,label;section;text,0347,descent-section-descending-properties,descent.tex,4617,section,section-descending-properties,10AF05EFB2A2759430D909FA280EC939827B73E88DC5698D48866AF9C3D105AB,lexical_candidate_only
ega-topic-proper,45,186,label;section;text,0FVZ,duality-lemma-duality-proper-over-field-CM,duality.tex,6889,lemma,section-duality-proper-over-field,CB11D406D47FB9D186F5DD182061B5AE5AE83A6EFE59B8D92C0C5698B327F2D4,lexical_candidate_only
ega-topic-proper,46,186,label;section;text,0E4H,duality-section-proper-flat,duality.tex,2606,section,section-proper-flat,6AEC63D9AFC1E9BAF6B83C5A07A96BABA31FF43A5FBC348329055BB24124247C,lexical_candidate_only
ega-topic-proper,47,186,label;section;text,0D1R,examples-lemma-proper-spaces-not-algebraic,examples.tex,5907,lemma,section-proper-spaces-not-algebraic,5C67427BE3D65B16E194338BBADED9BD7E245E63D1B7C703C2D1783045DB4653,lexical_candidate_only
ega-topic-proper,48,186,label;section;text,0AM6,formal-spaces-definition-proper,formal-spaces.tex,6779,definition,section-proper,EA0F27961B31C42694C5219CB2C94B1AB4675A151F1444B0181C458265DD2D36,lexical_candidate_only
ega-topic-proper,49,186,label;section;text,01W4,morphisms-lemma-base-change-proper,morphisms.tex,9918,lemma,section-proper,F4B64F8A12566F7AF7624AA186B9C03F114E5EE3391F61CCBEBCA5847A8258D9,lexical_candidate_only
ega-topic-proper,50,186,label;section;text,01W3,morphisms-lemma-composition-proper,morphisms.tex,9898,lemma,section-proper,B4DAADDC9A97E3AFDEFA419877E866B4344CFD363075FAA9F9994E3D3431291B,lexical_candidate_only
ega-topic-proper,51,186,label;section;text,0AH6,morphisms-lemma-scheme-theoretic-image-is-proper,morphisms.tex,10078,lemma,section-proper,D3D13FA165B595B6103F3E35354341827328F9ACCC36420DC1E888C3EB7A6ACE,lexical_candidate_only
ega-topic-proper,52,186,label;section;text,01W0,morphisms-section-proper,morphisms.tex,9845,section,section-proper,0CE74D6441D6187613471A06B16EA3020CD63BB2DFEB8F0BFF3987485732E6DC,lexical_candidate_only
ega-topic-proper,53,186,label;section;text,01SQ,morphisms-section-properties-ring-maps,morphisms.tex,2406,section,section-properties-ring-maps,32EF7352DC6A324924198B68845514DA517B9378A33BF702BB23B1F41A4F3487,lexical_candidate_only
ega-topic-proper,54,186,label;section;text,09C8,proetale-section-proper-base-change,proetale.tex,6176,section,section-proper-base-change,7401B829CE563051A634219D60F88CD3B0BB5E0473163133B3CE625911A347D0,lexical_candidate_only
ega-topic-proper,55,186,label;section;text,041J,spaces-descent-lemma-descending-properties-morphisms,spaces-descent.tex,1095,lemma,section-descending-properties-morphisms,DC78078C7ED2DA949F939AEC0B45ECA090CE9BC271211250350C3B2CD80E4257,lexical_candidate_only
ega-topic-proper,56,186,label;section;text,0CFY,spaces-descent-section-properties-etale-smooth-local-source-target,spaces-descent.tex,2897,section,section-properties-etale-smooth-local-source-target,100DF70F9052ED2E7CE7C8A4E106E25ED69CE92B0CF0A119128AEF5F3E8DC367,lexical_candidate_only
ega-topic-proper,57,186,label;section;text,02WK,spaces-lemma-composition-representable-transformations-property,spaces.tex,559,lemma,section-representable-properties,8D6BAFFD99D62414B9403AE812007816F54577119032988F296BFEEFD1F2F9F6,lexical_candidate_only
ega-topic-proper,58,186,label;section;text,02WJ,spaces-lemma-morphism-schemes-gives-representable-transformation-property,spaces.tex,543,lemma,section-representable-properties,E1FAE4AE104F258FEAF9410708FA26C4516EAEAFAF6D09FBB79A40636A750D1E,lexical_candidate_only
ega-topic-proper,59,186,label;section;text,08K1,spaces-limits-lemma-eventually-proper,spaces-limits.tex,1806,lemma,section-descent-of-properties,3A6125CECBF8299AAE837E20C7E06A755384092BA1163C4BEABE485AC0D815F7,lexical_candidate_only
ega-topic-proper,60,186,label;section;text,0A0X,spaces-limits-lemma-proper-limit-of-proper-finite-presentation-noetherian,spaces-limits.tex,2968,lemma,section-approximate-proper,12ACCD3A6447DD2C1C7E6789A8FBDEA90BE094620CFFB6EF2E2026814B4EF785,lexical_candidate_only
ega-topic-proper,61,186,label;section;text,0DFW,spaces-more-cohomology-section-proper-base-change,spaces-more-cohomology.tex,141,section,section-proper-base-change,A1C0D1B9CB48228D59484AEF0C46477D58E7ECC2590C4CE4C7CA3903129D79A4,lexical_candidate_only
ega-topic-proper,62,186,label;section;text,0GV3,spaces-more-morphisms-lemma-resolution-property-affine-diagonal,spaces-more-morphisms.tex,13771,lemma,section-resolution-property,7FF8199A651EFE9932921696C457116ACEA6D3560B1B59713DC91B38C7F84202,lexical_candidate_only
ega-topic-proper,63,186,label;section;text,083R,spaces-morphisms-lemma-proper-local,spaces-morphisms.tex,7892,lemma,section-proper,A6C19575BF00EA25FAAED43D933B6459E0AE5CAE1CFC6D7F58DAB61A2DA869BE,lexical_candidate_only
ega-topic-proper,64,186,label;section;text,03ZL,spaces-morphisms-section-proper,spaces-morphisms.tex,7877,section,section-proper,43BEFB41F8E577328FBCC18C214873B9518D6C94CF4CE39BC4B7F2A9D2801619,lexical_candidate_only
ega-topic-proper,65,186,label;section;text,0CLZ,stacks-morphisms-lemma-criterion-proper,stacks-morphisms.tex,9637,lemma,section-valutive-criterion-properness,6556465AABB67C77FF4C5D433E282F5D84E70B9D49133826D2DA46CF4F7455F6,lexical_candidate_only
ega-topic-proper,66,186,label;section;text,0CL4,stacks-morphisms-section-proper,stacks-morphisms.tex,8364,section,section-proper,6C7C072AFE68F8F119A6C020314F8520B5D189056636F4ABECFCE6AA27458F78,lexical_candidate_only
ega-topic-proper,67,186,label;section;text,0CLY,stacks-morphisms-section-valutive-criterion-properness,stacks-morphisms.tex,9631,section,section-valutive-criterion-properness,BEEE2AB7B716F82F5DD4D9D561B0E347CBB055CF3200E6CA858C14CEDCA4BA71,lexical_candidate_only
ega-topic-proper,68,186,label;section;text,005O,topology-definition-proper-map,topology.tex,3078,definition,section-proper,C8AEA10E9D61A4BBC1E0DFD157E1C14BE0E91A595D13759D3CE2202F648A57C1,lexical_candidate_only
ega-topic-proper,69,186,label;section;text,005M,topology-section-proper,topology.tex,3008,section,section-proper,9A31569F3DC868118389FB75BFE9955F0883C9DF998D3D34FB6B31F3CABB7AC1,lexical_candidate_only
ega-topic-proper,70,185,label;section;text,0336,algebra-section-ascending-properties,algebra.tex,46294,section,section-ascending-properties,223AD5264EDA449D831E0ECEFC7FAC3345C7F5EF9E89DF08522F2D86B98EB205,lexical_candidate_only
ega-topic-proper,71,185,label;section;text,033D,algebra-section-descending-properties,algebra.tex,46634,section,section-descending-properties,0A221C0E5178487EC6CC160EC9FE12DFFCF709ECDA3077F51369A3AB2867B982,lexical_candidate_only
ega-topic-proper,72,185,label;section;text,045C,algebraic-lemma-base-change-representable-transformations-property,algebraic.tex,963,lemma,section-representable-properties,71792609D7911CABD4B26F9C49584F8C6B438421553AD5F146D6EC02042A88EA,lexical_candidate_only
ega-topic-proper,73,185,label;section;text,045B,algebraic-lemma-composition-representable-transformations-property,algebraic.tex,942,lemma,section-representable-properties,24C31675536E75A7BD03087F89471F834DD59B5B05A5878BFF47D37C57259520,lexical_candidate_only
ega-topic-proper,74,185,label;section;text,045D,algebraic-lemma-descent-representable-transformations-property,algebraic.tex,991,lemma,section-representable-properties,5CCC292E3FE43109FF633A718B5C23BC0A4845A99CA4FD641E1F5C2A1FF12019,lexical_candidate_only
ega-topic-proper,75,185,label;section;text,045E,algebraic-lemma-product-representable-transformations-property,algebraic.tex,1022,lemma,section-representable-properties,630B4B171B52CC0F3C4495EE9CD881B7BBC69B89228ADE90FBD4617904B70A53,lexical_candidate_only
ega-topic-proper,76,185,label;section;text,045F,algebraic-lemma-representable-transformations-property-implication,algebraic.tex,1047,lemma,section-representable-properties,1AA3CF7346C0CE3DF34C39A9DB3ABB50CC3CFD4878B5FB7EC6423E21F9C62FB9,lexical_candidate_only
ega-topic-proper,77,185,label;section;text,046F,bootstrap-lemma-base-change-transformation-property,bootstrap.tex,510,lemma,section-representable-by-spaces-properties,A44B4667CC5AD3F9641805074ED607281D2B7BA5F76E27F001027306DAE638F7,lexical_candidate_only
ega-topic-proper,78,185,label;section;text,046G,bootstrap-lemma-composition-transformation-property,bootstrap.tex,531,lemma,section-representable-by-spaces-properties,0D47372E36A8559CF839072D44A34B697BEA89DAD59FFAF696872FE737EE728E,lexical_candidate_only
ega-topic-proper,79,185,label;section;text,0AM1,bootstrap-lemma-transformations-property-implication,bootstrap.tex,573,lemma,section-representable-by-spaces-properties,4BC533AF44A7D8B6EA7841E2C86FE9A4AFC80DAD70FB3AF85C0017D3788FDE54,lexical_candidate_only
ega-topic-proper,80,185,label;section;text,0CYM,coherent-definition-proper-over-base,coherent.tex,7261,definition,section-proper-over-base,6965BD22D00500224D4F37863EE86EEAE450B6BA30BAF70FB49E4E752B22AB03,lexical_candidate_only
ega-topic-finite,1,188,label;section;text,09P9,algebra-lemma-geometrically-integral-any-integral-base-change,algebra.tex,11705,lemma,section-geometrically-integral,2368FE57442E96B10A52B42B5981D22814F99657C2CE2B165A20D4555F51CDA9,lexical_candidate_only
ega-topic-finite,2,188,label;section;text,0DCP,more-algebra-lemma-integrally-closed-in-absolutely-integrally-closed,more-algebra.tex,3546,lemma,section-absolute-integral-closure,35EFE3D0857645C8B352BADFB43ADD157E69D0F2A777BE6D7993CCE80A348C33,lexical_candidate_only
ega-topic-finite,3,188,label;section;text,0CHT,stacks-morphisms-section-integral,stacks-morphisms.tex,2181,section,section-integral,94067CC70C648A05E41BB500DFC1CBAB76E35FAAE9D51061C7FFCB8F0C0FF28E,lexical_candidate_only
ega-topic-finite,4,187,label;section;text,00GP,algebra-definition-integral-closure,algebra.tex,7569,definition,section-finite-ring-extensions,6F7712560E9F8CC741232CA2A260B1B74F6DA48FE7CE1A9AE0A7B18D064C313C,lexical_candidate_only
ega-topic-finite,5,187,label;section;text,00H5,algebra-lemma-integral-integral-over-ideal,algebra.tex,8422,lemma,section-going-down-integral-over-normal,F75FC528947A2DA3D3FDD48800C4D1A7FC146ADEAEC924A5F577BCF1A9CF0CFB,lexical_candidate_only
ega-topic-finite,6,187,label;section;text,00H4,algebra-lemma-integral-over-ideal-is-submodule,algebra.tex,8399,lemma,section-going-down-integral-over-normal,E6257D21200FC308968D27F5846A829A149F62BE30B29164E3185A231D3AD2D5,lexical_candidate_only
ega-topic-finite,7,187,label;section;text,00GN,algebra-lemma-integral-transitive,algebra.tex,7518,lemma,section-finite-ring-extensions,28C1C044FE075D3B28C267237E56704350FC5127F3409D392E8C16AA4CC47199,lexical_candidate_only
ega-topic-finite,8,187,label;section;text,01WJ,morphisms-lemma-finite-integral,morphisms.tex,11022,lemma,section-integral,16FE8A283FC6D5DBFF561651D2C19BC21170FE26D935A7178E9A3F3321BB4183,lexical_candidate_only
ega-topic-finite,9,187,label;section;text,03WR,morphisms-lemma-permanence-quasi-finite,morphisms.tex,4002,lemma,section-quasi-finite,31F4EDDEE8BF2C3C5B9C7F29777D196613FCDE3482555732D44216DF334F478F,lexical_candidate_only
ega-topic-finite,10,187,label;section;text,01WG,morphisms-section-integral,morphisms.tex,10947,section,section-integral,61A9A0F68FE79064DE9DA2A54073FA9A593BFC83C50B7B59AF2192AB876E60C3,lexical_candidate_only
ega-topic-finite,11,187,label;section;text,0414,spaces-morphisms-lemma-finite-integral,spaces-morphisms.tex,9215,lemma,section-integral,8127590E59BA0F5B740470D00FEC4F8A47F186F20994D92C2DCC3A25E2CE5FB8,lexical_candidate_only
ega-topic-finite,12,187,label;section;text,03ZQ,spaces-morphisms-lemma-integral-local,spaces-morphisms.tex,9151,lemma,section-integral,3A9542C61DD2182F30919A0038E43A59EF593DD3ADFB17CC6B93E91FFF5D870E,lexical_candidate_only
ega-topic-finite,13,187,label;section;text,03ZN,spaces-morphisms-section-integral,spaces-morphisms.tex,9109,section,section-integral,95C1F7D02E9F446905F40D10419CCD4CF4638FC6A0B6A5CE13FFF8DA8B627960,lexical_candidate_only
ega-topic-finite,14,187,label;section;text,0CHW,stacks-morphisms-lemma-composition-integral,stacks-morphisms.tex,2228,lemma,section-integral,B7F9D054FF4D35E4F4069D2AF09E582C3AB6DF1F045B97F629B7F2CE8F349D0E,lexical_candidate_only
ega-topic-finite,15,187,label;section;text,020H,varieties-definition-geometrically-integral,varieties.tex,1899,definition,section-geometrically-integral,DCD432642AD0C0B8713D0BC1FD6EA2D5D3A5736827728B4F62B18FDC82235484,lexical_candidate_only
ega-topic-finite,16,186,label;section;text,00GI,algebra-definition-integral-ring-map,algebra.tex,7442,definition,section-finite-ring-extensions,E129F5DC9153A4916F50B5D4031408E6E221B56FEBDB1597D440A8F74F2ED74D,lexical_candidate_only
ega-topic-finite,17,186,label;section;text,00PL,algebra-definition-quasi-finite,algebra.tex,30233,definition,section-quasi-finite,60A208F584E0863591F01DC74C2CFEEE88E60FFC0DFE2D20FDDF8141DA0BF4DD,lexical_candidate_only
ega-topic-finite,18,186,label;section;text,0CY9,algebra-lemma-finite-product-integral-closure,algebra.tex,7583,lemma,section-finite-ring-extensions,6D1BFDB7A16D706E508E3514627F491AE1622A8480725CEFF4525C58BAF2A972,lexical_candidate_only
ega-topic-finite,19,186,label;section;text,0307,algebra-lemma-integral-closure-localize,algebra.tex,7597,lemma,section-finite-ring-extensions,FE6F86CA41E969730A6113889DB06A8B2BF7BB2B28668C7B44456E849DB3F5D1,lexical_candidate_only
ega-topic-finite,20,186,label;section;text,034K,algebra-lemma-integral-closure-stalks,algebra.tex,7630,lemma,section-finite-ring-extensions,21D11431623B65E98E61C8E4E2DB0D7D2B146116F78455D29ECE6A65D39F1891,lexical_candidate_only
ega-topic-finite,21,186,label;section;text,0308,algebra-lemma-integral-closure-transitive,algebra.tex,7723,lemma,section-finite-ring-extensions,00BEC31719AD6279D8F4EFAB39D08E7860D3802042AC2A5EC32870525DECA8A8,lexical_candidate_only
ega-topic-finite,22,186,label;section;text,0BWE,discriminant-lemma-syntomic-quasi-finite,discriminant.tex,1788,lemma,section-quasi-finite-syntomic,282557036908ABC266D5B028971B6421131BA149466E1D592A9CF9EBDD244552,lexical_candidate_only
ega-topic-finite,23,186,label;section;text,0BUK,discriminant-section-quasi-finite-dualizing,discriminant.tex,81,section,section-quasi-finite-dualizing,45052FCE3DA97CDADA3568685E14CD2961EA2A7B8E70487D221953825096C63C,lexical_candidate_only
ega-topic-finite,24,186,label;section;text,0568,examples-section-connected-locally-integral-not-integral,examples.tex,241,section,section-connected-locally-integral-not-integral,2FD7591B8DC2212C81961E9E3F3600DF601A8D5698B6FDF7D456085BA7246813,lexical_candidate_only
ega-topic-finite,25,186,label;section;text,0DCN,more-algebra-lemma-absolutely-integrally-closed-quotient-localization,more-algebra.tex,3533,lemma,section-absolute-integral-closure,F5614E150231EC3BFB69500CC70CA837BBB58083FDB9D7868CEEFD520D2BDA96,lexical_candidate_only
ega-topic-finite,26,186,label;section;text,01WH,morphisms-definition-integral,morphisms.tex,10957,definition,section-integral,6342012E43EEBFCC6175A9284F3868B7CAF44827BD68B15B42F74F055369CE32,lexical_candidate_only
ega-topic-finite,27,186,label;section;text,01TL,morphisms-lemma-composition-quasi-finite,morphisms.tex,3897,lemma,section-quasi-finite,7BB538CCECCF10424834AE15B09F585A19211741E87C7B3D4CB9F641E9A8EAEF,lexical_candidate_only
ega-topic-finite,28,186,label;section;text,02NU,morphisms-lemma-finite-quasi-finite,morphisms.tex,11147,lemma,section-integral,C61DC63476EF7C6876AFF2BB430100EB640B3FF2E6922A69AE15D00EB36F224C,lexical_candidate_only
ega-topic-finite,29,186,label;section;text,02K8,morphisms-lemma-integral-local,morphisms.tex,10980,lemma,section-integral,388FC3B543835967915E82C6FB5C34F431E11E6BE939BE42A86B2A28ABEF3139,lexical_candidate_only
ega-topic-finite,30,186,label;section;text,01WM,morphisms-lemma-integral-universally-closed,morphisms.tex,11054,lemma,section-integral,C3F5141BA70DF799E9599EAEBE1994007372BF644C0830077FFE4F6AEBAB3B5B,lexical_candidate_only
ega-topic-finite,31,186,label;section;text,03ZP,spaces-morphisms-definition-integral,spaces-morphisms.tex,9137,definition,section-integral,12264648A95A9D0C98EC81AAC9019DD4664C0D1F78E76339206BC9ABF6695681,lexical_candidate_only
ega-topic-finite,32,186,label;section;text,03XJ,spaces-morphisms-definition-locally-quasi-finite,spaces-morphisms.tex,5085,definition,section-quasi-finite,60B8756953E978EEDD75D30686417E18AFF55C4AB3ABD7DD7F58E945879683A8,lexical_candidate_only
ega-topic-finite,33,186,label;section;text,03ZS,spaces-morphisms-lemma-base-change-integral,spaces-morphisms.tex,9205,lemma,section-integral,AD2AF6CD189F87C14B6C34986A159028893660BAC66D568DAAB5E467B2F0078B,lexical_candidate_only
ega-topic-finite,34,186,label;section;text,03XL,spaces-morphisms-lemma-base-change-quasi-finite,spaces-morphisms.tex,5172,lemma,section-quasi-finite,9B7945862F4092177D8C6F277DDDF5A74C6ACD3C55850BA8587369154665707D,lexical_candidate_only
ega-topic-finite,35,186,label;section;text,03ZR,spaces-morphisms-lemma-composition-integral,spaces-morphisms.tex,9195,lemma,section-integral,0FE0F53505E2FC01E7F8AF107C6A54D4C3A1887523195BD6D3CC9784500F32EF,lexical_candidate_only
ega-topic-finite,36,186,label;section;text,03XK,spaces-morphisms-lemma-composition-quasi-finite,spaces-morphisms.tex,5161,lemma,section-quasi-finite,7B9C7711C129591AF58D168DFFDABCB8836544599AD4E3057123D4D2FF018ABA,lexical_candidate_only
ega-topic-finite,37,186,label;section;text,04NY,spaces-morphisms-lemma-finite-quasi-finite,spaces-morphisms.tex,9251,lemma,section-integral,89642703F27B45D9A363DBE1172A7E1018F9A5A929DFD713CA048229CAE41020,lexical_candidate_only
ega-topic-finite,38,186,label;section;text,03ZO,spaces-morphisms-lemma-integral-representable,spaces-morphisms.tex,9117,lemma,section-integral,CA58A9FAD6A16FBEDDBB8612B4AAFFCC14EB36221234A0F9D2CBAB180C85D723,lexical_candidate_only
ega-topic-finite,39,186,label;section;text,040Z,spaces-morphisms-lemma-quasi-finite-local,spaces-morphisms.tex,5253,lemma,section-quasi-finite,252E02B035397EE8DCA472C56E67192283DA26CD3FB7DFABF02D173CA5E048BE,lexical_candidate_only
ega-topic-finite,40,186,label;section;text,0DMW,spaces-over-fields-definition-geometrically-integral,spaces-over-fields.tex,2402,definition,section-geometrically-integral,19A5DE8A314D08F30B4826D2CC1D26429F8E2D914B12F9D4565EBDA99292B306,lexical_candidate_only
ega-topic-finite,41,186,label;section;text,0DMV,spaces-over-fields-section-geometrically-integral,spaces-over-fields.tex,2395,section,section-geometrically-integral,12E3B3B4C2365EBBEEA618B9AD7395EC157FEA3CF88CEE23CD61A17FA47D7FCB,lexical_candidate_only
ega-topic-finite,42,186,label;section;text,0AD3,spaces-over-fields-section-integral-spaces,spaces-over-fields.tex,207,section,section-integral-spaces,3EE4453929D9B54736D9DC185C813197C9488954220CA278FBA6C0A81C36E90D,lexical_candidate_only
ega-topic-finite,43,186,label;section;text,0CHU,stacks-morphisms-definition-integral,stacks-morphisms.tex,2187,definition,section-integral,DE05A81EB5685817C47162FE16068EA497FE028425F15C1B452D92F5BE48D953,lexical_candidate_only
ega-topic-finite,44,186,label;section;text,0G2M,stacks-morphisms-definition-quasi-finite,stacks-morphisms.tex,5062,definition,section-quasi-finite,2C1BB1A75AE81ED5255DFA5C8E22A97EEEA2EF184119E05C52600A6233ACEB52,lexical_candidate_only
ega-topic-finite,45,186,label;section;text,0CHV,stacks-morphisms-lemma-base-change-integral,stacks-morphisms.tex,2213,lemma,section-integral,10B6AD0344522C13731A8CE889C7F9581056ACB6C43737BA0BAE688E356D21F4,lexical_candidate_only
ega-topic-finite,46,186,label;section;text,06UC,stacks-morphisms-lemma-locally-quasi-finite-over-field,stacks-morphisms.tex,4789,lemma,section-locally-quasi-finite,E8333158471E32373A870FB2589C908C051DCC94DEB775961F0B63A14B5AD71D,lexical_candidate_only
ega-topic-finite,47,186,label;section;text,0G2L,stacks-morphisms-section-quasi-finite,stacks-morphisms.tex,5046,section,section-quasi-finite,46A37B728F5AFD511326FB30CB20E83FF9AC4217A35D285DF7F48E3BD499FC9D,lexical_candidate_only
ega-topic-finite,48,185,label;section;text,02JK,algebra-lemma-base-change-integral,algebra.tex,7665,lemma,section-finite-ring-extensions,FA26726EF740C1A8D4F7DFB80410AB885FB1E0C735C0A5A081AB94A035FF2FCF,lexical_candidate_only
ega-topic-finite,49,185,label;section;text,02JJ,algebra-lemma-characterize-finite-in-terms-of-integral,algebra.tex,7503,lemma,section-finite-ring-extensions,5272AE774FB5EF12014D2045D600BA35BA4936DE0104EE23EE6AA47D2695A6FD,lexical_candidate_only
ega-topic-finite,50,185,label;section;text,00H3,algebra-lemma-characterize-integral-ideal,algebra.tex,8366,lemma,section-going-down-integral-over-normal,4E11CCD651C1B7962779943E2E01700AD378CE845BCE6E90F1961D30CCA065D2,lexical_candidate_only
ega-topic-finite,51,185,label;section;text,0CY8,algebra-lemma-finite-product-integral,algebra.tex,7557,lemma,section-finite-ring-extensions,C67421B440064B74B025D14C716EB8A1BA02E9B94CFFC8E0733EA9DD627A279A,lexical_candidate_only
ega-topic-finite,52,185,label;section;text,0CBF,algebra-lemma-integral-closure-commutes-colim-smooth,algebra.tex,40749,lemma,section-integral-closure-smooth-base-change,8A9D7A0A5DDF57FEE2A1DEDE30CC6D473F89D847AF2CB9BF9DFA6C2A66B9FCF5,lexical_candidate_only
ega-topic-finite,53,185,label;section;text,03GE,algebra-lemma-integral-closure-commutes-etale,algebra.tex,40631,lemma,section-integral-closure-smooth-base-change,923AEB4C4BDC0CFD11DE865EFA11FCABF4A2F6C08B75A6624D9F4ACFB9E643A7,lexical_candidate_only
ega-topic-finite,54,185,label;section;text,03GG,algebra-lemma-integral-closure-commutes-smooth,algebra.tex,40692,lemma,section-integral-closure-smooth-base-change,8119F6A85815DDF56AC608C4B19FB71C2FDEA5167F0F3E94D5D43C5B3F1F4F24,lexical_candidate_only
ega-topic-finite,55,185,label;section;text,00GS,algebra-lemma-integral-over-field,algebra.tex,7782,lemma,section-finite-ring-extensions,C252A0741E01550599FCEE8EC470953CD1C5C4597C0D8C305A5107794FE7F42B,lexical_candidate_only
ega-topic-finite,56,185,label;section;text,00PP,algebra-lemma-quasi-finite-base-change,algebra.tex,30362,lemma,section-quasi-finite,7659F3F59B1B46B6853C9FF82477DCF1FA1A0074C02DD74B99266E5AE7DCB6E7,lexical_candidate_only
ega-topic-finite,57,185,label;section;text,00PO,algebra-lemma-quasi-finite-composition,algebra.tex,30342,lemma,section-quasi-finite,AA11ADCF18DA6141008A970503D0C7AE2AD3D0F25C2168DFB7A42DED0F853C71,lexical_candidate_only
ega-topic-finite,58,185,label;section;text,077H,algebra-lemma-quasi-finite-local,algebra.tex,30277,lemma,section-quasi-finite,F8009B67D2285B871C1E2F07B0D2506498FF0F18C850AFA19522D73260F72269,lexical_candidate_only
ega-topic-finite,59,185,label;section;text,0C6H,algebra-lemma-quasi-finite-permanence,algebra.tex,30393,lemma,section-quasi-finite,784E1C730B3F2D1F680C8D27F229E9099D4CC6577BB0DA8A16055DFE06045A41,lexical_candidate_only
ega-topic-finite,60,185,label;section;text,0G1B,algebra-section-etale-local-quasi-finite,algebra.tex,40189,section,section-etale-local-quasi-finite,FA1234B6D97C66BDB208331C7EE71EBCE7FF4DBA6A29AE4693883CF95ACB4E86,lexical_candidate_only
ega-topic-finite,61,185,label;section;text,037E,algebra-section-going-down-integral-over-normal,algebra.tex,8340,section,section-going-down-integral-over-normal,CAC5EA0B7D4DF1BA47C31C04579CDA992FC0EA805A4659B6E6C072B21EC50063,lexical_candidate_only
ega-topic-finite,62,185,label;section;text,0GIN,algebra-section-henselization-quasi-finite,algebra.tex,43574,section,section-henselization-quasi-finite,7C1CE9D054F3F486863D8B1526F07389ABF0BAD97AC74EC5CA1423890D024D2A,lexical_candidate_only
ega-topic-finite,63,185,label;section;text,02MK,algebra-section-quasi-finite,algebra.tex,30094,section,section-quasi-finite,957C4026699B8EA6D63603484885D31FE6A14ABF2B4157078FB550A90B71C6B5,lexical_candidate_only
ega-topic-finite,64,185,label;section;text,0G2D,decent-spaces-lemma-extend-integral-morphism,decent-spaces.tex,1785,lemma,section-integral-cover,122CC3DFC3437B62BF708B864F03F3EE5735E3E32BB0FB32B48295788C6E46BE,lexical_candidate_only
ega-topic-finite,65,185,label;section;text,0D2T,decent-spaces-section-integral-cover,decent-spaces.tex,1774,section,section-integral-cover,99ECD6B24CD8A4FFDADF65A3784A438C17EA18FB5B224AD7DD630A4CE5EB3491,lexical_candidate_only
ega-topic-finite,66,185,label;section;text,0C16,discriminant-lemma-gorenstein-quasi-finite,discriminant.tex,3291,lemma,section-gorenstein-lci,84CD00378BC1F44EB79B586E8383D97D323EFF602DCDBCF3E932DA307B8030A5,lexical_candidate_only
ega-topic-finite,67,185,label;section;text,0FK9,discriminant-lemma-universal-quasi-finite-syntomic-etale,discriminant.tex,1971,lemma,section-quasi-finite-syntomic,03EF1134160BD7A39B22E1C342D53F4A251ED7563742F7EF4EF7F88586B41E90,lexical_candidate_only
ega-topic-finite,68,185,label;section;text,0BVJ,discriminant-remark-relative-dualizing-for-flat-quasi-finite,discriminant.tex,890,remark,section-quasi-finite-traces,D8F2D24EA650DA8BE20E4DDB01C4F776860A4E17FC09A7DBC0138AB392B1172C,lexical_candidate_only
ega-topic-finite,69,185,label;section;text,0DWJ,discriminant-section-quasi-finite-syntomic,discriminant.tex,1781,section,section-quasi-finite-syntomic,1E30000AFAF78AA45CE17AEB84906D8D16F5B8D2FDD21E590E6DBACF62CE941A,lexical_candidate_only
ega-topic-finite,70,185,label;section;text,04FY,etale-cohomology-section-integral-universally-injective,etale-cohomology.tex,6758,section,section-integral-universally-injective,55773A7FF5AE932ACEECEF22CCA99C3B6C24DC3F72D86FF9B9FFFCC4BFB1B568,lexical_candidate_only
ega-topic-finite,71,185,label;section;text,0DCK,more-algebra-section-absolute-integral-closure,more-algebra.tex,3504,section,section-absolute-integral-closure,59A79499290695068817C08EC9184364D0EEF1FBE3C09FA82445D45CC976BE42,lexical_candidate_only
ega-topic-finite,72,185,label;section;text,0BRE,more-algebra-section-group-actions-integral,more-algebra.tex,32531,section,section-group-actions-integral,A07EC31AA51E36C394748FB3D20ADF048862EDE1565881AE289D73B2FCDC74AA,lexical_candidate_only
ega-topic-finite,73,185,label;section;text,0GKI,more-etale-example-trace-for-flat-quasi-finite,more-etale.tex,2071,example,section-weightings,71B79D97E375EFBDA9F3A14C74E5FAAC6A3B43AAC70316C9E4DCE4CD58448117,lexical_candidate_only
ega-topic-finite,74,185,label;section;text,0GKJ,more-etale-example-trace-for-quasi-finite-over-normal,more-etale.tex,2105,example,section-weightings,D2A8F3CFF1CDA70764C12E3F244EE5759A8C1BF2752982BCDE5899EEA5B1CFCD,lexical_candidate_only
ega-topic-finite,75,185,label;section;text,0F5M,more-etale-section-derived-duality-locally-quasi-finite,more-etale.tex,2360,section,section-derived-duality-locally-quasi-finite,26B49DBD42F19366E3B5B78399E0BCBF9A00F5750A7BCB6D25C0A513651D9E02,lexical_candidate_only
ega-topic-finite,76,185,label;section;text,0F58,more-etale-section-duality-locally-quasi-finite,more-etale.tex,2143,section,section-duality-locally-quasi-finite,1A227B54281F4332FA743CF6B62762B7F675DE6C9AD35E2BC390B00B5EEE05B2,lexical_candidate_only
ega-topic-finite,77,185,label;section;text,02LK,more-morphisms-lemma-etale-makes-quasi-finite-finite-at-point,more-morphisms.tex,11924,lemma,section-etale-localization,FC27470624226C7EC5C5D8B347DD0B4A66FDB50F25DFC9B56E75F43FBC8DEC12,lexical_candidate_only
ega-topic-finite,78,185,label;section;text,0BUH,more-morphisms-section-etale-localization-integral,more-morphisms.tex,12204,section,section-etale-localization-integral,EED28B7C5F4A65F98413382B8A76C28886A4538AA5D2EF274F6D6E9DE4FFB299,lexical_candidate_only
ega-topic-finite,79,185,label;section;text,02W7,more-morphisms-section-separated-locally-quasi-finite,more-morphisms.tex,16263,section,section-separated-locally-quasi-finite,F4B040E8B84A2E2A26C202F23139D7724089CC6483038E1D0F8D10CAAF82BFCF,lexical_candidate_only
ega-topic-finite,80,185,label;section;text,01WL,morphisms-lemma-base-change-finite,morphisms.tex,11044,lemma,section-integral,19A5AEB653EBADC0D281C2F3BE6A56CF5DD3505FF236A53778A9DC05888C7C8A,lexical_candidate_only
ega-topic-finite-type,1,99,section;text,00F4,algebra-lemma-compose-finite-type,algebra.tex,540,lemma,section-finite-type,807D65E7754DB967F4DB3A2A032F9F73C21A13C19930592770EBEA512694772E,lexical_candidate_only
ega-topic-finite-type,2,97,section;text,01TX,morphisms-lemma-noetherian-finite-type-finite-presentation,morphisms.tex,4240,lemma,section-finite-presentation,6F38E51F13D8B66B05B7D3D122789630B620985EA0E136CBC804BB74411E368C,lexical_candidate_only
ega-topic-finite-type,3,96,section;text,05LB,examples-section-finite-type-flat-not-finite-presentation,examples.tex,2826,section,section-finite-type-flat-not-finite-presentation,B8A63661E716E2A8C3BD31958F6DC02F57775537C17AFC9EAB21A3691510C1B8,lexical_candidate_only
ega-topic-finite-type,4,96,section;text,09T8,more-morphisms-lemma-relative-finite-presentation,more-morphisms.tex,16453,lemma,section-finite-type-finite-presentation,36FE27995A043D340FD400396C1C7AE4B2295A59A11CC1D7ED400421096304C8,lexical_candidate_only
ega-topic-finite-type,5,96,section;text,02FV,morphisms-lemma-finite-presentation-permanence,morphisms.tex,4276,lemma,section-finite-presentation,76309B9C0060B1A69D19822ED90728AAEDD1F2B571A21B498081A5C605A4FA9F,lexical_candidate_only
ega-topic-finite-type,6,95,section;text,00QM,algebra-definition-essentially-finite-p-t,algebra.tex,12836,definition,section-essentially-of-finite-type,0CBD072B1D5984BDFCF4BC81FC706C7A9922D3DBDF9E16AFB2FDA9C18685A2EB,lexical_candidate_only
ega-topic-finite-type,7,95,section;text,00F3,algebra-definition-finite-type,algebra.tex,518,definition,section-finite-type,1BF7D6B7746606770A276676A9BB2C124E8EFA0D550EC5C90736AAAA0728D301,lexical_candidate_only
ega-topic-finite-type,8,95,section;text,00F2,algebra-section-finite-type,algebra.tex,515,section,section-finite-type,024AD9D2F4F6A7CBA691AB7BD17ABBA0340DAF4D6F4087639BD34053330EE8F6,lexical_candidate_only
ega-topic-finite-type,9,95,section;text,05LC,examples-lemma-finite-type-flat-not-finitely-presented,examples.tex,2876,lemma,section-finite-type-flat-not-finite-presentation,65D86DA5052B66054B351F328536E1E2633EFC20C615E0DCF0FF6FBC9D8C1579,lexical_candidate_only
ega-topic-finite-type,10,95,section;text,057T,flat-lemma-devissage-finite-presentation,flat.tex,598,lemma,section-local-structure-module,4CD87222B705303225692FCB38C725781D88A70C3A9FE15131F197356381BD88,lexical_candidate_only
ega-topic-finite-type,11,95,section;text,057Q,flat-lemma-sheaf-lives-on-subscheme,flat.tex,446,lemma,section-local-structure-module,B85B0CEA3B8FE09230CA81EB636E07394AB1EAAC84968EB3FE32221F28142EAC,lexical_candidate_only
ega-topic-finite-type,12,95,section;text,01BP,modules-lemma-kernel-surjection-finite-free-onto-finite-presentation,modules.tex,1457,lemma,section-finite-presentation,245C0FEAAA8FF6F3D56F9D801F2AA8F5A717276988750ED2ADE42615581C5908,lexical_candidate_only
ega-topic-finite-type,13,95,section;text,09TC,more-morphisms-lemma-composition-relative-finite-presentation,more-morphisms.tex,16521,lemma,section-finite-type-finite-presentation,D958ED99AA5C24FD3269662EC19FE9CE7973C413620FB0D7FED1BB99B69BBCF5,lexical_candidate_only
ega-topic-finite-type,14,95,section;text,09TB,more-morphisms-lemma-pull-relative-finite-presentation,more-morphisms.tex,16505,lemma,section-finite-type-finite-presentation,CFAA3AC47A812999BE3DE3FC88C339BEEFA16DEA2A40589A3446398DA09AE223,lexical_candidate_only
ega-topic-finite-type,15,95,section;text,01TV,morphisms-lemma-closed-immersion-finite-presentation,morphisms.tex,4207,lemma,section-finite-presentation,488BF5FFE046CFE4F9387C51BAA3126C7E47AA949D56A18C868C70E1864837A6,lexical_candidate_only
ega-topic-finite-type,16,95,section;text,0818,morphisms-lemma-diagonal-morphism-finite-type,morphisms.tex,4302,lemma,section-finite-presentation,359D62DA173AF2484AC2DF436018AACB4D45D21755684FB00F922E655B258AB7,lexical_candidate_only
ega-topic-finite-type,17,95,section;text,01TW,morphisms-lemma-finite-presentation-finite-type,morphisms.tex,4230,lemma,section-finite-presentation,65D1B0C3D093C37718823B55FEFB0C76C65ACA0745AD85A972649B20FED3462C,lexical_candidate_only
ega-topic-finite-type,18,95,section;text,084P,spaces-morphisms-lemma-diagonal-morphism-finite-type,spaces-morphisms.tex,5630,lemma,section-finite-presentation,ED702091799B75242586263CAC50A2804F174E07A1F0EA33436512CCE8C194A8,lexical_candidate_only
ega-topic-finite-type,19,95,section;text,0464,spaces-morphisms-lemma-finite-presentation-finite-type,spaces-morphisms.tex,5528,lemma,section-finite-presentation,65D1B0C3D093C37718823B55FEFB0C76C65ACA0745AD85A972649B20FED3462C,lexical_candidate_only
ega-topic-finite-type,20,95,section;text,06G4,spaces-morphisms-lemma-noetherian-finite-type-finite-presentation,spaces-morphisms.tex,5573,lemma,section-finite-presentation,08E4EBF59F168876F8627D01927649475268022B63CC65456A660EFDEEAA3459,lexical_candidate_only
ega-topic-finite-type,21,95,section;text,06Q2,stacks-morphisms-definition-locally-finite-presentation,stacks-morphisms.tex,5382,definition,section-finite-presentation,80D8E7374B18C78F0753E8CDA594A24138CAA6C747639E077004F5CD07266657,lexical_candidate_only
ega-topic-finite-type,22,95,section;text,06FS,stacks-morphisms-definition-locally-finite-type,stacks-morphisms.tex,3261,definition,section-finite-type,2224869EEB7A980E29AFA66173FAF7A3BAA060013A8F5398F3A7F1C464BCD0D4,lexical_candidate_only
ega-topic-finite-type,23,95,section;text,0CMG,stacks-morphisms-lemma-diagonal-morphism-finite-type,stacks-morphisms.tex,5491,lemma,section-finite-presentation,E22CD8A7102B72EE2A5EA12F3445332CB523AFD3A704CA879F2E18D198B260CD,lexical_candidate_only
ega-topic-finite-type,24,95,section;text,06Q5,stacks-morphisms-lemma-finite-presentation-finite-type,stacks-morphisms.tex,5429,lemma,section-finite-presentation,65D1B0C3D093C37718823B55FEFB0C76C65ACA0745AD85A972649B20FED3462C,lexical_candidate_only
ega-topic-finite-type,25,95,section;text,0DQJ,stacks-morphisms-lemma-noetherian-finite-type-finite-presentation,stacks-morphisms.tex,5443,lemma,section-finite-presentation,CDAB7DEB7CC7F8091B923F873120E9A031F29C93CA6CAA9032071CF66D0430FB,lexical_candidate_only
ega-topic-finite-type,26,94,section;text,034Y,algebra-lemma-descend-faithfully-flat-finite-presentation,algebra.tex,47470,lemma,section-colimits-finite-presentation,D7EBB7B0884C6C065E06ECF9860F5B1456364601A1C253D2CB785ABDF1517609,lexical_candidate_only
ega-topic-finite-type,27,94,section;text,07DT,algebra-lemma-essentially-of-finite-type-into-artinian-local,algebra.tex,12869,lemma,section-essentially-of-finite-type,71966FA6A8547DEA2601E74410CC09456B3E19218F866ECE549E5C13739ED2CF,lexical_candidate_only
ega-topic-finite-type,28,94,section;text,02JO,algebra-lemma-flat-finite-presentation-limit-flat,algebra.tex,47331,lemma,section-colimits-finite-presentation,C817EB183E213C672D44453E4D82659007D024B6166BCDCE36848F60174C3B7F,lexical_candidate_only
ega-topic-finite-type,29,94,section;text,00R0,algebra-lemma-limit-finite-presentation,algebra.tex,32567,lemma,section-colimits-flat,84D906936B490F0513104F13ABE346D99A6ABFC9DC6601C02B04D464D6C12FFF,lexical_candidate_only
ega-topic-finite-type,30,94,section;text,00QZ,algebra-lemma-limit-finite-type,algebra.tex,32540,lemma,section-colimits-flat,1D432940580DC41D43E04E12C5A196254091404A2CC59291FE5C6FA79AE046AF,lexical_candidate_only
ega-topic-finite-type,31,94,section;text,05N4,algebra-section-finite-presentation,algebra.tex,31435,section,section-finite-presentation,D3DF7E988F7ED594C719DF6F1CC290691AE92DAD8EFAC3059ED32E6132FF796A,lexical_candidate_only
ega-topic-finite-type,32,94,section;text,05UB,flat-lemma-check-along-closed-fibre,flat.tex,7590,lemma,section-finite-type-flat-III,D8E411AE0183B01F564CD11EAD3CAA129A34A006AEC21DD58A711C960DB34B16,lexical_candidate_only
ega-topic-finite-type,33,94,section;text,05IQ,flat-lemma-finite-type-flat,flat.tex,4231,lemma,section-finite-type-flat-II,B0C35F5A74BAC6D8CB1DA4EBC19CF3E3F60AA3471F75BDF7C9E57DB9384E7581,lexical_candidate_only
ega-topic-finite-type,34,94,section;text,05I7,flat-lemma-finite-type-flat-at-point-local,flat.tex,2879,lemma,section-finite-type-flat-I,D22CF005DB79F1EB8A7BC4506AD1FA411540B0AD8CB0581032AE840C9D6B036B,lexical_candidate_only
ega-topic-finite-type,35,94,section;text,0AQ5,formal-spaces-lemma-base-change-finite-type,formal-spaces.tex,5531,lemma,section-finite-type,628BEA47E9F95AC3EBC2450581CDEF989E3F7E9EF0339F3619566CCA1BE85FAF,lexical_candidate_only
ega-topic-finite-type,36,94,section;text,0AQ4,formal-spaces-lemma-composition-finite-type,formal-spaces.tex,5519,lemma,section-finite-type,312DDCDDF7EC464E745923E80BEE873F1A72627E52BA53A7783B81680E747704,lexical_candidate_only
ega-topic-finite-type,37,94,section;text,01ZG,limits-lemma-finite-type-closed-in-finite-presentation,limits.tex,2207,lemma,section-finite-type-closed-in-finite-presentation,5196DBE3113BF5EC437364AB6552A161FEC5E56FFD5AD8236C725E53F7A26CE9,lexical_candidate_only
ega-topic-finite-type,38,94,section;text,09ZQ,limits-lemma-finite-type-is-limit-finite-presentation,limits.tex,2272,lemma,section-finite-type-closed-in-finite-presentation,48292B1A72E6823AC9E9212D49C53E278D95AB1BEACDAEEA5D49ED9A871056D7,lexical_candidate_only
ega-topic-finite-type,39,94,section;text,01ZE,limits-lemma-locally-finite-type-in-finite-presentation,limits.tex,2136,lemma,section-finite-type-closed-in-finite-presentation,6DAE47D1BDF701D2DE6035EA0D1A94E8ECF149C0500F8E4F708903014C6F1542,lexical_candidate_only
ega-topic-finite-type,40,94,section;text,01ZJ,limits-proposition-separated-closed-in-finite-presentation,limits.tex,2300,proposition,section-finite-type-closed-in-finite-presentation,29C2CC42412794BFF5520D3F631FF2AD9A2648D09BB981B0F8CAB58F3D7D0488,lexical_candidate_only
ega-topic-finite-type,41,94,section;text,01ZD,limits-section-finite-type-closed-in-finite-presentation,limits.tex,2129,section,section-finite-type-closed-in-finite-presentation,7F8B293F67F37AEDAE5189A0056CDDAFA28B937DC01A059E2EF1B87EB7D1B6D6,lexical_candidate_only
ega-topic-finite-type,42,94,section;text,01B7,modules-lemma-extension-finite-type,modules.tex,855,lemma,section-finite-type,683C491FF16985A20B0AEAB5DD2D9773E4576A8CE9E3924ECF22F296EB96CAB3,lexical_candidate_only
ega-topic-finite-type,43,94,section;text,09TA,more-morphisms-lemma-base-change-relative-finite-presentation,more-morphisms.tex,16488,lemma,section-finite-type-finite-presentation,7DAA2AC4BA2EAE2E17143054233780A51AA93702CAFC4C0ED0E8441AD26AAFF8,lexical_candidate_only
ega-topic-finite-type,44,94,section;text,09T9,more-morphisms-lemma-finite-morphism-relative-finite-presentation,more-morphisms.tex,16473,lemma,section-finite-type-finite-presentation,EA64D80E3311AD535F57B41D064487B213B4ECD9A24B709FBA7ED89F393B9C1C,lexical_candidate_only
ega-topic-finite-type,45,94,section;text,01TP,morphisms-definition-finite-presentation,morphisms.tex,4064,definition,section-finite-presentation,4A2E30759EA3685FB5D44CD0C9C1F21260B569E85B4EA39FE57B639128748012,lexical_candidate_only
ega-topic-finite-type,46,94,section;text,01T1,morphisms-definition-finite-type,morphisms.tex,2657,definition,section-finite-type,C22DEC891A9A9E1D220F10D3D48F3C8B5BD204601236516BFD411DF1DD476777,lexical_candidate_only
ega-topic-finite-type,47,94,section;text,02J1,morphisms-definition-finite-type-point,morphisms.tex,2903,definition,section-points-finite-type,6F4F1E5153B1187C25099D02DE60FA1C4524CA13DF89C1A9A86233E8B827E558,lexical_candidate_only
ega-topic-finite-type,48,94,section;text,01TS,morphisms-lemma-base-change-finite-presentation,morphisms.tex,4159,lemma,section-finite-presentation,814E538E0A27C289F8E4A80E00F2A960040160588E7E321DDF51E69299EC6188,lexical_candidate_only
ega-topic-finite-type,49,94,section;text,01T4,morphisms-lemma-base-change-finite-type,morphisms.tex,2732,lemma,section-finite-type,F295AA39CFC10472D545F1021067AD5B64A7C4492C11CD3CB8E331C02B0354FB,lexical_candidate_only
ega-topic-finite-type,50,94,section;text,01TR,morphisms-lemma-composition-finite-presentation,morphisms.tex,4134,lemma,section-finite-presentation,1EA7477022F110BB2965941927BFEEB8C134BE2267481B789F28EF45F28C373A,lexical_candidate_only
ega-topic-finite-type,51,94,section;text,01T3,morphisms-lemma-composition-finite-type,morphisms.tex,2711,lemma,section-finite-type,DA2C9247DD64A86D965294719BBDCA6353638EB4096B8A453AAE52D58A5878CD,lexical_candidate_only
ega-topic-finite-type,52,94,section;text,02J6,morphisms-lemma-ubiquity-Jacobson-schemes,morphisms.tex,3039,lemma,section-points-finite-type,A6D79FE49AE845960493F91BEB966F0B73503209583304E1D158418AF5116C79,lexical_candidate_only
ega-topic-finite-type,53,94,section;text,01T9,morphisms-section-points-finite-type,morphisms.tex,2816,section,section-points-finite-type,0279B49B1C873838A99F831E8F01DC5EDAAAB7242F3AF4BA6833C87BCC39EAD7,lexical_candidate_only
ega-topic-finite-type,54,94,section;text,01PC,properties-lemma-finite-presentation-module,properties.tex,2113,lemma,section-characterizing-finite-type-presentation,440822DF48B8D4CA4EB306C78C7437D44ECAD2BBBF22B90EB621EFF74D9108E2,lexical_candidate_only
ega-topic-finite-type,55,94,section;text,01PA,properties-section-characterizing-finite-type-presentation,properties.tex,2076,section,section-characterizing-finite-type-presentation,9108EF27C973E28FD5D9C0C8232657888C3EF5A93ACB74CF0F83D463AACF862B,lexical_candidate_only
ega-topic-finite-type,56,94,section;text,0872,spaces-limits-lemma-finite-type-closed-in-finite-presentation,spaces-limits.tex,2819,lemma,section-finite-type-closed-in-finite-presentation,01F77E87CAB5241E0C5DEA9F46103E1BF1271D053670D348CC1C4C6297F12980,lexical_candidate_only
ega-topic-finite-type,57,94,section;text,0871,spaces-limits-lemma-quasi-affine-closed-in-finite-presentation,spaces-limits.tex,2791,lemma,section-finite-type-closed-in-finite-presentation,35CF2DF87E08C0F6329493A39370588C1800F9901A94B8B4970A559EDBB1246F,lexical_candidate_only
ega-topic-finite-type,58,94,section;text,0873,spaces-limits-proposition-separated-closed-in-finite-presentation,spaces-limits.tex,2874,proposition,section-finite-type-closed-in-finite-presentation,0C9EA5326498DE159B188320CA572C1412AD485DC8BAC5B705FEE5D55780A644,lexical_candidate_only
ega-topic-finite-type,59,94,section;text,07SP,spaces-limits-section-finite-type-closed-in-finite-presentation,spaces-limits.tex,2693,section,section-finite-type-closed-in-finite-presentation,F71FDC74C5C008637D8F73A4537FC07D2938ED413AFC3E40FA3C9D9F27E7822D,lexical_candidate_only
ega-topic-finite-type,60,94,section;text,03XP,spaces-morphisms-definition-locally-finite-presentation,spaces-morphisms.tex,5425,definition,section-finite-presentation,2FB0664ADF4B7CBB9A2F5B7A14CDA90649DB620F2D2EC165561C99F9DDB5254D,lexical_candidate_only
ega-topic-finite-type,61,94,section;text,03XF,spaces-morphisms-definition-locally-finite-type,spaces-morphisms.tex,4352,definition,section-finite-type,17D81FDBC3ED69AD6287DF3276386D97CAFADEB5BEFBE1DAF1AB406163B6A3C8,lexical_candidate_only
ega-topic-finite-type,62,94,section;text,03XR,spaces-morphisms-lemma-base-change-finite-presentation,spaces-morphisms.tex,5467,lemma,section-finite-presentation,A0E2969DB5A75AF70CEDC9246B906A00DC91C01D094C619350C030A7CA15EAC7,lexical_candidate_only
ega-topic-finite-type,63,94,section;text,03XH,spaces-morphisms-lemma-base-change-finite-type,spaces-morphisms.tex,4387,lemma,section-finite-type,628BEA47E9F95AC3EBC2450581CDEF989E3F7E9EF0339F3619566CCA1BE85FAF,lexical_candidate_only
ega-topic-finite-type,64,94,section;text,03XQ,spaces-morphisms-lemma-composition-finite-presentation,spaces-morphisms.tex,5453,lemma,section-finite-presentation,D805D47E66F1234C87087A1931B10B52A7A1956B3513F75B0FC43B979013D76E,lexical_candidate_only
ega-topic-finite-type,65,94,section;text,03XG,spaces-morphisms-lemma-composition-finite-type,spaces-morphisms.tex,4376,lemma,section-finite-type,312DDCDDF7EC464E745923E80BEE873F1A72627E52BA53A7783B81680E747704,lexical_candidate_only
ega-topic-finite-type,66,94,section;text,05WT,spaces-morphisms-lemma-finite-presentation-permanence,spaces-morphisms.tex,5610,lemma,section-finite-presentation,CA818E25E05311B557C99748729AD3CA35B68E15DC12D42F1CC421A6C3618335,lexical_candidate_only
ega-topic-finite-type,67,94,section;text,040Y,spaces-morphisms-lemma-finite-type-local,spaces-morphisms.tex,4398,lemma,section-finite-type,54B2A85D41EE613F8E7FD2761B44D9E235526584575E4A1B31E2CD31F842EDFE,lexical_candidate_only
ega-topic-finite-type,68,94,section;text,0CQ1,stacks-limits-lemma-finite-type-closed-in-finite-presentation,stacks-limits.tex,675,lemma,section-finite-type-closed-in-finite-presentation,6B32EA3E0309A055639D45DAAFAAF62FEA9AA2384D166777B58C9A5B68289181,lexical_candidate_only
ega-topic-finite-type,69,94,section;text,0CQ2,stacks-limits-lemma-separated-closed-in-finite-presentation,stacks-limits.tex,817,lemma,section-finite-type-closed-in-finite-presentation,917ECD3EFA94FA52370EFC2967BC364C8BE09A3ABBE0E8291D13DAC70A4E5944,lexical_candidate_only
ega-topic-finite-type,70,94,section;text,0CQ0,stacks-limits-section-finite-type-closed-in-finite-presentation,stacks-limits.tex,667,section,section-finite-type-closed-in-finite-presentation,34D9292E5B82EA9F8B391C8652E4BA48A1E6AF7CFB2F6A1E6A02FBF8B598118D,lexical_candidate_only
ega-topic-finite-type,71,94,section;text,06FU,stacks-morphisms-lemma-base-change-finite-type,stacks-morphisms.tex,3288,lemma,section-finite-type,628BEA47E9F95AC3EBC2450581CDEF989E3F7E9EF0339F3619566CCA1BE85FAF,lexical_candidate_only
ega-topic-finite-type,72,94,section;text,06U7,stacks-morphisms-lemma-check-finite-type-covering,stacks-morphisms.tex,3341,lemma,section-finite-type,795E299C2F2C4E8BC12E34DFE91D9B03E5F95FF857B56D9FF5BFBAE2FEED98ED,lexical_candidate_only
ega-topic-finite-type,73,94,section;text,06U8,stacks-morphisms-lemma-check-finite-type-precompose,stacks-morphisms.tex,3373,lemma,section-finite-type,D0BF5A588F977F5A33B98668512F9528949FD8C2146294DFA961762242952749,lexical_candidate_only
ega-topic-finite-type,74,94,section;text,06FT,stacks-morphisms-lemma-composition-finite-type,stacks-morphisms.tex,3275,lemma,section-finite-type,312DDCDDF7EC464E745923E80BEE873F1A72627E52BA53A7783B81680E747704,lexical_candidate_only
ega-topic-finite-type,75,94,section;text,06Q6,stacks-morphisms-lemma-finite-presentation-permanence,stacks-morphisms.tex,5470,lemma,section-finite-presentation,62BD2D182D0A1011481F6F07D3000155971F59C81623510DF04EF57CDE88EA90,lexical_candidate_only
ega-topic-finite-type,76,94,section;text,06Q9,stacks-morphisms-lemma-flat-finite-presentation-permanence,stacks-morphisms.tex,5640,lemma,section-finite-presentation,3DC82E6E3EFC0995041C66518035A136CFA7D75B3A962DE4CC1D6C0B8AC104B2,lexical_candidate_only
ega-topic-finite-type,77,93,section;text,0AUF,algebra-lemma-base-change-essentially-of-finite-type,algebra.tex,12858,lemma,section-essentially-of-finite-type,F25665D015D51B6E14522AEB2C8D83B2BBDD66A6BAE3FBEB26B9EAD10E0AD54A,lexical_candidate_only
ega-topic-finite-type,78,93,section;text,07DS,algebra-lemma-composition-essentially-of-finite-type,algebra.tex,12847,lemma,section-essentially-of-finite-type,49BB8759098E04C042F4E0E08257E3201EFCB37B383D4ACCAC2AE8867A52AADE,lexical_candidate_only
ega-topic-finite-type,79,93,section;text,00QQ,algebra-lemma-finite-presentation-descends,algebra.tex,31464,lemma,section-finite-presentation,24F4CAFAA6ACA2E19BB66774DDC03FBC7FB903949FCF4AD6B8BBEFBE1AFF10F5,lexical_candidate_only
ega-topic-finite-type,80,93,section;text,00R2,algebra-lemma-finite-presentation-independent,algebra.tex,566,lemma,section-finite-type,E2F7E62AF8FF2D0B489B1160E809425B9D6A514C1FBEB5BB39B8680355B427DE,lexical_candidate_only
ega-topic-projective,1,234,label;chapter;section;text,04UG,examples-stacks-section-examples-stacks-in-groupoids,examples-stacks.tex,671,section,section-examples-stacks-in-groupoids,3F9C81E5D9ED843BB26888E57B87A32C67E86585BFFA340B2DFF432A09CF05A5,lexical_candidate_only
ega-topic-projective,2,233,label;chapter;section;text,0H8D,examples-remark-projective-with-dual-finite-not-finite,examples.tex,2501,remark,section-projective-not-locally-free,F4F19D355AA17678B80E46B200B974D1E0AF04355DEB500C761CAAD96508DECA,lexical_candidate_only
ega-topic-projective,3,233,label;chapter;section;text,0373,examples-stacks-section-examples-inertia,examples-stacks.tex,1633,section,section-examples-inertia,47761E6981F1D6050DFF314992C3318873413C88D525FF6B98A23479DDA7C9E2,lexical_candidate_only
ega-topic-projective,4,232,label;chapter;section;text,08J1,examples-lemma-non-descending-property-projective,examples.tex,5154,lemma,section-non-descending-property-projective,6DB66291673029869CCACE9F26C30995122946CC450E5DC1D983C42151B3BAAC,lexical_candidate_only
ega-topic-projective,5,232,label;chapter;section;text,05WG,examples-section-projective-not-locally-free,examples.tex,2438,section,section-projective-not-locally-free,BAA84752BC06A54C928F1C6DA5429E530446E9356D8CC65EFAE46CC93CCD0572,lexical_candidate_only
ega-topic-projective,6,232,label;chapter;section;text,04SQ,examples-stacks-section-examples-stacks,examples-stacks.tex,54,section,section-examples-stacks,A3304F211978FFE2DC3A8AFA10B96D7C3D5B3E43824879CB3BACAD66034697C0,lexical_candidate_only
ega-topic-projective,7,231,label;chapter;section;text,05FY,examples-lemma-finite-flat-non-projective,examples.tex,2422,lemma,section-finite-flat-not-projective,15C20832D4532AED9D055574E99E2024DE7790A33F0434E3B3D79122BF243D38,lexical_candidate_only
ega-topic-projective,8,231,label;chapter;section;text,05WH,examples-lemma-ideal-generated-by-idempotents-projective,examples.tex,2445,lemma,section-projective-not-locally-free,3C491B6EA9D6EAD1B921C508DC40D3019F8E2322EC03A72067729F4217258556,lexical_candidate_only
ega-topic-projective,9,231,label;chapter;section;text,05WJ,examples-lemma-ideal-projective-not-locally-free,examples.tex,2491,lemma,section-projective-not-locally-free,572087C478FF2968C7012592B4C8012843F1AB5EC860E8E7561A5B970E257771,lexical_candidate_only
ega-topic-projective,10,231,label;chapter;section;text,08KF,examples-lemma-non-effective-descent-projective,examples.tex,5242,lemma,section-non-effective-descent-projective,1D67F22F71A863779AC5FE28C28496AF6F9F5ABA59F0B6A1EB7D70165081642E,lexical_candidate_only
ega-topic-projective,11,231,label;chapter;section;text,05WL,examples-lemma-projective-not-locally-free,examples.tex,2612,lemma,section-projective-not-locally-free,0687F643C3F239FB61788221F08A6D714FF04911F3C358F0BE91DF2E46822BD9,lexical_candidate_only
ega-topic-projective,12,231,label;chapter;section;text,052H,examples-section-finite-flat-not-projective,examples.tex,2403,section,section-finite-flat-not-projective,72DB381BEAE5968642C611324CB3BE64F44F237F6D90F208988674FD07B46B83,lexical_candidate_only
ega-topic-projective,13,231,label;chapter;section;text,08J0,examples-section-non-descending-property-projective,examples.tex,5143,section,section-non-descending-property-projective,08120B2B67FB1538F493B69E43377556224C04A105E38DE0E2E5F1873AD19C21,lexical_candidate_only
ega-topic-projective,14,231,label;chapter;section;text,08KE,examples-section-non-effective-descent-projective,examples.tex,5231,section,section-non-effective-descent-projective,FAE3474985276A14E11F13FBCDD0F0584361BA619F4A78C507B1F1F7F68C46E4,lexical_candidate_only
ega-topic-projective,15,231,label;chapter;section;text,0374,examples-stacks-example-inertia-stack-of-X-mod-G,examples-stacks.tex,1639,example,section-examples-inertia,E28FF24F0D54D0D058F2683CD6E05E8D181E4553C34F1CACBD4635D1D2C91200,lexical_candidate_only
ega-topic-projective,16,231,label;chapter;section;text,0375,examples-stacks-example-inertia-stack-of-picard,examples-stacks.tex,1677,example,section-examples-inertia,341739A1655DF39D43B4F3A9883965782FBA19AED3032FD1AFEEAB66C02EA976,lexical_candidate_only
ega-topic-projective,17,229,label;chapter;section;text,05WK,examples-lemma-chow-group-product,examples.tex,2512,lemma,section-projective-not-locally-free,3A6D7247B09592F2D97A9C51DA029AD89FD6F72624A24BEF940312EE9B03D54A,lexical_candidate_only
ega-topic-projective,18,229,label;chapter;section;text,0ARF,examples-lemma-counter-Grothendieck-existence,examples.tex,6251,lemma,section-Grothendieck-existence,9CD622F5E56F455868249D7266A3D2E019297C0DAC407FA72179A919FF345E7C,lexical_candidate_only
ega-topic-projective,19,229,label;chapter;section;text,0HAT,examples-lemma-nonfinite-h0,examples.tex,5118,lemma,section-nonfinite-h0,97908A75C0660BE999F97DE006848DE5D59FDC45D2DAE8B37B4D1619FF27B856,lexical_candidate_only
ega-topic-projective,20,229,label;chapter;section;text,0ARE,examples-section-Grothendieck-existence,examples.tex,6222,section,section-Grothendieck-existence,DA81D7AEF161D875BFEE47B059A2E0C036B3EB4C1498B44D21F73B7DF2EC007C,lexical_candidate_only
ega-topic-projective,21,229,label;chapter;section;text,087J,examples-section-non-additive,examples.tex,4995,section,section-non-additive,FDABE06CE0B0129E644E302E3A5FA0EAE702883CAD14BB9526943D45D4B97A1D,lexical_candidate_only
ega-topic-projective,22,229,label;chapter;section;text,0AF8,examples-section-non-algebraic-hom-stack,examples.tex,5935,section,section-non-algebraic-hom-stack,0318F3229E3283E7E9F8A7D33F616492A8249351E0DD85280CF5C319CCA72F20,lexical_candidate_only
ega-topic-projective,23,229,label;chapter;section;text,0HAS,examples-section-nonfinite-h0,examples.tex,5060,section,section-nonfinite-h0,15EDA8026DC4F05652D15D3D9CA169DA38BBC638B14D15B4BBB95A3E902B762F,lexical_candidate_only
ega-topic-projective,24,208,label;chapter;section,087K,examples-equation-commutes-up-to-homotopy,examples.tex,5014,equation,section-non-additive,F2AB8057D8E940523F103AE657B31623AA6A2760A62199AAA60EDAFA5E0A74A6,lexical_candidate_only
ega-topic-projective,25,208,label;chapter;section,087L,examples-lemma-nonadditivity-of-trace,examples.tex,5033,lemma,section-non-additive,510E96673F90B2E255DC628573D04964BC6B86AE801EE55D92C4C2AD37D714D9,lexical_candidate_only
ega-topic-projective,26,208,label;chapter;section,0AFB,examples-lemma-not-essentially-surjective,examples.tex,6090,lemma,section-non-algebraic-hom-stack,1175323A1E5D1E700A7B09910E8A97B2DD3B82AABBB305628E71B5835A1F42A1,lexical_candidate_only
ega-topic-projective,27,208,label;chapter;section,0AFA,examples-lemma-torsors-over-field-torsion,examples.tex,6055,lemma,section-non-algebraic-hom-stack,9C04D5B93DCE67000B7836640C1589E3DCF97D17AD0ACF4EF55C21716EE69DF6,lexical_candidate_only
ega-topic-projective,28,208,label;chapter;section,0AF9,examples-lemma-torsors-over-two-dimensional-regular,examples.tex,6003,lemma,section-non-algebraic-hom-stack,B9DF791822A08B3E3D30FE2EB863AA90578AA0226A2118EC07D59AA586AE5573,lexical_candidate_only
ega-topic-projective,29,208,label;chapter;section,0AFC,examples-proposition-nonalghomstack,examples.tex,6139,proposition,section-non-algebraic-hom-stack,5350A7FA95612DD93CCB73C0EA032816A784F07B5166A07AA65501144D076B8B,lexical_candidate_only
ega-topic-projective,30,208,label;chapter;section,0AFD,examples-remark-contradict-aoki,examples.tex,6148,remark,section-non-algebraic-hom-stack,F1EAE551953D844EF2EBBA7E4385AC0431858CA0002A8480179FD7BABC3AC28D,lexical_candidate_only
ega-topic-projective,31,208,label;chapter;section,0H8E,examples-remark-torsors-over-regular,examples.tex,6033,remark,section-non-algebraic-hom-stack,1496A290AA99A115321803B34FB87E52175F49E4BAD1D3B9F5DC5047E2FF1967,lexical_candidate_only
ega-topic-projective,32,192,label;section;text,087S,morphisms-lemma-projective-over-quasi-projective-is-H-projective,morphisms.tex,10848,lemma,section-projective,C616B669AA6DBCE4DF7D5F935E733E0125825EDE52B53C14CECA9B124AA972E8,lexical_candidate_only
ega-topic-projective,33,190,label;section;text,01VT,morphisms-lemma-finite-type-over-affine-ample-very-ample,morphisms.tex,9518,lemma,section-ample-finite-type,636898561CCF79DBDACB1B6F9B93CC861CEDE6A5A230826DD457D7DB08BD9DA3,lexical_candidate_only
ega-topic-projective,34,190,label;section;text,0892,morphisms-lemma-pullback-ample-tensor-relatively-ample,morphisms.tex,8829,lemma,section-relatively-ample,33328244C717DA42D66181FDA44F5A8EBE8EBC8E7B4DB07E44D91B5CE9377627,lexical_candidate_only
ega-topic-projective,35,189,label;section;text,059Q,algebra-section-examples,algebra.tex,21853,section,section-examples,800889D552FFC0146B825FFB45C640E37DEA1BA8FDF741C1D1D5066AC0B7B81D,lexical_candidate_only
ega-topic-projective,36,189,label;section;text,0D3I,examples-defos-example-finite-projective-modules,examples-defos.tex,142,example,section-finite-projective-modules,F736187A2DBE1EFDE816694DE271892F98404D7E3819D2A11DEF36641D6A2C73,lexical_candidate_only
ega-topic-projective,37,189,label;section;text,0B45,more-morphisms-lemma-projective,more-morphisms.tex,14028,lemma,section-projective,C4BE07DD2BCEE55A192467C1510545904C956163F8048696AC5B5B6FDEA0E1DB,lexical_candidate_only
ega-topic-projective,38,189,label;section;text,01VU,morphisms-lemma-finite-type-ample-very-ample,morphisms.tex,9553,lemma,section-ample-finite-type,D1461F7930AC0AB9FD61BD1472320D9CD172E1CC08D4592234797FCDF6C356A0,lexical_candidate_only
ega-topic-projective,39,189,label;section;text,0BCL,morphisms-lemma-projective-is-quasi-projective-proper,morphisms.tex,10777,lemma,section-projective,91248B7AB34F6EBC24FC642DDB62278FA561E4E489C3262AD6B1F5528F8680B8,lexical_candidate_only
ega-topic-projective,40,188,label;section;text,0FCY,constructions-example-projective-space,constructions.tex,4757,example,section-projective-bundle,D315AD98F95976A94B6559B2B4BE7CBD77416F0392625D95E87BA144C3626E4C,lexical_candidate_only
ega-topic-projective,41,188,label;section;text,0DVN,examples-defos-section-finite-projective-modules,examples-defos.tex,135,section,section-finite-projective-modules,B778C516A05E2276FD0477080950EF46AA04377DFEA254DF0C1AB082EF77BB10,lexical_candidate_only
ega-topic-projective,42,188,label;section;text,0CCJ,groupoids-lemma-descend-along-finite-quasi-projective,groupoids.tex,5067,lemma,section-quasi-projective,1DF2766E683CEB1CBF1D0C33D1045B68F0CE9599A4EA0033B513371B328EECE0,lexical_candidate_only
ega-topic-projective,43,188,label;section;text,0GTP,more-morphisms-lemma-ample-family-ample-relative,more-morphisms.tex,23303,lemma,section-families-ample-invertible-modules,6E67D03715434D1DA85AB66D94F272CD2C0BD1415C91687755750D96CCCB60C5,lexical_candidate_only
ega-topic-projective,44,188,label;section;text,0FVC,morphisms-lemma-invertible-add-enough-ample-very-ample,morphisms.tex,9642,lemma,section-ample-finite-type,524FCEB7EFEEF362A715D9EB55334272D5BF76D8BB09ABF64A3488B0E0ED48A7,lexical_candidate_only
ega-topic-projective,45,187,label;section;text,059U,algebra-example-not-ML,algebra.tex,21996,example,section-examples,D76EE1FC5ADD8BF2F8062F9EBE475F019531A228832DEB25AA3C5963F9620AB0,lexical_candidate_only
ega-topic-projective,46,187,label;section;text,059Y,algebra-remark-characterize-projective,algebra.tex,22232,remark,section-characterize-projective,A73366A891E0EE008631272CF7DD46B8F0338C265FABAEBCFBDA7322E8B275AF,lexical_candidate_only
ega-topic-projective,47,187,label;section;text,00EX,algebra-section-examples-spectra,algebra.tex,4817,section,section-examples-spectra,62397E293643EF0AABCF402E82913B7EA04CBFECB26A8CF6939ADE0656AACBB6,lexical_candidate_only
ega-topic-projective,48,187,label;section;text,01OC,constructions-example-projective-bundle,constructions.tex,4814,example,section-projective-bundle,49E39ACCD918378C90724E4D71E6CCAAA5F54B93FD3672A84B2B61618A5DC453,lexical_candidate_only
ega-topic-projective,49,187,label;section;text,0646,derived-lemma-projective-resolutions-exist,derived.tex,6729,lemma,section-projective-resolutions,212630B8F420E49C371B9CF9D0647C28CE8BA423567E7F0B4BF8FEE23B531A06,lexical_candidate_only
ega-topic-projective,50,187,label;section;text,0DVP,examples-defos-lemma-finite-projective-modules-RS,examples-defos.tex,179,lemma,section-finite-projective-modules,CA74E4D381035D4B95CE5B9D7BD36D2FFFEC35961F5031D9E128D96FD376A8EF,lexical_candidate_only
ega-topic-projective,51,187,label;section;text,0DVQ,examples-defos-lemma-finite-projective-modules-TI,examples-defos.tex,213,lemma,section-finite-projective-modules,2A934EB3F28249A72850CB4CF8CC3311F2546132C462C221AB384683372D5B00,lexical_candidate_only
ega-topic-projective,52,187,label;section;text,0B42,more-morphisms-lemma-quasi-projective,more-morphisms.tex,13840,lemma,section-quasi-projective,ADA63386A929A04457EFE7F788A71FE69206CD01D64485A89CA6332A248900DF,lexical_candidate_only
ega-topic-projective,53,187,label;section;text,01VH,morphisms-definition-relatively-ample,morphisms.tex,8627,definition,section-relatively-ample,F39F3374890273330B10DF2C9E21B575DDC3F2F6E8B19663055F8BD3294B2566,lexical_candidate_only
ega-topic-projective,54,187,label;section;text,01VM,morphisms-definition-very-ample,morphisms.tex,8978,definition,section-very-ample,16219CF19CD8446B892E79DF8C11C29CAE305D42CFC4A37A27AA6CFFDDF28D9F,lexical_candidate_only
ega-topic-projective,55,187,label;section;text,07ZS,morphisms-example-projective,morphisms.tex,10514,example,section-projective,780E725FAC453A1C6999A736C1E5F9E1E2503CD6FAEE32572EA3058A98296051,lexical_candidate_only
ega-topic-projective,56,187,label;section;text,07ZR,morphisms-example-very-ample,morphisms.tex,9060,example,section-very-ample,AAB1B4B2EBB57E8FC09285BCACAB1D0CE80C8CAD6F328A8D74C1987E91F394CD,lexical_candidate_only
ega-topic-projective,57,187,label;section;text,01W9,morphisms-lemma-H-projective,morphisms.tex,10532,lemma,section-projective,17355B65AF691B379168EAA236194089F73CA15722C2EE8F2E1F34F3FBD892C4,lexical_candidate_only
ega-topic-projective,58,187,label;section;text,01WA,morphisms-lemma-H-quasi-projective-open-H-projective,morphisms.tex,10703,lemma,section-projective,91BC03E05A9EC5682EFA475E9CEC0F51908543535450D62FF0AAE5336FBEC961,lexical_candidate_only
ega-topic-projective,59,187,label;section;text,01VY,morphisms-lemma-H-quasi-projective-quasi-projective,morphisms.tex,9779,lemma,section-quasi-projective,C242779A6A32CE9870B451357CC41857C0F362D86357EA40DC39BE88C7910AF1,lexical_candidate_only
ega-topic-projective,60,187,label;section;text,02NN,morphisms-lemma-ample-power-ample,morphisms.tex,8645,lemma,section-relatively-ample,6AB21B48C1CA01CB0F6A66D9C4B81C9841BFFC5ACC4409D65DDAD493DBBE9ED5,lexical_candidate_only
ega-topic-projective,61,187,label;section;text,01VN,morphisms-lemma-ample-very-ample,morphisms.tex,8998,lemma,section-very-ample,2657A4B865ACDDBB96EA4A5B15B096EAA2AA4348DECB2E99C4764F95F880E404,lexical_candidate_only
ega-topic-projective,62,187,label;section;text,07RL,morphisms-lemma-projective-quasi-projective,morphisms.tex,10686,lemma,section-projective,47788BC2FA238545DD8C2A5F246B3C53D720F50242E9C97DC333995760F1F6FB,lexical_candidate_only
ega-topic-projective,63,187,label;section;text,0B5N,morphisms-lemma-proper-ample-locally-projective,morphisms.tex,10617,lemma,section-projective,445EFCAB20F806C1094BB74B1EC4C6A3D52352B2B4533563FC18BB4376AECE1B,lexical_candidate_only
ega-topic-projective,64,187,label;section;text,07RM,morphisms-lemma-quasi-projective-open-projective,morphisms.tex,10718,lemma,section-projective,FD7B05D992FA92CD4934D4ED673C0ACB986A1B59B0EE68BE165D5F72C4C26E3C,lexical_candidate_only
ega-topic-projective,65,187,label;section;text,02NO,morphisms-section-ample-finite-type,morphisms.tex,9273,section,section-ample-finite-type,0F083E48A774AEC3931C1C9F8FD138AC079131A12C68AF544DDE0A01848B5FE9,lexical_candidate_only
ega-topic-projective,66,187,label;section;text,01PT,properties-lemma-ample-power-ample,properties.tex,4260,lemma,section-ample,8EF1CD27B97DEFC3652E3239D4F85935AA1D1B40BE4942C2C02C4B02947E7323,lexical_candidate_only
ega-topic-projective,67,187,label;section;text,00VZ,sites-section-example-sheaf-G-sets,sites.tex,1384,section,section-example-sheaf-G-sets,E3F680B5E2C44EB8CC11A81C3EE113CCDE7D5069260618A4BE7E3C7A2E462166,lexical_candidate_only
ega-topic-projective,68,187,label;section;text,0D31,spaces-divisors-definition-relatively-ample,spaces-divisors.tex,2908,definition,section-relatively-ample,E8E4669C0DF1DCF0EEDD6C8F3444FABE4F31B721748BF73C77202DB09D27672D,lexical_candidate_only
ega-topic-projective,69,186,label;section;text,0H7M,algebra-lemma-projective-modulo-two-ideals,algebra.tex,18961,lemma,section-projective,1FE81273DE33AECDBCAFED27AE992AA28FBF3A2F39FBB9B7B99BC71FE42DA01C,lexical_candidate_only
ega-topic-projective,70,186,label;section;text,05CD,algebra-section-projective,algebra.tex,18775,section,section-projective,D5EB09296F98F9217A96A79696B1D19E71C15ECC71CD8F2535AE0C6D97383650,lexical_candidate_only
ega-topic-projective,71,186,label;section;text,058Z,algebra-section-projective-local-ring,algebra.tex,20590,section,section-projective-local-ring,8F77233BE2CA1A258E2009EC6F9D0585842C58D5CAC68BC12464D8224FD4BDF7,lexical_candidate_only
ega-topic-projective,72,186,label;section;text,0020,categories-section-example-fibre-products,categories.tex,887,section,section-example-fibre-products,D0968C859103C3A47E4FAE282B67FF1CAEFB855CCD46317DEC62D9D36ECCEA90,lexical_candidate_only
ega-topic-projective,73,186,label;section;text,01NF,constructions-definition-projective-space,constructions.tex,2819,definition,section-projective-space,F015D4D53E4DE7F0CC1EB57787B05E36F7F26D940CFBD3FEA8208B4B5570125D,lexical_candidate_only
ega-topic-projective,74,186,label;section;text,09JZ,dga-section-projectives-over-algebras,dga.tex,1803,section,section-projectives-over-algebras,17ECAAD056C9CDD8357C90CADC04982A8460AE8FEA86E5FAC06AB9C3CE905A71,lexical_candidate_only
ega-topic-projective,75,186,label;section;text,0FQA,dga-section-projectives-over-graded-algebras,dga.tex,1836,section,section-projectives-over-graded-algebras,EB6D67A13B47360D9C362F9E7B2C189A036CA358028739C6545E8FF8C2260365,lexical_candidate_only
ega-topic-projective,76,186,label;section;text,08XY,dualizing-definition-projective-cover,dualizing.tex,407,definition,section-projective-cover,C0A533882E7DD801E75A820DE579ED7E846758C2D83E1A70DB312D82E3D88A90,lexical_candidate_only
ega-topic-projective,77,186,label;section;text,024W,etale-section-examples,etale.tex,754,section,section-examples,681726AE78E382621A31E7653C669AC013C41BC5AB7B3C36A75B2ED22EF09346,lexical_candidate_only
ega-topic-projective,78,186,label;section;text,0A5N,more-algebra-definition-projective-dimension,more-algebra.tex,17394,definition,section-projective-dimension,8B2EB3E2828660126A45EF2736C87F894B8A95DACD4E25DDC3B044023754F946,lexical_candidate_only
ega-topic-projective,79,186,label;section;text,0G95,more-algebra-lemma-ses-near-projective,more-algebra.tex,17810,lemma,section-near-projective,E3D4A364EB01A433A7751C48A082647FC241AB4D75DF31E1F873AD8752A2F252,lexical_candidate_only
ega-topic-projective,80,186,label;section;text,0B46,more-morphisms-lemma-category-projective,more-morphisms.tex,14103,lemma,section-projective,227A32FF31486B2DF6A8E0B24F65EBE192E5FEBBA67047C165A4702B95DF8A82,lexical_candidate_only
ega-topic-noetherian,1,190,label;section;text,0G61,examples-section-noetherian-not-noetherian,examples.tex,1719,section,section-noetherian-not-noetherian,73CB099B48B5DD1A70F03674EC992221592A293FE5DA9DD24D1D7795ABABF28A,lexical_candidate_only
ega-topic-noetherian,2,188,label;section;text,00FN,algebra-lemma-Noetherian-permanence,algebra.tex,5991,lemma,section-Noetherian,B47124D093C47D06914738D71A13F8D0CAF80D2615A6452F836D7A7D751F5EB9,lexical_candidate_only
ega-topic-noetherian,3,187,label;section;text,0316,algebra-lemma-completion-Noetherian-Noetherian,algebra.tex,23065,lemma,section-completion-noetherian,8A2FBD4FBFB4F36AA7F1FA3AA40188BB12A8CE6676C65D5746590654F3988153,lexical_candidate_only
ega-topic-noetherian,4,187,label;section;text,09YV,etale-cohomology-lemma-constructible-over-noetherian-noetherian,etale-cohomology.tex,12901,lemma,section-noetherian-constructible,EC97EA2CC044C2D85CBC3D6EA657FA7606B03093D24339AEACAA00F9A5741CD4,lexical_candidate_only
ega-topic-noetherian,5,187,label;section;text,01OV,properties-definition-noetherian,properties.tex,421,definition,section-noetherian,9837AF51178B23B0AECB8F689A24F2C79CFA426E90A9F63F98FCE1A2BD00AA51,lexical_candidate_only
ega-topic-noetherian,6,187,label;section;text,08AH,spaces-properties-lemma-Noetherian-local-ring-Noetherian,spaces-properties.tex,4231,lemma,section-noetherian,441E6FC3A9E3D479862752716894B896704C28925FDCCF91B6229ADF0AAB7E4F,lexical_candidate_only
ega-topic-noetherian,7,187,label;section;text,04ZF,spaces-properties-lemma-Noetherian-topology,spaces-properties.tex,4189,lemma,section-noetherian,D87798F328A2E2864D4CED014F40795709E531472E9669C0B1560C7972C3BD8E,lexical_candidate_only
ega-topic-noetherian,8,187,label;section;text,0DQI,stacks-morphisms-lemma-Noetherian-topology,stacks-morphisms.tex,2040,lemma,section-noetherian,51FFAA857E86CD25165CAC0A281D610F830B092DB6E02BB8D76751981382312B,lexical_candidate_only
ega-topic-noetherian,9,187,label;section;text,0CPM,stacks-morphisms-lemma-locally-closed-in-noetherian,stacks-morphisms.tex,2010,lemma,section-noetherian,386D8E097B8F5FF242BA798B3C6D5B833CC4590D951960433D9BA73A4BA53FE4,lexical_candidate_only
ega-topic-noetherian,10,187,label;section;text,0052,topology-lemma-Noetherian,topology.tex,1253,lemma,section-noetherian,D786DB9689444CD72B059F40C835AE59C2CAE6E8DBD6D933E4240247B099BAFA,lexical_candidate_only
ega-topic-noetherian,11,187,label;section;text,04Z8,topology-lemma-image-Noetherian,topology.tex,1304,lemma,section-noetherian,00834AE3ADEAEEB8DAA1E6A4ABFB80E0B57F09889769CECD3E7F9F90938342F8,lexical_candidate_only
ega-topic-noetherian,12,186,label;section;text,00FR,algebra-lemma-Noetherian-irreducible-components,algebra.tex,6135,lemma,section-Noetherian,6CDA10DAF036EF080FB097E165853DAC2D0A4358A1AE3616168EA0907BC11835,lexical_candidate_only
ega-topic-noetherian,13,186,label;section;text,00FQ,algebra-lemma-Noetherian-topology,algebra.tex,6120,lemma,section-Noetherian,1A5AF160C8A9F3A14A97B7D96C3584C4205F6B9AC957C6158E1E04F178BBC896,lexical_candidate_only
ega-topic-noetherian,14,186,label;section;text,0GE6,artin-section-algebraic-spaces-noetherian,artin.tex,4784,section,section-algebraic-spaces-noetherian,53A67A5D37F9095BDA3C8DBDD8263B72BF567238134DBEF146B2FADAED41B9B6,lexical_candidate_only
ega-topic-noetherian,15,186,label;section;text,02JC,examples-section-Noetherian-infinite-dimension,examples.tex,1162,section,section-Noetherian-infinite-dimension,B7CD2EF10813E249654B224B816EF13827FBE815D953D25E64C950DDE6E0E290,lexical_candidate_only
ega-topic-noetherian,16,186,label;section;text,02JE,examples-section-non-catenary-Noetherian-local,examples.tex,1411,section,section-non-catenary-Noetherian-local,C7DBD7402EF898013E801C1498C5B347880568298D3A277F890E5B270F9B992A,lexical_candidate_only
ega-topic-noetherian,17,186,label;section;text,0GE8,examples-section-sheaves-locally-Noetherian,examples.tex,4585,section,section-sheaves-locally-Noetherian,1F8A5F7FBB1DD408F2748F29EDA26CE5779054DD859BA34AA8991E844CF1F876,lexical_candidate_only
ega-topic-noetherian,18,186,label;section;text,01OZ,properties-lemma-Noetherian-topology,properties.tex,496,lemma,section-noetherian,E518177485472501B7B00E4CA026C1027DC309B173857E418984095DC7744D07,lexical_candidate_only
ega-topic-noetherian,19,186,label;section;text,01OW,properties-lemma-locally-Noetherian,properties.tex,436,lemma,section-noetherian,875034424DFE187E592F8C1A3C7EB03F72226E405AE4C7C3742F1388F743504D,lexical_candidate_only
ega-topic-noetherian,20,186,label;section;text,02IL,properties-lemma-locally-Noetherian-closed-point,properties.tex,555,lemma,section-noetherian,AE01FA65AEF67BB4AE9D9BE619FCEB23D5618AC81FE4B027169B33514DAB0732,lexical_candidate_only
ega-topic-noetherian,21,186,label;section;text,0051,topology-definition-noetherian,topology.tex,1244,definition,section-noetherian,DB08C46E5A4912F5D3EBE614BEFAC9E86F060A9FF7E08554A8361176CD1AFB13,lexical_candidate_only
ega-topic-noetherian,22,186,label;section;text,02HZ,topology-example-locally-Noetherian-no-closed-point,topology.tex,1353,example,section-noetherian,E6B2EA18C25B986018D586EBDB7964C41FDDF2BB050E42AE9904A44A79F65B04,lexical_candidate_only
ega-topic-noetherian,23,186,label;section;text,038Q,varieties-section-locally-Noetherian,varieties.tex,2301,section,section-locally-Noetherian,A3486840371161BE6D46DE125E9D5BEF770AE5B942DA32C29EBE0488E29A50BA,lexical_candidate_only
ega-topic-noetherian,24,185,label;section;text,0CY6,algebra-lemma-Noetherian-base-change-finite-type,algebra.tex,6153,lemma,section-Noetherian,3CC31790F94ECCB8DDB5242C640182CBBD1250170466D9C565530F283B0330A8,lexical_candidate_only
ega-topic-noetherian,25,185,label;section;text,045I,algebra-lemma-Noetherian-field-extension,algebra.tex,6166,lemma,section-Noetherian,DF75C01609DB60811386DD8B32974E9DE7FF67585202B55EA31D93EE54AB21EB,lexical_candidate_only
ega-topic-noetherian,26,185,label;section;text,05GH,algebra-lemma-completion-Noetherian,algebra.tex,23011,lemma,section-completion-noetherian,46B86E9394EF63582F64D31C35D7B68089B129560B17DCC1DB921B622BFD9963,lexical_candidate_only
ega-topic-noetherian,27,185,label;section;text,00JW,algebra-lemma-graded-Noetherian,algebra.tex,13803,lemma,section-noetherian-graded,03BABD9E5624400F656D17C1F50B94799A07112E564E789442A9C0B2152B7707,lexical_candidate_only
ega-topic-noetherian,28,185,label;section;text,00FO,algebra-lemma-obvious-Noetherian,algebra.tex,6075,lemma,section-Noetherian,3E64E46DDDB374F1DB1D89DB2136CEBEE64EFC694C837E09AFB6773656E37447,lexical_candidate_only
ega-topic-noetherian,29,185,label;section;text,00FM,algebra-section-Noetherian,algebra.tex,5981,section,section-Noetherian,D62A6CE11C5EB3A8EEC7E118F3D0D593BED602174855606390D0DF3616BFB2EB,lexical_candidate_only
ega-topic-noetherian,30,185,label;section;text,00IJ,algebra-section-Noetherian-again,algebra.tex,12150,section,section-Noetherian-again,2CD1574AEA3012CE62CE46AB4FD98542D0EDE76459EB96EF2C5BB9A61973E006,lexical_candidate_only
ega-topic-noetherian,31,185,label;section;text,00K4,algebra-section-Noetherian-local,algebra.tex,13992,section,section-Noetherian-local,3CE92451262CAE016071F5217CDD1587E547A5AF9F64E4F1B6A88EF7A95345C5,lexical_candidate_only
ega-topic-noetherian,32,185,label;section;text,0BNH,algebra-section-completion-noetherian,algebra.tex,22894,section,section-completion-noetherian,40C73A108A52C04B43163E99F51FBED0A176C763FDC13BF763FFCD46F2D8C6C6,lexical_candidate_only
ega-topic-noetherian,33,185,label;section;text,00JV,algebra-section-noetherian-graded,algebra.tex,13775,section,section-noetherian-graded,BF8A855BEA22F7D4482FB8481421B74A8175E2A5C6F520D5EAD3E665889F78DC,lexical_candidate_only
ega-topic-noetherian,34,185,label;section;text,0GE7,artin-proposition-spaces-diagonal-representable-noetherian,artin.tex,4855,proposition,section-algebraic-spaces-noetherian,B66015FDDF2A105D852DFFDE3EA69CE472E3BB65F3EA7E4A0319CB43FF9A26B4,lexical_candidate_only
ega-topic-noetherian,35,185,label;section;text,0GE1,artin-section-noetherian,artin.tex,4541,section,section-noetherian,3C441AE9825C740F0BE320048A1B63B0DCB1C4ADD7C4260F872247BE64848E56,lexical_candidate_only
ega-topic-noetherian,36,185,label;section;text,02UU,cohomology-section-vanishing-Noetherian,cohomology.tex,3440,section,section-vanishing-Noetherian,FF6038E64495930902F0FAED8AA0C9804FC22EB0D14EFAC13CA4E18B26E06D72,lexical_candidate_only
ega-topic-noetherian,37,185,label;section;text,0B3Q,divisors-section-Noetherian-effective-Cartier,divisors.tex,2918,section,section-Noetherian-effective-Cartier,6CC63E114F7AE8E6E56DB5EF46819841CBADE8C3F030FC28641093FFAD542624,lexical_candidate_only
ega-topic-noetherian,38,185,label;section;text,0EMG,divisors-section-meromorphic-noetherian,divisors.tex,6233,section,section-meromorphic-noetherian,31627F72FB8E30146128F230653149F36DD41134D881481EACAB0D2B00FA7583,lexical_candidate_only
ega-topic-noetherian,39,185,label;section;text,0E9M,dualizing-section-relative-dualizing-complexes-Noetherian,dualizing.tex,4791,section,section-relative-dualizing-complexes-Noetherian,4CCFDCD6DEC31311FBDB9657F1EB3A6E1DB1E62211B88ECF5E31A71112E030E4,lexical_candidate_only
ega-topic-noetherian,40,185,label;section;text,09BH,etale-cohomology-proposition-constructible-over-noetherian,etale-cohomology.tex,12804,proposition,section-noetherian-constructible,4297F2B741CA537181A9A0E562429B8621F1E1900D55694BFCD693B8E574EADF,lexical_candidate_only
ega-topic-noetherian,41,185,label;section;text,03RY,etale-cohomology-section-noetherian-constructible,etale-cohomology.tex,12786,section,section-noetherian-constructible,EE6369DFDB110BCF75862FFEFB3C2956426BF599C5B27B4ADDA5147DD07F987B,lexical_candidate_only
ega-topic-noetherian,42,185,label;section;text,0CM1,limits-section-Noetherian-valuative-criterion,limits.tex,3729,section,section-Noetherian-valuative-criterion,BB7C8C01F8C04C8DF3B602FAB3D4A0677634520869A787626B2016D532258977,lexical_candidate_only
ega-topic-noetherian,43,185,label;section;text,0526,more-algebra-lemma-flattening-complete-local-noetherian,more-algebra.tex,4412,lemma,section-flattening-Noetherian-complete-local,1F00E084D9478672F891C1DF3BADD1A2B815D850607B817CDFDD061A7C0E02DC,lexical_candidate_only
ega-topic-noetherian,44,185,label;section;text,0527,more-algebra-lemma-flattening-complete-local-noetherian-property-by-finite-type,more-algebra.tex,4462,lemma,section-flattening-Noetherian-complete-local,13B38AEDA26D31139490E847403B343411C52696E02438F736E50B91CC9FE679,lexical_candidate_only
ega-topic-noetherian,45,185,label;section;text,02HW,more-morphisms-section-smooth-Noetherian,more-morphisms.tex,3567,section,section-smooth-Noetherian,6769ECA9F82829255A505773FCAF4BE8CA459A026B1BC250647BA6F45CB9A9B1,lexical_candidate_only
ega-topic-noetherian,46,185,label;section;text,09T1,perfect-section-coherator-Noetherian,perfect.tex,1729,section,section-coherator-Noetherian,611A04DD0C15080B41F8620FF3DE9ECCF783BF91A28EB0DC02985C507E4629A6,lexical_candidate_only
ega-topic-noetherian,47,185,label;section;text,0BA8,properties-lemma-Noetherian-irreducible-components,properties.tex,523,lemma,section-noetherian,338DC473ABE41FD32D5CE327663EA52DD7CED136412864E696D171436AF98EA0,lexical_candidate_only
ega-topic-noetherian,48,185,label;section;text,02IK,properties-lemma-locally-closed-in-Noetherian,properties.tex,510,lemma,section-noetherian,6A27409D85B51FA50AB7697D998A26A848CE5B5557663F40B0D2A3401661AAA1,lexical_candidate_only
ega-topic-noetherian,49,185,label;section;text,01OU,properties-section-noetherian,properties.tex,413,section,section-noetherian,EEDC469FE6796C667CFA76FDF464FD64E7C211F3FEA9AEBEDA4D6D9D87B52123,lexical_candidate_only
ega-topic-noetherian,50,185,label;section;text,0CPH,spaces-divisors-section-Noetherian-effective-Cartier,spaces-divisors.tex,1556,section,section-Noetherian-effective-Cartier,CC1198AD96512BFA933B7208D36D40C1A34B626D74AC79D9C2AA88654F721E11,lexical_candidate_only
ega-topic-noetherian,51,185,label;section;text,0CMB,spaces-limits-section-Noetherian-valuative-criterion,spaces-limits.tex,4541,section,section-Noetherian-valuative-criterion,19A5C25DDA3DF0AA472BBD65537805E9A00CC5320E574C43037EA91B644FA950,lexical_candidate_only
ega-topic-noetherian,52,185,label;section;text,08VN,spaces-more-morphisms-section-flat-over-Noetherian,spaces-more-morphisms.tex,6026,section,section-flat-over-Noetherian,9928D63E1DFAB709C81066BAA2CFE8D19DDC8ACA7A4CB2EE191797AFA64EF2AD,lexical_candidate_only
ega-topic-noetherian,53,185,label;section;text,0APM,spaces-more-morphisms-section-smooth-Noetherian,spaces-more-morphisms.tex,5089,section,section-smooth-Noetherian,883A29F4218F5089958E218C8DB8B8A56AC84D9747D9DC2756791E893C86B119,lexical_candidate_only
ega-topic-noetherian,54,185,label;section;text,09TH,spaces-perfect-section-coherator-Noetherian,spaces-perfect.tex,2607,section,section-coherator-Noetherian,7518CC0EDEB25206015F0F60F6F3D50D34FD962A5BDD881E7017405D25165CF0,lexical_candidate_only
ega-topic-noetherian,55,185,label;section;text,03EA,spaces-properties-definition-noetherian,spaces-properties.tex,4155,definition,section-noetherian,6225475328C00E20203DD3AC0AC6083A3995CB9584599E0A3541CD8FB23B2373,lexical_candidate_only
ega-topic-noetherian,56,185,label;section;text,04ZG,spaces-properties-lemma-Noetherian-sober,spaces-properties.tex,4217,lemma,section-noetherian,8E32A2B9BF2EE7CC0A2E4BD440DE2F16167371D611E4EE73E71D7CE4A9685723,lexical_candidate_only
ega-topic-noetherian,57,185,label;section;text,03E9,spaces-properties-section-noetherian,spaces-properties.tex,4148,section,section-noetherian,1C8CD4545C4D4AF34B0388B2AF4E6B9E9A1B428AB6ED3AF406DE840C7CB0E46C,lexical_candidate_only
ega-topic-noetherian,58,185,label;section;text,0GR5,stacks-cohomology-lemma-coherent-Noetherian,stacks-cohomology.tex,3574,lemma,section-coherent-sheaves,B238D476942759104AE3A14A8E610AA46B68C666CF024193D6AA8B097DBED924,lexical_candidate_only
ega-topic-noetherian,59,185,label;section;text,0510,stacks-morphisms-definition-noetherian,stacks-morphisms.tex,1986,definition,section-noetherian,D1905A48CDE1CF87D6FF4FD469EC983B3E5B304893ED1A54D0ADEC1F4A86550E,lexical_candidate_only
ega-topic-noetherian,60,185,label;section;text,050Z,stacks-morphisms-section-noetherian,stacks-morphisms.tex,1979,section,section-noetherian,B2A23EF68C06289A490BA6D5CD058E4423CF63D68DAD5F1F09170E69E2907F81,lexical_candidate_only
ega-topic-noetherian,61,185,label;section;text,0053,topology-lemma-finite-union-Noetherian,topology.tex,1328,lemma,section-noetherian,5375F3F600EF516FFE1293B70C88C5CC83F2B5280B5B009896C93F56ECE7A415,lexical_candidate_only
ega-topic-noetherian,62,185,label;section;text,053X,topology-section-constructible-Noetherian,topology.tex,2868,section,section-constructible-Noetherian,FB3DEE3B99419A10BEC9DED6B892C8ED2EC321BF01F96439590A7C9CB05A2FE5,lexical_candidate_only
ega-topic-noetherian,63,185,label;section;text,0050,topology-section-noetherian,topology.tex,1241,section,section-noetherian,FA486421908B60EA03E787FAEF0205277A592B43E1B7373DB974B4F222EDDDF9,lexical_candidate_only
ega-topic-noetherian,64,185,label;section;text,038R,varieties-lemma-locally-Noetherian-base-change,varieties.tex,2315,lemma,section-locally-Noetherian,49390D05C57A81048AE50F35A09159DA6DA1C587B6A12DFF1EBAA1F565F5C28B,lexical_candidate_only
ega-topic-noetherian,65,184,label;section;text,00IK,algebra-lemma-Noetherian-basic,algebra.tex,12154,lemma,section-Noetherian-again,02C239EA94E558F21F989F3DBDAEF6013D32677ECDE18ECB896E24FDE436A8A3,lexical_candidate_only
ega-topic-noetherian,66,184,label;section;text,00FP,algebra-lemma-Noetherian-finite-type-is-finite-presentation,algebra.tex,6088,lemma,section-Noetherian,22DE09E413FC8B40531F47A0D27DC3C05D1C949D2AD3E7EF4F0318FA55CD0296,lexical_candidate_only
ega-topic-noetherian,67,184,label;section;text,0306,algebra-lemma-Noetherian-power-series,algebra.tex,6028,lemma,section-Noetherian,773FE758FA683A58B813A76272FA05A5C1ED64DF06AA55F0420238FD5124A407,lexical_candidate_only
ega-topic-noetherian,68,184,label;section;text,06RN,algebra-lemma-surjective-endo-noetherian-ring-is-iso,algebra.tex,6219,lemma,section-Noetherian,F57511A70C6158AFF119C039110EB85AD419530FFD4951E8F5B5BDAE1E83550C,lexical_candidate_only
ega-topic-noetherian,69,184,label;section;text,02HR,algebra-section-smooth-Noetherian,algebra.tex,38934,section,section-smooth-Noetherian,0647165A61171D46EFD088D800086ADC2464ADE9AE9BC60824916F14EE0B9F0D,lexical_candidate_only
ega-topic-noetherian,70,184,label;section;text,01XZ,coherent-lemma-coherent-Noetherian,coherent.tex,2225,lemma,section-coherent-sheaves,8DFF9DD846AEA5E660101E33FD6BF82542FCEFF36E5ABF481DA78FAC558CCCB6,lexical_candidate_only
ega-topic-noetherian,71,184,label;section;text,01Y1,coherent-lemma-coherent-Noetherian-quasi-coherent-sub-quotient,coherent.tex,2329,lemma,section-coherent-sheaves,2BD4E4D077D49AFE277C91B4B07A60EFF00A35511A81A2BC1125BC6B74DA0BA8,lexical_candidate_only
ega-topic-noetherian,72,184,label;section;text,01Y0,coherent-lemma-coherent-abelian-Noetherian,coherent.tex,2310,lemma,section-coherent-sheaves,926D8659640A7C530C92971FBCCC22004DE92D27EA71E16990D0849CD17E6A21,lexical_candidate_only
ega-topic-noetherian,73,184,label;section;text,02UZ,cohomology-proposition-vanishing-Noetherian,cohomology.tex,3666,proposition,section-vanishing-Noetherian,C4C4EAAC1F7ADBED13AA4CC61B647759AB5DDAAD1B9A096B9E65C92B64387B21,lexical_candidate_only
ega-topic-noetherian,74,184,label;section;text,02OV,divisors-lemma-locally-Noetherian-K,divisors.tex,6261,lemma,section-meromorphic-noetherian,D9FA7435E3D15FD86052378A0C447E14EF060ACE183ACC9A9701234352F3FDB7,lexical_candidate_only
ega-topic-noetherian,75,184,label;section;text,0AYM,divisors-lemma-quasi-projective-Noetherian-pic-effective-Cartier,divisors.tex,3216,lemma,section-Noetherian-effective-Cartier,31C18240C5DE6A6396828074E3C10DE6491FC321A28E5A5780D5149C5A115D01,lexical_candidate_only
ega-topic-noetherian,76,184,label;section;text,0EMI,divisors-lemma-regular-meromorphic-section-exists-noetherian,divisors.tex,6349,lemma,section-meromorphic-noetherian,A0960ED3E02FAD117CEE5F037B23A2E6DB47B540A0959C6E43CA5C00021D399D,lexical_candidate_only
ega-topic-noetherian,77,184,label;section;text,0956,dualizing-lemma-compute-local-cohomology-noetherian,dualizing.tex,1649,lemma,section-local-cohomology-noetherian,83FCF6B43FF4492C1849702423D609231608C461ED5049CE1A88C6384C29B586,lexical_candidate_only
ega-topic-noetherian,78,184,label;section;text,0955,dualizing-lemma-local-cohomology-noetherian,dualizing.tex,1572,lemma,section-local-cohomology-noetherian,D137902662C2515F2934D5CFF1A52CFF46EE5678B02FD59FD36D233BFDD965EC,lexical_candidate_only
ega-topic-noetherian,79,184,label;section;text,0BJD,dualizing-section-local-cohomology-noetherian,dualizing.tex,1548,section,section-local-cohomology-noetherian,2F5A76810D1B861D1EDE45F35064777E453FF69E72C28374F61FF5FD498D9960,lexical_candidate_only
ega-topic-noetherian,80,184,label;section;text,0EEI,examples-lemma-Noetherian-Jacobson,examples.tex,1702,lemma,section-noetherian-jacobson,CD64F9B4568BE9A364CCE0A34200ED4119C02789B6452EF2863C2B72D317EC17,lexical_candidate_only
ega-topic-approximation,1,232,label;chapter;section;text,05LX,limits-remark-limit-preserving,limits.tex,1447,remark,section-finite-presentation,D0C71A4A99046B0E6CF890BC96B2A6705E6F094E64D3A7FF68BA12E911F1C10A,lexical_candidate_only
ega-topic-approximation,2,232,label;chapter;section;text,01Z1,limits-section-approximation,limits.tex,1027,section,section-approximation,F26AD06B2DE3DA69ED3396E9115A89B8210EB428C41046BE5D17B2B1AAC979A7,lexical_candidate_only
ega-topic-approximation,3,232,label;chapter;section;text,01YV,limits-section-limits,limits.tex,36,section,section-limits,43CAB888EB358AE3430EFF47E44646ACAD3E3054C74B4A7B93B367EF042294B2,lexical_candidate_only
ega-topic-approximation,4,232,label;chapter;section;text,05M4,limits-section-limits-dimension,limits.tex,4496,section,section-limits-dimension,E0E17DB7CF3DC8F1D7690B34BD6795895D9950D9EB999F123EE34302FB42223C,lexical_candidate_only
ega-topic-approximation,5,232,label;chapter;section;text,07SE,spaces-limits-section-limits,spaces-limits.tex,652,section,section-limits,63205C46FB7F7ED978C8AAEC28324FD7A89401048E399245E35FF934BFECFAF7,lexical_candidate_only
ega-topic-approximation,6,231,label;chapter;section;text,01YW,limits-lemma-directed-inverse-system-affine-schemes-has-limit,limits.tex,42,lemma,section-limits,713C14482F02ED3489F4F99E86FC5E91EB151824C06B50A830585FA5B0706403,lexical_candidate_only
ega-topic-approximation,7,231,label;chapter;section;text,01YX,limits-lemma-directed-inverse-system-has-limit,limits.tex,58,lemma,section-limits,29B529CFAB8053D9675A8624AE98FA2CE48799DBE6C3756E050819B3C7A6C2F0,lexical_candidate_only
ega-topic-approximation,8,231,label;chapter;section;text,09MV,limits-lemma-relative-approximation,limits.tex,1655,lemma,section-relative-approximation,92145129C61227F72017625169400B937CDF5B409D393AA04B59C26A06BA620B,lexical_candidate_only
ega-topic-approximation,9,231,label;chapter;section;text,09MU,limits-section-relative-approximation,limits.tex,1587,section,section-relative-approximation,B90BEA6406173CEFABAE2E370BA2BCB7B514F36C9F26EE18242089BD3EE3A523,lexical_candidate_only
ega-topic-approximation,10,231,label;chapter;section;text,0CP4,spaces-limits-lemma-better-characterize-relative-limit-preserving,spaces-limits.tex,807,lemma,section-limits,427B1BB7FAD10F2BDD16304BA2C15D876F6BC9E714DFD4947C5523E17452E378,lexical_candidate_only
ega-topic-approximation,11,231,label;chapter;section;text,07SF,spaces-limits-lemma-directed-inverse-system-has-limit,spaces-limits.tex,661,lemma,section-limits,86339A3ACFBE5E0923B2EBBFC291103D7CE1B9034D70F860FDE0A2B3E5A439DD,lexical_candidate_only
ega-topic-approximation,12,231,label;chapter;section;text,09NS,spaces-limits-lemma-relative-approximation,spaces-limits.tex,2642,lemma,section-relative-approximation,10E531874480F36F1C194722B03A96B6E83466315FFA7F6D1C84CD36438364B8,lexical_candidate_only
ega-topic-approximation,13,231,label;chapter;section;text,07SS,spaces-limits-section-approximation,spaces-limits.tex,2102,section,section-approximation,69BFBE564D36F9DB453FD12F4841CE0E599F05ABC5D1A130EC6862B89F990BD7,lexical_candidate_only
ega-topic-approximation,14,231,label;chapter;section;text,09NR,spaces-limits-section-relative-approximation,spaces-limits.tex,2572,section,section-relative-approximation,89AC020C04CAA4C9F5EDF4AA5E3CD38AD9187A1626DE0B3D7DDF761AEEDC60B8,lexical_candidate_only
ega-topic-approximation,15,229,label;chapter;section;text,01Z7,limits-lemma-quasi-affine-finite-type-over-Z,limits.tex,1038,lemma,section-approximation,F9304444E4276FBBCF64C0E965DF3B9DB1CE73C9B7D337099F5FB73D91BBA47C,lexical_candidate_only
ega-topic-approximation,16,229,label;chapter;section;text,0CM0,limits-lemma-surjection-is-enough,limits.tex,1463,lemma,section-finite-presentation,7063A0796183CA92DE0ACDF5F2C90B7A10A558EC2C091367F2EF8042803F05BE,lexical_candidate_only
ega-topic-approximation,17,229,label;chapter;section;text,01ZB,limits-section-finite-presentation,limits.tex,1278,section,section-finite-presentation,FB0FF8E06D8C48CB92A6C0B99BD8356D0557AC28B202C0DD70CDB1906377A2A8,lexical_candidate_only
ega-topic-approximation,18,210,label;chapter;section,09YZ,limits-lemma-integral-limit-finite-and-finite-presentation,limits.tex,1697,lemma,section-relative-approximation,DF99A0D721CDC1607D36573263DCF885C8E8808816DF478B866016703C832748,lexical_candidate_only
ega-topic-approximation,19,210,label;chapter;section,05M5,limits-lemma-limit-dimension,limits.tex,4505,lemma,section-limits-dimension,918F9ADD0A93EF09CC1FA5997D0CA23C47029A1B335381EA926D699B4FB921CD,lexical_candidate_only
ega-topic-approximation,20,210,label;chapter;section,01YZ,limits-lemma-scheme-over-limit,limits.tex,114,lemma,section-limits,BC7F2CC97182E21D26128C707296A1F67A3321AC64ECBC89F5C48D619DBE8329,lexical_candidate_only
ega-topic-approximation,21,210,label;chapter;section,07SH,spaces-limits-lemma-space-over-limit,spaces-limits.tex,735,lemma,section-limits,38396AA7EB7E2275E8A2771E50EFBA8B0E4749416D8D0E3562C4128797DE61C0,lexical_candidate_only
ega-topic-approximation,22,208,label;chapter;section,07RN,limits-lemma-approximate,limits.tex,1088,lemma,section-approximation,D3778111EBBB4A31AA278B29C6CB5741F92E73831DC05AA9E2BCDBE3764161E1,lexical_candidate_only
ega-topic-approximation,23,208,label;chapter;section,05M6,limits-lemma-approximate-given-relative-dimension,limits.tex,4616,lemma,section-limits-dimension,5E8D397C0CF252C7B912C95CEACC708584729E23BAFDBFD20DA0F77EB5CA5887,lexical_candidate_only
ega-topic-approximation,24,208,label;chapter;section,0GS1,limits-lemma-approximate-morphism,limits.tex,1594,lemma,section-relative-approximation,A9625178856C1BF0154204C3D9B455008BFFF90233E510FBB46F80B71BE064B3,lexical_candidate_only
ega-topic-approximation,25,208,label;chapter;section,0EY2,limits-lemma-descend-dimension-d,limits.tex,4587,lemma,section-limits-dimension,DA53AD96019348F15C22D456926E41B6699B709C4456D0DC984322C2A693ED8E,lexical_candidate_only
ega-topic-approximation,26,208,label;chapter;section,094M,limits-lemma-descend-quasi-finite,limits.tex,4556,lemma,section-limits-dimension,2845E5357035ABC8F2F754CF5567407FAA7F598EC4226349B7885416B60A3A11,lexical_candidate_only
ega-topic-approximation,27,208,label;chapter;section,01Z9,limits-lemma-diagram,limits.tex,1062,lemma,section-approximation,F413C03EEBB727B6E50FCE9DAC98A7DEE05700CAC533EA5865D98976F71C21BF,lexical_candidate_only
ega-topic-approximation,28,208,label;chapter;section,0H3V,limits-lemma-eventually-relative-dimension,limits.tex,4571,lemma,section-limits-dimension,1BA693E865B67B66BF79143F7DA3C23D0A6B7EAE6531119D0A3B1DDB03932D0C,lexical_candidate_only
ega-topic-approximation,29,208,label;chapter;section,0GWT,limits-lemma-morphism-glueing-near-closed-point,limits.tex,1530,lemma,section-finite-presentation,B777869872D2B8157CEBB46B3BFD2207C87AC557BE010FF8517A9044A196905F,lexical_candidate_only
ega-topic-approximation,30,208,label;chapter;section,01ZA,limits-proposition-approximate,limits.tex,1255,proposition,section-approximation,5D4B94A5A1054AADE8821B6618EEE4742C507E529EF4E743EC5B164D0935A563,lexical_candidate_only
ega-topic-approximation,31,208,label;chapter;section,01ZC,limits-proposition-characterize-locally-finite-presentation,limits.tex,1285,proposition,section-finite-presentation,92B51AD45E6553B40DDDDBEBD37F1A1C832F600513A25CCCC0686581838E131D,lexical_candidate_only
ega-topic-approximation,32,208,label;chapter;section,07SV,spaces-limits-equation-cartesian,spaces-limits.tex,2198,equation,section-approximation,A55668CFA02383B7FC8E4BE2C537B7053A4390B776A3C4BF06443444CE7168ED,lexical_candidate_only
ega-topic-approximation,33,208,label;chapter;section,07SG,spaces-limits-equation-isomorphism-sheaves,spaces-limits.tex,698,equation,section-limits,36DFAAEF3018F5DFBF28F7C18D39D0B52D0D84D1786307C55B47A179F2866629,lexical_candidate_only
ega-topic-approximation,34,208,label;chapter;section,0GS3,spaces-limits-lemma-approximate-morphism,spaces-limits.tex,2579,lemma,section-relative-approximation,B5ADF373175AC133BA9925C2EC749358B3666E0AA486D420230AC8664074192F,lexical_candidate_only
ega-topic-approximation,35,208,label;chapter;section,0CUH,spaces-limits-lemma-directed-inverse-system-closed-immersions,spaces-limits.tex,755,lemma,section-limits,8D3984786121F674B0622D172B802362708B603B66C2A6A46E677F28352E7C93,lexical_candidate_only
ega-topic-approximation,36,208,label;chapter;section,0CUI,spaces-limits-lemma-directed-inverse-system-reduced,spaces-limits.tex,785,lemma,section-limits,9C8461B1BCD4CDD230B9A1B1E6A859F6300119CEC8C783CCBC97683450AFC07F,lexical_candidate_only
ega-topic-approximation,37,208,label;chapter;section,07SU,spaces-limits-proposition-approximate,spaces-limits.tex,2111,proposition,section-approximation,303D49C0543B50B37A68FBD14D43FD2A631047A940E825436A63EF9D77FAF1D7,lexical_candidate_only
ega-topic-approximation,38,190,label;section;text,00VB,sites-section-limits-colimits-PSh,sites.tex,296,section,section-limits-colimits-PSh,E8405101E717EF344B690182697DF2D45A4393AA3C121E77D5E847E81CE88A16,lexical_candidate_only
ega-topic-approximation,39,188,label;section;text,0BSJ,algebra-lemma-colimit-colimit-etale,algebra.tex,42815,lemma,section-ind-etale,20B7A3A7C4B8D72F20CFEC5E20E253F5FD59983096821F3A54767DF37F519DAC,lexical_candidate_only
ega-topic-approximation,40,188,label;section;text,04AS,categories-section-finite-limits,categories.tex,1886,section,section-finite-limits,43F9EBBE92832BE3C4A221E1C7ADE77DE50169BE1B29FB93243419F0774B2383,lexical_candidate_only
ega-topic-approximation,41,188,label;section;text,002U,categories-section-limit-sets,categories.tex,1590,section,section-limit-sets,89FCF62D0FA577DE17A79D015A792958D9E5DF04D16BE0782C9413E4296F35CB,lexical_candidate_only
ega-topic-approximation,42,188,label;section;text,07Z1,examples-lemma-limit-preserving-on-objects-not-limit-preserving,examples.tex,4036,lemma,section-limit-preserving,2DD9BB6D7A3DE93F914025745BC960CB02EF204CD869311F771D93C4A8392843,lexical_candidate_only
ega-topic-approximation,43,187,label;section;text,0GIM,algebra-lemma-colimit-colimit-etale-better,algebra.tex,42843,lemma,section-ind-etale,50514F0476D0FC4217B97550DBC2AE79E1823A182C2747E65C43F58AAEF6F23F,lexical_candidate_only
ega-topic-approximation,44,187,label;section;text,002H,categories-remark-limit-colim,categories.tex,1342,remark,section-limits,59CB3D707584DDB806F1EE065C6D1B300FAADDB1B23F4158D95024E9756ABC0F,lexical_candidate_only
ega-topic-approximation,45,186,label;section;text,00DC,algebra-example-colimit-not-exact,algebra.tex,984,example,section-colimits,28A783D939EB602C0EF7C762271A483BD7095DD788CCC49C6877435FC1BF50FA,lexical_candidate_only
ega-topic-approximation,46,186,label;section;text,0BSI,algebra-lemma-composition-colimit-etale,algebra.tex,42784,lemma,section-ind-etale,FD5E6B1A1CFF3BE4F3E60C025E8560E2C57D4C4832810CEE5CF10D6945ED597F,lexical_candidate_only
ega-topic-approximation,47,186,label;section;text,07N7,algebra-section-colimits,algebra.tex,703,section,section-colimits,62AA3F35BB014F8D10AE24D2F0D791BF9405F461CAC6B1E0355FED6AE9753BB9,lexical_candidate_only
ega-topic-approximation,48,186,label;section;text,07XM,artin-lemma-fibre-product-limit-preserving,artin.tex,1476,lemma,section-limits,2A203E8385F265565FAE6B0FDB8E3A8DC807AC72557DC2543F240FCA6AD66087,lexical_candidate_only
ega-topic-approximation,49,186,label;section;text,07XK,artin-section-limits,artin.tex,1439,section,section-limits,126F21EC521EC30D2C63F9EE1BFC7177DC0F13DCF22D7B00248A83EA15CBAB10,lexical_candidate_only
ega-topic-approximation,50,186,label;section;text,002M,categories-lemma-colimits-commute,categories.tex,1505,lemma,section-limits,02BFB0651C19E6E43B796EAE06D1CBC92014E31DB63502E63E7001A1D89B46FF,lexical_candidate_only
ega-topic-approximation,51,186,label;section;text,002D,categories-section-limits,categories.tex,1271,section,section-limits,F9D17C85BE32EEE8113E8E19413F25101D2CF64FEC8ABA0A83348837DE702D0D,lexical_candidate_only
ega-topic-approximation,52,186,label;section;text,002Z,categories-section-posets-limits,categories.tex,2566,section,section-posets-limits,6E3017922CC4FD69E9B95327F3A9F79144D9AD2683D36B0919711DE880EE2767,lexical_candidate_only
ega-topic-approximation,53,186,label;section;text,07TA,coherent-section-colimits,coherent.tex,1137,section,section-colimits,DE7BB4C7A5928ADFD5F5DAD38708CBD3D5BDDD67747A7C1C84ED949863346B85,lexical_candidate_only
ega-topic-approximation,54,186,label;section;text,0CRI,derived-remark-functoriality-derived-colimit,derived.tex,10200,remark,section-derived-colimit,8EE4CC2607BABE55ADB67285F7E85BD99128CE775F2FFA54CF1C87682F1B3812,lexical_candidate_only
ega-topic-approximation,55,186,label;section;text,07Z0,examples-section-limit-preserving,examples.tex,4015,section,section-limit-preserving,F030F8735343ED7FE059324F6009D14CCF552C840D77A054B4B37500FBD682BF,lexical_candidate_only
ega-topic-approximation,56,186,label;section;text,05FA,more-morphisms-section-limits,more-morphisms.tex,9731,section,section-limits,537113DBC05C61F6D1F32E23F48C9DE36E85C2F8B4ADC1E2A6C6220607196B86,lexical_candidate_only
ega-topic-approximation,57,186,label;section;text,009D,sheaves-section-limits-presheaves,sheaves.tex,3368,section,section-limits-presheaves,FE53BC67E9586B242BFDE89D731D308EA5BFBBA11938C0E09DBBB175B76B6988,lexical_candidate_only
ega-topic-approximation,58,186,label;section;text,009E,sheaves-section-limits-sheaves,sheaves.tex,3401,section,section-limits-sheaves,2BE70DE57CA3C678EFD16E0C97CFBD0926EFA5CF5594A808AC7092CBD806BB22,lexical_candidate_only
ega-topic-approximation,59,186,label;section;text,0EXI,sites-section-colimit-sites,sites.tex,3761,section,section-colimit-sites,95EC8136DA179DCD3BDE0E1E49425CDE0E7DD1603301748424FDF091328E5000,lexical_candidate_only
ega-topic-approximation,60,186,label;section;text,07UU,spaces-cohomology-section-limits,spaces-cohomology.tex,2637,section,section-limits,E6810D37C67466AEA5161B503395380FA0E456BC65289F3F32125FEED0470FEF,lexical_candidate_only
ega-topic-approximation,61,186,label;section;text,0A2U,topology-section-limits-spectral,topology.tex,4768,section,section-limits-spectral,09297457CC1435E3E8FAC7DB63C4659D4152A3664E8D48C8A95441C655CF21DF,lexical_candidate_only
ega-topic-approximation,62,185,label;section;text,04B0,algebra-lemma-almost-directed-colimit-exact,algebra.tex,1001,lemma,section-colimits,B1B26A0268AF29D80BFBE0BC3BBC64D5B629BA3E89F4DB1938B00E533A11FF2A,lexical_candidate_only
ega-topic-approximation,63,185,label;section;text,0BSH,algebra-lemma-base-change-colimit-etale,algebra.tex,42771,lemma,section-ind-etale,B11D9C0248C1BBE090C91659F17A8070E4710ABBDE86ACF709DB72C4CAFC204D,lexical_candidate_only
ega-topic-approximation,64,185,label;section;text,00D5,algebra-lemma-colimit,algebra.tex,737,lemma,section-colimits,378BDC8729A07998D5C66A04C9964E9153FC537CDEECCCDEFA0B45EFDE1E8A9F,lexical_candidate_only
ega-topic-approximation,65,185,label;section;text,05N9,algebra-lemma-colimit-category-fp-algebras,algebra.tex,32178,lemma,section-colimits-flat,5FC4713D5781EACF0C0C48E069DBF4C8918FA2FA1B6B48800B86A440AC6A464F,lexical_candidate_only
ega-topic-approximation,66,185,label;section;text,05N7,algebra-lemma-colimit-category-fp-modules,algebra.tex,32061,lemma,section-colimits-flat,DA65B86EC86782DC6E391C825A8FBD9AC36659AE01B12A44161F8C2EEBB5B570,lexical_candidate_only
ega-topic-approximation,67,185,label;section;text,08HS,algebra-lemma-colimits-of-etale,algebra.tex,42859,lemma,section-ind-etale,3A41987CE5772661A6C5757E29297D049D43EB2FDB4FE75D87674F4A83D6F31A,lexical_candidate_only
ega-topic-approximation,68,185,label;section;text,00DB,algebra-lemma-directed-colimit-exact,algebra.tex,908,lemma,section-colimits,19D3B2B00924068F01CD3E1EB6441D4CDB69EC88B2CFE95F78266AC6DC3CF1E3,lexical_candidate_only
ega-topic-approximation,69,185,label;section;text,00R1,algebra-lemma-limit-module-finite-presentation,algebra.tex,32593,lemma,section-colimits-flat,DB5090AAF0360830DCF0F6596A85CDDD65E917402C8A8F9CA8655AD45729F350,lexical_candidate_only
ega-topic-approximation,70,185,label;section;text,07RF,algebra-section-colimits-finite-presentation,algebra.tex,47320,section,section-colimits-finite-presentation,3C305DD123165B40F02D8F2FF036C254A5B1002AA0A35C2F8FB5CB3905131846,lexical_candidate_only
ega-topic-approximation,71,185,label;section;text,09B7,algebra-section-limits,algebra.tex,23248,section,section-limits,7228C10CC00B3DD829F17E6A794E6D033B8510CD2F544C3A662DB278DC4FF959,lexical_candidate_only
ega-topic-approximation,72,185,label;section;text,07XL,artin-definition-limit-preserving,artin.tex,1450,definition,section-limits,B091945D16D7736A9B6D084BBA60B8290943356D7FD599C1D56DFACBAA9BE20F,lexical_candidate_only
ega-topic-approximation,73,185,label;section;text,07XN,artin-lemma-limit-preserving-algebraic-space,artin.tex,1516,lemma,section-limits,C6D861E20E5E44B40D33DC50B8F444221911B59E9F3B6BD7F0D7A0172298B72B,lexical_candidate_only
ega-topic-approximation,74,185,label;section;text,07XA,artin-section-approximation,artin.tex,1246,section,section-approximation,A3077633AE070212DC74C92CA2A3C4B033B2E301DFF89CB7A6EE59B385B8E556,lexical_candidate_only
ega-topic-approximation,75,185,label;section;text,002F,categories-definition-colimit,categories.tex,1310,definition,section-limits,5AF099420A631A80A9997713F411B371157B7A07AABDE338C02E365DF1147A3E,lexical_candidate_only
ega-topic-approximation,76,185,label;section;text,002E,categories-definition-limit,categories.tex,1283,definition,section-limits,01265A957606422835FDA8E35480164E8F0EED47E11FD12E5D651DD7CF04D366,lexical_candidate_only
ega-topic-approximation,77,185,label;section;text,04AW,categories-lemma-almost-finite-colimits-exist,categories.tex,2089,lemma,section-finite-limits,7BFDCA8D44CE8808EC59E40F7C56C425E5FB67F2249DDB0F5C26C2BD694D5DD6,lexical_candidate_only
ega-topic-approximation,78,185,label;section;text,04AU,categories-lemma-almost-finite-limits-exist,categories.tex,2023,lemma,section-finite-limits,B0DD25238443C23E08A7DB29C595990EB4703974F65FBE4A34D872DEA8A6C74D,lexical_candidate_only
ega-topic-approximation,79,185,label;section;text,09WR,categories-lemma-colimits-abelian-as-sets,categories.tex,2296,lemma,section-directed-colimits,EC791E85758C32855222192C787E6BDCE9948996FEB16930559485CF2ADA8033,lexical_candidate_only
ega-topic-approximation,80,185,label;section;text,002P,categories-lemma-colimits-coproducts-coequalizers,categories.tex,1554,lemma,section-limits,4DE06436C0B4649B040F07324B205F557401EC06F0CDE4CF4960A05047B7DF93,lexical_candidate_only
ega-topic-components,1,95,section;text,0ABV,decent-spaces-lemma-decent-generic-points,decent-spaces.tex,4575,lemma,section-generic-points,96B9D0A500E58352C3CDBC65B3A5CCA017F7153B0B2D87E6B12B5CE5B6949BAC,lexical_candidate_only
ega-topic-components,2,94,section;text,02OJ,divisors-definition-associated,divisors.tex,39,definition,section-associated,636E9E81725855953B42246C1DD2BD986CDB8AFA4968CCB0253A564BDD2239C3,lexical_candidate_only
ega-topic-components,3,94,section;text,05AH,divisors-lemma-minimal-support-in-ass,divisors.tex,220,lemma,section-associated,526E4CA4D3DA246D453FDCB9CC42B061A0966F1F64F2FF4BB9DC61C81AD2EFE0,lexical_candidate_only
ega-topic-components,4,94,section;text,0EME,divisors-lemma-weakass-reduced,divisors.tex,799,lemma,section-weakly-associated,CC037FEF638D6C99B7B2A1CD50D2FEDB5B834E38AC7DCC7FD5ED7EB0218D376E,lexical_candidate_only
ega-topic-components,5,94,section;text,0554,more-morphisms-lemma-irreducible-components-in-neighbourhood,more-morphisms.tex,7393,lemma,section-irreducible,C53C0FA38D5F746DCC6B8EA34884B42316A90464D4643613DD2AC11B4C237380,lexical_candidate_only
ega-topic-components,6,94,section;text,0CTV,spaces-divisors-section-associated,spaces-divisors.tex,33,section,section-associated,484E7720BD2BFA5C0D0C6C738FD27E0B62FEDEF7A182FE3D90C5F7378F2B8191,lexical_candidate_only
ega-topic-components,7,94,section;text,0BAP,spaces-properties-section-generic-points,spaces-properties.tex,1320,section,section-generic-points,214A361DB1F9B81E5E1DAE5C98D5751B61ED175FF428A92EF737C7B3B3B4B190,lexical_candidate_only
ega-topic-components,8,94,section;text,004W,topology-lemma-irreducible,topology.tex,886,lemma,section-irreducible-components,59536C542494488C7F8981CAC5F0AB5DAF94876BB75EE17B627E94C0F8958A15,lexical_candidate_only
ega-topic-components,9,93,section;text,00ER,algebra-section-irreducible,algebra.tex,4657,section,section-irreducible,65F3F0F63AEA3F43C79922AA9EBCC92B300E2D1B985DECC947A8D8EB0A4A1906,lexical_candidate_only
ega-topic-components,10,93,section;text,0BB9,decent-spaces-lemma-finitely-many-irreducible-components,decent-spaces.tex,4694,lemma,section-generic-points,B46ECE6577906E7B54D910EDB965F6289D07DF14E0933C2847B90AFE35DAE75F,lexical_candidate_only
ega-topic-components,11,93,section;text,056L,divisors-definition-weakly-associated,divisors.tex,563,definition,section-weakly-associated,A0282E81A79ECEFB79F9B4ADB09627ED87574DB516024BF9B1CA13C2D062502D,lexical_candidate_only
ega-topic-components,12,93,section;text,05AQ,divisors-lemma-minimal-support-in-weakly-ass,divisors.tex,674,lemma,section-weakly-associated,75EE274AE2E3B6D678182A5893BC97D0D0CFB1833903992AE1970892E47B8D79,lexical_candidate_only
ega-topic-components,13,93,section;text,0CUC,divisors-lemma-weakly-ass-change-fields,divisors.tex,920,lemma,section-morphisms-weakly-associated,6A49BA1B2D90716188F2200165C2A2C25A48F0EE4158AE1B5F1CE8B91C9366FD,lexical_candidate_only
ega-topic-components,14,93,section;text,0553,more-morphisms-section-irreducible,more-morphisms.tex,7390,section,section-irreducible,31B95FEF896EABBD9EE87B6002B35F8CDDBC79C67A9F49DE24060BFF1E997ABD,lexical_candidate_only
ega-topic-components,15,93,section;text,0CUS,spaces-divisors-lemma-weakly-ass-change-fields,spaces-divisors.tex,451,lemma,section-morphisms-weakly-associated,A6483F95C9BB58D24ACC7BF58CACAE88D72B221530548A69402A7CF93B46EA02,lexical_candidate_only
ega-topic-components,16,93,section;text,0G2Y,topology-lemma-pick-irreducible-components,topology.tex,925,lemma,section-irreducible-components,848133538E1D70E7DF41A713DD53D3BEFE46C919F5D015A988892771FB9EA4C0,lexical_candidate_only
ega-topic-components,17,93,section;text,0GM2,topology-lemma-surjective-continuous-irreducible-components,topology.tex,949,lemma,section-irreducible-components,3CA2F50370E2EF4F49BDEA5BEA719308CB2E3081E4B44DD5E62ECAF8D85D0742,lexical_candidate_only
ega-topic-components,18,92,section;text,00ES,algebra-lemma-irreducible,algebra.tex,4665,lemma,section-irreducible,3F519F91C8790F6B516897BFAFDA9D77BE851CECB13CF262274D83303C0508C7,lexical_candidate_only
ega-topic-components,19,92,section;text,00ET,algebra-lemma-irreducible-components-containing-x,algebra.tex,4718,lemma,section-irreducible,15A9FEEE1E3815E955CE8276C4D0A28495EC292D5A6AC3629E06B65F983F5E0E,lexical_candidate_only
ega-topic-components,20,92,section;text,0ED1,decent-spaces-lemma-codimension-local-ring,decent-spaces.tex,4620,lemma,section-generic-points,B8626087555C0682D89688A1B6B5E3940C4AB0B8D54A5A55E2D89A9D8AC997EC,lexical_candidate_only
ega-topic-components,21,92,section;text,0BB8,decent-spaces-lemma-get-reasonable,decent-spaces.tex,4650,lemma,section-generic-points,28BBAADBA82822BEB8FD6C81E1E1FCDCFB4DB4A7EEFAD31DA4621285271CCED2,lexical_candidate_only
ega-topic-components,22,92,section;text,0BB7,decent-spaces-section-generic-points,decent-spaces.tex,4568,section,section-generic-points,C536D74D8FFBABBDE942114F9C2A56A87D67A4969BD7A12203155DEA13957EC4,lexical_candidate_only
ega-topic-components,23,92,section;text,05AI,divisors-example-no-associated-prime,divisors.tex,190,example,section-associated,C4848D6A724FF9F7DB338E7EB576F270E35C81657C402BE83B19142B9A545931,lexical_candidate_only
ega-topic-components,24,92,section;text,05F0,divisors-lemma-weakly-ass-pullback,divisors.tex,898,lemma,section-morphisms-weakly-associated,70A35FF703BC6FD00B8881845305FA869657544F3DE11C3A93C94542B8DCA180,lexical_candidate_only
ega-topic-components,25,92,section;text,02OI,divisors-section-associated,divisors.tex,27,section,section-associated,CE99A74A0AF91FC68266419A300559349D7E53C3A7C96F0A279FF701380EE6B7,lexical_candidate_only
ega-topic-components,26,92,section;text,05DA,divisors-section-morphisms-associated,divisors.tex,292,section,section-morphisms-associated,0128F1CAAF9C37D15E23572729E3C4F1AE9356151055F13035D0B9DA3A72FC5D,lexical_candidate_only
ega-topic-components,27,92,section;text,05EW,divisors-section-morphisms-weakly-associated,divisors.tex,811,section,section-morphisms-weakly-associated,4CE840228691CA0F4C515989D193D12D481E31CDD1DE854E3CD563CAFB1AD9F6,lexical_candidate_only
ega-topic-components,28,92,section;text,056K,divisors-section-weakly-associated,divisors.tex,549,section,section-weakly-associated,2D45A1A022ED9726829B1FE70B8652F5252D3297A6B6EFA6DA678E9086999F9C,lexical_candidate_only
ega-topic-components,29,92,section;text,084K,examples-lemma-example-schematically-dense-missing-weakly-associated-point,examples.tex,4982,lemma,section-weak-ass-dense,B3B345A6062D1104EE9A6CB029DE5A5E5BCD883F2F1E089711A86FD9CB935D17,lexical_candidate_only
ega-topic-components,30,92,section;text,084J,examples-section-weak-ass-dense,examples.tex,4920,section,section-weak-ass-dense,639D7199A799083B75EDB1E0DFCD5D4E4E7E61016E5583195BE92DC7519D374A,lexical_candidate_only
ega-topic-components,31,92,section;text,0556,more-morphisms-lemma-base-change-fibres-nr-geometrically-irreducible-components,more-morphisms.tex,7453,lemma,section-irreducible,8EF3E90408AA964F4E6E3022B7A94D9678E43B5322974E1778330AA219126AF7,lexical_candidate_only
ega-topic-components,32,92,section;text,0559,more-morphisms-lemma-geom-irreducible-generic-fibre,more-morphisms.tex,7557,lemma,section-irreducible,BBF81EAF1705506C9695DFD2FA6A7CD5795BEF3E997C27F34B05C42EF35C3985,lexical_candidate_only
ega-topic-components,33,92,section;text,055B,more-morphisms-lemma-nr-geom-irreducible-components-constructible,more-morphisms.tex,7794,lemma,section-irreducible,A6D80EF65912FDA755B7ECAF6D3409862B53525DB66CA6E999F980997C51B820,lexical_candidate_only
ega-topic-components,34,92,section;text,055A,more-morphisms-lemma-nr-geom-irreducible-components-good,more-morphisms.tex,7741,lemma,section-irreducible,FE26F7A409A92F71AD1F78A458501E03EB8A716A30F0864D4948C44D7B8ECF3E,lexical_candidate_only
ega-topic-components,35,92,section;text,0EN1,spaces-divisors-lemma-weakass-reduced,spaces-divisors.tex,339,lemma,section-associated,9434E161E5FB937A90BF669E785933BB6FD423C5ABA17F4A04285C77324FA714,lexical_candidate_only
ega-topic-components,36,92,section;text,0CU1,spaces-divisors-section-morphisms-weakly-associated,spaces-divisors.tex,362,section,section-morphisms-weakly-associated,C9ED01AA227FEF8FBE935D39F367D61723024A07E92DE0D8C1AF013C9F9B91DF,lexical_candidate_only
ega-topic-components,37,92,section;text,0BAQ,spaces-properties-lemma-codimension-0-points,spaces-properties.tex,1337,lemma,section-generic-points,447E34D0AC1A1B7DA9EB52446797B95FC093B12A9B0A70416D65FE6D08AB9D69,lexical_candidate_only
ega-topic-components,38,92,section;text,004X,topology-definition-generic-point,topology.tex,972,definition,section-irreducible-components,304F7DA3D2B581B2121D32F2596A180044C0D8C4D59029D1B624FE3BBB793C13,lexical_candidate_only
ega-topic-components,39,92,section;text,004V,topology-definition-irreducible-components,topology.tex,855,definition,section-irreducible-components,2503226557D499B86B7659D982A5C779C58E7A901A9A4B2464294B6ECFA624CE,lexical_candidate_only
ega-topic-components,40,92,section;text,037A,topology-lemma-irreducible-fibres-irreducible-components,topology.tex,1139,lemma,section-irreducible-components,EEBFF8351D09B38EE50195E9DFDBE3C1DA0F7A83A83D79381D2DFB769EF648B9,lexical_candidate_only
ega-topic-components,41,92,section;text,0GM3,topology-lemma-remove-irreducible-connected,topology.tex,1223,lemma,section-irreducible-components,8BDA5C2D999BAB716D38D79EEB026F51F5A94E354DFE985D43FDA6B1CBFCEFF7,lexical_candidate_only
ega-topic-components,42,92,section;text,004U,topology-section-irreducible-components,topology.tex,852,section,section-irreducible-components,5BD5FEDE1D310C5EC2FF2A401F5F11F2B11CEAAA0297DEBDC82306671B5643A8,lexical_candidate_only
ega-topic-components,43,71,section,04MG,algebra-lemma-ring-with-only-minimal-primes,algebra.tex,4759,lemma,section-irreducible,E1E9EEBC6F2E52418F1FB6FC9A3641C81FC78D2343EB6DFF5842104EAE3B90C2,lexical_candidate_only
ega-topic-components,44,71,section,090M,algebra-lemma-spec-spectral,algebra.tex,4707,lemma,section-irreducible,3D0A130F657A6A15B6410407EFF2E7FD14BE3AC2A4EC85EC63142A70DE54912F,lexical_candidate_only
ega-topic-components,45,71,section,00EV,algebra-lemma-standard-open-containing-maximal-point,algebra.tex,4739,lemma,section-irreducible,823A823E3B34CEA7CEF4E36954C27604D57D5F1B918BE03754D23BA83033AD07,lexical_candidate_only
ega-topic-components,46,71,section,05EY,divisors-lemma-ass-functorial-equal,divisors.tex,835,lemma,section-morphisms-weakly-associated,2EF5231358855BFB41B466B70CFB20850879E8A37DF4060A11D2DE8905677E6A,lexical_candidate_only
ega-topic-components,47,71,section,05AD,divisors-lemma-ass-support,divisors.tex,120,lemma,section-associated,3FC1B016A6B9D5347F77641352595905B970EDFB7FD4E1A6E7C540520B78F7A3,lexical_candidate_only
ega-topic-components,48,71,section,05AR,divisors-lemma-ass-weakly-ass,divisors.tex,701,lemma,section-weakly-associated,94E2960029C300DBE5FFC34A13E2F537A801F74004E234F62C93BBB160C012F0,lexical_candidate_only
ega-topic-components,49,71,section,05AG,divisors-lemma-ass-zero,divisors.tex,172,lemma,section-associated,A03EE63FF9596DB7BC073B0D8C8FB6019B14CF10C7E4B35C86770E0E6101F3C2,lexical_candidate_only
ega-topic-components,50,71,section,02OK,divisors-lemma-associated-affine-open,divisors.tex,68,lemma,section-associated,F0BD82CC9EA408951494EEA00708F6F40DD7E572746F15EA6A57F5834C86FA71,lexical_candidate_only
ega-topic-components,51,71,section,05DB,divisors-lemma-bourbaki,divisors.tex,311,lemma,section-morphisms-associated,1CE411DBB536E9617892CDA0A872EBD4F65F0C439A2C4CCE24924E4D66FDA472,lexical_candidate_only
ega-topic-components,52,71,section,0AVL,divisors-lemma-check-injective-on-ass,divisors.tex,250,lemma,section-associated,6F151C0BE0763D58FA74CA803EE86667C3C5F9015174F713464EA0DB61345EE8,lexical_candidate_only
ega-topic-components,53,71,section,0AVP,divisors-lemma-check-injective-on-weakass,divisors.tex,757,lemma,section-weakly-associated,7E9491621A636D47803BA87D8340A4A406594328D70B70B8E03CF73900A9C0B0,lexical_candidate_only
ega-topic-components,54,71,section,0AVM,divisors-lemma-check-isomorphism-via-depth-and-ass,divisors.tex,269,lemma,section-associated,F12EE230CD752690E554517F8F03577064262C754E47022582CA7A7A39EAF13B,lexical_candidate_only
ega-topic-components,55,71,section,0E9I,divisors-lemma-depth-2-hartog,divisors.tex,774,lemma,section-weakly-associated,9B34DCE59EC4D0F1EB92F23E10D2BB938FA1238A5346FC5AD0207955ADD39E21,lexical_candidate_only
ega-topic-components,56,71,section,0EY0,divisors-lemma-depth-pushforward,divisors.tex,939,lemma,section-morphisms-weakly-associated,516EAC6AB89B7035E56C40A22C57035A9FDDB758B050B31A37431A151EBBB3B7,lexical_candidate_only
ega-topic-components,57,71,section,05AF,divisors-lemma-finite-ass,divisors.tex,151,lemma,section-associated,4EC972E953222F5C977DA586C02061495AE112EBCEDA55CA3CC1F7DBCDF3B73F,lexical_candidate_only
ega-topic-components,58,71,section,0B3L,divisors-lemma-restriction-injective-open-contains-ass,divisors.tex,199,lemma,section-associated,F6C61AEEB7F331300F83CA186FCA28F3B5B9598C1C9B41A0EBEC34AC849459C0,lexical_candidate_only
ega-topic-components,59,71,section,0B3M,divisors-lemma-restriction-injective-open-contains-weakly-ass,divisors.tex,652,lemma,section-weakly-associated,E1D1913ACF02B170BFF1F474A97AF86EF375FE1081E35E0EF619BB716C8D587E,lexical_candidate_only
ega-topic-components,60,71,section,05AE,divisors-lemma-ses-ass,divisors.tex,131,lemma,section-associated,3F20C0680527D47C17E396E8CB9951B35BFD43A794A9B19BE29C1D919B5944C1,lexical_candidate_only
ega-topic-components,61,71,section,05AN,divisors-lemma-ses-weakly-ass,divisors.tex,615,lemma,section-weakly-associated,61683608E2DF5BEEE2AF1B37C4D9A7C4B29EBA4AA9878E13B3425B7B22820F4D,lexical_candidate_only
ega-topic-components,62,71,section,0AVN,divisors-lemma-weakass-pushforward,divisors.tex,720,lemma,section-weakly-associated,4D05823D6C19DAFBD5901CD0D5C6BA3E5F2D5B063F7C8FCF3DC545B28FD30908,lexical_candidate_only
ega-topic-components,63,71,section,05EX,divisors-lemma-weakly-ass-reverse-functorial,divisors.tex,814,lemma,section-morphisms-weakly-associated,05CFDF904C50959674BB87786A937620CE363AF5E1DE09B4A417DDDC34F8D9DE,lexical_candidate_only
ega-topic-components,64,71,section,05AM,divisors-lemma-weakly-ass-support,divisors.tex,600,lemma,section-weakly-associated,E3131B935902368E8FD448B117956B7C3E65614B812FC8FEA9293DEB2466BC5B,lexical_candidate_only
ega-topic-components,65,71,section,05AP,divisors-lemma-weakly-ass-zero,divisors.tex,635,lemma,section-weakly-associated,11283E6DC8556D55674A99A6BD2BBCD98157456A7109C45718B567A3BCE9C76D,lexical_candidate_only
ega-topic-components,66,71,section,056M,divisors-lemma-weakly-associated-affine-open,divisors.tex,582,lemma,section-weakly-associated,E6ECDF96BCEAA12D0CB1682A903D407E4FD281C2CEDE44CC5559DF9ACD2FFC8A,lexical_candidate_only
ega-topic-components,67,71,section,05EZ,divisors-lemma-weakly-associated-finite,divisors.tex,880,lemma,section-morphisms-weakly-associated,3688357D1CFA134A7A22C88FD626A3CBB42D55FA514DA886B4CAFA5CFFB93CA1,lexical_candidate_only
ega-topic-components,68,71,section,0558,more-morphisms-equation-factors,more-morphisms.tex,7521,equation,section-irreducible,70B04A20311CD15F9EF4DB017800770841D620C27F1C8E40AEA5F252F30F579F,lexical_candidate_only
ega-topic-components,69,71,section,0555,more-morphisms-lemma-base-change-fibres-geometrically-irreducible,more-morphisms.tex,7432,lemma,section-irreducible,34A871CE2BE050FE84947C87B17B17314D8C662A60094A0A90046C3D2FC092EC,lexical_candidate_only
ega-topic-components,70,71,section,0557,more-morphisms-lemma-irreducible-polynomial-over-domain,more-morphisms.tex,7492,lemma,section-irreducible,231C0B504AD7BE4C3E07EC2287B07D8DD61607787DE2187A0BB10E65BD9E289F,lexical_candidate_only
ega-topic-components,71,71,section,0CTX,spaces-divisors-definition-weakly-associated,spaces-divisors.tex,111,definition,section-associated,57101A94D0E7247FCCDEB9FC759196D3531F97BA58C6E6FCF917959B3524903A,lexical_candidate_only
ega-topic-components,72,71,section,0CU8,spaces-divisors-lemma-ass-functorial-equal,spaces-divisors.tex,384,lemma,section-morphisms-weakly-associated,279A1702C84A8FABFEEA398AF031F9F0C6517381C2FDE4672EB5B7C5239C82B2,lexical_candidate_only
ega-topic-components,73,71,section,0CTW,spaces-divisors-lemma-associated,spaces-divisors.tex,50,lemma,section-associated,4F199AE5B0A82CD8B05348433A95832063E9CD887213CB11AE0CABDEF97241C2,lexical_candidate_only
ega-topic-components,74,71,section,0CUR,spaces-divisors-lemma-check-injective-on-weakass,spaces-divisors.tex,320,lemma,section-associated,193C266B608D03569CBEB0CDDD392530CB8D1D5052EAC7D9CB4CC90D5ED864FD,lexical_candidate_only
ega-topic-components,75,71,section,0CUU,spaces-divisors-lemma-etale-weak-assassin-up-down,spaces-divisors.tex,486,lemma,section-morphisms-weakly-associated,334F805159F0E66F06F5D74E494468F9093F9EAB249FA23AFAF34533753C0ADA,lexical_candidate_only
ega-topic-components,76,71,section,0CUN,spaces-divisors-lemma-finite-ass,spaces-divisors.tex,256,lemma,section-associated,4F69E2344E356C590BF3850A8971B5CD8290A995A3F11AED5F832D33AB65CFD3,lexical_candidate_only
ega-topic-components,77,71,section,0CUT,spaces-divisors-lemma-finite-flat-weak-assassin-up-down,spaces-divisors.tex,467,lemma,section-morphisms-weakly-associated,7AA118B2AD07AA8D856EB8BAEA594261C69EC7F508DEF8A9FDE37414DAC2526F,lexical_candidate_only
ega-topic-components,78,71,section,0CUL,spaces-divisors-lemma-minimal-support-in-weakly-ass,spaces-divisors.tex,191,lemma,section-associated,07AAA7AEED5836C10DB388F9CBD89B8E2C9AE07D0CDE532EFAE69DD15E49ADAC,lexical_candidate_only
ega-topic-components,79,71,section,0CUM,spaces-divisors-lemma-minimal-support-in-weakly-ass-decent,spaces-divisors.tex,225,lemma,section-associated,4195BB411B12EACFEA324475E901BE7E84ACE7A511226D3549F23F2A05D573FC,lexical_candidate_only
ega-topic-components,80,71,section,0CUP,spaces-divisors-lemma-restriction-injective-open-contains-weakly-ass,spaces-divisors.tex,271,lemma,section-associated,4966F600749FB3BD95EF83D993CDE2652AF0F7245CA9D981F747DD6533203B94,lexical_candidate_only
ega-topic-dimension,1,189,label;section;text,02NL,morphisms-lemma-composition-relative-dimension-d,morphisms.tex,5594,lemma,section-relative-dimension,EC1D16BB807FB9E4CDAACB8A1B1751C7F2507D097981339313B7E12874C4C4F0,lexical_candidate_only
ega-topic-dimension,2,188,label;section;text,065S,algebra-lemma-exact-sequence-projective-dimension,algebra.tex,26762,lemma,section-ring-finite-gl-dim,D04FA32CD6B07221F31C63AFA59E3F883BB340DC0B0242DA7920608DF09D8457,lexical_candidate_only
ega-topic-dimension,3,187,label;section;text,0A5V,more-algebra-lemma-finite-injective-dimension,more-algebra.tex,17617,lemma,section-injective-dimension,E11DACB84935AE0A84421FC0C23D061FC00F96D3A8BC6F234BA764A669D0AAA4,lexical_candidate_only
ega-topic-dimension,4,187,label;section;text,02NJ,morphisms-definition-relative-dimension-d,morphisms.tex,5564,definition,section-relative-dimension,0C1E7B1E9941C1B70840843EE21B7EAFBC4844C893118FDE45C2DE05C868B580,lexical_candidate_only
ega-topic-dimension,5,187,label;section;text,06LR,spaces-morphisms-definition-relative-dimension,spaces-morphisms.tex,6549,definition,section-relative-dimension,CA800347AFE8D6520396CDFAC6568908817FB6DB62E63CEE58643CE6513ED140,lexical_candidate_only
ega-topic-dimension,6,187,label;section;text,0DRF,stacks-geometry-remark-dimension-algebraic-space,stacks-geometry.tex,918,remark,section-dimension-of-algebraic-stacks,FFB6158CE72E85FF448D3038E04BDA09627884D1B1703016EF90B7C8DCE6E604,lexical_candidate_only
ega-topic-dimension,7,186,label;section;text,00QC,algebra-section-dimension-fibres,algebra.tex,31141,section,section-dimension-fibres,68697A4128C8FB56A78B528545A380053D0BB8A9C713F058A431F5A7BACB4D9F,lexical_candidate_only
ega-topic-dimension,8,186,label;section;text,00OO,algebra-section-dimension-finite-type-algebras,algebra.tex,27649,section,section-dimension-finite-type-algebras,3F74228545749A4C6CD0E7BB247638AF37A87900B7CBC75A3E6FCCD212F38D00,lexical_candidate_only
ega-topic-dimension,9,186,label;section;text,02JC,examples-section-Noetherian-infinite-dimension,examples.tex,1162,section,section-Noetherian-infinite-dimension,B7CD2EF10813E249654B224B816EF13827FBE815D953D25E64C950DDE6E0E290,lexical_candidate_only
ega-topic-dimension,10,186,label;section;text,0CVQ,exercises-section-dimension-fibres,exercises.tex,1485,section,section-dimension-fibres,6AE6E3B3EE5FCBD36189C9FCD300A0B31314CCED3BC1CB283433C3CF310BE410,lexical_candidate_only
ega-topic-dimension,11,186,label;section;text,0H3V,limits-lemma-eventually-relative-dimension,limits.tex,4571,lemma,section-limits-dimension,1BA693E865B67B66BF79143F7DA3C23D0A6B7EAE6531119D0A3B1DDB03932D0C,lexical_candidate_only
ega-topic-dimension,12,186,label;section;text,066P,more-algebra-lemma-finite-gl-dim-tor-dimension,more-algebra.tex,17287,lemma,section-tor,56A35A4ECFE1F72B81D534C8E5F610693B7542F8EBA0C0DC2A328CF7A7C69F1C,lexical_candidate_only
ega-topic-dimension,13,186,label;section;text,0AFE,morphisms-lemma-rel-dimension-dimension,morphisms.tex,5679,lemma,section-relative-dimension,0C95BBCC39EE85993FBDB2FE4A060AB2A5632A69BC15AF16CE1D95218BF1EAF6,lexical_candidate_only
ega-topic-dimension,14,186,label;section;text,04MT,properties-definition-dimension,properties.tex,1204,definition,section-dimension,0CFA5C48684A8759EB282C200FA666DC321FB59EC9449DBC1AF083E26B886FFD,lexical_candidate_only
ega-topic-dimension,15,186,label;section;text,04MS,properties-section-dimension,properties.tex,1197,section,section-dimension,79E5464A7EB31301732A856C2F9372F7A336ACD7F2FFA3922160FEC3FBD894E1,lexical_candidate_only
ega-topic-dimension,16,186,label;section;text,04NR,spaces-morphisms-lemma-dimension-fibre-at-a-point-additive,spaces-morphisms.tex,6678,lemma,section-dimension-fibres,7910F16F811CC2A75B84B49E8F57D537B65493576F449D7E26161940E2EF7F26,lexical_candidate_only
ega-topic-dimension,17,186,label;section;text,0AFH,spaces-morphisms-lemma-rel-dimension-dimension,spaces-morphisms.tex,6618,lemma,section-relative-dimension,B61A2AA095DB429EC486C4BF6227A34C8591197F795813C26F8A05E104A195EF,lexical_candidate_only
ega-topic-dimension,18,186,label;section;text,0BAW,spaces-morphisms-section-dimension-formula,spaces-morphisms.tex,6937,section,section-dimension-formula,1EC22AE6CF291A3BDB1A62E529E79569C716D4DFC251038452E7A5340EF2F6DE,lexical_candidate_only
ega-topic-dimension,19,186,label;section;text,0EDA,spaces-over-fields-section-dimension,spaces-over-fields.tex,2540,section,section-dimension,5130A017B1ABBAE7C85933697596EB43544C057EF2D8CB71D9DE511C3B0714E5,lexical_candidate_only
ega-topic-dimension,20,186,label;section;text,04NA,spaces-properties-definition-dimension-local-ring,spaces-properties.tex,1282,definition,section-dimension-local-ring,199283AB394FF3955C0BE9D69EC63A72CAF459CD69F5636BEFE9CE33EED6C9BF,lexical_candidate_only
ega-topic-dimension,21,186,label;section;text,04N3,spaces-properties-section-dimension,spaces-properties.tex,1195,section,section-dimension,B0B7B4AF14DA647566EECABF8AF3C7580BEA2AB4EC6C0EC481C761B5E523383D,lexical_candidate_only
ega-topic-dimension,22,186,label;section;text,0AFR,stacks-properties-example-dimension-quotient-stack,stacks-properties.tex,3090,example,section-dimension,21C93C066D0082663FA59E26BA95FD5408FA889B883D3C5780B3A1F4AA621C8E,lexical_candidate_only
ega-topic-dimension,23,186,label;section;text,0AFL,stacks-properties-section-dimension,stacks-properties.tex,2960,section,section-dimension,00A652EAC5D3E1DB2FB6E1CC45D171DE1981A475A256AFB2B1E669EECC187F37,lexical_candidate_only
ega-topic-dimension,24,186,label;section;text,02ID,topology-remark-obstruction-to-dimension-function,topology.tex,3980,remark,section-dimension-function,F97D9A2B8536C77C7173C7AF50AF719BF71E285111D4BE938B6174A0CADA7292,lexical_candidate_only
ega-topic-dimension,25,186,label;section;text,0B2J,varieties-lemma-dominate-valuation-ring-dimension-fibres,varieties.tex,3653,lemma,section-dimension-fibres,A42A78CBD33F39AD3A309166A482D94F2FF8AACF35A33C68A0151A4EB35010FD,lexical_candidate_only
ega-topic-dimension,26,186,label;section;text,0B2H,varieties-section-dimension-fibres,varieties.tex,3570,section,section-dimension-fibres,61ECC6821ADDC162F1E883847A77ABB836255F4D407309FD882D88841484BE10,lexical_candidate_only
ega-topic-dimension,27,185,label;section;text,00QD,algebra-definition-relative-dimension,algebra.tex,31150,definition,section-dimension-fibres,4B1C65860D66FE7E1A73678BC568D721B5E33DA8BE57149CB0FA90583F30A7AB,lexical_candidate_only
ega-topic-dimension,28,185,label;section;text,00KH,algebra-lemma-Noetherian-dimension-0,algebra.tex,14364,lemma,section-dimension,48EAE3A73775E512FD3D7724C3B1124FEB626C4A42FA03FCD2F95FB37BF1817D,lexical_candidate_only
ega-topic-dimension,29,185,label;section;text,0D1U,algebra-lemma-colimit-projective-dimension,algebra.tex,26800,lemma,section-ring-finite-gl-dim,5CA75B9450B01EF9FF9BCE052511080D2302C9F2B154F4B5ABA5CE8ACF0188EF,lexical_candidate_only
ega-topic-dimension,30,185,label;section;text,02IF,algebra-section-applications-dimension-theory,algebra.tex,14732,section,section-applications-dimension-theory,141BF2D4BFD2D6B3B2E499A2115E1A15A524FA1F2E5B7AECE5F84221E2FFFF19,lexical_candidate_only
ega-topic-dimension,31,185,label;section;text,00KD,algebra-section-dimension,algebra.tex,14306,section,section-dimension,CC26E2754CC655F520B23F9664417F9C46FDE1DF078F27044F183F61A180F608,lexical_candidate_only
ega-topic-dimension,32,185,label;section;text,07NB,algebra-section-dimension-finite-type-algebras-reprise,algebra.tex,28168,section,section-dimension-finite-type-algebras-reprise,AD090B75EDCE3254E57C98A08CA45CEA9AEFE0D6F34089787BAF11848659119E,lexical_candidate_only
ega-topic-dimension,33,185,label;section;text,00OG,algebra-section-homomorphism-dimension,algebra.tex,27306,section,section-homomorphism-dimension,83F9A52F9F276CF6777C383F8845FAFCC653A2984B253DEB23781A8CD1D4DC5E,lexical_candidate_only
ega-topic-dimension,34,185,label;section;text,0FE2,chow-section-cycles-codimension,chow.tex,8270,section,section-cycles-codimension,FD05A11B654CEEDB798D97AA4365C8712E22E7FCC706DEF53DEBADB6D4530658,lexical_candidate_only
ega-topic-dimension,35,185,label;section;text,0BV4,duality-section-dimension-functions,duality.tex,5581,section,section-dimension-functions,D710FA61EC02D814AB215487433A65CC5E39071D50D3358F9C8456B2B34A358E,lexical_candidate_only
ega-topic-dimension,36,185,label;section;text,0A7Z,dualizing-lemma-dimension-function,dualizing.tex,3281,lemma,section-dimension-function,E4E369F786DA8AF48D3DAAFC91B52AF7EC73E60A67517B821C1C5E3EC338429C,lexical_candidate_only
ega-topic-dimension,37,185,label;section;text,05FZ,examples-section-zero-dimensional-flat-ideal,examples.tex,2629,section,section-zero-dimensional-flat-ideal,05B516E145FF28E399343AC0B698316E5666051319399A106DA4D857EDC1E954,lexical_candidate_only
ega-topic-dimension,38,185,label;section;text,02LT,exercises-section-dimension,exercises.tex,1323,section,section-dimension,877FE6CF67F41EC9F0C51799F96BBB47F91AA4155348A7DF3D4208DE26D16520,lexical_candidate_only
ega-topic-dimension,39,185,label;section;text,0EY2,limits-lemma-descend-dimension-d,limits.tex,4587,lemma,section-limits-dimension,DA53AD96019348F15C22D456926E41B6699B709C4456D0DC984322C2A693ED8E,lexical_candidate_only
ega-topic-dimension,40,185,label;section;text,0EX0,more-algebra-example-finite-injective-finite-global-dimension,more-algebra.tex,17589,example,section-injective-dimension,CD2F97D5B72D62D8E918184219819F363BF3B8ACE73364B9BFEAD44FE8FF4179,lexical_candidate_only
ega-topic-dimension,41,185,label;section;text,066H,more-algebra-lemma-complex-finite-tor-dimension-modules,more-algebra.tex,17036,lemma,section-tor,A302A2677040A9BFD7EFCA0B849150342DF52D7212D55AD918AB9E68C6C9B4E0,lexical_candidate_only
ega-topic-dimension,42,185,label;section;text,066M,more-algebra-lemma-flat-base-change-finite-tor-dimension,more-algebra.tex,17170,lemma,section-tor,50C5F46CEF303DB28F831F316BDA1DEE33FC7617EFC83AB478F81B5C4B7AC2BF,lexical_candidate_only
ega-topic-dimension,43,185,label;section;text,066F,more-algebra-lemma-tor-dimension,more-algebra.tex,16997,lemma,section-tor,97AEA76661694272C8199B225F4FF76B6468F2B5D9CBA51E0438BD67EC04CDF8,lexical_candidate_only
ega-topic-dimension,44,185,label;section;text,0A5R,more-algebra-section-injective-dimension,more-algebra.tex,17504,section,section-injective-dimension,DA1E6536FDF490D597FFA9F8635B7368BB6C5003829160A3A5784BB0B2F5FA7C,lexical_candidate_only
ega-topic-dimension,45,185,label;section;text,0A5M,more-algebra-section-projective-dimension,more-algebra.tex,17387,section,section-projective-dimension,504AB370CAABA1C112C6E3F99DF53248643514D5F9DA95593F6F36605729CDB3,lexical_candidate_only
ega-topic-dimension,46,185,label;section;text,05F9,more-morphisms-lemma-dimension-fibres-constructible,more-morphisms.tex,8454,lemma,section-dimension,9B792EA81417EB7CD6AE7DC229148F16A505F2D8A8910C5D048775B76C7BB909,lexical_candidate_only
ega-topic-dimension,47,185,label;section;text,0D4H,more-morphisms-lemma-dimension-fibres-flat,more-morphisms.tex,8492,lemma,section-dimension,804C0679B104674E8D655EBF2AED70447EA4B31E1DFBD44D704A1DCF65B8429C,lexical_candidate_only
ega-topic-dimension,48,185,label;section;text,0D4I,more-morphisms-lemma-dimension-fibres-proper,more-morphisms.tex,8512,lemma,section-dimension,0890151C747D974937465F2996E536CE25DC3D12179184E35E54C2BC3C7E1AA7,lexical_candidate_only
ega-topic-dimension,49,185,label;section;text,0D4J,more-morphisms-lemma-dimension-fibres-proper-flat,more-morphisms.tex,8529,lemma,section-dimension,9529B49A46526DBD89067DC36970DF9C8872A1194544E31860AFF3F4BABE4EF6,lexical_candidate_only
ega-topic-dimension,50,185,label;section;text,05F7,more-morphisms-lemma-dimension-in-neighbourhood,more-morphisms.tex,8412,lemma,section-dimension,814A88E435B0C628F5B1A96BB40EC6364365F435A6864C635167343F41740407,lexical_candidate_only
ega-topic-dimension,51,185,label;section;text,02NK,morphisms-lemma-base-change-relative-dimension-d,morphisms.tex,5582,lemma,section-relative-dimension,523F176402F457CFB3C7BF33CC107BC2799D2D199D92DCF19B45655C0F34B948,lexical_candidate_only
ega-topic-dimension,52,185,label;section;text,02JW,morphisms-lemma-dimension-function-propagates,morphisms.tex,13657,lemma,section-dimension-formula,3AA9F7B3B944882A0652C6A0A595B77DAA4801228DFCEB51FB4037E4982BE73E,lexical_candidate_only
ega-topic-dimension,53,185,label;section;text,02FW,morphisms-section-dimension-fibres,morphisms.tex,5369,section,section-dimension-fibres,C5D61E0BC9B0807132E1D08E2CBCF60C79B6BA3A8049F23684F5B7B66220CF35,lexical_candidate_only
ega-topic-dimension,54,185,label;section;text,02JT,morphisms-section-dimension-formula,morphisms.tex,13573,section,section-dimension-formula,35DD5BFBB67E855CF08D23ECC8615AB74B7E5491DB458A0EAEB7FD533DEBA1EA,lexical_candidate_only
ega-topic-dimension,55,185,label;section;text,02NI,morphisms-section-relative-dimension,morphisms.tex,5557,section,section-relative-dimension,047172CC913D94E1ED9ED4D9780971DBFFBE6A5B81457D16CD371B20B5015F7D,lexical_candidate_only
ega-topic-dimension,56,185,label;section;text,02IZ,properties-lemma-codimension-local-ring,properties.tex,1259,lemma,section-dimension,79C956DDF7ACEDBBE40AEBB3ED32B9F5DD12280294B0E255502919A0649280FC,lexical_candidate_only
ega-topic-dimension,57,185,label;section;text,04MU,properties-lemma-dimension,properties.tex,1233,lemma,section-dimension,D3A3279CAA1823AC06104C4243414873A7B3E24E8D6F3A9F32EF95F58BFACE86,lexical_candidate_only
ega-topic-dimension,58,185,label;section;text,0H5I,relative-cycles-definition-equidimensional,relative-cycles.tex,1321,definition,section-equidimensional,6AF041076C233559B762C73B9A1B26A17E8C6327FE6AF85AB10361EE1911F20E,lexical_candidate_only
ega-topic-dimension,59,185,label;section;text,0H5N,relative-cycles-lemma-equidimensional-descent-pullbacks,relative-cycles.tex,1410,lemma,section-equidimensional,31B857C989B7EFAA93D749AB31ED74BE06952722F74CC3E7E06C74BEE953EA25,lexical_candidate_only
ega-topic-dimension,60,185,label;section;text,0H5M,relative-cycles-lemma-equidimensional-fppf-descent,relative-cycles.tex,1384,lemma,section-equidimensional,01443249A7DCBD7794C149433EE708E393397FF4A2D1A42237F814C1652A727B,lexical_candidate_only
ega-topic-dimension,61,185,label;section;text,0H5K,relative-cycles-lemma-equidimensional-functoriality,relative-cycles.tex,1356,lemma,section-equidimensional,43D4180C7545664523D8D3798AA42ACF300BA20DDC6D2270A9F6F49F6F5436EE,lexical_candidate_only
ega-topic-dimension,62,185,label;section;text,0D4M,spaces-more-morphisms-lemma-dimension-fibre,spaces-more-morphisms.tex,7124,lemma,section-dimension,2C9949C8D5ED0D9DBBAFAC95538D55A5CFEA7FE5C36754834958A0910A52D8B7,lexical_candidate_only
ega-topic-dimension,63,185,label;section;text,0D4P,spaces-more-morphisms-lemma-dimension-fibres-flat,spaces-more-morphisms.tex,7204,lemma,section-dimension,5069757D98A24A045F97028A5894C87A8AA707BD2518709EDCBA2ACDA2BB25F5,lexical_candidate_only
ega-topic-dimension,64,185,label;section;text,0D4Q,spaces-more-morphisms-lemma-dimension-fibres-proper,spaces-more-morphisms.tex,7227,lemma,section-dimension,05D18EA93255A5E5B01C57177B82E6721A2CDD6105CDFF81D1D203ED45E0B226,lexical_candidate_only
ega-topic-dimension,65,185,label;section;text,0D4R,spaces-more-morphisms-lemma-dimension-fibres-proper-flat,spaces-more-morphisms.tex,7247,lemma,section-dimension,4140701514477CA10FEDCA15266C0D64931666D8FC9A9DA40599CC711FEFB139,lexical_candidate_only
ega-topic-dimension,66,185,label;section;text,0D4L,spaces-more-morphisms-section-dimension,spaces-more-morphisms.tex,7117,section,section-dimension,DE96C6E820FBA376B6AC20E362E7FC27A469FD3FEC95F9072BCEB3426CA108D8,lexical_candidate_only
ega-topic-dimension,67,185,label;section;text,04NS,spaces-morphisms-lemma-dimension-fibre-after-base-change,spaces-morphisms.tex,6729,lemma,section-dimension-fibres,71F022E0152F9CCF6E530F164089B001F350CB00CB778506CD13C7392B235EEA,lexical_candidate_only
ega-topic-dimension,68,185,label;section;text,04NQ,spaces-morphisms-lemma-dimension-fibre-at-a-point,spaces-morphisms.tex,6650,lemma,section-dimension-fibres,EB3B63FD018A589E2AC05C7D6C32FB25623CCACB53F8A973E0C7B569DDDB4A56,lexical_candidate_only
ega-topic-dimension,69,185,label;section;text,0BAX,spaces-morphisms-lemma-dimension-formula-general,spaces-morphisms.tex,6948,lemma,section-dimension-formula,401BBE9E43494F59094F0CF74654ED2440A0BF27239BF0FED96058EC82183503,lexical_candidate_only
ega-topic-dimension,70,185,label;section;text,04NU,spaces-morphisms-lemma-openness-bounded-dimension-fibres-finite-presentation,spaces-morphisms.tex,6821,lemma,section-dimension-fibres,8456FA83B10F734F9CEC5BFC075D8E418BDE1F753FAC2A8AFB3552B3192AF999,lexical_candidate_only
ega-topic-dimension,71,185,label;section;text,04NP,spaces-morphisms-section-dimension-fibres,spaces-morphisms.tex,6641,section,section-dimension-fibres,6A09073192125BE82F3449B70F46930FC2EE8D96F56BDBC3B59521AF86922219,lexical_candidate_only
ega-topic-dimension,72,185,label;section;text,04NH,spaces-morphisms-section-relative-dimension,spaces-morphisms.tex,6476,section,section-relative-dimension,2661604907210EF8551015D3E579294CA048180123930AA80806591148C1415D,lexical_candidate_only
ega-topic-dimension,73,185,label;section;text,0BAN,spaces-properties-lemma-dimension,spaces-properties.tex,1296,lemma,section-dimension-local-ring,4A0346A97716E006E2E244DF11E0915219564E67A26206B30D700478E2445B3A,lexical_candidate_only
ega-topic-dimension,74,185,label;section;text,04N7,spaces-properties-section-dimension-local-ring,spaces-properties.tex,1253,section,section-dimension-local-ring,FC1E86F76A25B566BBABC441A66F6A7832C64255D7BC3FDEC8667983176C63C0,lexical_candidate_only
ega-topic-dimension,75,185,label;section;text,0DSA,stacks-geometry-definition-dimension-local-ring,stacks-geometry.tex,2141,definition,section-dimension-local-ring,E01FEC19EFF0F62BCAA59FD0DC772ABA11F87272412FB6349380C2C2E356D180,lexical_candidate_only
ega-topic-dimension,76,185,label;section;text,0DRJ,stacks-geometry-lemma-dimension-for-stacks,stacks-geometry.tex,1024,lemma,section-dimension-of-algebraic-stacks,A38BD4E5B3BE8A95BD84B639DF7D7C0CAD45FCB2994633069784B74E47FC0FE6,lexical_candidate_only
ega-topic-dimension,77,185,label;section;text,0DS2,stacks-geometry-lemma-monomorphing-a-component-in-of-the-right-dimension,stacks-geometry.tex,1685,lemma,section-dimension-of-algebraic-stacks,4CBCEAE550CD864FF6FCCDA8B108EE5944FD7BB80656F6611DAE8F4B0EFAA76D,lexical_candidate_only
ega-topic-dimension,78,185,label;section;text,0DRH,stacks-geometry-remark-relative-dimension,stacks-geometry.tex,982,remark,section-dimension-of-algebraic-stacks,DEA9219837D8F0988060D5B923509EF903189751DCA4A7C042A3871D16E8D0F7,lexical_candidate_only
ega-topic-dimension,79,185,label;section;text,0DS7,stacks-geometry-section-dimension-local-ring,stacks-geometry.tex,2026,section,section-dimension-local-ring,5DFC0D2DCAD01219A4FCA613AFBC2C0C6349804193172D8FE5BB4DBEC81889F8,lexical_candidate_only
ega-topic-dimension,80,185,label;section;text,0DRE,stacks-geometry-section-dimension-of-algebraic-stacks,stacks-geometry.tex,862,section,section-dimension-of-algebraic-stacks,5D28DA27676465FFA5FFCBC7E7591D0BAA5BF390EE24D2E3874CB4AB1DCE4005,lexical_candidate_only
ega-topic-depth,1,192,label;section;text,00LX,algebra-lemma-depth-in-ses,algebra.tex,17905,lemma,section-depth,8544CD7FB168791E2CC04EF6399286CB6981B0CAEB0DA97028B17092FE302AFC,lexical_candidate_only
ega-topic-depth,2,192,label;section;text,0BUV,dualizing-lemma-depth-in-ses,dualizing.tex,1782,lemma,section-depth,14BE401205FD0B95779AAF3181038853EAD613E659C99B9D0CD3449C6BE50579,lexical_candidate_only
ega-topic-depth,3,188,label;section;text,00LI,algebra-definition-depth,algebra.tex,17766,definition,section-depth,E3964CC92FDC422EDDFA3EA27DBB9CB2834E5C8318ECDD95B1A62123C143960A,lexical_candidate_only
ega-topic-depth,4,188,label;section;text,090R,algebra-lemma-depth-drops-by-one,algebra.tex,17940,lemma,section-depth,273D8F431D404EDB109DCEBDD8F3A82C10759E38185488AE31F2BE84297CFD9A,lexical_candidate_only
ega-topic-depth,5,188,label;section;text,0341,coherent-definition-depth,coherent.tex,2811,definition,section-depth,480E5F2D57ED8B866503246D5886FB743426391A576F0F28294EAC63FD3B942C,lexical_candidate_only
ega-topic-depth,6,188,label;section;text,0BUW,dualizing-lemma-depth-drops-by-one,dualizing.tex,1822,lemma,section-depth,276AB7A24AA50177DB86989BA5F202BDF137D14459AAE2B07796E7408722DD40,lexical_candidate_only
ega-topic-depth,7,187,label;section;text,0EBC,coherent-lemma-hom-into-depth,coherent.tex,2837,lemma,section-depth,CB61F48F6F17F128EB998D3A80DB6F009BCFD60CA44B1C6BCCC9F463E87C4B63,lexical_candidate_only
ega-topic-depth,8,187,label;section;text,0CT0,exercises-exercise-make-depth-2,exercises.tex,1023,exercise,section-depth,AA043BF391EBDECB678EDCE871A4D57BF0671DB28405498ED30F2E86035C9414,lexical_candidate_only
ega-topic-depth,9,187,label;section;text,0CS0,exercises-section-depth,exercises.tex,952,section,section-depth,6E80EA9A84D88887D2DD0A9313C8349914213C26A9E5DB4C32F7B57F37717E3C,lexical_candidate_only
ega-topic-depth,10,186,label;section;text,0AVY,dualizing-section-depth,dualizing.tex,1697,section,section-depth,26290CE6FD51AF7BBECB5DEAFB856E630AE574E5174A826213B86BFEC6869C5C,lexical_candidate_only
ega-topic-depth,11,186,label;section;text,0CS2,exercises-exercise-depth-not-inherited-localization,exercises.tex,976,exercise,section-depth,4088B609ADEE42FEEAE9E574A2F9B87A9E755455E1641C2ACE3BD408068C5C3A,lexical_candidate_only
ega-topic-depth,12,186,label;section;text,0DWY,local-cohomology-lemma-depth-function,local-cohomology.tex,1871,lemma,section-dept-dimension,8F94F5804B493708B566E117C2F6FE578DE0F6A473E2E824732B98F4F0856338,lexical_candidate_only
ega-topic-depth,13,186,label;section;text,02IP,properties-lemma-characterize-Cohen-Macaulay,properties.tex,1067,lemma,section-Cohen-Macaulay,99B91A5446ED31078A59B02925B12A1A48BD4E241AB936405AE61685892C5219,lexical_candidate_only
ega-topic-depth,14,186,label;section;text,02IQ,properties-lemma-locally-Cohen-Macaulay,properties.tex,1089,lemma,section-Cohen-Macaulay,0F10FDE0FC263C91141F42D3A7F531BFE8EA1AC135924A8F27B320E13795B210,lexical_candidate_only
ega-topic-depth,15,185,label;section;text,0AUK,algebra-lemma-depth-goes-down-finite,algebra.tex,18048,lemma,section-depth,5C856E712115844817CA5352C2CF4870D41D6082036963D78276CE0BD3FE120F,lexical_candidate_only
ega-topic-depth,16,185,label;section;text,0FCC,algebra-lemma-depth-localization,algebra.tex,18023,lemma,section-depth,D839664F871FD967BEDF7AFF418DE44DDCBE9DC7343138A2E2C6F920A68CF84D,lexical_candidate_only
ega-topic-depth,17,185,label;section;text,00LM,algebra-lemma-flat-increases-depth,algebra.tex,16676,lemma,section-regular-sequences,03EF976F250071FFF0F7ABFBAEE295DF4B2DFBF152A481368ACB1CF929D03B50,lexical_candidate_only
ega-topic-depth,18,185,label;section;text,00LE,algebra-section-depth,algebra.tex,17760,section,section-depth,F50BFA784FD76AA346EB9058781DFBE22F4D8F28B2D36F7F2664C333F7D2E66E,lexical_candidate_only
ega-topic-depth,19,185,label;section;text,0340,coherent-section-depth,coherent.tex,2802,section,section-depth,96C0C0E5915E45952DC5C7551156FBB8BC6380A830E91A2DD0AC64E07A77B33B,lexical_candidate_only
ega-topic-depth,20,185,label;section;text,0BUX,dualizing-lemma-depth-CM,dualizing.tex,1844,lemma,section-depth,EEB61B4A6CEEB794A8127ABC93B5CFE971BE016107FEEBB5AEB6E83E6DD7D053,lexical_candidate_only
ega-topic-depth,21,185,label;section;text,0BUY,dualizing-lemma-depth-flat-CM,dualizing.tex,1877,lemma,section-depth,E9A87944D5C14A20D41B15CC3D2B907197BB1F75119F64C1FC947AF155CB71FE,lexical_candidate_only
ega-topic-depth,22,185,label;section;text,0CS3,exercises-exercise-depth-torsion-free,exercises.tex,988,exercise,section-depth,B158FF74F3904DDF286A814A414C86F0D35187761B9504A7788E46D41A6AE3EE,lexical_candidate_only
ega-topic-depth,23,185,label;section;text,0DWX,local-cohomology-lemma-ideal-depth-function,local-cohomology.tex,1843,lemma,section-dept-dimension,E80F8ADB9DE3D934EEBA03F35E458EA772194DC3CCE44ED160796C9A3BC33D25,lexical_candidate_only
ega-topic-depth,24,185,label;section;text,02IO,properties-definition-Cohen-Macaulay,properties.tex,1059,definition,section-Cohen-Macaulay,36D075A9CAC43FB5BDD04BA51A664573A16FBEACFB5E790FCE577390B77A5B53,lexical_candidate_only
ega-topic-depth,25,185,label;section;text,02IN,properties-section-Cohen-Macaulay,properties.tex,1048,section,section-Cohen-Macaulay,D156A00DD1A5B61C76BF415C11EF27019C8C4B1C6D562DC45F622EE752DFBB4F,lexical_candidate_only
ega-topic-depth,26,184,label;section;text,00LK,algebra-lemma-bound-depth,algebra.tex,17814,lemma,section-depth,3585BD41871A9C1DEDF0537DA372E65E3ECA9C8156D59C21D973B659987DC304,lexical_candidate_only
ega-topic-depth,27,184,label;section;text,0BK4,algebra-lemma-depth-dim-associated-primes,algebra.tex,17985,lemma,section-depth,44E95C6B50ECB7D04899A803618615E4B9B3C763B6680CA8424024E7D8C4574B,lexical_candidate_only
ega-topic-depth,28,184,label;section;text,00LW,algebra-lemma-depth-ext,algebra.tex,17863,lemma,section-depth,5368F41FC4305A8EC15CB67FBAC241648D755246D5354A14CD705752889A84FF,lexical_candidate_only
ega-topic-depth,29,184,label;section;text,0AUJ,algebra-lemma-depth-finite-noetherian,algebra.tex,17840,lemma,section-depth,19473FFB47D8D038234B0BFE6420BC291F50F19A0BB4E917D81A5EC90B4CEF7F,lexical_candidate_only
ega-topic-depth,30,184,label;section;text,0AUI,algebra-lemma-depth-weak-sequence,algebra.tex,17797,lemma,section-depth,9B99D44538F6D6F14F6CABA44394BF70498ED02D9C479F3BFEEF21094EF01D5A,lexical_candidate_only
ega-topic-depth,31,184,label;section;text,0343,coherent-definition-Cohen-Macaulay,coherent.tex,2885,definition,section-depth,25E3F8048FBFC758B4BBBFB1994B0AA510F39F6D5A2693F0F563AF387587A4DB,lexical_candidate_only
ega-topic-depth,32,184,label;section;text,0B3K,coherent-lemma-Cohen-Macaulay-over-regular,coherent.tex,2893,lemma,section-depth,8923DE818F49460171D094066F3DC31B7EE3CE78CC782562E16079F040F06BD0,lexical_candidate_only
ega-topic-depth,33,184,label;section;text,0AVZ,dualizing-lemma-depth,dualizing.tex,1704,lemma,section-depth,3035402D9E211B048A5842ADE685D87D887E50250A532018217FA6A9A658E059,lexical_candidate_only
ega-topic-depth,34,184,label;section;text,0AWR,dualizing-lemma-depth-in-terms-dualizing-complex,dualizing.tex,3592,lemma,section-CM,9A1E9A490C3F64F64DB5AFFA31047299BDEE6946DEC4A36189D45EBE133E7631,lexical_candidate_only
ega-topic-depth,35,184,label;section;text,0CS1,exercises-exercise-compute-depth,exercises.tex,960,exercise,section-depth,D82D5E1910CF8FF34F5EE6AE409206777B20ECD6E3981E161C96C656791C06BE,lexical_candidate_only
ega-topic-depth,36,184,label;section;text,0CT2,exercises-exercise-depth-2,exercises.tex,1067,exercise,section-depth,C1C98DE7BDF15F8C0CDF82B67DF3F059A0B9963E5F9EB7046B76B7A5312C59E9,lexical_candidate_only
ega-topic-depth,37,184,label;section;text,0CS4,exercises-exercise-depth-examples,exercises.tex,998,exercise,section-depth,C3FE3C1683608DC0CC838D3B116009FBCDBFF6F9150EDFFBF6F37F9B1DF9B97A,lexical_candidate_only
ega-topic-depth,38,184,label;section;text,0CSZ,exercises-exercise-make-depth-1,exercises.tex,1004,exercise,section-depth,A89F07D9526C0172BD82BCA26B79C12831EA62595D77819DDBCC68062F4913C0,lexical_candidate_only
ega-topic-depth,39,116,label;text,0EHY,local-cohomology-definition-depth-complex,local-cohomology.tex,2762,definition,section-annihilators-II,99FCD4FF6B2BED33BE359E241BBAA3840A3D4528E9C654FD443BF7A84B75379D,lexical_candidate_only
ega-topic-depth,40,116,label;text,0AV5,more-algebra-lemma-hom-into-depth,more-algebra.tex,5387,lemma,section-reflexive,89E300C40C4A327A10559D50ED1668093E12BC622E6C43AB7C1C840CE4B62AD7,lexical_candidate_only
ega-topic-depth,41,115,label;text,06LL,more-algebra-lemma-henselization-depth,more-algebra.tex,11160,lemma,section-permanence-henselization,5C06E6536714AAFF82666C993148C08DF4B66F78CD34DDC590F25BDB25E703FC,lexical_candidate_only
ega-topic-depth,42,114,label;text,039T,etale-proposition-etale-depth,etale.tex,1903,proposition,section-properties-permanence,674AEDCCC8759ECDB056FEBF7FDDD9F29D25C0F9C694460E3D97122120FF9385,lexical_candidate_only
ega-topic-depth,43,114,label;text,0FWS,exercises-exercise-depth-goes-up,exercises.tex,6472,exercise,section-final-exam-fall-2019,622CB5438042982DDDC9BDFC7EDE5533DE6D84FB6DB79D18ABFC78D2AB0C6457,lexical_candidate_only
ega-topic-depth,44,114,label;text,07NW,more-algebra-lemma-completion-depth,more-algebra.tex,10645,lemma,section-permanence-completion,97F64B1D772717EE143F4B5573D78117EE2994C841099520CF08CD0F5D504829,lexical_candidate_only
ega-topic-depth,45,113,label;text,00MY,algebra-lemma-exact-depth-zero-local,algebra.tex,24678,lemma,section-complex-exact,7ACC11286795DD7F13E74495E645AB853DBC9B750D86A2BF7046D9012AB4584C,lexical_candidate_only
ega-topic-depth,46,113,label;text,0AVM,divisors-lemma-check-isomorphism-via-depth-and-ass,divisors.tex,269,lemma,section-associated,F12EE230CD752690E554517F8F03577064262C754E47022582CA7A7A39EAF13B,lexical_candidate_only
ega-topic-depth,47,113,label;text,0E9I,divisors-lemma-depth-2-hartog,divisors.tex,774,lemma,section-weakly-associated,9B34DCE59EC4D0F1EB92F23E10D2BB938FA1238A5346FC5AD0207955ADD39E21,lexical_candidate_only
ega-topic-depth,48,113,label;text,0AVS,divisors-lemma-isom-depth-2-torsion-free,divisors.tex,1843,lemma,section-torsion-free,CBFE3785DA5835AB1CFCD7786F77F91983AD2152474555D6E04990607886FBB1,lexical_candidate_only
ega-topic-depth,49,113,label;text,0AY5,divisors-lemma-reflexive-depth-2,divisors.tex,2190,lemma,section-reflexive,E7F8FF74827B57851B8597BC29A294F7AC14EAFB1B3582BBA777C4BA93FA1DAC,lexical_candidate_only
ega-topic-depth,50,113,label;text,0BLR,local-cohomology-lemma-depth-2-connected-punctured-spectrum,local-cohomology.tex,328,lemma,section-hartshorne-connectedness,8BF92DBD9964DE085EB44954417A99702ACC7789AF10B118D40BC0672EACBC1F,lexical_candidate_only
ega-topic-depth,51,113,label;text,0DX3,local-cohomology-lemma-get-depth-1-along-Z,local-cohomology.tex,3078,lemma,section-improve,B568AD80636CE5719CDB4FBF7DDFF86069CEEB652DC713027EB018549FDE06FA,lexical_candidate_only
ega-topic-depth,52,113,label;text,0DX4,local-cohomology-lemma-get-depth-2-along-Z,local-cohomology.tex,3120,lemma,section-improve,15FC51BD56DDB79B4C30847EA78BDF832300221CC057D263C2AD84ED8FA47DA5,lexical_candidate_only
ega-topic-depth,53,113,label;text,0AV8,more-algebra-lemma-check-isomorphism-via-depth-and-ass,more-algebra.tex,5453,lemma,section-reflexive,6C22F6DF24E380067BD3AFE2BBF4084597BCE1411DECB9EF433C17E730DC3F06,lexical_candidate_only
ega-topic-depth,54,113,label;text,0AV9,more-algebra-lemma-isom-depth-2-torsion-free,more-algebra.tex,5490,lemma,section-reflexive,41DA4324381E910BF04701E5D6491F1FF922D8D5D3D35AC3B972F187B53DA569,lexical_candidate_only
ega-topic-depth,55,113,label;text,0AVA,more-algebra-lemma-reflexive-depth-2,more-algebra.tex,5507,lemma,section-reflexive,59A39BF95B1AA8717A89F89742A85560E83A3D079F5D224919A26CBF5B6AE119,lexical_candidate_only
ega-topic-depth,56,113,label;text,0EY9,pione-lemma-fully-faithful-power-series-over-depth2,pione.tex,5759,lemma,section-local-purity-III,E6F9621956D0DCA077CDA9AE7AED7534228E7B09F612F57E8E0AB91EC09FD4CC,lexical_candidate_only
ega-topic-depth,57,113,label;text,0EYA,pione-lemma-purity-power-series-over-depth2,pione.tex,5807,lemma,section-local-purity-III,7983D36C531C69F95315D423F99535581A56FF5092A1541EDB6B50D2EFA4EE6A,lexical_candidate_only
ega-topic-depth,58,113,label;text,0EYB,pione-lemma-purity-smooth-over-depth2,pione.tex,5884,lemma,section-local-purity-III,9D649FEAF92C254DE1A849AF600A941FDDC682BA19BFFAD4258CE7D4AD78F547,lexical_candidate_only
ega-topic-depth,59,113,label;text,0EYC,pione-proposition-purity-smooth-over-depth2,pione.tex,5960,proposition,section-local-purity-III,57B3626A802DC3C969B81DCB31FBC853AD325D40B86E9BE3DF6325B65AB55867,lexical_candidate_only
ega-topic-depth,60,113,label;text,0B3D,properties-lemma-normal-dimension-2-Cohen-Macaulay,properties.tex,1596,lemma,section-Rk,D780CCFF3C903074E20BD8477B8157E84802CBBFEAD7F06D77EFF749C13BA386,lexical_candidate_only
ega-topic-depth,61,96,section;text,00NE,algebra-lemma-dimension-shift,algebra.tex,25399,lemma,section-CM-ring,4C9F64033A9DCEE0EF4B0ADD6D2AA05840EE2BA55DFBD2C532DA017065239E4F,lexical_candidate_only
ega-topic-depth,62,95,section;text,02JN,algebra-lemma-reformulate-CM,algebra.tex,25319,lemma,section-CM-ring,FDA149BC755253331A6CEB34826B9F9DCFE5EB7AC8E3FA4FD2E78BA57DD18AB0,lexical_candidate_only
ega-topic-depth,63,95,section;text,00LN,algebra-lemma-regular-quasi-regular,algebra.tex,16896,lemma,section-quasi-regular,308695B0426F6F8A79F4F0C34C77A976FA6630FF648B5FA930DFE17C208D926F,lexical_candidate_only
ega-topic-depth,64,95,section;text,0AWT,duality-lemma-dualizing-module-CM-scheme,duality.tex,5997,lemma,section-CM,4238F5DED0E02912E3A7D55C210A0304957C099CD8C1671B37F7789EEAAE493D,lexical_candidate_only
ega-topic-depth,65,95,section;text,066A,more-algebra-lemma-independence-of-generators,more-algebra.tex,7712,lemma,section-koszul-regular,554190AE0F7D2D24F21B391577F5B91348FE8AECB80D1451766FBADA7F2354D5,lexical_candidate_only
ega-topic-depth,66,95,section;text,09CC,more-algebra-lemma-noetherian-finite-all-equivalent,more-algebra.tex,7445,lemma,section-koszul-regular,AC26DCD940F24397A035858D6D4831E90BCBD29A40DC5B5A273045EB65202ACD,lexical_candidate_only
ega-topic-depth,67,95,section;text,0CEP,more-algebra-lemma-relative-regular-immersion-algebra,more-algebra.tex,7992,lemma,section-more-koszul-regular,993FCA8FE71AF20E2CA0F9FDEB9940359814C096C10667423A241226794211BD,lexical_candidate_only
ega-topic-depth,68,95,section;text,0C0W,more-morphisms-lemma-composition-CM,more-morphisms.tex,5869,lemma,section-CM,496A42C0F548A40DC58B42FF1D22DC460187B5DDF3BD0AB640BED4CFD78178A2,lexical_candidate_only
ega-topic-depth,69,94,section;text,00N5,algebra-lemma-CM-one-g,algebra.tex,25018,lemma,section-CM,A72C8C74CD8177848039BE8FF728AD8CB65B8F3264B9D9D18D3FFE0FDD4F4CC9,lexical_candidate_only
ega-topic-depth,70,94,section;text,065K,algebra-lemma-join-regular-sequences,algebra.tex,16717,lemma,section-regular-sequences,BA441434FF43D87F0386B158557F6317B3D2DF07A09BA11BECC5D057F6832EE5,lexical_candidate_only
ega-topic-depth,71,94,section;text,00NG,algebra-lemma-mcm-resolution,algebra.tex,25411,lemma,section-CM-ring,21EDB123CD2426282697BD662978F72D600D81D6A4EEA50333660E6A7A534FD2,lexical_candidate_only
ega-topic-depth,72,94,section;text,07DW,algebra-lemma-regular-sequence-in-polynomial-ring,algebra.tex,16797,lemma,section-regular-sequences,BC2B0B509291B2BCC302454D022F0180E799CFDE7D99C07B899A6594F586468E,lexical_candidate_only
ega-topic-depth,73,94,section;text,045L,algebra-section-geometrically-CM,algebra.tex,47256,section,section-geometrically-CM,57E81CEBE427986BD5DD13B15838BFCE94CCB2DE0C22B23DB49ADDBB674A62F1,lexical_candidate_only
ega-topic-depth,74,94,section;text,061M,algebra-section-quasi-regular,algebra.tex,16856,section,section-quasi-regular,61A4A8E189F64171D4902E5038B3A05F0CF1F1A7DD4F23E00F1AF021DCEFF49E,lexical_candidate_only
ega-topic-depth,75,94,section;text,0DW4,dualizing-section-CM,dualizing.tex,3585,section,section-CM,E742EA9907381E2150E733466E3F885E0D9C584888102A097B7ED6BCAE08ADD1,lexical_candidate_only
ega-topic-depth,76,94,section;text,0641,examples-lemma-base-change-regular-sequence,examples.tex,1134,lemma,section-regular-base-change,F8F1B0B483134D7133E7DD2D2BB02DEBB8B64CE8B67317BB1381E902AB3B5694,lexical_candidate_only
ega-topic-depth,77,94,section;text,0CT3,exercises-section-CM,exercises.tex,1086,section,section-CM,CE5BDEC0FA6570571C320652D614A0B2E3A7344C260659411350C3D2107BA2F9,lexical_candidate_only
ega-topic-depth,78,94,section;text,0BIQ,more-algebra-lemma-blowup-regular-sequence,more-algebra.tex,7884,lemma,section-more-koszul-regular,671E26F90240EEEDF304260B08E377429F894250DCA2696DE2062C44CA4E0446,lexical_candidate_only
ega-topic-depth,79,94,section;text,0668,more-algebra-lemma-join-H1-regular-sequences,more-algebra.tex,7576,lemma,section-koszul-regular,A495BC0DCDC55E18FD32C53122D5B1B058D2CBC7284E33A525C5F8F13CFE3B7C,lexical_candidate_only
ega-topic-depth,80,94,section;text,0669,more-algebra-lemma-join-koszul-regular-sequences,more-algebra.tex,7640,lemma,section-koszul-regular,47952725714CE2D1A6D1DA191BC5E7B8A02933B47A0462742E0A6FA8053F4EE8,lexical_candidate_only
ega-topic-flatness,1,237,label;chapter;section;text,0CVJ,spaces-flat-section-finite-type-flat,spaces-flat.tex,411,section,section-finite-type-flat,03924EF46CA2766A6801630345A31CC89879F1343AAEB5F02DE5C791B6C2995A,lexical_candidate_only
ega-topic-flatness,2,235,label;chapter;section;text,05P6,flat-definition-flattening,flat.tex,6477,definition,section-flattening,48EB98F592243AEDA0C4D9A9953A9BC424CAD973672551C651E207CC9F1CDC16,lexical_candidate_only
ega-topic-flatness,3,235,label;chapter;section;text,0FJ1,flat-example-no-universal-flattening,flat.tex,6499,example,section-flattening,D52EC18A33D2AF0BEBAA755EAF66030AE4B247CAF8554E90CF9250140B05AA14,lexical_candidate_only
ega-topic-flatness,4,235,label;chapter;section;text,0CWQ,spaces-flat-section-flattening-final,spaces-flat.tex,1780,section,section-flattening-final,EEB90F069F5A33835BBCA536554CEF3AD1376C1077D0FE6EE0CEDE761B5F5067,lexical_candidate_only
ega-topic-flatness,5,235,label;chapter;section;text,0CVN,spaces-flat-section-flattening-map,spaces-flat.tex,1633,section,section-flattening-map,E7A88FF888C15E91541D8BC159F4DF8BD3AB9A9B520CCE1276B0B42B2B132026,lexical_candidate_only
ega-topic-flatness,6,234,label;chapter;section;text,0CWR,spaces-flat-definition-flattening,spaces-flat.tex,1793,definition,section-flattening-final,5953D61862FD9E0F1EBAD2EC678D9EEFD828DB3183CE21819E829830919D688B,lexical_candidate_only
ega-topic-flatness,7,234,label;chapter;section;text,0CVX,spaces-flat-section-finitely-presented-flat,spaces-flat.tex,700,section,section-finitely-presented-flat,529B36AAD18D70A38EF6D59A3346E19A412E4CE083E4EBAF157E71845F4C84B7,lexical_candidate_only
ega-topic-flatness,8,234,label;chapter;section;text,0CWN,spaces-flat-section-flattening-local,spaces-flat.tex,1731,section,section-flattening-local,A754E6B8D1448492B5E13C127C1E10506CEA39DA2A9E67B4759DE4A18792C043,lexical_candidate_only
ega-topic-flatness,9,233,label;chapter;section;text,05P7,flat-definition-flattening-stratification,flat.tex,6535,definition,section-flattening,12469B343D579DE6CD8A81BCAFCA88E43DFE077B7915C0507608B5AF16BD7162,lexical_candidate_only
ega-topic-flatness,10,233,label;chapter;section;text,05MY,flat-lemma-flat,flat.tex,6442,lemma,section-flattening-functors,2F76E00249A1476D0789A7F22A7505E2F426D6AE6E674E6931D462FB6722A760,lexical_candidate_only
ega-topic-flatness,11,233,label;chapter;section;text,05PB,flat-lemma-flattening-stratification-artinian,flat.tex,6566,lemma,section-flattening-artinian,04D834AC5DE7EEC25CE055C3B2A0FF8287A9F962A86689F8C597838597754BB0,lexical_candidate_only
ega-topic-flatness,12,233,label;chapter;section;text,05IC,flat-remark-complete-devissage-flat-finitely-presented-module,flat.tex,3273,remark,section-finitely-presented-flat,FE65A0EA1C1FB93591327FE9C77C2F56535BB1AE1FB59B5C45987E58FD69421D,lexical_candidate_only
ega-topic-flatness,13,233,label;chapter;section;text,05PA,flat-section-flattening-artinian,flat.tex,6559,section,section-flattening-artinian,20421FBC758F43BDCDFD076A5908A82164FCABD8E8B84E083A0E1A20D8C3334E,lexical_candidate_only
ega-topic-flatness,14,233,label;chapter;section;text,05MZ,flat-section-flattening-local,flat.tex,6783,section,section-flattening-local,5AA9252B8EDFC5514434B27C7ADE9AC23A9637395C53F50A44CD862823C687E3,lexical_candidate_only
ega-topic-flatness,15,233,label;chapter;section;text,05PC,flat-section-flattening-map,flat.tex,6591,section,section-flattening-map,645483571EA6C9305E6A931584F65DCFE049C60BC0B40620BC4E7AC72185B98B,lexical_candidate_only
ega-topic-flatness,16,233,label;chapter;section;text,0CWZ,spaces-flat-lemma-flat,spaces-flat.tex,1303,lemma,section-F-zero,2F76E00249A1476D0789A7F22A7505E2F426D6AE6E674E6931D462FB6722A760,lexical_candidate_only
ega-topic-flatness,17,232,label;chapter;section;text,0CWG,flat-definition-flat-dimension-n,flat.tex,6301,definition,section-flattening-functors,9B6D64188531B9D4B5D6DDFE4D4B08BF37A8C1F755596740F6A43DB36B012482,lexical_candidate_only
ega-topic-flatness,18,232,label;chapter;section;text,05MX,flat-equation-flat,flat.tex,6430,equation,section-flattening-functors,740D728E747D8152C48DE0E11A7B641B29B4085A1EE071AE73FB1BA2B4FA972E,lexical_candidate_only
ega-topic-flatness,19,232,label;chapter;section;text,05IM,flat-lemma-finite-type-flat-X,flat.tex,4180,lemma,section-finite-type-flat-II,2326FB9CF42AD3A328DCE42FE58B89A400317468507A92D972C563907998D7F4,lexical_candidate_only
ega-topic-flatness,20,232,label;chapter;section;text,05IL,flat-lemma-finite-type-flat-algebra,flat.tex,4162,lemma,section-finite-type-flat-II,8FA491A34C93094026DC31F5B279FFB578FD756BF493D57DAA43CB96C64BF940,lexical_candidate_only
ega-topic-flatness,21,232,label;chapter;section;text,05IR,flat-lemma-finite-type-flat-algebra-bis,flat.tex,4271,lemma,section-finite-type-flat-II,3B249B8A2FA4FEF7FC82B8043C56DD2E6D0AC602A0C67852F1E48239EBF1569C,lexical_candidate_only
ega-topic-flatness,22,232,label;chapter;section;text,05MN,flat-lemma-flat-at-point,flat.tex,6045,lemma,section-flattening-functors,15B17B3AD0A249EF09211AD92E96DCD060FCF9188E9328CAAC6B53478231C162,lexical_candidate_only
ega-topic-flatness,23,232,label;chapter;section;text,05P5,flat-lemma-flat-at-point-go-up,flat.tex,6108,lemma,section-flattening-functors,0288906168398EC8FBA7B77FEBBAE5306134D9B37DECE545B2D8788275D077F0,lexical_candidate_only
ega-topic-flatness,24,232,label;chapter;section;text,05UF,flat-lemma-flat-dimension-n-representable,flat.tex,7806,lemma,section-flattening-final,DF9952A05C01C0DE705BFC4204D9190555AF3BF1FB8E102605CBDD99539B3D94,lexical_candidate_only
ega-topic-flatness,25,232,label;chapter;section;text,05UD,flat-lemma-localize-flat-dimension-n,flat.tex,7728,lemma,section-flattening-final,43A48F57A255175E5AA3FCF0CE50FF96394A03AC9F3E398CCBED108156493D9F,lexical_candidate_only
ega-topic-flatness,26,232,label;chapter;section;text,0CWF,flat-lemma-pre-flat-dimension-n,flat.tex,6271,lemma,section-flattening-functors,6FE8C682EE940B6D0AA5FC7A2F126287D21A20077DCB979458A8C03B71E23838,lexical_candidate_only
ega-topic-flatness,27,232,label;chapter;section;text,053G,flat-proposition-flat-finite-type-finite-presentation-domain,flat.tex,4210,proposition,section-finite-type-flat-II,0BA649028D56EA7A61AE1635F94DC08FEEBF89B93D2228CEDE62CB56938C77BA,lexical_candidate_only
ega-topic-flatness,28,232,label;chapter;section;text,080X,flat-section-blowup-flat,flat.tex,8596,section,section-blowup-flat,1B3D543FCC1CFB46212F09DCD93A167B81B91E85C6A840A5EB057A13EAF0E3F3,lexical_candidate_only
ega-topic-flatness,29,232,label;chapter;section;text,05I2,flat-section-finite-type-flat-I,flat.tex,2343,section,section-finite-type-flat-I,78996FAAD2B85858977EE63708537516D41166B59039956781F2A53221D7D945,lexical_candidate_only
ega-topic-flatness,30,232,label;chapter;section;text,05I9,flat-section-finitely-presented-flat,flat.tex,3131,section,section-finitely-presented-flat,939F860195D48D9AAB84A3F104D0E7CF9B1DC4EF6F323630FF87A88816ADFF5A,lexical_candidate_only
ega-topic-flatness,31,232,label;chapter;section;text,052F,flat-section-flattening,flat.tex,6468,section,section-flattening,0840FC21B95695A0BBC7FE51706C0198A3EE10F0EFE75182A962769417E47A55,lexical_candidate_only
ega-topic-flatness,32,232,label;chapter;section;text,05PS,flat-section-flattening-final,flat.tex,7623,section,section-flattening-final,C616B827ED5A321DA80BE0D278BB3878F0F59C262DB7358D78384D15C4CA159C,lexical_candidate_only
ega-topic-flatness,33,232,label;chapter;section;text,05MW,flat-situation-flat,flat.tex,6421,situation,section-flattening-functors,3E4294825FFD207B32FB10D9D5A724C4A0F127193F0CD11E1BF7A51304E1B4A0,lexical_candidate_only
ega-topic-flatness,34,232,label;chapter;section;text,05UA,flat-theorem-check-flatness-at-associated-points,flat.tex,7559,theorem,section-finite-type-flat-III,363BAB97BAC51D17A069593223BF3E034D6B8F11A8C201FD9BD86739952731FC,lexical_candidate_only
ega-topic-flatness,35,232,label;chapter;section;text,0CWT,spaces-flat-definition-flat-dimension-n,spaces-flat.tex,1857,definition,section-flattening-final,08C27E58E5AAAA88363FC87A55B5F5B6F45A01263FE1DD362458D1390326ACFB,lexical_candidate_only
ega-topic-flatness,36,232,label;chapter;section;text,0CWY,spaces-flat-equation-flat,spaces-flat.tex,1281,equation,section-F-zero,3C939AB8D73C0AE5F9F25A5085533910E56A5AF4BA21732EE92B8E665A1A60EA,lexical_candidate_only
ega-topic-flatness,37,232,label;chapter;section;text,0CX0,spaces-flat-lemma-localize-flat-dimension-n,spaces-flat.tex,1952,lemma,section-flattening-final,FB061CCAC1F5484A6066FBF1734A3144E997E7B36FA2600FFA38967DDFFC322C,lexical_candidate_only
ega-topic-flatness,38,232,label;chapter;section;text,083E,spaces-flat-section-F-zero,spaces-flat.tex,1008,section,section-F-zero,5C874D075D50BA2F0749EF253C876DCDF04DB015DB5544A5A63F3B7A18F9402F,lexical_candidate_only
ega-topic-flatness,39,231,label;chapter;section;text,05MM,flat-equation-flat-at-point,flat.tex,6033,equation,section-flattening-functors,97B00E8B6C22DAA32368AE0A35E33E7C2E2F6BFD285A878149774913605AC3E4,lexical_candidate_only
ega-topic-flatness,40,231,label;chapter;section;text,05ML,flat-equation-flat-at-primes,flat.tex,6020,equation,section-flattening-functors,B32D529650235F1C0858F28BE32AD37917A8554B5D65CFEBA0887C6EB95EAA9E,lexical_candidate_only
ega-topic-flatness,41,231,label;chapter;section;text,05MU,flat-equation-flat-dimension-n,flat.tex,6325,equation,section-flattening-functors,358323B3B75B123B3BA5CB846E433097EE2397987B581C0242D84CE99D42E7F1,lexical_candidate_only
ega-topic-flatness,42,231,label;chapter;section;text,05I4,flat-lemma-complete-devissage-flat-finite-type-module,flat.tex,2426,lemma,section-finite-type-flat-I,656D64BC4A8A354D91776D7938D03323C8E4DE95D367888C8FCDC205AEFCF4F3,lexical_candidate_only
ega-topic-flatness,43,231,label;chapter;section;text,05IB,flat-lemma-complete-devissage-flat-finitely-presented-module,flat.tex,3229,lemma,section-finitely-presented-flat,CFF193C3E4F861B9BC5B795BA002B1831669268EB95DD9860946ADD2D7EF3E66,lexical_candidate_only
ega-topic-flatness,44,231,label;chapter;section;text,05KW,flat-lemma-finite-presentation-flat-along-fibre,flat.tex,3342,lemma,section-finitely-presented-flat,24674D7C8364C261D85F99C78B66A243FD4A53EA9432F0629F768D859ABD2183,lexical_candidate_only
ega-topic-flatness,45,231,label;chapter;section;text,05KX,flat-lemma-finite-presentation-flat-along-fibre-X,flat.tex,3431,lemma,section-finitely-presented-flat,9AB28EA3984F9FE64ACF8E600D45A9DBE696A86ED76409CC933562B23D2860CE,lexical_candidate_only
ega-topic-flatness,46,231,label;chapter;section;text,05IE,flat-lemma-finite-presentation-flat-at-point-X,flat.tex,3408,lemma,section-finitely-presented-flat,E6071FDC0E2EBB2388D45B5FDD188652078486617A31C7A4AF00194C128B03C8,lexical_candidate_only
ega-topic-flatness,47,231,label;chapter;section;text,05IQ,flat-lemma-finite-type-flat,flat.tex,4231,lemma,section-finite-type-flat-II,B0C35F5A74BAC6D8CB1DA4EBC19CF3E3F60AA3471F75BDF7C9E57DB9384E7581,lexical_candidate_only
ega-topic-flatness,48,231,label;chapter;section;text,05KU,flat-lemma-finite-type-flat-along-fibre,flat.tex,2745,lemma,section-finite-type-flat-I,EAA85E0D335AEC7AEB2C4DC60B15FF916C77EE5914F58B8F15466EAE5163D34A,lexical_candidate_only
ega-topic-flatness,49,231,label;chapter;section;text,05L0,flat-lemma-finite-type-flat-along-fibre-free,flat.tex,3557,lemma,section-finitely-presented-flat,0B67825C65C5387A5F73714FAFBB54246EECC42685595E2D64E7DD25E9047B2E,lexical_candidate_only
ega-topic-flatness,50,231,label;chapter;section;text,05L1,flat-lemma-finite-type-flat-along-fibre-free-variant,flat.tex,3627,lemma,section-finitely-presented-flat,6D7DD54C858C8F31ADEB7168C05D2FC47A7D20B2D3805BACD091BDA6142B1FA1,lexical_candidate_only
ega-topic-flatness,51,231,label;chapter;section;text,05KV,flat-lemma-finite-type-flat-along-fibre-variant,flat.tex,2795,lemma,section-finite-type-flat-I,6C1FE495C7E3A4F1538AE983CE1D84AC296C97E6EB7A0E176338B44014446B61,lexical_candidate_only
ega-topic-flatness,52,231,label;chapter;section;text,05KT,flat-lemma-finite-type-flat-at-point,flat.tex,2701,lemma,section-finite-type-flat-I,8110C70B4FA3D4CBFBB6A34676BA841866AEB26BBABD89BF594BA976D97A7C0A,lexical_candidate_only
ega-topic-flatness,53,231,label;chapter;section;text,05I6,flat-lemma-finite-type-flat-at-point-X,flat.tex,2845,lemma,section-finite-type-flat-I,8BA462983496D1FE6FECF41E9F6D70C1F099DA83E018871E5860E551C8235A96,lexical_candidate_only
ega-topic-flatness,54,231,label;chapter;section;text,05KY,flat-lemma-finite-type-flat-at-point-free,flat.tex,3461,lemma,section-finitely-presented-flat,7E9A1E42F7670AFEC0073AB63C85DCA056FDBBA8E3CF32AB26AE1F45F0ECA31A,lexical_candidate_only
ega-topic-flatness,55,231,label;chapter;section;text,05KZ,flat-lemma-finite-type-flat-at-point-free-variant,flat.tex,3501,lemma,section-finitely-presented-flat,78B77233769BC77869A0E6761ECD370A72B62749FFE90D8C17627D807E4FEE22,lexical_candidate_only
ega-topic-flatness,56,231,label;chapter;section;text,05I7,flat-lemma-finite-type-flat-at-point-local,flat.tex,2879,lemma,section-finite-type-flat-I,D22CF005DB79F1EB8A7BC4506AD1FA411540B0AD8CB0581032AE840C9D6B036B,lexical_candidate_only
ega-topic-flatness,57,231,label;chapter;section;text,05I8,flat-lemma-finite-type-flat-at-point-local-X,flat.tex,2909,lemma,section-finite-type-flat-I,580A324B064470A02DA30DB00E95B666356CF380103A0BDAB1A9C1AD8FC9A7E2,lexical_candidate_only
ega-topic-flatness,58,231,label;chapter;section;text,05IN,flat-lemma-finite-type-flat-over-integral,flat.tex,4198,lemma,section-finite-type-flat-II,55736A947BEB57F8BDD9EF07B403FB3751AA403B4759421BC6A6C65B98F4F06B,lexical_candidate_only
ega-topic-flatness,59,231,label;chapter;section;text,05P4,flat-lemma-flat-at-point-finite,flat.tex,6068,lemma,section-flattening-functors,4699E055A8BDA9882A095A7DB64A17D29CC2805950EE488A8DE238551D8C4B74,lexical_candidate_only
ega-topic-flatness,60,231,label;chapter;section;text,05MV,flat-lemma-flat-dimension-n,flat.tex,6337,lemma,section-flattening-functors,4921308EA67C74EABA1E009B7A5A1D4B44ACCFA8DC7A7040140FFC568F9ED0C0,lexical_candidate_only
ega-topic-flatness,61,231,label;chapter;section;text,0811,flat-lemma-flatten-module-pre,flat.tex,8782,lemma,section-blowup-flat,CBCBF17625014B4EDE5D5D9A3CC039B38BA48D42E071939DA6633AAB27B67B31,lexical_candidate_only
ega-topic-flatness,62,231,label;chapter;section;text,05M9,flat-lemma-open-in-fibre-where-flat,flat.tex,2676,lemma,section-finite-type-flat-I,5F06DB417D5E5FA1B30823AE07C5C93480CBF2B585A5BB913BAD640E78DF6CDC,lexical_candidate_only
ega-topic-flatness,63,231,label;chapter;section;text,05UH,flat-lemma-when-universal-flattening,flat.tex,7989,lemma,section-flattening-final,5046E4F426C1790047AF774765E642EF974F6C967F8F095336FB2DCEE7408301,lexical_candidate_only
ega-topic-flatness,64,231,label;chapter;section;text,05ID,flat-proposition-finite-presentation-flat-at-point,flat.tex,3287,proposition,section-finitely-presented-flat,F04EAD5571593A5978664490AFD459ED238C11A499B4D32D63B530BB95E052C2,lexical_candidate_only
ega-topic-flatness,65,231,label;chapter;section;text,05I5,flat-proposition-finite-type-flat-at-point,flat.tex,2477,proposition,section-finite-type-flat-I,BD2A0FB5BD9A42DC7BD59BBC3ED3FBA9A7CDC6E8C33978DD8D3BA1C36B0B5B20,lexical_candidate_only
ega-topic-flatness,66,231,label;chapter;section;text,05PH,flat-remark-flattening-local-scheme-theoretic,flat.tex,6905,remark,section-flattening-local,88B234B17EB319AD7055BD6533A9ABF91B8C9E47CA823D416B70422436C02EDA,lexical_candidate_only
ega-topic-flatness,67,231,label;chapter;section;text,05IF,flat-section-finite-type-flat-II,flat.tex,3699,section,section-finite-type-flat-II,83878D00F3B6BCF51C608283C3B1E7F36648C8A08711659DB365970CA82E488F,lexical_candidate_only
ega-topic-flatness,68,231,label;chapter;section;text,05U8,flat-section-finite-type-flat-III,flat.tex,7553,section,section-finite-type-flat-III,E4B333D648F0ED7E69F56EF5DAD2C22779AA0F50A7AE6E6280809888E1399872,lexical_candidate_only
ega-topic-flatness,69,231,label;chapter;section;text,05MG,flat-section-flattening-functors,flat.tex,5886,section,section-flattening-functors,C987FD3C7A5AA79AE6977E4251512C00D983CD479D917D13CB71F1E45D5AA842,lexical_candidate_only
ega-topic-flatness,70,231,label;chapter;section;text,05IK,flat-theorem-finite-type-flat,flat.tex,4097,theorem,section-finite-type-flat-II,11CED1539286E153773EE76B6FF3C3A20DCCB966532C5007AD9C3962F617475E,lexical_candidate_only
ega-topic-flatness,71,231,label;chapter;section;text,05UG,flat-theorem-flat-dimension-n-representable,flat.tex,7895,theorem,section-flattening-final,A80A3B5C6E9BC747B1E1359AC196004C36BDF173262E47024CE1862885FCDB4A,lexical_candidate_only
ega-topic-flatness,72,231,label;chapter;section;text,05PG,flat-theorem-flattening-local,flat.tex,6790,theorem,section-flattening-local,7BE78D7642C98A0296640B5CDFCBD5EE44FD4E0BD56C3F7FFA5BABAD841D735B,lexical_candidate_only
ega-topic-flatness,73,231,label;chapter;section;text,05PF,flat-theorem-flattening-map,flat.tex,6671,theorem,section-flattening-map,ECAEAF7F6849EAB761A3AF9660CF8403ADB1BC57020B025E3BF74D7A5F5D7590,lexical_candidate_only
ega-topic-flatness,74,231,label;chapter;section;text,0CWV,spaces-flat-equation-flat-dimension-n,spaces-flat.tex,1883,equation,section-flattening-final,0C7FE7C7E1E0F7270BB56CDBCFF3CA836BD8E5B4A9C2F1834255C659542D9284,lexical_candidate_only
ega-topic-flatness,75,231,label;chapter;section;text,0CVZ,spaces-flat-lemma-finite-presentation-flat-along-fibre,spaces-flat.tex,739,lemma,section-finitely-presented-flat,1B720B7D0BB6BD175FDFC157BD47053424265346FBE30F8C142E88B2C9A1E647,lexical_candidate_only
ega-topic-flatness,76,231,label;chapter;section;text,0CVW,spaces-flat-lemma-finite-type-flat-along-fibre-free-variant,spaces-flat.tex,564,lemma,section-finite-type-flat,4775A019DD729C6021159674F1D3DDA0881CB6229D05EE84B8E333D023BB32D1,lexical_candidate_only
ega-topic-flatness,77,231,label;chapter;section;text,0CWW,spaces-flat-lemma-flat-dimension-n,spaces-flat.tex,1905,lemma,section-flattening-final,4921308EA67C74EABA1E009B7A5A1D4B44ACCFA8DC7A7040140FFC568F9ED0C0,lexical_candidate_only
ega-topic-flatness,78,231,label;chapter;section;text,0CWK,spaces-flat-lemma-open-in-fibre-where-flat,spaces-flat.tex,446,lemma,section-finite-type-flat,04719E33D1D9B0F240390AC6385F3430FC9482AD3124707CEC45B6044853F4CA,lexical_candidate_only
ega-topic-flatness,79,231,label;chapter;section;text,0CX2,spaces-flat-lemma-when-universal-flattening,spaces-flat.tex,2097,lemma,section-flattening-final,1B51AC9F51504D4D1D51898315F673CA1131826D3E18D20C232AC6002CF074FD,lexical_candidate_only
ega-topic-flatness,80,231,label;chapter;section;text,0CVY,spaces-flat-proposition-finite-presentation-flat-at-point,spaces-flat.tex,707,proposition,section-finitely-presented-flat,9B56D3F0C3460B5C10C4EDC87C84FD39DD35B4BDE6297E87AE79400C3751446B,lexical_candidate_only
ega-topic-smooth,1,191,label;section;text,04HC,topologies-lemma-morphism-big-smooth,topologies.tex,1589,lemma,section-smooth,4DDA07210E21B7DE951E3CF8919D5574C133745E8DA72FAF90C716B5E9B260F6,lexical_candidate_only
ega-topic-smooth,2,190,label;section;text,03X0,topologies-definition-big-small-smooth,topologies.tex,1536,definition,section-smooth,A9821FF659C0CD453F494A35A99F5FEB3CB47B0B18713FF626A49351C1D1B079,lexical_candidate_only
ega-topic-smooth,3,190,label;section;text,03WZ,topologies-lemma-smooth-induced,topologies.tex,1492,lemma,section-smooth,BE1C74F3C4BC9C3E01FAA0E90E7351C264E2E71BC95C719961D36B3F63515B67,lexical_candidate_only
ega-topic-smooth,4,189,label;section;text,0DZZ,moduli-curves-lemma-smooth-curves,moduli-curves.tex,1521,lemma,section-smooth-curves,D60B68E29208E5D7B46563454E4101611ED8E19A06E753C873A76DF05D799755,lexical_candidate_only
ega-topic-smooth,5,189,label;section;text,06VC,topologies-lemma-affine-big-site-smooth,topologies.tex,1557,lemma,section-smooth,473D05F48EF34ECDA8F2A8437BB6B25875F762CEE2BFDF19ECE1C72190019433,lexical_candidate_only
ega-topic-smooth,6,188,label;section;text,01V7,morphisms-lemma-smooth-locally-standard-smooth,morphisms.tex,7191,lemma,section-smooth,868B1D09C0F30B2F5DF32DA9C19E3B2BE2F67DD5119998345D75625D7BADDFF6,lexical_candidate_only
ega-topic-smooth,7,188,label;section;text,0221,topologies-lemma-smooth,topologies.tex,1419,lemma,section-smooth,DDF2D12B1E7BCC19248FDBF817D4CDF9F8AAF2A45F03FD4CD41C67E083864E11,lexical_candidate_only
ega-topic-smooth,8,187,label;section;text,00TC,algebra-lemma-locally-smooth,algebra.tex,37572,lemma,section-smooth,7D43C51300DB24E4E041038C397A72D9D0C3240A1BC802D7A18492AF94409F9C,lexical_candidate_only
ega-topic-smooth,9,187,label;section;text,00TN,algebra-proposition-smooth-formally-smooth,algebra.tex,38169,proposition,section-formally-smooth,ED0DFA7B0250F61091D07DAA6E6E69A24DF158BB119FB700C6E869051901D406,lexical_candidate_only
ega-topic-smooth,10,187,label;section;text,00TH,algebra-section-formally-smooth,algebra.tex,37796,section,section-formally-smooth,51ACE30691FDD173A4445FB57A31C3DF860C3528C0395F3765622B98C040BA8A,lexical_candidate_only
ega-topic-smooth,11,187,label;section;text,04X0,algebraic-lemma-smooth-quotient-smooth-presentation,algebraic.tex,2369,lemma,section-smooth-groupoid-gives-algebraic-stack,3B0DA709FF8AFE737EA817B72566CC5179AF90AEF918F8CF6A58636157A92E81,lexical_candidate_only
ega-topic-smooth,12,187,label;section;text,036U,descent-lemma-smooth-smooth-local-source,descent.tex,6928,lemma,section-smooth-local-source,3E82139D46EBEB7531D3D51D09780B2E1BBBC2F095061DF2E0C649E0285FE13B,lexical_candidate_only
ega-topic-smooth,13,187,label;section;text,06HM,formal-defos-lemma-smooth-properties,formal-defos.tex,2108,lemma,section-smooth-morphisms,12B747B1C3D8126BEE8113D6899021E179404E487F3704021555251B9CAF0C00,lexical_candidate_only
ega-topic-smooth,14,187,label;section;text,06KL,formal-defos-lemma-smooth-quotient-morphism,formal-defos.tex,6440,lemma,section-smooth-minimal-groupoids-in-functors,11D0B0D6F9E5F6C1019D79D1D9A4DD4C54BBEE1CBD6EB37180D9413177EDB1BE,lexical_candidate_only
ega-topic-smooth,15,187,label;section;text,06KJ,formal-defos-remark-smooth-groupoid-in-functors-warning,formal-defos.tex,6418,remark,section-smooth-minimal-groupoids-in-functors,FB573AF4AAD7CB340F2F28C7A52B1C2C3CA9B4684D6150C112E44E507D9CE881,lexical_candidate_only
ega-topic-smooth,16,187,label;section;text,06HQ,formal-defos-remark-smooth-on-top,formal-defos.tex,2281,remark,section-smooth,D707927B33FB09FE16B4ED613730F8CEC3B019118AF3406E26F3C941DF56C844,lexical_candidate_only
ega-topic-smooth,17,187,label;section;text,06KK,formal-defos-remark-smooth-power-series-prorepresentable-smooth-groupoid-in-functors,formal-defos.tex,6430,remark,section-smooth-minimal-groupoids-in-functors,B56F30C3AD7C710A4FFFBB60327C51AEEBDBF24435B44C8F6666CF3B687E7EB7,lexical_candidate_only
ega-topic-smooth,18,187,label;section;text,0E82,moduli-curves-definition-deligne-mumford-smooth,moduli-curves.tex,1633,definition,section-smooth-curves,705203837565F908E166FBB951D3896E9D620F821D354EFA03C7D03DD4FAF9DE,lexical_candidate_only
ega-topic-smooth,19,187,label;section;text,0E1N,moduli-curves-lemma-smooth-curves-smooth,moduli-curves.tex,1573,lemma,section-smooth-curves,F101C8735651A6B9691B3DB80F03A53E12367F36EBE612989FEF4288CA88722B,lexical_candidate_only
ega-topic-smooth,20,187,label;section;text,02H6,more-morphisms-lemma-smooth-formally-smooth,more-morphisms.tex,3190,lemma,section-formally-smooth,63059996DA57DEBF461683A540FE9DCE74FA6A65DFAC1C042F682E5F8F4B4065,lexical_candidate_only
ega-topic-smooth,21,187,label;section;text,01V5,morphisms-definition-smooth,morphisms.tex,7018,definition,section-smooth,A131B8649E51BC9CDFA5B00EE6877A3AC37EB982BA7FE5D95605FEF38B141566,lexical_candidate_only
ega-topic-smooth,22,187,label;section;text,01V8,morphisms-lemma-smooth-flat-smooth-fibres,morphisms.tex,7092,lemma,section-smooth,3B83BBFFD0163CADE9A857AEA849A7279465E5D5EC33F5A41147B13D0F3C60AF,lexical_candidate_only
ega-topic-smooth,23,187,label;section;text,00TO,obsolete-lemma-formally-smooth-smooth,obsolete.tex,824,lemma,section-formally-smooth,1D60919343E88114590AA6CFA0EB4F6A560675831F6B3FBC89AEF8D55384437C,lexical_candidate_only
ega-topic-smooth,24,187,label;section;text,0GAK,restricted-lemma-rig-smooth,restricted.tex,726,lemma,section-rig-smooth,9318173692AC645E638DC6637DE4E053126102661DD5D9D9BFABC8384EAE7F98,lexical_candidate_only
ega-topic-smooth,25,187,label;section;text,06FB,spaces-descent-lemma-smooth-local-source-target,spaces-descent.tex,2803,lemma,section-properties-local-source-target,B35EDFCEEF29B7513F4CC480F54C32C21D8453EF9C2EFC79D93C012200DB6AFE,lexical_candidate_only
ega-topic-smooth,26,187,label;section;text,06F2,spaces-descent-lemma-smooth-smooth-local-source,spaces-descent.tex,2542,lemma,section-smooth-local-source,3E82139D46EBEB7531D3D51D09780B2E1BBBC2F095061DF2E0C649E0285FE13B,lexical_candidate_only
ega-topic-smooth,27,187,label;section;text,04AM,spaces-more-morphisms-lemma-smooth-formally-smooth,spaces-more-morphisms.tex,4587,lemma,section-formally-smooth,37734CFF0CDF167E87D838E04408D2639F2C223BC3B7801E049EEAFA87946D44,lexical_candidate_only
ega-topic-smooth,28,187,label;section;text,041D,spaces-topologies-lemma-smooth,spaces-topologies.tex,650,lemma,section-smooth,8EFDCDC3BB575AEA58169BB3A7D65229659CC291007BB9FB7FD19DC3025FEE1E,lexical_candidate_only
ega-topic-smooth,29,187,label;section;text,0DP0,stacks-more-morphisms-lemma-smooth-formally-smooth,stacks-more-morphisms.tex,1818,lemma,section-formally-smooth,03E738D00E46A67C99421B6EB334A5D977FE03689FA9411756DF1E4808C7F2A4,lexical_candidate_only
ega-topic-smooth,30,187,label;section;text,05AX,varieties-lemma-flat-under-smooth,varieties.tex,4757,lemma,section-smooth,1DA72C996A2928B54049DE706B17D62939637845146D146E03422957BBE024FB,lexical_candidate_only
ega-topic-smooth,31,186,label;section;text,00T4,algebra-lemma-base-change-smooth,algebra.tex,37133,lemma,section-smooth,C08ECDCAAFEC161E4AEA76F8FEC6AB6CB02C1B7A3E39BF0F0E45D01787AF1303,lexical_candidate_only
ega-topic-smooth,32,186,label;section;text,0321,algebra-lemma-fields-are-formally-smooth,algebra.tex,44452,lemma,section-p-bases,6CA24A4477DD08DD086213C648E67D5484FE185A3899199373684BCEA6EEE13A,lexical_candidate_only
ega-topic-smooth,33,186,label;section;text,0320,algebra-lemma-formally-smooth-extensions-easy,algebra.tex,44409,lemma,section-p-bases,8A7677395CEAE43CFDFB3B01A63290B73E677AE78B72291DDD4D6EA1AC32E008,lexical_candidate_only
ega-topic-smooth,34,186,label;section;text,00T3,algebra-lemma-localize-smooth,algebra.tex,37113,lemma,section-smooth,25C6A0665E46040B61FA72DAB0C11D9C380E93431C4CD5D3A08CA951D53229E1,lexical_candidate_only
ega-topic-smooth,35,186,label;section;text,00T7,algebra-lemma-standard-smooth,algebra.tex,37274,lemma,section-smooth,3A83B86814146F5D53B524F1F3E34544EB3541E5A6F3D2F5570966DA58A40278,lexical_candidate_only
ega-topic-smooth,36,186,label;section;text,02KM,descent-lemma-syntomic-smooth-etale-permanence,descent.tex,4423,lemma,section-descent-finiteness-morphisms,BA40FEFF1D7912EC568907D6F11FA6368D3CEA97CC5B2A3C3226DF7AF197ABA0,lexical_candidate_only
ega-topic-smooth,37,186,label;section;text,05B6,descent-remark-smooth-permanence,descent.tex,4485,remark,section-descent-finiteness-morphisms,88B8415B765306CDDBD96C73224846D3F20F07751D3BCEF06D4E68448ED6ACBF,lexical_candidate_only
ega-topic-smooth,38,186,label;section;text,036T,descent-section-smooth-local-source,descent.tex,6919,section,section-smooth-local-source,D93B5728DD6332B9A50C4A736B0B4EAE7B9353051E876E381E982058D65288C7,lexical_candidate_only
ega-topic-smooth,39,186,label;section;text,039P,etale-section-etale-smooth,etale.tex,1325,section,section-etale-smooth,AE805D9C32C4A36167140A3F52CABD3438B293E5146DE65514FD35575B21F30B,lexical_candidate_only
ega-topic-smooth,40,186,label;section;text,06HP,formal-defos-definition-cofibered-groupoid-projection-smooth,formal-defos.tex,2264,definition,section-smooth,7B756905A1016D684282679740CE4E505563817CDE163F371A895B44888B3665,lexical_candidate_only
ega-topic-smooth,41,186,label;section;text,0DYL,formal-defos-lemma-smooth,formal-defos.tex,2295,lemma,section-smooth,1A2E1B74CDAB1BB3C347407CD9673813AA696C876F70BCBBFB3E8CEE726AFB81,lexical_candidate_only
ega-topic-smooth,42,186,label;section;text,06HJ,formal-defos-remark-compare-smooth-schlessinger,formal-defos.tex,1985,remark,section-smooth-morphisms,1E6CF8DF12C582ECA4AE57CA7B708F1E903FDEAFFC7724788616052758703877,lexical_candidate_only
ega-topic-smooth,43,186,label;section;text,06HF,formal-defos-section-smooth-morphisms,formal-defos.tex,1889,section,section-smooth-morphisms,41F6F108999D9C7A3F05F75601C1D81BDC6F9BD4BA3A206EEDA226D9B9CBC12F,lexical_candidate_only
ega-topic-smooth,44,186,label;section;text,0E81,moduli-curves-lemma-smooth-curves-h0,moduli-curves.tex,1584,lemma,section-smooth-curves,62624B6801A8751C53EB7672A890B269B8670A669238F7C49A7C60219C060523,lexical_candidate_only
ega-topic-smooth,45,186,label;section;text,0E84,moduli-curves-lemma-smooth-curves-h0-smooth,moduli-curves.tex,1692,lemma,section-smooth-curves,A1DC834CB533BDCACE97D65EFA8F027D92B9FAC24922AF8ED2B54989B437AA01,lexical_candidate_only
ega-topic-smooth,46,186,label;section;text,07EC,more-algebra-lemma-formally-smooth,more-algebra.tex,9165,lemma,section-formally-smooth,E205198A28982675512E7C487BE622B88F136AE8992E1B9CFBB63AF9D10F7484,lexical_candidate_only
ega-topic-smooth,47,186,label;section;text,02GZ,more-morphisms-section-formally-smooth,more-morphisms.tex,3052,section,section-formally-smooth,E25779853C818AA4B19F60FC732119BCB4BBEAB3202BB8661CCC338D58BBBD7E,lexical_candidate_only
ega-topic-smooth,48,186,label;section;text,0GCH,restricted-section-rig-smooth-homomorphisms,restricted.tex,3987,section,section-rig-smooth-homomorphisms,0CC200B04365B84A22720816D46D0139E8EB3297647F0AE85C19A620B9C672DD,lexical_candidate_only
ega-topic-smooth,49,186,label;section;text,0GCN,restricted-section-rig-smooth-morphisms,restricted.tex,4397,section,section-rig-smooth-morphisms,533E128AEEE9282534896FF5E18953EC6C7FD5F48BBFCB6F61754ABCF94F2907,lexical_candidate_only
ega-topic-smooth,50,186,label;section;text,0AHD,spaces-descent-lemma-syntomic-smooth-etale-permanence,spaces-descent.tex,739,lemma,section-descent-finiteness-morphisms,9D2E3CEED13A14DCC6CCDEE09607577D90127A6ECE5D61C80921F01C7E1CCDB4,lexical_candidate_only
ega-topic-smooth,51,186,label;section;text,060G,spaces-more-morphisms-definition-formally-smooth,spaces-more-morphisms.tex,4491,definition,section-formally-smooth,AEDBC5BAA9F75FB9E83FCCC6704AD1B45094D47102BAB29C59EB39E8E87952AC,lexical_candidate_only
ega-topic-smooth,52,186,label;section;text,03ZC,spaces-morphisms-definition-smooth,spaces-morphisms.tex,7164,definition,section-smooth,BBDCAC2F936DB2700FD12EB25A7156E34E2BA51771F1ECE426081D9E2C847E11,lexical_candidate_only
ega-topic-smooth,53,186,label;section;text,03ZF,spaces-morphisms-lemma-smooth-local,spaces-morphisms.tex,7198,lemma,section-smooth,A6267FB6AEBE638306CA9476A2F90FF1E6245B0B25392046DC175A0F583D4C0D,lexical_candidate_only
ega-topic-smooth,54,186,label;section;text,03YB,spaces-topologies-section-smooth,spaces-topologies.tex,609,section,section-smooth,93981593A5782978C8F59E1843886DD558C3C2413CE0A62BA00ACF72C47601B0,lexical_candidate_only
ega-topic-smooth,55,186,label;section;text,072S,stacks-introduction-section-smooth,stacks-introduction.tex,342,section,section-smooth,AF4273912DB7C7C3D4EE77C14C0C48FA69EFF0D2A62BDAF71E0567280EA13BA0,lexical_candidate_only
ega-topic-smooth,56,186,label;section;text,0DNW,stacks-more-morphisms-definition-formally-smooth,stacks-more-morphisms.tex,1665,definition,section-formally-smooth,6F2A2509E041447236C32D3C91EB563851B20F04E774B27083F120D1C8ED33AB,lexical_candidate_only
ega-topic-smooth,57,186,label;section;text,075T,stacks-morphisms-section-smooth,stacks-morphisms.tex,7358,section,section-smooth,9A41B4BF17F963DD4CE2EE83BD74A1FE11957B07804EF7DAA881A58B30CD520C,lexical_candidate_only
ega-topic-smooth,58,186,label;section;text,03WY,topologies-definition-big-smooth-site,topologies.tex,1465,definition,section-smooth,E23C5B33382AD5AE3DA4698335B2FAB8E658FE092FD585C94F29333F833E27CB,lexical_candidate_only
ega-topic-smooth,59,186,label;section;text,0222,topologies-lemma-smooth-affine,topologies.tex,1438,lemma,section-smooth,15A7007F27E60745299BEA68420C0D75EA4EE482A48169D0845C3C177230F3D7,lexical_candidate_only
ega-topic-smooth,60,185,label;section;text,00TB,algebra-definition-smooth-at-prime,algebra.tex,37511,definition,section-smooth,28CB9D0CBDBB01D520B0A3C759FE982F85AFF0AD90659B4C824AF53007AB8B9C,lexical_candidate_only
ega-topic-smooth,61,185,label;section;text,031H,algebra-lemma-compose-formally-smooth,algebra.tex,37840,lemma,section-formally-smooth,95F73B2ECE42B32B09FD8CCFA9340D5BE74D3385409491E2F7A41A300CF63AFA,lexical_candidate_only
ega-topic-smooth,62,185,label;section;text,00TD,algebra-lemma-compose-smooth,algebra.tex,37597,lemma,section-smooth,C857324A90A3A3313697A17B04DD931EC73B183DED7A608ECB473995484778FA,lexical_candidate_only
ega-topic-smooth,63,185,label;section;text,00T9,algebra-lemma-compose-standard-smooth,algebra.tex,37373,lemma,section-smooth,9A922EB1826F091A0B78623335DC629DF89EE0BB75F598B5F86C1126D3BD5DC3,lexical_candidate_only
ega-topic-smooth,64,185,label;section;text,06CM,algebra-lemma-descent-formally-smooth,algebra.tex,38243,lemma,section-formally-smooth,D596C8674393EDF1359200788036C1CB2271A169716306EAA90266C38B68C4A0,lexical_candidate_only
ega-topic-smooth,65,185,label;section;text,00TG,algebra-lemma-flat-base-change-locus-smooth,algebra.tex,37713,lemma,section-smooth,1042DE4F5759FEA25CF349C6240DC11C7C46F9C5C220B4D0C68BC3FC701E02D8,lexical_candidate_only
ega-topic-smooth,66,185,label;section;text,031L,algebra-lemma-lift-formal-smoothness,algebra.tex,38100,lemma,section-formally-smooth,65E6FCE707F05BC9E36C14D70E580171D8A3E77D29303C29A3CB8D6E7D4D5231,lexical_candidate_only
ega-topic-smooth,67,185,label;section;text,04B1,algebra-lemma-lift-smooth,algebra.tex,37761,lemma,section-smooth,D03DB7AB68DB0C5E4A8F69B1E0ABC46C0AC7321585E5184012E7D999D17DEBF1,lexical_candidate_only
ega-topic-smooth,68,185,label;section;text,0GIF,algebra-lemma-product-smooth,algebra.tex,37613,lemma,section-smooth,83313A0876C85249F27C83FD6DF5BD1661D9379E0C8D4344508D7CA7EA566BEC,lexical_candidate_only
ega-topic-smooth,69,185,label;section;text,05D5,algebra-lemma-section-smooth,algebra.tex,38407,lemma,section-smooth-differential,EB5CE64FBF169B357EE65C3AF52F90D7FFEC7EB8E5D19E3FC3542CBE8FBB6679,lexical_candidate_only
ega-topic-smooth,70,185,label;section;text,0CAQ,algebra-lemma-smooth-descends-through-colimit,algebra.tex,38230,lemma,section-formally-smooth,85CB9C9495C156CECABC9FB35AAA82F4C338DD8C90131F6474628B47B2E7EEED,lexical_candidate_only
ega-topic-smooth,71,185,label;section;text,02UQ,algebra-lemma-smooth-field-change-local,algebra.tex,37747,lemma,section-smooth,DD0B2B629E07FDB399261DB62CF88D2211BABD8B338B5A6CA47511CDEEF72AD3,lexical_candidate_only
ega-topic-smooth,72,185,label;section;text,00TA,algebra-lemma-smooth-syntomic,algebra.tex,37438,lemma,section-smooth,028A01FDCABF6BFBBBF854E1F4B8CC6F04B1BFFCC3798375B4508A4B3C6ACF81,lexical_candidate_only
ega-topic-smooth,73,185,label;section;text,031J,algebra-proposition-characterize-formally-smooth,algebra.tex,37986,proposition,section-formally-smooth,A631A77DE2C2209FDB824A2EFBD717C50AD5AD881A17D302F55C2DBC057DEFE8,lexical_candidate_only
ega-topic-smooth,74,185,label;section;text,00TM,algebra-remark-lemma-characterize-formally-smooth,algebra.tex,37905,remark,section-formally-smooth,2BCBACD09DC89F0BF22671B8492F6CF3EC1771978DC7A47058553BE95F36CA40,lexical_candidate_only
ega-topic-smooth,75,185,label;section;text,00T1,algebra-section-smooth,algebra.tex,37056,section,section-smooth,A9A2591EE12A0BC29EE68F83C35C17CA610EB6155955A478CCA9A1BF2EABC859,lexical_candidate_only
ega-topic-smooth,76,185,label;section;text,05D4,algebra-section-smooth-differential,algebra.tex,38341,section,section-smooth-differential,8CA2C4AD0CF3AFFEE81776098A2F972808949B3E5AB3B2B0D5188139E42D4D03,lexical_candidate_only
ega-topic-smooth,77,185,label;section;text,00TZ,algebra-section-smooth-overview,algebra.tex,39149,section,section-smooth-overview,F5B9DECC3BFFA6BA65B956566E39410EC6FA61248DD0D86913E7D52CCAA8421B,lexical_candidate_only
ega-topic-smooth,78,185,label;section;text,04TJ,algebraic-section-smooth-groupoid-gives-algebraic-stack,algebraic.tex,2347,section,section-smooth-groupoid-gives-algebraic-stack,9F9ED68E619F8F993615F83A01ECD1F34A24C53C5DC4B3E12604D086970FA3E7,lexical_candidate_only
ega-topic-smooth,79,185,label;section;text,06D3,criteria-lemma-representable-by-spaces-formally-smooth,criteria.tex,760,lemma,section-formally-smooth,A4F81B04A9202E8ED837BD7392B76B2A74752853C9896CCBE5E865F0B2159F3F,lexical_candidate_only
ega-topic-smooth,80,185,label;section;text,034F,descent-lemma-normal-local-smooth,descent.tex,4974,lemma,section-descending-properties-smooth,8D25698BDFEEB44FC79465AFACF2C609B67B3798177BA6830EC6AE88A027C7AB,lexical_candidate_only
ega-topic-unramified,1,193,label;section;text,00UV,algebra-lemma-unramified,algebra.tex,41424,lemma,section-unramified,84FA2E07E8BE1477B6277F9AFE4A6E2541D351A95DE4AA50964B8FB52F6C772F,lexical_candidate_only
ega-topic-unramified,2,189,label;section;text,00UU,algebra-lemma-formally-unramified-unramified,algebra.tex,41405,lemma,section-unramified,EA5E7A1E71847A1733F2A4FB2963D4E9BEFB0B7C99DDCBF81039F25675674B2A,lexical_candidate_only
ega-topic-unramified,3,189,label;section;text,02HE,more-morphisms-lemma-unramified-formally-unramified,more-morphisms.tex,975,lemma,section-formally-unramified,B9AA928BD37351C82F3BA177856272C376DAEFD6185DED07FBBC02D4E6F23BEB,lexical_candidate_only
ega-topic-unramified,4,187,label;section;text,00UT,algebra-definition-unramified,algebra.tex,41385,definition,section-unramified,668560BCA183049B3C9E0E4F7ABF3FFD0BFF5F5CAFB4519487DEE17FAAA0358E,lexical_candidate_only
ega-topic-unramified,5,187,label;section;text,00US,algebra-section-unramified,algebra.tex,41378,section,section-unramified,CF59C8ADB8F7850BFFB42F7838EF2B4D7A1E896722FA3777CC81B68DB1EAC2CB,lexical_candidate_only
ega-topic-unramified,6,187,label;section;text,039J,etale-lemma-unramified-definition,etale.tex,224,lemma,section-unramified-definition,2F26DDD13E6626141E4EC90B4D58283C70D4C803F1143A376970DE77CE07EAF8,lexical_candidate_only
ega-topic-unramified,7,187,label;section;text,02G6,morphisms-lemma-unramified-characterize,morphisms.tex,7669,lemma,section-unramified,E982B8C3BC45C174A65824251A5D6F8933ABEABED52316A5A3ACF36BD758BC56,lexical_candidate_only
ega-topic-unramified,8,187,label;section;text,02GG,morphisms-lemma-unramified-permanence,morphisms.tex,7980,lemma,section-unramified,E26ACC45BF7E1C7E3C6DD1F8E296761A07EE8699127F8B953E5F1769E413BC41,lexical_candidate_only
ega-topic-unramified,9,187,label;section;text,04GA,spaces-more-morphisms-lemma-unramified-formally-unramified,spaces-more-morphisms.tex,2829,lemma,section-formally-unramified,DAC73BF4CB091396EA6DEE426E5E0A5E02EC6A1026171A5DA2514675A83D9827,lexical_candidate_only
ega-topic-unramified,10,187,label;section;text,04G1,spaces-morphisms-lemma-unramified-G-unramified,spaces-morphisms.tex,7386,lemma,section-unramified,86963BBFF381615DB88D21AEB1E455AB812D0C6091A33CA5A8F4AE66D08C384D,lexical_candidate_only
ega-topic-unramified,11,186,label;section;text,04E8,algebra-lemma-formally-unramified-local,algebra.tex,40849,lemma,section-formally-unramified,E5A57BCCB4333767C37DD7AF4366C02777B46A9C48469D7183FCEADA4651E194,lexical_candidate_only
ega-topic-unramified,12,186,label;section;text,04E9,algebra-lemma-formally-unramified-localize,algebra.tex,40874,lemma,section-formally-unramified,999F5C7463C8B8BCD2DE1432E224AAF1D064AB0ED40E546AA70D854CF97DC71B,lexical_candidate_only
ega-topic-unramified,13,186,label;section;text,024N,etale-definition-unramified-schemes,etale.tex,203,definition,section-unramified-definition,335F8E36A5F78944D0180B7458345C336918DE6B7FFA26A96B36BDE6A50A145E,lexical_candidate_only
ega-topic-unramified,14,186,label;section;text,039G,etale-lemma-characterize-unramified-Noetherian,etale.tex,110,lemma,section-unramified-definition,9A3F2E29509229C0A83DDF676C39264E3204105BB4D1110FAF4EB946044A5AB6,lexical_candidate_only
ega-topic-unramified,15,186,label;section;text,039I,etale-lemma-characterize-unramified-completions,etale.tex,166,lemma,section-unramified-definition,64C79D12C84B75660BBC5A7DF14DAC17313DE210B49271B56C6D15C4DC8E0E89,lexical_candidate_only
ega-topic-unramified,16,186,label;section;text,05VH,etale-lemma-universally-injective-unramified,etale.tex,618,lemma,section-universally-injective-unramified,E466A25F24A8D5D0AF9156818CD62949703E75B577511275088F962F4E5F7BE9,lexical_candidate_only
ega-topic-unramified,17,186,label;section;text,039H,etale-lemma-unramified-completions,etale.tex,133,lemma,section-unramified-definition,C89D097E49E93CCE4AFAE5FB57E6A4FACB6871C3F993953B3D5FC1315F37613E,lexical_candidate_only
ega-topic-unramified,18,186,label;section;text,024L,etale-section-unramified-definition,etale.tex,63,section,section-unramified-definition,753378ADB8B38B5B9C4B6834021CE198EFA5DDE1A82AF24C2430430CF6FDD53B,lexical_candidate_only
ega-topic-unramified,19,186,label;section;text,0G64,examples-section-flat-formally-unramified-not-formally-etale,examples.tex,3201,section,section-flat-formally-unramified-not-formally-etale,FE77496F2F9B30AB82C84394041CEF7442759364A7947344CFF871413FBDEEB4,lexical_candidate_only
ega-topic-unramified,20,186,label;section;text,02AT,exercises-section-differentials,exercises.tex,4963,section,section-differentials,9313154C7CD5BEAEDA57217D816AF059D497FFC59A452A37D6A11BABB520D3FE,lexical_candidate_only
ega-topic-unramified,21,186,label;section;text,02H9,more-morphisms-lemma-formally-unramified-differentials,more-morphisms.tex,898,lemma,section-formally-unramified,81C9CA1C371A6882BA5253A1BCFFC60F71BE4D7093780F4DC9E2583D09278B86,lexical_candidate_only
ega-topic-unramified,22,186,label;section;text,02H7,more-morphisms-section-formally-unramified,more-morphisms.tex,781,section,section-formally-unramified,EF14CBFE756A3A6C2FB4850B0F094B78B8D43ED189F824F6564A27641A5612B4,lexical_candidate_only
ega-topic-unramified,23,186,label;section;text,01UQ,morphisms-definition-sheaf-differentials,morphisms.tex,6348,definition,section-sheaf-differentials,BCD212DB69F4947AD33068031D721876853B8BB567C22DFF3A7D240BEBA47D64,lexical_candidate_only
ega-topic-unramified,24,186,label;section;text,02G4,morphisms-definition-unramified,morphisms.tex,7616,definition,section-unramified,13AB779AF3781CA005D11B1E855A02579C1855E818E191E7E33C68259BF3706F,lexical_candidate_only
ega-topic-unramified,25,186,label;section;text,02GA,morphisms-lemma-base-change-unramified,morphisms.tex,7718,lemma,section-unramified,DB6BDBD5B4EF6C14F30360DF649F6159392870AC1668F6CABDA559835113097F,lexical_candidate_only
ega-topic-unramified,26,186,label;section;text,02G9,morphisms-lemma-composition-unramified,morphisms.tex,7701,lemma,section-unramified,2C50F63B401894742CDF1DC3EED987D0BAA9E697A162F4EFB6450D12E56A6B47,lexical_candidate_only
ega-topic-unramified,27,186,label;section;text,02GE,morphisms-lemma-diagonal-unramified-morphism,morphisms.tex,7853,lemma,section-unramified,7F540B6D78FA55515D87A64552B5AB2FDE321CB43BEB4D255A5B60A57D9E123A,lexical_candidate_only
ega-topic-unramified,28,186,label;section;text,02GF,morphisms-lemma-unramified-at-point,morphisms.tex,7875,lemma,section-unramified,5A47DB1A60F402AA3A6CC9636F026D605C04FCE8691BC7FEFC6838C9DD63E1F5,lexical_candidate_only
ega-topic-unramified,29,186,label;section;text,02G7,morphisms-lemma-unramified-over-field,morphisms.tex,7790,lemma,section-unramified,06783FA80DC72F77F02D80F6C5BE98330D42508D49803CC852AD26B3D8167EE0,lexical_candidate_only
ega-topic-unramified,30,186,label;section;text,02G3,morphisms-section-unramified,morphisms.tex,7604,section,section-unramified,0B0161D2B8C83B715FC7597F74B4DB1DD145C5C9456A734665E81054A834EA01,lexical_candidate_only
ega-topic-unramified,31,186,label;section;text,04G7,spaces-more-morphisms-definition-formally-unramified,spaces-more-morphisms.tex,2708,definition,section-formally-unramified,F8A00D421B9A89DA06EEA17EB0D4DAF71B0BBA0258470A17BC09DACFA359B594,lexical_candidate_only
ega-topic-unramified,32,186,label;section;text,04CT,spaces-more-morphisms-definition-sheaf-differentials,spaces-more-morphisms.tex,949,definition,section-sheaf-differentials,9FDA683BCFA08AD48577C257A8D43CC8BF920F88E4C75FC97FA65E598AD7BA3B,lexical_candidate_only
ega-topic-unramified,33,186,label;section;text,03ZH,spaces-morphisms-definition-unramified,spaces-morphisms.tex,7360,definition,section-unramified,BFABB9BFA0EF89DCD8B57654D75A61433C44C2FCF2A6AA0ECB8CEF4F06DA5B95,lexical_candidate_only
ega-topic-unramified,34,186,label;section;text,03ZK,spaces-morphisms-lemma-unramified-local,spaces-morphisms.tex,7423,lemma,section-unramified,09A2D5ECE52A0CA20E6D81C08B93BDE12B3A612D6DBEEA67ECD98E99C154D933,lexical_candidate_only
ega-topic-unramified,35,186,label;section;text,03ZG,spaces-morphisms-section-unramified,spaces-morphisms.tex,7342,section,section-unramified,632FFE509C818AC44F807CBE831B64F5C49069D4474707966522966634C979C6,lexical_candidate_only
ega-topic-unramified,36,185,label;section;text,07BK,algebra-definition-differentials,algebra.tex,33849,definition,section-differentials,272A015F3421332872CE2025A300116FCD181CBD7DBCCB8B7176B7D7A920BCC1,lexical_candidate_only
ega-topic-unramified,37,185,label;section;text,0H91,algebra-lemma-base-change-formally-unramified,algebra.tex,40793,lemma,section-formally-unramified,C55BF094996770ACEE18F95084707F4CD2B3FCDC31DDCC778ABE228C2C7CC740,lexical_candidate_only
ega-topic-unramified,38,185,label;section;text,00UO,algebra-lemma-characterize-formally-unramified,algebra.tex,40814,lemma,section-formally-unramified,1520F352669076B0F1CD7A3B6BCD40481EE57913BAEC08F06477D6AEF26E42F3,lexical_candidate_only
ega-topic-unramified,39,185,label;section;text,07QE,algebra-lemma-colimit-formally-unramified,algebra.tex,40894,lemma,section-formally-unramified,C282A1F09E130CA9D654CCAFED69409379DE2C5702D0032AF1ADB18FAE5A6709,lexical_candidate_only
ega-topic-unramified,40,185,label;section;text,08WD,algebra-lemma-etale-flat-unramified-finite-presentation,algebra.tex,41644,lemma,section-unramified,71FEA3F6899766FC2A675FE5B0A9E68EFC3D5992C9A84D09C95111C80BE120C5,lexical_candidate_only
ega-topic-unramified,41,185,label;section;text,00UY,algebra-lemma-etale-makes-unramified-closed,algebra.tex,42002,lemma,section-local-structure-unramified,5500E5BD906993317F0D151027B35351DEDDA5D90607AE62D98107E64EF0720E,lexical_candidate_only
ega-topic-unramified,42,185,label;section;text,02UR,algebra-lemma-unramified-quasi-finite,algebra.tex,41599,lemma,section-unramified,50A1894D848142CD9E1B7F7ECF4ED3771FA8B20D0D30F508B9920C91D827C1FF,lexical_candidate_only
ega-topic-unramified,43,185,label;section;text,00RM,algebra-section-differentials,algebra.tex,33789,section,section-differentials,CF7329A940FBC04C38EE79F3204380730F62EB93C7D54C2BF09C89F5C121A86A,lexical_candidate_only
ega-topic-unramified,44,185,label;section;text,00UM,algebra-section-formally-unramified,algebra.tex,40770,section,section-formally-unramified,BFA27EFC2F916EE21FFE9C4F8BEBDAF8B601AE7783357F189CC1CF4ACE91CA88,lexical_candidate_only
ega-topic-unramified,45,185,label;section;text,0G1D,algebra-section-local-structure-unramified,algebra.tex,41713,section,section-local-structure-unramified,3EC964A3DEF00DFE640BD10AB64C003A9590EBA1051ABE7E69E87AD31AAA1C91,lexical_candidate_only
ega-topic-unramified,46,185,label;section;text,07HQ,crystalline-section-differentials,crystalline.tex,904,section,section-differentials,6973EB5E3CCB807E71952D56C790CD87DB53673BFA2AF888AAA34B4D284FC1D2,lexical_candidate_only
ega-topic-unramified,47,185,label;section;text,024S,etale-section-topological-unramified,etale.tex,459,section,section-topological-unramified,675ED3D97F705E331EAF7BD5A9EEEEBB9FD7EF359A5139A77E7F65495C408CD2,lexical_candidate_only
ega-topic-unramified,48,185,label;section;text,024R,etale-theorem-formally-unramified,etale.tex,402,theorem,section-functorial-unramified,C44936E886F9B2B3FDF8733C15A79AABC8F432911C786E4273A0B164DF1C10FD,lexical_candidate_only
ega-topic-unramified,49,185,label;section;text,024P,etale-theorem-unramified-equivalence,etale.tex,277,theorem,section-three-other,0B44B650E6C94137836C3BD273445311E24C52AEB6D14E8C52B973DC10E70335,lexical_candidate_only
ega-topic-unramified,50,185,label;section;text,08RL,modules-section-differentials,modules.tex,4710,section,section-differentials,8CA36C11F9BD4E122CE3A0B33F669DC51FEE1F935ABD7B7F52A7BA28D638F81A,lexical_candidate_only
ega-topic-unramified,51,185,label;section;text,04R8,more-groupoids-section-differentials,more-groupoids.tex,110,section,section-differentials,38E2B1883DAB6BAB55C8AA0AD728BF7DBC9363783EB5B5C58F4ED406B1BB3E2B,lexical_candidate_only
ega-topic-unramified,52,185,label;section;text,02HD,more-morphisms-lemma-affine-formally-unramified,more-morphisms.tex,877,lemma,section-formally-unramified,593690D48D1B407E44A438ADB9E86D735ECDB63A6DCB7D7F2A32D70D349B4B82,lexical_candidate_only
ega-topic-unramified,53,185,label;section;text,02HB,more-morphisms-lemma-base-change-formally-unramified,more-morphisms.tex,847,lemma,section-formally-unramified,76E17CCDF8FF5749902DBD62AF35A15098F8D7C3142A58A0752C515867378AF7,lexical_candidate_only
ega-topic-unramified,54,185,label;section;text,02HA,more-morphisms-lemma-composition-formally-unramified,more-morphisms.tex,838,lemma,section-formally-unramified,072F5893923288A829423AB132265BCEB5DC4FAB09E9E408254490473FAA643F,lexical_candidate_only
ega-topic-unramified,55,185,label;section;text,0HAL,more-morphisms-lemma-formally-unramified,more-morphisms.tex,944,lemma,section-formally-unramified,4D54E19DD3223916D3A6CEBC98A5E16BFC886C5A05A546A0446FE1EA19A9CE32,lexical_candidate_only
ega-topic-unramified,56,185,label;section;text,04F1,more-morphisms-lemma-formally-unramified-not-affine,more-morphisms.tex,816,lemma,section-formally-unramified,D6589B5EA37BDDA284BC9E4D425C1DE6B83404322AB3BBC49439CE84315D7142,lexical_candidate_only
ega-topic-unramified,57,185,label;section;text,0GS7,more-morphisms-section-unramified-is-etale,more-morphisms.tex,10460,section,section-unramified-is-etale,40780029D02FB674896052B797F51F4A51079A00149F787B52C06833BB03A632,lexical_candidate_only
ega-topic-unramified,58,185,label;section;text,02GC,morphisms-lemma-closed-immersion-unramified,morphisms.tex,7755,lemma,section-unramified,1292B0ADB825B1FF452C789ABF760B4B45F325B5B5C9B71D9DCC3937644C6150,lexical_candidate_only
ega-topic-unramified,59,185,label;section;text,04EV,morphisms-lemma-noetherian-unramified,morphisms.tex,7734,lemma,section-unramified,C2C4BCAB47FC0DA71824A6FA59CF943AD0C2717679575BA5FC59F1312CD6223E,lexical_candidate_only
ega-topic-unramified,60,185,label;section;text,0475,morphisms-lemma-set-points-where-fibres-unramified,morphisms.tex,7938,lemma,section-unramified,844D8FE297678202FEDE98A75A8AB63FA6DEC39C23A35BB067FC655330471EAF,lexical_candidate_only
ega-topic-unramified,61,185,label;section;text,02GD,morphisms-lemma-unramified-locally-finite-type,morphisms.tex,7768,lemma,section-unramified,B97E6CDC1F1F038DC6272A6B1E917293D4637DB32F9699B256B38D254A8EB922,lexical_candidate_only
ega-topic-unramified,62,185,label;section;text,02G5,morphisms-lemma-unramified-omega-zero,morphisms.tex,7646,lemma,section-unramified,AB669DE88CF79634EA6A13B17FC40DC3BEF1644AAB820399DE61AF646A30EE30,lexical_candidate_only
ega-topic-unramified,63,185,label;section;text,02V5,morphisms-lemma-unramified-quasi-finite,morphisms.tex,7779,lemma,section-unramified,10BF5F079CFA6C4CA8B4A6C4B6135A1EB0D7B745E5347E73E6A21A9BDD8974D5,lexical_candidate_only
ega-topic-unramified,64,185,label;section;text,01UM,morphisms-section-sheaf-differentials,morphisms.tex,6338,section,section-sheaf-differentials,34700EFB72A10C64B0BD265A01EA34AA58145D2190B99242D02ADC857C381D82,lexical_candidate_only
ega-topic-unramified,65,185,label;section;text,04BQ,sites-modules-definition-sheaf-differentials,sites-modules.tex,6239,definition,section-differentials,F8E1F71FCF982C0CDEB6AD67773D5172FD5FF8B9834988D20A197D4371318F42,lexical_candidate_only
ega-topic-unramified,66,185,label;section;text,04BJ,sites-modules-section-differentials,sites-modules.tex,5904,section,section-differentials,E06AC4721BB6B2BBB221434BA16C2B743BC18E25CAA687766370C5B53CB2942D,lexical_candidate_only
ega-topic-unramified,67,185,label;section;text,0600,spaces-more-morphisms-lemma-base-change-formally-unramified,spaces-more-morphisms.tex,2801,lemma,section-formally-unramified,76E17CCDF8FF5749902DBD62AF35A15098F8D7C3142A58A0752C515867378AF7,lexical_candidate_only
ega-topic-unramified,68,185,label;section;text,049T,spaces-more-morphisms-lemma-composition-formally-smooth-etale-unramified,spaces-more-morphisms.tex,2486,lemma,section-formally-smooth-etale-unramified,E6331550922DC1C8561A1BDFB1E410F888A43515E73FB1C4BF5DB4AF520A5E35,lexical_candidate_only
ega-topic-unramified,69,185,label;section;text,05ZZ,spaces-more-morphisms-lemma-composition-formally-unramified,spaces-more-morphisms.tex,2792,lemma,section-formally-unramified,072F5893923288A829423AB132265BCEB5DC4FAB09E9E408254490473FAA643F,lexical_candidate_only
ega-topic-unramified,70,185,label;section;text,04G8,spaces-more-morphisms-lemma-formally-unramified,spaces-more-morphisms.tex,2724,lemma,section-formally-unramified,633E6D20CC7D62959C27E4029573F85BDA22C8E65B3DCA192288AB9C369CC4DE,lexical_candidate_only
ega-topic-unramified,71,185,label;section;text,05W6,spaces-more-morphisms-lemma-universally-injective-unramified,spaces-more-morphisms.tex,2867,lemma,section-formally-unramified,E7B2B178B6976B2E5501054DFDE6B94E2AEE802C99CFF332A2BD592015F4977D,lexical_candidate_only
ega-topic-unramified,72,185,label;section;text,04G3,spaces-more-morphisms-section-formally-smooth-etale-unramified,spaces-more-morphisms.tex,2420,section,section-formally-smooth-etale-unramified,18C04B2BC290FCEBAB6442C08A8454A058AD555CF7632473EAEC09077EA9A987,lexical_candidate_only
ega-topic-unramified,73,185,label;section;text,04G6,spaces-more-morphisms-section-formally-unramified,spaces-more-morphisms.tex,2701,section,section-formally-unramified,4FFFD4AFD2BB3E43962DA611A4E4D7084C9CEFAF8A6B25FFB19D9E197F6EE60E,lexical_candidate_only
ega-topic-unramified,74,185,label;section;text,04CR,spaces-more-morphisms-section-sheaf-differentials,spaces-more-morphisms.tex,839,section,section-sheaf-differentials,34700EFB72A10C64B0BD265A01EA34AA58145D2190B99242D02ADC857C381D82,lexical_candidate_only
ega-topic-unramified,75,185,label;section;text,03ZJ,spaces-morphisms-lemma-base-change-unramified,spaces-morphisms.tex,7413,lemma,section-unramified,2F1FF738B7C5FB32CF2C3295449360925E348D43F209E28A22B3988B1EC4591D,lexical_candidate_only
ega-topic-unramified,76,185,label;section;text,03ZI,spaces-morphisms-lemma-composition-unramified,spaces-morphisms.tex,7403,lemma,section-unramified,A9CFD7984A04D11C40242CFCACDD402E7985F305975F0EAC636A9CED6A6E996C,lexical_candidate_only
ega-topic-unramified,77,185,label;section;text,05W1,spaces-morphisms-lemma-diagonal-unramified-morphism,spaces-morphisms.tex,7508,lemma,section-unramified,9EBE1ECE2BB30FA6D2D86E3147823F46540B71C9F7424FAC8BFD695F02880093,lexical_candidate_only
ega-topic-unramified,78,185,label;section;text,06G6,spaces-morphisms-lemma-permanence-unramified,spaces-morphisms.tex,7637,lemma,section-unramified,D6B163D3610D83901E022B3C4692DEBB28BEEFE88A7F4535A2F8ADC894DA2F54,lexical_candidate_only
ega-topic-unramified,79,185,label;section;text,05W0,spaces-morphisms-lemma-unramified-quasi-finite,spaces-morphisms.tex,7481,lemma,section-unramified,20130AEC8587541EF04418814D6CD1D7B97EA4ED37610932FEF06BCDF1C26862,lexical_candidate_only
ega-topic-unramified,80,185,label;section;text,0CIT,stacks-morphisms-definition-unramified,stacks-morphisms.tex,8060,definition,section-unramified,35E8F7D45453877868889FB16ADEFCEA4071D3DA13AE505B97E02F3FA62F01AC,lexical_candidate_only
ega-topic-etale,1,237,label;chapter;section;text,04HK,etale-section-etale-local-etale,etale.tex,1785,section,section-etale-local-etale,CE783360F862DE4C08929EB606601751E9A4D510574F6AD3FE7D721F96CC001F,lexical_candidate_only
ega-topic-etale,2,235,label;chapter;section;text,03PA,etale-cohomology-section-etale-morphism,etale-cohomology.tex,2547,section,section-etale-morphism,B814A5503D5ABE012C8C4AA4E5EC218B830497627FD4644492981961583B50FA,lexical_candidate_only
ega-topic-etale,3,235,label;chapter;section;text,04HL,etale-lemma-etale-etale-local,etale.tex,1794,lemma,section-etale-local-etale,E0F4B97CAD492E07710A387B3EDD41713B005D90A5B0C6E3B4C6F873CF916642,lexical_candidate_only
ega-topic-etale,4,235,label;chapter;section;text,04HM,etale-lemma-etale-etale-local-technical,etale.tex,1820,lemma,section-etale-local-etale,48BDA21F6771A9BCABF6D3DB9941744C6F8A7254B2747BC07194503E73124341,lexical_candidate_only
ega-topic-etale,5,235,label;chapter;section;text,04HN,etale-lemma-finite-etale-etale-local,etale.tex,1856,lemma,section-etale-local-etale,44194AE23C692F2AEF955A8CE9006A6824E886C384C7A0166FF3492A34E6C6F4,lexical_candidate_only
ega-topic-etale,6,235,label;chapter;section;text,098C,proetale-lemma-proetale,proetale.tex,2190,lemma,section-proetale,B8CD015FDED62BF3ECE5EC408FFE5DCE9B73020096F12C27937F43ED3258A981,lexical_candidate_only
ega-topic-etale,7,234,label;chapter;section;text,039N,etale-lemma-etale-definition,etale.tex,1166,lemma,section-etale-morphisms,2F7B1FCE04F3749F0AE430F09626A33CD860ABEDA482FC336238419B05B55922,lexical_candidate_only
ega-topic-etale,8,234,label;chapter;section;text,098B,proetale-lemma-etale-proetale,proetale.tex,2176,lemma,section-proetale,26FB1E1C67E30484A54EBC6BA404E70D0FD4AADA5C12FFCE442A71D62932518B,lexical_candidate_only
ega-topic-etale,9,234,label;chapter;section;text,097P,proetale-lemma-lift-ind-etale,proetale.tex,1221,lemma,section-ind-etale,19BD3460CA96FEF1FF5E0EC04FCFCCFE18EAB04F5C801290D120B56E447F3886,lexical_candidate_only
ega-topic-etale,10,234,label;chapter;section;text,097Z,proetale-proposition-weakly-etale,proetale.tex,1585,proposition,section-weakly-etale,FFC50F5A3C8A42ED62ED6B6141F1B5CF68978A0AE1B6DCA1897E7FA26AEEF173,lexical_candidate_only
ega-topic-etale,11,234,label;chapter;section;text,097Y,proetale-section-weakly-etale,proetale.tex,1571,section,section-weakly-etale,87C7C256E3CA695D26823EF0FEFD87D96CCF1CA6CF7D3055FA920F0DA4EF56BC,lexical_candidate_only
ega-topic-etale,12,233,label;chapter;section;text,03PI,etale-cohomology-definition-big-etale-site,etale-cohomology.tex,2761,definition,section-etale-covering,859B635D18A24B25BB292FF8030689760B7ECF5F3833391115F789F1207183BC,lexical_candidate_only
ega-topic-etale,13,233,label;chapter;section;text,04HQ,etale-cohomology-definition-etale-topos,etale-cohomology.tex,2096,definition,section-etale-topos,D4A49C80FA07C7C8F276DC9C7560D637DAC610913894DEBE4FB2CEC8D022C2E9,lexical_candidate_only
ega-topic-etale,14,233,label;chapter;section;text,03P9,etale-cohomology-section-etale-site,etale-cohomology.tex,2535,section,section-etale-site,0A62C4FAA82CED97CADA3DDC2E63559D97085B3E3B2B6A01A69F22665BED8DCB,lexical_candidate_only
ega-topic-etale,15,233,label;chapter;section;text,0259,etale-definition-etale-schemes-1,etale.tex,1147,definition,section-etale-morphisms,727FAABF84766AB95D54EA818689FB357021D47FB879D66E92A841CF425E109D,lexical_candidate_only
ega-topic-etale,16,233,label;chapter;section;text,039M,etale-lemma-characterize-etale-completions,etale.tex,1110,lemma,section-etale-morphisms,F16FE3A572BDFB225BE667C9DD8D9649D25F31F88DD4BCC217A40B8E12903E28,lexical_candidate_only
ega-topic-etale,17,233,label;chapter;section;text,04HG,etale-section-unramified-etale-local,etale.tex,1667,section,section-unramified-etale-local,F85010214A4A67BAA632A8C70F6210C194E07848F17F0A76C66F3E90CB5E6426,lexical_candidate_only
ega-topic-etale,18,233,label;chapter;section;text,098K,proetale-definition-big-small-proetale,proetale.tex,2280,definition,section-proetale,A6C2E06331E56F149C419B7BE7E422E110CFF8824DD37323A7FA38D7EAC3B8E7,lexical_candidate_only
ega-topic-etale,19,233,label;chapter;section;text,0GLZ,proetale-lemma-describe-pullback-from-etale,proetale.tex,3760,lemma,section-comparison,88845009AB0C26C2E562F2992095DB6678F0E7563445528D6BCE9C5C1378FFA8,lexical_candidate_only
ega-topic-etale,20,233,label;chapter;section;text,097N,proetale-lemma-ind-etale-implies,proetale.tex,1210,lemma,section-ind-etale,A5D133F23517E5209D1011497297CD416F1097BFFB6B7B4870A9503372B6918F,lexical_candidate_only
ega-topic-etale,21,233,label;chapter;section;text,098A,proetale-lemma-recognize-proetale-covering,proetale.tex,2143,lemma,section-proetale,95E75912032920E9A260164466F0BE9C88FFE4DEBFF3A3B6B8B1124C70C87D81,lexical_candidate_only
ega-topic-etale,22,232,label;chapter;section;text,03PG,etale-cohomology-definition-etale-covering,etale-cohomology.tex,2723,definition,section-etale-covering,823F1D2492E7998369A967480CFC691B1F8A1C40417940AD67CCD7FB6E64AA2A,lexical_candidate_only
ega-topic-etale,23,232,label;chapter;section;text,03N5,etale-cohomology-definition-etale-covering-initial,etale-cohomology.tex,150,definition,section-etale-topology,9E5CB56146F93BB0BFD4F189A9C953C1260A99C4C45C78A2389B976E66D43404,lexical_candidate_only
ega-topic-etale,24,232,label;chapter;section;text,04E0,etale-cohomology-equation-affine-etale,etale-cohomology.tex,6457,equation,section-topological-invariance,2C3C2A782F8E1C83E3A9E7B17A3C763A018FD602214BC49347B6450DECAE342B,lexical_candidate_only
ega-topic-etale,25,232,label;chapter;section;text,0BU0,etale-cohomology-equation-descent-etale,etale-cohomology.tex,6316,equation,section-topological-invariance,06B2EDBC32E1F32DB27DE34B01E3CFECA448DBAB080C8858F0EFF2E979F0C0AA,lexical_candidate_only
ega-topic-etale,26,232,label;chapter;section;text,0BTZ,etale-cohomology-equation-descent-etale-forget,etale-cohomology.tex,6305,equation,section-topological-invariance,07D9915373C51A99E484B22AF768A1F3F1D023C40C375A77073E93B3880A8DDC,lexical_candidate_only
ega-topic-etale,27,232,label;chapter;section;text,0958,etale-cohomology-lemma-etale-topos-independent-partial-universe,etale-cohomology.tex,2128,lemma,section-etale-topos,3461EDD4C786C578C744D84DD890753B11499DA4F5BEB2841D5C7E59C4FEED8E,lexical_candidate_only
ega-topic-etale,28,232,label;chapter;section;text,0GF1,etale-cohomology-lemma-glue-etale-sheaf-check-after-base-change,etale-cohomology.tex,23068,lemma,section-glueing-etale,F262A8C2D46640982F80AD79D661E1FE2743698723AB2BC9DB4F1F340AFCDEF2,lexical_candidate_only
ega-topic-etale,29,232,label;chapter;section;text,03PC,etale-cohomology-proposition-etale-morphisms,etale-cohomology.tex,2592,proposition,section-etale-morphism,199576893B85DD313F5D03BFF3B032CD34FB605B52A165FFB0C5A55C6A3EB367,lexical_candidate_only
ega-topic-etale,30,232,label;chapter;section;text,03Q3,etale-cohomology-section-etale-cohomology,etale-cohomology.tex,7168,section,section-etale-cohomology,73FEAA798BAA5B9C4220DD3F4E58734334D139740E8D7DAD5275DE1AF4491141,lexical_candidate_only
ega-topic-etale,31,232,label;chapter;section;text,03PF,etale-cohomology-section-etale-covering,etale-cohomology.tex,2717,section,section-etale-covering,54A40996176DA9AEC4B2DBFB6FA3A2AB8F3C937A436E3D2B1471DCB53A32EB78,lexical_candidate_only
ega-topic-etale,32,232,label;chapter;section;text,0DEV,etale-cohomology-section-fppf-etale-modules,etale-cohomology.tex,21883,section,section-fppf-etale-modules,184AEAAE48B182B4A59F65BD07C3AD3531245450EA51D9F13BF7C25EBA2011EE,lexical_candidate_only
ega-topic-etale,33,232,label;chapter;section;text,0GEX,etale-cohomology-section-glueing-etale,etale-cohomology.tex,22839,section,section-glueing-etale,E4BE1805C1667EDF52973C045C23014226A0D446DFB9882C666530916AAD1CAF,lexical_candidate_only
ega-topic-etale,34,232,label;chapter;section;text,03PE,etale-cohomology-theorem-standard-etale,etale-cohomology.tex,2701,theorem,section-etale-morphism,E6F4B08E3591DFF263EB43A1C2CC54BC6A9B7B79A393D97D45B000786E1FDC06,lexical_candidate_only
ega-topic-etale,35,232,label;chapter;section;text,0BTI,etale-equation-descent-etale,etale.tex,2035,equation,section-descending-etale,03E52B812F7268695DEB7BCC55EA6D46C8CF91560E9D45C5980DE16032C1535F,lexical_candidate_only
ega-topic-etale,36,232,label;chapter;section;text,039L,etale-lemma-characterize-etale-Noetherian,etale.tex,1094,lemma,section-etale-morphisms,6DFF6153BD560A487AC121E384D377B9C2CE84392F8F3968CB90EB7726E60EC1,lexical_candidate_only
ega-topic-etale,37,232,label;chapter;section;text,0257,etale-section-etale-morphisms,etale.tex,1014,section,section-etale-morphisms,EED041BA3B30EBAAF7A913892AB2704231A3F0381469C65B817CEDE61C67F968,lexical_candidate_only
ega-topic-etale,38,232,label;chapter;section;text,039P,etale-section-etale-smooth,etale.tex,1325,section,section-etale-smooth,AE805D9C32C4A36167140A3F52CABD3438B293E5146DE65514FD35575B21F30B,lexical_candidate_only
ega-topic-etale,39,232,label;chapter;section;text,025F,etale-section-topological-etale,etale.tex,1361,section,section-topological-etale,4070172CFDAE83ACEEEA227570B61065658423009C3920BABE1E1B613D2E8289,lexical_candidate_only
ega-topic-etale,40,232,label;chapter;section;text,098G,proetale-definition-big-proetale-site,proetale.tex,2248,definition,section-proetale,91482E4FA42193A80F7099EB52A06B9C91E98588F937A51E6C8D3AABC2BAEE44,lexical_candidate_only
ega-topic-etale,41,232,label;chapter;section;text,097I,proetale-definition-ind-etale,proetale.tex,1160,definition,section-ind-etale,185FF628786206E658BA0BB068615C902DD9EBA64B2728B3DCAE6B1C5F6C856A,lexical_candidate_only
ega-topic-etale,42,232,label;chapter;section;text,098R,proetale-definition-restriction-small-proetale,proetale.tex,2483,definition,section-proetale,3675AA6EB6DF26462A5B33C9F14C8D3A87204508CFEC1A44BFCB710C2B6826E2,lexical_candidate_only
ega-topic-etale,43,232,label;chapter;section;text,098E,proetale-definition-standard-proetale,proetale.tex,2233,definition,section-proetale,DA78DEB04C8E532D66AF91F69122410240A33ECBE4CDB24CC6137400276F89E9,lexical_candidate_only
ega-topic-etale,44,232,label;chapter;section;text,097J,proetale-lemma-base-change-ind-etale,proetale.tex,1170,lemma,section-ind-etale,9C85CF45C5737A5FFBD2E047BF715D3D9A5B836A4FE431F09D4B6AF95B43A690,lexical_candidate_only
ega-topic-etale,45,232,label;chapter;section;text,097K,proetale-lemma-composition-ind-etale,proetale.tex,1181,lemma,section-ind-etale,B23CC7924C046E06F25BE5BA84AAA9423E6B49B20E6CC15B3F1FEA594177ECE1,lexical_candidate_only
ega-topic-etale,46,232,label;chapter;section;text,097M,proetale-lemma-ind-etale-permanence,proetale.tex,1200,lemma,section-ind-etale,B77C189B806071CF096716B356916750A46BB9B7796595AEBCB35730320B655D,lexical_candidate_only
ega-topic-etale,47,232,label;chapter;section;text,097L,proetale-lemma-ind-ind-etale,proetale.tex,1191,lemma,section-ind-etale,6ADD29A8EC4832402BBE48897CF1538E13931FFF13276EAA582DB718453B3A3C,lexical_candidate_only
ega-topic-etale,48,232,label;chapter;section;text,098D,proetale-lemma-proetale-affine,proetale.tex,2216,lemma,section-proetale,478E6AD82D6F6A9EE59A9DDA4A16425186079030A2B492DDA63A2FCD786A5438,lexical_candidate_only
ega-topic-etale,49,232,label;chapter;section;text,097Q,proetale-section-construction-ind-etale,proetale.tex,1310,section,section-construction-ind-etale,6B368BD6C242E3D4F6ED2F9969E7735A3B5477AC7E2251FC026285C7591054D4,lexical_candidate_only
ega-topic-etale,50,232,label;chapter;section;text,097H,proetale-section-ind-etale,proetale.tex,1154,section,section-ind-etale,672976358ADA419DB7D3E8BAFD58C7C0D5363F04ABCEACCD04A3B67D9B0E59AC,lexical_candidate_only
ega-topic-etale,51,232,label;chapter;section;text,0988,proetale-section-proetale,proetale.tex,2096,section,section-proetale,B3F6E473E285018C20147886DE4A290F4C8D6EFB4E8D2922D59E3D1CE8D9AC3B,lexical_candidate_only
ega-topic-etale,52,231,label;chapter;section;text,03PB,etale-cohomology-definition-etale-morphism,etale-cohomology.tex,2583,definition,section-etale-morphism,C1892AD7DF4F15F5F424A47E276F5AAE8FBE4615440572802F58D00973B03794,lexical_candidate_only
ega-topic-etale,53,231,label;chapter;section;text,03PD,etale-cohomology-definition-standard-etale,etale-cohomology.tex,2644,definition,section-etale-morphism,168BB05C6ACFEC7EF42CC11B2056A1F4BAFCA6D3E69F37145F0AF9927137C793,lexical_candidate_only
ega-topic-etale,54,231,label;chapter;section;text,0DEU,etale-cohomology-lemma-descent-sheaf-fppf-etale,etale-cohomology.tex,21546,lemma,section-fppf-etale,4E3EFFF4016B8A3C2A211ECD5925201D8C042DE488D2D22D00272EDDB5364498,lexical_candidate_only
ega-topic-etale,55,231,label;chapter;section;text,03PH,etale-cohomology-lemma-etale-fpqc,etale-cohomology.tex,2734,lemma,section-etale-covering,B182F70D6E4DDF4AEE1B5147FB9F7E01765AEFA98DD7C0F2F462CF2F7FD28F6B,lexical_candidate_only
ega-topic-etale,56,231,label;chapter;section;text,0GF3,etale-cohomology-lemma-glue-etale-sheaf-fppf,etale-cohomology.tex,23146,lemma,section-glueing-etale,FCED701B103CF45555701344D8E9DA55C6C89471F2C77CAB3D2E619D199C114A,lexical_candidate_only
ega-topic-etale,57,231,label;chapter;section;text,0GF2,etale-cohomology-lemma-glue-etale-sheaf-fppf-cover,etale-cohomology.tex,23100,lemma,section-glueing-etale,16BD22E99C7D70022ABD24BEC441E0728A559380397CBA3CF8095FAB6A751FF9,lexical_candidate_only
ega-topic-etale,58,231,label;chapter;section;text,0GEZ,etale-cohomology-lemma-glue-etale-sheaf-integral-surjective,etale-cohomology.tex,22972,lemma,section-glueing-etale,4FE615FCA58AA18B5C7B01F643A0F018416DB6630D09D99F67DA6FA1D85535F5,lexical_candidate_only
ega-topic-etale,59,231,label;chapter;section;text,0GF0,etale-cohomology-lemma-glue-etale-sheaf-proper-surjective,etale-cohomology.tex,23047,lemma,section-glueing-etale,5824BDB6721AFB2200E6720B15D90C24BB59CDE85BE6A73ABCA3A5425A06B52F,lexical_candidate_only
ega-topic-etale,60,231,label;chapter;section;text,0GEY,etale-cohomology-lemma-glue-etale-sheaf-section,etale-cohomology.tex,22952,lemma,section-glueing-etale,48C974CF893730D1482E9D9DF302EEA9C2FEA80204F2F0377798E56427932CCC,lexical_candidate_only
ega-topic-etale,61,231,label;chapter;section;text,0GF5,etale-cohomology-lemma-h-descent-etale-sheaves,etale-cohomology.tex,23257,lemma,section-glueing-etale,EFC798C9A790F2C4BFAA9E2390436EACDD7563DB3CF81B267704C2AFA85079F5,lexical_candidate_only
ega-topic-etale,62,231,label;chapter;section;text,0DDN,etale-cohomology-lemma-proper-push-pull-fppf-etale,etale-cohomology.tex,21514,lemma,section-fppf-etale,DE0059316804535091A74C1814AE7957B0A4759E0274A80D626DEE75203C24F5,lexical_candidate_only
ega-topic-etale,63,231,label;chapter;section;text,0EWA,etale-cohomology-lemma-proper-push-pull-h-etale,etale-cohomology.tex,22616,lemma,section-h-etale,5DD65527402C6B3999C9DAE42FA4F1AFA4722D118561D7F2D2663A356FA2031C,lexical_candidate_only
ega-topic-etale,64,231,label;chapter;section;text,0DDY,etale-cohomology-lemma-proper-push-pull-ph-etale,etale-cohomology.tex,22290,lemma,section-ph-etale,E078B45C1B3DB47460910B2F0CCBCAF5723A5C2959EAC06C7FCEE81D43BDBA08,lexical_candidate_only
ega-topic-etale,65,231,label;chapter;section;text,03SI,etale-cohomology-proposition-topological-invariance,etale-cohomology.tex,6548,proposition,section-topological-invariance,927A62D8E554162AB16019C40952470BB9601C20A626BA8E2D8BB7CDF89ABE13,lexical_candidate_only
ega-topic-etale,66,231,label;chapter;section;text,03N4,etale-cohomology-section-etale-topology,etale-cohomology.tex,113,section,section-etale-topology,C260A08DAD49AEB0E4F2DD1DF773F490863F4C0B5A539A26CA47F6213943D59B,lexical_candidate_only
ega-topic-etale,67,231,label;chapter;section;text,04HP,etale-cohomology-section-etale-topos,etale-cohomology.tex,2086,section,section-etale-topos,86D3ED3F16603272051A6CFEA72A380F85A7331B2907B4F4E8D497EE342E19C4,lexical_candidate_only
ega-topic-etale,68,231,label;chapter;section;text,0DDK,etale-cohomology-section-fppf-etale,etale-cohomology.tex,21417,section,section-fppf-etale,987AA66444391AA1AFA9380EE1537FBF2ADEE8F20C1224E7357BB3A6DCA94968,lexical_candidate_only
ega-topic-etale,69,231,label;chapter;section;text,0EW7,etale-cohomology-section-h-etale,etale-cohomology.tex,22511,section,section-h-etale,5B23250A439E5A44A67BB29E6434579AE9D695EC3B64A9D3B40F1B11EA5D235F,lexical_candidate_only
ega-topic-etale,70,231,label;chapter;section;text,0DDV,etale-cohomology-section-ph-etale,etale-cohomology.tex,22134,section,section-ph-etale,A4C54D6FB6151BEF1830D3C057490D8263D8C94398DEBB15B0461032F9C53159,lexical_candidate_only
ega-topic-etale,71,231,label;chapter;section;text,0BTY,etale-cohomology-theorem-etale-topological,etale-cohomology.tex,6284,theorem,section-topological-invariance,141BA662C64B1CA5520B5CA31A9526A9DC1B43F50D626AAA799885081F5F7120,lexical_candidate_only
ega-topic-etale,72,231,label;chapter;section;text,0258,etale-definition-etale-ring,etale.tex,1049,definition,section-etale-morphisms,FFEC6B90FC3F3BC2819743AD015E3C624880A0B247DE7D63FF97551976DBC0FE,lexical_candidate_only
ega-topic-etale,73,231,label;chapter;section;text,04DH,etale-lemma-finite-etale-one-point,etale.tex,1412,lemma,section-topological-etale,2C538348C0558EAFF8CC69E8F175AA16E9334AFEF66C5A87C90528C6C504C997,lexical_candidate_only
ega-topic-etale,74,231,label;chapter;section;text,04HJ,etale-lemma-finite-unramified-etale-local,etale.tex,1758,lemma,section-unramified-etale-local,5AB8CB3C37A60B49DE5CC53B31DAFB3E7E8471478C6D76FC23EE0421626F6BAC,lexical_candidate_only
ega-topic-etale,75,231,label;chapter;section;text,0EBS,etale-lemma-relative-frobenius-etale,etale.tex,1439,lemma,section-topological-etale,243C8C08E87827ECF3CA8F4584EEF9F7FCBC8849ABD15E909D20FBACC90EE774,lexical_candidate_only
ega-topic-etale,76,231,label;chapter;section;text,04HH,etale-lemma-unramified-etale-local,etale.tex,1687,lemma,section-unramified-etale-local,956A94A4211EB5DEA976247E02841DDA88A7E85ACA54E22DFD140CC66FE32803,lexical_candidate_only
ega-topic-etale,77,231,label;chapter;section;text,04HI,etale-lemma-unramified-etale-local-technical,etale.tex,1718,lemma,section-unramified-etale-local,BBF296210BF070723F495DAC80831E63955DB49912599746E606AC47A8BE995C,lexical_candidate_only
ega-topic-etale,78,231,label;chapter;section;text,0BTP,etale-proposition-effective,etale.tex,2230,proposition,section-descending-etale,08A6865A10AE17BD3C2DC597DABCDADECC9CB7D6C452FB53CC5CCE9A3544B5D0,lexical_candidate_only
ega-topic-etale,79,231,label;chapter;section;text,0BTH,etale-section-descending-etale,etale.tex,2026,section,section-descending-etale,D045F42984B929A0647D68116D1C1539159F26FFB4CEC3C6A148A4AAF0B9A17C,lexical_candidate_only
ega-topic-etale,80,231,label;chapter;section;text,025G,etale-theorem-etale-radicial-open,etale.tex,1370,theorem,section-topological-etale,59FB86E2FD49F84DDC83CF1BEB1ADB9A7382E3FA68F464FD2D030B60E836737C,lexical_candidate_only
ega-topic-regularity,1,191,label;section;text,067P,divisors-lemma-flat-base-change-regular-immersion,divisors.tex,4974,lemma,section-regular-immersions,8F6D1C87570DBEE1263779220678B50A9A7D125422962D3FF8B445BF11E7660D,lexical_candidate_only
ega-topic-regularity,2,190,label;section;text,0BIQ,more-algebra-lemma-blowup-regular-sequence,more-algebra.tex,7884,lemma,section-more-koszul-regular,671E26F90240EEEDF304260B08E377429F894250DCA2696DE2062C44CA4E0446,lexical_candidate_only
ega-topic-regularity,3,190,label;section;text,062F,more-algebra-lemma-regular-koszul-regular,more-algebra.tex,7265,lemma,section-koszul-regular,224A987D62FD6A74B52D30759A1280D38CEA23616E008C2195ABD012504F624F,lexical_candidate_only
ega-topic-regularity,4,189,label;section;text,00LN,algebra-lemma-regular-quasi-regular,algebra.tex,16896,lemma,section-quasi-regular,308695B0426F6F8A79F4F0C34C77A976FA6630FF648B5FA930DFE17C208D926F,lexical_candidate_only
ega-topic-regularity,5,189,label;section;text,063G,divisors-lemma-regular-ideal-sheaf-scheme,divisors.tex,4783,lemma,section-regular-ideal-sheaves,57F22D1DE55E77650C1AA127560485C8E535B0689493B6AB317EBD97324C8B43,lexical_candidate_only
ega-topic-regularity,6,189,label;section;text,063K,divisors-lemma-regular-quasi-regular-immersion,divisors.tex,4942,lemma,section-regular-immersions,DA325C9988A8D1769E856C3C4D8D3921F7526555884866645328B81CA67B528E,lexical_candidate_only
ega-topic-regularity,7,189,label;section;text,063E,divisors-lemma-regular-quasi-regular-scheme,divisors.tex,4650,lemma,section-regular-ideal-sheaves,F9FFB950DBD77FE6E2ED3F9140F0911EB3C5283EC29AD83F322E73F5FB0F401A,lexical_candidate_only
ega-topic-regularity,8,189,label;section;text,068N,more-algebra-lemma-flat-descent-regular-ideal,more-algebra.tex,8175,lemma,section-ideals,009858AC1822AECDB3B9114620852ECA5F3481AFB74DBC2055A2009CE8928121,lexical_candidate_only
ega-topic-regularity,9,189,label;section;text,0CEM,more-algebra-lemma-koszul-regular-H1-regular,more-algebra.tex,7301,lemma,section-koszul-regular,AD59D480F80168657FB5340019AF89F4DCA8EBC4F28536333A9F391ABC21FAD5,lexical_candidate_only
ega-topic-regularity,10,188,label;section;text,06DF,algebra-lemma-geometrically-normal-tensor-normal,algebra.tex,46993,lemma,section-geometrically-normal,7BFE5C391D2FC37CA37686EAC217C70708CF5DD7558A9CA3B713C1F6CB5FB6B7,lexical_candidate_only
ega-topic-regularity,11,188,label;section;text,00NU,algebra-lemma-regular-mod-x,algebra.tex,25816,lemma,section-regular,D52158589345BEB8C841F89DF3BC4C1D08E97BE41CA5FEB3DC29AC7CCA0A84B0,lexical_candidate_only
ega-topic-regularity,12,188,label;section;text,067Q,divisors-lemma-composition-regular-immersion,divisors.tex,5053,lemma,section-regular-immersions,B36784886C52AE3EF1229C81FE6EAA3F7A10CD1A5C0DE93BC7440592ABE6902B,lexical_candidate_only
ega-topic-regularity,13,188,label;section;text,0667,more-algebra-lemma-join-quasi-regular-H1-regular,more-algebra.tex,7523,lemma,section-koszul-regular,3BD71C79098810F29A9A9DE4DE71B10C75D6A0D730A2D2A2AE7022ABB3E0CBAB,lexical_candidate_only
ega-topic-regularity,14,188,label;section;text,0EUN,morphisms-definition-seminormal,morphisms.tex,12063,definition,section-seminormalization,6C961C8A9258B852762B9B171D82BD30C2943B031EBEF2A13AB64F855FE6D10C,lexical_candidate_only
ega-topic-regularity,15,188,label;section;text,0EUT,morphisms-definition-seminormalization,morphisms.tex,12269,definition,section-seminormalization,AA25FBF7BD95E29A25DF15230E2DE25B340F6FBE47FCCB9323A60514B65B9BC3,lexical_candidate_only
ega-topic-regularity,16,188,label;section;text,035L,morphisms-lemma-normal-normalization,morphisms.tex,14170,lemma,section-normalization-X-in-Y,25CC08A5098CE32E94C484CEDAB1B218E720ED653464EB446898C1574DA03546,lexical_candidate_only
ega-topic-regularity,17,188,label;section;text,0H3Q,morphisms-lemma-seminormal-and-normalization,morphisms.tex,14987,lemma,section-weak-normalization,D75C1071C7E7FCDD8A0C8B4880735D5C766E626DB5831EC382FD46091948E120,lexical_candidate_only
ega-topic-regularity,18,188,label;section;text,033H,properties-section-normal,properties.tex,867,section,section-normal,7804524BA3E832AA86AB3A5FED9F35B07FAF2E93BA341CB385F55F7108F21FC5,lexical_candidate_only
ega-topic-regularity,19,188,label;section;text,06BP,spaces-more-morphisms-lemma-regular-quasi-regular-immersion,spaces-more-morphisms.tex,10550,lemma,section-regular-immersions,AA4249BA0B68648628068DE16A08BF63B6AB97E5D71004CDBF63FB8F077C59DE,lexical_candidate_only
ega-topic-regularity,20,188,label;section;text,0BB4,spaces-morphisms-lemma-normalization-normal,spaces-morphisms.tex,10368,lemma,section-normalization,AED63B363154272CE7AEB179A85D5F6351C886D987789FB88E02DE7189427242,lexical_candidate_only
ega-topic-regularity,21,187,label;section;text,0AFS,algebra-lemma-localization-of-regular-local-is-regular,algebra.tex,27126,lemma,section-regular-finite-gl-dim,77AFDF8AA48AD88FAB81F74C1BE2CCCF45EA9973A754F662A2279BC993DF47DB,lexical_candidate_only
ega-topic-regularity,22,187,label;section;text,061S,algebra-lemma-quasi-regular-regular,algebra.tex,17060,lemma,section-quasi-regular,E037AA7346DD7F2D5C7645102CAB86856234FEA0641F3E460BD91899ED73E43D,lexical_candidate_only
ega-topic-regularity,23,187,label;section;text,0567,algebra-lemma-regular-normal,algebra.tex,44046,lemma,section-serre-criterion,B78916DFFF427BB10FC25F5E6486CF0FFB5810C934892C00A0A1F6832C18C31D,lexical_candidate_only
ega-topic-regularity,24,187,label;section;text,00NR,algebra-lemma-regular-quotient-regular,algebra.tex,25750,lemma,section-regular,5239C0B88CB229007105E108D955708C97B3BB75ACF8B518C761AF7F632EB64F,lexical_candidate_only
ega-topic-regularity,25,187,label;section;text,00NN,algebra-section-regular,algebra.tex,25680,section,section-regular,10203B90822663C38D87AEF4C9304FB77D101FFDB3D32D67B90FC276FE17BF60,lexical_candidate_only
ega-topic-regularity,26,187,label;section;text,063S,divisors-definition-relative-H1-regular-immersion,divisors.tex,5280,definition,section-relative-regular-immersion,34FA82E7B8EDCDE05ACA983F2E33EE0E7B9EF475CAF7027BC71BB7822154D859,lexical_candidate_only
ega-topic-regularity,27,187,label;section;text,0E9J,divisors-lemma-immersion-regular-regular-immersion,divisors.tex,5228,lemma,section-regular-immersions,0EDA9C5A603FB81BB60712E85CD8631C9DC85B54A713A650FE2B635634599A91,lexical_candidate_only
ega-topic-regularity,28,187,label;section;text,0692,divisors-lemma-koszul-regular-smooth-locally-regular,divisors.tex,5210,lemma,section-regular-immersions,442687FEE5DB69B175657ADA415DD9A70AF5A729E096ECDC6E4BEE8C9102B3EE,lexical_candidate_only
ega-topic-regularity,29,187,label;section;text,067S,divisors-lemma-lift-regular-immersion-to-smooth,divisors.tex,5643,lemma,section-relative-regular-immersion,2EC963449BE9F1813A37DF9441C0B8BFAA69B8DC616E052E3A537357BD16FF09,lexical_candidate_only
ega-topic-regularity,30,187,label;section;text,063F,divisors-lemma-regular-ideal-sheaf-quasi-coherent,divisors.tex,4770,lemma,section-regular-ideal-sheaves,77B7BE9CD039D31BD77DF29B62DB919089E161C4FC64696E5763A6D1424F7B4C,lexical_candidate_only
ega-topic-regularity,31,187,label;section;text,063L,divisors-lemma-regular-immersion-noetherian,divisors.tex,4957,lemma,section-regular-immersions,6C46070E6C3BA8BD74AF13820202441C7AD2092742A5D8674D39F7CDE54F3571,lexical_candidate_only
ega-topic-regularity,32,187,label;section;text,063N,divisors-lemma-transitivity-conormal-quasi-regular,divisors.tex,5018,lemma,section-regular-immersions,37BE34357EADEE16ACEAA2718578FF4B3AEA9BF3399AE75E18DB614EF6CD6D13,lexical_candidate_only
ega-topic-regularity,33,187,label;section;text,063C,divisors-lemma-types-regular-sequences-implications,divisors.tex,4583,lemma,section-regular-ideal-sheaves,3523596CC4651A6A4C4A317D1981963ECBB412C6B38076DB9EDFB2F054E2A9FF,lexical_candidate_only
ega-topic-regularity,34,187,label;section;text,0CBR,etale-lemma-characterize-normal-crossings-normalization,etale.tex,2567,lemma,section-normal-crossings,682261C111B82F9536D1452F103331F439B8387543ECB28715FDD28CCCDD12DE,lexical_candidate_only
ega-topic-regularity,35,187,label;section;text,0CBQ,etale-lemma-smooth-pullback-normal-crossings,etale.tex,2537,lemma,section-normal-crossings,85FE38F8139355EA88F6238106415D1A5796FFD023C68C436606248BD4A3C0EB,lexical_candidate_only
ega-topic-regularity,36,187,label;section;text,0CBP,etale-lemma-smooth-pullback-strict-normal-crossings,etale.tex,2478,lemma,section-normal-crossings,E8E4FAF4DD018B9A362CE9D53186D60FF171117FFA413C73931A07F944280ACC,lexical_candidate_only
ega-topic-regularity,37,187,label;section;text,062I,more-algebra-lemma-H1-regular-quasi-regular,more-algebra.tex,7360,lemma,section-koszul-regular,517A7371E8C9568E91B94626547D119F8773D16D851A2AF40D7FF4E8628F232D,lexical_candidate_only
ega-topic-regularity,38,187,label;section;text,068Q,more-algebra-lemma-Koszul-regular-flat-locally-regular,more-algebra.tex,7799,lemma,section-koszul-regular,359386361B39829270D67D2CF52ACC472135CCBDA8B78CDBDA466CA640FEE378,lexical_candidate_only
ega-topic-regularity,39,187,label;section;text,07C0,more-algebra-lemma-regular-local,more-algebra.tex,10390,lemma,section-regular,4E357E1CE3052A5083A5AA0460CB939A29670E6D80BFF433F310FC4C82FF1DA7,lexical_candidate_only
ega-topic-regularity,40,187,label;section;text,0CEP,more-algebra-lemma-relative-regular-immersion-algebra,more-algebra.tex,7992,lemma,section-more-koszul-regular,993FCA8FE71AF20E2CA0F9FDEB9940359814C096C10667423A241226794211BD,lexical_candidate_only
ega-topic-regularity,41,187,label;section;text,0EUL,morphisms-definition-seminormal-ring,morphisms.tex,11997,definition,section-seminormalization,46DF610B250B8020E19366235CAC15AFD27E0CCECC0B7FCF88C6A5957958AF0C,lexical_candidate_only
ega-topic-regularity,42,187,label;section;text,0H3R,morphisms-definition-weak-normalization,morphisms.tex,15019,definition,section-weak-normalization,6EE64EE095BD56CD91165DDAE239C98C699752B5D6627BC34A525E9072FF134C,lexical_candidate_only
ega-topic-regularity,43,187,label;section;text,0EUP,morphisms-lemma-locally-seminormal,morphisms.tex,12079,lemma,section-seminormalization,A1F1A197F5F2E8A81A9E1241E54F2BCBDA98072995BE824A3A207161AD2A0453,lexical_candidate_only
ega-topic-regularity,44,187,label;section;text,0BXA,morphisms-lemma-normalization-is-normalization,morphisms.tex,14051,lemma,section-normalization-X-in-Y,43FEA77D3A919BB7E0A06554C85B6B81200CFB25E98285929D0D3210F2C7DAA2,lexical_candidate_only
ega-topic-regularity,45,187,label;section;text,035Q,morphisms-lemma-normalization-normal,morphisms.tex,14504,lemma,section-normalization,696CB5217D10F002512EE59A0A3B4A15EE91EF823A94DCCCB80D7438727F7F8B,lexical_candidate_only
ega-topic-regularity,46,187,label;section;text,0358,properties-lemma-normal-integral-sections,properties.tex,1006,lemma,section-normal,3543F2169EFE11EAFB4813035BB9F9572B56D9A29068C82152CABF0D78164949,lexical_candidate_only
ega-topic-regularity,47,187,label;section;text,0569,properties-lemma-regular-normal,properties.tex,1184,lemma,section-regular,EC4FF31AA32CEE0FC2E61B35139ED4E45A1748B4BF07CDB3B9BAAF8C20F01A06,lexical_candidate_only
ega-topic-regularity,48,187,label;section;text,09S0,spaces-more-morphisms-lemma-composition-regular-immersion,spaces-more-morphisms.tex,10656,lemma,section-regular-immersions,651C2B8D00CD91BACB4C64A4465D8529764D2CEC25BE78EBC7341361AB6EFE85,lexical_candidate_only
ega-topic-regularity,49,187,label;section;text,04G2,spaces-more-morphisms-lemma-conormal-functorial-more,spaces-more-morphisms.tex,520,lemma,section-conormal-sheaf,8BDD076FAA02898F75C3400D819DCC3724C964156C2185D6CE4B53204ECD7876,lexical_candidate_only
ega-topic-regularity,50,187,label;section;text,09S2,spaces-more-morphisms-lemma-extra-permanence-regular-immersion-noetherian,spaces-more-morphisms.tex,10696,lemma,section-regular-immersions,A05FCBCDB0ED9A507EFA739E277D06652E6F5316C3864AD1BA46467AFF18AD95,lexical_candidate_only
ega-topic-regularity,51,187,label;section;text,09RX,spaces-more-morphisms-lemma-flat-base-change-regular-immersion,spaces-more-morphisms.tex,10584,lemma,section-regular-immersions,4E4A6556D2189C1051C6FAD6399D7E7C6E41FF8A5289827B766F77E0A5C0121F,lexical_candidate_only
ega-topic-regularity,52,187,label;section;text,09RZ,spaces-more-morphisms-lemma-transitivity-conormal-quasi-regular,spaces-more-morphisms.tex,10625,lemma,section-regular-immersions,3B7CEC3ABB6CF5D85A36963C2B53ED5CDFBE4DFC6907996511FA506B7EEB612B,lexical_candidate_only
ega-topic-regularity,53,187,label;section;text,0BGT,spaces-properties-lemma-regular-normal,spaces-properties.tex,4332,lemma,section-regular,997D1067FC941B277345424C6DAF3DEC27CA7499C14DBBC99BAC2A1368EDD1C7,lexical_candidate_only
ega-topic-regularity,54,187,label;section;text,038M,varieties-definition-geometrically-normal,varieties.tex,2105,definition,section-geometrically-normal,62DD81B7B360969E268E9EBDFA1B3D6653D0C70C247C39436E18A9985566E2F0,lexical_candidate_only
ega-topic-regularity,55,187,label;section;text,038O,varieties-lemma-geometrically-normal,varieties.tex,2160,lemma,section-geometrically-normal,5C94D1C1E6C9BB3E556E64A20C5F91C7FE73D930306D25F4A2E15AEFB2097ABC,lexical_candidate_only
ega-topic-regularity,56,186,label;section;text,061P,algebra-definition-quasi-regular-sequence,algebra.tex,16878,definition,section-quasi-regular,715C1C0E19E4B5F5AF25594A935D5D98346E00E875B4EB15446E1D19452A4298,lexical_candidate_only
ega-topic-regularity,57,186,label;section;text,00GV,algebra-definition-ring-normal,algebra.tex,8206,definition,section-normal-rings,A73F3C95B159F0614892876E4670980B371E07203CEBC6325CA229E4850BE1CD,lexical_candidate_only
ega-topic-regularity,58,186,label;section;text,031S,algebra-lemma-criterion-normal,algebra.tex,43977,lemma,section-serre-criterion,5C610BE78D0D8CB515AF9E95DF8DC1E0006BDF71A405420EC82128B100D84553,lexical_candidate_only
ega-topic-regularity,59,186,label;section;text,037Z,algebra-lemma-geometrically-normal,algebra.tex,46886,lemma,section-geometrically-normal,301FE15A7A424D4BFC421FE0C68AD43755F2D2F7BC0059B8EC313D302EE9DA9B,lexical_candidate_only
ega-topic-regularity,60,186,label;section;text,0381,algebra-lemma-geometrically-regular,algebra.tex,47104,lemma,section-geometrically-regular,2F1D2BA39574070A7FA7100941929EC8E5626C437E2BA0C71678D1D62F2A0E0B,lexical_candidate_only
ega-topic-regularity,61,186,label;section;text,065K,algebra-lemma-join-regular-sequences,algebra.tex,16717,lemma,section-regular-sequences,BA441434FF43D87F0386B158557F6317B3D2DF07A09BA11BECC5D057F6832EE5,lexical_candidate_only
ega-topic-regularity,62,186,label;section;text,06DE,algebra-lemma-localization-geometrically-normal-algebra,algebra.tex,46961,lemma,section-geometrically-normal,545C083E580FD28677F12B0B60241D5BB158E0F41633BECEF2B4D95694E98ECA,lexical_candidate_only
ega-topic-regularity,63,186,label;section;text,030B,algebra-lemma-normality-is-local,algebra.tex,8177,lemma,section-normal-rings,4E57E31E2CCDB1D52951FBF3956A8E870B1F9428683F871EDC676550B3A2AA8F,lexical_candidate_only
ega-topic-regularity,64,186,label;section;text,00NQ,algebra-lemma-regular-ring-CM,algebra.tex,25732,lemma,section-regular,DFA8E0B490A8ED41A477ADE942FE1040C94B655F5A42095076B076C0357943D6,lexical_candidate_only
ega-topic-regularity,65,186,label;section;text,07DW,algebra-lemma-regular-sequence-in-polynomial-ring,algebra.tex,16797,lemma,section-regular-sequences,BC2B0B509291B2BCC302454D022F0180E799CFDE7D99C07B899A6594F586468E,lexical_candidate_only
ega-topic-regularity,66,186,label;section;text,0F1T,algebra-lemma-regular-sequence-short-exact-sequence,algebra.tex,16730,lemma,section-regular-sequences,66D3D1DF475865B09246378CF06C1906311008A429B94DEE6FE114B8E3271833,lexical_candidate_only
ega-topic-regularity,67,186,label;section;text,061T,algebra-remark-koszul-regular,algebra.tex,17084,remark,section-quasi-regular,F071D4CBA019AC4C55DB33DF53AFFFD6292B4BE68956AA469669265474050207,lexical_candidate_only
ega-topic-regularity,68,186,label;section;text,037B,algebra-section-normal-rings,algebra.tex,7972,section,section-normal-rings,1E433F7EC3320B50FC75B441670A0DEB66D33CA106931C7010EF865060AF0F4F,lexical_candidate_only
ega-topic-regularity,69,186,label;section;text,061M,algebra-section-quasi-regular,algebra.tex,16856,section,section-quasi-regular,61A4A8E189F64171D4902E5038B3A05F0CF1F1A7DD4F23E00F1AF021DCEFF49E,lexical_candidate_only
ega-topic-regularity,70,186,label;section;text,063D,divisors-definition-regular-ideal-sheaf,divisors.tex,4612,definition,section-regular-ideal-sheaves,B9DCE89BA7A228029A63A4A72DE1FBFAB51A2E2B01DC83FFFAD47F59EAECBA42,lexical_candidate_only
ega-topic-regularity,71,186,label;section;text,0693,divisors-lemma-push-regular-immersion-thru-smooth,divisors.tex,5741,lemma,section-relative-regular-immersion,C3058E8CB8EE376D04177026993E7E1C653BB031B0DA96138BDF67BEBE5E95C6,lexical_candidate_only
ega-topic-regularity,72,186,label;section;text,063M,divisors-lemma-quasi-regular-immersion,divisors.tex,4994,lemma,section-regular-immersions,FBBBEF627D0355AA33378FB771E707638478A21D32FB55AE68C1C7AB55303878,lexical_candidate_only
ega-topic-regularity,73,186,label;section;text,063R,divisors-lemma-relative-regular-immersion,divisors.tex,5256,lemma,section-relative-regular-immersion,CD3F1DF6476EDF9C7076A9D8D8EC2B48C91864DBE6050CC1642FE69E836D4D6A,lexical_candidate_only
ega-topic-regularity,74,186,label;section;text,0FUD,divisors-remark-relative-regular-immersion-elements,divisors.tex,5374,remark,section-relative-regular-immersion,3879EA7D840220723F4E3B90836395D887D4453B328132A8DE39CDA731F5672E,lexical_candidate_only
ega-topic-regularity,75,186,label;section;text,063P,divisors-section-relative-regular-immersion,divisors.tex,5247,section,section-relative-regular-immersion,1852B3BAF96EEEE9495F673C854E04B555B93EAA06ACE21BE2C2E09B543BBDEB,lexical_candidate_only
ega-topic-regularity,76,186,label;section;text,0BI9,etale-definition-strict-normal-crossings,etale.tex,2396,definition,section-normal-crossings,801C8F91476982E9E9267C4032FD1C97C4CD1D6C528539EFF07BE41530CE6DE7,lexical_candidate_only
ega-topic-regularity,77,186,label;section;text,0641,examples-lemma-base-change-regular-sequence,examples.tex,1134,lemma,section-regular-base-change,F8F1B0B483134D7133E7DD2D2BB02DEBB8B64CE8B67317BB1381E902AB3B5694,lexical_candidate_only
ega-topic-regularity,78,186,label;section;text,062E,more-algebra-definition-koszul-regular-sequence,more-algebra.tex,7217,definition,section-koszul-regular,602D4CE66BCDD1CCBDC0F4A4050A64748FE96A2E7B1C8A8226F231CC4F78C1EE,lexical_candidate_only
ega-topic-regularity,79,186,label;section;text,07CV,more-algebra-definition-regular-ideal,more-algebra.tex,8101,definition,section-ideals,D432824BA058C9D8C365A705C98210D8E67575D4B6505A2F2E5049D7680E59C9,lexical_candidate_only
ega-topic-regularity,80,186,label;section;text,0666,more-algebra-lemma-conormal-sequence-H1-regular,more-algebra.tex,7497,lemma,section-koszul-regular,94157290832634FEE201E0006CEC04C470D1515602CC6FED458A9A82E3ED4399,lexical_candidate_only
ega-topic-constructible,1,190,label;section;text,0FJ5,exercises-exercise-constructible-classical,exercises.tex,1193,exercise,section-constructible,0BB33C633617CC8F85FAC6922FA8C600461A40DC6650C59AEEAF8227C36BEBFB,lexical_candidate_only
ega-topic-constructible,2,188,label;section;text,09YR,etale-cohomology-lemma-constructible-constructible,etale-cohomology.tex,11759,lemma,section-constructible,204D893B57C4622C0712D5E9FA245365B434CE7BEF5C32C585E319BC8AD64722,lexical_candidate_only
ega-topic-constructible,3,188,label;section;text,09YK,topology-lemma-collate-constructible-from-constructible,topology.tex,2816,lemma,section-constructible,BCDD04FC78DB3CF5E8CBE974805F70750D7AC5A40D32C72C3937CE250D17F21F,lexical_candidate_only
ega-topic-constructible,4,188,label;section;text,09YJ,topology-lemma-constructible-in-constructible,topology.tex,2763,lemma,section-constructible,E9F6E5D6AA78455A9AF54BF676B3A2E479E5BB085E0EC289E896FBFC3D1D68D3,lexical_candidate_only
ega-topic-constructible,5,188,label;section;text,09Y4,topology-lemma-constructible-partition-refined-by-stratification,topology.tex,5607,lemma,section-stratifications,D9D5392FF4E8AFC64971A8D2FDD6E1EFDFA3441FD8E255C7D8235A513143F651,lexical_candidate_only
ega-topic-constructible,6,187,label;section;text,095Q,etale-cohomology-lemma-check-constructible,etale-cohomology.tex,12276,lemma,section-more-constructible,E032AC15598954E1FDFD2DE89C3847C2AE6E413363F747E310D17B4C9CD8A33D,lexical_candidate_only
ega-topic-constructible,7,187,label;section;text,054H,morphisms-section-constructible,morphisms.tex,4329,section,section-constructible,63368B0C5F4BD9EA9FBA75C45E3CD6F66609D16D4AF70DD78F6E6F1AA03FCF5B,lexical_candidate_only
ega-topic-constructible,8,187,label;section;text,09AK,proetale-lemma-compare-constructible,proetale.tex,5239,lemma,section-constructible,598FFD289B962A4BBE16625D25A6BDD891829CD4377497C5318DA3C2F813DC28,lexical_candidate_only
ega-topic-constructible,9,187,label;section;text,054B,properties-section-constructible,properties.tex,28,section,section-constructible,0DF11E0FA2ACD20E7F43BB3A7B712F6FCE2E77C7F7083C02C1292441BAE23FFF,lexical_candidate_only
ega-topic-constructible,10,187,label;section;text,005G,topology-definition-constructible,topology.tex,2554,definition,section-constructible,BB37FBE83D881C2699AE1A2D24EA486523E65C41A7EBA5D3210029619A908B87,lexical_candidate_only
ega-topic-constructible,11,187,label;section;text,09YI,topology-lemma-intersect-constructible-with-constructible,topology.tex,2750,lemma,section-constructible,4B234A90A765298C5A9AEE888AF375AF91C15F760E590EC91635D6CF8AB46C28,lexical_candidate_only
ega-topic-constructible,12,186,label;section;text,03RZ,etale-cohomology-lemma-constructible-abelian,etale-cohomology.tex,11828,lemma,section-constructible,4372FE1C9EE1D85C5BFE6EA12C975F400B310F44D74CBB67252E4266387C01FD,lexical_candidate_only
ega-topic-constructible,13,186,label;section;text,095E,etale-cohomology-lemma-constructible-quasi-compact-quasi-separated,etale-cohomology.tex,11717,lemma,section-constructible,389C84F4D0BE80AA2220A6E3C9358FF7C69DD3BA420B9F2DA2EDAFAFD3384924,lexical_candidate_only
ega-topic-constructible,14,186,label;section;text,095H,etale-cohomology-lemma-pushforward-constructible,etale-cohomology.tex,12321,lemma,section-more-constructible,C9A13055D64E2136B1E7FEE22AD0B947EED0F782E1386231FB71114E6F346E86,lexical_candidate_only
ega-topic-constructible,15,186,label;section;text,09YS,etale-cohomology-lemma-support-constructible,etale-cohomology.tex,11867,lemma,section-constructible,544626CE1DFEA9EC2D58B74FB626268BFFE3A025D4564C58005A8E16DDAD992B,lexical_candidate_only
ega-topic-constructible,16,186,label;section;text,09BH,etale-cohomology-proposition-constructible-over-noetherian,etale-cohomology.tex,12804,proposition,section-noetherian-constructible,4297F2B741CA537181A9A0E562429B8621F1E1900D55694BFCD693B8E574EADF,lexical_candidate_only
ega-topic-constructible,17,186,label;section;text,0F2R,more-morphisms-section-affine-stratifications,more-morphisms.tex,21422,section,section-affine-stratifications,B79982B54E3C3E591231236F4EB6E6D1804936FA267222C414C00FD00655EBBF,lexical_candidate_only
ega-topic-constructible,18,186,label;section;text,054K,morphisms-theorem-chevalley,morphisms.tex,4397,theorem,section-constructible,085B0992A25DE8BC86AD78ADEA17CE06F3DB9675599298F5D28B59E15FF66233,lexical_candidate_only
ega-topic-constructible,19,186,label;section;text,09AI,proetale-section-constructible,proetale.tex,5217,section,section-constructible,6F1CD2F84C82C711928EB14166CBEB1530D8B61331196BE7B32E52765E878511,lexical_candidate_only
ega-topic-constructible,20,186,label;section;text,0F2M,properties-lemma-stratification-locally-finite-constructible,properties.tex,149,lemma,section-constructible,535907C5CEDE57485C268C525D3A1A18518DCC63BF998FEDD455BA452A764881,lexical_candidate_only
ega-topic-constructible,21,186,label;section;text,0ECX,spaces-morphisms-theorem-chevalley,spaces-morphisms.tex,5720,theorem,section-constructible,A5F8D25AF3AC7F07EF1C1482A3649A84BE380287CA885522B924FC17C73A7F1E,lexical_candidate_only
ega-topic-constructible,22,185,label;section;text,03RW,etale-cohomology-definition-constructible,etale-cohomology.tex,11672,definition,section-constructible,932D5D126E80D5E70E029CD1C51CEB26AD71B660D3B809475B7EAB4C854D4A4B,lexical_candidate_only
ega-topic-constructible,23,185,label;section;text,09Z6,etale-cohomology-lemma-constructible-maps-into-constant,etale-cohomology.tex,12921,lemma,section-noetherian-constructible,60270B2C3E130D390E4247340FC740E9A198E5915A7D14BEA570FF96CE291804,lexical_candidate_only
ega-topic-constructible,24,185,label;section;text,03S8,etale-cohomology-lemma-jshriek-constructible,etale-cohomology.tex,12185,lemma,section-more-constructible,7FBDD6D6900334D2AB2773C7252DF60A0C1D71DA793A4B24E195251529C6B8E5,lexical_candidate_only
ega-topic-constructible,25,185,label;section;text,0GKB,etale-cohomology-lemma-tensor-constructible,etale-cohomology.tex,12006,lemma,section-constructible,C1BF983FA017479AF7608E9B416447589B8A8EAF882C9FF5EC7E7CA64A19151B,lexical_candidate_only
ega-topic-constructible,26,185,label;section;text,095I,etale-cohomology-lemma-tensor-product-constructible,etale-cohomology.tex,11991,lemma,section-constructible,7F6FFA928AD1622074D1992A842A6D8FEAF120FC128BA16E6D58D8570BC523C8,lexical_candidate_only
ega-topic-constructible,27,185,label;section;text,03SA,etale-cohomology-lemma-torsion-colimit-constructible,etale-cohomology.tex,12216,lemma,section-more-constructible,FF75D4988F24A757F1C3AAAF4FAA7300C9A8F7C940F47F504DE07D9F26EB5FA2,lexical_candidate_only
ega-topic-constructible,28,185,label;section;text,05BE,etale-cohomology-section-constructible,etale-cohomology.tex,11658,section,section-constructible,AFBC66FEB8B9775F4948D07EE692491881774C6AC886EC7046E2926FB94852CD,lexical_candidate_only
ega-topic-constructible,29,185,label;section;text,03RY,etale-cohomology-section-noetherian-constructible,etale-cohomology.tex,12786,section,section-noetherian-constructible,EE6369DFDB110BCF75862FFEFB3C2956426BF599C5B27B4ADDA5147DD07F987B,lexical_candidate_only
ega-topic-constructible,30,185,label;section;text,05P7,flat-definition-flattening-stratification,flat.tex,6535,definition,section-flattening,12469B343D579DE6CD8A81BCAFCA88E43DFE077B7915C0507608B5AF16BD7162,lexical_candidate_only
ega-topic-constructible,31,185,label;section;text,0CAL,modules-lemma-constructible-in-constant,modules.tex,3133,lemma,section-constructible,EF5AC0656DC1D9D04710C6FD9239CBD67C6587959A22E28A6C12FDBCEC65F1C5,lexical_candidate_only
ega-topic-constructible,32,185,label;section;text,0GKZ,more-etale-lemma-constructible-shriek-rel-dim-1,more-etale.tex,4652,lemma,section-Dc,1178BB72C5D80212745291CC66F5D8F763170BF899438D3E3C39A484FFF62BDD,lexical_candidate_only
ega-topic-constructible,33,185,label;section;text,0F2S,more-morphisms-definition-affine-stratification,more-morphisms.tex,21438,definition,section-affine-stratifications,3C3132636A09DA4FFCD993B107D9B6B53F261CC014BA657A32B234C8C7AD5BB5,lexical_candidate_only
ega-topic-constructible,34,185,label;section;text,0F2V,more-morphisms-definition-affine-stratification-number,more-morphisms.tex,21569,definition,section-affine-stratifications,6BB6FA1F779D4704A2312C08175212D948579CC255FD13627F978B5B213FAB56,lexical_candidate_only
ega-topic-constructible,35,185,label;section;text,0F2Z,more-morphisms-example-affine-stratification-number,more-morphisms.tex,21696,example,section-affine-stratifications,7941E0F0A4DBDBA3607A6E0661B647F696DB1E8CF0A4228E5B2482E4CF01505D,lexical_candidate_only
ega-topic-constructible,36,185,label;section;text,0F2T,more-morphisms-lemma-improve-stratification,more-morphisms.tex,21470,lemma,section-affine-stratifications,0CF87E0560AD01C41B5BC58539515C194C87DB0C931EF6CB18646D742F378066,lexical_candidate_only
ega-topic-constructible,37,185,label;section;text,0H3Y,more-morphisms-section-generic-flatness-stratification,more-morphisms.tex,15558,section,section-generic-flatness-stratification,73F1412633E8B3F367D14DDA89AF74F0D6666BF8E0E6485F28D2D40022A5850D,lexical_candidate_only
ega-topic-constructible,38,185,label;section;text,054J,morphisms-lemma-chevalley,morphisms.tex,4369,lemma,section-constructible,AC0E7A7E2DECF1AE7B3AAB5B2B2ACB28E5AE0B0F115AE7AF67C708417C3B8597,lexical_candidate_only
ega-topic-constructible,39,185,label;section;text,054I,morphisms-lemma-inverse-image-constructible,morphisms.tex,4340,lemma,section-constructible,2B8C26BA3A28FF669205F10A5D430AA36260C0975E2481968A0384DCF3404C07,lexical_candidate_only
ega-topic-constructible,40,185,label;section;text,09AJ,proetale-definition-constructible,proetale.tex,5225,definition,section-constructible,6E1C40127F6885F2102CDA03C9D2413CDB083E95234A88DAE7CDC37D367D5D04,lexical_candidate_only
ega-topic-constructible,41,185,label;section;text,09BX,proetale-lemma-Noetherian-adic-constructible,proetale.tex,5657,lemma,section-adic,8A4E5C1E256653307AFE9185DC032858A2CF9F80268385B49027702B8DAA49FC,lexical_candidate_only
ega-topic-constructible,42,185,label;section;text,054E,properties-lemma-constructible-quasi-compact-quasi-separated,properties.tex,120,lemma,section-constructible,40BBADF2BD17C692A3CA61DE5E4B383BA5CF18F7D757995BC039CDDCC5952000,lexical_candidate_only
ega-topic-constructible,43,185,label;section;text,054C,properties-lemma-locally-constructible,properties.tex,37,lemma,section-constructible,03E5D6001C7127ABACB2D4A6CBC6E9FDF8AD3162C99CC3268C9FCFE3183A8651,lexical_candidate_only
ega-topic-constructible,44,185,label;section;text,093E,sites-modules-lemma-cokernel-map-towards-constructibles,sites-modules.tex,5301,lemma,section-constructible,44EB5F98480BAD55BCB2FAAA3FC39E563F22E9AE0DB7B32903DB4E848E518F19,lexical_candidate_only
ega-topic-constructible,45,185,label;section;text,093G,sites-modules-lemma-extension-towards-constructibles,sites-modules.tex,5410,lemma,section-constructible,FCC8F52CA7AC333CAB4AD30122BB235627A0F7B3592898CD36526FCBD18170F2,lexical_candidate_only
ega-topic-constructible,46,185,label;section;text,0ECW,spaces-morphisms-lemma-inverse-image-constructible,spaces-morphisms.tex,5699,lemma,section-constructible,BA71105A987D30F9FDF8045E0AA12A9B08EA42A5FD7526ED1D39EBC78E0202E7,lexical_candidate_only
ega-topic-constructible,47,185,label;section;text,0ECV,spaces-morphisms-section-constructible,spaces-morphisms.tex,5692,section,section-constructible,7B1D7DEDA8BBC95CA5ED6FBC2B07E104976A123A7DE9F5409BF99422E2086003,lexical_candidate_only
ega-topic-constructible,48,185,label;section;text,0ECU,spaces-properties-definition-locally-constructible,spaces-properties.tex,1176,definition,section-constructible,3B2AD1CF854E437A45956CF7F3ED70B80AB3DD05CB24B5BE93AFCF1891ABDB8D,lexical_candidate_only
ega-topic-constructible,49,185,label;section;text,09Y1,topology-definition-stratification,topology.tex,5548,definition,section-stratifications,0AEA40E04986D0B4C3CC345838019552D3A75FD2447A76502A9FEC60C6F17392,lexical_candidate_only
ega-topic-constructible,50,185,label;section;text,09YG,topology-lemma-closed-constructible-image,topology.tex,2699,lemma,section-constructible,E278B757A927911EFED3AA7AC006A5627D8564218CBBA5AB17FAF74B19DC1754,lexical_candidate_only
ega-topic-constructible,51,185,label;section;text,053W,topology-lemma-collate-constructible,topology.tex,2635,lemma,section-constructible,BD849FA16BE8494C76D810EC674DDA7D17B29E88837693D803E7CB8A0A5A642B,lexical_candidate_only
ega-topic-constructible,52,185,label;section;text,053Y,topology-lemma-constructible-map-Noetherian,topology.tex,2883,lemma,section-constructible-Noetherian,F0E85E341F5284C76727710C6859B66EF762B2AA05A308233AD25812E2433FAB,lexical_candidate_only
ega-topic-constructible,53,185,label;section;text,09YE,topology-lemma-intersect-constructible-with-closed,topology.tex,2656,lemma,section-constructible,BA94DF74D6910BE3A919FD03152DB5334E8989B0116A6400446ADE427397A58D,lexical_candidate_only
ega-topic-constructible,54,185,label;section;text,09YF,topology-lemma-intersect-constructible-with-retrocompact,topology.tex,2676,lemma,section-constructible,DFEAC91E02A75F85A53991A42B9218ACAD48EFC0CCC7F18582FB08FE6C087433,lexical_candidate_only
ega-topic-constructible,55,185,label;section;text,005I,topology-lemma-inverse-images-constructibles,topology.tex,2591,lemma,section-constructible,A7C8B23B0924791198E0B3A95F0014E022E4DC6886977C963628E11CA9A80B62,lexical_candidate_only
ega-topic-constructible,56,185,label;section;text,005J,topology-lemma-open-immersion-constructible-inverse-image,topology.tex,2604,lemma,section-constructible,C1E1CCAA3C4BE946CAB5DA04BA600E3BE2227CE1FAA61CAA8C061ADD1DC37913,lexical_candidate_only
ega-topic-constructible,57,185,label;section;text,09YD,topology-lemma-quasi-compact-open-immersion-constructible-image,topology.tex,2620,lemma,section-constructible,A7F07FBBC68BFE489D2A4E6C31962EDB30AE30D478B4533BA37F8E2316F8E57A,lexical_candidate_only
ega-topic-constructible,58,185,label;section;text,053X,topology-section-constructible-Noetherian,topology.tex,2868,section,section-constructible-Noetherian,FB3DEE3B99419A10BEC9DED6B892C8ED2EC321BF01F96439590A7C9CB05A2FE5,lexical_candidate_only
ega-topic-constructible,59,185,label;section;text,09XY,topology-section-stratifications,topology.tex,5501,section,section-stratifications,C4E38824A3F176D937266160C3BF1879F671EC97DC52E4059EBC0D33E8F934AE,lexical_candidate_only
ega-topic-constructible,60,184,label;section;text,09YT,etale-cohomology-lemma-category-constructible-abelian,etale-cohomology.tex,12471,lemma,section-more-constructible,29ECC7E2B93FD388E8857F349BD034F9238D42CE44D9FC0DFE28E369385D775E,lexical_candidate_only
ega-topic-constructible,61,184,label;section;text,095N,etale-cohomology-lemma-category-constructible-modules,etale-cohomology.tex,12412,lemma,section-more-constructible,3859DB53E4107203308DC65CE75D1A409E3606EA6FF0242F0FDC467D508F0B90,lexical_candidate_only
ega-topic-constructible,62,184,label;section;text,09Y9,etale-cohomology-lemma-category-constructible-sets,etale-cohomology.tex,12343,lemma,section-more-constructible,1D7C533578FDEDE29F2463579663312AC9516BEDAC7AB774AB8CC77AA99A9669,lexical_candidate_only
ega-topic-constructible,63,184,label;section;text,095P,etale-cohomology-lemma-colimit-constructible,etale-cohomology.tex,11903,lemma,section-constructible,E7D6B63EC87AC52E148372C5BC766E6D6577790828AF4E2FA86360136642A335,lexical_candidate_only
ega-topic-constructible,64,184,label;section;text,09Z4,etale-cohomology-lemma-constructible-is-compact,etale-cohomology.tex,12497,lemma,section-more-constructible,17F95FFAF20C37E6B4A2F7DAEAE90F557189D92C8FECDE24475E12595611F6C4,lexical_candidate_only
ega-topic-constructible,65,184,label;section;text,09Z7,etale-cohomology-lemma-constructible-maps-into-constant-general,etale-cohomology.tex,13028,lemma,section-noetherian-constructible,66D6B6CD0247FFA36626ABD77A3D6AB7414E761F8B020C04581287E00A4BB122,lexical_candidate_only
ega-topic-constructible,66,184,label;section;text,09YV,etale-cohomology-lemma-constructible-over-noetherian-noetherian,etale-cohomology.tex,12901,lemma,section-noetherian-constructible,EC97EA2CC044C2D85CBC3D6EA657FA7606B03093D24339AEACAA00F9A5741CD4,lexical_candidate_only
ega-topic-constructible,67,184,label;section;text,095R,etale-cohomology-lemma-finite-pushforward-constructible,etale-cohomology.tex,12528,lemma,section-more-constructible,6996BACAD933BDD94EE0447884F9E428C20C23A44F77A1BE8FE452053D43AEF9,lexical_candidate_only
ega-topic-constructible,68,184,label;section;text,095Z,etale-cohomology-lemma-one-constructible,etale-cohomology.tex,13611,lemma,section-Dc,47215BAD17CFD953B9615B98EBCC6DE02FC8C15E39F1A2AE913013DEAC7470AF,lexical_candidate_only
ega-topic-constructible,69,184,label;section;text,095G,etale-cohomology-lemma-pullback-constructible,etale-cohomology.tex,11808,lemma,section-constructible,AEEAF0970FEF5989E3CB52AC980EDEC9BA7E9A8D6DD1F20449C1BE6E5EC1721A,lexical_candidate_only
ega-topic-constructible,70,184,label;section;text,095M,etale-cohomology-section-more-constructible,etale-cohomology.tex,12175,section,section-more-constructible,C3504174107B42A5FFC4A28A05292FE0E707AEE93CA9984A4C0003C2585BBB9D,lexical_candidate_only
ega-topic-constructible,71,184,label;section;text,05LG,examples-section-constructible-functions,examples.tex,4416,section,section-constructible-functions,4A9044FC9F84426BFAFDD29DCC4726BC1307CB7FA1C2CB8FFDC74065E5891CA4,lexical_candidate_only
ega-topic-constructible,72,184,label;section;text,0FJ3,exercises-section-constructible,exercises.tex,1172,section,section-constructible,DFB3FB50FE4608103B258ABE5C30796A3A144B35F659938194A75468C79992AC,lexical_candidate_only
ega-topic-constructible,73,184,label;section;text,05PB,flat-lemma-flattening-stratification-artinian,flat.tex,6566,lemma,section-flattening-artinian,04D834AC5DE7EEC25CE055C3B2A0FF8287A9F962A86689F8C597838597754BB0,lexical_candidate_only
ega-topic-constructible,74,184,label;section;text,0CAK,modules-lemma-constructible-comes-from-finite,modules.tex,3060,lemma,section-constructible,B625BEC62A45395EF1BAFFEAEFF2FDC3B0BB502C13B9A7E85113D261B6ADF1F2,lexical_candidate_only
ega-topic-constructible,75,184,label;section;text,0CAG,modules-section-constructible,modules.tex,2980,section,section-constructible,919184ED897BFD2598CF0C29FF2987555D91EAA0F57C27A7F384D15D24175363,lexical_candidate_only
ega-topic-constructible,76,184,label;section;text,0GL0,more-etale-theorem-constructible-shriek,more-etale.tex,4711,theorem,section-Dc,83855E21FCA6BC5ECE19C58082EEBE9DD42C5269B14C86B024F32951019ECBB2,lexical_candidate_only
ega-topic-constructible,77,184,label;section;text,0F2W,more-morphisms-lemma-affine-stratification-number-bound,more-morphisms.tex,21589,lemma,section-affine-stratifications,9C06D32C2D98D18B12F0342CC2B4E0B46661785BB3768078E3F0E8E602805084,lexical_candidate_only
ega-topic-constructible,78,184,label;section;text,0F2X,more-morphisms-lemma-affine-stratification-number-bound-Noetherian,more-morphisms.tex,21608,lemma,section-affine-stratifications,56CE131636991F69F9AE6D552E05A54DCEE6C757C7AC3E55A07B45542DFACB00,lexical_candidate_only
ega-topic-constructible,79,184,label;section;text,0ASY,more-morphisms-lemma-generic-flatness-stratification,more-morphisms.tex,15566,lemma,section-generic-flatness-stratification,CF8189119C65465715ABDD1168D04B6985F1891C975CBE5AB7032B69BC04EA90,lexical_candidate_only
ega-topic-constructible,80,184,label;section;text,0F2U,more-morphisms-lemma-qc-affine-stratification,more-morphisms.tex,21512,lemma,section-affine-stratifications,BF8AA269EAF11E817632F4205692EF01F13317C4E45EFA458010163B17948AC5,lexical_candidate_only
ega-topic-openness,1,185,label;section;text,07XP,artin-section-openness-versality,artin.tex,1991,section,section-openness-versality,49E0AAE7CF8974B00F3F3D1C81A8BEA1729C300310C259B4850CB0A9114C4FEF,lexical_candidate_only
ega-topic-openness,2,184,label;section;text,07XQ,artin-definition-openness-versality,artin.tex,1997,definition,section-openness-versality,C8350586AF7991D1EC62594B4AFBE412B7CE133EA5A67B537A87515C8ED6BE2F,lexical_candidate_only
ega-topic-openness,3,183,label;section;text,02V2,morphisms-lemma-composition-open,morphisms.tex,4496,lemma,section-open,28B190A74376B96BCF91F423A8AB4081BFE92155BC5E146F6CA03E24F4D095A9,lexical_candidate_only
ega-topic-openness,4,183,label;section;text,01TZ,morphisms-section-open,morphisms.tex,4448,section,section-open,598DC7D78FA3F84B7BF4CBF023A7164CC42E2BF2A77D0F21D9A448255208DB2C,lexical_candidate_only
ega-topic-openness,5,163,label;section,00RC,algebra-theorem-openness-flatness,algebra.tex,33407,theorem,section-open-flat,B71A63A3220C83AEB7D22A0E7925BAE4BFFFD926936943457CA1A04867570857,lexical_candidate_only
ega-topic-openness,6,163,label;section,0399,more-morphisms-theorem-openness-flatness,more-morphisms.tex,4446,theorem,section-open-flat,485E974879B38EF062C4BC273525D8759B20E2151693892AB08826BD5834AC4F,lexical_candidate_only
ega-topic-openness,7,163,label;section,05WV,spaces-more-morphisms-theorem-openness-flatness,spaces-more-morphisms.tex,5535,theorem,section-open-flat,86AFEAE0382012BBDE22CCF7B4040062D9AEC126CE491D796BAA007B991F6D07,lexical_candidate_only
ega-topic-openness,8,162,label;section,01U0,morphisms-definition-open,morphisms.tex,4451,definition,section-open,37BB8A3C3CDAACBA260BD25B9CBAEAACFF54AE6EA1146C1BA557219C80C6F477,lexical_candidate_only
ega-topic-openness,9,162,label;section,01U1,morphisms-lemma-locally-finite-presentation-universally-open,morphisms.tex,4473,lemma,section-open,F52083469899E4F216883443DACEE205F57CB4291AB84B9D6B1D1EA61061E0F0,lexical_candidate_only
ega-topic-openness,10,162,label;section,0383,morphisms-lemma-scheme-over-field-universally-open,morphisms.tex,4505,lemma,section-open,D54AD470B9425177DA3D7B82C15ADCD9E826B64995315829FB420226B0FEBB73,lexical_candidate_only
ega-topic-openness,11,113,label;text,07YU,artin-lemma-naive-obstruction-theory-gives-openness,artin.tex,4290,lemma,section-naive-obstruction-theory,E32853846D1A7ADF2900A820823152C6063DB539E2416415AD3A5D447A7BB962,lexical_candidate_only
ega-topic-openness,12,113,label;text,0GIA,artin-lemma-openness-versality,artin.tex,6235,lemma,section-contractions,C91BB74BF3D80EC9C6044742F8E4619387379A4A9BFB12C59C5CEFD67069D60B,lexical_candidate_only
ega-topic-openness,13,113,label;text,0CXV,artin-remark-trade-openness-versality-diagonal-with-strong-effectiveness,artin.tex,3170,remark,section-strong-formal-effectiveness,BB9D68361768C839657995F82D0778DDEB2C191A4BB84F05576C2A144E7B405B,lexical_candidate_only
ega-topic-openness,14,113,label;text,02G0,morphisms-lemma-openness-bounded-dimension-fibres-finite-presentation,morphisms.tex,5504,lemma,section-dimension-fibres,C920086EE417F9566F721373B33DBEDF1BF9F8E1752145F00BA653CA43867CCE,lexical_candidate_only
ega-topic-openness,15,113,label;text,04NU,spaces-morphisms-lemma-openness-bounded-dimension-fibres-finite-presentation,spaces-morphisms.tex,6821,lemma,section-dimension-fibres,8456FA83B10F734F9CEC5BFC075D8E418BDE1F753FAC2A8AFB3552B3192AF999,lexical_candidate_only
ega-topic-openness,16,93,section;text,0F30,more-morphisms-section-universally-open,more-morphisms.tex,21720,section,section-universally-open,FA2EA26AE97C230AA0BB61784B99A47FF69E3C63D564DE2390B5FD53D4DA7EF5,lexical_candidate_only
ega-topic-openness,17,92,label,0332,algebra-lemma-openness-normal-locus,algebra.tex,45443,lemma,section-japanese,0A4EB894D5FC7B7DB1571896056E4B15764443C948235C46EC83480174D43AD2,lexical_candidate_only
ega-topic-openness,18,92,section;text,00RD,algebra-section-CM-open,algebra.tex,33516,section,section-CM-open,21E220756EE895FF06063E30EB5E2B97E94EF25D1148ADD699AF77FC602599D2,lexical_candidate_only
ega-topic-openness,19,92,section;text,00R8,algebra-section-open-flat,algebra.tex,33228,section,section-open-flat,A3D0BEF6B7DBC447C1BF70BA506F8958CDA739BEC3B448BB10C61BD29AC29932,lexical_candidate_only
ega-topic-openness,20,92,label,0CXU,artin-lemma-SGE-implies-openness-versality,artin.tex,3065,lemma,section-strong-formal-effectiveness,5E711DDC20929AA10F853A40F382BFCAF6B80DDA15F4DEE74AD3A8DAB30D957D,lexical_candidate_only
ega-topic-openness,21,92,label,07YZ,artin-lemma-dual-openness,artin.tex,4498,lemma,section-dual,F6CB650CB82569EE055C2BB86C47F30CBE9A48A1FE54B21341C3E50A771E5C59,lexical_candidate_only
ega-topic-openness,22,92,label,0CYF,artin-lemma-get-openness-obstruction-theory,artin.tex,3732,lemma,section-obstruction-theory,C2923BD35707235E6BA4148CDFB1C8E19D4F809667A85223CA90F45E99D5A548,lexical_candidate_only
ega-topic-openness,23,92,label,07YN,artin-lemma-openness,artin.tex,4147,lemma,section-naive-obstruction-theory,B1E716C063625F5CB56F9094941BB2DEEDC7AA98DD2D9A2374F80B3AD2C04710,lexical_candidate_only
ega-topic-openness,24,92,label,0GI9,artin-lemma-openness-smoothness,artin.tex,6113,lemma,section-contractions,A4EFA80B8C1A259DA6A77EC56E4779F2F9007F05099E7DFFF87777A1490323A6,lexical_candidate_only
ega-topic-openness,25,92,section;text,0F36,more-morphisms-lemma-count-geometric-fibres-universally-open,more-morphisms.tex,21981,lemma,section-universally-open,6D663C2D4693329070B27E2E6AB0E1ED0A2EB823A4FD1770DB2B7A76C0A0526E,lexical_candidate_only
ega-topic-openness,26,92,section;text,0F37,more-morphisms-lemma-large-open,more-morphisms.tex,22019,lemma,section-universally-open,8491527323F1124B213154DE76F9DA8DAAAB2A03C0E891F2537DFA8971C3AF00,lexical_candidate_only
ega-topic-openness,27,92,section;text,0398,more-morphisms-section-open-flat,more-morphisms.tex,4439,section,section-open-flat,4B7474C85DB39E472F8A15FF6486DA35C04C5D4C19D686276D839662B146E000,lexical_candidate_only
ega-topic-openness,28,92,label,02FZ,morphisms-lemma-openness-bounded-dimension-fibres,morphisms.tex,5468,lemma,section-dimension-fibres,2F82D2FB4E8B3B838B5A9DE20F23DEE6A42E403106A12C1FEE9F475E0D209583,lexical_candidate_only
ega-topic-openness,29,92,section;text,05WU,spaces-more-morphisms-section-open-flat,spaces-more-morphisms.tex,5525,section,section-open-flat,823D93D53B0B851FF99E37FFF618CEBAB02B7C3021B4B6D60733A491039370E2,lexical_candidate_only
ega-topic-openness,30,92,section;text,03Z3,spaces-morphisms-lemma-base-change-universally-open,spaces-morphisms.tex,764,lemma,section-open,625AD83294D2B98B11376491D6DBF768F6EA91F26812E010ACA19005D7C7A086,lexical_candidate_only
ega-topic-openness,31,92,section;text,03Z4,spaces-morphisms-lemma-composition-open,spaces-morphisms.tex,774,lemma,section-open,4B4B7B839561B28D88D46032680F7260D5BD9C464FE14958678FE9C05D2DDBE9,lexical_candidate_only
ega-topic-openness,32,92,label,04NT,spaces-morphisms-lemma-openness-bounded-dimension-fibres,spaces-morphisms.tex,6788,lemma,section-dimension-fibres,9FC32CC6F9ADC399A724146B2BB5E84B0CB801DFEB50A944D5FD5963C38DB424,lexical_candidate_only
ega-topic-openness,33,92,section;text,03Z0,spaces-morphisms-section-open,spaces-morphisms.tex,695,section,section-open,46D0BB80AF847F1BE1A07191EE4D98D27C7BAC3E0B9A44DC1FFCF90923501DB7,lexical_candidate_only
ega-topic-openness,34,92,section;text,06U3,stacks-morphisms-lemma-base-change-universally-open,stacks-morphisms.tex,2315,lemma,section-open,7B9C60CC3BEDE0FAAF94020343F149E115DC799681A71F05AA0F878503C7594F,lexical_candidate_only
ega-topic-openness,35,92,section;text,06U4,stacks-morphisms-lemma-composition-universally-open,stacks-morphisms.tex,2325,lemma,section-open,A38E0331E9A0A872EBD20E6C849D9AD14406B960FF6CD0CAC1D8B37B2630B8B3,lexical_candidate_only
ega-topic-openness,36,92,section;text,06U0,stacks-morphisms-section-open,stacks-morphisms.tex,2245,section,section-open,5D508020D880360A558FF4326707431561D7134DE18AF23B547061DD950E7CA8,lexical_candidate_only
ega-topic-openness,37,91,label,01RQ,morphisms-example-birational-not-iso-over-open,morphisms.tex,13046,example,section-birational,9F2243BE0948556CB870D9C5C641B0E7F32C18F06CA8E92067E2CCE25FB26FB7,lexical_candidate_only
ega-topic-openness,38,91,label,01SF,morphisms-lemma-affine-s-open,morphisms.tex,2012,lemma,section-affine,A71713C65267418D1C8677CF5521C19BB58FCA02AC223DC1E19E2B7F2BD1FCB8,lexical_candidate_only
ega-topic-openness,39,91,label,0BAJ,morphisms-lemma-birational-isomorphism-over-dense-open,morphisms.tex,13370,lemma,section-generically-finite,325C3628936BE57387B20B55A1616DC94A3AF737E7D1AEC7A06C87BD7EB9AADC,lexical_candidate_only
ega-topic-openness,40,91,label,0552,morphisms-lemma-common-open,morphisms.tex,13147,lemma,section-birational,4BF062A7FDA0F16F65485B1DF75C568409FDA2A381EA146CFD9DA2038DA9BC59,lexical_candidate_only
ega-topic-openness,41,91,label,05LW,morphisms-lemma-constructible-containing-open,morphisms.tex,4423,lemma,section-constructible,6A1596EE0324D44612563D2C330FD54BDAD791B9E2B7358910F7231F8DF6DD15,lexical_candidate_only
ega-topic-openness,42,91,label,01US,morphisms-lemma-differentials-restrict-open,morphisms.tex,6388,lemma,section-sheaf-differentials,6B9E60624514896A278E21910C667E4F388F2DD86759F43502BD133127AC7311,lexical_candidate_only
ega-topic-openness,43,91,label,03WT,morphisms-lemma-etale-open,morphisms.tex,8274,lemma,section-etale,2E0C65407F8F15F3414283AA0B182A382D86B4E8483EFEF0597806CDD9BA7027,lexical_candidate_only
ega-topic-openness,44,91,label,0BAI,morphisms-lemma-finite-over-dense-open,morphisms.tex,13329,lemma,section-generically-finite,5DB9D61244B04BA8F9B5872BFE2F71F83CC1BCCF8EF05C8ED7BBE06A3F9D7E08,lexical_candidate_only
ega-topic-openness,45,91,label,081H,morphisms-lemma-flat-morphism-scheme-theoretically-dense-open,morphisms.tex,4942,lemma,section-flat,57C01EB938708D91FA6983ADE49FC128834C91E3137C1B3F44EA93227EE81A03,lexical_candidate_only
ega-topic-openness,46,91,label,01UA,morphisms-lemma-fppf-open,morphisms.tex,4798,lemma,section-flat,755DD76B681FEF02052171473F0BD5F743ABD2A46ADAF2A7CF9E46607F87E7CE,lexical_candidate_only
ega-topic-openness,47,91,label,0CVT,morphisms-lemma-pf-flat-module-open,morphisms.tex,4825,lemma,section-flat,FC6E78AD9D7720FA2316EF5CA8FC96E896D36C7834407F0C2E358C1174BAC610,lexical_candidate_only
ega-topic-openness,48,91,label,01TI,morphisms-lemma-quasi-finite-points-open,morphisms.tex,15202,lemma,section-Zariski,1FB644DCE3B74D44D5F648A4D7ABBB6D9F7F50D94888AFBDA52DDE4B713045F6,lexical_candidate_only
ega-topic-openness,49,91,label,056G,morphisms-lemma-smooth-open,morphisms.tex,7171,lemma,section-smooth,1480C3039C6AF66D198D1A7796DB283855AA77066E42089B26D2CB5E9CA0FAA0,lexical_candidate_only
ega-topic-openness,50,91,label,056I,morphisms-lemma-support-affine-open,morphisms.tex,642,lemma,section-support,E67D356DF9C4F1D77FB0321F9154C12A1FBEDF32BFFF02B3320B24944AB47026,lexical_candidate_only
ega-topic-openness,51,91,label,056F,morphisms-lemma-syntomic-open,morphisms.tex,5882,lemma,section-syntomic,00183F28680325CF3355DACD5E50C975C3B77313DA5C86F05EE9BD8AC92243C4,lexical_candidate_only
ega-topic-openness,52,91,label,0895,morphisms-remark-check-val-on-open,morphisms.tex,10330,remark,section-valuative-criteria,CFD86DFF955D38D31194F79A8F5FEB68BC54A2F2C7ED4DCB33D24BD7A9619AC5,lexical_candidate_only
ega-topic-openness,53,91,label,03HZ,morphisms-remark-quasi-finite-finite-over-dense-open,morphisms.tex,13294,remark,section-generically-finite,AEC128E5C5ADCB7C33A8B7538EBCC5FA70B471D96BAC51143C4F45705E86F7C9,lexical_candidate_only
ega-topic-openness,54,71,section,00R9,algebra-lemma-CM-dim-finite-type,algebra.tex,33236,lemma,section-open-flat,82D6621D2DB97B2C4994F2B6C79D75BE3882701CDC05B9AAEAD9D3320157811C,lexical_candidate_only
ega-topic-openness,55,71,section,00RK,algebra-lemma-CM-locus-commutes-base-change,algebra.tex,33739,lemma,section-CM-open,8CA647FFCEC0174C786BDDDC94386636B9A807C3A060ACD902A8CD48E2C8E320,lexical_candidate_only
ega-topic-openness,56,71,section,00RB,algebra-lemma-exact-on-fibres-open,algebra.tex,33307,lemma,section-open-flat,488307D51E52CFCD7BF1624080A5D30A99592921B7B090B9BACE5BC57D2599E6,lexical_candidate_only
ega-topic-openness,57,71,section,00RJ,algebra-lemma-extend-field-CM-locus,algebra.tex,33701,lemma,section-CM-open,8001D90040514FC4F1D269809D629F429EB519AEDCF422B5DF8FBC33C5E6B2CF,lexical_candidate_only
ega-topic-openness,58,71,section,00RH,algebra-lemma-finite-presentation-flat-CM-locus-open,algebra.tex,33623,lemma,section-CM-open,225DC7631648F96D0982AE6C5F57B739151B6D9DCE2C87D31E92DEDC820DF2CF,lexical_candidate_only
ega-topic-openness,59,71,section,00RF,algebra-lemma-finite-type-over-field-CM-open,algebra.tex,33572,lemma,section-CM-open,EC8EE947078F12BF774E24E1EF6804824B119BE2D78404DFC66039D62FEAF934,lexical_candidate_only
ega-topic-openness,60,71,section,00RG,algebra-lemma-generic-CM,algebra.tex,33609,lemma,section-CM-open,58505BD5FCD368ED9C5298E7ED7BEBA494FD900292E5DBA15DEE425DD878E038,lexical_candidate_only
ega-topic-openness,61,71,section,00RI,algebra-lemma-generic-CM-flat-finite-presentation,algebra.tex,33684,lemma,section-CM-open,8ED72F83274DDEF98013844D3B22906657801B951DF79B489B4BFF7572BF49CC,lexical_candidate_only
ega-topic-openness,62,71,section,00RA,algebra-lemma-open-regular-sequence,algebra.tex,33262,lemma,section-open-flat,64CFEEB4E94EF80662733F4D0AA9038C4F0C5B339593A37EF63A17FA18B012DD,lexical_candidate_only
ega-topic-openness,63,71,section,00RL,algebra-lemma-relative-dimension-CM,algebra.tex,33757,lemma,section-CM-open,887A81FEA05F5CCDF064ADAC6E4ED1ADCE8F046E54DF01290CCE45388025636A,lexical_candidate_only
ega-topic-openness,64,71,section,00RE,algebra-lemma-where-CM,algebra.tex,33525,lemma,section-CM-open,3B8FC32C5CF662C61986CBF02080DDDF70E92D8545204E6823DEC98F040B4D0E,lexical_candidate_only
ega-topic-openness,65,71,section,07XS,artin-equation-smooth,artin.tex,2051,equation,section-openness-versality,E9EC74365721AFB7654F8A27048AD31992D99B24C236BFAAF33C75D6939491C9,lexical_candidate_only
ega-topic-openness,66,71,section,07XR,artin-example-versality,artin.tex,2021,example,section-openness-versality,C59361BBD173B3982D9D1B7C4D49B41F9D4B67DB060DA4F6C38071B98B8AE7A2,lexical_candidate_only
ega-topic-openness,67,71,section,07XV,artin-lemma-base-change-smooth,artin.tex,2098,lemma,section-openness-versality,215B6C3280AAAFB6F40B9BCB33AB384BEDF7D0A0F8D044E6869CC1248B1805A7,lexical_candidate_only
ega-topic-openness,68,71,section,07XU,artin-lemma-composition-smooth,artin.tex,2085,lemma,section-openness-versality,EE07A3597F214574BF8FBCFC0DA3E47BAC0988C569E911810A4F42332F90305D,lexical_candidate_only
ega-topic-openness,69,71,section,07XY,artin-lemma-get-smooth,artin.tex,2191,lemma,section-openness-versality,5D7F31EC4FC1A27803AA168C6CF6E52F4B4FE8773090E1DDE7A908149C489BEA,lexical_candidate_only
ega-topic-openness,70,71,section,07XX,artin-lemma-implies-smooth,artin.tex,2128,lemma,section-openness-versality,7B9B467AF86F37F2BE66320F689AB18DC6C6899CFE09560481FB0D1ECEA68A76,lexical_candidate_only
ega-topic-openness,71,71,section,07XW,artin-lemma-smooth-smooth,artin.tex,2115,lemma,section-openness-versality,E087C209CA0A74B029DC389DDFBF0574EF4C05A78F41FEF7955A43BC3D80C322,lexical_candidate_only
ega-topic-openness,72,71,section,07XT,artin-lemma-versal-smooth,artin.tex,2064,lemma,section-openness-versality,3A5AD8C6C91E55716AC6CF79B2CD3EBDCF1F70F408F7783DDD4967703D9D94FF,lexical_candidate_only
ega-topic-openness,73,71,section,0F33,more-morphisms-lemma-characterize-universally-open-finite,more-morphisms.tex,21847,lemma,section-universally-open,D8FB513B38E24AE2A7DDA33C9F680ACA95D670AE4CF09B61E16EB2C031E7CF57,lexical_candidate_only
ega-topic-openness,74,71,section,0F35,more-morphisms-lemma-count-geometric-fibres,more-morphisms.tex,21960,lemma,section-universally-open,D261E3B54BDE96EA77C31AAD1A799D358AA1A449812165990D63CAB175BF996C,lexical_candidate_only
ega-topic-openness,75,71,section,0F34,more-morphisms-lemma-descend-quasi-finite-universally-open,more-morphisms.tex,21878,lemma,section-universally-open,BBA49327AA620084F9FD5D6D452EA28CCDF7E6D4E827509E639670ACD27C9C06,lexical_candidate_only
ega-topic-openness,76,71,section,047C,more-morphisms-lemma-flat-locus-base-change,more-morphisms.tex,4468,lemma,section-open-flat,3888335844A678E66ED85C2AD3B12C8A8971B1835EE792EBCA628EC14591304A,lexical_candidate_only
ega-topic-openness,77,71,section,0F32,more-morphisms-lemma-quasi-finite-Noetherian-universally-open,more-morphisms.tex,21788,lemma,section-universally-open,16FE11B0BCB32A5F63C5E08A7526242A828F1717E1567271EBBE4DDFAC7B0B58,lexical_candidate_only
ega-topic-openness,78,71,section,0F31,more-morphisms-lemma-test-universally-open,more-morphisms.tex,21726,lemma,section-universally-open,9B04C8BF42C3ABFEB2F4A0AA9E4055BD4A6E04980E68DF83E657C9489D9AA527,lexical_candidate_only
ega-topic-openness,79,71,section,04ZE,morphisms-lemma-descent-quasi-compact,morphisms.tex,4545,lemma,section-open,521E8384A0BE891EA2A4F1E5F9779F848737461678F70EBECA619FF9601573D6,lexical_candidate_only
ega-topic-openness,80,71,section,040F,morphisms-lemma-open-generizing,morphisms.tex,4519,lemma,section-open,3A5853FAFC5D4A1AD407F70227221091BC3C4DEADEF4DE7FE00EC4992E8C2002,lexical_candidate_only
ega-topic-formal,1,192,label;section;text,0EEU,more-algebra-lemma-when-derived-completion-is-completion,more-algebra.tex,27318,lemma,section-derived-completion-noetherian,4BE96E3D0D6E9D07D50853EC3473CD0EB7E9DA632D2C5581810752DD229BE3A8,lexical_candidate_only
ega-topic-formal,2,187,label;section;text,0319,algebra-lemma-change-ideal-completion,algebra.tex,22806,lemma,section-completion,9EE948F9D747D0E1BD6615A56E4147C6E5F31A6411827141947BC0B4C4D5F31F,lexical_candidate_only
ega-topic-formal,3,187,label;section;text,0A0F,algebraization-remark-localization-and-completion,algebraization.tex,1341,remark,section-derived-completion,CE4078BAF6FFD122B4FD04E73F1E55CE39A87031D28C713242D9F74076775814,lexical_candidate_only
ega-topic-formal,4,187,label;section;text,0GBS,formal-spaces-lemma-adic-homomorphism,formal-spaces.tex,5408,lemma,section-adic,6A572EEA4CF787C62B050AD3012E687006C7016197DED5A90C51E4081D01FFA1,lexical_candidate_only
ega-topic-formal,5,186,label;section;text,00MC,algebra-lemma-completion-faithfully-flat,algebra.tex,22977,lemma,section-completion-noetherian,063B511B897EEA82FB12F43235FE729CBDC017EA9FAE152D023D29A48FBB68F7,lexical_candidate_only
ega-topic-formal,6,186,label;section;text,0394,algebra-lemma-finite-after-completion,algebra.tex,23100,lemma,section-completion-noetherian,E43B0EBBE139E2D0E50A5D8121285018168894CC6E169C4100815537A77038BF,lexical_candidate_only
ega-topic-formal,7,186,label;section;text,05GI,algebra-lemma-radical-completion,algebra.tex,22734,lemma,section-completion,FFDA8C1F39BAD93BF6183724D4912D569AF2674788567D16BF2AB45B744F15A4,lexical_candidate_only
ega-topic-formal,8,186,label;section;text,0CQH,algebraization-remark-compare-with-completion,algebraization.tex,1316,remark,section-derived-completion,DBA9A69A7DA444BE93006290A1B556A10C8F21DDD89D021BD0FD4935DEEF267E,lexical_candidate_only
ega-topic-formal,9,186,label;section;text,0DZ5,examples-defos-lemma-smooth-completion,examples-defos.tex,2275,lemma,section-compare,52B6C2FBDA6D901542B1705E5BB5485AABB091B5501241885148BF5352A08E7E,lexical_candidate_only
ega-topic-formal,10,186,label;section;text,0GBR,formal-spaces-definition-adic-homomorphism,formal-spaces.tex,1275,definition,section-adic-ring-maps,2C213959BDE24A4CE9F4748027D1F33E90A82EE9E4B0686AF21E331A16D1E9A3,lexical_candidate_only
ega-topic-formal,11,186,label;section;text,0GBU,formal-spaces-lemma-adic-into-completion,formal-spaces.tex,7098,lemma,section-map-out-of,027A43700538F2B1B023E8F923FEB7B6AA58EC14788C84CF0A2CB19D5A625C66,lexical_candidate_only
ega-topic-formal,12,186,label;section;text,0GXX,formal-spaces-lemma-affine-formal-completion-subspace-types,formal-spaces.tex,8054,lemma,section-completion-subspace,022D0A3A8D67E9FD1D4C6F47BDE1A5F371C633EC072002CC0892123922384428,lexical_candidate_only
ega-topic-formal,13,186,label;section;text,0GXA,formal-spaces-lemma-composition-adic,formal-spaces.tex,1288,lemma,section-adic-ring-maps,CB796C9E9BC98BF73B9B03BE58C0DCF59C73C888F4621D1C8ACD3E9C75867A66,lexical_candidate_only
ega-topic-formal,14,186,label;section;text,0GXY,formal-spaces-lemma-formal-completion-subspace-types,formal-spaces.tex,8074,lemma,section-completion-subspace,DA9A7F513F1F4C60FFF1969D98A97F70F9C99617FEA7FE6BC460529645AF4D0D,lexical_candidate_only
ega-topic-formal,15,186,label;section;text,0GXB,formal-spaces-lemma-permanence-adic,formal-spaces.tex,1299,lemma,section-adic-ring-maps,6C1A51231BEFEC1331D96A509BAA1D8D496790AF17BD8273DAB8F6F271A86E19,lexical_candidate_only
ega-topic-formal,16,186,label;section;text,0APU,formal-spaces-lemma-taut-is-adic,formal-spaces.tex,1340,lemma,section-adic-ring-maps,F00E4568E9D85FF9CEE54A210AA56F04868A849CC9A66F84095B1549BF3C7D78,lexical_candidate_only
ega-topic-formal,17,186,label;section;text,0AQ2,formal-spaces-section-adic,formal-spaces.tex,5396,section,section-adic,4ED5E1C5D95E0B283B501A3D5C4F5E1057BD021D6F9CA4BEBE8B210050C411A7,lexical_candidate_only
ega-topic-formal,18,186,label;section;text,0AIX,formal-spaces-section-completion,formal-spaces.tex,2925,section,section-completion,4EACDD9D7F194F3C0DF6129E2B03D3978CA730F1DF3BC787B4A93C2A1791492D,lexical_candidate_only
ega-topic-formal,19,186,label;section;text,0GXT,formal-spaces-section-completion-subspace,formal-spaces.tex,7972,section,section-completion-subspace,65E2F8F71F3E38F98A33BBB659A395774C3EACF4D339698828BF82302D3C7524,lexical_candidate_only
ega-topic-formal,20,186,label;section;text,0A06,more-algebra-lemma-derived-completion-pseudo-coherent,more-algebra.tex,27266,lemma,section-derived-completion-noetherian,9FC7495CAB41258A25D76F50A00ACAA967323271700C6A36B0D57AD2B1A85565,lexical_candidate_only
ega-topic-formal,21,186,label;section;text,0922,more-algebra-proposition-noetherian-naive-completion-is-completion,more-algebra.tex,27218,proposition,section-derived-completion-noetherian,B38CF6D643598041A66D0CA7B411EA1DDDDBE0A32BECD3DE4788F237157528A8,lexical_candidate_only
ega-topic-formal,22,186,label;section;text,0G3E,more-algebra-remark-derived-completion,more-algebra.tex,26234,remark,section-derived-completion,7DB3B505A71E26E18A531B08BB7B72A921FC7F8D5BFF71426D8FA26ADCA458DE,lexical_candidate_only
ega-topic-formal,23,186,label;section;text,0BG5,resolve-lemma-iso-completions,resolve.tex,2749,lemma,section-aux,C24786A1660F9EFD43EF5CCB07C93A76700822A77CF9A84BB2767FC6ECFD7000,lexical_candidate_only
ega-topic-formal,24,186,label;section;text,0484,spaces-more-morphisms-lemma-when-universally-injective-radicial,spaces-more-morphisms.tex,102,lemma,section-radicial,F1828543B008268A4E2E725BB5DC1322AECBB03DB02F22BD9FFB630ACB8193F0,lexical_candidate_only
ega-topic-formal,25,185,label;section;text,031C,algebra-lemma-completion-complete,algebra.tex,22995,lemma,section-completion-noetherian,36632F444992ACB6C16DAEA111BE19FB7D168A2BECB09ED66D7A5CDBCA1F831E,lexical_candidate_only
ega-topic-formal,26,185,label;section;text,00MA,algebra-lemma-completion-tensor,algebra.tex,22901,lemma,section-completion-noetherian,6BABFE57FCE51F230A803E97C17FB39AFCB2C981BC18157B1D5FB931163ADEFF,lexical_candidate_only
ega-topic-formal,27,185,label;section;text,00M9,algebra-section-completion,algebra.tex,22529,section,section-completion,C07005C603382A64DE1D7D8501AAA52985DCF06EC05699CFD9AB08A41E9CF017,lexical_candidate_only
ega-topic-formal,28,185,label;section;text,0BNH,algebra-section-completion-noetherian,algebra.tex,22894,section,section-completion-noetherian,40C73A108A52C04B43163E99F51FBED0A176C763FDC13BF763FFCD46F2D8C6C6,lexical_candidate_only
ega-topic-formal,29,185,label;section;text,0AMD,algebra-section-radical,algebra.tex,3547,section,section-radical,C2EA483FBF499579D847FFBC1A5CB648B82A0C7335121066CA6352750C54F7DF,lexical_candidate_only
ega-topic-formal,30,185,label;section;text,0A0E,algebraization-lemma-derived-completion-koszul,algebraization.tex,1091,lemma,section-derived-completion,EBA244E6340263939D7AF82210005B8FFDDCAF5E0FAD76D36334A48FCA3CFDC0,lexical_candidate_only
ega-topic-formal,31,185,label;section;text,0CQI,algebraization-remark-local-calculation-derived-completion,algebraization.tex,1596,remark,section-derived-completion,135A2EA8B765DB33438C084B118719AF694E1F07CDEF61B3D0FBA72DC4AFEDDF,lexical_candidate_only
ega-topic-formal,32,185,label;section;text,0DZ4,examples-defos-lemma-first-order-completion,examples-defos.tex,2166,lemma,section-compare,A27376FB3C4928C52D969858C889EA986BB929130CC651B73BE03473645C82BB,lexical_candidate_only
ega-topic-formal,33,185,label;section;text,05JG,examples-lemma-completion-not-exact,examples.tex,557,lemma,section-completion-not-exact,13C148B3FAAEDE9B3A8051E55F7606184ACEC2CC5242BB4CB71B3944F2C3CC2A,lexical_candidate_only
ega-topic-formal,34,185,label;section;text,05JC,examples-lemma-noncomplete-completion,examples.tex,437,lemma,section-noncomplete-completion,5B8703941A37BE6590B3AF0886F3F94D4E5D481810AC6AFE0D6CABEF7E01B74D,lexical_candidate_only
ega-topic-formal,35,185,label;section;text,0ALE,examples-lemma-nonflat-completion-localization,examples.tex,925,lemma,section-nonflat,5153CFCFB8A36A0BA29132D226610E62B66A7CD905320C047CF552C50DE53B15,lexical_candidate_only
ega-topic-formal,36,185,label;section;text,0GHI,examples-lemma-nonreduced-recompletion,examples.tex,1390,lemma,section-another-local-completion-nonreduced,952AD33C26AF79812D88E132174AE64D9EBC3F5DA57EC5A88AF65DE3F72695E4,lexical_candidate_only
ega-topic-formal,37,185,label;section;text,05JF,examples-section-completion-not-exact,examples.tex,526,section,section-completion-not-exact,DF15448D238DF37AC70DA0988D4BD8ECD4EE58AA61C496C2075DD1EFB9CB6763,lexical_candidate_only
ega-topic-formal,38,185,label;section;text,05JA,examples-section-noncomplete-completion,examples.tex,307,section,section-noncomplete-completion,C8AE4EFFECADC520FF1B4C82064963DD56E8B3AF2E7CD2273A300AE5F00521F9,lexical_candidate_only
ega-topic-formal,39,185,label;section;text,05DL,flat-lemma-universally-injective-to-completion,flat.tex,2060,lemma,section-completion-ML,EA59066C8E5655E7EA937E1099F381FF52CB9948B5B3067756760CB585806C2A,lexical_candidate_only
ega-topic-formal,40,185,label;section;text,06HA,formal-defos-remark-completion-restriction-adjoint,formal-defos.tex,1623,remark,section-formal-objects,1381ECEC2C1A791719BF5EE98FF2B2397044B1EEFDA5ADE9631AF8372156C000,lexical_candidate_only
ega-topic-formal,41,185,label;section;text,0AQ3,formal-spaces-definition-adic-morphism,formal-spaces.tex,5453,definition,section-adic,3C7B62A6908BF5631CA939F6FAF33B8B6CD828C24CA93D8C54BBD0723D55FD87,lexical_candidate_only
ega-topic-formal,42,185,label;section;text,0AMC,formal-spaces-definition-completion,formal-spaces.tex,2993,definition,section-completion,CFD3541FF549AE8FEFF8850C1E6AE04912A68988A847D77E8D816508EBFA8FD1,lexical_candidate_only
ega-topic-formal,43,185,label;section;text,0GVS,formal-spaces-definition-completion-formal-algebraic-space,formal-spaces.tex,7811,definition,section-recompletion,DC217B8DAD2D35DA37D6C690270DE5731CD81F34227B2084A4AAF13B29263710,lexical_candidate_only
ega-topic-formal,44,185,label;section;text,0GXE,formal-spaces-definition-weakly-adic,formal-spaces.tex,1378,definition,section-weakly-adic,C4B897545D4590C1EE9776E4752E3A87A4B74790AC999BE5F07B714F1C9D0157,lexical_candidate_only
ega-topic-formal,45,185,label;section;text,0GXC,formal-spaces-lemma-adic-taut,formal-spaces.tex,1317,lemma,section-adic-ring-maps,07BA80AA5B7A56A8A3511627132D29179A785E4B9E4FF0578E075084E56B6DA4,lexical_candidate_only
ega-topic-formal,46,185,label;section;text,0GBA,formal-spaces-lemma-affine-formal-completion-types,formal-spaces.tex,3059,lemma,section-completion,B9AB246EE73107549F95431B76BBB7134F1613F6CE9C0BEDB422B4C375CEF651,lexical_candidate_only
ega-topic-formal,47,185,label;section;text,0GXJ,formal-spaces-lemma-completed-tensor-product-weakly-adic,formal-spaces.tex,1539,lemma,section-weakly-adic,A4E04CF87ECF462677C2BF388FA78DBCB3351C80B17C0556C079A02F345643E2,lexical_candidate_only
ega-topic-formal,48,185,label;section;text,0GXI,formal-spaces-lemma-taut-ascent-weakly-adic,formal-spaces.tex,1524,lemma,section-weakly-adic,19854817C7CAF14AF2A2091A562BF29CFABA64CA9C2A946C83CB3D020B175063,lexical_candidate_only
ega-topic-formal,49,185,label;section;text,0GXF,formal-spaces-lemma-weakly-adic,formal-spaces.tex,1416,lemma,section-weakly-adic,DC5D95BC2C7C3972F9522FDBB776E1F385093FD2BC369B8B51FCBCA65A9BAC77,lexical_candidate_only
ega-topic-formal,50,185,label;section;text,0GXH,formal-spaces-lemma-weakly-adic-finite-generation,formal-spaces.tex,1497,lemma,section-weakly-adic,87EA247E217DAD3ACED1EF8946145AFC8F2F3265B5E79C58A2DFF213D5E49BDE,lexical_candidate_only
ega-topic-formal,51,185,label;section;text,0GX9,formal-spaces-section-adic-ring-maps,formal-spaces.tex,1269,section,section-adic-ring-maps,578F4945BB5E7626B419E4B9CF15024DD7F97A4EDAB6FC574AE0CA1AF158E336,lexical_candidate_only
ega-topic-formal,52,185,label;section;text,0GVP,formal-spaces-section-recompletion,formal-spaces.tex,7744,section,section-recompletion,91A69C92303DB403443136651D64C4D3799C098F086E536B7364EBF806A1D3DA,lexical_candidate_only
ega-topic-formal,53,185,label;section;text,0GXD,formal-spaces-section-weakly-adic,formal-spaces.tex,1371,section,section-weakly-adic,9249C1254EAE181B0321461633D93967828F72FC3F1ECA3B1B42F271E404C385,lexical_candidate_only
ega-topic-formal,54,185,label;section;text,0AGW,more-algebra-lemma-flat-after-completion,more-algebra.tex,6527,lemma,section-completion-flat,2DEEB3644A8A342F32F95C28661E519E334982E529B37C70C2C2861789BAF042,lexical_candidate_only
ega-topic-formal,55,185,label;section;text,05BC,more-algebra-lemma-ui-completion-direct-sum-into-product,more-algebra.tex,6318,lemma,section-completion-flat,B008BA2F29EDE6832DD5697A42C3C1F86313C40FCCA28C0DAE6418AD1F7154AA,lexical_candidate_only
ega-topic-formal,56,185,label;section;text,06LD,more-algebra-section-completion-flat,more-algebra.tex,6311,section,section-completion-flat,9C02F891BAA11189BD382367D12039606912F6084D432D544C32D976CA7D359B,lexical_candidate_only
ega-topic-formal,57,185,label;section;text,0BKF,more-algebra-section-derived-completion-principal,more-algebra.tex,26775,section,section-derived-completion-principal,80D66ECE04B1984CC1369A4BE2087957EA1F91FE7160CF6C3582D957E7FF97AF,lexical_candidate_only
ega-topic-formal,58,185,label;section;text,07NU,more-algebra-section-permanence-completion,more-algebra.tex,10610,section,section-permanence-completion,9FFDEEF0CAA0C5AA25FF7A614E766B6A3C3FAC05E2958834DC5B67124E99E179,lexical_candidate_only
ega-topic-formal,59,185,label;section;text,0BWR,more-algebra-section-principal-radical-ideals,more-algebra.tex,37971,section,section-principal-radical-ideals,7D9EE5B50DF6948C0241A3665C2D010F9C9F8C388032E8874FE3E19DBE837AFF,lexical_candidate_only
ega-topic-formal,60,185,label;section;text,01S2,morphisms-section-radicial,morphisms.tex,1555,section,section-radicial,D95F7C30BE2036A2B25FF5F62D5768AC2415FECB5A314B58EA0E181B63942BCB,lexical_candidate_only
ega-topic-formal,61,185,label;section;text,099L,proetale-section-derived-completion-noetherian,proetale.tex,4273,section,section-derived-completion-noetherian,1A2E3B1EE4DF76A780AF46E6EA8E9129CD4B93EC25300EDA71412A0548AE688E,lexical_candidate_only
ega-topic-formal,62,185,label;section;text,099P,proetale-section-derived-completion-proetale,proetale.tex,4391,section,section-derived-completion-proetale,239084DC39B14F4ED353105A83A5C871667FBBA7546F623BD214A96B5E78C180,lexical_candidate_only
ega-topic-formal,63,185,label;section;text,0GDP,restricted-section-completion-and-morphisms,restricted.tex,6179,section,section-completion-and-morphisms,4373A55CF5AC53A91822E99EEDE4C2A7748008F56098E95FC2F939467FB576E3,lexical_candidate_only
ega-topic-formal,64,185,label;section;text,0483,spaces-more-morphisms-example-universally-injective-not-radicial,spaces-more-morphisms.tex,84,example,section-radicial,E38D468A4D76F962D749F98917CA22B7E0858EECA137FC18EAAB0003877CD059,lexical_candidate_only
ega-topic-formal,65,185,label;section;text,0480,spaces-more-morphisms-section-radicial,spaces-more-morphisms.tex,51,section,section-radicial,AB9A9ECFAA5C0760E8BA2497EE4FEDFFD97C5EC02592E6ACA536790193640FA3,lexical_candidate_only
ega-topic-formal,66,185,label;section;text,0BHP,spaces-resolve-lemma-iso-completions,spaces-resolve.tex,616,lemma,section-aux,37CAD08F13ADA9AA21B6B79E6C4DFA1967F0317CE8FA62548FF4CF899D3A2BAF,lexical_candidate_only
ega-topic-formal,67,185,label;section;text,03UL,trace-section-l-adic-sheaves,trace.tex,1977,section,section-l-adic-sheaves,4A7E877AE9B25AB351A1A21087AD660A6E3291DA64C5C27EFCEB72614BCAC54E,lexical_candidate_only
ega-topic-formal,68,184,label;section;text,05GH,algebra-lemma-completion-Noetherian,algebra.tex,23011,lemma,section-completion-noetherian,46B86E9394EF63582F64D31C35D7B68089B129560B17DCC1DB921B622BFD9963,lexical_candidate_only
ega-topic-formal,69,184,label;section;text,0316,algebra-lemma-completion-Noetherian-Noetherian,algebra.tex,23065,lemma,section-completion-noetherian,8A2FBD4FBFB4F36AA7F1FA3AA40188BB12A8CE6676C65D5746590654F3988153,lexical_candidate_only
ega-topic-formal,70,184,label;section;text,0BNG,algebra-lemma-completion-differ-by-torsion,algebra.tex,22681,lemma,section-completion,17701BBD312217F90A2796066F85900F4F603C75AF7C64C4D128BAF199173655,lexical_candidate_only
ega-topic-formal,71,184,label;section;text,07N9,algebra-lemma-completion-finite-extension,algebra.tex,23135,lemma,section-completion-noetherian,242B9628FE1079953E45D09C9C6470D69C5623CE0F7A40007F6F1FB753C36E7E,lexical_candidate_only
ega-topic-formal,72,184,label;section;text,00MB,algebra-lemma-completion-flat,algebra.tex,22956,lemma,section-completion-noetherian,C750AEE5B658858E5AC622D289C3AE3C5791C4CEEE5D2349B9049AD16C1A1AF8,lexical_candidate_only
ega-topic-formal,73,184,label;section;text,0AME,algebra-lemma-contained-in-radical,algebra.tex,3555,lemma,section-radical,A8F43CCA9E70D4D4F6EFF587C72B33510621A974FD26BBFB971D6DA11E58534A,lexical_candidate_only
ega-topic-formal,74,184,label;section;text,0EKN,algebraization-section-completion,algebraization.tex,4513,section,section-completion,38C7F9AF1A595F821037FD17C16998749F4B6D2CDA17E28E6F6AFD6EC1D00973,lexical_candidate_only
ega-topic-formal,75,184,label;section;text,0EKX,algebraization-section-completion-application,algebraization.tex,7865,section,section-completion-application,2999BA0B009A1D5B0656BB7D372D4F489309F6E31E1C58C2CF92500A2FA8E516,lexical_candidate_only
ega-topic-formal,76,184,label;section;text,0995,algebraization-section-derived-completion,algebraization.tex,734,section,section-derived-completion,D914CE597F9B901263AF3A13A371EBED91EB3BE30AA5E74A9AC558D2B5AB642E,lexical_candidate_only
ega-topic-formal,77,184,label;section;text,0ALC,examples-lemma-completion-polynomial-ring-not-flat,examples.tex,816,lemma,section-nonflat,DE8C16701143AD66AE81070BEE9380B25ED83A29960535B5D124D37BE6F3B103,lexical_candidate_only
ega-topic-formal,78,184,label;section;text,0GHH,examples-section-another-local-completion-nonreduced,examples.tex,1293,section,section-another-local-completion-nonreduced,9FB1522790C9E22E4B98A1057519A3CA6DE69D93F57B4DB3059C7F134B6D2834,lexical_candidate_only
ega-topic-formal,79,184,label;section;text,02JD,examples-section-local-completion-nonreduced,examples.tex,1197,section,section-local-completion-nonreduced,CFAA4D2C43151BF4C45532ED8CB79B6110F0DCBD9E7DB82D4E6031221C5CC58A,lexical_candidate_only
ega-topic-formal,80,184,label;section;text,05DI,flat-section-completion-ML,flat.tex,1999,section,section-completion-ML,DE2F6727D404EF99CE0412563AB75E92EFA6749AB1545202562F54BA56350622,lexical_candidate_only
ega-topic-qcoh,1,189,label;section;text,0GNB,descent-lemma-properties-quasi-coherent,descent.tex,3210,lemma,section-quasi-coherent-sheaves-bis,CB10614984ED89D8D579DE1BDDBCBBC9906A2318D7D62D65F0419BCC5CDCA911,lexical_candidate_only
ega-topic-qcoh,2,188,label;section;text,0GNC,descent-lemma-properties-quasi-coherent-on-big,descent.tex,3298,lemma,section-quasi-coherent-sheaves-bis,6169281D9F1B0B1AF90CCF2189B77A35EFBEAB83EE8484F0A8842B5DD076F693,lexical_candidate_only
ega-topic-qcoh,3,188,label;section;text,03M1,spaces-properties-lemma-properties-quasi-coherent,spaces-properties.tex,5441,lemma,section-quasi-coherent,E102FBA20B0224D4397E2B9B4F26076E35DA15FC09E88C7DF206596B2D7AD4D7,lexical_candidate_only
ega-topic-qcoh,4,187,label;section;text,03DV,descent-lemma-quasi-coherent-gives-quasi-coherent,descent.tex,2399,lemma,section-quasi-coherent-sheaves,5C858BCDBBD9D8EF4E703127C4FC5BCFAE8B27FDC84AC6F6C53DA73C111215FA,lexical_candidate_only
ega-topic-qcoh,5,187,label;section;text,078C,examples-section-push-quasi-coherent,examples.tex,2242,section,section-push-quasi-coherent,22DFDBE037C4FBCADA92249F156EF209D26FA418DC9FBD71097721FF87BEB4A4,lexical_candidate_only
ega-topic-qcoh,6,187,label;section;text,02CF,modules-remark-infinite-direct-sum-quasi-coherent-not,modules.tex,1078,remark,section-quasi-coherent,1368F2897CD2EE59D884B02D929CE94B99431B09EEAE41D44D5B42B898CAD143,lexical_candidate_only
ega-topic-qcoh,7,187,label;section;text,03G5,spaces-properties-section-quasi-coherent,spaces-properties.tex,5207,section,section-quasi-coherent,C9CF73F691C391BA210EB8DAEBF933361553B760A17B553A13FCE240602AB539,lexical_candidate_only
ega-topic-qcoh,8,187,label;section;text,06WG,stacks-sheaves-definition-quasi-coherent,stacks-sheaves.tex,1534,definition,section-quasi-coherent,B308D510B453025EA555138D74625F6C4EA6718EA1A41AB9A1CF667EFC4446C2,lexical_candidate_only
ega-topic-qcoh,9,186,label;section;text,023B,descent-definition-descent-datum-quasi-coherent,descent.tex,46,definition,section-equivalence,8DAA4546C976BF17F4EA5AB5F73762A4F7EE2D2E7617CE14F45209329E856964,lexical_candidate_only
ega-topic-qcoh,10,186,label;section;text,0GN9,descent-section-quasi-coherent-sheaves-bis,descent.tex,2995,section,section-quasi-coherent-sheaves-bis,3560D0DECC091E3EAB5F80E6B4E85B8C26751EC43FD08AE23B900AF921CD20E2,lexical_candidate_only
ega-topic-qcoh,11,186,label;section;text,03OF,etale-cohomology-section-quasi-coherent,etale-cohomology.tex,1326,section,section-quasi-coherent,E9A8FC0CD26150C752A66DD95C967AC7093D15BFC2A8CC86BB34EF13666228FC,lexical_candidate_only
ega-topic-qcoh,12,186,label;section;text,0ALG,examples-lemma-quasi-coherent-not-abelian,examples.tex,987,lemma,section-nonabelian-QCoh,8823D63479CCDC328A33F780655AE51C5B834EB7E70FCDBCC78C2A434BF65816,lexical_candidate_only
ega-topic-qcoh,13,186,label;section;text,0404,examples-stacks-section-stack-of-finitely-generated-quasi-coherent-sheaves,examples-stacks.tex,186,section,section-stack-of-finitely-generated-quasi-coherent-sheaves,7DEAC7A2CEC658F51D3FF3A1B3C19247818546F01D8A754A5EA5FA13BA267F6D,lexical_candidate_only
ega-topic-qcoh,14,186,label;section;text,01QZ,morphisms-lemma-largest-quasi-coherent-subsheaf,morphisms.tex,442,lemma,section-closed-immersions-quasi-coherent,232374DA222351735E9C41D5ABF56B09DB4AD4FC608C6EEB13C05FD0870B6C54,lexical_candidate_only
ega-topic-qcoh,15,186,label;section;text,01I6,schemes-section-quasi-coherent-affine,schemes.tex,1068,section,section-quasi-coherent-affine,CE50229785E68F6CBE6CE9D74333288C277D8DDFFBD3646741C59BA2C0D1C506,lexical_candidate_only
ega-topic-qcoh,16,186,label;section;text,04CK,spaces-morphisms-lemma-largest-quasi-coherent-subsheaf,spaces-morphisms.tex,2593,lemma,section-closed-immersions-quasi-coherent,4E143F10E306B358844CD14F1508AF4B682C026E2FD89F8B717531BC61751EF8,lexical_candidate_only
ega-topic-qcoh,17,186,label;section;text,03G9,spaces-properties-definition-quasi-coherent,spaces-properties.tex,5223,definition,section-quasi-coherent,EF944750D96B516489CA44049979CC77D1C64CCEBFA20917BE5C62D158D58D9A,lexical_candidate_only
ega-topic-qcoh,18,186,label;section;text,07B0,stacks-cohomology-lemma-shriek-quasi-coherent,stacks-cohomology.tex,3301,lemma,section-quasi-coherent-modules-II,0064EF20F8887E34AC3ECEAEFCE9C864C747FD4B1002C5B6B183C3FFA2FD3C07,lexical_candidate_only
ega-topic-qcoh,19,186,label;section;text,0777,stacks-cohomology-section-quasi-coherent,stacks-cohomology.tex,1404,section,section-quasi-coherent,18FBBCBB61BF05A1F1BFDDEA7552E7C3EF366C1FBFD98F7160012A4ABFF3BAA3,lexical_candidate_only
ega-topic-qcoh,20,185,label;section;text,01XB,coherent-lemma-quasi-coherent-affine-cohomology-zero,coherent.tex,146,lemma,section-cech-quasi-coherent,0BBD0884B95E52946C19E0A16DFE6FFDE470E8042B26DE83D56E511502023784,lexical_candidate_only
ega-topic-qcoh,21,185,label;section;text,01MJ,constructions-section-quasi-coherent-proj,constructions.tex,1568,section,section-quasi-coherent-proj,75902B362A4FF3F13D17EACBA206917B639F2F36F92D1AEF6EE2223318477EC8,lexical_candidate_only
ega-topic-qcoh,22,185,label;section;text,07J7,crystalline-section-quasi-coherent-crystals,crystalline.tex,2842,section,section-quasi-coherent-crystals,0853E33E76702A74504249445A6E9314E65A584CE2DEF418B1256EEA12A58DF6,lexical_candidate_only
ega-topic-qcoh,23,185,label;section;text,03DX,descent-proposition-equivalence-quasi-coherent,descent.tex,2499,proposition,section-quasi-coherent-sheaves,C9B80057D785B31D4392A6DA63ECD650D6C73D0E5BA7D354813B54D45EF32411,lexical_candidate_only
ega-topic-qcoh,24,185,label;section;text,03LC,descent-proposition-equivalence-quasi-coherent-functorial,descent.tex,2892,proposition,section-quasi-coherent-cohomology,C5AE20B1ABE3247A13D280A2EA7A16FEA0659D3906E9FF5D30602909E730FC81,lexical_candidate_only
ega-topic-qcoh,25,185,label;section;text,023T,descent-proposition-fpqc-descent-quasi-coherent,descent.tex,1584,proposition,section-fpqc-descent-quasi-coherent,5CF9048C07D008C6592247D7D64A17A0F43DF1F21CD68DA910C351EB26CE74C7,lexical_candidate_only
ega-topic-qcoh,26,185,label;section;text,03DW,descent-proposition-same-cohomology-quasi-coherent,descent.tex,2773,proposition,section-quasi-coherent-cohomology,FB472F1458DB7E137D553623F5A584B1A5926C02A796EE37CD8C7E2AEB8C824E,lexical_candidate_only
ega-topic-qcoh,27,185,label;section;text,023R,descent-section-fpqc-descent-quasi-coherent,descent.tex,1542,section,section-fpqc-descent-quasi-coherent,993AAB6E8177BDA9130C202E08A1F96F81839823AFD95EE692A9BC4954CEF87F,lexical_candidate_only
ega-topic-qcoh,28,185,label;section;text,0GN8,descent-section-quasi-coherent-cohomology,descent.tex,2680,section,section-quasi-coherent-cohomology,F715C28F4409D3FEA8BF44E590AB2A8883C2A730EF31F05C586A24F4971387F4,lexical_candidate_only
ega-topic-qcoh,29,185,label;section;text,03DR,descent-section-quasi-coherent-sheaves,descent.tex,2138,section,section-quasi-coherent-sheaves,83A1BF707EA7A2B55CA36AE119A59593CE3F412CB568E2C7C14BFAA2BC55C1CF,lexical_candidate_only
ega-topic-qcoh,30,185,label;section;text,029U,exercises-exercise-extend-quasi-coherent,exercises.tex,3392,exercise,section-quasi-coherent,179C184DFE7696F9A4351C5027C584598579AD90DF7F0DACD2E1BD52F8FCE225,lexical_candidate_only
ega-topic-qcoh,31,185,label;section;text,029N,exercises-section-quasi-coherent,exercises.tex,3328,section,section-quasi-coherent,68EEE43347273957D16BC3775BD1995C8018581E6E6E6FBC6727C2A9567B0F0D,lexical_candidate_only
ega-topic-qcoh,32,185,label;section;text,0FZA,functors-section-functor-quasi-coherent,functors.tex,809,section,section-functor-quasi-coherent,BA593D61D46E91E36D87A3DF94CFEC0C54DCEC17B94BF910B017F1F1B63551DF,lexical_candidate_only
ega-topic-qcoh,33,185,label;section;text,07TR,groupoids-lemma-construct-quasi-coherent,groupoids.tex,2823,lemma,section-colimits,50F373F2E10C0C1495B2175146807444960CD18F9413DBDC7EDE53E77B32B71C,lexical_candidate_only
ega-topic-qcoh,34,185,label;section;text,01BE,modules-definition-quasi-coherent,modules.tex,1021,definition,section-quasi-coherent,C9F86B2BB978E0C9D648BA71BECB4B27E0226F3B1E0BDAC02DD0B81DCB1D086A,lexical_candidate_only
ega-topic-qcoh,35,185,label;section;text,01BF,modules-lemma-direct-sum-quasi-coherent,modules.tex,1067,lemma,section-quasi-coherent,C7F7BF045BDB5F7A930AB8094ADAFA3299641254DBE428F6EFE5D2DA67B620B5,lexical_candidate_only
ega-topic-qcoh,36,185,label;section;text,01BO,modules-lemma-finite-presentation-quasi-coherent,modules.tex,1421,lemma,section-finite-presentation,6B8E3254559357725A76DD810DA15691ED80B6065BAE1D1A554F8325FC0F519F,lexical_candidate_only
ega-topic-qcoh,37,185,label;section;text,01BG,modules-lemma-pullback-quasi-coherent,modules.tex,1086,lemma,section-quasi-coherent,EE6FA14549D4379B15D0FF0BC6492763692751CF1DCA6491F5077709E6601CA1,lexical_candidate_only
ega-topic-qcoh,38,185,label;section;text,01BD,modules-section-quasi-coherent,modules.tex,1007,section,section-quasi-coherent,4FE8F303DFBC1E58758CDE8E594AA51DA7E2DA7D6861CD5995E3AB87424C85B5,lexical_candidate_only
ega-topic-qcoh,39,185,label;section;text,01QX,morphisms-section-closed-immersions-quasi-coherent,morphisms.tex,377,section,section-closed-immersions-quasi-coherent,97E8B9E9FFF04CF0BCD94B57D531A1B4023007263BAF938B08460A0907B73532,lexical_candidate_only
ega-topic-qcoh,40,185,label;section;text,06YZ,perfect-section-derived-quasi-coherent,perfect.tex,54,section,section-derived-quasi-coherent,DBA75AD11C46413619B8FA0520E4D51541C9C9F658DCE49EAE5450402319CB31,lexical_candidate_only
ega-topic-qcoh,41,185,label;section;text,01PG,properties-lemma-quasi-coherent-colimit-finite-type,properties.tex,2898,lemma,section-extending-quasi-coherent-sheaves,3B1D4B95ABC57E2CA600F71EA7D7974B0B462FDF48AAE7DBAA3461332AC6AF60,lexical_candidate_only
ega-topic-qcoh,42,185,label;section;text,01QG,properties-section-ample-quasi-coherent,properties.tex,4925,section,section-ample-quasi-coherent,EE46A23058F8E21C12CB1E8949224C17B27063722FA732C509EE9F3165FE5B7C,lexical_candidate_only
ega-topic-qcoh,43,185,label;section;text,01PD,properties-section-extending-quasi-coherent-sheaves,properties.tex,2787,section,section-extending-quasi-coherent-sheaves,4ABDDD72EA32DFA65C470A080079B9F257BE15CE19C53BF8697B3A2570F741EF,lexical_candidate_only
ega-topic-qcoh,44,185,label;section;text,01PL,properties-section-sections-quasi-coherent,properties.tex,3934,section,section-sections-quasi-coherent,1DC85C8BE7FFC0D70D9DF75BD0E7BC567A10A503B8E2F08439488B62317E2D99,lexical_candidate_only
ega-topic-qcoh,45,185,label;section;text,01ID,schemes-lemma-colimit-quasi-coherent,schemes.tex,1435,lemma,section-quasi-coherent-affine,F302E5C2D3EC0F30A52E65B4315E729F354001DC35CEDFC0CFC900B4DBC15D22,lexical_candidate_only
ega-topic-qcoh,46,185,label;section;text,01IC,schemes-lemma-kernel-cokernel-quasi-coherent,schemes.tex,1419,lemma,section-quasi-coherent-affine,F79033C224F463FA98A6136CCFA1F5CAF0891D32B46D837F7178A1812958A9AE,lexical_candidate_only
ega-topic-qcoh,47,185,label;section;text,01LC,schemes-lemma-push-forward-quasi-coherent,schemes.tex,4770,lemma,section-quasi-coherent,B35994EECDCCD028A2B9A19B76574F9909F0FC7FEF9C8A82FEBEA53FBAA28080,lexical_candidate_only
ega-topic-qcoh,48,185,label;section;text,01LA,schemes-section-quasi-coherent,schemes.tex,4717,section,section-quasi-coherent,866DC976C226D5926EA7B80F67BAD0FC91C2E50713578DE5A29598ECEEA608A7,lexical_candidate_only
ega-topic-qcoh,49,185,label;section;text,07UD,spaces-cohomology-lemma-coherent-Noetherian-quasi-coherent-sub-quotient,spaces-cohomology.tex,1935,lemma,section-coherent,EAB7D5615928FE4971E9A8C905A1BF3664B0F7977C03220918863AE26CCDDF3D,lexical_candidate_only
ega-topic-qcoh,50,185,label;section;text,04W3,spaces-descent-definition-descent-datum-quasi-coherent,spaces-descent.tex,61,definition,section-equivalence,9776D23C763D2D3569D91B8850DCAED2642AAE4527839E24ED9AE67EC8B95A39,lexical_candidate_only
ega-topic-qcoh,51,185,label;section;text,04W8,spaces-descent-proposition-fpqc-descent-quasi-coherent,spaces-descent.tex,208,proposition,section-fpqc-descent-quasi-coherent,ED8F6BE70DFC5CA2EF1031A04CB04A0D10529AF19A20FC5D01CA1105EC8A4C63,lexical_candidate_only
ega-topic-qcoh,52,185,label;section;text,04W7,spaces-descent-section-fpqc-descent-quasi-coherent,spaces-descent.tex,200,section,section-fpqc-descent-quasi-coherent,993AAB6E8177BDA9130C202E08A1F96F81839823AFD95EE692A9BC4954CEF87F,lexical_candidate_only
ega-topic-qcoh,53,185,label;section;text,0440,spaces-groupoids-section-groupoids-quasi-coherent,spaces-groupoids.tex,984,section,section-groupoids-quasi-coherent,44863CDF0CD138DA21F0DFDAFC34FDB74E0A91EDF2B282C45D823A8F198AB6A3,lexical_candidate_only
ega-topic-qcoh,54,185,label;section;text,04CI,spaces-morphisms-section-closed-immersions-quasi-coherent,spaces-morphisms.tex,2485,section,section-closed-immersions-quasi-coherent,7C232E1C812C96276EF415FD6902FCD5272A62AB14FDB948CE9FF00F3E92CC52,lexical_candidate_only
ega-topic-qcoh,55,185,label;section;text,071W,spaces-perfect-section-derived-quasi-coherent,spaces-perfect.tex,265,section,section-derived-quasi-coherent,215969BEC627F39D41360CA713AD6D33FCEBA2519D5DA3FFBBE58A3982FF8BF1,lexical_candidate_only
ega-topic-qcoh,56,185,label;section;text,03M0,spaces-properties-lemma-characterize-quasi-coherent,spaces-properties.tex,5392,lemma,section-quasi-coherent,BB6904D8D4A1C59EFEAB6CD467A1BB1AB992E621A5D447FEB30FECE0EF7E4828,lexical_candidate_only
ega-topic-qcoh,57,185,label;section;text,03LZ,spaces-properties-lemma-characterize-quasi-coherent-small-etale,spaces-properties.tex,5267,lemma,section-quasi-coherent,5B7C79C1523F7B6BCB566A77BCC3E4D3198FDAC586B36CD17026B5730E1901EE,lexical_candidate_only
ega-topic-qcoh,58,185,label;section;text,075Z,stacks-cohomology-lemma-pushforward-locally-quasi-coherent,stacks-cohomology.tex,465,lemma,section-locally-quasi-coherent,F2004C34EFD2FEA23DACA2AF01285195AA7630C941ADB2CD04AAD117FF53E19F,lexical_candidate_only
ega-topic-qcoh,59,185,label;section;text,07AY,stacks-cohomology-section-quasi-coherent-modules-II,stacks-cohomology.tex,3211,section,section-quasi-coherent-modules-II,05FF8617E171633C572172D8FB381F931A0CBB97BEED9305DC613C33A64066F8,lexical_candidate_only
ega-topic-qcoh,60,185,label;section;text,06WJ,stacks-sheaves-definition-locally-quasi-coherent,stacks-sheaves.tex,1660,definition,section-locally-quasi-coherent,4571FAC7CF20E8C2FF88A0737D1549A49FC7A2CB1CCDE05078510579031AF8CB,lexical_candidate_only
ega-topic-qcoh,61,185,label;section;text,06WI,stacks-sheaves-lemma-characterize-quasi-coherent,stacks-sheaves.tex,1581,lemma,section-quasi-coherent,DA6330CD999EA656175B603A82702E6FEF6379C1A7307345670E6ED282656D75,lexical_candidate_only
ega-topic-qcoh,62,185,label;section;text,076S,stacks-sheaves-lemma-map-from-quasi-coherent,stacks-sheaves.tex,2247,lemma,section-quasi-coherent-presentation,56061A915A1953E8A40B8D6F4F5FA9A92761B2E7DC71FE67E9A54894FF8EDF1A,lexical_candidate_only
ega-topic-qcoh,63,185,label;section;text,06WK,stacks-sheaves-lemma-quasi-coherent,stacks-sheaves.tex,1693,lemma,section-locally-quasi-coherent,1EFD8B8A9DC66F8A8141ED0BA229B2E442BE6254D7AF686AA5F823CE9A81FE33,lexical_candidate_only
ega-topic-qcoh,64,185,label;section;text,06WT,stacks-sheaves-proposition-quasi-coherent,stacks-sheaves.tex,2134,proposition,section-quasi-coherent-presentation,376D1E9C96A537249FAEF48A802A8EF37F505925C28443A4E37F88BFA4BFC110,lexical_candidate_only
ega-topic-qcoh,65,185,label;section;text,06WF,stacks-sheaves-section-quasi-coherent,stacks-sheaves.tex,1527,section,section-quasi-coherent,ECBBC7612B36CD1DC791CBD9AC39CF325468B932A306969682A1BA2BB220DCAD,lexical_candidate_only
ega-topic-qcoh,66,185,label;section;text,06WS,stacks-sheaves-section-quasi-coherent-presentation,stacks-sheaves.tex,2023,section,section-quasi-coherent-presentation,D48D4FCD9CE68367BAF4DEF7953B1CB22C1F704B516203191FC6542672F3AF9C,lexical_candidate_only
ega-topic-qcoh,67,184,label;section;text,01XD,coherent-lemma-cech-cohomology-quasi-coherent,coherent.tex,246,lemma,section-cech-quasi-coherent,F9757D11CDCAA6376EABB3CFFD7CD55EFE6CFBEF6A0ACD9101D0011E4DFC6E7E,lexical_candidate_only
ega-topic-qcoh,68,184,label;section;text,01X9,coherent-lemma-cech-cohomology-quasi-coherent-trivial,coherent.tex,45,lemma,section-cech-quasi-coherent,F92C01FF7F05DC6ED3ED1E9ABC986F22A969AB7005FC0CC9A7A2C168D62E0081,lexical_candidate_only
ega-topic-qcoh,69,184,label;section;text,01X8,coherent-section-cech-quasi-coherent,coherent.tex,33,section,section-cech-quasi-coherent,BF10CCF20C27516804D5E9BDE591D1F006618517619417A05974C288A22E1BCE,lexical_candidate_only
ega-topic-qcoh,70,184,label;section;text,01O5,constructions-section-quasi-coherent-relative-proj,constructions.tex,4164,section,section-quasi-coherent-relative-proj,EF29F420AE7EB2639752795FD43FDBFE23D837B4F54F46A4605C9B9C95990574,lexical_candidate_only
ega-topic-qcoh,71,184,label;section;text,023D,descent-definition-descent-datum-effective-quasi-coherent,descent.tex,156,definition,section-equivalence,570D4E666F3191DA8D1BB877182614950436855878DD6DD2BD53D7D3ECC9115D,lexical_candidate_only
ega-topic-qcoh,72,184,label;section;text,06VE,descent-lemma-equivalence-quasi-coherent-limits,descent.tex,3039,lemma,section-quasi-coherent-sheaves-bis,CD6895196397DFF628AB2EC345B86C29D996DF9DC79AAF69D1383528876FA72F,lexical_candidate_only
ega-topic-qcoh,73,184,label;section;text,0GZV,descent-lemma-quasi-coherent-alternative,descent.tex,3532,lemma,section-alternative-quasi-coherent,A877539EBA1C022931F9A9D907107C5BAC6BC915C3E577F05F0F3D836061692D,lexical_candidate_only
ega-topic-qcoh,74,184,label;section;text,0GZX,descent-lemma-quasi-coherent-alternative-small,descent.tex,3658,lemma,section-alternative-quasi-coherent,13626DDF0751BD025AE298BF92B88434B352B950ED8F517155923176115A5457,lexical_candidate_only
ega-topic-qcoh,75,184,label;section;text,03FJ,descent-lemma-standard-covering-Cech-quasi-coherent,descent.tex,2731,lemma,section-quasi-coherent-cohomology,79B976EC577922C6B380F43E1826BE3B5F919521272694043172CB68ED9DF223,lexical_candidate_only
ega-topic-qcoh,76,184,label;section;text,0GZT,descent-section-alternative-quasi-coherent,descent.tex,3496,section,section-alternative-quasi-coherent,ED579A8F558292E95627200B801221633BAF9091C9EAA934AB729B0E03FDA94F,lexical_candidate_only
ega-topic-qcoh,77,184,label;section;text,02BP,desirables-section-quasi-coherent,desirables.tex,225,section,section-quasi-coherent,B36B3FA49FA4C8DEFAC224D6CE147014EB6C746C28FD827B5C7617F9B814B486,lexical_candidate_only
ega-topic-qcoh,78,184,label;section;text,03OG,etale-cohomology-proposition-quasi-coherent-sheaf-fpqc,etale-cohomology.tex,1332,proposition,section-quasi-coherent,B5729B548D5C850376425549F64A818C2E08BA4D2079F0B753B7DADA86C6DC07,lexical_candidate_only
ega-topic-qcoh,79,184,label;section;text,03OY,etale-cohomology-section-cohomology-quasi-coherent,etale-cohomology.tex,2157,section,section-cohomology-quasi-coherent,BE752FB07EE11BEE5585A7A0DDBBC047F0623AE12A22963E14B4099221FCA685,lexical_candidate_only
ega-topic-qcoh,80,184,label;section;text,03OJ,etale-cohomology-theorem-quasi-coherent,etale-cohomology.tex,1416,theorem,section-quasi-coherent,EF2158DEE4E8B05FEA4EA0FDD3A8E4447C81E87700E223C81BC12B8447BC1774,lexical_candidate_only
ega-topic-cohomology,1,244,label;chapter;section;text,03AV,sites-cohomology-section-cech-cohomology-cohomology,sites-cohomology.tex,1310,section,section-cech-cohomology-cohomology,DEF18CD7233AB582A69CED5D5C4CB6BD4A55E9320DB478F51D62BA0785F3A428,lexical_candidate_only
ega-topic-cohomology,2,239,label;chapter;section;text,01EO,cohomology-section-cech-cohomology-cohomology,cohomology.tex,1405,section,section-cech-cohomology-cohomology,CC63C4F8EACDC4758C2AE3BE73DA0BEF9FF77AF240849AE2E73C2886FC5EC07F,lexical_candidate_only
ega-topic-cohomology,3,237,label;chapter;section;text,08BZ,cohomology-section-cech-cohomology-of-unbounded-complexes,cohomology.tex,10117,section,section-cech-cohomology-of-unbounded-complexes,CA3844D10CEB48E12BE315E563D12B5029A1494286CDE204FE0B13432A661D91,lexical_candidate_only
ega-topic-cohomology,4,236,label;chapter;section;text,01EF,cohomology-definition-cech-complex,cohomology.tex,913,definition,section-cech,DC33FB0F7F09E8A77E5E1210CA52E44EDB06B3EAFBAF08BCE2C5A742A94EDDDC,lexical_candidate_only
ega-topic-cohomology,5,236,label;chapter;section;text,01EN,cohomology-lemma-cech-cohomology-derived-presheaves,cohomology.tex,1287,lemma,section-cech-functor,A5C4A233F71670148EB7785432DA2D6FC004775B996CBF18EE852A8CC51E6D1A,lexical_candidate_only
ega-topic-cohomology,6,236,label;chapter;section;text,03AU,sites-cohomology-lemma-cech-cohomology-derived-presheaves,sites-cohomology.tex,1189,lemma,section-cech-functor,CFBBEA3C8E835CC4FAC1823FC82FC08643775E0ABDC6F1F48DB26FA3F5644550,lexical_candidate_only
ega-topic-cohomology,7,236,label;chapter;section;text,0A4L,spaces-cohomology-section-cohomology-support,spaces-cohomology.tex,1338,section,section-cohomology-support,28616B4C8527992E7DEDD452836E5B8543CA1A678EFF3655F1F7967289155959,lexical_candidate_only
ega-topic-cohomology,8,235,label;chapter;section;text,01EV,cohomology-lemma-cech-vanish,cohomology.tex,1631,lemma,section-cech-cohomology-cohomology,4D66C7F5F58122B612FC77BDE76763979511590F092C1658C28AA517ADCA5D2C,lexical_candidate_only
ega-topic-cohomology,9,235,label;chapter;section;text,01ED,cohomology-section-cech,cohomology.tex,869,section,section-cech,1CA1346ECCA558EB244903BF748C68779E1726963C8DEEE2F5212AA58604C1BA,lexical_candidate_only
ega-topic-cohomology,10,235,label;chapter;section;text,01FP,cohomology-section-cech-cohomology-of-complexes,cohomology.tex,4743,section,section-cech-cohomology-of-complexes,F399EBC4087F114A7999F1619F358251DA237B9CB5DA1B27112AF3ADC7965661,lexical_candidate_only
ega-topic-cohomology,11,235,label;chapter;section;text,03OK,etale-cohomology-section-cech-cohomology,etale-cohomology.tex,1462,section,section-cech-cohomology,A756AB1D249C8C5613566EB898E7B1D32216512AE531483E6277DFE28BA04323,lexical_candidate_only
ega-topic-cohomology,12,235,label;chapter;section;text,03F9,sites-cohomology-lemma-cech-vanish-collection,sites-cohomology.tex,1565,lemma,section-cech-cohomology-cohomology,F5D870F9A937AF4098ECA8D39BA92FCE61128A3C18A14248E648DED726F916F5,lexical_candidate_only
ega-topic-cohomology,13,235,label;chapter;section;text,03AK,sites-cohomology-section-cech,sites-cohomology.tex,790,section,section-cech,D27573694C7973F68E2CB90080C0B491195FBE889FAD648B325B74D190D46E3B,lexical_candidate_only
ega-topic-cohomology,14,234,label;chapter;section;text,09V0,cohomology-section-cohomology-LC,cohomology.tex,2637,section,section-cohomology-LC,7FD0508964A9C58B466A51EE0BC86EE73D546B263E1E80A661AE1EFC1359222E,lexical_candidate_only
ega-topic-cohomology,15,234,label;chapter;section;text,03OU,etale-cohomology-section-cech-ss,etale-cohomology.tex,1751,section,section-cech-ss,0707DB5AADC3C5A247F2708EE36E8E39587C337EE12BD557AB8CD0FFF649F55C,lexical_candidate_only
ega-topic-cohomology,16,234,label;chapter;section;text,03AM,sites-cohomology-definition-cech-complex,sites-cohomology.tex,833,definition,section-cech,393B96F8A7C5CCB90CE4241A2E1D1006D051494EEEB60A2DBC88C23E195E8A8D,lexical_candidate_only
ega-topic-cohomology,17,233,label;chapter;section;text,0G6S,cohomology-lemma-cech-trivial,cohomology.tex,949,lemma,section-cech,A478B9E06F3185AD3FEA43524D169D54B4338F2D1E4EC9A28A892363C6A5A83A,lexical_candidate_only
ega-topic-cohomology,18,233,label;chapter;section;text,01EW,cohomology-lemma-cech-vanish-basis,cohomology.tex,1696,lemma,section-cech-cohomology-cohomology,D645C659A00F7B85CA82F879B4976D065E28C65379B4A9F84D2C3B8510F912AA,lexical_candidate_only
ega-topic-cohomology,19,233,label;chapter;section;text,07MC,cohomology-lemma-compute-sign-cup-product-boundaries,cohomology.tex,5657,lemma,section-cech-cohomology-of-complexes,409F9CDE938EC8A8196B214DB5B5B11A1C8FAD014479483F1788E4A3FC58608E,lexical_candidate_only
ega-topic-cohomology,20,233,label;chapter;section;text,01FG,cohomology-section-alternating-cech,cohomology.tex,4072,section,section-alternating-cech,84E10581AF6928A265B0868471BA86403AB36EE54636A0DD4DE3EE4623DA4264,lexical_candidate_only
ega-topic-cohomology,21,233,label;chapter;section;text,01EH,cohomology-section-cech-functor,cohomology.tex,1012,section,section-cech-functor,C955C8E077A1438D0A926457B4CCE2E80C71912CD5FC676EABDC9FADB1556174,lexical_candidate_only
ega-topic-cohomology,22,233,label;chapter;section;text,02FR,cohomology-section-locally-finite-cech,cohomology.tex,4565,section,section-locally-finite-cech,70DEA9FAC2F5F1FFF87342B086363674993161652E73FF9F05086FB6501FBD76,lexical_candidate_only
ega-topic-cohomology,23,233,label;chapter;section;text,09UY,cohomology-section-refinements-cech,cohomology.tex,2439,section,section-refinements-cech,BD6FC2DB1BCD1A1E37AC1427B67FD2DD26AE654DF89A79F4722BBBA6A38E1DDD,lexical_candidate_only
ega-topic-cohomology,24,233,label;chapter;section;text,03OP,etale-cohomology-lemma-cech-complex-describe,etale-cohomology.tex,1593,lemma,section-cech-cohomology,497C47EED626D3B8747E5D9DFCF7D52E2A2676FA84926B4DA7DE6B36ABBD7E2C,lexical_candidate_only
ega-topic-cohomology,25,233,label;chapter;section;text,03Q3,etale-cohomology-section-etale-cohomology,etale-cohomology.tex,7168,section,section-etale-cohomology,73FEAA798BAA5B9C4220DD3F4E58734334D139740E8D7DAD5275DE1AF4491141,lexical_candidate_only
ega-topic-cohomology,26,233,label;chapter;section;text,0A2M,etale-cohomology-section-galois-cohomology,etale-cohomology.tex,10532,section,section-galois-cohomology,BEE7A20DD763A0D01702536AB410D0169C8E30FF2669E6C0F6DD7CC8FCDEBF42,lexical_candidate_only
ega-topic-cohomology,27,233,label;chapter;section;text,03OS,etale-cohomology-theorem-cech-derived,etale-cohomology.tex,1724,theorem,section-cech-cohomology,CEBFC3E2222D57C036E3C1720269026E70BBA7C51220F27DD0CCF27B645862F2,lexical_candidate_only
ega-topic-cohomology,28,233,label;chapter;section;text,03AO,sites-cohomology-section-cech-functor,sites-cohomology.tex,895,section,section-cech-functor,D91343D7376AE9CED6FB314454F6700FE208154F6333E9579DB98BBFD5FB9E71,lexical_candidate_only
ega-topic-cohomology,29,233,label;chapter;section;text,03FA,sites-cohomology-section-cohomology-modules,sites-cohomology.tex,1763,section,section-cohomology-modules,8EBBFB88977C37BF0456E6EADCAC88CC4EFEA587DA6C040727FEA886449884E1,lexical_candidate_only
ega-topic-cohomology,30,232,label;chapter;section;text,01X8,coherent-section-cech-quasi-coherent,coherent.tex,33,section,section-cech-quasi-coherent,BF10CCF20C27516804D5E9BDE591D1F006618517619417A05974C288A22E1BCE,lexical_candidate_only
ega-topic-cohomology,31,232,label;chapter;section;text,08C1,cohomology-lemma-alternating-cech-complex-complex,cohomology.tex,10157,lemma,section-cech-cohomology-of-unbounded-complexes,DD3DD9AF72D54F7485C05FCD79F8A85C2072B330C310B0FB87537B837B9F9618,lexical_candidate_only
ega-topic-cohomology,32,232,label;chapter;section;text,09V2,cohomology-lemma-cech-Hausdorff-quasi-compact,cohomology.tex,2667,lemma,section-cohomology-LC,5315AA09A2B8A111333C0AC02676538E0A89875CCEDB57F20456EFE7950DB7A0,lexical_candidate_only
ega-topic-cohomology,33,232,label;chapter;section;text,09V1,cohomology-lemma-cech-always,cohomology.tex,2643,lemma,section-cohomology-LC,3AAC22A89E0F4458EB72697A2D2FEC9E2AC9AEC2145FDCBB98AD05C68D4C1F3C,lexical_candidate_only
ega-topic-cohomology,34,232,label;chapter;section;text,08BN,cohomology-lemma-cech-complex-complex,cohomology.tex,4939,lemma,section-cech-cohomology-of-complexes,8BE48AB16AAAEFE65D920CC7D2AC73DC81244A0881F5D0AEFEC75FE447D4C2B0,lexical_candidate_only
ega-topic-cohomology,35,232,label;chapter;section;text,0FLH,cohomology-lemma-cech-complex-complex-computes,cohomology.tex,5022,lemma,section-cech-cohomology-of-complexes,AC436442789E54FCC82646CF6C6D722CBC943157295246BE9433D912B01F1F8A,lexical_candidate_only
ega-topic-cohomology,36,232,label;chapter;section;text,01EJ,cohomology-lemma-cech-exact-presheaves,cohomology.tex,1049,lemma,section-cech-functor,0CB6020CA5470B6C779422BB004A1BB92508824DCDED20AC0452B05ABD5174E2,lexical_candidate_only
ega-topic-cohomology,37,232,label;chapter;section;text,0FLJ,cohomology-section-cohomology-filtered-object,cohomology.tex,6811,section,section-cohomology-filtered-object,B8EFA957CE76A94182A5DE7EAB3A08BD589673B25FEDD364D85C5FD96AACBD34,lexical_candidate_only
ega-topic-cohomology,38,232,label;chapter;section;text,0A39,cohomology-section-cohomology-support,cohomology.tex,3740,section,section-cohomology-support,4D1690E6BE1A60497BD950ADB6D44808FBB7D8860AD669E98A223DE0EFAAC845,lexical_candidate_only
ega-topic-cohomology,39,232,label;chapter;section;text,0G6Y,cohomology-section-cohomology-support-bis,cohomology.tex,8445,section,section-cohomology-support-bis,83F76E55808A85E6FD6487794792E1FF4EFFEC7D2CDC48D07CDA886F79C48CF4,lexical_candidate_only
ega-topic-cohomology,40,232,label;chapter;section;text,0FL6,derham-section-de-rham-cohomology,derham.tex,122,section,section-de-rham-cohomology,54B9C516AB1569A685FD85F990A79BE14C7655EC5A1B4552D4DEA01572C327F2,lexical_candidate_only
ega-topic-cohomology,41,232,label;chapter;section;text,0FM4,derham-section-hodge-cohomology,derham.tex,402,section,section-hodge-cohomology,45040922FB461FFF7BF8E2DAEB7FCEF0F4EC203CC90D184EBB90993E8A779FC1,lexical_candidate_only
ega-topic-cohomology,42,232,label;chapter;section;text,03OL,etale-cohomology-definition-cech-complex,etale-cohomology.tex,1477,definition,section-cech-cohomology,7598AC67F6A2FE61BE88E88F7B34EC24402E91667E366C477F2593EBD61DA969,lexical_candidate_only
ega-topic-cohomology,43,232,label;chapter;section;text,03OM,etale-cohomology-lemma-cech-presheaves,etale-cohomology.tex,1504,lemma,section-cech-cohomology,E30C86F6386063BFCFD683290A2A563FBB04758FE53F753F46D0165BBDABD6A5,lexical_candidate_only
ega-topic-cohomology,44,232,label;chapter;section;text,03NT,etale-cohomology-section-cohomology,etale-cohomology.tex,836,section,section-cohomology,2F1D727CF9747956AC2E8D0082E3B0D39DC3CFE254B9F209B682CA84575DE2F5,lexical_candidate_only
ega-topic-cohomology,45,232,label;chapter;section;text,03R0,etale-cohomology-section-cohomology-curves,etale-cohomology.tex,9248,section,section-cohomology-curves,3DD23CC8D194F54F267D44C042158761925002B54AE3B0456FE290BF1E089702,lexical_candidate_only
ega-topic-cohomology,46,232,label;chapter;section;text,03QQ,etale-cohomology-section-cohomology-point,etale-cohomology.tex,9070,section,section-cohomology-point,DFAE905ED49DF3A1EC84F354E14057BBE7F627E0425F21EF6BEC0983B4B35FFA,lexical_candidate_only
ega-topic-cohomology,47,232,label;chapter;section;text,03OY,etale-cohomology-section-cohomology-quasi-coherent,etale-cohomology.tex,2157,section,section-cohomology-quasi-coherent,BE752FB07EE11BEE5585A7A0DDBBC047F0623AE12A22963E14B4099221FCA685,lexical_candidate_only
ega-topic-cohomology,48,232,label;chapter;section;text,0DVG,etale-cohomology-section-continuous-group-cohomology,etale-cohomology.tex,9008,section,section-continuous-group-cohomology,2D802797C54BD3A7AC6C74FC080D386AA85D1223EC0A37FC70700CCEDBF449D5,lexical_candidate_only
ega-topic-cohomology,49,232,label;chapter;section;text,0EHV,local-cohomology-section-filter-local-cohomology,local-cohomology.tex,993,section,section-filter-local-cohomology,27B68BB3FC443DB3E22E4B25CECBB514142091BE4A01300B1DBDD9052D4FB669,lexical_candidate_only
ega-topic-cohomology,50,232,label;chapter;section;text,03AQ,sites-cohomology-lemma-cech-exact-presheaves,sites-cohomology.tex,926,lemma,section-cech-functor,0CB6020CA5470B6C779422BB004A1BB92508824DCDED20AC0452B05ABD5174E2,lexical_candidate_only
ega-topic-cohomology,51,232,label;chapter;section;text,08RY,sites-cohomology-section-cohomology,sites-cohomology.tex,10885,section,section-cohomology,20F13CD6FD2B651C4FFA44C43C101069104296FA6E65A047909FD8E290257FC2,lexical_candidate_only
ega-topic-cohomology,52,232,label;chapter;section;text,0GF9,spaces-cohomology-section-ample-cohomology,spaces-cohomology.tex,3885,section,section-ample-cohomology,7CB51EDBA8D5EF6F59882A1E260EF293F773F28F0C559F992B10E22B6B8897CB,lexical_candidate_only
ega-topic-cohomology,53,231,label;chapter;section;text,02KH,coherent-lemma-flat-base-change-cohomology,coherent.tex,948,lemma,section-cohomology-and-base-change,6F6891D074060C954ADB3772A2FA58370DBA4ADAF6D0231640184AEA18137BA3,lexical_candidate_only
ega-topic-cohomology,54,231,label;chapter;section;text,01XB,coherent-lemma-quasi-coherent-affine-cohomology-zero,coherent.tex,146,lemma,section-cech-quasi-coherent,0BBD0884B95E52946C19E0A16DFE6FFDE470E8042B26DE83D56E511502023784,lexical_candidate_only
ega-topic-cohomology,55,231,label;chapter;section;text,01XO,coherent-section-ample-cohomology,coherent.tex,4509,section,section-ample-cohomology,64711AB4A0AA22B64D7A852803F56F77824523E40F68574AE966FF5768FDD04B,lexical_candidate_only
ega-topic-cohomology,56,231,label;chapter;section;text,01XS,coherent-section-cohomology-projective-space,coherent.tex,1558,section,section-cohomology-projective-space,9B61AA4691944E1EC41462F1875D2B6A3F0F414E34B6354E383B9A8E8F2DFA4A,lexical_candidate_only
ega-topic-cohomology,57,231,label;chapter;section;text,01FH,cohomology-definition-alternating-cech-complex,cohomology.tex,4103,definition,section-alternating-cech,1F095D04F07947DDCE1F47EDD0D72DE3685F0D7F86127CED5EADC93FEDCE7A60,lexical_candidate_only
ega-topic-cohomology,58,231,label;chapter;section;text,01FI,cohomology-definition-ordered-cech-complex,cohomology.tex,4153,definition,section-alternating-cech,3DCEA0FD7A1BB0BF9DFB8CD1DBEF3375C80647646A25171F5C8FFAA43B38841D,lexical_candidate_only
ega-topic-cohomology,59,231,label;chapter;section;text,0G6T,cohomology-lemma-alternating-cech-trivial,cohomology.tex,4456,lemma,section-alternating-cech,E221B36C6DC6CFCE36267258988E503EAC1ADB0073B331F68F930F87F0DBA411,lexical_candidate_only
ega-topic-cohomology,60,231,label;chapter;section;text,01ER,cohomology-lemma-include,cohomology.tex,1515,lemma,section-cech-cohomology-cohomology,19DBF86C3C3F954D3A6B84E060C907355BEE879A914EBE0182887EF02805DABB,lexical_candidate_only
ega-topic-cohomology,61,231,label;chapter;section;text,01DZ,cohomology-section-cohomology-sheaves,cohomology.tex,33,section,section-cohomology-sheaves,0F21A830284CB7AFAECE3FA5828129D4CCB9A5AC3176775EA622FB4D16942E09,lexical_candidate_only
ega-topic-cohomology,62,231,label;chapter;section;text,0716,cohomology-section-derived-functors,cohomology.tex,93,section,section-derived-functors,4E343D769B433A2B5AF43ACC50908EC1300BA3B6C7D86AF44C100A5252D823BD,lexical_candidate_only
ega-topic-cohomology,63,231,label;chapter;section;text,0A3C,cohomology-section-spectral,cohomology.tex,3858,section,section-spectral,5FA598DCFDDE06CA5B62C5C55A25D0352330EA6D28FF9B032BB7CB0C5EEAB1B7,lexical_candidate_only
ega-topic-cohomology,64,231,label;chapter;section;text,07JI,crystalline-section-cohomology-lqc,crystalline.tex,3298,section,section-cohomology-lqc,2EBF8D275FFAA9D620F373DBC6044037543C62D040919511D30C99A940DE3A04,lexical_candidate_only
ega-topic-cohomology,65,231,label;chapter;section;text,0FMJ,derham-lemma-de-rham-cohomology-projective-space,derham.tex,1585,lemma,section-projective-space,9A66CF6012C1CB80CE0E81D5DCFC7C38B1CE14E78FA89971A9A8D2327E720FA8,lexical_candidate_only
ega-topic-cohomology,66,231,label;chapter;section;text,0FWE,derham-remark-hodge-cohomology-is-weil,derham.tex,5151,remark,section-weil,28352CF79C9649F8D62F95C9039F227EF9C28261A42DA6B0564425EC1BC5749C,lexical_candidate_only
ega-topic-cohomology,67,231,label;chapter;section;text,04JR,etale-cohomology-definition-galois-cohomology,etale-cohomology.tex,8837,definition,section-group-cohomology,8B77EBB5D7F7B4146178023F68E3A85C5116BBA96EFD39019737FDE06B39D7BE,lexical_candidate_only
ega-topic-cohomology,68,231,label;chapter;section;text,0EW3,etale-cohomology-lemma-blow-up-square-etale-cohomology,etale-cohomology.tex,23388,lemma,section-blow-up-square,D81BF7ED5E6E9FDF145629617DE8D7945B50D7A1BAA83F67011FF29D26F98362,lexical_candidate_only
ega-topic-cohomology,69,231,label;chapter;section;text,03P1,etale-cohomology-lemma-locality-cohomology,etale-cohomology.tex,2255,lemma,section-cohomology-quasi-coherent,C9056AEFB13A3327340A526838F2DF1B3CAB103F8AD27D34111E4DF844997AFE,lexical_candidate_only
ega-topic-cohomology,70,231,label;chapter;section;text,03P0,etale-cohomology-remark-refinement,etale-cohomology.tex,2241,remark,section-cohomology-quasi-coherent,F2EA0BCC90D79D638F85D19F5A55222D8DF39757636E4B632A57505AB7157029,lexical_candidate_only
ega-topic-cohomology,71,231,label;chapter;section;text,0EWS,etale-cohomology-section-cohomology-O-h,etale-cohomology.tex,23637,section,section-cohomology-O-h,9ED67C1986FEE5490B13A963DB59FF461239821CE7E4733B627E8D103ABE6297,lexical_candidate_only
ega-topic-cohomology,72,231,label;chapter;section;text,09XP,etale-cohomology-section-cohomology-support,etale-cohomology.tex,13966,section,section-cohomology-support,43E2BB52844366BBC0BE6A9DA7E0D322B5052E9CC840292C3447C1046661C102,lexical_candidate_only
ega-topic-cohomology,73,231,label;chapter;section;text,0A2H,etale-cohomology-section-group-cohomology,etale-cohomology.tex,8767,section,section-group-cohomology,8F8BF24CB117100F1CFBE6E24AA221B146C5310B2AEC2EA1E1E564FCC1981117,lexical_candidate_only
ega-topic-cohomology,74,231,label;chapter;section;text,0EHX,local-cohomology-section-annihilators-II,local-cohomology.tex,2754,section,section-annihilators-II,5C5EB99A211906D328B70A72511445419A2546B45E034227D38E90BABBBBC3A4,lexical_candidate_only
ega-topic-cohomology,75,231,label;chapter;section;text,0GJZ,more-etale-definition-cohomology-compact-support,more-etale.tex,4072,definition,section-compactly-supported-cohomology,09435AC90A8631E2E32EA66663204C5E281CF484A128F502A4842F61BD0C70BF,lexical_candidate_only
ega-topic-cohomology,76,231,label;chapter;section;text,03FD,sites-cohomology-lemma-cohomology-modules-abelian-agree,sites-cohomology.tex,1862,lemma,section-cohomology-modules,340342C1733D0A2759271B98D43D36070631879A388FCA7B6D87D3281AA6D3E7,lexical_candidate_only
ega-topic-cohomology,77,231,label;chapter;section;text,03AY,sites-cohomology-lemma-include,sites-cohomology.tex,1448,lemma,section-cech-cohomology-cohomology,0E19B9432A29C70A5A18A9A0650C92CC83A431B93203F567B5C9091A1DDA584D,lexical_candidate_only
ega-topic-cohomology,78,231,label;chapter;section;text,09WY,sites-cohomology-section-cohomology-LC,sites-cohomology.tex,7464,section,section-cohomology-LC,E1D17660E00A4DF57E126BA7069D9BAA584BECA1492EB0FB7394EB7643D0B9E0,lexical_candidate_only
ega-topic-cohomology,79,231,label;chapter;section;text,01FT,sites-cohomology-section-cohomology-sheaves,sites-cohomology.tex,32,section,section-cohomology-sheaves,6A3975F3AAB65E904EF63841A232E38134BB2F02E343DADF7800977FA4B3078D,lexical_candidate_only
ega-topic-cohomology,80,231,label;chapter;section;text,0724,spaces-cohomology-definition-alternating-cech-complex,spaces-cohomology.tex,739,definition,section-alternating-cech,12B1FEB248BA4891F35FEE143AC93869B5ECFC156B309D2FC3A47314AFA779B0,lexical_candidate_only
ega-topic-proper-mapping,1,93,section;text,02O3,coherent-section-proper-pushforward,coherent.tex,5100,section,section-proper-pushforward,FFC63E8F613B95BB38772A1489E22E6440055BCC49AA088617625BDC55279142,lexical_candidate_only
ega-topic-proper-mapping,2,93,section;text,0F01,etale-cohomology-section-base-change,etale-cohomology.tex,16840,section,section-base-change,8C82DD8AA3348D8638162ED05CF8B5A83A8DCD84BD186412635CE03C658BCB1F,lexical_candidate_only
ega-topic-proper-mapping,3,93,section;text,03Q7,etale-cohomology-section-stalks-direct-image,etale-cohomology.tex,8009,section,section-stalks-direct-image,463D84A106928B08EE4FF3637EA300FE824422D77E3D94F3388AC7FFE1A6A135,lexical_candidate_only
ega-topic-proper-mapping,4,93,section;text,03QN,etale-cohomology-section-vanishing-finite-morphism,etale-cohomology.tex,8200,section,section-vanishing-finite-morphism,90B4487D31264F6CE6853F1FB468D59D59E8DF5F7E81FBFA639DB0B767B65E2F,lexical_candidate_only
ega-topic-proper-mapping,5,93,section;text,08AP,spaces-cohomology-section-proper-pushforward,spaces-cohomology.tex,3584,section,section-proper-pushforward,30E275E6C4C120CB7B4303B9D217A74E41E5AAB1C4213B5D9A1643867D5661AC,lexical_candidate_only
ega-topic-proper-mapping,6,93,section;text,073F,spaces-cohomology-section-vanishing-higher-direct-images,spaces-cohomology.tex,1238,section,section-vanishing-higher-direct-images,79E8DC06C23EF74B1E7F8C8ABC9B8DAB6F53CCE2FE94196567D852484B01C72D,lexical_candidate_only
ega-topic-proper-mapping,7,93,section;text,076Y,stacks-cohomology-section-key,stacks-cohomology.tex,228,section,section-key,A6480D98A12F4F4912654EE2F37CD04E486BA71DC5D415E8D10AF4490F7E28A7,lexical_candidate_only
ega-topic-proper-mapping,8,92,section;text,01XJ,coherent-lemma-quasi-coherence-higher-direct-images,coherent.tex,742,lemma,section-quasi-coherence,BF5FA332B7506BAB91DCBDF2676BF8F40D4A1F386E2D165947B87F282655198E,lexical_candidate_only
ega-topic-proper-mapping,9,92,section;text,07TA,coherent-section-colimits,coherent.tex,1137,section,section-colimits,DE7BB4C7A5928ADFD5F5DAD38708CBD3D5BDDD67747A7C1C84ED949863346B85,lexical_candidate_only
ega-topic-proper-mapping,10,92,section;text,0B5S,coherent-section-projective-pushforward,coherent.tex,4322,section,section-projective-pushforward,8EF3800854425197F368B27136BA2EDB7DC187F6C6B419689D1E2BB8E266BB55,lexical_candidate_only
ega-topic-proper-mapping,11,92,section;text,01XH,coherent-section-quasi-coherence,coherent.tex,546,section,section-quasi-coherence,E9877DFE1E2AB840081336C3D150D7E55F587949ED69101E3E2341ABEA0D48C4,lexical_candidate_only
ega-topic-proper-mapping,12,92,section;text,071Y,spaces-cohomology-section-higher-direct-image,spaces-cohomology.tex,71,section,section-higher-direct-image,FC7F8CB1BDD93459BE6305B2AEBCD36058C82C39D20F7B207629CB4D6C0DCD11,lexical_candidate_only
ega-topic-proper-mapping,13,92,section;text,072F,stacks-sheaves-section-higher-direct-images,stacks-sheaves.tex,3772,section,section-higher-direct-images,29AA37BE0FA1DEF2057B8802C1668CB6BB816958B8FF59699270B10ABFCE0DD6,lexical_candidate_only
ega-topic-proper-mapping,14,71,section,0BDY,coherent-lemma-affine-diagonal-universal-delta-functor,coherent.tex,647,lemma,section-quasi-coherence,2830346F296B4D05C1D9B0080B1AAD446679008F2ED235F48360FACD72111926,lexical_candidate_only
ega-topic-proper-mapping,15,71,section,0B5T,coherent-lemma-coherent-proper-ample,coherent.tex,4329,lemma,section-projective-pushforward,67911A3608C0EF3899DCBC937AC1D98B680667FC1A440114EC589826577FC834,lexical_candidate_only
ega-topic-proper-mapping,16,71,section,07TB,coherent-lemma-colimit-cohomology,coherent.tex,1146,lemma,section-colimits,C7103D26C61BDB8C7005612BF9D309514D87F5487957A8BF536E4CF0937687A4,lexical_candidate_only
ega-topic-proper-mapping,17,71,section,0897,coherent-lemma-graded-finiteness,coherent.tex,5247,lemma,section-proper-pushforward,47D67FD33FA44C90F7C10064442E61EC75C0B9FC6A7D27ED4B09168F93381E90,lexical_candidate_only
ega-topic-proper-mapping,18,71,section,08DR,coherent-lemma-induction-principle,coherent.tex,557,lemma,section-quasi-coherence,60460BCE0CD972FC3C5F917423CDEBADD8749F86D141721F09AB42E85210D5F4,lexical_candidate_only
ega-topic-proper-mapping,19,71,section,02O1,coherent-lemma-kill-by-twisting,coherent.tex,4427,lemma,section-projective-pushforward,33FD54861445EC1A5FFAA3E504F612DFD400283095705C595A336D0B4D5D15DE,lexical_candidate_only
ega-topic-proper-mapping,20,71,section,02O4,coherent-lemma-locally-projective-pushforward,coherent.tex,4466,lemma,section-projective-pushforward,0DCCB468C46C884337CAAD455760A9D2C7677D9830C41ACF5F945C663FD36509,lexical_candidate_only
ega-topic-proper-mapping,21,71,section,02O6,coherent-lemma-proper-over-affine-cohomology-finite,coherent.tex,5227,lemma,section-proper-pushforward,4F3831EE31006AB83B353AC5938B1DECA0363473A1623D983035E07E12D40EEA,lexical_candidate_only
ega-topic-proper-mapping,22,71,section,01XK,coherent-lemma-quasi-coherence-higher-direct-images-application,coherent.tex,844,lemma,section-quasi-coherence,CBAA1B94DE2E1DEB4E90D2425DBECA8A95FAA8AD4753BFF85DCDB37F1644016D,lexical_candidate_only
ega-topic-proper-mapping,23,71,section,01XI,coherent-lemma-vanishing-nr-affines,coherent.tex,590,lemma,section-quasi-coherence,C72148D4234BFBEDC25FF36E2484493BE242CE67BAEA11A9A7184559085C4CDF,lexical_candidate_only
ega-topic-proper-mapping,24,71,section,071L,coherent-lemma-vanishing-nr-affines-quasi-separated,coherent.tex,691,lemma,section-quasi-coherence,A94E441F0F61EAF14F85B9BFED45201E367CC00C14A7F6ADDAE58DEC53EC2EF6,lexical_candidate_only
ega-topic-proper-mapping,25,71,section,02O5,coherent-proposition-proper-pushforward-coherent,coherent.tex,5108,proposition,section-proper-pushforward,2D2E827F8A52096E8FD5D4A12E3A0630099960BCC7BEFA8ED7F250EFC4BC8851,lexical_candidate_only
ega-topic-proper-mapping,26,71,section,0F08,etale-cohomology-lemma-base-change-does-not-hold,etale-cohomology.tex,17296,lemma,section-base-change,8280DB370BCE77C34EFC10804747BF98BC5BC255E481A9558154E8E4031133ED,lexical_candidate_only
ega-topic-proper-mapping,27,71,section,0F07,etale-cohomology-lemma-base-change-does-not-hold-pre,etale-cohomology.tex,17079,lemma,section-base-change,9A0EA966C3BCC7FFA55AA16652552CBC2D44E464A9A786077438D2023D7D67BF,lexical_candidate_only
ega-topic-proper-mapping,28,71,section,0F03,etale-cohomology-lemma-base-change-q-injective,etale-cohomology.tex,16869,lemma,section-base-change,264C0DD050D64D232EC28FF0CD5CB970D68589E2599D7C5085F9118A41D1CCBE,lexical_candidate_only
ega-topic-proper-mapping,29,71,section,0F05,etale-cohomology-lemma-base-change-q-integral-bottom,etale-cohomology.tex,16997,lemma,section-base-change,38AEED4CBFF1D2E717D801EA865BEC6F9390C85F9A9C71005B0C6EC7FF712BD9,lexical_candidate_only
ega-topic-proper-mapping,30,71,section,0F04,etale-cohomology-lemma-base-change-q-integral-top,etale-cohomology.tex,16939,lemma,section-base-change,BEDA5BE7A07CA2B07049FC0D2F8E43777944B03CB1FDB92624E453267F818A33,lexical_candidate_only
ega-topic-proper-mapping,31,71,section,09Z2,etale-cohomology-lemma-cohomological-descent-finite,etale-cohomology.tex,8412,lemma,section-vanishing-finite-morphism,25BF5F08CA15DC5D7103AAFFFA46EC2DF4EED159E4E8E9890D3C448E8517F06E,lexical_candidate_only
ega-topic-proper-mapping,32,71,section,0959,etale-cohomology-lemma-finite-pushforward-commutes-with-base-change,etale-cohomology.tex,8292,lemma,section-vanishing-finite-morphism,86AEF53A59E1E526E31293459897AB02F2A475148E60C7E1FB35C87673B0E525,lexical_candidate_only
ega-topic-proper-mapping,33,71,section,0F06,etale-cohomology-lemma-formal-argument,etale-cohomology.tex,17046,lemma,section-base-change,7BACEDA2ED42D7DE517F95EA7E76FECE5EA6A91A654B23AB82F676ED77B0CEB2,lexical_candidate_only
ega-topic-proper-mapping,34,71,section,0EYP,etale-cohomology-lemma-integral-pushforward-commutes-with-base-change,etale-cohomology.tex,8350,lemma,section-vanishing-finite-morphism,07A8C599EBDF61C49196124C20D95FAC71415243E3F3119BEBEA12B00633A54F,lexical_candidate_only
ega-topic-proper-mapping,35,71,section,03QO,etale-cohomology-lemma-vanishing-etale-cohomology-strictly-henselian,etale-cohomology.tex,8207,lemma,section-vanishing-finite-morphism,387B130322B3D5E28D98FAE237344DAD7303A2E790F6E7FC1687E5BB47011986,lexical_candidate_only
ega-topic-proper-mapping,36,71,section,03QP,etale-cohomology-proposition-finite-higher-direct-image-zero,etale-cohomology.tex,8245,proposition,section-vanishing-finite-morphism,4F78E06D8D66B38C7F5013EB13FF5B5E378C1818E623F4A962D7E3C5910EE79F,lexical_candidate_only
ega-topic-proper-mapping,37,71,section,0F02,etale-cohomology-remark-base-change-holds,etale-cohomology.tex,16848,remark,section-base-change,C6B5CE13B24E6956FEB0806F8CD7FB0037D76B06B70EE8E3B1926CB6A7A50B24,lexical_candidate_only
ega-topic-proper-mapping,38,71,section,09Z3,etale-cohomology-remark-cohomological-descent-finite,etale-cohomology.tex,8488,remark,section-vanishing-finite-morphism,73BA3A69484AB596A71DFB5021200B751334A013641EFF05A2FBDA3A5F8CC596,lexical_candidate_only
ega-topic-proper-mapping,39,71,section,0GIX,etale-cohomology-remark-stalk-fibre,etale-cohomology.tex,8097,remark,section-stalks-direct-image,202B7F0818592721D690D11067397D9A6D17A4ED8FE770B91D1226F5E32C3F2D,lexical_candidate_only
ega-topic-proper-mapping,40,71,section,03Q9,etale-cohomology-theorem-higher-direct-images,etale-cohomology.tex,8015,theorem,section-stalks-direct-image,D7D8EA1226108BF422AFD44AB4E8CD504F91CB683EAE9FE0F61913AC7C6518A9,lexical_candidate_only
ega-topic-proper-mapping,41,71,section,071Z,spaces-cohomology-equation-representable-higher-direct-image,spaces-cohomology.tex,101,equation,section-higher-direct-image,296EE3282BD2242B1679FC11D68D7BE50DFD4DA2380EE37F1C9F3CAF1A344157,lexical_candidate_only
ega-topic-proper-mapping,42,71,section,073H,spaces-cohomology-lemma-affine-vanishing-higher-direct-images,spaces-cohomology.tex,1305,lemma,section-vanishing-higher-direct-images,4BECFEBDB933EE06F1FEE588BE964D11EAF3B2525D06312AABEDE2CDB92A8EBF,lexical_candidate_only
ega-topic-proper-mapping,43,71,section,08AT,spaces-cohomology-lemma-graded-finiteness,spaces-cohomology.tex,3820,lemma,section-proper-pushforward,5886BD383D24D4549071A544D749EEA7160DC975A2E20F054C59369E74662137,lexical_candidate_only
ega-topic-proper-mapping,44,71,section,0720,spaces-cohomology-lemma-higher-direct-image,spaces-cohomology.tex,122,lemma,section-higher-direct-image,BBD2836008712A007F720BE7962A89B2E02086CDE69071331F27C0D6059F4BFD,lexical_candidate_only
ega-topic-proper-mapping,45,71,section,08AQ,spaces-cohomology-lemma-kill-by-twisting,spaces-cohomology.tex,3592,lemma,section-proper-pushforward,21ABD10DA51A60E87958071F2B76D2D603115CA8020EFAB8FB9F10521453F4D1,lexical_candidate_only
ega-topic-proper-mapping,46,71,section,08AS,spaces-cohomology-lemma-proper-over-affine-cohomology-finite,spaces-cohomology.tex,3795,lemma,section-proper-pushforward,4FF1D0A800F1937917F6434869AC0091F97E05177A565605CB6422ADEC37A9F6,lexical_candidate_only
ega-topic-proper-mapping,47,71,section,08AR,spaces-cohomology-lemma-proper-pushforward-coherent,spaces-cohomology.tex,3618,lemma,section-proper-pushforward,27EFC79A3BCC70C1617AB3979374E661B097F5F5C1D68E0EACF25AA694974DA1,lexical_candidate_only
ega-topic-proper-mapping,48,71,section,08EX,spaces-cohomology-lemma-quasi-coherence-higher-direct-images-application,spaces-cohomology.tex,238,lemma,section-higher-direct-image,9208849DC79AC8DBB2E2DFF46CDC5FA72325AF8C679F75CEE478B50AC2866CDA,lexical_candidate_only
ega-topic-proper-mapping,49,71,section,0D2U,spaces-cohomology-lemma-relative-affine-cohomology,spaces-cohomology.tex,1319,lemma,section-vanishing-higher-direct-images,016EB4DC52EDFC7D31AFFD0B1FE38D4BE9A67CB6D39C54FF49FC2824F6404895,lexical_candidate_only
ega-topic-proper-mapping,50,71,section,073G,spaces-cohomology-lemma-vanishing-higher-direct-images,spaces-cohomology.tex,1249,lemma,section-vanishing-higher-direct-images,F6F3BCE3BFDD99FAC0C572CE827A522AD898F013B35A827F86992E5ED1EA299B,lexical_candidate_only
ega-topic-proper-mapping,51,71,section,076Z,stacks-cohomology-lemma-general-pushforward,stacks-cohomology.tex,237,lemma,section-key,C535384E75579936C4DBEB6E9720A15B240F22B9F1237CE4E81B229BFB315BED,lexical_candidate_only
ega-topic-proper-mapping,52,71,section,0770,stacks-cohomology-lemma-general-pushforward-fppf,stacks-cohomology.tex,369,lemma,section-key,28F0AF075D372EDF9D2303F978AC84EB565F5552E04808972BF39E1FF12CB2E5,lexical_candidate_only
ega-topic-proper-mapping,53,71,section,075H,stacks-sheaves-lemma-base-change-higher-direct-images,stacks-sheaves.tex,3930,lemma,section-higher-direct-images,3E613D2674632FC39A0A91B703417F6EB96495141C2CCB2B7C4BF22E409B90B0,lexical_candidate_only
ega-topic-proper-mapping,54,71,section,075G,stacks-sheaves-lemma-pushforward-restriction,stacks-sheaves.tex,3875,lemma,section-higher-direct-images,A56DED7E096649669F54945F8718255409145EF17B99BA636810A18E531B6A20,lexical_candidate_only
ega-topic-proper-mapping,55,71,section,072G,stacks-sheaves-proposition-smooth-covering-compute-direct-image,stacks-sheaves.tex,3804,proposition,section-higher-direct-images,8B8FE47265955FEB75A673748C982C7248421540A2DB4A9D81C354B9B47D928E,lexical_candidate_only
ega-topic-proper-mapping,56,21,text,06VR,adequate-lemma-direct-image-adequate,adequate.tex,1891,lemma,section-adequate,A242510E57225DFB866AB5537C2458D9834CA83F3BEBB5FDE56C31DBC5A8ACE4,lexical_candidate_only
ega-topic-proper-mapping,57,21,text,06ZP,adequate-lemma-direct-image-parasitic-adequate,adequate.tex,2117,lemma,section-parasitic,BCC81F178A33E186A2D1CCD5928A32E939E8E6ED2937B428785BAD15E30AD139,lexical_candidate_only
ega-topic-proper-mapping,58,21,text,06US,adequate-section-quasi-coherent,adequate.tex,104,section,section-quasi-coherent,091C311FEFFDB25E997C7398F779153906842B447DDF889215E346F4F2E9426C,lexical_candidate_only
ega-topic-proper-mapping,59,21,text,01F1,cohomology-lemma-modules-abelian,cohomology.tex,2175,lemma,section-Leray,0E64787F2E2CCA08311976FDAF0596793D6B595C44233184CAD8C3F9D6B53ED6,lexical_candidate_only
ega-topic-proper-mapping,60,21,text,09V4,cohomology-section-proper-base-change,cohomology.tex,3051,section,section-proper-base-change,84D6E5B9B3DD0838290245EC99C70F0636CEEAAA843C7BD339392C0BFC6AD29D,lexical_candidate_only
ega-topic-proper-mapping,61,21,text,07MJ,crystalline-remark-compute-direct-image,crystalline.tex,4363,remark,section-missing,13C578865EE970DA6A97EDE6321C521D4B2C993FDD187AB8936E68417A3C2551,lexical_candidate_only
ega-topic-proper-mapping,62,21,text,07AG,descent-lemma-direct-image-parasitic,descent.tex,3815,lemma,section-parasitic,3107F6169BD690CC7FE80C5B9EF321C1A873CABB9C07BA4CF9D008919432B1EB,lexical_candidate_only
ega-topic-proper-mapping,63,21,text,04I2,etale-cohomology-definition-higher-direct-images,etale-cohomology.tex,4566,definition,section-direct-image,F7B0FF3764BDEDD83B451CBE911A1985446FC717FFC24D552387B5FD7C0974BA,lexical_candidate_only
ega-topic-proper-mapping,64,21,text,08DY,perfect-section-total-direct-image,perfect.tex,436,section,section-total-direct-image,215DFEB67CB7990529591BA1AAADBAB875A6BAF4750802F6B3EEC5185B0526FA,lexical_candidate_only
ega-topic-proper-mapping,65,21,text,07U6,spaces-cohomology-lemma-colimit-cohomology,spaces-cohomology.tex,480,lemma,section-colimits,6EEF5F4E28D6B822952B1742FBAAA79C95ADFDC5C0820CFF4F89E8694D51D947,lexical_candidate_only
ega-topic-proper-mapping,66,21,text,0A4T,spaces-cohomology-lemma-higher-direct-images-zero-above-dimension-fibre,spaces-cohomology.tex,4409,lemma,section-theorem-formal-functions,F0B97C4734B566C3DAFB10543BC5C211E9DCAC44BA3134EDEE7197D752C2B4BC,lexical_candidate_only
ega-topic-proper-mapping,67,21,text,0GQW,stacks-cohomology-lemma-colimit-cohomology,stacks-cohomology.tex,2446,lemma,section-colimits,25E3C7B950C48943CCC803DEE20C578E2A105EB4106B11B34BA866811BCCBFBC,lexical_candidate_only
ega-topic-base-change,1,93,section;text,02N6,cohomology-section-base-change-map,cohomology.tex,2956,section,section-base-change-map,AF5926DF3EF6FB0F8A0DA1EA031FFCDCB6F6E991C22B12F0B5CB020FFC893D8D,lexical_candidate_only
ega-topic-base-change,2,93,section;text,0A1G,perfect-section-cohomology-and-base-change-final,perfect.tex,7385,section,section-cohomology-and-base-change-final,64A4651B8DAF7904B899EBCE88B0117BFCAAB66FFD4D2B9F9D94BE0E4AAEDCE9,lexical_candidate_only
ega-topic-base-change,3,93,section;text,0735,sites-cohomology-section-base-change-map,sites-cohomology.tex,2400,section,section-base-change-map,BAC13BF898E77AC8C421786DE62F526D7BC8116758C478AC743823CC2AFA8CF5,lexical_candidate_only
ega-topic-base-change,4,93,section;text,0A1N,spaces-perfect-section-cohomology-and-base-change-final,spaces-perfect.tex,6079,section,section-cohomology-and-base-change-final,64A4651B8DAF7904B899EBCE88B0117BFCAAB66FFD4D2B9F9D94BE0E4AAEDCE9,lexical_candidate_only
ega-topic-base-change,5,92,section;text,02KH,coherent-lemma-flat-base-change-cohomology,coherent.tex,948,lemma,section-cohomology-and-base-change,6F6891D074060C954ADB3772A2FA58370DBA4ADAF6D0231640184AEA18137BA3,lexical_candidate_only
ega-topic-base-change,6,92,section;text,07VK,coherent-lemma-perfect-direct-image,coherent.tex,6172,lemma,section-cohomology-and-base-change-perfect,457692A872415ED3BB0787247894D8DEB18334BFF098B92D2B067B2F8411106A,lexical_candidate_only
ega-topic-base-change,7,92,section;text,02KE,coherent-section-cohomology-and-base-change,coherent.tex,878,section,section-cohomology-and-base-change,2EBCCFD3234C91E7894307161C267F6E69290F2AD61AA2DEEE1C9555A3CDD26F,lexical_candidate_only
ega-topic-base-change,8,92,section;text,071M,coherent-section-cohomology-and-base-change-derived,coherent.tex,1178,section,section-cohomology-and-base-change-derived,E395DAE9695813C0258570394C05575BE85ED68BCF78E58429B4BD6A32BB53A7,lexical_candidate_only
ega-topic-base-change,9,92,section;text,07VJ,coherent-section-cohomology-and-base-change-perfect,coherent.tex,6161,section,section-cohomology-and-base-change-perfect,0330EC3767EAE586A67EB8D28480E1BACBBF24248E5FBFCF690E7CC332911C2C,lexical_candidate_only
ega-topic-base-change,10,92,section;text,02N7,cohomology-lemma-base-change-map-flat-case,cohomology.tex,2977,lemma,section-base-change-map,4DD3D14D2AC3D3249276AD56B386E89C76EA323EA0DC87D6012571E7242D0EEB,lexical_candidate_only
ega-topic-base-change,11,92,section;text,02N8,cohomology-remark-correct-version-base-change-map,cohomology.tex,3035,remark,section-base-change-map,7BB7155384A7D458C818D7FC5A397BD490601BE26EB1924E0D1ACD8167105CC4,lexical_candidate_only
ega-topic-base-change,12,92,section;text,08ET,perfect-section-cohomology-and-base-change-perfect,perfect.tex,5041,section,section-cohomology-and-base-change-perfect,33450EC31DF14908F11B4611977383DEDD8F802781B5D6162445BAE6B0158D5D,lexical_candidate_only
ega-topic-base-change,13,92,section;text,0DJ6,perfect-section-cohomology-base-change,perfect.tex,6383,section,section-cohomology-base-change,A4E86621A0B3A424C569A9B07F4FE782BB36BCAD277F61697233AA33023F169E,lexical_candidate_only
ega-topic-base-change,14,92,section;text,0736,sites-cohomology-lemma-base-change-map-flat-case,sites-cohomology.tex,2427,lemma,section-base-change-map,0DB0C2DEC4EBF50799F91E0072897896068471D8AC195E7ABCD3C0CA825A00A8,lexical_candidate_only
ega-topic-base-change,15,92,section;text,073K,spaces-cohomology-lemma-flat-base-change-cohomology,spaces-cohomology.tex,1705,lemma,section-cohomology-and-base-change,60AD1AB06B4F26F0F38D66A7498CC490C6F49D541ED22EB8FA886343B10F867F,lexical_candidate_only
ega-topic-base-change,16,92,section;text,073I,spaces-cohomology-section-cohomology-and-base-change,spaces-cohomology.tex,1655,section,section-cohomology-and-base-change,348058843C8C50A51CF1D0F9C3D5AB4B30196BDB9BBD1F787E52996627A298A2,lexical_candidate_only
ega-topic-base-change,17,92,section;text,08IM,spaces-perfect-section-cohomology-and-base-change-perfect,spaces-perfect.tex,4659,section,section-cohomology-and-base-change-perfect,F2C9A860E18D19C397B24B0AA15C4D5C52940828308FC11AE04FC2F5BBDB720C,lexical_candidate_only
ega-topic-base-change,18,92,section;text,0DKE,spaces-perfect-section-cohomology-base-change,spaces-perfect.tex,5075,section,section-cohomology-base-change,D6512C587B6BC4FDAD01205B71903AE25941C1E9CFFBCC3A908F737AAAB925AC,lexical_candidate_only
ega-topic-base-change,19,71,section,02KF,coherent-equation-base-change-diagram,coherent.tex,890,equation,section-cohomology-and-base-change,4F936CD1CD0E08503CE6C4A94FE64BC78212FC2290AE9D0E3F982D575B544E92,lexical_candidate_only
ega-topic-base-change,20,71,section,02KG,coherent-lemma-affine-base-change,coherent.tex,907,lemma,section-cohomology-and-base-change,902802E89B159CEA547DE3CD34188096B2C98E1EA0AF09DA0A962A3CEC639030,lexical_candidate_only
ega-topic-base-change,21,71,section,01XM,coherent-lemma-base-change-complex,coherent.tex,1275,lemma,section-cohomology-and-base-change-derived,96E497A55D6602A6407AFEE99938ED8323A123CE9C59B1B38D8BBC0B544E1C1A,lexical_candidate_only
ega-topic-base-change,22,71,section,0GN5,coherent-lemma-base-change-tensor-with-flat,coherent.tex,1432,lemma,section-cohomology-and-base-change-derived,473B41CB1976F0FD9131EFEFB135F085A5BD55370DCF85330EC9AB519225A6BF,lexical_candidate_only
ega-topic-base-change,23,71,section,0CKW,coherent-lemma-finite-locally-free-base-change-cohomology,coherent.tex,1053,lemma,section-cohomology-and-base-change,2E50DE688253B433E2C12F0DEEF048D4571DC0AE419A315CCAEA9845A0A119F8,lexical_candidate_only
ega-topic-base-change,24,71,section,01XN,coherent-lemma-hypercoverings,coherent.tex,1349,lemma,section-cohomology-and-base-change-derived,18BD14293FCA71461CA85C9D1F2D12282FD87585E781E3F07D1ABB68CDE8F5ED,lexical_candidate_only
ega-topic-base-change,25,71,section,01XL,coherent-lemma-separated-case-relative-cech,coherent.tex,1200,lemma,section-cohomology-and-base-change-derived,48BB259501E74C4B1135C3141A6DD2400D86902A749EF5374DA816288FD0AF27,lexical_candidate_only
ega-topic-base-change,26,71,section,07VL,coherent-remark-explain-perfect-direct-image,coherent.tex,6230,remark,section-cohomology-and-base-change-perfect,05D5174FF0F3DC7506B7100A289ED9C5B41FC18A4F97CCF1FD55AC694791824B,lexical_candidate_only
ega-topic-base-change,27,71,section,08IA,perfect-definition-tor-independent,perfect.tex,5097,definition,section-cohomology-and-base-change-perfect,5D3B89FFF390180A876280A9ABD05AC6C141AA565ED048A02654CABC2EFFF5A6,lexical_candidate_only
ega-topic-base-change,28,71,section,0DJ7,perfect-equation-bc,perfect.tex,6427,equation,section-cohomology-base-change,010752AEE7C0B20EF2CBBAC46D35880439797EC44F7DFA5576F4E78C7FD9CEFA,lexical_candidate_only
ega-topic-base-change,29,71,section,0AA7,perfect-lemma-affine-morphism-and-hom-out-of-perfect,perfect.tex,5206,lemma,section-cohomology-and-base-change-perfect,24F7E31CC0B0D56034DDDBE7FD7E2C2AB94F78D2EF49FE93DAB3022F2F90BF8F,lexical_candidate_only
ega-topic-base-change,30,71,section,08IE,perfect-lemma-base-change-RHom,perfect.tex,6711,lemma,section-cohomology-base-change,02DD94A23173B056B4B785004BD7E824A7FB72625B9EFF1B134088F1C0BA7AD1,lexical_candidate_only
ega-topic-base-change,31,71,section,0A1J,perfect-lemma-base-change-RHom-perfect,perfect.tex,7626,lemma,section-cohomology-and-base-change-final,CF271B6EF5AC023A743D2766DE4BDB15A7BBDE60D6CCB43A6D16BDBDB205DC5F,lexical_candidate_only
ega-topic-base-change,32,71,section,0A1D,perfect-lemma-base-change-tensor,perfect.tex,6663,lemma,section-cohomology-base-change,5B4549BE8B8BDC8F6F35CC56418BF4E60D5BD186C75E2297B94805A76AA11480,lexical_candidate_only
ega-topic-base-change,33,71,section,0A1H,perfect-lemma-base-change-tensor-perfect,perfect.tex,7397,lemma,section-cohomology-and-base-change-final,A3A092FEE196A1EC06E4D36C46848D98784B5F833DC4F918E8D71BD47397C96E,lexical_candidate_only
ega-topic-base-change,34,71,section,0CSC,perfect-lemma-base-change-tensor-pseudo-coherent,perfect.tex,7458,lemma,section-cohomology-and-base-change-final,7F5030E4B7CEBAB372974A76073E110CF5F29D54A124DEDADB1D590638595C23,lexical_candidate_only
ega-topic-base-change,35,71,section,08EU,perfect-lemma-cohomology-base-change,perfect.tex,5052,lemma,section-cohomology-and-base-change-perfect,DCCBF3A564F9181019439EB2E0477E55AF1597D6D1C6F202580C731B7A1D780C,lexical_candidate_only
ega-topic-base-change,36,71,section,08IB,perfect-lemma-compare-base-change,perfect.tex,5145,lemma,section-cohomology-and-base-change-perfect,465C4FC72647C72166E133063F0A4CF024DFD92300F043BAFDCC499D9EFBD93B,lexical_candidate_only
ega-topic-base-change,37,71,section,0E23,perfect-lemma-compare-base-change-closed-immersion,perfect.tex,5337,lemma,section-cohomology-and-base-change-perfect,35ED90EDC5F1C2749C110E25F4B0EE303316D6D1FE36A3BD0CA52322DEF5EF12,lexical_candidate_only
ega-topic-base-change,38,71,section,0FXW,perfect-lemma-flat-base-change-tor-independent,perfect.tex,5130,lemma,section-cohomology-and-base-change-perfect,0856B896430757D09A1B9D75C125FF9817E945D0D59BC7619806FA9B0322F3D6,lexical_candidate_only
ega-topic-base-change,39,71,section,0B91,perfect-lemma-flat-proper-perfect-direct-image-general,perfect.tex,7525,lemma,section-cohomology-and-base-change-final,0A71B7C043CFC96D13D9EBF445AF385F257B0B5DA026A9484C59FC54C022B98D,lexical_candidate_only
ega-topic-base-change,40,71,section,0CSD,perfect-lemma-flat-proper-pseudo-coherent-direct-image-general,perfect.tex,7547,lemma,section-cohomology-and-base-change-final,511C028F0E5DFFC0C6AD0A7CB69816379C2FCD98B4159600B9D5CDE8C7A7F392,lexical_candidate_only
ega-topic-base-change,41,71,section,0D2Q,perfect-lemma-pullback-and-limits,perfect.tex,7569,lemma,section-cohomology-and-base-change-final,8AA72F75B1C4815EBF5E0D774E6B2C91562AFFA8AB65FEF1B00E8959D48FC1FD,lexical_candidate_only
ega-topic-base-change,42,71,section,0DJ9,perfect-lemma-single-complex-base-change,perfect.tex,6532,lemma,section-cohomology-base-change,983FCB6D15104141345AFFF5D6B59C571EB000607CA3D7B922D3D64FDCEEA0B1,lexical_candidate_only
ega-topic-base-change,43,71,section,0DJ8,perfect-lemma-single-complex-base-change-condition,perfect.tex,6437,lemma,section-cohomology-base-change,2A85776AA31DE76A94E3B89779CC041E8CBFAA70954F568EE2AA2E9D04A948A8,lexical_candidate_only
ega-topic-base-change,44,71,section,0DJA,perfect-lemma-single-complex-base-change-condition-inherited,perfect.tex,6607,lemma,section-cohomology-base-change,B375EB14BBCB078CE22C602F4D12F66C1D6BC83BF0549B47183E4F2B26A56283,lexical_candidate_only
ega-topic-base-change,45,71,section,0C0V,perfect-lemma-tor-independence-and-tor-amplitude,perfect.tex,5296,lemma,section-cohomology-and-base-change-perfect,C6127F06EE16FCE0ABC16C1E21A3EED0C3B00B59376E87071DB5ECEC0119F6C0,lexical_candidate_only
ega-topic-base-change,46,71,section,0FXV,perfect-lemma-tor-independent,perfect.tex,5107,lemma,section-cohomology-and-base-change-perfect,EE37A4690DD7A7F0550BCD7E52CA9DEBF8FF386AA4E7593D11BBBE4336F6A759,lexical_candidate_only
ega-topic-base-change,47,71,section,0A1I,perfect-remark-explain-perfect-direct-image,perfect.tex,7444,remark,section-cohomology-and-base-change-final,AE12DA653C5891FA922BBF10A2A6277115CCB78F7843B1FE66C165431431FAF5,lexical_candidate_only
ega-topic-base-change,48,71,section,0BZA,perfect-remark-multiplication-map,perfect.tex,5278,remark,section-cohomology-and-base-change-perfect,0F5678EF64D01A3137F764181785DCFD543D9158B1AB32D24CAD0A2C3F6BB755,lexical_candidate_only
ega-topic-base-change,49,71,section,073J,spaces-cohomology-equation-base-change-diagram,spaces-cohomology.tex,1668,equation,section-cohomology-and-base-change,052FC88FF2BD90A187303B7084F2C97AC8F49CF73025F3F769676F2D12F21176,lexical_candidate_only
ega-topic-base-change,50,71,section,07U8,spaces-cohomology-lemma-affine-base-change,spaces-cohomology.tex,1685,lemma,section-cohomology-and-base-change,754FADFE95C1CC0D4E3E7CF123F475B6E457BEA21509B441D3F04BD5B79BA5F9,lexical_candidate_only
ega-topic-base-change,51,71,section,0HAP,spaces-cohomology-lemma-etale-pull-push-split,spaces-cohomology.tex,1805,lemma,section-cohomology-and-base-change,60B4F1BF26BF9C2CA4481EF90A825473987C0122560A57CBCF2475F0A59329E0,lexical_candidate_only
ega-topic-base-change,52,71,section,08IP,spaces-perfect-definition-tor-independent,spaces-perfect.tex,4725,definition,section-cohomology-and-base-change-perfect,823FB2EEF35402F7EA5FF846D5405E439338D9267F7BDC444B690F0D9C97CB1B,lexical_candidate_only
ega-topic-base-change,53,71,section,0DKF,spaces-perfect-equation-bc,spaces-perfect.tex,5134,equation,section-cohomology-base-change,3C874E1F73E2566293DE1AEAEFFA8A87ABFA50A6F1074AB0932192FCA4193122,lexical_candidate_only
ega-topic-base-change,54,71,section,0E4S,spaces-perfect-lemma-affine-morphism-and-hom-out-of-perfect,spaces-perfect.tex,4924,lemma,section-cohomology-and-base-change-perfect,51719C09811E2CE91B29507B2EAACE85EC9829672290D561A57843BC0D76FDCE,lexical_candidate_only
ega-topic-base-change,55,71,section,08JQ,spaces-perfect-lemma-base-change-RHom,spaces-perfect.tex,5458,lemma,section-cohomology-base-change,C2E30CE22ED9E8CD543A54ABED658D5F69E09B2CC4BCDB275BE249C74277AAD5,lexical_candidate_only
ega-topic-base-change,56,71,section,0A1R,spaces-perfect-lemma-base-change-RHom-perfect,spaces-perfect.tex,6367,lemma,section-cohomology-and-base-change-final,6D7E3B1B0BF61A464EF2920A10DF9C0D90EC5B92429AFC5411CFF252E9AEA1F6,lexical_candidate_only
ega-topic-base-change,57,71,section,0A1K,spaces-perfect-lemma-base-change-tensor,spaces-perfect.tex,5408,lemma,section-cohomology-base-change,BEC3DB9EC64A5EBC663A577371FF45E60C0E23F03B85A52DF3227839E8E3E8F7,lexical_candidate_only
ega-topic-base-change,58,71,section,0A1P,spaces-perfect-lemma-base-change-tensor-perfect,spaces-perfect.tex,6091,lemma,section-cohomology-and-base-change-final,FAE9E57DB14AF2F58B25A1B8B42C889CA97358852AA6C198E90C1F80D49737EC,lexical_candidate_only
ega-topic-base-change,59,71,section,0CTL,spaces-perfect-lemma-base-change-tensor-pseudo-coherent,spaces-perfect.tex,6157,lemma,section-cohomology-and-base-change-final,72DFEB8726C77DC04425BC41B17ACD2A10A0DE0F1EA44E351AC8D397F394FC59,lexical_candidate_only
ega-topic-base-change,60,71,section,08IN,spaces-perfect-lemma-cohomology-base-change,spaces-perfect.tex,4666,lemma,section-cohomology-and-base-change-perfect,44CF9687FD34CF0F0886F0E102B652E18CB0EAE663807193E7A319BFE8C80DF3,lexical_candidate_only
ega-topic-base-change,61,71,section,08IR,spaces-perfect-lemma-compare-base-change,spaces-perfect.tex,4863,lemma,section-cohomology-and-base-change-perfect,3891A37917F92563D6965D4D322D09400C6C4D54B8097120A92BDFFB8712F428,lexical_candidate_only
ega-topic-base-change,62,71,section,0CTM,spaces-perfect-lemma-flat-proper-perfect-direct-image-general,spaces-perfect.tex,6225,lemma,section-cohomology-and-base-change-final,3D214064E0293434A13EDADED0CD672BF48EBCBE1FF4F5A0CCA7EC8FDEFF4F67,lexical_candidate_only
ega-topic-base-change,63,71,section,0CTN,spaces-perfect-lemma-flat-proper-pseudo-coherent-direct-image-general,spaces-perfect.tex,6247,lemma,section-cohomology-and-base-change-final,0B6BE82EF42448BC94C25736DE43B62D290AB6FCCC3AE13C241A8CA014749DC6,lexical_candidate_only
ega-topic-base-change,64,71,section,0CWH,spaces-perfect-lemma-perfect-enough,spaces-perfect.tex,6327,lemma,section-cohomology-and-base-change-final,BA123AEA13D47C829031795FAA9AB60F407628B28E0E4683EA8CE70622AA9D1C,lexical_candidate_only
ega-topic-base-change,65,71,section,0D3F,spaces-perfect-lemma-pullback-and-limits,spaces-perfect.tex,6270,lemma,section-cohomology-and-base-change-final,5236378FD3D51AFEF6133F6EC845132099EC212D81219751E75359A266855231,lexical_candidate_only
ega-topic-base-change,66,71,section,0DKH,spaces-perfect-lemma-single-complex-base-change,spaces-perfect.tex,5271,lemma,section-cohomology-base-change,86D1E2FB73FD904375B1AB1F343FF05A1249B3DDC33967CD3BA638C5B5A358CF,lexical_candidate_only
ega-topic-base-change,67,71,section,0DKG,spaces-perfect-lemma-single-complex-base-change-condition,spaces-perfect.tex,5148,lemma,section-cohomology-base-change,B0B81BDB31E0FFA25865AFC6A1AEF515DFB16F655A5E3CE1DC1EE0790170166D,lexical_candidate_only
ega-topic-base-change,68,71,section,0DKI,spaces-perfect-lemma-single-complex-base-change-condition-inherited,spaces-perfect.tex,5350,lemma,section-cohomology-base-change,B69840639B810425220E924BC888E26798449DA209EFB9C3CDC4179E2E0A7CC3,lexical_candidate_only
ega-topic-base-change,69,71,section,0DKD,spaces-perfect-lemma-tor-independence-and-tor-amplitude,spaces-perfect.tex,5017,lemma,section-cohomology-and-base-change-perfect,AA1E5DC810DC04B22BF76ADCE0D404DF74E5E41F15BB601BE8D7CCEAA1ACEE01,lexical_candidate_only
ega-topic-base-change,70,71,section,08IQ,spaces-perfect-lemma-tor-independent,spaces-perfect.tex,4748,lemma,section-cohomology-and-base-change-perfect,5F1EC5EDAAD5556E91E9BE26BBCE4252EC0BEDA58B64344D0C1A584CD491CDD7,lexical_candidate_only
ega-topic-base-change,71,71,section,0A1Q,spaces-perfect-remark-explain-perfect-direct-image,spaces-perfect.tex,6143,remark,section-cohomology-and-base-change-final,00468CD6DB9E77D7778DF6D96F2022CDB74C1DA378E1DE3405E6AB79F1361C8B,lexical_candidate_only
ega-topic-base-change,72,71,section,0E4T,spaces-perfect-remark-multiplication-map,spaces-perfect.tex,4999,remark,section-cohomology-and-base-change-perfect,0F5678EF64D01A3137F764181785DCFD543D9158B1AB32D24CAD0A2C3F6BB755,lexical_candidate_only
ega-topic-base-change,73,23,text,0BVC,discriminant-lemma-bc-map-dualizing,discriminant.tex,218,lemma,section-quasi-finite-dualizing,4CD79028185BDBB348F6428D62098933A4401C9293EF63D220D8FF65FA59CBA2,lexical_candidate_only
ega-topic-base-change,74,22,text,08HY,cohomology-remark-base-change,cohomology.tex,6646,remark,section-unbounded,BFFCDA36C1DAF97330C0F88E0D222CFD5E4A1DE2BA8DD567AFAFF84E60973D59,lexical_candidate_only
ega-topic-base-change,75,22,text,0ATL,cohomology-remark-compose-base-change,cohomology.tex,6673,remark,section-unbounded,06572160F3A436A90447046BCBC4481749766BF1F0C51168FF011D44EAD8298D,lexical_candidate_only
ega-topic-base-change,76,22,text,0ATM,cohomology-remark-compose-base-change-horizontal,cohomology.tex,6699,remark,section-unbounded,363F5662E786EAF038AF834E17DCF61E8F71588FC221F42279C1A44F1050ED43,lexical_candidate_only
ega-topic-base-change,77,22,text,07MS,crystalline-remark-base-change,crystalline.tex,4678,remark,section-missing,F7F1565F7B6E405EAF1B9EF6CC028F5D85832371218DB726AF064B7C6E113B1B,lexical_candidate_only
ega-topic-base-change,78,22,text,0E46,sites-cohomology-remark-compose-base-change,sites-cohomology.tex,4062,remark,section-unbounded,F5E0440185C624E888DC8753990DFAE12766BF42D973A0DE04ECBD43B799E912,lexical_candidate_only
ega-topic-base-change,79,22,text,0E47,sites-cohomology-remark-compose-base-change-horizontal,sites-cohomology.tex,4094,remark,section-unbounded,6BB2E1A3553EE4B83F3D141E5FDD76C64200EC54744462A7992BD081EBF04B3E,lexical_candidate_only
ega-topic-base-change,80,22,text,0F6X,sites-remark-compose-base-change,sites.tex,10723,remark,section-pullback,0B40371404954C90541224FBC6E18F7164DB45DE48D76E3249BF852F55A7788D,lexical_candidate_only
ega-topic-semicontinuity,1,21,text,0D4I,more-morphisms-lemma-dimension-fibres-proper,more-morphisms.tex,8512,lemma,section-dimension,0890151C747D974937465F2996E536CE25DC3D12179184E35E54C2BC3C7E1AA7,lexical_candidate_only
ega-topic-semicontinuity,2,21,text,0F3I,more-morphisms-lemma-semicontinuous-w,more-morphisms.tex,22672,lemma,section-more-weightings,77FDA34DFCC83097FB3800B40BD64332B653F2CBD276DD3EFA00DDFCFE41CEA6,lexical_candidate_only
ega-topic-semicontinuity,3,21,text,0BDI,perfect-lemma-jump-loci,perfect.tex,7690,lemma,section-perfect-complexes,19B5CE71394A5DE9717093685A6AB97782C67F2A4597BF23D63C4193DC660174,lexical_candidate_only
ega-topic-semicontinuity,4,21,text,0D4Q,spaces-more-morphisms-lemma-dimension-fibres-proper,spaces-more-morphisms.tex,7227,lemma,section-dimension,05D18EA93255A5E5B01C57177B82E6721A2CDD6105CDFF81D1D203ED45E0B226,lexical_candidate_only
ega-topic-semicontinuity,5,21,text,0DRQ,stacks-geometry-lemma-relative-dimension-is-semi-continuous,stacks-geometry.tex,1210,lemma,section-dimension-of-algebraic-stacks,8A84FEDD8CF66D410D5A2684D4D14A05E49C1DED822E409E3FE3814A7466414B,lexical_candidate_only
ega-topic-semicontinuity,6,21,text,0BBX,topology-item-lower-semi-continuous,topology.tex,60,item,section-topology-basic,B8D5AB099A57AD8CD95F62940A5CDFBA3039F838CF2574E54EC66DB158165FF2,lexical_candidate_only
ega-topic-semicontinuity,7,21,text,004J,topology-item-neighbourhood,topology.tex,69,item,section-topology-basic,EEEEC59E8D22F173C803471AD5543CA52152C60C5D86CF0050992B719123DDD5,lexical_candidate_only
ega-topic-formal-functions,1,93,section;text,04V6,guide-subsection-theorem-formal-functions,guide.tex,934,subsection,subsection-theorem-formal-functions,6DE8167879251A06EA51589636E2CE1DCE20E2ADE982AA7EC07190004663DD96,lexical_candidate_only
ega-topic-formal-functions,2,92,section;text,0AKL,algebraization-remark-references,algebraization.tex,1809,remark,section-formal-functions,7B1A12DFF83191E3AAD85B18A0B2D92B819082CDC745B42474DAE8718BE51FB9,lexical_candidate_only
ega-topic-formal-functions,3,92,section;text,0A0H,algebraization-section-formal-functions,algebraization.tex,1624,section,section-formal-functions,CCB784703E8ED413FB7351DBE5191244F1EB813FA1AF767EF80D66368E3AE5E2,lexical_candidate_only
ega-topic-formal-functions,4,92,section;text,02OF,coherent-section-applications-formal-functions,coherent.tex,5873,section,section-applications-formal-functions,8F6919561D532136F5CC3B198404EDE9441D7775660B1E4E559FA8B31A31A159,lexical_candidate_only
ega-topic-formal-functions,5,92,section;text,02O7,coherent-section-theorem-formal-functions,coherent.tex,5324,section,section-theorem-formal-functions,2CD49FD0B53AFAE98BB3AB4AC3F9EF5D81A0241814BD0B34EDBC77EDCD0B7207,lexical_candidate_only
ega-topic-formal-functions,6,92,section;text,02OC,coherent-theorem-formal-functions,coherent.tex,5648,theorem,section-theorem-formal-functions,08A9D1C4244A7D6F65E2D9B53226513AEA382CA2144B3E46872F51A0862546F6,lexical_candidate_only
ega-topic-formal-functions,7,92,section;text,0A4U,spaces-cohomology-section-applications-formal-functions,spaces-cohomology.tex,4452,section,section-applications-formal-functions,A490374F43A6FAE41872434DDA1FAFDFD3FEC68AE935AFF7CB7555C38DC9A29C,lexical_candidate_only
ega-topic-formal-functions,8,92,section;text,08AU,spaces-cohomology-section-theorem-formal-functions,spaces-cohomology.tex,4018,section,section-theorem-formal-functions,76DAAED827B3EF8E6D156ECD348DA201CE792DA756BE636E85EBFBEE1B1BD840,lexical_candidate_only
ega-topic-formal-functions,9,92,section;text,08AZ,spaces-cohomology-theorem-formal-functions,spaces-cohomology.tex,4208,theorem,section-theorem-formal-functions,C650A8EEA8510F185E63535C15945BFEB842CC2D3D972758EA7E7E4EAE593046,lexical_candidate_only
ega-topic-formal-functions,10,71,section,0A0I,algebraization-equation-formal-functions,algebraization.tex,1642,equation,section-formal-functions,971775D08C9763E7F8C53A43E7AF6F9E66B67F83CF1C51CD687E6F974F645039,lexical_candidate_only
ega-topic-formal-functions,11,71,section,0A0K,algebraization-lemma-derived-completion-pseudo-coherent,algebraization.tex,1685,lemma,section-formal-functions,B73950CE6C00139BAA140A065C3B846F3CCD6651A3C0A5B5D7C06A8F862C059A,lexical_candidate_only
ega-topic-formal-functions,12,71,section,0A0M,algebraization-lemma-formal-functions,algebraization.tex,1759,lemma,section-formal-functions,D64C600D037DE18DA2FD476CE8C90F1ECCEEDA368CE9BB0A01E28FB12CE18063,lexical_candidate_only
ega-topic-formal-functions,13,71,section,0A0L,algebraization-lemma-sections-derived-completion-pseudo-coherent,algebraization.tex,1652,lemma,section-formal-functions,B01840669BED534A3E00ED96456DFE217A68378935ABBFDAB722BCF4AE0FC3EC,lexical_candidate_only
ega-topic-formal-functions,14,71,section,02OB,coherent-lemma-ML-cohomology-powers-ideal,coherent.tex,5553,lemma,section-theorem-formal-functions,FC9F4C1F411DFA9E24B270F740CD77801764D4AC98D39B5A1373E578BFF91D20,lexical_candidate_only
ega-topic-formal-functions,15,71,section,0D2N,coherent-lemma-ample-in-neighbourhood,coherent.tex,6091,lemma,section-applications-formal-functions,DC40ED9D172CC164B045AAF29CCF16E60AA9B2F4D953EF3FCD4025785DC13E0E,lexical_candidate_only
ega-topic-formal-functions,16,71,section,0D2M,coherent-lemma-ample-on-fibre,coherent.tex,5974,lemma,section-applications-formal-functions,C65D7471A9C7002E329F7AFA882D421BED23B1A45EBEE6E3DD7DA99AE71C7BD7,lexical_candidate_only
ega-topic-formal-functions,17,71,section,02OG,coherent-lemma-characterize-finite,coherent.tex,5881,lemma,section-applications-formal-functions,5EBBEC5CE0FEE25A6F4A7A1E4F72578E64CB9F86B0E5E336D3683823001C4F65,lexical_candidate_only
ega-topic-formal-functions,18,71,section,02OA,coherent-lemma-cohomology-powers-ideal-application,coherent.tex,5424,lemma,section-theorem-formal-functions,501067825DAC23A12A66EED0F47F8F77A91D7317EDF2DB525C5CEF666300707B,lexical_candidate_only
ega-topic-formal-functions,19,71,section,02O8,coherent-lemma-cohomology-powers-ideal-times-F,coherent.tex,5380,lemma,section-theorem-formal-functions,4A1145C7F7C18AD8996019C589E65869414FED93B4D92D10886535AE7735BAD1,lexical_candidate_only
ega-topic-formal-functions,20,71,section,02O9,coherent-lemma-cohomology-powers-ideal-times-sheaf,coherent.tex,5402,lemma,section-theorem-formal-functions,70DE5DCC8C4A7D53BA13C9A36FFD27BC62A15C93974B4D79A03207584AADF6B2,lexical_candidate_only
ega-topic-formal-functions,21,71,section,02OD,coherent-lemma-formal-functions-stalk,coherent.tex,5721,lemma,section-theorem-formal-functions,A5DC6379B33FCA0A1935758ED54722AB54EE8D8891F0D53309ED7268CE7C536C,lexical_candidate_only
ega-topic-formal-functions,22,71,section,02V7,coherent-lemma-higher-direct-images-zero-above-dimension-fibre,coherent.tex,5830,lemma,section-theorem-formal-functions,FB6E215EF04C0A8F3F7C7FCAF91408301896F181F6D194C5E4D7C38230B67D9F,lexical_candidate_only
ega-topic-formal-functions,23,71,section,02OE,coherent-lemma-higher-direct-images-zero-finite-fibre,coherent.tex,5796,lemma,section-theorem-formal-functions,5320FBE2D3CDE7BA55C49D9C207563998C27E4DFE8B408FDFB57517ED2185230,lexical_candidate_only
ega-topic-formal-functions,24,71,section,02OH,coherent-lemma-proper-finite-fibre-finite-in-neighbourhood,coherent.tex,5938,lemma,section-applications-formal-functions,6B29E4D385FC3DCDBC7E53CCF0193E2A0005AD0E23CC5D0D942F7AA4F60B54D1,lexical_candidate_only
ega-topic-formal-functions,25,71,section,087U,coherent-lemma-spell-out-theorem-formal-functions,coherent.tex,5698,lemma,section-theorem-formal-functions,AC0C921F3E383F3C2958CCFE53B0BACE91A2B97FEFE3A7F0169DE5F48E5DAD87,lexical_candidate_only
ega-topic-formal-functions,26,71,section,08AY,spaces-cohomology-lemma-ML-cohomology-powers-ideal,spaces-cohomology.tex,4094,lemma,section-theorem-formal-functions,B400DA2E1D0AFCA1A5F98ED75652FFA4F874B3EFE2A4B258B7365B0C14A4D654,lexical_candidate_only
ega-topic-formal-functions,27,71,section,0A4V,spaces-cohomology-lemma-characterize-finite,spaces-cohomology.tex,4458,lemma,section-applications-formal-functions,4D3A2FD127CA0B6864BB2E45B0B79C719100B08577439F982000195BEB7752A9,lexical_candidate_only
ega-topic-formal-functions,28,71,section,08AX,spaces-cohomology-lemma-cohomology-powers-ideal-application,spaces-cohomology.tex,4056,lemma,section-theorem-formal-functions,8E458E793EEC3C6B225DBC645B363EE095227DE7C6180677B1C82BF57E911647,lexical_candidate_only
ega-topic-formal-functions,29,71,section,08AW,spaces-cohomology-lemma-cohomology-powers-ideal-times-F,spaces-cohomology.tex,4040,lemma,section-theorem-formal-functions,B4758C264663CF026D77F43E8519F0835702BA4DA0BE30AEB265790AA307C7E1,lexical_candidate_only
ega-topic-formal-functions,30,71,section,08B1,spaces-cohomology-lemma-formal-functions-stalk,spaces-cohomology.tex,4286,lemma,section-theorem-formal-functions,58DF46AB00DFADAB4EA82A333F45C31E0C168AEDF2721F1C1E4253791EBF419B,lexical_candidate_only
ega-topic-formal-functions,31,71,section,0A4T,spaces-cohomology-lemma-higher-direct-images-zero-above-dimension-fibre,spaces-cohomology.tex,4409,lemma,section-theorem-formal-functions,F0B97C4734B566C3DAFB10543BC5C211E9DCAC44BA3134EDEE7197D752C2B4BC,lexical_candidate_only
ega-topic-formal-functions,32,71,section,0A4S,spaces-cohomology-lemma-higher-direct-images-zero-finite-fibre,spaces-cohomology.tex,4364,lemma,section-theorem-formal-functions,77D4B25DAB0B702AA02C3844D8955457CB5D820D0A76972A35C59ED84CCDEF0B,lexical_candidate_only
ega-topic-formal-functions,33,71,section,0A4W,spaces-cohomology-lemma-proper-finite-fibre-finite-in-neighbourhood,spaces-cohomology.tex,4524,lemma,section-applications-formal-functions,67FA1E61268D7807906A60A3CD7A530F5DAFD31B0E090FA90577D47BD3F23C93,lexical_candidate_only
ega-topic-formal-functions,34,71,section,08B0,spaces-cohomology-lemma-spell-out-theorem-formal-functions,spaces-cohomology.tex,4264,lemma,section-theorem-formal-functions,15409CF9316D9A6D340BE0FA932D3BB0C25210B971AEFD87D19442DA78E95AC7,lexical_candidate_only
ega-topic-formal-functions,35,71,section,08AV,spaces-cohomology-situation-formal-functions,spaces-cohomology.tex,4026,situation,section-theorem-formal-functions,CA7A40D2F80911488E342B3BC58F52B6696A3885C08ED1C5C89EE58C8BA7E4BC,lexical_candidate_only
ega-topic-existence,1,230,label;chapter;section;text,0AR1,restricted-section-algebraization,restricted.tex,6516,section,section-algebraization,1A66FE6789091CE81B055653CE001B19299FCF6FD8648443BEF785C7FAA9DD7F,lexical_candidate_only
ega-topic-existence,2,230,label;chapter;section;text,0GAU,restricted-section-algebraization-rig-smooth,restricted.tex,1373,section,section-algebraization-rig-smooth,8150F9451192AF9BF7D22B6A86FC23C2D655BC0C200FF78067C96F88313FAB62,lexical_candidate_only
ega-topic-existence,3,186,label;section;text,0EJH,algebraization-section-algebraization-modules-conclusion,algebraization.tex,7120,section,section-algebraization-modules-conclusion,55E8A9DFC728BF2BBFB3EACA0396CFA3941C59195FC74A741103E17742B6FD61,lexical_candidate_only
ega-topic-existence,4,186,label;section;text,0EIT,algebraization-section-algebraization-modules-general,algebraization.tex,5450,section,section-algebraization-modules-general,E11134364F839C59CBA63EDC541867B8C33609311EEA59DD3F71BB07FF1FD52A,lexical_candidate_only
ega-topic-existence,5,186,label;section;text,0EHJ,algebraization-section-algebraization-modules-local,algebraization.tex,6225,section,section-algebraization-modules-local,54D02FC3C9FE23712FFED3311BCCC08EDAAB58816B116A4ED66A516F02E54004,lexical_candidate_only
ega-topic-existence,6,186,label;section;text,0EFP,algebraization-section-algebraization-punctured,algebraization.tex,2389,section,section-algebraization-punctured,32FFF15AFB9E326C5A4ABE3ABC14AEAE337E2A407554D00732DBBDB249ECB9EE,lexical_candidate_only
ega-topic-existence,7,186,label;section;text,0DXH,algebraization-section-algebraization-sections,algebraization.tex,3497,section,section-algebraization-sections,72EE852AF892D007CEB0662113FBED440F611296917081467BDB1A6BC03960F7,lexical_candidate_only
ega-topic-existence,8,186,label;section;text,0EG1,algebraization-section-algebraization-sections-coherent,algebraization.tex,3660,section,section-algebraization-sections-coherent,2C77F14460A11335D7272E2BECCF2DFD97A597E601E6DA85B5168A28707C2DA4,lexical_candidate_only
ega-topic-existence,9,185,label;section;text,0DXS,algebraization-section-algebraization-modules,algebraization.tex,4974,section,section-algebraization-modules,84FDF678864157F7386E2166587461C9D330D60AF461E88DB0620A744D50257F,lexical_candidate_only
ega-topic-existence,10,185,label;section;text,0EJR,algebraization-section-algebraization-modules-yet-more,algebraization.tex,7703,section,section-algebraization-modules-yet-more,01C4681649FFFCAF94FB1E42DF3E3342E689813E6098A191AE77AFB70A677C4F,lexical_candidate_only
ega-topic-existence,11,185,label;section;text,0EIJ,algebraization-section-algebraization-sections-coherent-III,algebraization.tex,4193,section,section-algebraization-sections-coherent-III,9EF5C789B24E93715C1C6565A429741140A55FF4011023AAD291F0278914459C,lexical_candidate_only
ega-topic-existence,12,185,label;section;text,0EFF,algebraization-section-algebraization-sections-general,algebraization.tex,1830,section,section-algebraization-sections-general,77953995B9DADFFE029215159ADC56D1B66AF4B977484CDD7954A246E24CD683,lexical_candidate_only
ega-topic-existence,13,185,label;section;text,0EFT,algebraization-section-bootstrap,algebraization.tex,2637,section,section-bootstrap,8EB1EF0BFCAF2EA701BE7C187EC991A2A83C134DEE50B764CEF9FD2D518393B5,lexical_candidate_only
ega-topic-existence,14,185,label;section;text,0EJ2,algebraization-section-uniqueness,algebraization.tex,5899,section,section-uniqueness,3BB6E7CED17A49F0A1819877FF35AD1E221123E6BB222D69FF1AF8BB15948B78,lexical_candidate_only
ega-topic-existence,15,185,label;section;text,0898,coherent-section-algebraization,coherent.tex,7823,section,section-algebraization,6AA4DA3138A890C89458D861D364D789648FC3FCC57260F08B5FFDCEAB10EE90,lexical_candidate_only
ega-topic-existence,16,185,label;section;text,0A00,spaces-more-morphisms-section-algebraization,spaces-more-morphisms.tex,10132,section,section-algebraization,10992F9354E5030264DD19814E1377925F62B1FC0E9900ACFEB2ED1013F67DE5,lexical_candidate_only
ega-topic-existence,17,184,label;section;text,089A,coherent-theorem-algebraization,coherent.tex,7980,theorem,section-algebraization,3B4D5FADEDAF0FAC45277DB947B93FA117423DE6F4907120638088ABA0AD4452,lexical_candidate_only
ega-topic-existence,18,183,label;section;text,0EJJ,algebraization-proposition-cd-1,algebraization.tex,7263,proposition,section-algebraization-modules-conclusion,324742779C668F8409DEB95C7C5B44CE614DB9B2B6D1DA019EFEFEB2DB717683,lexical_candidate_only
ega-topic-existence,19,183,label;section;text,0EJN,algebraization-proposition-d-generators,algebraization.tex,7584,proposition,section-algebraization-modules-conclusion,5F34CDA40FCDD7131344418E44126873564AC45E42686E92D3651C2470338098,lexical_candidate_only
ega-topic-existence,20,183,label;section;text,0DXV,algebraization-remark-interesting-case,algebraization.tex,6368,remark,section-algebraization-modules-local,C50532F7C2742E09952747B59DEF8FD9108DC2F8DF9BAA3394A60DA2A25FB1EA,lexical_candidate_only
ega-topic-existence,21,183,label;section;text,0EJV,algebraization-remark-interesting-case-quater,algebraization.tex,7812,remark,section-algebraization-modules-yet-more,776CE39F167481BC1D3F285B8CC0D04B239C34DD89E8944B561A294E78470285,lexical_candidate_only
ega-topic-existence,22,183,label;section;text,0EJT,algebraization-remark-interesting-case-ter,algebraization.tex,7762,remark,section-algebraization-modules-yet-more,A033C77F5D9FCD532C9830E234BCB0627EBC47AD4108887369974C608F883AE9,lexical_candidate_only
ega-topic-existence,23,183,label;section;text,0EHI,algebraization-remark-interesting-case-variant,algebraization.tex,5420,remark,section-algebraization-modules,B072AF0C50227907D34DEEFA45C6A3C2AA4FA85962E7CF42A655C489F2A1D461,lexical_candidate_only
ega-topic-existence,24,164,label;section,0DXU,algebraization-lemma-algebraization-principal,algebraization.tex,6237,lemma,section-algebraization-modules-local,D779982E7CCA92E2AC9E192058E39F32D9E54EA5FB3F1DAD402505C16397AD15,lexical_candidate_only
ega-topic-existence,25,164,label;section,0EJ9,algebraization-lemma-algebraization-principal-bis,algebraization.tex,6519,lemma,section-algebraization-modules-local,028EB6A3455D28DD20EEAC47F756DE205F029947651918E0DC63BC4B503AE5B1,lexical_candidate_only
ega-topic-existence,26,164,label;section,0DXW,algebraization-lemma-algebraization-principal-variant,algebraization.tex,5366,lemma,section-algebraization-modules,6E6CAC4E7BEE0F3F46616C56790769614BB0F7E766618F06AF839A7A306D31F9,lexical_candidate_only
ega-topic-existence,27,164,label;section,0EJU,algebraization-proposition-algebraization-flat,algebraization.tex,7781,proposition,section-algebraization-modules-yet-more,B88B08CBC6096303EA1A5F315C5249630C7DCA02AE9232B58002E424B8332963,lexical_candidate_only
ega-topic-existence,28,164,label;section,0EJS,algebraization-proposition-algebraization-regular-sequence,algebraization.tex,7709,proposition,section-algebraization-modules-yet-more,A94055A0E9DDD94C75DF3997ED546B7408E63D82D8248E2C9582DF50F2E90026,lexical_candidate_only
ega-topic-existence,29,164,label;section,0DXQ,algebraization-theorem-algebraization-formal-sections,algebraization.tex,3552,theorem,section-algebraization-sections,F1D702D5EBD254E276CBFA99399F8540827BE6B83EAE51440BFAB9AE883969CA,lexical_candidate_only
ega-topic-existence,30,162,label;section,0EIM,algebraization-definition-algebraizable,algebraization.tex,5159,definition,section-algebraization-modules,C015CAF7C83DC392336BECC4CBA3CC5421CEA4E557B673EB40568BAE694990A3,lexical_candidate_only
ega-topic-existence,31,162,label;section,0EIP,algebraization-definition-canonically-algebraizable,algebraization.tex,5231,definition,section-algebraization-modules,913E75F567AF50380094BAA872F5B46473E764B4542E32D6F729CC74BC5769FD,lexical_candidate_only
ega-topic-existence,32,162,label;section,0EJ3,algebraization-definition-s-d-inequalities,algebraization.tex,5928,definition,section-uniqueness,D34D1B5F249CF4C618B8C86BF5BF3A6015F63011DF76E04DB00A61F4A6F87092,lexical_candidate_only
ega-topic-existence,33,162,label;section,0EFG,algebraization-equation-associated-subset,algebraization.tex,1852,equation,section-algebraization-sections-general,1588C8AA30BC438424B41A0B3D22A912D2270229F5CAD7A37E440C88A4030F04,lexical_candidate_only
ega-topic-existence,34,162,label;section,0EIK,algebraization-equation-completion,algebraization.tex,5038,equation,section-algebraization-modules,A14738F86E18BDC5E04461877D60E0060418C7DFF2DDD3CA3C8E3950A94881A6,lexical_candidate_only
ega-topic-existence,35,162,label;section,0EHD,algebraization-equation-guess,algebraization.tex,5212,equation,section-algebraization-modules,4028B3B5114F5F75056471FFA8F8C37DAB5C40460ED6512EB84E5D39640BDEF5,lexical_candidate_only
ega-topic-existence,36,162,label;section,0EJL,algebraization-equation-one,algebraization.tex,7436,equation,section-algebraization-modules-conclusion,E138FCA055B53CA378214D5BE9BC5B23A6B6A5FFF195E7FE568E4B83032CDACF,lexical_candidate_only
ega-topic-existence,37,162,label;section,0EJM,algebraization-equation-two,algebraization.tex,7457,equation,section-algebraization-modules-conclusion,A089C2D88C364E8653A4EF0D5C87545919C03D756A223A085CE90124E9579A9F,lexical_candidate_only
ega-topic-existence,38,162,label;section,0EFM,algebraization-example-no-ML,algebraization.tex,2374,example,section-algebraization-sections-general,4F8DD89A54C700CE1D304E65CFBF8FD4EBB38A897E38C87CD5E0FFA38E7CEE4E,lexical_candidate_only
ega-topic-existence,39,162,label;section,0EHE,algebraization-example-not-algebraizable,algebraization.tex,5105,example,section-algebraization-modules,54062BD08BF80BBC92D29924A80BA96DD065E564C4ED60139D9D236A7E58C105,lexical_candidate_only
ega-topic-existence,40,162,label;section,0EIN,algebraization-lemma-algebraizable,algebraization.tex,5171,lemma,section-algebraization-modules,DB2B9F45DF4B548DE07EEE78230EAE7B87612C2484BC7E7BE43AF978C771C9C6,lexical_candidate_only
ega-topic-existence,41,162,label;section,0DXP,algebraization-lemma-algebraize-local-cohomology,algebraization.tex,2503,lemma,section-algebraization-punctured,AC7EC956AA6DE30B7501C228BFE6E6998D00EF2EABBD2D12AE75C7F74794364D,lexical_candidate_only
ega-topic-existence,42,162,label;section,0EFR,algebraization-lemma-algebraize-local-cohomology-bis,algebraization.tex,2922,lemma,section-bootstrap,2ED5AA53407BC9B57217D57438DFE1BADBF12E459ECB5A8CCBE01BEE71F908E7,lexical_candidate_only
ega-topic-existence,43,162,label;section,0EFL,algebraization-lemma-algebraize-local-cohomology-general,algebraization.tex,2117,lemma,section-algebraization-sections-general,CB726BF7CC6F29D42D0DBF84FE2179DDECB416F7AA068C5C219FDCFC5E9B2018,lexical_candidate_only
ega-topic-existence,44,162,label;section,0EII,algebraization-lemma-alternative-H0,algebraization.tex,4144,lemma,section-algebraization-sections-coherent,7CB9D5477BADBFBA2AB9E40F7340CF7198082C3D0EF806AE06542A9D482F7109,lexical_candidate_only
ega-topic-existence,45,162,label;section,0EIH,algebraization-lemma-alternative-colim-H0,algebraization.tex,4010,lemma,section-algebraization-sections-coherent,4C8A14F13C6A0B3EF73BBD34EF309C68E6AD5D5BD7A3E214E7352F8D347164B1,lexical_candidate_only
ega-topic-existence,46,162,label;section,0EKM,algebraization-lemma-alternative-higher,algebraization.tex,4312,lemma,section-algebraization-sections-coherent-III,1911A0679362F585FF54C377248EA43EFADAB303742396BBFA2E273F3C52DACC,lexical_candidate_only
ega-topic-existence,47,162,label;section,0EIG,algebraization-lemma-application-H0,algebraization.tex,3975,lemma,section-algebraization-sections-coherent,8B6E5D36A95B72CDA58CD0D9A442EAD5B6EFC45EC7016B9CA9CD0BBDB09CE90D,lexical_candidate_only
ega-topic-existence,48,162,label;section,0EIF,algebraization-lemma-application-H0-pre,algebraization.tex,3769,lemma,section-algebraization-sections-coherent,0C9BEF28B3B4B9EA8B39CAD1C0CAB1EA0A24A228EF228059319483FDA989AA76,lexical_candidate_only
ega-topic-existence,49,162,label;section,0DXR,algebraization-lemma-application-theorem,algebraization.tex,3632,lemma,section-algebraization-sections,9DCD1F28B18CAF460DE0AF9FC29363FF7926D2E195C2D37979D2F697ADAE203E,lexical_candidate_only
ega-topic-existence,50,162,label;section,0EJK,algebraization-lemma-blowup,algebraization.tex,7293,lemma,section-algebraization-modules-conclusion,83B5147F5C5887C25597C744EED6435414AD359109D02B2122EE01FC9A5D25CF,lexical_candidate_only
ega-topic-existence,51,162,label;section,0EFX,algebraization-lemma-bootstrap,algebraization.tex,3019,lemma,section-bootstrap,A2BB2C89A3699419407B914BFD8FB60017FC892083D77C2009C4DCEB5200A542,lexical_candidate_only
ega-topic-existence,52,162,label;section,0EFW,algebraization-lemma-bootstrap-bis-bis,algebraization.tex,2967,lemma,section-bootstrap,1D4FA6B12425569B8F4037F5F17EDA3EA6908343274DEF82CD32E890204328A0,lexical_candidate_only
ega-topic-existence,53,162,label;section,0EFV,algebraization-lemma-bootstrap-inherited,algebraization.tex,2727,lemma,section-bootstrap,3A8C61B4DF2280471FB3F169F1B147945B94373A20D7CBD16705C4FDB22FE2F4,lexical_candidate_only
ega-topic-existence,54,162,label;section,0EIR,algebraization-lemma-canonically-algebraizable,algebraization.tex,5249,lemma,section-algebraization-modules,264800E89956D9834C5CD8D0514A7A6631A9418B14A40B952AD847401C0A8A41,lexical_candidate_only
ega-topic-existence,55,162,label;section,0EIS,algebraization-lemma-canonically-extend-base-change,algebraization.tex,5297,lemma,section-algebraization-modules,54343C64DE191B71090AB5CA57EBC470E29B0DDE4134551AFA16CA675A2C5034,lexical_candidate_only
ega-topic-existence,56,162,label;section,0EJI,algebraization-lemma-cd-1-canonical,algebraization.tex,7129,lemma,section-algebraization-modules-conclusion,617C769005B814D4A99CF0764290A51462A65E897E0DB794305934327099DA3F,lexical_candidate_only
ega-topic-existence,57,162,label;section,0EG0,algebraization-lemma-combine-two,algebraization.tex,3451,lemma,section-bootstrap,574757538CDC1C1FC84BE1EA5F52E3A700481A468F4F27610D1987DEF0C55663,lexical_candidate_only
ega-topic-existence,58,162,label;section,0DXI,algebraization-lemma-compare-with-derived-completion,algebraization.tex,3519,lemma,section-algebraization-sections,62DD314E861CA0208476A52D801B14A74F97A5BE724C002A0BECCC9F09ECDE0C,lexical_candidate_only
ega-topic-existence,59,162,label;section,0EJ8,algebraization-lemma-construct-unique,algebraization.tex,6161,lemma,section-uniqueness,AAB6782FCD27310C6EC188411E2578BBCA715DCAD7553CED65AA3D9134EA30EB,lexical_candidate_only
ega-topic-existence,60,162,label;section,0EJ4,algebraization-lemma-elementary,algebraization.tex,5968,lemma,section-uniqueness,A2F59A6A5DBDDE17BC60A5BD9F6BED773B9EABD22F9AD392BC97A6E7A918B223,lexical_candidate_only
ega-topic-existence,61,162,label;section,0EIL,algebraization-lemma-essential-image-completion,algebraization.tex,5054,lemma,section-algebraization-modules,00A4D97323BB9693E1A3C7C257D226CDBAF0D7B19FFA0A2A3B4BDBE30B77CF71,lexical_candidate_only
ega-topic-existence,62,162,label;section,0EKW,algebraization-lemma-explain-2-3-cd-1,algebraization.tex,5996,lemma,section-uniqueness,DD4241034A317A8EDB2B383216D9E2929E7E117997CF41105DA877DA8C79A7A6,lexical_candidate_only
ega-topic-existence,63,162,label;section,0EFY,algebraization-lemma-final-bootstrap,algebraization.tex,3171,lemma,section-bootstrap,677C8283CCC931CEB9F46E575E84D979CBB7F87B5EC7F242CF0188A3353EB000,lexical_candidate_only
ega-topic-existence,64,162,label;section,0EJ7,algebraization-lemma-fully-faithful-inequalities,algebraization.tex,6119,lemma,section-uniqueness,79AAF9ED224E160E7F6E624E1C84D7DFB36DD01ABAA7D5585CCD3C47482A9961,lexical_candidate_only
ega-topic-existence,65,162,label;section,0EHK,algebraization-lemma-helper-algebraize,algebraization.tex,6381,lemma,section-algebraization-modules-local,F5ECE24F725F926C0747DC52CD9FA5AE7B6FEEEB2C5474EE67A3639E5FE798D6,lexical_candidate_only
ega-topic-existence,66,162,label;section,0EID,algebraization-lemma-helper-bootstrap,algebraization.tex,2682,lemma,section-bootstrap,263FF26683E8579D4B32921752882C14D87C18478178C4582534C9F89D7704B7,lexical_candidate_only
ega-topic-existence,67,162,label;section,0EJP,algebraization-lemma-interesting-case-final,algebraization.tex,7628,lemma,section-algebraization-modules-conclusion,F17E13A6DBEA28B9811C2594018D20921004FA69D523B0B722D99D15B5B330BE,lexical_candidate_only
ega-topic-existence,68,162,label;section,0DXN,algebraization-lemma-kill-colimit,algebraization.tex,2471,lemma,section-algebraization-punctured,ED974C83CB2281557244E0AD219AD8F32C32C5741E49DC9EF7E3B1CBC877CC84,lexical_candidate_only
ega-topic-existence,69,162,label;section,0EFJ,algebraization-lemma-kill-colimit-general,algebraization.tex,2064,lemma,section-algebraization-sections-general,6137D4284434DB57CDC9F50953AE768E41F21D1A9943824B17AB1148242474C8,lexical_candidate_only
ega-topic-existence,70,162,label;section,0EFQ,algebraization-lemma-kill-colimit-support,algebraization.tex,2487,lemma,section-algebraization-punctured,149F1CC196EEA9969A89AF7A59CECC3A664E727EC43D2DDB067F4F9FE8F534BB,lexical_candidate_only
ega-topic-existence,71,162,label;section,0EFK,algebraization-lemma-kill-colimit-support-general,algebraization.tex,2094,lemma,section-algebraization-sections-general,F19BA2DF99B30BAED05F16F2CFB47F1CFA9CBBD1FF99BA447778B97F7FF21E42,lexical_candidate_only
ega-topic-existence,72,162,label;section,0DXM,algebraization-lemma-kill-colimit-weak,algebraization.tex,2438,lemma,section-algebraization-punctured,AB4C7709A755587EB68351F9C2C5537C91F567B23704716B4F5B3A664EBE6863,lexical_candidate_only
ega-topic-existence,73,162,label;section,0EFI,algebraization-lemma-kill-colimit-weak-general,algebraization.tex,1925,lemma,section-algebraization-sections-general,F6263BF3EC5BD0DDEEEEE7D96243214F32299E744CD267341BFA6346C6A60775,lexical_candidate_only
ega-topic-existence,74,162,label;section,0DXK,algebraization-lemma-kill-completion,algebraization.tex,2399,lemma,section-algebraization-punctured,CD5E22DEE6602F927AF60E70E628309D6983F671213D69430006EC6B5CBBE506,lexical_candidate_only
ega-topic-existence,75,162,label;section,0EFH,algebraization-lemma-kill-completion-general,algebraization.tex,1868,lemma,section-algebraization-sections-general,C24D7486EE64C28812442B1433D9096E4725411E86FB94E9193C31699BBA47C3,lexical_candidate_only
ega-topic-existence,76,162,label;section,0EIU,algebraization-lemma-map-kernel-cokernel-on-closed,algebraization.tex,5458,lemma,section-algebraization-modules-general,DE5C30BDC73898F6DE256F8F12BDF490A9BB849BE9C7A3C9DB6443677136A8F3,lexical_candidate_only
ega-topic-existence,77,162,label;section,0EJ6,algebraization-lemma-recover,algebraization.tex,6087,lemma,section-uniqueness,60FE3B214151FECA0F03AB6640F69A2ED9E9CE0011B65DB9AA1EB79109ADC196,lexical_candidate_only
ega-topic-existence,78,162,label;section,0EJ5,algebraization-lemma-sanity,algebraization.tex,6042,lemma,section-uniqueness,2B4930846BA0F09E4F5BB163D95BD3CA27DBC3013F8C25B69FBD3695C83EA8E8,lexical_candidate_only
ega-topic-existence,79,162,label;section,0H48,algebraization-lemma-ses-H0,algebraization.tex,3674,lemma,section-algebraization-sections-coherent,81E938FC8A48FC756868F7F036EDD080547E6AFBC51663B122EE6C3CA2E1FCC3,lexical_candidate_only
ega-topic-existence,80,162,label;section,0DXT,algebraization-lemma-system-of-modules,algebraization.tex,4997,lemma,section-algebraization-modules,96246E5A0D2F935654FBB5A355FCFF6B4AAB0AAEC82642A8A5E4877D2046D026,lexical_candidate_only
ega-topic-fibres,1,188,label;section;text,037V,algebra-lemma-subalgebra-geometrically-connected,algebra.tex,11588,lemma,section-geometrically-connected,B76D8231B89BF229E56E3B66D2E1E8CCAECB3699CB8536473963194EECCCBACE,lexical_candidate_only
ega-topic-fibres,2,187,label;section;text,04KN,algebra-lemma-geometrically-reduced-permanence,algebra.tex,10084,lemma,section-geometrically-reduced,7FEFFD4A4F01422D3B7A48AFDF254714DF954C914A40B35CB971AC7EA24D08A4,lexical_candidate_only
ega-topic-fibres,3,187,label;section;text,037N,algebra-lemma-subalgebra-geometrically-irreducible,algebra.tex,11235,lemma,section-algebras-over-fields,D7E45B9B30C6EDAC74A25EDC3DA7CFC146C89EEEC0B160F6C5EEE0935C690799,lexical_candidate_only
ega-topic-fibres,4,187,label;section;text,0DMQ,spaces-over-fields-definition-geometrically-reduced,spaces-over-fields.tex,1890,definition,section-geometrically-reduced,6F049F7810676A7AA4C33F84E7215392D9F6CFB97E524374DCDD8AA293806283,lexical_candidate_only
ega-topic-fibres,5,187,label;section;text,0E05,spaces-over-fields-lemma-geometrically-reduced-etale-local,spaces-over-fields.tex,2040,lemma,section-geometrically-reduced,B99A9FBA4475567B16666065A5522AFB75E0E60D51D8FDA0F7B48246425C1338,lexical_candidate_only
ega-topic-fibres,6,187,label;section;text,0FD3,varieties-lemma-geometrically-normal-stein,varieties.tex,2270,lemma,section-geometrically-normal,203DA2A99C8B03BA4BD24890CA86FEE70222C01EA1707A477C38871117C62B0D,lexical_candidate_only
ega-topic-fibres,7,186,label;section;text,05DY,algebra-lemma-geometrically-integral,algebra.tex,11674,lemma,section-geometrically-integral,83DFE3CCE85C47B30FCAAE5D09D0D4385D80B2A38AD7B5F45FAB942AB756FE17,lexical_candidate_only
ega-topic-fibres,8,186,label;section;text,0G30,algebra-lemma-geometrically-irreducible-transitive,algebra.tex,11323,lemma,section-algebras-over-fields,D1DA5D024272CA512582D71583829F2CF33DB0C3E9CEDD8E320AB45B6294FB16,lexical_candidate_only
ega-topic-fibres,9,186,label;section;text,05DS,algebra-section-geometrically-reduced,algebra.tex,10038,section,section-geometrically-reduced,A6154F4B827EBAEC62037C7FB09EE883F6BF194F65E629AFB40654922387227A,lexical_candidate_only
ega-topic-fibres,10,186,label;section;text,0E0F,moduli-curves-section-geometrically-reduced,moduli-curves.tex,997,section,section-geometrically-reduced,3BFA9242CD366DCC493EAE753D9D5E32D59E44BF1A0D947ABA9AD708651C82B0,lexical_candidate_only
ega-topic-fibres,11,186,label;section;text,0DMX,spaces-over-fields-lemma-geometrically-integral,spaces-over-fields.tex,2415,lemma,section-geometrically-integral,0FFD6CE272FAF95A70D61E4C8FABDA5B842A7FD03C85AAE02CD7F4AD8419C3AE,lexical_candidate_only
ega-topic-fibres,12,186,label;section;text,0DMS,spaces-over-fields-lemma-geometrically-reduced,spaces-over-fields.tex,1954,lemma,section-geometrically-reduced,00B128BC9F88C1BA3B0DBBC84279366C6356D544879617929C931D71D89067D1,lexical_candidate_only
ega-topic-fibres,13,186,label;section;text,0E04,spaces-over-fields-lemma-geometrically-reduced-upstairs,spaces-over-fields.tex,2016,lemma,section-geometrically-reduced,1D25B5CD284FF4B91B6DFF9AEB50EFC7A84B0D3F4E4F4546E9B76F8E6A90B634,lexical_candidate_only
ega-topic-fibres,14,186,label;section;text,020H,varieties-definition-geometrically-integral,varieties.tex,1899,definition,section-geometrically-integral,DCD432642AD0C0B8713D0BC1FD6EA2D5D3A5736827728B4F62B18FDC82235484,lexical_candidate_only
ega-topic-fibres,15,186,label;section;text,038M,varieties-definition-geometrically-normal,varieties.tex,2105,definition,section-geometrically-normal,62DD81B7B360969E268E9EBDFA1B3D6653D0C70C247C39436E18A9985566E2F0,lexical_candidate_only
ega-topic-fibres,16,186,label;section;text,035V,varieties-definition-geometrically-reduced,varieties.tex,331,definition,section-geometrically-reduced,B91FD25FCE3602ACACA1E3D8F86E870CB7EDBAEE287BF6C236D0BE914F47E512,lexical_candidate_only
ega-topic-fibres,17,186,label;section;text,038Y,varieties-example-geometrically-reduced-not-normal,varieties.tex,2588,example,section-geometrically-regular,328E2F467680223126F5978FE351568E8854BE21CA4667AE1DD27F5C65DCE3B4,lexical_candidate_only
ega-topic-fibres,18,186,label;section;text,0386,varieties-lemma-affine-geometrically-connected,varieties.tex,758,lemma,section-geometrically-connected,DC70D26D1FFEE9819E17114E1C45EDB4401C9A7E574429A7177C8F90041F4990,lexical_candidate_only
ega-topic-fibres,19,186,label;section;text,05AW,varieties-lemma-flat-under-geometrically-regular,varieties.tex,2511,lemma,section-geometrically-regular,E907607DD23B0E4EBDD927A558D4B191294599B21A51A26DD5B6E884453C381E,lexical_candidate_only
ega-topic-fibres,20,186,label;section;text,038K,varieties-lemma-geometrically-integral,varieties.tex,1920,lemma,section-geometrically-integral,FE91FB92662B94C60B0184E86B540A6E2D820B0BF0D06D7E4A164B04F923F1C9,lexical_candidate_only
ega-topic-fibres,21,186,label;section;text,038P,varieties-lemma-geometrically-normal-upstairs,varieties.tex,2210,lemma,section-geometrically-normal,F54ECECBEA41948EFF2858F176CC35366AEF9500E84F67D9F06AC55540544F1A,lexical_candidate_only
ega-topic-fibres,22,186,label;section;text,035Z,varieties-lemma-geometrically-reduced-any-base-change,varieties.tex,525,lemma,section-geometrically-reduced,B384625F31A1F1981A96B652A63907438F5A5AA400D0DCC53DD1A021949554EB,lexical_candidate_only
ega-topic-fibres,23,186,label;section;text,0384,varieties-lemma-geometrically-reduced-upstairs,varieties.tex,491,lemma,section-geometrically-reduced,E2CDBA98EBFA92C591AC83642D33A44E1149BD1C225F4C2165B10BD0295FA954,lexical_candidate_only
ega-topic-fibres,24,186,label;section;text,038W,varieties-lemma-geometrically-regular-upstairs,varieties.tex,2471,lemma,section-geometrically-regular,6B78D4073A4098630231A16D8773D98D2D39D497CBAF456E1DE64DBFBC9AC96B,lexical_candidate_only
ega-topic-fibres,25,185,label;section;text,0380,algebra-definition-geometrically-normal,algebra.tex,46954,definition,section-geometrically-normal,BD1B133CF14A952C9F2104632295B4E0DE5158E0E1F276D5126CEE43966D4789,lexical_candidate_only
ega-topic-fibres,26,185,label;section;text,0382,algebra-definition-geometrically-regular,algebra.tex,47151,definition,section-geometrically-regular,8BB5B166646E7E1D795129081DB931BE9A6CE070CB2D88F63448BA30A270E421,lexical_candidate_only
ega-topic-fibres,27,185,label;section;text,07K2,algebra-lemma-generic-points-geometrically-reduced,algebra.tex,10197,lemma,section-geometrically-reduced,A9936A9F49C2A0C4EE5D04DEBFEA22838CA9D4B6D29CDDB4E106205E1C07ABD5,lexical_candidate_only
ega-topic-fibres,28,185,label;section;text,0G32,algebra-lemma-geometrically-irreducible-add-transcendental,algebra.tex,11378,lemma,section-algebras-over-fields,EC1C3AE7817157D16C76313A3897B77D4DE9C9759107585A930CACB867A5F348,lexical_candidate_only
ega-topic-fibres,29,185,label;section;text,0G31,algebra-lemma-geometrically-irreducible-base-change-transcendental,algebra.tex,11341,lemma,section-algebras-over-fields,947B925C0489DB4E1D4368791E479FA1E3BBAA0DE11BD832491A2474F5E1D817,lexical_candidate_only
ega-topic-fibres,30,185,label;section;text,0C31,algebra-lemma-geometrically-normal-over-separable-algebraic,algebra.tex,47063,lemma,section-geometrically-normal,377A8A022FBB02B52101D09411F8F0664743EF8A23B883ACAED1DD01B799BEEE,lexical_candidate_only
ega-topic-fibres,31,185,label;section;text,0C2Y,algebra-lemma-geometrically-reduced-over-separable-algebraic,algebra.tex,10258,lemma,section-geometrically-reduced,D0EF62206E39E17D04F0C2F82986FCF4CF6EFD028092225481565C3EBA6EDA59,lexical_candidate_only
ega-topic-fibres,32,185,label;section;text,07QF,algebra-lemma-geometrically-regular-goes-up,algebra.tex,47187,lemma,section-geometrically-regular,8E682346002F97CBF6DB654B2FD9864608F78E2101071DF83537BDCD084D14A5,lexical_candidate_only
ega-topic-fibres,33,185,label;section;text,07QH,algebra-lemma-geometrically-regular-over-separable-algebraic,algebra.tex,47219,lemma,section-geometrically-regular,A5C3577CC89F917D9C026C0C87576271D0C581E655AC227DA18690B23F025223,lexical_candidate_only
ega-topic-fibres,34,185,label;section;text,07QG,algebra-lemma-geometrically-regular-over-subfields,algebra.tex,47202,lemma,section-geometrically-regular,DE8B81F8F355721F198658173C3D267E973D848341248C05E6FC5B06E841A736,lexical_candidate_only
ega-topic-fibres,35,185,label;section;text,06DE,algebra-lemma-localization-geometrically-normal-algebra,algebra.tex,46961,lemma,section-geometrically-normal,545C083E580FD28677F12B0B60241D5BB158E0F41633BECEF2B4D95694E98ECA,lexical_candidate_only
ega-topic-fibres,36,185,label;section;text,045L,algebra-section-geometrically-CM,algebra.tex,47256,section,section-geometrically-CM,57E81CEBE427986BD5DD13B15838BFCE94CCB2DE0C22B23DB49ADDBB674A62F1,lexical_candidate_only
ega-topic-fibres,37,185,label;section;text,0E1H,moduli-curves-section-geometrically-reduced-connected,moduli-curves.tex,1061,section,section-geometrically-reduced-connected,E2AA42B674A37A9202FB416527E596C67DE252E68328B68D75D213B21F1EB711,lexical_candidate_only
ega-topic-fibres,38,185,label;section;text,0A10,spaces-over-fields-lemma-geometrically-connected-check-after-extension,spaces-over-fields.tex,2086,lemma,section-geometrically-connected,7F998CF80C1AC3DCC397EE48F4F19F986D1F64E1F267691E6317BA509D6E478D,lexical_candidate_only
ega-topic-fibres,39,185,label;section;text,0DMR,spaces-over-fields-lemma-geometrically-reduced-at-point,spaces-over-fields.tex,1912,lemma,section-geometrically-reduced,79BE138E5DA87A62F3B7193345B5770277BFE0098D6E8FE46EB38DCFAA74672C,lexical_candidate_only
ega-topic-fibres,40,185,label;section;text,038T,varieties-definition-geometrically-regular,varieties.tex,2364,definition,section-geometrically-regular,F67ECDEBD4E5FDA31B8F69EA30C5A6AACB0FCDEE7F236E91D7519AEDE9F60EC1,lexical_candidate_only
ega-topic-fibres,41,185,label;section;text,0360,varieties-lemma-Noetherian-geometrically-reduced-at-point,varieties.tex,599,lemma,section-geometrically-reduced,615105C10A859CCA93692F6CA39786F07918144924297C93D3E042E7CF449332,lexical_candidate_only
ega-topic-fibres,42,185,label;section;text,04KS,varieties-lemma-generic-points-geometrically-reduced,varieties.tex,555,lemma,section-geometrically-reduced,30095FDAE83D84900BA27847794C6B0527965FECF9EB606397337DAE2C99387B,lexical_candidate_only
ega-topic-fibres,43,185,label;section;text,054N,varieties-lemma-geometrically-connected-check-after-extension,varieties.tex,711,lemma,section-geometrically-connected,A6C88888FC9956190607D915D407ADA8337BB769C134F0F7DF7F23A4D95177FB,lexical_candidate_only
ega-topic-fibres,44,185,label;section;text,056R,varieties-lemma-geometrically-connected-criterion,varieties.tex,1067,lemma,section-geometrically-connected,EBAB868209E11C38E82433DE8507EFA38DE8023DB36DEC4CB9E0DD3BA07D7B0B,lexical_candidate_only
ega-topic-fibres,45,185,label;section;text,04KV,varieties-lemma-geometrically-connected-if-connected-and-point,varieties.tex,1082,lemma,section-geometrically-connected,EC3234D662424C2A31ADE0C828AFA8B9130BE0F44099A60D1A97813349588DFF,lexical_candidate_only
ega-topic-fibres,46,185,label;section;text,054P,varieties-lemma-geometrically-irreducible-check-after-extension,varieties.tex,1346,lemma,section-geometrically-irreducible,7B3E3DA391FF352044A1A10C9CCD47CC34FDDE22E444489D30AEB88CFB4E80A8,lexical_candidate_only
ega-topic-fibres,47,185,label;section;text,054Q,varieties-lemma-geometrically-irreducible-function-field,varieties.tex,1446,lemma,section-geometrically-irreducible,1C432BB6E5F714525044EFB172E938250AFCFFFE918CC4053FD377B70561A1F3,lexical_candidate_only
ega-topic-fibres,48,185,label;section;text,038G,varieties-lemma-geometrically-irreducible-local,varieties.tex,1405,lemma,section-geometrically-irreducible,E31415735DE958283F0AD70F029E91AFEE33DEE94BAC251713DD8B114C84806A,lexical_candidate_only
ega-topic-fibres,49,185,label;section;text,038N,varieties-lemma-geometrically-normal-at-point,varieties.tex,2118,lemma,section-geometrically-normal,BBFA863148DB6F0B30A665AD245A8DEC24ECF977D9AFA47C9695128139F350B4,lexical_candidate_only
ega-topic-fibres,50,185,label;section;text,035W,varieties-lemma-geometrically-reduced-at-point,varieties.tex,354,lemma,section-geometrically-reduced,D96AD399C0F913F485174BAACC836A094BD0CA52486DDC8679BD60319CC33231,lexical_candidate_only
ega-topic-fibres,51,185,label;section;text,0FD2,varieties-lemma-geometrically-reduced-stein,varieties.tex,2075,lemma,section-geometrically-integral,C00DFE17FB0EFB39E5275F46FF284C7CFFE0555EA172EFB9E28F9BEDFC0A7AC5,lexical_candidate_only
ega-topic-fibres,52,185,label;section;text,054S,varieties-lemma-irreducible-components-geometrically-irreducible,varieties.tex,1871,lemma,section-geometrically-irreducible,E1527DDB713B70AE523F31D424C302133118F88BFF4BA2876F166F30D04123BA,lexical_candidate_only
ega-topic-fibres,53,185,label;section;text,038S,varieties-section-geometrically-regular,varieties.tex,2342,section,section-geometrically-regular,8BB865647970FE47AC9A992809A07DBD06832577DC662960B531F96B3E973B0F,lexical_candidate_only
ega-topic-fibres,54,184,label;section;text,037T,algebra-definition-geometrically-connected,algebra.tex,11561,definition,section-geometrically-connected,09D32879C84EA483820BD7F9D5BB4D94B38A5E2FC7473CED28DD4603BE450640,lexical_candidate_only
ega-topic-fibres,55,184,label;section;text,05DX,algebra-definition-geometrically-integral,algebra.tex,11661,definition,section-geometrically-integral,428E648CAC1543FABB880F1B6F1BBD61AA522C6AD08C38954E007F1E465EB260,lexical_candidate_only
ega-topic-fibres,56,184,label;section;text,037L,algebra-definition-geometrically-irreducible,algebra.tex,11207,definition,section-algebras-over-fields,F1CE68F38E5FF39BEF67D2AAAD5722E66204EB82FDD5A6C69066B4068666FA16,lexical_candidate_only
ega-topic-fibres,57,184,label;section;text,030S,algebra-definition-geometrically-reduced,algebra.tex,10046,definition,section-geometrically-reduced,3674EED6C890153D8C818B8999B479F12B33BD224BB326F8BD0EEC05614B2CEF,lexical_candidate_only
ega-topic-fibres,58,184,label;section;text,0FWF,algebra-lemma-characterize-geometrically-integral,algebra.tex,11686,lemma,section-geometrically-integral,FB217A417254E37EBF15092863262E80B9DE727FBBC2D7E34289CDB7D160FA01,lexical_candidate_only
ega-topic-fibres,59,184,label;section;text,037P,algebra-lemma-field-extension-geometrically-irreducible,algebra.tex,11297,lemma,section-algebras-over-fields,237D1F3EF05E7DC2897C85C741EE0606237E805DFA27EFC27EA0582703837D4A,lexical_candidate_only
ega-topic-fibres,60,184,label;section;text,037W,algebra-lemma-geometrically-connected-any-base-change,algebra.tex,11611,lemma,section-geometrically-connected,F1BD04E4D05A7E238A81C6A7104FFF3555175326DC68C14EB3FC865246E3179E,lexical_candidate_only
ega-topic-fibres,61,184,label;section;text,09P9,algebra-lemma-geometrically-integral-any-integral-base-change,algebra.tex,11705,lemma,section-geometrically-integral,2368FE57442E96B10A52B42B5981D22814F99657C2CE2B165A20D4555F51CDA9,lexical_candidate_only
ega-topic-fibres,62,184,label;section;text,037O,algebra-lemma-geometrically-irreducible-any-base-change,algebra.tex,11257,lemma,section-algebras-over-fields,3095693179E7676CC8DC07D841FAB72BFC7CD24C292821CDFC3DD7F9C6AABCF0,lexical_candidate_only
ega-topic-fibres,63,184,label;section;text,0G33,algebra-lemma-geometrically-irreducible-separable-elements,algebra.tex,11392,lemma,section-algebras-over-fields,C813038BC5722BD0A47DA342B1B021E242126792ABC8EF1ECDFAC4A2157DDE0F,lexical_candidate_only
ega-topic-fibres,64,184,label;section;text,06DF,algebra-lemma-geometrically-normal-tensor-normal,algebra.tex,46993,lemma,section-geometrically-normal,7BFE5C391D2FC37CA37686EAC217C70708CF5DD7558A9CA3B713C1F6CB5FB6B7,lexical_candidate_only
ega-topic-fibres,65,184,label;section;text,034N,algebra-lemma-geometrically-reduced-any-reduced-base-change,algebra.tex,10130,lemma,section-geometrically-reduced,C03F19B0803228D0C044AE7B76CF04C6CF586332BA1B4BBFEAA4482211883C55,lexical_candidate_only
ega-topic-fibres,66,184,label;section;text,07NH,algebra-lemma-geometrically-regular-descent,algebra.tex,47166,lemma,section-geometrically-regular,A8D505F79B90A5936DF56A1941D04CA6943740F35E434CA61133A47DC63FA544,lexical_candidate_only
ega-topic-fibres,67,184,label;section;text,037Q,algebra-lemma-make-geometrically-irreducible,algebra.tex,11428,lemma,section-algebras-over-fields,3B24142D13672146444493884146593F6B223071424518C54639368BB8CED283,lexical_candidate_only
ega-topic-fibres,68,184,label;section;text,0C30,algebra-lemma-separable-field-extension-geometrically-normal,algebra.tex,46975,lemma,section-geometrically-normal,0C56BC975A5FB33B8A2009B75C15DB0E55D126A2B30A21F2A5EA9CCA3259549C,lexical_candidate_only
ega-topic-fibres,69,184,label;section;text,05DV,algebra-section-geometrically-connected,algebra.tex,11485,section,section-geometrically-connected,88510F30E6A55400402043A874E5CB70F9FEA8593E20A09DA28D7E6C1814A1D6,lexical_candidate_only
ega-topic-fibres,70,184,label;section;text,05DW,algebra-section-geometrically-integral,algebra.tex,11655,section,section-geometrically-integral,5709662631CD553A7FB31DEFFC8577B127385C64429B226CA43C52174DDF511D,lexical_candidate_only
ega-topic-fibres,71,184,label;section;text,037Y,algebra-section-geometrically-normal,algebra.tex,46879,section,section-geometrically-normal,8482B79A440D681F52A78BD8CE80CAA61AC1DBCFB039F3105C3D15B0F588C486,lexical_candidate_only
ega-topic-fibres,72,184,label;section;text,045K,algebra-section-geometrically-regular,algebra.tex,47093,section,section-geometrically-regular,5FFCC7F0E0A75B36CF8539F82C45053E1343B357BDFD95DC60B563FC3A3DFDFB,lexical_candidate_only
ega-topic-fibres,73,184,label;section;text,0E1I,moduli-curves-lemma-geometrically-reduced-connected-1-curves,moduli-curves.tex,1069,lemma,section-geometrically-reduced-connected,A9E0295949BDDD10EE0E5CC92DBA81AF22C70DEB33B125AF53401DA58C1209AB,lexical_candidate_only
ega-topic-fibres,74,184,label;section;text,0E0G,moduli-curves-lemma-geometrically-reduced-curves,moduli-curves.tex,1004,lemma,section-geometrically-reduced,C664237DE035838C060000B169AA8F8A78EB5B9838DB08A3A3F76B0F9F7DFA3D,lexical_candidate_only
ega-topic-fibres,75,184,label;section;text,0A0Z,spaces-over-fields-definition-geometrically-connected,spaces-over-fields.tex,2075,definition,section-geometrically-connected,3C48D9540F9F3B9786315FAA6113DCE64CE79C954B6DF22166F81779C4185FC1,lexical_candidate_only
ega-topic-fibres,76,184,label;section;text,0DMW,spaces-over-fields-definition-geometrically-integral,spaces-over-fields.tex,2402,definition,section-geometrically-integral,19A5DE8A314D08F30B4826D2CC1D26429F8E2D914B12F9D4565EBDA99292B306,lexical_candidate_only
ega-topic-fibres,77,184,label;section;text,0DMU,spaces-over-fields-definition-geometrically-irreducible,spaces-over-fields.tex,2374,definition,section-geometrically-irreducible,D20CCF0F87E535D379DE32FF0ACB6737D8C091B459AF1FD288CEE538D688A0F8,lexical_candidate_only
ega-topic-fibres,78,184,label;section;text,0A13,spaces-over-fields-lemma-characterize-geometrically-connected,spaces-over-fields.tex,2152,lemma,section-geometrically-connected,14BC4CE2EBAD52ADE49BF10704B156296387676F4E5D8CAD1FF538F7D0A057FA,lexical_candidate_only
ega-topic-fibres,79,184,label;section;text,0A17,spaces-over-fields-lemma-characterize-geometrically-disconnected,spaces-over-fields.tex,2258,lemma,section-geometrically-connected,0092F085293C0065BF5F5F67EC9330E917ED1B34F2A1FF8341D8D6785AC28EFF,lexical_candidate_only
ega-topic-fibres,80,184,label;section;text,0E03,spaces-over-fields-lemma-geometrically-reduced-positive-characteristic,spaces-over-fields.tex,1994,lemma,section-geometrically-reduced,91F6C751224C4959D64B7BDF7D43EB0D5320992567CBE47F921D2AC21E053189,lexical_candidate_only
