unit_id,item,unit_type,parent_id,source_start,source_end,fr_loc,en_loc,authority_sha256,fga_topics,topic_evidence_labels,topic_evidence_tags,decision_id,disposition,review_state,stacks_labels,stacks_tags,rationale
fga.149,149,expose,fga,169,193,fr/149.tex:1,en/149.tex:1,A79DF2F391804457A13AE7B05587AAFE070D56F28D4D9115291939C72B06D34C,coherent-sheaf;cohomology;duality;ext-functor;fundamental-class;local-cohomology;normality;picard-scheme;poincare-duality;projectivity;properness;quotient;smoothness,coherent-section-coherent-sheaves;cohomology-section-cech-cohomology-cohomology;cohomology-section-ext;derham-section-poincare-duality;derived-section-ext;duality-section-duality;duality-section-duality-proper-over-field;duality-section-fundamental-class;dualizing-section-local-cohomology;groupoids-quotients-section-categorical;groupoids-quotients-section-geometric;groupoids-section-finite-flat-general;local-cohomology-section-generalities;modules-section-coherent;more-morphisms-section-normal;morphisms-section-projective;morphisms-section-proper;morphisms-section-smooth;pic-section-picard-curve;pic-section-representability;properties-section-normal;weil-lemma-poincare-duality,01BU;01EO;01V4;01W0;01W7;01XY;033H;038Z;03JD;048I;04AD;06XP;0952;0AU3;0B9P;0B9R;0BQP;0DWQ;0E9X;0FIJ;0FVU;0FW3,,structural_only,classified,,,Source or corpus structure; no independent Stacks object.
fga.149.p169,149,source_page,fga.149,169,169,fr/149.tex:3,en/149.tex:3,A79DF2F391804457A13AE7B05587AAFE070D56F28D4D9115291939C72B06D34C,,,,,structural_only,classified,,,Source or corpus structure; no independent Stacks object.
fga.149.p170,149,source_page,fga.149,170,170,fr/149.tex:64,en/149.tex:63,A79DF2F391804457A13AE7B05587AAFE070D56F28D4D9115291939C72B06D34C,,,,,structural_only,classified,,,Source or corpus structure; no independent Stacks object.
fga.149.p171,149,source_page,fga.149,171,171,fr/149.tex:123,en/149.tex:121,A79DF2F391804457A13AE7B05587AAFE070D56F28D4D9115291939C72B06D34C,,,,,structural_only,classified,,,Source or corpus structure; no independent Stacks object.
fga.149.p172,149,source_page,fga.149,172,172,fr/149.tex:182,en/149.tex:178,A79DF2F391804457A13AE7B05587AAFE070D56F28D4D9115291939C72B06D34C,,,,,structural_only,classified,,,Source or corpus structure; no independent Stacks object.
fga.149.p173,149,source_page,fga.149,173,173,fr/149.tex:235,en/149.tex:232,A79DF2F391804457A13AE7B05587AAFE070D56F28D4D9115291939C72B06D34C,,,,,structural_only,classified,,,Source or corpus structure; no independent Stacks object.
fga.149.p174,149,source_page,fga.149,174,174,fr/149.tex:295,en/149.tex:292,A79DF2F391804457A13AE7B05587AAFE070D56F28D4D9115291939C72B06D34C,,,,,structural_only,classified,,,Source or corpus structure; no independent Stacks object.
fga.149.p175,149,source_page,fga.149,175,175,fr/149.tex:360,en/149.tex:354,A79DF2F391804457A13AE7B05587AAFE070D56F28D4D9115291939C72B06D34C,,,,,structural_only,classified,,,Source or corpus structure; no independent Stacks object.
fga.149.p176,149,source_page,fga.149,176,176,fr/149.tex:415,en/149.tex:409,A79DF2F391804457A13AE7B05587AAFE070D56F28D4D9115291939C72B06D34C,,,,,structural_only,classified,,,Source or corpus structure; no independent Stacks object.
fga.149.p177,149,source_page,fga.149,177,177,fr/149.tex:470,en/149.tex:465,A79DF2F391804457A13AE7B05587AAFE070D56F28D4D9115291939C72B06D34C,,,,,structural_only,classified,,,Source or corpus structure; no independent Stacks object.
fga.149.p178,149,source_page,fga.149,178,178,fr/149.tex:530,en/149.tex:524,A79DF2F391804457A13AE7B05587AAFE070D56F28D4D9115291939C72B06D34C,,,,,structural_only,classified,,,Source or corpus structure; no independent Stacks object.
fga.149.p179,149,source_page,fga.149,179,179,fr/149.tex:590,en/149.tex:584,A79DF2F391804457A13AE7B05587AAFE070D56F28D4D9115291939C72B06D34C,,,,,structural_only,classified,,,Source or corpus structure; no independent Stacks object.
fga.149.p180,149,source_page,fga.149,180,180,fr/149.tex:659,en/149.tex:652,A79DF2F391804457A13AE7B05587AAFE070D56F28D4D9115291939C72B06D34C,,,,,structural_only,classified,,,Source or corpus structure; no independent Stacks object.
fga.149.p181,149,source_page,fga.149,181,181,fr/149.tex:708,en/149.tex:699,A79DF2F391804457A13AE7B05587AAFE070D56F28D4D9115291939C72B06D34C,,,,,structural_only,classified,,,Source or corpus structure; no independent Stacks object.
fga.149.p182,149,source_page,fga.149,182,182,fr/149.tex:763,en/149.tex:751,A79DF2F391804457A13AE7B05587AAFE070D56F28D4D9115291939C72B06D34C,,,,,structural_only,classified,,,Source or corpus structure; no independent Stacks object.
fga.149.p183,149,source_page,fga.149,183,183,fr/149.tex:830,en/149.tex:818,A79DF2F391804457A13AE7B05587AAFE070D56F28D4D9115291939C72B06D34C,,,,,structural_only,classified,,,Source or corpus structure; no independent Stacks object.
fga.149.p184,149,source_page,fga.149,184,184,fr/149.tex:888,en/149.tex:875,A79DF2F391804457A13AE7B05587AAFE070D56F28D4D9115291939C72B06D34C,,,,,structural_only,classified,,,Source or corpus structure; no independent Stacks object.
fga.149.p185,149,source_page,fga.149,185,185,fr/149.tex:939,en/149.tex:925,A79DF2F391804457A13AE7B05587AAFE070D56F28D4D9115291939C72B06D34C,,,,,structural_only,classified,,,Source or corpus structure; no independent Stacks object.
fga.149.p186,149,source_page,fga.149,186,186,fr/149.tex:991,en/149.tex:976,A79DF2F391804457A13AE7B05587AAFE070D56F28D4D9115291939C72B06D34C,,,,,structural_only,classified,,,Source or corpus structure; no independent Stacks object.
fga.149.p187,149,source_page,fga.149,187,187,fr/149.tex:1044,en/149.tex:1028,A79DF2F391804457A13AE7B05587AAFE070D56F28D4D9115291939C72B06D34C,,,,,structural_only,classified,,,Source or corpus structure; no independent Stacks object.
fga.149.p188,149,source_page,fga.149,188,188,fr/149.tex:1094,en/149.tex:1076,A79DF2F391804457A13AE7B05587AAFE070D56F28D4D9115291939C72B06D34C,,,,,structural_only,classified,,,Source or corpus structure; no independent Stacks object.
fga.149.p189,149,source_page,fga.149,189,189,fr/149.tex:1156,en/149.tex:1138,A79DF2F391804457A13AE7B05587AAFE070D56F28D4D9115291939C72B06D34C,,,,,structural_only,classified,,,Source or corpus structure; no independent Stacks object.
fga.149.p190,149,source_page,fga.149,190,190,fr/149.tex:1212,en/149.tex:1193,A79DF2F391804457A13AE7B05587AAFE070D56F28D4D9115291939C72B06D34C,,,,,structural_only,classified,,,Source or corpus structure; no independent Stacks object.
fga.149.p191,149,source_page,fga.149,191,191,fr/149.tex:1289,en/149.tex:1269,A79DF2F391804457A13AE7B05587AAFE070D56F28D4D9115291939C72B06D34C,,,,,structural_only,classified,,,Source or corpus structure; no independent Stacks object.
fga.149.p192,149,source_page,fga.149,192,192,fr/149.tex:1355,en/149.tex:1333,A79DF2F391804457A13AE7B05587AAFE070D56F28D4D9115291939C72B06D34C,,,,,structural_only,classified,,,Source or corpus structure; no independent Stacks object.
fga.149.p193,149,source_page,fga.149,193,193,fr/149.tex:1418,en/149.tex:1393,A79DF2F391804457A13AE7B05587AAFE070D56F28D4D9115291939C72B06D34C,,,,,structural_only,classified,,,Source or corpus structure; no independent Stacks object.
fga.149.s1,149,section,fga.149,169,171,fr/149.tex:14,en/149.tex:14,A79DF2F391804457A13AE7B05587AAFE070D56F28D4D9115291939C72B06D34C,cohomology;ext-functor,cohomology-section-cech-cohomology-cohomology;cohomology-section-ext;derived-section-ext,01EO;06XP;0BQP,D000001,existing_stronger,reviewed_source_and_stacks,cohomology-section-ext;cohomology-section-global-RHom,0BQP;0B6A,Modern derived sheaf Ext and global RHom subsume the section framework and state the local-to-global spectral sequence
fga.149.s1.eq.1-1,149,equation,fga.149.s1,169,169,fr/149.tex:29,en/149.tex:29,A79DF2F391804457A13AE7B05587AAFE070D56F28D4D9115291939C72B06D34C,,,,,structural_only,inherits_parent,,,Embedded component; use the parent unit's semantic disposition.
fga.149.s1.eq.1-2,149,equation,fga.149.s1,169,169,fr/149.tex:39,en/149.tex:39,A79DF2F391804457A13AE7B05587AAFE070D56F28D4D9115291939C72B06D34C,,,,,structural_only,inherits_parent,,,Embedded component; use the parent unit's semantic disposition.
fga.149.s1.eq.u.n01,149,equation,fga.149.s1,169,169,fr/149.tex:55,en/149.tex:54,A79DF2F391804457A13AE7B05587AAFE070D56F28D4D9115291939C72B06D34C,,,,,structural_only,inherits_parent,,,Embedded component; use the parent unit's semantic disposition.
fga.149.s1.eq.u.n02,149,equation,fga.149.s1,169,169,fr/149.tex:60,en/149.tex:59,A79DF2F391804457A13AE7B05587AAFE070D56F28D4D9115291939C72B06D34C,,,,,structural_only,inherits_parent,,,Embedded component; use the parent unit's semantic disposition.
fga.149.s1.eq.1-3,149,equation,fga.149.s1,170,170,fr/149.tex:65,en/149.tex:64,A79DF2F391804457A13AE7B05587AAFE070D56F28D4D9115291939C72B06D34C,,,,,structural_only,inherits_parent,,,Embedded component; use the parent unit's semantic disposition.
fga.149.s1.proposition.1,149,proposition,fga.149.s1,170,170,fr/149.tex:72,en/149.tex:71,A79DF2F391804457A13AE7B05587AAFE070D56F28D4D9115291939C72B06D34C,,,,D000002,existing_stronger,reviewed_source_and_stacks,cohomology-section-ext,0BQP,The Stacks spectral sequence has the same E2 page and a derived-category abutment under explicit convergence hypotheses
fga.149.s1.proposition.1.eq.1-4,149,equation,fga.149.s1.proposition.1,170,170,fr/149.tex:75,en/149.tex:74,A79DF2F391804457A13AE7B05587AAFE070D56F28D4D9115291939C72B06D34C,,,,,structural_only,inherits_parent,,,Embedded component; use the parent unit's semantic disposition.
fga.149.s1.corollary.1,149,corollary,fga.149.s1,170,170,fr/149.tex:81,en/149.tex:80,A79DF2F391804457A13AE7B05587AAFE070D56F28D4D9115291939C72B06D34C,,,,D000003,existing_stronger,reviewed_source_and_stacks,cohomology-lemma-Rhom-strictly-perfect;cohomology-section-global-RHom,08DM;0B6A,A finite locally free first argument is a strictly perfect complex so derived Hom reduces to the ordinary dual tensor construction and global cohomology
fga.149.s1.corollary.1.eq.1-5,149,equation,fga.149.s1.corollary.1,170,170,fr/149.tex:83,en/149.tex:82,A79DF2F391804457A13AE7B05587AAFE070D56F28D4D9115291939C72B06D34C,,,,,structural_only,inherits_parent,,,Embedded component; use the parent unit's semantic disposition.
fga.149.s1.corollary.1.eq.1-6,149,equation,fga.149.s1.corollary.1,170,170,fr/149.tex:90,en/149.tex:89,A79DF2F391804457A13AE7B05587AAFE070D56F28D4D9115291939C72B06D34C,,,,,structural_only,inherits_parent,,,Embedded component; use the parent unit's semantic disposition.
fga.149.s1.corollary.1.eq.u.n01,149,equation,fga.149.s1.corollary.1,170,170,fr/149.tex:97,en/149.tex:96,A79DF2F391804457A13AE7B05587AAFE070D56F28D4D9115291939C72B06D34C,,,,,structural_only,inherits_parent,,,Embedded component; use the parent unit's semantic disposition.
fga.149.s1.corollary.1.eq.1-7,149,equation,fga.149.s1.corollary.1,170,170,fr/149.tex:104,en/149.tex:103,A79DF2F391804457A13AE7B05587AAFE070D56F28D4D9115291939C72B06D34C,,,,,structural_only,inherits_parent,,,Embedded component; use the parent unit's semantic disposition.
fga.149.s1.corollary.1.eq.1-8,149,equation,fga.149.s1.corollary.1,170,170,fr/149.tex:111,en/149.tex:109,A79DF2F391804457A13AE7B05587AAFE070D56F28D4D9115291939C72B06D34C,,,,,structural_only,inherits_parent,,,Embedded component; use the parent unit's semantic disposition.
fga.149.s1.proposition.2,149,proposition,fga.149.s1,170,171,fr/149.tex:117,en/149.tex:115,A79DF2F391804457A13AE7B05587AAFE070D56F28D4D9115291939C72B06D34C,,,,D000334,existing_weaker,integrated_source,cohomology-lemma-stalk-ext-finite-resolution;cohomology-lemma-stalk-internal-hom;cohomology-remark-stalk-ext-finite-presentation,0GM8,The integrated source proves degree-q stalk comparison from a finite free partial resolution through q+1 and all degrees for a pseudo-coherent source while recording that one finite presentation supplies only the degree-zero comparison absent further syzygy finiteness; the intended Noetherian coherent case is covered
fga.149.s1.proposition.3,149,proposition,fga.149.s1,171,171,fr/149.tex:124,en/149.tex:122,A79DF2F391804457A13AE7B05587AAFE070D56F28D4D9115291939C72B06D34C,cohomology;ext-functor,cohomology-section-cech-cohomology-cohomology;cohomology-section-ext;derived-section-ext,01EO;06XP;0BQP,D000005,existing_stronger,reviewed_source_and_stacks,cohomology-lemma-Rhom-complex-of-direct-summands-finite-free;cohomology-section-global-RHom,08I5;0B6A,Stacks computes derived sheaf Hom from a bounded-above finite projective resolution and global RHom gives the claimed hypercohomology
fga.149.s2,149,section,fga.149,171,173,fr/149.tex:140,en/149.tex:137,A79DF2F391804457A13AE7B05587AAFE070D56F28D4D9115291939C72B06D34C,cohomology;ext-functor,cohomology-section-cech-cohomology-cohomology;cohomology-section-ext;derived-section-ext,01EO;06XP;0BQP,D000006,existing_stronger,reviewed_source_and_stacks,derived-section-ext;cohomology-lemma-internal-hom-composition;cohomology-lemma-ext-composition-is-cup,06XP;0A8V;0FVB,Derived-category composition supplies associative Yoneda products and identifies Ext composition with cup product including the sheaf setting
fga.149.s2.eq.2-1,149,equation,fga.149.s2,171,171,fr/149.tex:152,en/149.tex:150,A79DF2F391804457A13AE7B05587AAFE070D56F28D4D9115291939C72B06D34C,,,,,structural_only,inherits_parent,,,Embedded component; use the parent unit's semantic disposition.
fga.149.s2.eq.u.n01,149,equation,fga.149.s2,171,171,fr/149.tex:164,en/149.tex:161,A79DF2F391804457A13AE7B05587AAFE070D56F28D4D9115291939C72B06D34C,,,,,structural_only,inherits_parent,,,Embedded component; use the parent unit's semantic disposition.
fga.149.s2.eq.2-2,149,equation,fga.149.s2,171,171,fr/149.tex:170,en/149.tex:166,A79DF2F391804457A13AE7B05587AAFE070D56F28D4D9115291939C72B06D34C,,,,,structural_only,inherits_parent,,,Embedded component; use the parent unit's semantic disposition.
fga.149.s2.eq.u.n02,149,equation,fga.149.s2,171,171,fr/149.tex:179,en/149.tex:175,A79DF2F391804457A13AE7B05587AAFE070D56F28D4D9115291939C72B06D34C,,,,,structural_only,inherits_parent,,,Embedded component; use the parent unit's semantic disposition.
fga.149.s2.eq.u.n03,149,equation,fga.149.s2,172,172,fr/149.tex:186,en/149.tex:182,A79DF2F391804457A13AE7B05587AAFE070D56F28D4D9115291939C72B06D34C,,,,,structural_only,inherits_parent,,,Embedded component; use the parent unit's semantic disposition.
fga.149.s2.eq.u.n04,149,equation,fga.149.s2,172,172,fr/149.tex:195,en/149.tex:192,A79DF2F391804457A13AE7B05587AAFE070D56F28D4D9115291939C72B06D34C,,,,,structural_only,inherits_parent,,,Embedded component; use the parent unit's semantic disposition.
fga.149.s2.eq.u.n05,149,equation,fga.149.s2,172,172,fr/149.tex:200,en/149.tex:197,A79DF2F391804457A13AE7B05587AAFE070D56F28D4D9115291939C72B06D34C,,,,,structural_only,inherits_parent,,,Embedded component; use the parent unit's semantic disposition.
fga.149.s2.eq.2-3,149,equation,fga.149.s2,172,172,fr/149.tex:207,en/149.tex:204,A79DF2F391804457A13AE7B05587AAFE070D56F28D4D9115291939C72B06D34C,,,,,structural_only,inherits_parent,,,Embedded component; use the parent unit's semantic disposition.
fga.149.s2.eq.2-4,149,equation,fga.149.s2,172,172,fr/149.tex:218,en/149.tex:215,A79DF2F391804457A13AE7B05587AAFE070D56F28D4D9115291939C72B06D34C,,,,,structural_only,inherits_parent,,,Embedded component; use the parent unit's semantic disposition.
fga.149.s2.eq.2-5,149,equation,fga.149.s2,172,172,fr/149.tex:228,en/149.tex:225,A79DF2F391804457A13AE7B05587AAFE070D56F28D4D9115291939C72B06D34C,,,,,structural_only,inherits_parent,,,Embedded component; use the parent unit's semantic disposition.
fga.149.s2.eq.2-6,149,equation,fga.149.s2,173,173,fr/149.tex:245,en/149.tex:242,A79DF2F391804457A13AE7B05587AAFE070D56F28D4D9115291939C72B06D34C,,,,,structural_only,inherits_parent,,,Embedded component; use the parent unit's semantic disposition.
fga.149.s2.eq.2-7,149,equation,fga.149.s2,173,173,fr/149.tex:250,en/149.tex:247,A79DF2F391804457A13AE7B05587AAFE070D56F28D4D9115291939C72B06D34C,,,,,structural_only,inherits_parent,,,Embedded component; use the parent unit's semantic disposition.
fga.149.s3,149,section,fga.149,173,177,fr/149.tex:259,en/149.tex:256,A79DF2F391804457A13AE7B05587AAFE070D56F28D4D9115291939C72B06D34C,coherent-sheaf;cohomology;duality;ext-functor;fundamental-class;local-cohomology;quotient;smoothness,coherent-section-coherent-sheaves;cohomology-section-cech-cohomology-cohomology;cohomology-section-ext;derived-section-ext;duality-section-duality;duality-section-duality-proper-over-field;duality-section-fundamental-class;dualizing-section-local-cohomology;groupoids-quotients-section-categorical;groupoids-quotients-section-geometric;groupoids-section-finite-flat-general;local-cohomology-section-generalities;modules-section-coherent;morphisms-section-smooth,01BU;01EO;01V4;01XY;03JD;048I;04AD;06XP;0952;0AU3;0BQP;0DWQ;0E9X;0FVU,D000335,existing_equivalent,integrated_source,cotangent-lemma-conormal-ext-tor-maps;duality-lemma-ext;duality-lemma-regular-ideal-ext;more-algebra-lemma-regular-koszul-regular,0BQW;0BQY;062F,The integrated source constructs the functorial arbitrary-ideal maps from Ext to the dual exterior conormal power and from the exterior conormal power to Tor by the canonical conormal-to-Tor edge map together with the Ext--Tor pairing; the existing Koszul-regular results identify these maps in the regular-sequence case
fga.149.s3.eq.3-1,149,equation,fga.149.s3,173,173,fr/149.tex:263,en/149.tex:260,A79DF2F391804457A13AE7B05587AAFE070D56F28D4D9115291939C72B06D34C,,,,,structural_only,inherits_parent,,,Embedded component; use the parent unit's semantic disposition.
fga.149.s3.eq.3-2,149,equation,fga.149.s3,173,173,fr/149.tex:282,en/149.tex:279,A79DF2F391804457A13AE7B05587AAFE070D56F28D4D9115291939C72B06D34C,,,,,structural_only,inherits_parent,,,Embedded component; use the parent unit's semantic disposition.
fga.149.s3.item.i,149,subitem,fga.149.s3,174,174,fr/149.tex:297,en/149.tex:294,A79DF2F391804457A13AE7B05587AAFE070D56F28D4D9115291939C72B06D34C,,,,,structural_only,inherits_parent,,,Embedded component; use the parent unit's semantic disposition.
fga.149.s3.item.ii,149,subitem,fga.149.s3,174,174,fr/149.tex:299,en/149.tex:296,A79DF2F391804457A13AE7B05587AAFE070D56F28D4D9115291939C72B06D34C,,,,,structural_only,inherits_parent,,,Embedded component; use the parent unit's semantic disposition.
fga.149.s3.eq.u.n01,149,equation,fga.149.s3,174,174,fr/149.tex:316,en/149.tex:311,A79DF2F391804457A13AE7B05587AAFE070D56F28D4D9115291939C72B06D34C,,,,,structural_only,inherits_parent,,,Embedded component; use the parent unit's semantic disposition.
fga.149.s3.eq.u.n02,149,equation,fga.149.s3,174,174,fr/149.tex:322,en/149.tex:317,A79DF2F391804457A13AE7B05587AAFE070D56F28D4D9115291939C72B06D34C,,,,,structural_only,inherits_parent,,,Embedded component; use the parent unit's semantic disposition.
fga.149.s3.eq.3-3,149,equation,fga.149.s3,174,174,fr/149.tex:330,en/149.tex:325,A79DF2F391804457A13AE7B05587AAFE070D56F28D4D9115291939C72B06D34C,,,,,structural_only,inherits_parent,,,Embedded component; use the parent unit's semantic disposition.
fga.149.s3.eq.3-4,149,equation,fga.149.s3,174,174,fr/149.tex:346,en/149.tex:341,A79DF2F391804457A13AE7B05587AAFE070D56F28D4D9115291939C72B06D34C,,,,,structural_only,inherits_parent,,,Embedded component; use the parent unit's semantic disposition.
fga.149.s3.proposition.4,149,proposition,fga.149.s3,175,175,fr/149.tex:361,en/149.tex:355,A79DF2F391804457A13AE7B05587AAFE070D56F28D4D9115291939C72B06D34C,quotient,groupoids-quotients-section-categorical;groupoids-quotients-section-geometric;groupoids-section-finite-flat-general,03JD;048I;04AD,D000008,existing_stronger,reviewed_source_and_stacks,more-algebra-lemma-regular-koszul-regular;duality-lemma-regular-ideal-ext,062F;0BQY,A regular sequence is Koszul regular and Stacks computes all exterior powers of Ext through the resulting resolution
fga.149.s3.corollary.1,149,corollary,fga.149.s3,175,175,fr/149.tex:374,en/149.tex:368,A79DF2F391804457A13AE7B05587AAFE070D56F28D4D9115291939C72B06D34C,fundamental-class,duality-section-fundamental-class,0E9X,D000009,existing_stronger,reviewed_source_and_stacks,duality-lemma-regular-immersion-ext;duality-lemma-fundamental-class-lci,0BQZ;0E9Z,The regular immersion calculation and lci fundamental class give the canonical top Ext orientation in a more general scheme-theoretic form
fga.149.s3.corollary.1.eq.3-5,149,equation,fga.149.s3.corollary.1,175,175,fr/149.tex:379,en/149.tex:373,A79DF2F391804457A13AE7B05587AAFE070D56F28D4D9115291939C72B06D34C,,,,,structural_only,inherits_parent,,,Embedded component; use the parent unit's semantic disposition.
fga.149.s3.corollary.1.eq.u.n01,149,equation,fga.149.s3.corollary.1,175,175,fr/149.tex:387,en/149.tex:381,A79DF2F391804457A13AE7B05587AAFE070D56F28D4D9115291939C72B06D34C,,,,,structural_only,inherits_parent,,,Embedded component; use the parent unit's semantic disposition.
fga.149.s3.corollary.1.eq.u.n02,149,equation,fga.149.s3.corollary.1,175,175,fr/149.tex:394,en/149.tex:388,A79DF2F391804457A13AE7B05587AAFE070D56F28D4D9115291939C72B06D34C,,,,,structural_only,inherits_parent,,,Embedded component; use the parent unit's semantic disposition.
fga.149.s3.corollary.1.eq.u.n03,149,equation,fga.149.s3.corollary.1,175,175,fr/149.tex:398,en/149.tex:392,A79DF2F391804457A13AE7B05587AAFE070D56F28D4D9115291939C72B06D34C,,,,,structural_only,inherits_parent,,,Embedded component; use the parent unit's semantic disposition.
fga.149.s3.corollary.2,149,corollary,fga.149.s3,175,176,fr/149.tex:409,en/149.tex:403,A79DF2F391804457A13AE7B05587AAFE070D56F28D4D9115291939C72B06D34C,quotient;smoothness,groupoids-quotients-section-categorical;groupoids-quotients-section-geometric;groupoids-section-finite-flat-general;morphisms-section-smooth,01V4;03JD;048I;04AD,D000010,existing_stronger,reviewed_source_and_stacks,duality-lemma-regular-immersion-ext;duality-lemma-fundamental-class-lci,0BQZ;0E9Z,The derived regular-immersion formula together with the determinant of the conormal sequence yields the displayed canonical sheaf Ext identification
fga.149.s3.corollary.2.eq.3-6,149,equation,fga.149.s3.corollary.2,176,176,fr/149.tex:419,en/149.tex:413,A79DF2F391804457A13AE7B05587AAFE070D56F28D4D9115291939C72B06D34C,,,,,structural_only,inherits_parent,,,Embedded component; use the parent unit's semantic disposition.
fga.149.s3.corollary.2.eq.3-6-bis,149,equation,fga.149.s3.corollary.2,176,176,fr/149.tex:423,en/149.tex:417,A79DF2F391804457A13AE7B05587AAFE070D56F28D4D9115291939C72B06D34C,,,,,structural_only,inherits_parent,,,Embedded component; use the parent unit's semantic disposition.
fga.149.s3.proposition.5,149,proposition,fga.149.s3,176,177,fr/149.tex:429,en/149.tex:423,A79DF2F391804457A13AE7B05587AAFE070D56F28D4D9115291939C72B06D34C,duality;ext-functor;smoothness,cohomology-section-ext;derived-section-ext;duality-section-duality;duality-section-duality-proper-over-field;morphisms-section-smooth,01V4;06XP;0AU3;0BQP;0FVU,D000011,existing_stronger,reviewed_source_and_stacks,dualizing-lemma-sitting-in-degrees;dualizing-lemma-regular-gorenstein;duality-lemma-sheaf-with-exact-support-quasi-coherent,0A7U;0AWX;0A78,Dualizing-complex support bounds over regular Gorenstein local rings and exact-support RHom subsume the vanishing and intrinsic embedding-independent formulation
fga.149.s3.proposition.5.eq.3-7,149,equation,fga.149.s3.proposition.5,176,176,fr/149.tex:435,en/149.tex:429,A79DF2F391804457A13AE7B05587AAFE070D56F28D4D9115291939C72B06D34C,,,,,structural_only,inherits_parent,,,Embedded component; use the parent unit's semantic disposition.
fga.149.s3.proposition.5.eq.3-7-bis,149,equation,fga.149.s3.proposition.5,176,176,fr/149.tex:443,en/149.tex:437,A79DF2F391804457A13AE7B05587AAFE070D56F28D4D9115291939C72B06D34C,,,,,structural_only,inherits_parent,,,Embedded component; use the parent unit's semantic disposition.
fga.149.s3.proposition.5.eq.u.n01,149,equation,fga.149.s3.proposition.5,176,176,fr/149.tex:448,en/149.tex:442,A79DF2F391804457A13AE7B05587AAFE070D56F28D4D9115291939C72B06D34C,,,,,structural_only,inherits_parent,,,Embedded component; use the parent unit's semantic disposition.
fga.149.s3.proposition.5.eq.u.n02,149,equation,fga.149.s3.proposition.5,176,176,fr/149.tex:458,en/149.tex:453,A79DF2F391804457A13AE7B05587AAFE070D56F28D4D9115291939C72B06D34C,,,,,structural_only,inherits_parent,,,Embedded component; use the parent unit's semantic disposition.
fga.149.s3.proposition.5.eq.u.n03,149,equation,fga.149.s3.proposition.5,177,177,fr/149.tex:475,en/149.tex:470,A79DF2F391804457A13AE7B05587AAFE070D56F28D4D9115291939C72B06D34C,,,,,structural_only,inherits_parent,,,Embedded component; use the parent unit's semantic disposition.
fga.149.s3.corollary.u.n01,149,corollary,fga.149.s3,177,177,fr/149.tex:484,en/149.tex:479,A79DF2F391804457A13AE7B05587AAFE070D56F28D4D9115291939C72B06D34C,coherent-sheaf,coherent-section-coherent-sheaves;modules-section-coherent,01BU;01XY,D000012,existing_stronger,reviewed_source_and_stacks,duality-lemma-sheaf-with-exact-support-internal-home;duality-lemma-duality-proper-over-field,0E2I;0FVV,Exact-support internal Hom and the intrinsic dualizing complex represent the same canonical module functor in greater generality
fga.149.s3.corollary.u.n01.eq.3-8,149,equation,fga.149.s3.corollary.u.n01,177,177,fr/149.tex:487,en/149.tex:482,A79DF2F391804457A13AE7B05587AAFE070D56F28D4D9115291939C72B06D34C,,,,,structural_only,inherits_parent,,,Embedded component; use the parent unit's semantic disposition.
fga.149.s4,149,section,fga.149,177,181,fr/149.tex:492,en/149.tex:487,A79DF2F391804457A13AE7B05587AAFE070D56F28D4D9115291939C72B06D34C,coherent-sheaf;cohomology;fundamental-class;projectivity;properness;quotient;smoothness,coherent-section-coherent-sheaves;cohomology-section-cech-cohomology-cohomology;duality-section-fundamental-class;groupoids-quotients-section-categorical;groupoids-quotients-section-geometric;groupoids-section-finite-flat-general;modules-section-coherent;morphisms-section-projective;morphisms-section-proper;morphisms-section-smooth,01BU;01EO;01V4;01W0;01W7;01XY;03JD;048I;04AD;0E9X,D000013,existing_equivalent,reviewed_source_and_stacks,derham-section-gysin;derham-lemma-gysin-global,0G82;0G86,Stacks constructs the same Hodge-cohomology fundamental classes as global Gysin maps for regular closed immersions
fga.149.s4.eq.u.n01,149,equation,fga.149.s4,177,177,fr/149.tex:498,en/149.tex:493,A79DF2F391804457A13AE7B05587AAFE070D56F28D4D9115291939C72B06D34C,,,,,structural_only,inherits_parent,,,Embedded component; use the parent unit's semantic disposition.
fga.149.s4.lemma.1,149,lemma,fga.149.s4,177,179,fr/149.tex:507,en/149.tex:502,A79DF2F391804457A13AE7B05587AAFE070D56F28D4D9115291939C72B06D34C,cohomology;smoothness,cohomology-section-cech-cohomology-cohomology;morphisms-section-smooth,01EO;01V4,D000014,existing_stronger,reviewed_source_and_stacks,cohomology-section-ext;dualizing-lemma-sitting-in-degrees;derham-lemma-gysin-global,0BQP;0A7U;0G86,Support-codimension Ext vanishing collapses the local-to-global spectral sequence and the resulting edge class is the global Gysin class
fga.149.s4.lemma.1.eq.4-1,149,equation,fga.149.s4.lemma.1,177,177,fr/149.tex:511,en/149.tex:506,A79DF2F391804457A13AE7B05587AAFE070D56F28D4D9115291939C72B06D34C,,,,,structural_only,inherits_parent,,,Embedded component; use the parent unit's semantic disposition.
fga.149.s4.lemma.1.eq.4-1-bis,149,equation,fga.149.s4.lemma.1,177,177,fr/149.tex:517,en/149.tex:512,A79DF2F391804457A13AE7B05587AAFE070D56F28D4D9115291939C72B06D34C,,,,,structural_only,inherits_parent,,,Embedded component; use the parent unit's semantic disposition.
fga.149.s4.lemma.1.eq.u.n01,149,equation,fga.149.s4.lemma.1,178,178,fr/149.tex:531,en/149.tex:525,A79DF2F391804457A13AE7B05587AAFE070D56F28D4D9115291939C72B06D34C,,,,,structural_only,inherits_parent,,,Embedded component; use the parent unit's semantic disposition.
fga.149.s4.lemma.1.eq.4-2,149,equation,fga.149.s4.lemma.1,178,178,fr/149.tex:545,en/149.tex:539,A79DF2F391804457A13AE7B05587AAFE070D56F28D4D9115291939C72B06D34C,,,,,structural_only,inherits_parent,,,Embedded component; use the parent unit's semantic disposition.
fga.149.s4.lemma.1.eq.u.n02,149,equation,fga.149.s4.lemma.1,178,178,fr/149.tex:559,en/149.tex:552,A79DF2F391804457A13AE7B05587AAFE070D56F28D4D9115291939C72B06D34C,,,,,structural_only,inherits_parent,,,Embedded component; use the parent unit's semantic disposition.
fga.149.s4.lemma.1.eq.4-3,149,equation,fga.149.s4.lemma.1,178,178,fr/149.tex:569,en/149.tex:562,A79DF2F391804457A13AE7B05587AAFE070D56F28D4D9115291939C72B06D34C,,,,,structural_only,inherits_parent,,,Embedded component; use the parent unit's semantic disposition.
fga.149.s4.theorem.1,149,theorem,fga.149.s4,179,181,fr/149.tex:591,en/149.tex:585,A79DF2F391804457A13AE7B05587AAFE070D56F28D4D9115291939C72B06D34C,cohomology;projectivity;quotient;smoothness,cohomology-section-cech-cohomology-cohomology;groupoids-quotients-section-categorical;groupoids-quotients-section-geometric;groupoids-section-finite-flat-general;morphisms-section-projective;morphisms-section-smooth,01EO;01V4;01W7;03JD;048I;04AD,D000015,existing_equivalent,reviewed_combination,derham-lemma-gysin-projection-global;derham-lemma-gysin-transverse-global,0G8C;0G8D,The Hodge Gysin projection formula and transverse base-change identity imply multiplicativity for transverse smooth intersections
fga.149.s4.theorem.1.eq.4-4,149,equation,fga.149.s4.theorem.1,179,179,fr/149.tex:593,en/149.tex:587,A79DF2F391804457A13AE7B05587AAFE070D56F28D4D9115291939C72B06D34C,,,,,structural_only,inherits_parent,,,Embedded component; use the parent unit's semantic disposition.
fga.149.s4.theorem.1.eq.u.n01,149,equation,fga.149.s4.theorem.1,179,179,fr/149.tex:597,en/149.tex:591,A79DF2F391804457A13AE7B05587AAFE070D56F28D4D9115291939C72B06D34C,,,,,structural_only,inherits_parent,,,Embedded component; use the parent unit's semantic disposition.
fga.149.s4.theorem.1.eq.u.n02,149,equation,fga.149.s4.theorem.1,179,179,fr/149.tex:612,en/149.tex:605,A79DF2F391804457A13AE7B05587AAFE070D56F28D4D9115291939C72B06D34C,,,,,structural_only,inherits_parent,,,Embedded component; use the parent unit's semantic disposition.
fga.149.s4.theorem.1.eq.4-5,149,equation,fga.149.s4.theorem.1,179,179,fr/149.tex:631,en/149.tex:624,A79DF2F391804457A13AE7B05587AAFE070D56F28D4D9115291939C72B06D34C,,,,,structural_only,inherits_parent,,,Embedded component; use the parent unit's semantic disposition.
fga.149.s4.theorem.1.diag.n01,149,diagram,fga.149.s4.theorem.1,179,179,fr/149.tex:633,en/149.tex:626,A79DF2F391804457A13AE7B05587AAFE070D56F28D4D9115291939C72B06D34C,,,,,structural_only,inherits_parent,,,Embedded component; use the parent unit's semantic disposition.
fga.149.s4.theorem.1.eq.u.n03,149,equation,fga.149.s4.theorem.1,180,180,fr/149.tex:662,en/149.tex:655,A79DF2F391804457A13AE7B05587AAFE070D56F28D4D9115291939C72B06D34C,,,,,structural_only,inherits_parent,,,Embedded component; use the parent unit's semantic disposition.
fga.149.s4.theorem.1.eq.u.n04,149,equation,fga.149.s4.theorem.1,180,180,fr/149.tex:675,en/149.tex:668,A79DF2F391804457A13AE7B05587AAFE070D56F28D4D9115291939C72B06D34C,,,,,structural_only,inherits_parent,,,Embedded component; use the parent unit's semantic disposition.
fga.149.s4.theorem.1.eq.u.n05,149,equation,fga.149.s4.theorem.1,180,180,fr/149.tex:679,en/149.tex:672,A79DF2F391804457A13AE7B05587AAFE070D56F28D4D9115291939C72B06D34C,,,,,structural_only,inherits_parent,,,Embedded component; use the parent unit's semantic disposition.
fga.149.s4.theorem.1.eq.4-6,149,equation,fga.149.s4.theorem.1,180,180,fr/149.tex:685,en/149.tex:677,A79DF2F391804457A13AE7B05587AAFE070D56F28D4D9115291939C72B06D34C,,,,,structural_only,inherits_parent,,,Embedded component; use the parent unit's semantic disposition.
fga.149.s4.theorem.1.eq.4-7,149,equation,fga.149.s4.theorem.1,180,180,fr/149.tex:693,en/149.tex:685,A79DF2F391804457A13AE7B05587AAFE070D56F28D4D9115291939C72B06D34C,,,,,structural_only,inherits_parent,,,Embedded component; use the parent unit's semantic disposition.
fga.149.s4.theorem.1.eq.4-8,149,equation,fga.149.s4.theorem.1,180,180,fr/149.tex:701,en/149.tex:693,A79DF2F391804457A13AE7B05587AAFE070D56F28D4D9115291939C72B06D34C,,,,,structural_only,inherits_parent,,,Embedded component; use the parent unit's semantic disposition.
fga.149.s4.corollary.1,149,corollary,fga.149.s4,181,181,fr/149.tex:709,en/149.tex:700,A79DF2F391804457A13AE7B05587AAFE070D56F28D4D9115291939C72B06D34C,fundamental-class;projectivity;smoothness,duality-section-fundamental-class;morphisms-section-projective;morphisms-section-smooth,01V4;01W7;0E9X,D000016,existing_equivalent,reviewed_combination,derham-lemma-gysin-transverse-global;perfect-lemma-kunneth-single-sheaf;derham-lemma-class-of-a-point,0G8D;0FU4;0G8E,Transverse Gysin base change and coherent Kunneth identify the two fibre classes while the point class is shown nonzero and canonical
fga.149.s4.corollary.1.eq.u.n01,149,equation,fga.149.s4.corollary.1,181,181,fr/149.tex:714,en/149.tex:705,A79DF2F391804457A13AE7B05587AAFE070D56F28D4D9115291939C72B06D34C,,,,,structural_only,inherits_parent,,,Embedded component; use the parent unit's semantic disposition.
fga.149.s4.corollary.1.eq.u.n02,149,equation,fga.149.s4.corollary.1,181,181,fr/149.tex:720,en/149.tex:711,A79DF2F391804457A13AE7B05587AAFE070D56F28D4D9115291939C72B06D34C,,,,,structural_only,inherits_parent,,,Embedded component; use the parent unit's semantic disposition.
fga.149.s4.corollary.1.eq.u.n03,149,equation,fga.149.s4.corollary.1,181,181,fr/149.tex:728,en/149.tex:718,A79DF2F391804457A13AE7B05587AAFE070D56F28D4D9115291939C72B06D34C,,,,,structural_only,inherits_parent,,,Embedded component; use the parent unit's semantic disposition.
fga.149.s4.remark.u.n01,149,remark,fga.149.s4,181,181,fr/149.tex:742,en/149.tex:732,A79DF2F391804457A13AE7B05587AAFE070D56F28D4D9115291939C72B06D34C,properness;smoothness,morphisms-section-proper;morphisms-section-smooth,01V4;01W0,D000017,historical_reference,reviewed_historical,weil-lemma-cycle-classes;derham-remark-hodge-cohomology-is-weil,0FIF;0FWE,The remark records the then-open extension from smooth transverse cycles while Stacks now has abstract Chow cycle classes and explicitly notes the remaining Hodge-Weil packaging
fga.149.s5,149,section,fga.149,181,185,fr/149.tex:750,en/149.tex:740,A79DF2F391804457A13AE7B05587AAFE070D56F28D4D9115291939C72B06D34C,coherent-sheaf;duality;ext-functor;fundamental-class;projectivity;quotient;smoothness,coherent-section-coherent-sheaves;cohomology-section-ext;derived-section-ext;duality-section-duality;duality-section-duality-proper-over-field;duality-section-fundamental-class;groupoids-quotients-section-categorical;groupoids-quotients-section-geometric;groupoids-section-finite-flat-general;modules-section-coherent;morphisms-section-projective;morphisms-section-smooth,01BU;01V4;01W7;01XY;03JD;048I;04AD;06XP;0AU3;0BQP;0E9X;0FVU,D000018,existing_stronger,reviewed_source_and_stacks,duality-lemma-duality-proper-over-field;duality-remark-coherent-duality-proper-over-field,0FVV;0FVX,Modern proper duality over a field supplies a dualizing complex and perfect coherent pairings for arbitrary proper schemes
fga.149.s5.theorem.2,149,theorem,fga.149.s5,181,182,fr/149.tex:755,en/149.tex:744,A79DF2F391804457A13AE7B05587AAFE070D56F28D4D9115291939C72B06D34C,fundamental-class,duality-section-fundamental-class,0E9X,D000019,existing_equivalent,reviewed_combination,derham-lemma-duality-hodge;derham-lemma-class-of-a-point,0FW4;0G8E,Hodge duality makes top Hodge cohomology one-dimensional for an irreducible smooth proper variety and the rational point Gysin class is nonzero
fga.149.s5.theorem.2.eq.u.n01,149,equation,fga.149.s5.theorem.2,182,182,fr/149.tex:764,en/149.tex:752,A79DF2F391804457A13AE7B05587AAFE070D56F28D4D9115291939C72B06D34C,,,,,structural_only,inherits_parent,,,Embedded component; use the parent unit's semantic disposition.
fga.149.s5.theorem.2.eq.5-1,149,equation,fga.149.s5.theorem.2,182,182,fr/149.tex:771,en/149.tex:759,A79DF2F391804457A13AE7B05587AAFE070D56F28D4D9115291939C72B06D34C,,,,,structural_only,inherits_parent,,,Embedded component; use the parent unit's semantic disposition.
fga.149.s5.theorem.2.eq.5-2,149,equation,fga.149.s5.theorem.2,182,182,fr/149.tex:777,en/149.tex:765,A79DF2F391804457A13AE7B05587AAFE070D56F28D4D9115291939C72B06D34C,,,,,structural_only,inherits_parent,,,Embedded component; use the parent unit's semantic disposition.
fga.149.s5.theorem.3,149,theorem,fga.149.s5,182,182,fr/149.tex:785,en/149.tex:773,A79DF2F391804457A13AE7B05587AAFE070D56F28D4D9115291939C72B06D34C,,,,D000020,existing_stronger,reviewed_source_and_stacks,duality-lemma-duality-proper-over-field,0FVV,Stacks proves the Ext-cohomology duality functorially for proper schemes through the full dualizing complex and specializes to the smooth canonical bundle
fga.149.s5.corollary.u.n01,149,corollary,fga.149.s5,182,183,fr/149.tex:789,en/149.tex:777,A79DF2F391804457A13AE7B05587AAFE070D56F28D4D9115291939C72B06D34C,ext-functor;projectivity,cohomology-section-ext;derived-section-ext;morphisms-section-projective,01W7;06XP;0BQP,D000021,existing_stronger,reviewed_source_and_stacks,duality-lemma-duality-proper-over-field-perfect;derham-lemma-duality-hodge,0FVY;0FW4,Perfect-complex duality and Hodge duality give the vector-bundle Serre pairing in the stated degrees
fga.149.s5.corollary.u.n01.eq.5-3,149,equation,fga.149.s5.corollary.u.n01,182,182,fr/149.tex:792,en/149.tex:780,A79DF2F391804457A13AE7B05587AAFE070D56F28D4D9115291939C72B06D34C,,,,,structural_only,inherits_parent,,,Embedded component; use the parent unit's semantic disposition.
fga.149.s5.corollary.u.n01.eq.5-2-bis,149,equation,fga.149.s5.corollary.u.n01,182,182,fr/149.tex:801,en/149.tex:789,A79DF2F391804457A13AE7B05587AAFE070D56F28D4D9115291939C72B06D34C,,,,,structural_only,inherits_parent,,,Embedded component; use the parent unit's semantic disposition.
fga.149.s5.corollary.u.n01.eq.5-3-bis,149,equation,fga.149.s5.corollary.u.n01,182,182,fr/149.tex:812,en/149.tex:800,A79DF2F391804457A13AE7B05587AAFE070D56F28D4D9115291939C72B06D34C,,,,,structural_only,inherits_parent,,,Embedded component; use the parent unit's semantic disposition.
fga.149.s5.corollary.u.n01.eq.5-4,149,equation,fga.149.s5.corollary.u.n01,182,182,fr/149.tex:816,en/149.tex:804,A79DF2F391804457A13AE7B05587AAFE070D56F28D4D9115291939C72B06D34C,,,,,structural_only,inherits_parent,,,Embedded component; use the parent unit's semantic disposition.
fga.149.s5.corollary.u.n01.eq.5-5,149,equation,fga.149.s5.corollary.u.n01,182,182,fr/149.tex:823,en/149.tex:811,A79DF2F391804457A13AE7B05587AAFE070D56F28D4D9115291939C72B06D34C,,,,,structural_only,inherits_parent,,,Embedded component; use the parent unit's semantic disposition.
fga.149.s5.lemma.2,149,lemma,fga.149.s5,183,183,fr/149.tex:845,en/149.tex:832,A79DF2F391804457A13AE7B05587AAFE070D56F28D4D9115291939C72B06D34C,,,,D000022,existing_equivalent,reviewed_source_and_stacks,coherent-section-cohomology-projective-space;coherent-lemma-cohomology-projective-space-over-ring,01XS;01XT,Stacks contains the explicit cohomology computation for every Serre twist on projective space over a ring
fga.149.s5.lemma.2.eq.u.n01,149,equation,fga.149.s5.lemma.2,183,183,fr/149.tex:850,en/149.tex:837,A79DF2F391804457A13AE7B05587AAFE070D56F28D4D9115291939C72B06D34C,,,,,structural_only,inherits_parent,,,Embedded component; use the parent unit's semantic disposition.
fga.149.s5.lemma.3,149,lemma,fga.149.s5,183,183,fr/149.tex:858,en/149.tex:845,A79DF2F391804457A13AE7B05587AAFE070D56F28D4D9115291939C72B06D34C,quotient,groupoids-quotients-section-categorical;groupoids-quotients-section-geometric;groupoids-section-finite-flat-general,03JD;048I;04AD,D000023,existing_equivalent,reviewed_source_and_stacks,coherent-lemma-coherent-proper-ample;properties-proposition-characterize-ample,0B5T;01Q3,The ample-sheaf characterization makes every sufficiently positive twist globally generated and hence gives the required quotient by a common negative twist
fga.149.s5.lemma.4,149,lemma,fga.149.s5,183,183,fr/149.tex:865,en/149.tex:852,A79DF2F391804457A13AE7B05587AAFE070D56F28D4D9115291939C72B06D34C,,,,D000024,existing_stronger,reviewed_source_and_stacks,coherent-lemma-coherent-proper-ample;coherent-lemma-cohomology-projective-space-over-ring,0B5T;01XT,Serre vanishing for any coherent sheaf with an ample twist and the projective-space calculation imply both displayed vanishings
fga.149.s5.lemma.4.eq.u.n01,149,equation,fga.149.s5.lemma.4,183,183,fr/149.tex:868,en/149.tex:855,A79DF2F391804457A13AE7B05587AAFE070D56F28D4D9115291939C72B06D34C,,,,,structural_only,inherits_parent,,,Embedded component; use the parent unit's semantic disposition.
fga.149.s5.lemma.4.eq.u.n02,149,equation,fga.149.s5.lemma.4,183,183,fr/149.tex:875,en/149.tex:862,A79DF2F391804457A13AE7B05587AAFE070D56F28D4D9115291939C72B06D34C,,,,,structural_only,inherits_parent,,,Embedded component; use the parent unit's semantic disposition.
fga.149.s5.corollary.u.n02,149,corollary,fga.149.s5,183,184,fr/149.tex:882,en/149.tex:869,A79DF2F391804457A13AE7B05587AAFE070D56F28D4D9115291939C72B06D34C,coherent-sheaf;ext-functor,coherent-section-coherent-sheaves;cohomology-section-ext;derived-section-ext;modules-section-coherent,01BU;01XY;06XP;0BQP,D000025,existing_equivalent,reviewed_combination,coherent-lemma-coherent-proper-ample;properties-proposition-characterize-ample,0B5T;01Q3,The quotient by negative twists together with Serre vanishing gives the stated coeffaceability argument
fga.149.s5.lemma.5,149,lemma,fga.149.s5,184,185,fr/149.tex:889,en/149.tex:876,A79DF2F391804457A13AE7B05587AAFE070D56F28D4D9115291939C72B06D34C,coherent-sheaf;duality;projectivity;smoothness,coherent-section-coherent-sheaves;duality-section-duality;duality-section-duality-proper-over-field;modules-section-coherent;morphisms-section-projective;morphisms-section-smooth,01BU;01V4;01W7;01XY;0AU3;0FVU,D000026,existing_equivalent,reviewed_combination,cohomology-section-ext;coherent-lemma-coherent-proper-ample,0BQP;0B5T,The local-to-global Ext spectral sequence collapses in total degree one after positive twisting by Serre vanishing
fga.149.s5.lemma.5.eq.u.n01,149,equation,fga.149.s5.lemma.5,184,184,fr/149.tex:892,en/149.tex:879,A79DF2F391804457A13AE7B05587AAFE070D56F28D4D9115291939C72B06D34C,,,,,structural_only,inherits_parent,,,Embedded component; use the parent unit's semantic disposition.
fga.149.s5.lemma.5.eq.u.n02,149,equation,fga.149.s5.lemma.5,184,184,fr/149.tex:901,en/149.tex:888,A79DF2F391804457A13AE7B05587AAFE070D56F28D4D9115291939C72B06D34C,,,,,structural_only,inherits_parent,,,Embedded component; use the parent unit's semantic disposition.
fga.149.s5.lemma.5.eq.u.n03,149,equation,fga.149.s5.lemma.5,184,184,fr/149.tex:919,en/149.tex:905,A79DF2F391804457A13AE7B05587AAFE070D56F28D4D9115291939C72B06D34C,,,,,structural_only,inherits_parent,,,Embedded component; use the parent unit's semantic disposition.
fga.149.s5.lemma.5.eq.u.n04,149,equation,fga.149.s5.lemma.5,184,184,fr/149.tex:924,en/149.tex:910,A79DF2F391804457A13AE7B05587AAFE070D56F28D4D9115291939C72B06D34C,,,,,structural_only,inherits_parent,,,Embedded component; use the parent unit's semantic disposition.
fga.149.s5.lemma.5.eq.5-6,149,equation,fga.149.s5.lemma.5,184,184,fr/149.tex:930,en/149.tex:916,A79DF2F391804457A13AE7B05587AAFE070D56F28D4D9115291939C72B06D34C,,,,,structural_only,inherits_parent,,,Embedded component; use the parent unit's semantic disposition.
fga.149.s5.lemma.5.eq.5-7,149,equation,fga.149.s5.lemma.5,184,184,fr/149.tex:935,en/149.tex:921,A79DF2F391804457A13AE7B05587AAFE070D56F28D4D9115291939C72B06D34C,,,,,structural_only,inherits_parent,,,Embedded component; use the parent unit's semantic disposition.
fga.149.s5.lemma.5.eq.u.n05,149,equation,fga.149.s5.lemma.5,185,185,fr/149.tex:948,en/149.tex:933,A79DF2F391804457A13AE7B05587AAFE070D56F28D4D9115291939C72B06D34C,,,,,structural_only,inherits_parent,,,Embedded component; use the parent unit's semantic disposition.
fga.149.s5.lemma.5.eq.u.n06,149,equation,fga.149.s5.lemma.5,185,185,fr/149.tex:957,en/149.tex:942,A79DF2F391804457A13AE7B05587AAFE070D56F28D4D9115291939C72B06D34C,,,,,structural_only,inherits_parent,,,Embedded component; use the parent unit's semantic disposition.
fga.149.s6,149,section,fga.149,185,187,fr/149.tex:962,en/149.tex:947,A79DF2F391804457A13AE7B05587AAFE070D56F28D4D9115291939C72B06D34C,coherent-sheaf;duality;ext-functor;normality;projectivity;smoothness,coherent-section-coherent-sheaves;cohomology-section-ext;derived-section-ext;duality-section-duality;duality-section-duality-proper-over-field;modules-section-coherent;more-morphisms-section-normal;morphisms-section-projective;morphisms-section-smooth;properties-section-normal,01BU;01V4;01W7;01XY;033H;038Z;06XP;0AU3;0BQP;0FVU,D000027,existing_stronger,reviewed_source_and_stacks,duality-lemma-duality-proper-over-field;duality-lemma-duality-proper-over-field-CM,0FVV;0FVZ,Stacks replaces the embedded canonical sheaf construction by an intrinsic dualizing complex and recovers a dualizing sheaf exactly in the Cohen-Macaulay case
fga.149.s6.eq.6-1,149,equation,fga.149.s6,185,185,fr/149.tex:966,en/149.tex:951,A79DF2F391804457A13AE7B05587AAFE070D56F28D4D9115291939C72B06D34C,,,,,structural_only,inherits_parent,,,Embedded component; use the parent unit's semantic disposition.
fga.149.s6.eq.6-2,149,equation,fga.149.s6,185,185,fr/149.tex:972,en/149.tex:957,A79DF2F391804457A13AE7B05587AAFE070D56F28D4D9115291939C72B06D34C,,,,,structural_only,inherits_parent,,,Embedded component; use the parent unit's semantic disposition.
fga.149.s6.eq.6-2-bis,149,equation,fga.149.s6,185,185,fr/149.tex:979,en/149.tex:964,A79DF2F391804457A13AE7B05587AAFE070D56F28D4D9115291939C72B06D34C,,,,,structural_only,inherits_parent,,,Embedded component; use the parent unit's semantic disposition.
fga.149.s6.eq.6-3,149,equation,fga.149.s6,185,185,fr/149.tex:987,en/149.tex:972,A79DF2F391804457A13AE7B05587AAFE070D56F28D4D9115291939C72B06D34C,,,,,structural_only,inherits_parent,,,Embedded component; use the parent unit's semantic disposition.
fga.149.s6.eq.6-4,149,equation,fga.149.s6,186,186,fr/149.tex:993,en/149.tex:978,A79DF2F391804457A13AE7B05587AAFE070D56F28D4D9115291939C72B06D34C,,,,,structural_only,inherits_parent,,,Embedded component; use the parent unit's semantic disposition.
fga.149.s6.eq.6-5,149,equation,fga.149.s6,186,186,fr/149.tex:1000,en/149.tex:985,A79DF2F391804457A13AE7B05587AAFE070D56F28D4D9115291939C72B06D34C,,,,,structural_only,inherits_parent,,,Embedded component; use the parent unit's semantic disposition.
fga.149.s6.theorem.3-bis,149,theorem,fga.149.s6,186,186,fr/149.tex:1007,en/149.tex:992,A79DF2F391804457A13AE7B05587AAFE070D56F28D4D9115291939C72B06D34C,coherent-sheaf,coherent-section-coherent-sheaves;modules-section-coherent,01BU;01XY,D000336,existing_equivalent,integrated_source,duality-lemma-duality-proper-over-field-in-range,,The integrated source gives an intrinsic normalized-dualizing-complex equivalence between partial Ext duality in the top c plus one degrees eventual negative-twist vanishing co-effaceability under coherent surjections and vanishing of the first c higher cohomology sheaves of the dualizing complex; its spectral-sequence argument recovers the historical embedding-dependent criterion without choosing an ambient projective space
fga.149.s6.theorem.3-bis.item.i,149,subitem,fga.149.s6.theorem.3-bis,186,186,fr/149.tex:1010,en/149.tex:995,A79DF2F391804457A13AE7B05587AAFE070D56F28D4D9115291939C72B06D34C,,,,,structural_only,inherits_parent,,,Embedded component; use the parent unit's semantic disposition.
fga.149.s6.theorem.3-bis.item.ii,149,subitem,fga.149.s6.theorem.3-bis,186,186,fr/149.tex:1012,en/149.tex:997,A79DF2F391804457A13AE7B05587AAFE070D56F28D4D9115291939C72B06D34C,,,,,structural_only,inherits_parent,,,Embedded component; use the parent unit's semantic disposition.
fga.149.s6.theorem.3-bis.item.iii,149,subitem,fga.149.s6.theorem.3-bis,186,186,fr/149.tex:1014,en/149.tex:999,A79DF2F391804457A13AE7B05587AAFE070D56F28D4D9115291939C72B06D34C,,,,,structural_only,inherits_parent,,,Embedded component; use the parent unit's semantic disposition.
fga.149.s6.theorem.3-bis.item.iv,149,subitem,fga.149.s6.theorem.3-bis,186,186,fr/149.tex:1016,en/149.tex:1001,A79DF2F391804457A13AE7B05587AAFE070D56F28D4D9115291939C72B06D34C,,,,,structural_only,inherits_parent,,,Embedded component; use the parent unit's semantic disposition.
fga.149.s6.proposition.6,149,proposition,fga.149.s6,186,187,fr/149.tex:1029,en/149.tex:1014,A79DF2F391804457A13AE7B05587AAFE070D56F28D4D9115291939C72B06D34C,duality,duality-section-duality;duality-section-duality-proper-over-field,0AU3;0FVU,D000029,existing_stronger,reviewed_combination,duality-lemma-duality-proper-over-field;coherent-lemma-coherent-proper-ample,0FVV;0B5T,Derived proper duality is valid before twisting and Serre vanishing collapses its cohomology-sheaf spectral sequence to the stated asymptotic isomorphism
fga.149.s6.proposition.6.eq.6-6,149,equation,fga.149.s6.proposition.6,186,186,fr/149.tex:1031,en/149.tex:1016,A79DF2F391804457A13AE7B05587AAFE070D56F28D4D9115291939C72B06D34C,,,,,structural_only,inherits_parent,,,Embedded component; use the parent unit's semantic disposition.
fga.149.s6.proposition.6.eq.6-7,149,equation,fga.149.s6.proposition.6,186,186,fr/149.tex:1036,en/149.tex:1021,A79DF2F391804457A13AE7B05587AAFE070D56F28D4D9115291939C72B06D34C,,,,,structural_only,inherits_parent,,,Embedded component; use the parent unit's semantic disposition.
fga.149.s6.corollary.u.n01,149,corollary,fga.149.s6,187,187,fr/149.tex:1045,en/149.tex:1029,A79DF2F391804457A13AE7B05587AAFE070D56F28D4D9115291939C72B06D34C,duality;normality;projectivity;smoothness,duality-section-duality;duality-section-duality-proper-over-field;more-morphisms-section-normal;morphisms-section-projective;morphisms-section-smooth;properties-section-normal,01V4;01W7;033H;038Z;0AU3;0FVU,D000030,existing_equivalent,reviewed_combination,duality-lemma-duality-proper-over-field;coherent-lemma-coherent-proper-ample,0FVV;0B5T,The asymptotic duality and eventual global generation give both directions of the vanishing criterion
fga.149.s7,149,section,fga.149,187,189,fr/149.tex:1068,en/149.tex:1050,A79DF2F391804457A13AE7B05587AAFE070D56F28D4D9115291939C72B06D34C,coherent-sheaf;cohomology;duality;picard-scheme;poincare-duality;projectivity;smoothness,coherent-section-coherent-sheaves;cohomology-section-cech-cohomology-cohomology;derham-section-poincare-duality;duality-section-duality;duality-section-duality-proper-over-field;modules-section-coherent;morphisms-section-projective;morphisms-section-smooth;pic-section-picard-curve;pic-section-representability;weil-lemma-poincare-duality,01BU;01EO;01V4;01W7;01XY;0AU3;0B9P;0B9R;0FIJ;0FVU;0FW3,D000031,existing_stronger,reviewed_source_and_stacks,derham-lemma-duality-hodge;perfect-lemma-kunneth,0FW4;0FLQ,Stacks proves Hodge Poincare duality and the Kunneth formula using modern derived duality
fga.149.s7.eq.u.n01,149,equation,fga.149.s7,187,187,fr/149.tex:1071,en/149.tex:1053,A79DF2F391804457A13AE7B05587AAFE070D56F28D4D9115291939C72B06D34C,,,,,structural_only,inherits_parent,,,Embedded component; use the parent unit's semantic disposition.
fga.149.s7.eq.u.n02,149,equation,fga.149.s7,187,187,fr/149.tex:1080,en/149.tex:1062,A79DF2F391804457A13AE7B05587AAFE070D56F28D4D9115291939C72B06D34C,,,,,structural_only,inherits_parent,,,Embedded component; use the parent unit's semantic disposition.
fga.149.s7.eq.7-1,149,equation,fga.149.s7,187,187,fr/149.tex:1086,en/149.tex:1068,A79DF2F391804457A13AE7B05587AAFE070D56F28D4D9115291939C72B06D34C,,,,,structural_only,inherits_parent,,,Embedded component; use the parent unit's semantic disposition.
fga.149.s7.eq.7-2,149,equation,fga.149.s7,188,188,fr/149.tex:1095,en/149.tex:1077,A79DF2F391804457A13AE7B05587AAFE070D56F28D4D9115291939C72B06D34C,,,,,structural_only,inherits_parent,,,Embedded component; use the parent unit's semantic disposition.
fga.149.s7.eq.7-3,149,equation,fga.149.s7,188,188,fr/149.tex:1100,en/149.tex:1082,A79DF2F391804457A13AE7B05587AAFE070D56F28D4D9115291939C72B06D34C,,,,,structural_only,inherits_parent,,,Embedded component; use the parent unit's semantic disposition.
fga.149.s7.theorem.4,149,theorem,fga.149.s7,188,189,fr/149.tex:1110,en/149.tex:1092,A79DF2F391804457A13AE7B05587AAFE070D56F28D4D9115291939C72B06D34C,cohomology;duality;poincare-duality;projectivity;smoothness,cohomology-section-cech-cohomology-cohomology;derham-section-poincare-duality;duality-section-duality;duality-section-duality-proper-over-field;morphisms-section-projective;morphisms-section-smooth;weil-lemma-poincare-duality,01EO;01V4;01W7;0AU3;0FIJ;0FVU;0FW3,D000032,existing_equivalent,reviewed_combination,derham-lemma-gysin-projection-global;weil-lemma-functor-and-cycles,0G8C;0FG5,The Hodge Gysin projection formula and the correspondence formalism identify pushforward of the unit with the closed-subscheme cycle class
fga.149.s7.theorem.4.eq.7-4,149,equation,fga.149.s7.theorem.4,188,188,fr/149.tex:1113,en/149.tex:1095,A79DF2F391804457A13AE7B05587AAFE070D56F28D4D9115291939C72B06D34C,,,,,structural_only,inherits_parent,,,Embedded component; use the parent unit's semantic disposition.
fga.149.s7.theorem.4.eq.7-4-bis,149,equation,fga.149.s7.theorem.4,188,188,fr/149.tex:1119,en/149.tex:1101,A79DF2F391804457A13AE7B05587AAFE070D56F28D4D9115291939C72B06D34C,,,,,structural_only,inherits_parent,,,Embedded component; use the parent unit's semantic disposition.
fga.149.s7.theorem.4.eq.u.n01,149,equation,fga.149.s7.theorem.4,188,188,fr/149.tex:1132,en/149.tex:1114,A79DF2F391804457A13AE7B05587AAFE070D56F28D4D9115291939C72B06D34C,,,,,structural_only,inherits_parent,,,Embedded component; use the parent unit's semantic disposition.
fga.149.s7.theorem.4.eq.7-5,149,equation,fga.149.s7.theorem.4,188,188,fr/149.tex:1138,en/149.tex:1120,A79DF2F391804457A13AE7B05587AAFE070D56F28D4D9115291939C72B06D34C,,,,,structural_only,inherits_parent,,,Embedded component; use the parent unit's semantic disposition.
fga.149.s7.theorem.4.eq.7-6,149,equation,fga.149.s7.theorem.4,189,189,fr/149.tex:1159,en/149.tex:1141,A79DF2F391804457A13AE7B05587AAFE070D56F28D4D9115291939C72B06D34C,,,,,structural_only,inherits_parent,,,Embedded component; use the parent unit's semantic disposition.
fga.149.s7.theorem.4.diag.n01,149,diagram,fga.149.s7.theorem.4,189,189,fr/149.tex:1162,en/149.tex:1144,A79DF2F391804457A13AE7B05587AAFE070D56F28D4D9115291939C72B06D34C,,,,,structural_only,inherits_parent,,,Embedded component; use the parent unit's semantic disposition.
fga.149.s7.theorem.5,149,theorem,fga.149.s7,189,189,fr/149.tex:1184,en/149.tex:1166,A79DF2F391804457A13AE7B05587AAFE070D56F28D4D9115291939C72B06D34C,picard-scheme;projectivity;smoothness,morphisms-section-projective;morphisms-section-smooth;pic-section-picard-curve;pic-section-representability,01V4;01W7;0B9P;0B9R,D000337,existing_equivalent,integrated_source,derham-lemma-hodge-classes-points-diagonal-graph;derham-lemma-hodge-fixed-point-formula,,The integrated source normalizes point diagonal and graph Hodge Gysin classes and proves that a transverse graph-diagonal intersection equals the total Hodge supertrace; for a finite etale fixed scheme this gives its geometric point count in the ground field and hence the exact characteristic congruence of the historical theorem
fga.149.s8,149,section,fga.149,189,192,fr/149.tex:1195,en/149.tex:1177,A79DF2F391804457A13AE7B05587AAFE070D56F28D4D9115291939C72B06D34C,coherent-sheaf;cohomology;duality;projectivity;quotient;smoothness,coherent-section-coherent-sheaves;cohomology-section-cech-cohomology-cohomology;duality-section-duality;duality-section-duality-proper-over-field;groupoids-quotients-section-categorical;groupoids-quotients-section-geometric;groupoids-section-finite-flat-general;modules-section-coherent;morphisms-section-projective;morphisms-section-smooth,01BU;01EO;01V4;01W7;01XY;03JD;048I;04AD;0AU3;0FVU,D000034,existing_stronger,reviewed_source_and_stacks,cohomology-lemma-dual-perfect-complex;perfect-lemma-resolution-property-ample;duality-lemma-duality-proper-over-field-perfect,08DQ;0F87;0FVY,Perfect complexes replace the resolution-dependent multilinear functors and carry canonical tensor Hom symmetry contraction and duality operations
fga.149.s8.eq.8-1,149,equation,fga.149.s8,190,190,fr/149.tex:1216,en/149.tex:1197,A79DF2F391804457A13AE7B05587AAFE070D56F28D4D9115291939C72B06D34C,,,,,structural_only,inherits_parent,,,Embedded component; use the parent unit's semantic disposition.
fga.149.s8.eq.u.n01,149,equation,fga.149.s8,190,190,fr/149.tex:1248,en/149.tex:1228,A79DF2F391804457A13AE7B05587AAFE070D56F28D4D9115291939C72B06D34C,,,,,structural_only,inherits_parent,,,Embedded component; use the parent unit's semantic disposition.
fga.149.s8.eq.8-2,149,equation,fga.149.s8,190,190,fr/149.tex:1254,en/149.tex:1234,A79DF2F391804457A13AE7B05587AAFE070D56F28D4D9115291939C72B06D34C,,,,,structural_only,inherits_parent,,,Embedded component; use the parent unit's semantic disposition.
fga.149.s8.eq.8-3,149,equation,fga.149.s8,190,190,fr/149.tex:1271,en/149.tex:1251,A79DF2F391804457A13AE7B05587AAFE070D56F28D4D9115291939C72B06D34C,,,,,structural_only,inherits_parent,,,Embedded component; use the parent unit's semantic disposition.
fga.149.s8.eq.8-4,149,equation,fga.149.s8,191,191,fr/149.tex:1291,en/149.tex:1271,A79DF2F391804457A13AE7B05587AAFE070D56F28D4D9115291939C72B06D34C,,,,,structural_only,inherits_parent,,,Embedded component; use the parent unit's semantic disposition.
fga.149.s8.eq.8-5,149,equation,fga.149.s8,191,191,fr/149.tex:1310,en/149.tex:1290,A79DF2F391804457A13AE7B05587AAFE070D56F28D4D9115291939C72B06D34C,,,,,structural_only,inherits_parent,,,Embedded component; use the parent unit's semantic disposition.
fga.149.s8.eq.8-6,149,equation,fga.149.s8,191,191,fr/149.tex:1325,en/149.tex:1303,A79DF2F391804457A13AE7B05587AAFE070D56F28D4D9115291939C72B06D34C,,,,,structural_only,inherits_parent,,,Embedded component; use the parent unit's semantic disposition.
fga.149.s8.theorem.6,149,theorem,fga.149.s8,191,192,fr/149.tex:1334,en/149.tex:1312,A79DF2F391804457A13AE7B05587AAFE070D56F28D4D9115291939C72B06D34C,coherent-sheaf;cohomology;duality;projectivity;smoothness,coherent-section-coherent-sheaves;cohomology-section-cech-cohomology-cohomology;duality-section-duality;duality-section-duality-proper-over-field;modules-section-coherent;morphisms-section-projective;morphisms-section-smooth,01BU;01EO;01V4;01W7;01XY;0AU3;0FVU,D000035,existing_stronger,reviewed_source_and_stacks,duality-lemma-duality-proper-over-field-perfect;cohomology-lemma-dual-perfect-complex,0FVY;08DQ,Proper duality for every perfect complex is the derived form of all the multilinear pairings in Theorem 6
fga.149.s8.theorem.6.eq.8-7,149,equation,fga.149.s8.theorem.6,191,191,fr/149.tex:1342,en/149.tex:1320,A79DF2F391804457A13AE7B05587AAFE070D56F28D4D9115291939C72B06D34C,,,,,structural_only,inherits_parent,,,Embedded component; use the parent unit's semantic disposition.
fga.149.s8.theorem.6.eq.u.n01,149,equation,fga.149.s8.theorem.6,192,192,fr/149.tex:1364,en/149.tex:1341,A79DF2F391804457A13AE7B05587AAFE070D56F28D4D9115291939C72B06D34C,,,,,structural_only,inherits_parent,,,Embedded component; use the parent unit's semantic disposition.
fga.149.s8.theorem.6.eq.8-8,149,equation,fga.149.s8.theorem.6,192,192,fr/149.tex:1373,en/149.tex:1349,A79DF2F391804457A13AE7B05587AAFE070D56F28D4D9115291939C72B06D34C,,,,,structural_only,inherits_parent,,,Embedded component; use the parent unit's semantic disposition.
fga.149.s8.theorem.6.eq.u.n02,149,equation,fga.149.s8.theorem.6,192,192,fr/149.tex:1383,en/149.tex:1359,A79DF2F391804457A13AE7B05587AAFE070D56F28D4D9115291939C72B06D34C,,,,,structural_only,inherits_parent,,,Embedded component; use the parent unit's semantic disposition.
fga.149.bib,149,bibliography,fga.149,192,193,fr/149.tex:1400,en/149.tex:1375,A79DF2F391804457A13AE7B05587AAFE070D56F28D4D9115291939C72B06D34C,,,,,structural_only,classified,,,Source or corpus structure; no independent Stacks object.
fga.149.bib.ref.1,149,bibliography_item,fga.149.bib,192,192,fr/149.tex:1402,en/149.tex:1377,A79DF2F391804457A13AE7B05587AAFE070D56F28D4D9115291939C72B06D34C,,,,,structural_only,classified,,,Source or corpus structure; no independent Stacks object.
fga.149.bib.ref.2,149,bibliography_item,fga.149.bib,192,192,fr/149.tex:1406,en/149.tex:1381,A79DF2F391804457A13AE7B05587AAFE070D56F28D4D9115291939C72B06D34C,,,,,structural_only,classified,,,Source or corpus structure; no independent Stacks object.
fga.149.bib.ref.3,149,bibliography_item,fga.149.bib,192,192,fr/149.tex:1409,en/149.tex:1384,A79DF2F391804457A13AE7B05587AAFE070D56F28D4D9115291939C72B06D34C,,,,,structural_only,classified,,,Source or corpus structure; no independent Stacks object.
fga.149.bib.ref.4,149,bibliography_item,fga.149.bib,192,192,fr/149.tex:1412,en/149.tex:1387,A79DF2F391804457A13AE7B05587AAFE070D56F28D4D9115291939C72B06D34C,,,,,structural_only,classified,,,Source or corpus structure; no independent Stacks object.
fga.149.add,149,supplement,fga.149,193,193,fr/149.tex:1419,en/149.tex:1394,A79DF2F391804457A13AE7B05587AAFE070D56F28D4D9115291939C72B06D34C,cohomology;duality,cohomology-section-cech-cohomology-cohomology;duality-section-duality;duality-section-duality-proper-over-field,01EO;0AU3;0FVU,D000036,historical_reference,reviewed_historical,duality-lemma-duality-proper-over-field,0FVV,The 1959 addendum announces the later arbitrary-singularity theory that the modern intrinsic dualizing-complex theorem now supplies
fga.e149,e149,erratum,fga,298,298,fr/e149.tex:1,en/e149.tex:1,744CC89F417A87CD37ADB43644CC2299B97E03931677292B210DB0EC8A41959A,coherent-sheaf;cohomology;duality,coherent-section-coherent-sheaves;cohomology-section-cech-cohomology-cohomology;duality-section-duality;duality-section-duality-proper-over-field;modules-section-coherent,01BU;01EO;01XY;0AU3;0FVU,D000145,historical_reference,reviewed_historical,duality-lemma-duality-proper-over-field;duality-lemma-duality-proper-over-field-perfect,0FVV;0FVY,The erratum records that the formerly open duality questions had been resolved and points toward the later theory now represented intrinsically by dualizing complexes
fga.e149.p298,e149,source_page,fga.e149,298,298,fr/e149.tex:5,en/e149.tex:5,744CC89F417A87CD37ADB43644CC2299B97E03931677292B210DB0EC8A41959A,,,,,structural_only,classified,,,Source or corpus structure; no independent Stacks object.
fga.e149.item.u.n01,e149,subitem,fga.e149,298,298,fr/e149.tex:7,en/e149.tex:7,744CC89F417A87CD37ADB43644CC2299B97E03931677292B210DB0EC8A41959A,,,,,structural_only,inherits_parent,,,Embedded component; use the parent unit's semantic disposition.
fga.e149.item.u.n02,e149,subitem,fga.e149,298,298,fr/e149.tex:14,en/e149.tex:13,744CC89F417A87CD37ADB43644CC2299B97E03931677292B210DB0EC8A41959A,,,,,structural_only,inherits_parent,,,Embedded component; use the parent unit's semantic disposition.
fga.182,182,expose,fga,193,220,fr/182.tex:1,en/182.tex:1,AEE42088A9B9E94F4C87220AD68A27C1D7697C3ACB4F5C2F0DEE0E3F6B0BE1C1,ampleness;base-change;coherent-sheaf;cohomology;connected-component;existence-theorem;finite-type;flatness;formal-completion;formal-geometry;formal-scheme;frobenius-radicial;fundamental-group;galois-cover;normality;picard-scheme;projectivity;properness;quasi-projectivity;quotient;separatedness;smoothness;tame-ramification,algebraization-section-introduction;coherent-section-coherent-formal;coherent-section-coherent-sheaves;coherent-section-cohomology-and-base-change;coherent-section-existence;coherent-section-existence-proper;cohomology-section-cech-cohomology-cohomology;duality-section-base-change-map;formal-spaces-section-completion;formal-spaces-section-formal-schemes-EGA;groupoids-quotients-section-categorical;groupoids-quotients-section-geometric;groupoids-section-finite-flat-general;modules-section-coherent;more-morphisms-section-connected;more-morphisms-section-normal;morphisms-section-finite-type;morphisms-section-flat;morphisms-section-projective;morphisms-section-proper;morphisms-section-quasi-projective;morphisms-section-radicial;morphisms-section-relatively-ample;morphisms-section-smooth;pic-section-picard-curve;pic-section-representability;pione-section-finite-etale-under-galois;pione-section-fundamental-groups;pione-section-tame;properties-section-ample;properties-section-normal;schemes-section-valuative-separatedness;topology-section-connected-components;varieties-section-frobenius,004R;01BU;01EO;01KY;01PR;01S2;01T0;01U2;01V4;01VG;01VV;01W0;01W7;01XY;02KE;033H;038Z;03JD;03SF;048I;04AD;055C;087V;0886;0AA5;0AHY;0AIX;0B9P;0B9R;0BQ8;0BSE;0CC6;0EHN;0EI6,,structural_only,classified,,,Source or corpus structure; no independent Stacks object.
fga.182.p193,182,source_page,fga.182,193,193,fr/182.tex:3,en/182.tex:3,AEE42088A9B9E94F4C87220AD68A27C1D7697C3ACB4F5C2F0DEE0E3F6B0BE1C1,,,,,structural_only,classified,,,Source or corpus structure; no independent Stacks object.
fga.182.p194,182,source_page,fga.182,194,194,fr/182.tex:45,en/182.tex:45,AEE42088A9B9E94F4C87220AD68A27C1D7697C3ACB4F5C2F0DEE0E3F6B0BE1C1,,,,,structural_only,classified,,,Source or corpus structure; no independent Stacks object.
fga.182.p195,182,source_page,fga.182,195,195,fr/182.tex:89,en/182.tex:88,AEE42088A9B9E94F4C87220AD68A27C1D7697C3ACB4F5C2F0DEE0E3F6B0BE1C1,,,,,structural_only,classified,,,Source or corpus structure; no independent Stacks object.
fga.182.p196,182,source_page,fga.182,196,196,fr/182.tex:135,en/182.tex:133,AEE42088A9B9E94F4C87220AD68A27C1D7697C3ACB4F5C2F0DEE0E3F6B0BE1C1,,,,,structural_only,classified,,,Source or corpus structure; no independent Stacks object.
fga.182.p197,182,source_page,fga.182,197,197,fr/182.tex:186,en/182.tex:182,AEE42088A9B9E94F4C87220AD68A27C1D7697C3ACB4F5C2F0DEE0E3F6B0BE1C1,,,,,structural_only,classified,,,Source or corpus structure; no independent Stacks object.
fga.182.p198,182,source_page,fga.182,198,198,fr/182.tex:245,en/182.tex:239,AEE42088A9B9E94F4C87220AD68A27C1D7697C3ACB4F5C2F0DEE0E3F6B0BE1C1,,,,,structural_only,classified,,,Source or corpus structure; no independent Stacks object.
fga.182.p199,182,source_page,fga.182,199,199,fr/182.tex:323,en/182.tex:315,AEE42088A9B9E94F4C87220AD68A27C1D7697C3ACB4F5C2F0DEE0E3F6B0BE1C1,,,,,structural_only,classified,,,Source or corpus structure; no independent Stacks object.
fga.182.p200,182,source_page,fga.182,200,200,fr/182.tex:355,en/182.tex:345,AEE42088A9B9E94F4C87220AD68A27C1D7697C3ACB4F5C2F0DEE0E3F6B0BE1C1,,,,,structural_only,classified,,,Source or corpus structure; no independent Stacks object.
fga.182.p201,182,source_page,fga.182,201,201,fr/182.tex:423,en/182.tex:413,AEE42088A9B9E94F4C87220AD68A27C1D7697C3ACB4F5C2F0DEE0E3F6B0BE1C1,,,,,structural_only,classified,,,Source or corpus structure; no independent Stacks object.
fga.182.p202,182,source_page,fga.182,202,202,fr/182.tex:457,en/182.tex:447,AEE42088A9B9E94F4C87220AD68A27C1D7697C3ACB4F5C2F0DEE0E3F6B0BE1C1,,,,,structural_only,classified,,,Source or corpus structure; no independent Stacks object.
fga.182.p203,182,source_page,fga.182,203,203,fr/182.tex:521,en/182.tex:511,AEE42088A9B9E94F4C87220AD68A27C1D7697C3ACB4F5C2F0DEE0E3F6B0BE1C1,,,,,structural_only,classified,,,Source or corpus structure; no independent Stacks object.
fga.182.p204,182,source_page,fga.182,204,204,fr/182.tex:586,en/182.tex:573,AEE42088A9B9E94F4C87220AD68A27C1D7697C3ACB4F5C2F0DEE0E3F6B0BE1C1,,,,,structural_only,classified,,,Source or corpus structure; no independent Stacks object.
fga.182.p205,182,source_page,fga.182,205,205,fr/182.tex:647,en/182.tex:634,AEE42088A9B9E94F4C87220AD68A27C1D7697C3ACB4F5C2F0DEE0E3F6B0BE1C1,,,,,structural_only,classified,,,Source or corpus structure; no independent Stacks object.
fga.182.p206,182,source_page,fga.182,206,206,fr/182.tex:686,en/182.tex:673,AEE42088A9B9E94F4C87220AD68A27C1D7697C3ACB4F5C2F0DEE0E3F6B0BE1C1,,,,,structural_only,classified,,,Source or corpus structure; no independent Stacks object.
fga.182.p207,182,source_page,fga.182,207,207,fr/182.tex:744,en/182.tex:731,AEE42088A9B9E94F4C87220AD68A27C1D7697C3ACB4F5C2F0DEE0E3F6B0BE1C1,,,,,structural_only,classified,,,Source or corpus structure; no independent Stacks object.
fga.182.p208,182,source_page,fga.182,208,208,fr/182.tex:791,en/182.tex:776,AEE42088A9B9E94F4C87220AD68A27C1D7697C3ACB4F5C2F0DEE0E3F6B0BE1C1,,,,,structural_only,classified,,,Source or corpus structure; no independent Stacks object.
fga.182.p209,182,source_page,fga.182,209,209,fr/182.tex:836,en/182.tex:817,AEE42088A9B9E94F4C87220AD68A27C1D7697C3ACB4F5C2F0DEE0E3F6B0BE1C1,,,,,structural_only,classified,,,Source or corpus structure; no independent Stacks object.
fga.182.p210,182,source_page,fga.182,210,210,fr/182.tex:895,en/182.tex:874,AEE42088A9B9E94F4C87220AD68A27C1D7697C3ACB4F5C2F0DEE0E3F6B0BE1C1,,,,,structural_only,classified,,,Source or corpus structure; no independent Stacks object.
fga.182.p211,182,source_page,fga.182,211,211,fr/182.tex:937,en/182.tex:913,AEE42088A9B9E94F4C87220AD68A27C1D7697C3ACB4F5C2F0DEE0E3F6B0BE1C1,,,,,structural_only,classified,,,Source or corpus structure; no independent Stacks object.
fga.182.p212,182,source_page,fga.182,212,212,fr/182.tex:990,en/182.tex:964,AEE42088A9B9E94F4C87220AD68A27C1D7697C3ACB4F5C2F0DEE0E3F6B0BE1C1,,,,,structural_only,classified,,,Source or corpus structure; no independent Stacks object.
fga.182.p213,182,source_page,fga.182,213,213,fr/182.tex:1032,en/182.tex:1005,AEE42088A9B9E94F4C87220AD68A27C1D7697C3ACB4F5C2F0DEE0E3F6B0BE1C1,,,,,structural_only,classified,,,Source or corpus structure; no independent Stacks object.
fga.182.p214,182,source_page,fga.182,214,214,fr/182.tex:1087,en/182.tex:1059,AEE42088A9B9E94F4C87220AD68A27C1D7697C3ACB4F5C2F0DEE0E3F6B0BE1C1,,,,,structural_only,classified,,,Source or corpus structure; no independent Stacks object.
fga.182.p215,182,source_page,fga.182,215,215,fr/182.tex:1134,en/182.tex:1106,AEE42088A9B9E94F4C87220AD68A27C1D7697C3ACB4F5C2F0DEE0E3F6B0BE1C1,,,,,structural_only,classified,,,Source or corpus structure; no independent Stacks object.
fga.182.p216,182,source_page,fga.182,216,216,fr/182.tex:1187,en/182.tex:1159,AEE42088A9B9E94F4C87220AD68A27C1D7697C3ACB4F5C2F0DEE0E3F6B0BE1C1,,,,,structural_only,classified,,,Source or corpus structure; no independent Stacks object.
fga.182.p217,182,source_page,fga.182,217,217,fr/182.tex:1237,en/182.tex:1209,AEE42088A9B9E94F4C87220AD68A27C1D7697C3ACB4F5C2F0DEE0E3F6B0BE1C1,,,,,structural_only,classified,,,Source or corpus structure; no independent Stacks object.
fga.182.p218,182,source_page,fga.182,218,218,fr/182.tex:1302,en/182.tex:1271,AEE42088A9B9E94F4C87220AD68A27C1D7697C3ACB4F5C2F0DEE0E3F6B0BE1C1,,,,,structural_only,classified,,,Source or corpus structure; no independent Stacks object.
fga.182.p219,182,source_page,fga.182,219,219,fr/182.tex:1339,en/182.tex:1307,AEE42088A9B9E94F4C87220AD68A27C1D7697C3ACB4F5C2F0DEE0E3F6B0BE1C1,,,,,structural_only,classified,,,Source or corpus structure; no independent Stacks object.
fga.182.p220,182,source_page,fga.182,220,220,fr/182.tex:1395,en/182.tex:1362,AEE42088A9B9E94F4C87220AD68A27C1D7697C3ACB4F5C2F0DEE0E3F6B0BE1C1,,,,,structural_only,classified,,,Source or corpus structure; no independent Stacks object.
fga.182.s1,182,section,fga.182,193,195,fr/182.tex:8,en/182.tex:8,AEE42088A9B9E94F4C87220AD68A27C1D7697C3ACB4F5C2F0DEE0E3F6B0BE1C1,base-change;coherent-sheaf;finite-type;projectivity;properness;separatedness,coherent-section-coherent-sheaves;coherent-section-cohomology-and-base-change;duality-section-base-change-map;modules-section-coherent;morphisms-section-finite-type;morphisms-section-projective;morphisms-section-proper;schemes-section-valuative-separatedness,01BU;01KY;01T0;01W0;01W7;01XY;02KE;0AA5,D000037,existing_stronger,reviewed_source_and_stacks,schemes-section-affine-schemes;schemes-section-schemes;coherent-lemma-coherent-Noetherian,01HR;01II;01XZ,The modern scheme and coherent-module foundations include nilpotents arbitrary bases fibre products separatedness properness and Noetherian coherence in much greater generality
fga.182.s2,182,section,fga.182,195,196,fr/182.tex:100,en/182.tex:99,AEE42088A9B9E94F4C87220AD68A27C1D7697C3ACB4F5C2F0DEE0E3F6B0BE1C1,coherent-sheaf;finite-type;formal-completion;formal-scheme;projectivity;properness;separatedness,coherent-section-coherent-formal;coherent-section-coherent-sheaves;formal-spaces-section-completion;formal-spaces-section-formal-schemes-EGA;modules-section-coherent;morphisms-section-finite-type;morphisms-section-projective;morphisms-section-proper;schemes-section-valuative-separatedness,01BU;01KY;01T0;01W0;01W7;01XY;0AHY;0AIX;0EHN,D000038,existing_stronger,reviewed_source_and_stacks,formal-spaces-section-formal-schemes-EGA;formal-spaces-section-completion;formal-spaces-section-affine-formal-algebraic-spaces,0AHY;0AIX;0AI6,Stacks develops adic completions and affine formal schemes without restricting to the exposé's Noetherian presentation
fga.182.s3,182,section,fga.182,196,199,fr/182.tex:151,en/182.tex:147,AEE42088A9B9E94F4C87220AD68A27C1D7697C3ACB4F5C2F0DEE0E3F6B0BE1C1,ampleness;coherent-sheaf;cohomology;finite-type;flatness;formal-completion;formal-scheme;projectivity;properness;separatedness;smoothness,coherent-section-coherent-formal;coherent-section-coherent-sheaves;cohomology-section-cech-cohomology-cohomology;formal-spaces-section-completion;formal-spaces-section-formal-schemes-EGA;modules-section-coherent;morphisms-section-finite-type;morphisms-section-flat;morphisms-section-projective;morphisms-section-proper;morphisms-section-relatively-ample;morphisms-section-smooth;properties-section-ample;schemes-section-valuative-separatedness,01BU;01EO;01KY;01PR;01T0;01U2;01V4;01VG;01W0;01W7;01XY;0AHY;0AIX;0EHN,D000039,existing_stronger,reviewed_source_and_stacks,coherent-section-theorem-formal-functions;coherent-section-existence;coherent-theorem-grothendieck-existence,02O7;087V;088E,The three fundamental theorems are represented by formal functions and Grothendieck existence together with coherent formal modules
fga.182.s3.theorem.1,182,theorem,fga.182.s3,196,197,fr/182.tex:165,en/182.tex:161,AEE42088A9B9E94F4C87220AD68A27C1D7697C3ACB4F5C2F0DEE0E3F6B0BE1C1,coherent-sheaf;cohomology;formal-scheme;properness,coherent-section-coherent-sheaves;cohomology-section-cech-cohomology-cohomology;formal-spaces-section-formal-schemes-EGA;modules-section-coherent;morphisms-section-proper,01BU;01EO;01W0;01XY;0AHY,D000040,existing_weaker,reviewed_residual,coherent-theorem-formal-functions;coherent-section-coherent-formal,02OC;0EHN,Stacks proves the inverse-limit and coherence results for completions arising from proper algebraic morphisms but does not state the exposé's arbitrary proper formal-morphism version
fga.182.s3.theorem.1.item.i,182,subitem,fga.182.s3.theorem.1,196,196,fr/182.tex:167,en/182.tex:163,AEE42088A9B9E94F4C87220AD68A27C1D7697C3ACB4F5C2F0DEE0E3F6B0BE1C1,,,,,structural_only,inherits_parent,,,Embedded component; use the parent unit's semantic disposition.
fga.182.s3.theorem.1.item.ii,182,subitem,fga.182.s3.theorem.1,196,196,fr/182.tex:169,en/182.tex:165,AEE42088A9B9E94F4C87220AD68A27C1D7697C3ACB4F5C2F0DEE0E3F6B0BE1C1,,,,,structural_only,inherits_parent,,,Embedded component; use the parent unit's semantic disposition.
fga.182.s3.theorem.1.eq.u.n01,182,equation,fga.182.s3.theorem.1,196,196,fr/182.tex:170,en/182.tex:166,AEE42088A9B9E94F4C87220AD68A27C1D7697C3ACB4F5C2F0DEE0E3F6B0BE1C1,,,,,structural_only,inherits_parent,,,Embedded component; use the parent unit's semantic disposition.
fga.182.s3.theorem.2,182,theorem,fga.182.s3,197,197,fr/182.tex:191,en/182.tex:186,AEE42088A9B9E94F4C87220AD68A27C1D7697C3ACB4F5C2F0DEE0E3F6B0BE1C1,coherent-sheaf,coherent-section-coherent-sheaves;modules-section-coherent,01BU;01XY,D000041,existing_stronger,reviewed_source_and_stacks,coherent-theorem-formal-functions;coherent-proposition-proper-pushforward-coherent,02OC;02O5,Proper pushforward coherence and the theorem on formal functions give exactly the algebraic comparison with a modern derived formulation
fga.182.s3.theorem.2.eq.u.n01,182,equation,fga.182.s3.theorem.2,197,197,fr/182.tex:194,en/182.tex:189,AEE42088A9B9E94F4C87220AD68A27C1D7697C3ACB4F5C2F0DEE0E3F6B0BE1C1,,,,,structural_only,inherits_parent,,,Embedded component; use the parent unit's semantic disposition.
fga.182.s3.corollary.1,182,corollary,fga.182.s3,197,197,fr/182.tex:200,en/182.tex:195,AEE42088A9B9E94F4C87220AD68A27C1D7697C3ACB4F5C2F0DEE0E3F6B0BE1C1,,,,D000042,existing_equivalent,reviewed_combination,coherent-theorem-formal-functions;coherent-lemma-spell-out-theorem-formal-functions,02OC;087U,The explicit inverse-system form of formal functions identifies completed higher direct images with formal cohomology
fga.182.s3.corollary.1.eq.u.n01,182,equation,fga.182.s3.corollary.1,197,197,fr/182.tex:201,en/182.tex:196,AEE42088A9B9E94F4C87220AD68A27C1D7697C3ACB4F5C2F0DEE0E3F6B0BE1C1,,,,,structural_only,inherits_parent,,,Embedded component; use the parent unit's semantic disposition.
fga.182.s3.corollary.2,182,corollary,fga.182.s3,197,197,fr/182.tex:215,en/182.tex:209,AEE42088A9B9E94F4C87220AD68A27C1D7697C3ACB4F5C2F0DEE0E3F6B0BE1C1,coherent-sheaf;finite-type,coherent-section-coherent-sheaves;modules-section-coherent;morphisms-section-finite-type,01BU;01T0;01XY,D000043,existing_equivalent,reviewed_combination,coherent-theorem-formal-functions;coherent-proposition-proper-pushforward-coherent,02OC;02O5,Finite cohomology over an affine Noetherian base and its adic completion are the affine form of formal functions
fga.182.s3.corollary.3,182,corollary,fga.182.s3,197,198,fr/182.tex:223,en/182.tex:217,AEE42088A9B9E94F4C87220AD68A27C1D7697C3ACB4F5C2F0DEE0E3F6B0BE1C1,coherent-sheaf;finite-type;separatedness,coherent-section-coherent-sheaves;modules-section-coherent;morphisms-section-finite-type;schemes-section-valuative-separatedness,01BU;01KY;01T0;01XY,D000044,existing_equivalent,reviewed_combination,coherent-lemma-completion-internal-hom;coherent-lemma-fully-faithful,0882;0883,Completion of internal Hom and full faithfulness give the finite Hom module and its completed formal Hom
fga.182.s3.corollary.3.eq.u.n01,182,equation,fga.182.s3.corollary.3,197,197,fr/182.tex:238,en/182.tex:232,AEE42088A9B9E94F4C87220AD68A27C1D7697C3ACB4F5C2F0DEE0E3F6B0BE1C1,,,,,structural_only,inherits_parent,,,Embedded component; use the parent unit's semantic disposition.
fga.182.s3.theorem.3,182,theorem,fga.182.s3,198,198,fr/182.tex:251,en/182.tex:245,AEE42088A9B9E94F4C87220AD68A27C1D7697C3ACB4F5C2F0DEE0E3F6B0BE1C1,coherent-sheaf;separatedness,coherent-section-coherent-sheaves;modules-section-coherent;schemes-section-valuative-separatedness,01BU;01KY;01XY,D000045,existing_stronger,reviewed_source_and_stacks,coherent-theorem-grothendieck-existence;coherent-remark-reformulate-existence-theorem,088E;088F,Grothendieck existence gives an equivalence between coherent algebraic modules and compatible coherent formal systems in a more flexible proper-support form
fga.182.s3.corollary.1.n02,182,corollary,fga.182.s3,198,198,fr/182.tex:258,en/182.tex:252,AEE42088A9B9E94F4C87220AD68A27C1D7697C3ACB4F5C2F0DEE0E3F6B0BE1C1,coherent-sheaf;formal-scheme,coherent-section-coherent-sheaves;formal-spaces-section-formal-schemes-EGA;modules-section-coherent,01BU;01XY;0AHY,D000046,existing_equivalent,reviewed_source_and_stacks,coherent-lemma-algebraize-formal-closed-subscheme,0899,Stacks explicitly algebraizes compatible formal closed subschemes
fga.182.s3.corollary.2.n02,182,corollary,fga.182.s3,198,198,fr/182.tex:265,en/182.tex:259,AEE42088A9B9E94F4C87220AD68A27C1D7697C3ACB4F5C2F0DEE0E3F6B0BE1C1,formal-scheme;properness;separatedness,formal-spaces-section-formal-schemes-EGA;morphisms-section-proper;schemes-section-valuative-separatedness,01KY;01W0;0AHY,D000047,existing_equivalent,reviewed_combination,coherent-lemma-algebraize-morphism;coherent-lemma-fully-faithful,0A42;0883,Full faithfulness and graph algebraization give the same bijection on morphisms between proper schemes and their completions
fga.182.s3.theorem.4,182,theorem,fga.182.s3,198,199,fr/182.tex:282,en/182.tex:275,AEE42088A9B9E94F4C87220AD68A27C1D7697C3ACB4F5C2F0DEE0E3F6B0BE1C1,ampleness;coherent-sheaf;flatness;formal-completion;formal-scheme;projectivity;properness;smoothness,coherent-section-coherent-formal;coherent-section-coherent-sheaves;formal-spaces-section-completion;formal-spaces-section-formal-schemes-EGA;modules-section-coherent;morphisms-section-flat;morphisms-section-projective;morphisms-section-proper;morphisms-section-relatively-ample;morphisms-section-smooth;properties-section-ample,01BU;01PR;01U2;01V4;01VG;01W0;01W7;01XY;0AHY;0AIX;0EHN,D000320,existing_equivalent,integrated_source,coherent-lemma-algebraize-flat-formal-scheme-H2,,The integrated source algebraizes every flat formal system over a complete Noetherian local ring when the special fibre is projective and its structure sheaf has vanishing second cohomology by lifting an ample invertible sheaf and verifying flatness after algebraization
fga.182.s3.theorem.4.item.i,182,subitem,fga.182.s3.theorem.4,198,198,fr/182.tex:286,en/182.tex:279,AEE42088A9B9E94F4C87220AD68A27C1D7697C3ACB4F5C2F0DEE0E3F6B0BE1C1,,,,,structural_only,inherits_parent,,,Embedded component; use the parent unit's semantic disposition.
fga.182.s3.theorem.4.eq.u.n01,182,equation,fga.182.s3.theorem.4,198,198,fr/182.tex:290,en/182.tex:283,AEE42088A9B9E94F4C87220AD68A27C1D7697C3ACB4F5C2F0DEE0E3F6B0BE1C1,,,,,structural_only,inherits_parent,,,Embedded component; use the parent unit's semantic disposition.
fga.182.s3.theorem.4.item.ii,182,subitem,fga.182.s3.theorem.4,198,198,fr/182.tex:296,en/182.tex:289,AEE42088A9B9E94F4C87220AD68A27C1D7697C3ACB4F5C2F0DEE0E3F6B0BE1C1,,,,,structural_only,inherits_parent,,,Embedded component; use the parent unit's semantic disposition.
fga.182.s3.theorem.4.eq.u.n02,182,equation,fga.182.s3.theorem.4,198,198,fr/182.tex:299,en/182.tex:292,AEE42088A9B9E94F4C87220AD68A27C1D7697C3ACB4F5C2F0DEE0E3F6B0BE1C1,,,,,structural_only,inherits_parent,,,Embedded component; use the parent unit's semantic disposition.
fga.182.s3.theorem.4.item.iii,182,subitem,fga.182.s3.theorem.4,198,198,fr/182.tex:302,en/182.tex:295,AEE42088A9B9E94F4C87220AD68A27C1D7697C3ACB4F5C2F0DEE0E3F6B0BE1C1,,,,,structural_only,inherits_parent,,,Embedded component; use the parent unit's semantic disposition.
fga.182.s4,182,section,fga.182,199,200,fr/182.tex:324,en/182.tex:316,AEE42088A9B9E94F4C87220AD68A27C1D7697C3ACB4F5C2F0DEE0E3F6B0BE1C1,coherent-sheaf;connected-component;finite-type;projectivity;properness;quasi-projectivity;separatedness,coherent-section-coherent-sheaves;modules-section-coherent;more-morphisms-section-connected;morphisms-section-finite-type;morphisms-section-projective;morphisms-section-proper;morphisms-section-quasi-projective;schemes-section-valuative-separatedness;topology-section-connected-components,004R;01BU;01KY;01T0;01VV;01W0;01W7;01XY;055C,D000049,existing_stronger,reviewed_source_and_stacks,more-morphisms-section-stein-factorization;coherent-section-applications-formal-functions;more-morphisms-lemma-quasi-finite-separated-pass-through-finite,03GX;02OF;05K0,Modern Stein factorization and quasi-finite factorization subsume the connectedness and Zariski Main applications
fga.182.s4.theorem.5,182,theorem,fga.182.s4,199,200,fr/182.tex:342,en/182.tex:333,AEE42088A9B9E94F4C87220AD68A27C1D7697C3ACB4F5C2F0DEE0E3F6B0BE1C1,connected-component;properness,more-morphisms-section-connected;morphisms-section-proper;topology-section-connected-components,004R;01W0;055C,D000050,existing_stronger,reviewed_source_and_stacks,more-morphisms-theorem-stein-factorization-Noetherian;more-morphisms-theorem-stein-factorization-general,03H0;03H2,Stacks proves Stein factorization over arbitrary bases with geometrically connected fibres and specializes to the finite Noetherian factor
fga.182.s4.corollary.1,182,corollary,fga.182.s4,200,200,fr/182.tex:356,en/182.tex:346,AEE42088A9B9E94F4C87220AD68A27C1D7697C3ACB4F5C2F0DEE0E3F6B0BE1C1,,,,D000051,existing_equivalent,reviewed_combination,coherent-lemma-proper-finite-fibre-finite-in-neighbourhood;more-morphisms-theorem-stein-factorization-Noetherian,02OH;03H0,The finite-near-a-finite-fibre lemma applied to the Stein factor and its structure-algebra identity gives the isolated-point local isomorphism
fga.182.s4.corollary.2,182,corollary,fga.182.s4,200,200,fr/182.tex:370,en/182.tex:361,AEE42088A9B9E94F4C87220AD68A27C1D7697C3ACB4F5C2F0DEE0E3F6B0BE1C1,projectivity;properness;quasi-projectivity,morphisms-section-projective;morphisms-section-proper;morphisms-section-quasi-projective,01VV;01W0;01W7,D000052,existing_stronger,reviewed_source_and_stacks,coherent-lemma-characterize-finite;more-morphisms-lemma-proper-finite-fibre-finite-in-neighbourhood,02OG;02UP,Stacks states both the Noetherian characterization and the general neighbourhood form of proper plus finite fibres implying finite
fga.182.s4.theorem.6,182,theorem,fga.182.s4,200,200,fr/182.tex:383,en/182.tex:374,AEE42088A9B9E94F4C87220AD68A27C1D7697C3ACB4F5C2F0DEE0E3F6B0BE1C1,finite-type;projectivity;quasi-projectivity;separatedness,morphisms-section-finite-type;morphisms-section-projective;morphisms-section-quasi-projective;schemes-section-valuative-separatedness,01KY;01T0;01VV;01W7,D000053,existing_stronger,reviewed_source_and_stacks,morphisms-lemma-quasi-finite-points-open;more-morphisms-lemma-quasi-finite-separated-pass-through-finite,01TI;05K0,The quasi-finite locus is open and every separated quasi-finite morphism factors as an open immersion into a finite morphism without the exposé's Noetherian restriction
fga.182.s5,182,section,fga.182,200,203,fr/182.tex:395,en/182.tex:386,AEE42088A9B9E94F4C87220AD68A27C1D7697C3ACB4F5C2F0DEE0E3F6B0BE1C1,coherent-sheaf;cohomology;flatness;projectivity;properness,coherent-section-coherent-sheaves;cohomology-section-cech-cohomology-cohomology;modules-section-coherent;morphisms-section-flat;morphisms-section-projective;morphisms-section-proper,01BU;01EO;01U2;01W0;01W7;01XY,D000054,existing_stronger,reviewed_source_and_stacks,coherent-section-cohomology-and-base-change-perfect;perfect-section-cohomology-and-base-change-final,07VJ;0A1G,Perfect direct-image complexes encode all fibre cohomology and arbitrary base change used in the section
fga.182.s5.eq.u.n01,182,equation,fga.182.s5,200,200,fr/182.tex:406,en/182.tex:396,AEE42088A9B9E94F4C87220AD68A27C1D7697C3ACB4F5C2F0DEE0E3F6B0BE1C1,,,,,structural_only,inherits_parent,,,Embedded component; use the parent unit's semantic disposition.
fga.182.s5.eq.u.n02,182,equation,fga.182.s5,200,200,fr/182.tex:417,en/182.tex:407,AEE42088A9B9E94F4C87220AD68A27C1D7697C3ACB4F5C2F0DEE0E3F6B0BE1C1,,,,,structural_only,inherits_parent,,,Embedded component; use the parent unit's semantic disposition.
fga.182.s5.proposition.1,182,proposition,fga.182.s5,201,201,fr/182.tex:424,en/182.tex:414,AEE42088A9B9E94F4C87220AD68A27C1D7697C3ACB4F5C2F0DEE0E3F6B0BE1C1,coherent-sheaf;flatness;properness,coherent-section-coherent-sheaves;modules-section-coherent;morphisms-section-flat;morphisms-section-proper,01BU;01U2;01W0;01XY,D000055,existing_stronger,reviewed_combination,coherent-lemma-perfect-direct-image;coherent-remark-explain-perfect-direct-image,07VK;07VL,A finite complex of finite projective modules computing every base change gives the stated vanishing and preceding-degree surjectivity by elementary complex algebra
fga.182.s5.proposition.1.eq.u.n01,182,equation,fga.182.s5.proposition.1,201,201,fr/182.tex:428,en/182.tex:418,AEE42088A9B9E94F4C87220AD68A27C1D7697C3ACB4F5C2F0DEE0E3F6B0BE1C1,,,,,structural_only,inherits_parent,,,Embedded component; use the parent unit's semantic disposition.
fga.182.s5.theorem.7,182,theorem,fga.182.s5,201,201,fr/182.tex:439,en/182.tex:429,AEE42088A9B9E94F4C87220AD68A27C1D7697C3ACB4F5C2F0DEE0E3F6B0BE1C1,coherent-sheaf;flatness;properness,coherent-section-coherent-sheaves;modules-section-coherent;morphisms-section-flat;morphisms-section-proper,01BU;01U2;01W0;01XY,D000056,existing_equivalent,reviewed_combination,coherent-lemma-perfect-direct-image;coherent-remark-explain-perfect-direct-image,07VK;07VL,The perfect base-change complex for internal Hom makes fibrewise Hom lift when the next cohomology group vanishes
fga.182.s5.theorem.7.eq.u.n01,182,equation,fga.182.s5.theorem.7,201,201,fr/182.tex:441,en/182.tex:431,AEE42088A9B9E94F4C87220AD68A27C1D7697C3ACB4F5C2F0DEE0E3F6B0BE1C1,,,,,structural_only,inherits_parent,,,Embedded component; use the parent unit's semantic disposition.
fga.182.s5.theorem.7.eq.u.n02,182,equation,fga.182.s5.theorem.7,201,201,fr/182.tex:446,en/182.tex:436,AEE42088A9B9E94F4C87220AD68A27C1D7697C3ACB4F5C2F0DEE0E3F6B0BE1C1,,,,,structural_only,inherits_parent,,,Embedded component; use the parent unit's semantic disposition.
fga.182.s5.corollary.u.n01,182,corollary,fga.182.s5,201,202,fr/182.tex:452,en/182.tex:442,AEE42088A9B9E94F4C87220AD68A27C1D7697C3ACB4F5C2F0DEE0E3F6B0BE1C1,,,,D000105,existing_equivalent,reviewed_combination,coherent-lemma-perfect-direct-image,07VK,The lifted map from the perfect base-change calculation retains isomorphism monomorphism or epimorphism after shrinking by the elementary open-locus argument
fga.182.s5.corollary.2,182,corollary,fga.182.s5,202,202,fr/182.tex:458,en/182.tex:448,AEE42088A9B9E94F4C87220AD68A27C1D7697C3ACB4F5C2F0DEE0E3F6B0BE1C1,coherent-sheaf,coherent-section-coherent-sheaves;modules-section-coherent,01BU;01XY,D000058,existing_equivalent,reviewed_combination,coherent-lemma-perfect-direct-image;coherent-remark-explain-perfect-direct-image,07VK;07VL,Applying the Hom-lifting calculation in both directions yields local uniqueness of vector bundles under H1 End vanishing
fga.182.s5.corollary.2.eq.u.n01,182,equation,fga.182.s5.corollary.2,202,202,fr/182.tex:460,en/182.tex:450,AEE42088A9B9E94F4C87220AD68A27C1D7697C3ACB4F5C2F0DEE0E3F6B0BE1C1,,,,,structural_only,inherits_parent,,,Embedded component; use the parent unit's semantic disposition.
fga.182.s5.corollary.3,182,corollary,fga.182.s5,202,202,fr/182.tex:468,en/182.tex:458,AEE42088A9B9E94F4C87220AD68A27C1D7697C3ACB4F5C2F0DEE0E3F6B0BE1C1,,,,D000059,existing_equivalent,reviewed_combination,coherent-lemma-perfect-direct-image;coherent-remark-explain-perfect-direct-image,07VK;07VL,The rank-one case of local vector-bundle uniqueness is exactly the stated H1 of the structure sheaf criterion
fga.182.s5.proposition.2,182,proposition,fga.182.s5,202,202,fr/182.tex:474,en/182.tex:464,AEE42088A9B9E94F4C87220AD68A27C1D7697C3ACB4F5C2F0DEE0E3F6B0BE1C1,coherent-sheaf;projectivity,coherent-section-coherent-sheaves;modules-section-coherent;morphisms-section-projective,01BU;01W7;01XY,D000315,existing_weaker,integrated_source,more-morphisms-lemma-picard-group-projective-bundle,,The new source proves Pic of a projective bundle is Pic of the connected base direct sum Z with unique decomposition and recovery by pushforward under the necessary rank-at-least-two hypothesis; the literal rank-one source statement is false and is preserved in I000008
fga.182.s5.proposition.2.eq.u.n01,182,equation,fga.182.s5.proposition.2,202,202,fr/182.tex:479,en/182.tex:468,AEE42088A9B9E94F4C87220AD68A27C1D7697C3ACB4F5C2F0DEE0E3F6B0BE1C1,,,,,structural_only,inherits_parent,,,Embedded component; use the parent unit's semantic disposition.
fga.182.s5.corollary.u.n02,182,corollary,fga.182.s5,202,203,fr/182.tex:491,en/182.tex:480,AEE42088A9B9E94F4C87220AD68A27C1D7697C3ACB4F5C2F0DEE0E3F6B0BE1C1,cohomology,cohomology-section-cech-cohomology-cohomology,01EO,D000316,existing_weaker,integrated_source,more-morphisms-lemma-automorphisms-projective-bundle,,The new source classifies projective-bundle automorphisms by the exact scalar linear projective and twisting sequence and proves the twisting classes are rank-torsion under the necessary rank-at-least-two hypothesis inherited from I000008
fga.182.s5.corollary.u.n02.eq.u.n01,182,equation,fga.182.s5.corollary.u.n02,202,202,fr/182.tex:494,en/182.tex:484,AEE42088A9B9E94F4C87220AD68A27C1D7697C3ACB4F5C2F0DEE0E3F6B0BE1C1,,,,,structural_only,inherits_parent,,,Embedded component; use the parent unit's semantic disposition.
fga.182.s5.corollary.u.n02.eq.u.n02,182,equation,fga.182.s5.corollary.u.n02,202,202,fr/182.tex:504,en/182.tex:494,AEE42088A9B9E94F4C87220AD68A27C1D7697C3ACB4F5C2F0DEE0E3F6B0BE1C1,,,,,structural_only,inherits_parent,,,Embedded component; use the parent unit's semantic disposition.
fga.182.s5.corollary.u.n02.eq.u.n03,182,equation,fga.182.s5.corollary.u.n02,202,202,fr/182.tex:512,en/182.tex:502,AEE42088A9B9E94F4C87220AD68A27C1D7697C3ACB4F5C2F0DEE0E3F6B0BE1C1,,,,,structural_only,inherits_parent,,,Embedded component; use the parent unit's semantic disposition.
fga.182.s6,182,section,fga.182,203,207,fr/182.tex:522,en/182.tex:512,AEE42088A9B9E94F4C87220AD68A27C1D7697C3ACB4F5C2F0DEE0E3F6B0BE1C1,coherent-sheaf;existence-theorem;finite-type;flatness;formal-scheme;projectivity;properness;quotient;separatedness;smoothness,coherent-section-coherent-sheaves;coherent-section-existence;coherent-section-existence-proper;formal-spaces-section-formal-schemes-EGA;groupoids-quotients-section-categorical;groupoids-quotients-section-geometric;groupoids-section-finite-flat-general;modules-section-coherent;morphisms-section-finite-type;morphisms-section-flat;morphisms-section-projective;morphisms-section-proper;morphisms-section-smooth;schemes-section-valuative-separatedness,01BU;01KY;01T0;01U2;01V4;01W0;01W7;01XY;03JD;048I;04AD;087V;0886;0AHY,D000062,existing_stronger,reviewed_source_and_stacks,cotangent-section-deformations-ringed-spaces;coherent-theorem-grothendieck-existence,08UX;088E,Cotangent-complex obstruction theory and Grothendieck existence provide the modern common framework for all infinitesimal and formal lifting arguments in the section
fga.182.s6.proposition.3,182,proposition,fga.182.s6,203,203,fr/182.tex:534,en/182.tex:523,AEE42088A9B9E94F4C87220AD68A27C1D7697C3ACB4F5C2F0DEE0E3F6B0BE1C1,flatness;formal-scheme;properness,formal-spaces-section-formal-schemes-EGA;morphisms-section-flat;morphisms-section-proper,01U2;01W0;0AHY,D000063,existing_stronger,reviewed_combination,defos-lemma-canonical-class-obstruction;coherent-theorem-grothendieck-existence,0DIW;088E,The canonical Ext2 obstruction for lifting a perfect module and Grothendieck existence recover the iterative vector-bundle lift while Ext1 controls uniqueness
fga.182.s6.proposition.3.eq.u.n01,182,equation,fga.182.s6.proposition.3,203,203,fr/182.tex:536,en/182.tex:525,AEE42088A9B9E94F4C87220AD68A27C1D7697C3ACB4F5C2F0DEE0E3F6B0BE1C1,,,,,structural_only,inherits_parent,,,Embedded component; use the parent unit's semantic disposition.
fga.182.s6.proposition.3.eq.u.n02,182,equation,fga.182.s6.proposition.3,203,203,fr/182.tex:547,en/182.tex:536,AEE42088A9B9E94F4C87220AD68A27C1D7697C3ACB4F5C2F0DEE0E3F6B0BE1C1,,,,,structural_only,inherits_parent,,,Embedded component; use the parent unit's semantic disposition.
fga.182.s6.corollary.1,182,corollary,fga.182.s6,203,204,fr/182.tex:554,en/182.tex:542,AEE42088A9B9E94F4C87220AD68A27C1D7697C3ACB4F5C2F0DEE0E3F6B0BE1C1,finite-type;flatness;properness;smoothness,morphisms-section-finite-type;morphisms-section-flat;morphisms-section-proper;morphisms-section-smooth,01T0;01U2;01V4;01W0,D000064,existing_equivalent,reviewed_combination,defos-lemma-canonical-class-obstruction;coherent-theorem-grothendieck-existence,0DIW;088E,Iterated vanishing of the vector-bundle obstruction followed by Grothendieck existence gives the algebraic existence and uniqueness statement
fga.182.s6.corollary.1.item.i,182,subitem,fga.182.s6.corollary.1,203,203,fr/182.tex:569,en/182.tex:556,AEE42088A9B9E94F4C87220AD68A27C1D7697C3ACB4F5C2F0DEE0E3F6B0BE1C1,,,,,structural_only,inherits_parent,,,Embedded component; use the parent unit's semantic disposition.
fga.182.s6.corollary.1.item.ii,182,subitem,fga.182.s6.corollary.1,203,203,fr/182.tex:570,en/182.tex:557,AEE42088A9B9E94F4C87220AD68A27C1D7697C3ACB4F5C2F0DEE0E3F6B0BE1C1,,,,,structural_only,inherits_parent,,,Embedded component; use the parent unit's semantic disposition.
fga.182.s6.corollary.1.eq.u.n01,182,equation,fga.182.s6.corollary.1,203,203,fr/182.tex:579,en/182.tex:566,AEE42088A9B9E94F4C87220AD68A27C1D7697C3ACB4F5C2F0DEE0E3F6B0BE1C1,,,,,structural_only,inherits_parent,,,Embedded component; use the parent unit's semantic disposition.
fga.182.s6.theorem.8,182,theorem,fga.182.s6,204,204,fr/182.tex:587,en/182.tex:574,AEE42088A9B9E94F4C87220AD68A27C1D7697C3ACB4F5C2F0DEE0E3F6B0BE1C1,finite-type;flatness;smoothness,morphisms-section-finite-type;morphisms-section-flat;morphisms-section-smooth,01T0;01U2;01V4,D000065,existing_stronger,reviewed_combination,cotangent-lemma-find-obstruction-ringed-spaces;more-morphisms-lemma-smooth-formally-smooth,08UZ;02H6,Smoothness identifies the cotangent complex with a locally free differential module and affineness kills higher obstruction and ambiguity cohomology
fga.182.s6.theorem.8.eq.u.n01,182,equation,fga.182.s6.theorem.8,204,204,fr/182.tex:607,en/182.tex:594,AEE42088A9B9E94F4C87220AD68A27C1D7697C3ACB4F5C2F0DEE0E3F6B0BE1C1,,,,,structural_only,inherits_parent,,,Embedded component; use the parent unit's semantic disposition.
fga.182.s6.theorem.8.eq.u.n02,182,equation,fga.182.s6.theorem.8,204,204,fr/182.tex:614,en/182.tex:601,AEE42088A9B9E94F4C87220AD68A27C1D7697C3ACB4F5C2F0DEE0E3F6B0BE1C1,,,,,structural_only,inherits_parent,,,Embedded component; use the parent unit's semantic disposition.
fga.182.s6.corollary.1.n02,182,corollary,fga.182.s6,204,205,fr/182.tex:620,en/182.tex:607,AEE42088A9B9E94F4C87220AD68A27C1D7697C3ACB4F5C2F0DEE0E3F6B0BE1C1,finite-type;flatness;quotient;smoothness,groupoids-quotients-section-categorical;groupoids-quotients-section-geometric;groupoids-section-finite-flat-general;morphisms-section-finite-type;morphisms-section-flat;morphisms-section-smooth,01T0;01U2;01V4;03JD;048I;04AD,D000066,existing_stronger,reviewed_combination,cotangent-lemma-find-obstruction-ringed-spaces;cotangent-lemma-when-projective,08UZ;08R5,The cotangent-complex obstruction lies in H2 of the tangent sheaf for a smooth scheme and its vanishing supplies each Artinian lift
fga.182.s6.corollary.1.n02.eq.u.n01,182,equation,fga.182.s6.corollary.1.n02,204,204,fr/182.tex:628,en/182.tex:615,AEE42088A9B9E94F4C87220AD68A27C1D7697C3ACB4F5C2F0DEE0E3F6B0BE1C1,,,,,structural_only,inherits_parent,,,Embedded component; use the parent unit's semantic disposition.
fga.182.s6.corollary.2,182,corollary,fga.182.s6,205,205,fr/182.tex:648,en/182.tex:635,AEE42088A9B9E94F4C87220AD68A27C1D7697C3ACB4F5C2F0DEE0E3F6B0BE1C1,finite-type;flatness;smoothness,morphisms-section-finite-type;morphisms-section-flat;morphisms-section-smooth,01T0;01U2;01V4,D000067,existing_equivalent,reviewed_source_and_stacks,cotangent-lemma-find-obstruction-ringed-spaces;defos-lemma-deform,08UZ;0D14,Modern deformation theory states that lift classes form a torsor under Ext1 which specializes here to H1 of the tangent sheaf tensor the square-zero ideal
fga.182.s6.corollary.2.eq.u.n01,182,equation,fga.182.s6.corollary.2,205,205,fr/182.tex:656,en/182.tex:643,AEE42088A9B9E94F4C87220AD68A27C1D7697C3ACB4F5C2F0DEE0E3F6B0BE1C1,,,,,structural_only,inherits_parent,,,Embedded component; use the parent unit's semantic disposition.
fga.182.s6.corollary.3,182,corollary,fga.182.s6,205,205,fr/182.tex:664,en/182.tex:650,AEE42088A9B9E94F4C87220AD68A27C1D7697C3ACB4F5C2F0DEE0E3F6B0BE1C1,finite-type;flatness;formal-scheme;smoothness,formal-spaces-section-formal-schemes-EGA;morphisms-section-finite-type;morphisms-section-flat;morphisms-section-smooth,01T0;01U2;01V4;0AHY,D000068,existing_equivalent,reviewed_combination,cotangent-lemma-find-obstruction-ringed-spaces;defos-lemma-deform,08UZ;0D14,Vanishing of the Ext1 or H1 tangent torsor gives uniqueness over successive Artinian thickenings
fga.182.s6.theorem.9,182,theorem,fga.182.s6,205,206,fr/182.tex:674,en/182.tex:660,AEE42088A9B9E94F4C87220AD68A27C1D7697C3ACB4F5C2F0DEE0E3F6B0BE1C1,finite-type;flatness;formal-scheme;smoothness,formal-spaces-section-formal-schemes-EGA;morphisms-section-finite-type;morphisms-section-flat;morphisms-section-smooth,01T0;01U2;01V4;0AHY,D000069,existing_equivalent,reviewed_combination,cotangent-lemma-find-obstruction-ringed-spaces;formal-spaces-section-formal-schemes-EGA,08UZ;0AHY,Successive square-zero obstruction and torsor calculations assemble into the stated complete-local formal existence and uniqueness criteria
fga.182.s6.theorem.9.item.i,182,subitem,fga.182.s6.theorem.9,205,205,fr/182.tex:680,en/182.tex:667,AEE42088A9B9E94F4C87220AD68A27C1D7697C3ACB4F5C2F0DEE0E3F6B0BE1C1,,,,,structural_only,inherits_parent,,,Embedded component; use the parent unit's semantic disposition.
fga.182.s6.theorem.9.item.ii,182,subitem,fga.182.s6.theorem.9,205,205,fr/182.tex:682,en/182.tex:669,AEE42088A9B9E94F4C87220AD68A27C1D7697C3ACB4F5C2F0DEE0E3F6B0BE1C1,,,,,structural_only,inherits_parent,,,Embedded component; use the parent unit's semantic disposition.
fga.182.s6.corollary.1.n03,182,corollary,fga.182.s6,206,206,fr/182.tex:687,en/182.tex:674,AEE42088A9B9E94F4C87220AD68A27C1D7697C3ACB4F5C2F0DEE0E3F6B0BE1C1,flatness;properness,morphisms-section-flat;morphisms-section-proper,01U2;01W0,D000070,existing_equivalent,reviewed_combination,cotangent-lemma-find-obstruction-ringed-spaces;coherent-theorem-grothendieck-existence;coherent-lemma-algebraize-morphism,08UZ;088E;0A42,Formal uniqueness followed by algebraization of objects and morphisms gives uniqueness for proper algebraic deformations
fga.182.s6.corollary.2.n02,182,corollary,fga.182.s6,206,206,fr/182.tex:694,en/182.tex:681,AEE42088A9B9E94F4C87220AD68A27C1D7697C3ACB4F5C2F0DEE0E3F6B0BE1C1,flatness;projectivity;properness,morphisms-section-flat;morphisms-section-projective;morphisms-section-proper,01U2;01W0;01W7,D000317,existing_equivalent,integrated_source,defos-lemma-projective-space-rigid-complete-local,,The integrated source proves that every proper flat deformation of projective n-space over a complete Noetherian local ring is trivial by compatible infinitesimal rigidity and algebraization including the dimension-zero case
fga.182.s6.corollary.3.n02,182,corollary,fga.182.s6,206,206,fr/182.tex:700,en/182.tex:688,AEE42088A9B9E94F4C87220AD68A27C1D7697C3ACB4F5C2F0DEE0E3F6B0BE1C1,flatness;projectivity;smoothness,morphisms-section-flat;morphisms-section-projective;morphisms-section-smooth,01U2;01V4;01W7,D000318,existing_equivalent,integrated_source,defos-lemma-projective-lift-complete-local,,The integrated source lifts a smooth projective scheme over every complete Noetherian local base when the second cohomology of its structure and tangent sheaves vanishes by combining cotangent obstructions Picard lifting algebraization and formal flatness
fga.182.s6.corollary.3.n02.eq.u.n01,182,equation,fga.182.s6.corollary.3.n02,206,206,fr/182.tex:702,en/182.tex:690,AEE42088A9B9E94F4C87220AD68A27C1D7697C3ACB4F5C2F0DEE0E3F6B0BE1C1,,,,,structural_only,inherits_parent,,,Embedded component; use the parent unit's semantic disposition.
fga.182.s6.corollary.4,182,corollary,fga.182.s6,206,206,fr/182.tex:710,en/182.tex:698,AEE42088A9B9E94F4C87220AD68A27C1D7697C3ACB4F5C2F0DEE0E3F6B0BE1C1,smoothness,morphisms-section-smooth,01V4,D000319,existing_equivalent,integrated_source,defos-lemma-smooth-proper-curve-lift-complete-local,,The integrated curve corollary uses dimension-one projectivity and cohomological vanishing to produce a smooth projective lift over every complete Noetherian local ring with the given residue field
fga.182.s6.remark.u.n01,182,remark,fga.182.s6,206,207,fr/182.tex:715,en/182.tex:703,AEE42088A9B9E94F4C87220AD68A27C1D7697C3ACB4F5C2F0DEE0E3F6B0BE1C1,flatness;projectivity;properness;smoothness,morphisms-section-flat;morphisms-section-projective;morphisms-section-proper;morphisms-section-smooth,01U2;01V4;01W0;01W7,D000074,historical_reference,reviewed_historical,smoothing-theorem-approximation-property;coherent-theorem-grothendieck-existence;more-morphisms-lemma-deform-projective,07QY;088E;0D4F,The remarks and 1962 supplements record conjectures counterexamples and later approximation questions whose modern descendants are distributed across algebraization approximation and deformation results
fga.182.s6.remark.u.n01.item.1,182,subitem,fga.182.s6.remark.u.n01,206,206,fr/182.tex:716,en/182.tex:704,AEE42088A9B9E94F4C87220AD68A27C1D7697C3ACB4F5C2F0DEE0E3F6B0BE1C1,,,,,structural_only,inherits_parent,,,Embedded component; use the parent unit's semantic disposition.
fga.182.s6.remark.u.n01.item.2,182,subitem,fga.182.s6.remark.u.n01,206,206,fr/182.tex:736,en/182.tex:723,AEE42088A9B9E94F4C87220AD68A27C1D7697C3ACB4F5C2F0DEE0E3F6B0BE1C1,,,,,structural_only,inherits_parent,,,Embedded component; use the parent unit's semantic disposition.
fga.182.s6.remark.u.n01.item.3,182,subitem,fga.182.s6.remark.u.n01,207,207,fr/182.tex:745,en/182.tex:732,AEE42088A9B9E94F4C87220AD68A27C1D7697C3ACB4F5C2F0DEE0E3F6B0BE1C1,,,,,structural_only,inherits_parent,,,Embedded component; use the parent unit's semantic disposition.
fga.182.s7,182,section,fga.182,207,209,fr/182.tex:774,en/182.tex:760,AEE42088A9B9E94F4C87220AD68A27C1D7697C3ACB4F5C2F0DEE0E3F6B0BE1C1,base-change;flatness;formal-scheme;picard-scheme;projectivity;properness;smoothness,coherent-section-cohomology-and-base-change;duality-section-base-change-map;formal-spaces-section-formal-schemes-EGA;morphisms-section-flat;morphisms-section-projective;morphisms-section-proper;morphisms-section-smooth;pic-section-picard-curve;pic-section-representability,01U2;01V4;01W0;01W7;02KE;0AA5;0AHY;0B9P;0B9R,D000075,existing_stronger,reviewed_source_and_stacks,formal-defos-section-schlessingers-theorem;formal-defos-section-miniversal-objects-existence,06JK;06IL,Stacks develops a general functorial and groupoid-valued formal deformation framework far beyond the section's set-valued moduli sketch
fga.182.s7.eq.star,182,equation,fga.182.s7,208,208,fr/182.tex:801,en/182.tex:785,AEE42088A9B9E94F4C87220AD68A27C1D7697C3ACB4F5C2F0DEE0E3F6B0BE1C1,,,,,structural_only,inherits_parent,,,Embedded component; use the parent unit's semantic disposition.
fga.182.s7.theorem.10,182,theorem,fga.182.s7,209,209,fr/182.tex:854,en/182.tex:834,AEE42088A9B9E94F4C87220AD68A27C1D7697C3ACB4F5C2F0DEE0E3F6B0BE1C1,formal-scheme;picard-scheme;projectivity;properness;smoothness,formal-spaces-section-formal-schemes-EGA;morphisms-section-projective;morphisms-section-proper;morphisms-section-smooth;pic-section-picard-curve;pic-section-representability,01V4;01W0;01W7;0AHY;0B9P;0B9R,D000329,existing_equivalent,integrated_source,examples-defos-lemma-proper-smooth-formal-moduli-unobstructed,,The integrated source applies scheme-deformation prorepresentability and cotangent obstructions to show that H0 tangent vanishing removes infinitesimal automorphisms while H2 tangent vanishing makes the functor smooth; its universal ring is the power-series ring on the H1 tangent space
fga.182.s7.theorem.10.eq.u.n01,182,equation,fga.182.s7.theorem.10,209,209,fr/182.tex:856,en/182.tex:836,AEE42088A9B9E94F4C87220AD68A27C1D7697C3ACB4F5C2F0DEE0E3F6B0BE1C1,,,,,structural_only,inherits_parent,,,Embedded component; use the parent unit's semantic disposition.
fga.182.s8,182,section,fga.182,209,220,fr/182.tex:874,en/182.tex:853,AEE42088A9B9E94F4C87220AD68A27C1D7697C3ACB4F5C2F0DEE0E3F6B0BE1C1,coherent-sheaf;connected-component;existence-theorem;finite-type;flatness;formal-completion;frobenius-radicial;fundamental-group;galois-cover;normality;projectivity;properness;quotient;smoothness;tame-ramification,coherent-section-coherent-formal;coherent-section-coherent-sheaves;coherent-section-existence;coherent-section-existence-proper;formal-spaces-section-completion;groupoids-quotients-section-categorical;groupoids-quotients-section-geometric;groupoids-section-finite-flat-general;modules-section-coherent;more-morphisms-section-connected;more-morphisms-section-normal;morphisms-section-finite-type;morphisms-section-flat;morphisms-section-projective;morphisms-section-proper;morphisms-section-radicial;morphisms-section-smooth;pione-section-finite-etale-under-galois;pione-section-fundamental-groups;pione-section-tame;properties-section-normal;topology-section-connected-components;varieties-section-frobenius,004R;01BU;01S2;01T0;01U2;01V4;01W0;01W7;01XY;033H;038Z;03JD;03SF;048I;04AD;055C;087V;0886;0AIX;0BQ8;0BSE;0CC6;0EHN,D000077,existing_stronger,reviewed_source_and_stacks,pione-section-finite-etale;pione-section-fundamental-groups;pione-section-homotopy-exact-sequence,0BL6;0BQ8;0BUM,The modern fundamental-groups chapter supplies the finite-etale Galois category and the homotopy and specialization machinery used throughout the section
fga.182.s8.item.i,182,subitem,fga.182.s8,209,209,fr/182.tex:884,en/182.tex:863,AEE42088A9B9E94F4C87220AD68A27C1D7697C3ACB4F5C2F0DEE0E3F6B0BE1C1,,,,,structural_only,inherits_parent,,,Embedded component; use the parent unit's semantic disposition.
fga.182.s8.item.ii,182,subitem,fga.182.s8,209,209,fr/182.tex:886,en/182.tex:865,AEE42088A9B9E94F4C87220AD68A27C1D7697C3ACB4F5C2F0DEE0E3F6B0BE1C1,,,,,structural_only,inherits_parent,,,Embedded component; use the parent unit's semantic disposition.
fga.182.s8.item.iii,182,subitem,fga.182.s8,209,209,fr/182.tex:887,en/182.tex:866,AEE42088A9B9E94F4C87220AD68A27C1D7697C3ACB4F5C2F0DEE0E3F6B0BE1C1,,,,,structural_only,inherits_parent,,,Embedded component; use the parent unit's semantic disposition.
fga.182.s8.eq.u.n01,182,equation,fga.182.s8,209,209,fr/182.tex:888,en/182.tex:867,AEE42088A9B9E94F4C87220AD68A27C1D7697C3ACB4F5C2F0DEE0E3F6B0BE1C1,,,,,structural_only,inherits_parent,,,Embedded component; use the parent unit's semantic disposition.
fga.182.s8.lemma.1,182,lemma,fga.182.s8,211,211,fr/182.tex:946,en/182.tex:921,AEE42088A9B9E94F4C87220AD68A27C1D7697C3ACB4F5C2F0DEE0E3F6B0BE1C1,,,,D000078,existing_equivalent,reviewed_combination,pione-theorem-fundamental-group;pione-lemma-functoriality-galois-injective,0BND;0BN7,Under the equivalence with finite continuous pi1-sets the pointed connected cover corresponds to the orbit with fundamental group equal to the marked-point stabilizer
fga.182.s8.lemma.2,182,lemma,fga.182.s8,211,211,fr/182.tex:952,en/182.tex:927,AEE42088A9B9E94F4C87220AD68A27C1D7697C3ACB4F5C2F0DEE0E3F6B0BE1C1,frobenius-radicial,morphisms-section-radicial;varieties-section-frobenius,01S2;0CC6,D000079,existing_stronger,reviewed_source_and_stacks,pione-proposition-universal-homeomorphism;pione-lemma-perfection,0BQN;0BTW,Topological invariance proves equivalence of finite-etale categories for every universal homeomorphism and includes purely inseparable field extensions
fga.182.s8.lemma.3,182,lemma,fga.182.s8,211,212,fr/182.tex:963,en/182.tex:937,AEE42088A9B9E94F4C87220AD68A27C1D7697C3ACB4F5C2F0DEE0E3F6B0BE1C1,quotient,groupoids-quotients-section-categorical;groupoids-quotients-section-geometric;groupoids-section-finite-flat-general,03JD;048I;04AD,D000080,existing_stronger,reviewed_combination,pione-lemma-finite-etale-on-proper-over-henselian;pione-lemma-ses-field,0A48;0BTX,Finite-etale invariance over a henselian Artinian base and the arithmetic exact sequence give the geometric-triviality characterization
fga.182.s8.lemma.3.item.i,182,subitem,fga.182.s8.lemma.3,211,211,fr/182.tex:975,en/182.tex:949,AEE42088A9B9E94F4C87220AD68A27C1D7697C3ACB4F5C2F0DEE0E3F6B0BE1C1,,,,,structural_only,inherits_parent,,,Embedded component; use the parent unit's semantic disposition.
fga.182.s8.lemma.3.item.ii,182,subitem,fga.182.s8.lemma.3,211,211,fr/182.tex:977,en/182.tex:951,AEE42088A9B9E94F4C87220AD68A27C1D7697C3ACB4F5C2F0DEE0E3F6B0BE1C1,,,,,structural_only,inherits_parent,,,Embedded component; use the parent unit's semantic disposition.
fga.182.s8.lemma.3.item.i-bis,182,subitem,fga.182.s8.lemma.3,211,211,fr/182.tex:984,en/182.tex:958,AEE42088A9B9E94F4C87220AD68A27C1D7697C3ACB4F5C2F0DEE0E3F6B0BE1C1,,,,,structural_only,inherits_parent,,,Embedded component; use the parent unit's semantic disposition.
fga.182.s8.lemma.4,182,lemma,fga.182.s8,212,212,fr/182.tex:991,en/182.tex:965,AEE42088A9B9E94F4C87220AD68A27C1D7697C3ACB4F5C2F0DEE0E3F6B0BE1C1,properness,morphisms-section-proper,01W0,D000321,existing_stronger,integrated_source,pione-lemma-pi1-surjective-pushforward-structure-sheaf,,The integrated source proves surjectivity on fundamental groups from the structure-sheaf pushforward identity for every quasi-compact quasi-separated morphism of connected schemes and therefore strengthens the historical proper-morphism criterion
fga.182.s8.lemma.5,182,lemma,fga.182.s8,212,212,fr/182.tex:1003,en/182.tex:976,AEE42088A9B9E94F4C87220AD68A27C1D7697C3ACB4F5C2F0DEE0E3F6B0BE1C1,frobenius-radicial,morphisms-section-radicial;varieties-section-frobenius,01S2;0CC6,D000082,existing_stronger,reviewed_source_and_stacks,pione-lemma-ses-field,0BTX,Stacks proves the geometric-arithmetic short exact sequence for every quasi-compact quasi-separated scheme with geometrically connected base change
fga.182.s8.lemma.5.eq.u.n01,182,equation,fga.182.s8.lemma.5,212,212,fr/182.tex:1009,en/182.tex:982,AEE42088A9B9E94F4C87220AD68A27C1D7697C3ACB4F5C2F0DEE0E3F6B0BE1C1,,,,,structural_only,inherits_parent,,,Embedded component; use the parent unit's semantic disposition.
fga.182.s8.proposition.4,182,proposition,fga.182.s8,212,213,fr/182.tex:1021,en/182.tex:994,AEE42088A9B9E94F4C87220AD68A27C1D7697C3ACB4F5C2F0DEE0E3F6B0BE1C1,flatness;properness,morphisms-section-flat;morphisms-section-proper,01U2;01W0,D000083,existing_stronger,reviewed_source_and_stacks,pione-lemma-stein-factorization-etale,0BUN,Stacks states directly that the Stein factor is finite etale for a proper flat finitely presented morphism with geometrically reduced fibres
fga.182.s8.remark.u.n01,182,remark,fga.182.s8,213,213,fr/182.tex:1038,en/182.tex:1011,AEE42088A9B9E94F4C87220AD68A27C1D7697C3ACB4F5C2F0DEE0E3F6B0BE1C1,connected-component;finite-type;flatness;normality;properness;smoothness,more-morphisms-section-connected;more-morphisms-section-normal;morphisms-section-finite-type;morphisms-section-flat;morphisms-section-proper;morphisms-section-smooth;properties-section-normal;topology-section-connected-components,004R;01T0;01U2;01V4;01W0;033H;038Z;055C,D000084,existing_stronger,reviewed_source_and_stacks,pione-lemma-stein-factorization-etale;pione-proposition-first-homotopy-sequence,0BUN;0C0J,The modern proof packages separable fibres Stein reduction and cover descent into the proper flat homotopy exact sequence
fga.182.s8.remark.u.n01.eq.i,182,equation,fga.182.s8.remark.u.n01,213,213,fr/182.tex:1046,en/182.tex:1019,AEE42088A9B9E94F4C87220AD68A27C1D7697C3ACB4F5C2F0DEE0E3F6B0BE1C1,,,,,structural_only,inherits_parent,,,Embedded component; use the parent unit's semantic disposition.
fga.182.s8.remark.u.n01.eq.star,182,equation,fga.182.s8.remark.u.n01,213,213,fr/182.tex:1055,en/182.tex:1028,AEE42088A9B9E94F4C87220AD68A27C1D7697C3ACB4F5C2F0DEE0E3F6B0BE1C1,,,,,structural_only,inherits_parent,,,Embedded component; use the parent unit's semantic disposition.
fga.182.s8.remark.u.n01.item.ii,182,subitem,fga.182.s8.remark.u.n01,213,213,fr/182.tex:1072,en/182.tex:1044,AEE42088A9B9E94F4C87220AD68A27C1D7697C3ACB4F5C2F0DEE0E3F6B0BE1C1,,,,,structural_only,inherits_parent,,,Embedded component; use the parent unit's semantic disposition.
fga.182.s8.remark.u.n01.item.iii,182,subitem,fga.182.s8.remark.u.n01,213,213,fr/182.tex:1074,en/182.tex:1046,AEE42088A9B9E94F4C87220AD68A27C1D7697C3ACB4F5C2F0DEE0E3F6B0BE1C1,,,,,structural_only,inherits_parent,,,Embedded component; use the parent unit's semantic disposition.
fga.182.s8.theorem.11,182,theorem,fga.182.s8,213,214,fr/182.tex:1078,en/182.tex:1050,AEE42088A9B9E94F4C87220AD68A27C1D7697C3ACB4F5C2F0DEE0E3F6B0BE1C1,,,,D000326,existing_equivalent,integrated_source,pione-lemma-local-Stein-trivial-component,,Direct source terminology defines an unramified covering as finite locally free with separable fibres and the following function-field corollary requires a separable generic extension; the integrated theorem therefore uses modern etale at the fibre component and concludes an etale Stein neighbourhood
fga.182.s8.corollary.1,182,corollary,fga.182.s8,214,214,fr/182.tex:1088,en/182.tex:1060,AEE42088A9B9E94F4C87220AD68A27C1D7697C3ACB4F5C2F0DEE0E3F6B0BE1C1,normality,more-morphisms-section-normal;properties-section-normal,033H;038Z,D000327,existing_equivalent,integrated_source,pione-lemma-finite-etale-descends-trivial-all-fibres,,The corrected local theorem uses the source-defined finite-etale meaning of unramified covering and directly yields the global fibrewise-trivial finite-etale descent criterion and uniqueness
fga.182.s8.corollary.1.eq.u.n01,182,equation,fga.182.s8.corollary.1,214,214,fr/182.tex:1099,en/182.tex:1071,AEE42088A9B9E94F4C87220AD68A27C1D7697C3ACB4F5C2F0DEE0E3F6B0BE1C1,,,,,structural_only,inherits_parent,,,Embedded component; use the parent unit's semantic disposition.
fga.182.s8.corollary.2,182,corollary,fga.182.s8,214,214,fr/182.tex:1110,en/182.tex:1081,AEE42088A9B9E94F4C87220AD68A27C1D7697C3ACB4F5C2F0DEE0E3F6B0BE1C1,,,,D000328,existing_equivalent,integrated_source,pione-lemma-function-fields-local-Stein-trivial-component,,The integrated source takes the function field of the integral Stein factor and uses its nonempty etale locus plus the generic fibre-product isomorphism to obtain a finite separable intermediate field linearly disjoint from the function field of X with compositum equal to the function field of the cover
fga.182.s8.corollary.3,182,corollary,fga.182.s8,214,215,fr/182.tex:1121,en/182.tex:1093,AEE42088A9B9E94F4C87220AD68A27C1D7697C3ACB4F5C2F0DEE0E3F6B0BE1C1,,,,D000088,existing_equivalent,reviewed_combination,pione-proposition-first-homotopy-sequence;pione-lemma-functoriality-galois-normal,0C0J;0BTS,The Galois-category proof of the homotopy sequence uses exactly the criterion that a connected cover descending from the base has a trivial marked component on one geometric fibre
fga.182.s8.corollary.4,182,corollary,fga.182.s8,215,215,fr/182.tex:1135,en/182.tex:1107,AEE42088A9B9E94F4C87220AD68A27C1D7697C3ACB4F5C2F0DEE0E3F6B0BE1C1,fundamental-group;normality;properness,more-morphisms-section-normal;morphisms-section-proper;pione-section-fundamental-groups;properties-section-normal,01W0;033H;038Z;0BQ8,D000089,existing_stronger,reviewed_source_and_stacks,pione-proposition-first-homotopy-sequence,0C0J,Stacks states the proper flat geometrically connected reduced-fibre homotopy exact sequence over an arbitrary connected base
fga.182.s8.corollary.4.eq.u.n01,182,equation,fga.182.s8.corollary.4,215,215,fr/182.tex:1142,en/182.tex:1113,AEE42088A9B9E94F4C87220AD68A27C1D7697C3ACB4F5C2F0DEE0E3F6B0BE1C1,,,,,structural_only,inherits_parent,,,Embedded component; use the parent unit's semantic disposition.
fga.182.s8.corollary.5,182,corollary,fga.182.s8,215,215,fr/182.tex:1152,en/182.tex:1123,AEE42088A9B9E94F4C87220AD68A27C1D7697C3ACB4F5C2F0DEE0E3F6B0BE1C1,properness,morphisms-section-proper,01W0,D000338,existing_stronger,integrated_source,pione-lemma-ses-field-component;pione-lemma-fundamental-group-product-one-proper,,The integrated source gives the component-stabilizer exact sequence over an arbitrary field and identifies the fundamental group of the selected product component with the arithmetic fibre product over the absolute Galois group; hence the map to the direct product is injective for all connected finite-type factors when one is proper and is an isomorphism over an algebraically closed field without the historical separability hypothesis
fga.182.s8.corollary.5.eq.u.n01,182,equation,fga.182.s8.corollary.5,215,215,fr/182.tex:1158,en/182.tex:1129,AEE42088A9B9E94F4C87220AD68A27C1D7697C3ACB4F5C2F0DEE0E3F6B0BE1C1,,,,,structural_only,inherits_parent,,,Embedded component; use the parent unit's semantic disposition.
fga.182.s8.corollary.6,182,corollary,fga.182.s8,215,215,fr/182.tex:1169,en/182.tex:1140,AEE42088A9B9E94F4C87220AD68A27C1D7697C3ACB4F5C2F0DEE0E3F6B0BE1C1,fundamental-group,pione-section-fundamental-groups,0BQ8,D000091,existing_weaker,source_hypothesis_issue,pione-lemma-finite-etale-invariant-over-proper,0A49,Stacks proves algebraically closed base-field invariance for proper schemes while the unrestricted FGA statement fails in characteristic p as shown by non-descending Artin-Schreier classes on affine line
fga.182.s8.remark.u.n02,182,remark,fga.182.s8,215,216,fr/182.tex:1175,en/182.tex:1147,AEE42088A9B9E94F4C87220AD68A27C1D7697C3ACB4F5C2F0DEE0E3F6B0BE1C1,,,,D000092,historical_reference,reviewed_historical,pione-section-homotopy-exact-sequence;pione-section-specialization-map,0BUM;0BUP,The remarks accurately record the right-exact scope of pi1 homotopy and motivate the later specialization theorem while the proposed left injectivity is not a general conclusion
fga.182.s8.remark.u.n02.item.1,182,subitem,fga.182.s8.remark.u.n02,215,215,fr/182.tex:1176,en/182.tex:1148,AEE42088A9B9E94F4C87220AD68A27C1D7697C3ACB4F5C2F0DEE0E3F6B0BE1C1,,,,,structural_only,inherits_parent,,,Embedded component; use the parent unit's semantic disposition.
fga.182.s8.remark.u.n02.eq.u.n01,182,equation,fga.182.s8.remark.u.n02,215,215,fr/182.tex:1181,en/182.tex:1153,AEE42088A9B9E94F4C87220AD68A27C1D7697C3ACB4F5C2F0DEE0E3F6B0BE1C1,,,,,structural_only,inherits_parent,,,Embedded component; use the parent unit's semantic disposition.
fga.182.s8.remark.u.n02.item.2,182,subitem,fga.182.s8.remark.u.n02,216,216,fr/182.tex:1188,en/182.tex:1160,AEE42088A9B9E94F4C87220AD68A27C1D7697C3ACB4F5C2F0DEE0E3F6B0BE1C1,,,,,structural_only,inherits_parent,,,Embedded component; use the parent unit's semantic disposition.
fga.182.s8.lemma.6,182,lemma,fga.182.s8,216,216,fr/182.tex:1198,en/182.tex:1170,AEE42088A9B9E94F4C87220AD68A27C1D7697C3ACB4F5C2F0DEE0E3F6B0BE1C1,existence-theorem,coherent-section-existence;coherent-section-existence-proper,087V;0886,D000093,existing_stronger,reviewed_source_and_stacks,pione-lemma-thickening;pione-proposition-universal-homeomorphism,0BQB;0BQN,Stacks proves equivalence of finite-etale categories for arbitrary thickenings and even for all universal homeomorphisms
fga.182.s8.theorem.12,182,theorem,fga.182.s8,216,216,fr/182.tex:1207,en/182.tex:1179,AEE42088A9B9E94F4C87220AD68A27C1D7697C3ACB4F5C2F0DEE0E3F6B0BE1C1,properness,morphisms-section-proper,01W0,D000094,existing_stronger,reviewed_source_and_stacks,pione-lemma-finite-etale-on-proper-over-henselian,0A48,Stacks replaces complete Noetherian local by an arbitrary henselian local base and proves equivalence of the whole finite-etale categories
fga.182.s8.corollary.1.n02,182,corollary,fga.182.s8,216,216,fr/182.tex:1214,en/182.tex:1186,AEE42088A9B9E94F4C87220AD68A27C1D7697C3ACB4F5C2F0DEE0E3F6B0BE1C1,fundamental-group,pione-section-fundamental-groups,0BQ8,D000095,existing_stronger,reviewed_combination,pione-lemma-finite-etale-on-proper-over-henselian;pione-lemma-what-equivalence-gives,0A48;0BQA,Equivalence of finite-etale categories gives the asserted pi1 isomorphism together with connected-component invariance
fga.182.s8.corollary.1.n02.eq.u.n01,182,equation,fga.182.s8.corollary.1.n02,216,216,fr/182.tex:1223,en/182.tex:1195,AEE42088A9B9E94F4C87220AD68A27C1D7697C3ACB4F5C2F0DEE0E3F6B0BE1C1,,,,,structural_only,inherits_parent,,,Embedded component; use the parent unit's semantic disposition.
fga.182.s8.corollary.2.n02,182,corollary,fga.182.s8,216,217,fr/182.tex:1228,en/182.tex:1200,AEE42088A9B9E94F4C87220AD68A27C1D7697C3ACB4F5C2F0DEE0E3F6B0BE1C1,flatness;properness;smoothness,morphisms-section-flat;morphisms-section-proper;morphisms-section-smooth,01U2;01V4;01W0,D000096,existing_stronger,reviewed_source_and_stacks,pione-lemma-specialization-map-surjective,0C0P,Stacks proves surjectivity of specialization for flat proper families with geometrically connected fibres once the special fibre is geometrically reduced
fga.182.s8.corollary.3.n02,182,corollary,fga.182.s8,217,217,fr/182.tex:1250,en/182.tex:1221,AEE42088A9B9E94F4C87220AD68A27C1D7697C3ACB4F5C2F0DEE0E3F6B0BE1C1,smoothness,morphisms-section-smooth,01V4,D000330,existing_equivalent,integrated_source,pione-lemma-fundamental-group-smooth-proper-curve-generators,,The integrated source proves the 2g-generator surface relation in characteristic zero by Riemann existence and in positive characteristic by Cohen-ring lifting plus surjective specialization from a characteristic-zero fibre of the same genus
fga.182.s8.corollary.4.n02,182,corollary,fga.182.s8,217,218,fr/182.tex:1257,en/182.tex:1228,AEE42088A9B9E94F4C87220AD68A27C1D7697C3ACB4F5C2F0DEE0E3F6B0BE1C1,flatness;normality;projectivity;smoothness,more-morphisms-section-normal;morphisms-section-flat;morphisms-section-projective;morphisms-section-smooth;properties-section-normal,01U2;01V4;01W7;033H;038Z,D000331,existing_equivalent,integrated_source,pione-proposition-fundamental-group-smooth-projective-finitely-generated,,The integrated source cuts a smooth projective connected scheme down by smooth irreducible hyperplane sections and uses Lefschetz full faithfulness to obtain successive surjections from the finitely generated fundamental group of a curve
fga.182.s8.corollary.4.n02.eq.u.n01,182,equation,fga.182.s8.corollary.4.n02,217,217,fr/182.tex:1282,en/182.tex:1251,AEE42088A9B9E94F4C87220AD68A27C1D7697C3ACB4F5C2F0DEE0E3F6B0BE1C1,,,,,structural_only,inherits_parent,,,Embedded component; use the parent unit's semantic disposition.
fga.182.s8.corollary.5.n02,182,corollary,fga.182.s8,218,218,fr/182.tex:1303,en/182.tex:1272,AEE42088A9B9E94F4C87220AD68A27C1D7697C3ACB4F5C2F0DEE0E3F6B0BE1C1,projectivity;quotient;tame-ramification,groupoids-quotients-section-categorical;groupoids-quotients-section-geometric;groupoids-section-finite-flat-general;morphisms-section-projective;pione-section-tame,01W7;03JD;048I;04AD;0BSE,D000099,existing_stronger,reviewed_combination,pione-section-specialization-map;pione-lemma-purity-one-divisor-general;pione-lemma-extend-tame-covering-normal,0BUP;0H2W;0EYH,Modern specialization normalization purity and tame extension results supply the stated extendability criterion in a more systematic form
fga.182.s8.theorem.13,182,theorem,fga.182.s8,218,219,fr/182.tex:1330,en/182.tex:1297,AEE42088A9B9E94F4C87220AD68A27C1D7697C3ACB4F5C2F0DEE0E3F6B0BE1C1,flatness;properness;smoothness,morphisms-section-flat;morphisms-section-proper;morphisms-section-smooth,01U2;01V4;01W0,D000100,existing_stronger,reviewed_source_and_stacks,pione-theorem-specialization-map-isomorphism-prime-to-p,0C0R,Stacks states the prime-to-p specialization isomorphism for smooth proper families over arbitrary bases and includes surjectivity of the full map
fga.182.s8.corollary.1.n03,182,corollary,fga.182.s8,219,219,fr/182.tex:1340,en/182.tex:1308,AEE42088A9B9E94F4C87220AD68A27C1D7697C3ACB4F5C2F0DEE0E3F6B0BE1C1,galois-cover,pione-section-finite-etale-under-galois,03SF,D000101,existing_equivalent,reviewed_source_and_stacks,pione-theorem-specialization-map-isomorphism-prime-to-p,0C0R,The maximal prime-to-p quotient isomorphism is exactly equivalence of connected Galois covers with group order prime to p and gives the characteristic-zero case
fga.182.s8.theorem.14,182,theorem,fga.182.s8,219,219,fr/182.tex:1351,en/182.tex:1319,AEE42088A9B9E94F4C87220AD68A27C1D7697C3ACB4F5C2F0DEE0E3F6B0BE1C1,fundamental-group;properness;quotient;smoothness;tame-ramification,groupoids-quotients-section-categorical;groupoids-quotients-section-geometric;groupoids-section-finite-flat-general;morphisms-section-proper;morphisms-section-smooth;pione-section-fundamental-groups;pione-section-tame,01V4;01W0;03JD;048I;04AD;0BQ8;0BSE,D000332,existing_equivalent,integrated_source,pione-definition-tame-fundamental-group;pione-theorem-tame-specialization,,The integrated source defines the Galois category and quotient group classifying finite covers tame along a regular boundary and proves surjective specialization for a smooth proper pair together with invariance of its maximal prime-to-residue-characteristic quotient
fga.182.s8.theorem.14.eq.u.n01,182,equation,fga.182.s8.theorem.14,219,219,fr/182.tex:1359,en/182.tex:1326,AEE42088A9B9E94F4C87220AD68A27C1D7697C3ACB4F5C2F0DEE0E3F6B0BE1C1,,,,,structural_only,inherits_parent,,,Embedded component; use the parent unit's semantic disposition.
fga.182.s8.theorem.14.eq.u.n02,182,equation,fga.182.s8.theorem.14,219,219,fr/182.tex:1363,en/182.tex:1330,AEE42088A9B9E94F4C87220AD68A27C1D7697C3ACB4F5C2F0DEE0E3F6B0BE1C1,,,,,structural_only,inherits_parent,,,Embedded component; use the parent unit's semantic disposition.
fga.182.s8.corollary.u.n01,182,corollary,fga.182.s8,219,220,fr/182.tex:1373,en/182.tex:1340,AEE42088A9B9E94F4C87220AD68A27C1D7697C3ACB4F5C2F0DEE0E3F6B0BE1C1,galois-cover;smoothness,morphisms-section-smooth;pione-section-finite-etale-under-galois,01V4;03SF,D000333,existing_equivalent,integrated_source,pione-proposition-tame-fundamental-group-punctured-curve,,The integrated source gives 2g+n topological generators with the surface-and-inertia relation for the tame fundamental group of a punctured smooth proper curve and identifies its prime-to-characteristic quotient by that single presentation including the prescribed finite-group realization
fga.182.s8.corollary.u.n01.eq.u.n01,182,equation,fga.182.s8.corollary.u.n01,219,219,fr/182.tex:1378,en/182.tex:1346,AEE42088A9B9E94F4C87220AD68A27C1D7697C3ACB4F5C2F0DEE0E3F6B0BE1C1,,,,,structural_only,inherits_parent,,,Embedded component; use the parent unit's semantic disposition.
fga.182.s8.remark.u.n03,182,remark,fga.182.s8,220,220,fr/182.tex:1396,en/182.tex:1363,AEE42088A9B9E94F4C87220AD68A27C1D7697C3ACB4F5C2F0DEE0E3F6B0BE1C1,formal-completion;fundamental-group;galois-cover;projectivity;smoothness;tame-ramification,coherent-section-coherent-formal;formal-spaces-section-completion;morphisms-section-projective;morphisms-section-smooth;pione-section-finite-etale-under-galois;pione-section-fundamental-groups;pione-section-tame,01V4;01W7;03SF;0AIX;0BQ8;0BSE;0EHN,D000104,historical_reference,reviewed_historical,pione-section-tame;pione-section-global-lefschetz,0BSE;0ELB,The closing remarks identify wild ramification and Lefschetz directions while modern Stacks contains substantial tame and Lefschetz theory but not the preceding tame specialization package
fga.182.s8.remark.u.n03.item.1,182,subitem,fga.182.s8.remark.u.n03,220,220,fr/182.tex:1397,en/182.tex:1364,AEE42088A9B9E94F4C87220AD68A27C1D7697C3ACB4F5C2F0DEE0E3F6B0BE1C1,,,,,structural_only,inherits_parent,,,Embedded component; use the parent unit's semantic disposition.
fga.182.s8.remark.u.n03.item.2,182,subitem,fga.182.s8.remark.u.n03,220,220,fr/182.tex:1403,en/182.tex:1370,AEE42088A9B9E94F4C87220AD68A27C1D7697C3ACB4F5C2F0DEE0E3F6B0BE1C1,,,,,structural_only,inherits_parent,,,Embedded component; use the parent unit's semantic disposition.
fga.182.bib,182,bibliography,fga.182,220,220,fr/182.tex:1411,en/182.tex:1378,AEE42088A9B9E94F4C87220AD68A27C1D7697C3ACB4F5C2F0DEE0E3F6B0BE1C1,,,,,structural_only,classified,,,Source or corpus structure; no independent Stacks object.
fga.182.bib.ref.1,182,bibliography_item,fga.182.bib,220,220,fr/182.tex:1415,en/182.tex:1382,AEE42088A9B9E94F4C87220AD68A27C1D7697C3ACB4F5C2F0DEE0E3F6B0BE1C1,,,,,structural_only,classified,,,Source or corpus structure; no independent Stacks object.
fga.182.bib.ref.2,182,bibliography_item,fga.182.bib,220,220,fr/182.tex:1418,en/182.tex:1385,AEE42088A9B9E94F4C87220AD68A27C1D7697C3ACB4F5C2F0DEE0E3F6B0BE1C1,,,,,structural_only,classified,,,Source or corpus structure; no independent Stacks object.
fga.182.bib.ref.3,182,bibliography_item,fga.182.bib,220,220,fr/182.tex:1421,en/182.tex:1388,AEE42088A9B9E94F4C87220AD68A27C1D7697C3ACB4F5C2F0DEE0E3F6B0BE1C1,,,,,structural_only,classified,,,Source or corpus structure; no independent Stacks object.
fga.182.bib.ref.4,182,bibliography_item,fga.182.bib,220,220,fr/182.tex:1423,en/182.tex:1390,AEE42088A9B9E94F4C87220AD68A27C1D7697C3ACB4F5C2F0DEE0E3F6B0BE1C1,,,,,structural_only,classified,,,Source or corpus structure; no independent Stacks object.
fga.e182,e182,erratum,fga,298,299,fr/e182.tex:1,en/e182.tex:1,C2E6779AB467A5E31BA42CF21E3EE65540990D0775A6133CF0A9126D78578D3C,cohomology;formal-geometry;fundamental-group;galois-cover;picard-scheme;projectivity;properness;quasi-projectivity;separatedness;smoothness;tame-ramification,algebraization-section-introduction;cohomology-section-cech-cohomology-cohomology;formal-spaces-section-formal-schemes-EGA;morphisms-section-projective;morphisms-section-proper;morphisms-section-quasi-projective;morphisms-section-smooth;pic-section-picard-curve;pic-section-representability;pione-section-finite-etale-under-galois;pione-section-fundamental-groups;pione-section-tame;schemes-section-valuative-separatedness,01EO;01KY;01V4;01VV;01W0;01W7;03SF;0AHY;0B9P;0B9R;0BQ8;0BSE;0EI6,D000146,historical_reference,reviewed_historical,more-morphisms-lemma-quasi-finite-separated-pass-through-finite;pione-lemma-finite-etale-invariant-over-proper;pione-section-tame,05K0;0A49;0BSE,The erratum weakens a quasi-projectivity hypothesis records nonliftability and moduli updates adds the properness condition to the product formula and identifies tame coverings as the remaining historical gap
fga.e182.p298,e182,source_page,fga.e182,298,298,fr/e182.tex:5,en/e182.tex:5,C2E6779AB467A5E31BA42CF21E3EE65540990D0775A6133CF0A9126D78578D3C,,,,,structural_only,classified,,,Source or corpus structure; no independent Stacks object.
fga.e182.p299,e182,source_page,fga.e182,299,299,fr/e182.tex:18,en/e182.tex:18,C2E6779AB467A5E31BA42CF21E3EE65540990D0775A6133CF0A9126D78578D3C,,,,,structural_only,classified,,,Source or corpus structure; no independent Stacks object.
fga.e182.item.u.n01,e182,subitem,fga.e182,298,298,fr/e182.tex:7,en/e182.tex:7,C2E6779AB467A5E31BA42CF21E3EE65540990D0775A6133CF0A9126D78578D3C,,,,,structural_only,inherits_parent,,,Embedded component; use the parent unit's semantic disposition.
fga.e182.item.u.n02,e182,subitem,fga.e182,298,298,fr/e182.tex:13,en/e182.tex:13,C2E6779AB467A5E31BA42CF21E3EE65540990D0775A6133CF0A9126D78578D3C,,,,,structural_only,inherits_parent,,,Embedded component; use the parent unit's semantic disposition.
fga.e182.item.u.n03,e182,subitem,fga.e182,299,299,fr/e182.tex:19,en/e182.tex:19,C2E6779AB467A5E31BA42CF21E3EE65540990D0775A6133CF0A9126D78578D3C,,,,,structural_only,inherits_parent,,,Embedded component; use the parent unit's semantic disposition.
fga.e182.item.u.n04,e182,subitem,fga.e182,299,299,fr/e182.tex:29,en/e182.tex:29,C2E6779AB467A5E31BA42CF21E3EE65540990D0775A6133CF0A9126D78578D3C,,,,,structural_only,inherits_parent,,,Embedded component; use the parent unit's semantic disposition.
fga.e182.item.u.n05,e182,subitem,fga.e182,299,299,fr/e182.tex:35,en/e182.tex:35,C2E6779AB467A5E31BA42CF21E3EE65540990D0775A6133CF0A9126D78578D3C,,,,,structural_only,inherits_parent,,,Embedded component; use the parent unit's semantic disposition.
fga.e182.item.u.n06,e182,subitem,fga.e182,299,299,fr/e182.tex:40,en/e182.tex:40,C2E6779AB467A5E31BA42CF21E3EE65540990D0775A6133CF0A9126D78578D3C,,,,,structural_only,inherits_parent,,,Embedded component; use the parent unit's semantic disposition.
fga.190,190,expose,fga,299,327,fr/190.tex:1,en/190.tex:1,D4B1565D97958A168CC0DA0A873BA40FF466497D555871869F47916DB620C1B5,abelian-scheme;base-change;boundedness;coherent-sheaf;cohomology;descent;descent-datum;effectivity;equivalence-relation;etale;existence-theorem;faithfully-flat;finite-type;flatness;formal-geometry;frobenius-radicial;fundamental-group;group-scheme;normality;picard-scheme;projectivity;properness;quasi-projectivity;quotient;separatedness;smoothness,algebraization-section-introduction;coherent-section-coherent-sheaves;coherent-section-cohomology-and-base-change;coherent-section-existence;coherent-section-existence-proper;cohomology-section-cech-cohomology-cohomology;descent-definition-effective;descent-section-descent-datum;descent-section-equivalence;descent-section-fpqc-descent-quasi-coherent;descent-section-introduction;duality-section-base-change-map;formal-spaces-section-formal-schemes-EGA;groupoids-quotients-section-categorical;groupoids-quotients-section-geometric;groupoids-section-abelian-varieties;groupoids-section-finite-flat-general;groupoids-section-group-schemes;groupoids-section-groupoids;groupoids-section-properties-group-schemes-field;modules-section-coherent;moduli-section-quot-bounded;more-morphisms-section-normal;morphisms-section-etale;morphisms-section-finite-type;morphisms-section-flat;morphisms-section-projective;morphisms-section-proper;morphisms-section-quasi-projective;morphisms-section-radicial;morphisms-section-smooth;pic-section-picard-curve;pic-section-representability;pione-section-finite-etale;pione-section-fundamental-groups;properties-section-normal;schemes-section-valuative-separatedness;spaces-section-spaces-from-equivalence-relations;varieties-section-frobenius;varieties-subsection-boundedness,01BU;01EO;01KY;01S2;01T0;01U2;01V4;01VV;01W0;01W7;01XY;022R;0230;0239;023A;023R;023U;023Z;0264;02GH;02KE;033H;038Z;03JD;047J;048I;04AD;087V;0886;08AF;0AA5;0AHY;0B9P;0B9R;0BF9;0BL6;0BQ8;0CC6;0DP9;0EI6,,structural_only,classified,,,Source or corpus structure; no independent Stacks object.
fga.190.p299,190,source_page,fga.190,299,299,fr/190.tex:3,en/190.tex:3,D4B1565D97958A168CC0DA0A873BA40FF466497D555871869F47916DB620C1B5,,,,,structural_only,classified,,,Source or corpus structure; no independent Stacks object.
fga.190.p300,190,source_page,fga.190,300,300,fr/190.tex:46,en/190.tex:45,D4B1565D97958A168CC0DA0A873BA40FF466497D555871869F47916DB620C1B5,,,,,structural_only,classified,,,Source or corpus structure; no independent Stacks object.
fga.190.p301,190,source_page,fga.190,301,301,fr/190.tex:106,en/190.tex:102,D4B1565D97958A168CC0DA0A873BA40FF466497D555871869F47916DB620C1B5,,,,,structural_only,classified,,,Source or corpus structure; no independent Stacks object.
fga.190.p302,190,source_page,fga.190,302,302,fr/190.tex:165,en/190.tex:158,D4B1565D97958A168CC0DA0A873BA40FF466497D555871869F47916DB620C1B5,,,,,structural_only,classified,,,Source or corpus structure; no independent Stacks object.
fga.190.p303,190,source_page,fga.190,303,303,fr/190.tex:218,en/190.tex:209,D4B1565D97958A168CC0DA0A873BA40FF466497D555871869F47916DB620C1B5,,,,,structural_only,classified,,,Source or corpus structure; no independent Stacks object.
fga.190.p304,190,source_page,fga.190,304,304,fr/190.tex:277,en/190.tex:264,D4B1565D97958A168CC0DA0A873BA40FF466497D555871869F47916DB620C1B5,,,,,structural_only,classified,,,Source or corpus structure; no independent Stacks object.
fga.190.p305,190,source_page,fga.190,305,305,fr/190.tex:339,en/190.tex:326,D4B1565D97958A168CC0DA0A873BA40FF466497D555871869F47916DB620C1B5,,,,,structural_only,classified,,,Source or corpus structure; no independent Stacks object.
fga.190.p306,190,source_page,fga.190,306,306,fr/190.tex:391,en/190.tex:377,D4B1565D97958A168CC0DA0A873BA40FF466497D555871869F47916DB620C1B5,,,,,structural_only,classified,,,Source or corpus structure; no independent Stacks object.
fga.190.p307,190,source_page,fga.190,307,307,fr/190.tex:445,en/190.tex:429,D4B1565D97958A168CC0DA0A873BA40FF466497D555871869F47916DB620C1B5,,,,,structural_only,classified,,,Source or corpus structure; no independent Stacks object.
fga.190.p308,190,source_page,fga.190,308,308,fr/190.tex:493,en/190.tex:473,D4B1565D97958A168CC0DA0A873BA40FF466497D555871869F47916DB620C1B5,,,,,structural_only,classified,,,Source or corpus structure; no independent Stacks object.
fga.190.p309,190,source_page,fga.190,309,309,fr/190.tex:547,en/190.tex:526,D4B1565D97958A168CC0DA0A873BA40FF466497D555871869F47916DB620C1B5,,,,,structural_only,classified,,,Source or corpus structure; no independent Stacks object.
fga.190.p310,190,source_page,fga.190,310,310,fr/190.tex:600,en/190.tex:577,D4B1565D97958A168CC0DA0A873BA40FF466497D555871869F47916DB620C1B5,,,,,structural_only,classified,,,Source or corpus structure; no independent Stacks object.
fga.190.p311,190,source_page,fga.190,311,311,fr/190.tex:651,en/190.tex:626,D4B1565D97958A168CC0DA0A873BA40FF466497D555871869F47916DB620C1B5,,,,,structural_only,classified,,,Source or corpus structure; no independent Stacks object.
fga.190.p312,190,source_page,fga.190,312,312,fr/190.tex:714,en/190.tex:688,D4B1565D97958A168CC0DA0A873BA40FF466497D555871869F47916DB620C1B5,,,,,structural_only,classified,,,Source or corpus structure; no independent Stacks object.
fga.190.p313,190,source_page,fga.190,313,313,fr/190.tex:768,en/190.tex:738,D4B1565D97958A168CC0DA0A873BA40FF466497D555871869F47916DB620C1B5,,,,,structural_only,classified,,,Source or corpus structure; no independent Stacks object.
fga.190.p314,190,source_page,fga.190,314,314,fr/190.tex:848,en/190.tex:817,D4B1565D97958A168CC0DA0A873BA40FF466497D555871869F47916DB620C1B5,,,,,structural_only,classified,,,Source or corpus structure; no independent Stacks object.
fga.190.p315,190,source_page,fga.190,315,315,fr/190.tex:903,en/190.tex:872,D4B1565D97958A168CC0DA0A873BA40FF466497D555871869F47916DB620C1B5,,,,,structural_only,classified,,,Source or corpus structure; no independent Stacks object.
fga.190.p316,190,source_page,fga.190,316,316,fr/190.tex:953,en/190.tex:921,D4B1565D97958A168CC0DA0A873BA40FF466497D555871869F47916DB620C1B5,,,,,structural_only,classified,,,Source or corpus structure; no independent Stacks object.
fga.190.p317,190,source_page,fga.190,317,317,fr/190.tex:1008,en/190.tex:975,D4B1565D97958A168CC0DA0A873BA40FF466497D555871869F47916DB620C1B5,,,,,structural_only,classified,,,Source or corpus structure; no independent Stacks object.
fga.190.p318,190,source_page,fga.190,318,318,fr/190.tex:1060,en/190.tex:1024,D4B1565D97958A168CC0DA0A873BA40FF466497D555871869F47916DB620C1B5,,,,,structural_only,classified,,,Source or corpus structure; no independent Stacks object.
fga.190.p319,190,source_page,fga.190,319,319,fr/190.tex:1120,en/190.tex:1084,D4B1565D97958A168CC0DA0A873BA40FF466497D555871869F47916DB620C1B5,,,,,structural_only,classified,,,Source or corpus structure; no independent Stacks object.
fga.190.p320,190,source_page,fga.190,320,320,fr/190.tex:1189,en/190.tex:1151,D4B1565D97958A168CC0DA0A873BA40FF466497D555871869F47916DB620C1B5,,,,,structural_only,classified,,,Source or corpus structure; no independent Stacks object.
fga.190.p321,190,source_page,fga.190,321,321,fr/190.tex:1251,en/190.tex:1212,D4B1565D97958A168CC0DA0A873BA40FF466497D555871869F47916DB620C1B5,,,,,structural_only,classified,,,Source or corpus structure; no independent Stacks object.
fga.190.p322,190,source_page,fga.190,322,322,fr/190.tex:1309,en/190.tex:1269,D4B1565D97958A168CC0DA0A873BA40FF466497D555871869F47916DB620C1B5,,,,,structural_only,classified,,,Source or corpus structure; no independent Stacks object.
fga.190.p323,190,source_page,fga.190,323,323,fr/190.tex:1358,en/190.tex:1317,D4B1565D97958A168CC0DA0A873BA40FF466497D555871869F47916DB620C1B5,,,,,structural_only,classified,,,Source or corpus structure; no independent Stacks object.
fga.190.p324,190,source_page,fga.190,324,324,fr/190.tex:1418,en/190.tex:1375,D4B1565D97958A168CC0DA0A873BA40FF466497D555871869F47916DB620C1B5,,,,,structural_only,classified,,,Source or corpus structure; no independent Stacks object.
fga.190.p325,190,source_page,fga.190,325,325,fr/190.tex:1472,en/190.tex:1428,D4B1565D97958A168CC0DA0A873BA40FF466497D555871869F47916DB620C1B5,,,,,structural_only,classified,,,Source or corpus structure; no independent Stacks object.
fga.190.p326,190,source_page,fga.190,326,326,fr/190.tex:1524,en/190.tex:1480,D4B1565D97958A168CC0DA0A873BA40FF466497D555871869F47916DB620C1B5,,,,,structural_only,classified,,,Source or corpus structure; no independent Stacks object.
fga.190.p327,190,source_page,fga.190,327,327,fr/190.tex:1579,en/190.tex:1533,D4B1565D97958A168CC0DA0A873BA40FF466497D555871869F47916DB620C1B5,,,,,structural_only,classified,,,Source or corpus structure; no independent Stacks object.
fga.190.sa,190,section,fga.190,300,314,fr/190.tex:52,en/190.tex:51,D4B1565D97958A168CC0DA0A873BA40FF466497D555871869F47916DB620C1B5,base-change;coherent-sheaf;cohomology;descent;descent-datum;effectivity;etale;finite-type;flatness;frobenius-radicial;fundamental-group;normality;picard-scheme;quotient,coherent-section-coherent-sheaves;coherent-section-cohomology-and-base-change;cohomology-section-cech-cohomology-cohomology;descent-definition-effective;descent-section-descent-datum;descent-section-equivalence;descent-section-fpqc-descent-quasi-coherent;descent-section-introduction;duality-section-base-change-map;groupoids-quotients-section-categorical;groupoids-quotients-section-geometric;groupoids-section-finite-flat-general;modules-section-coherent;more-morphisms-section-normal;morphisms-section-etale;morphisms-section-finite-type;morphisms-section-flat;morphisms-section-radicial;pic-section-picard-curve;pic-section-representability;pione-section-finite-etale;pione-section-fundamental-groups;properties-section-normal;varieties-section-frobenius,01BU;01EO;01S2;01T0;01U2;01XY;0239;023A;023R;023U;023Z;02GH;02KE;033H;038Z;03JD;048I;04AD;0AA5;0B9P;0B9R;0BL6;0BQ8;0CC6,D000106,existing_stronger,reviewed_source_and_stacks,categories-section-fibred-categories;stacks-section-descent-data;etale-cohomology-theorem-topological-invariance,02XJ;02ZC;04DZ,Modern fibred categories descent data and topological invariance supply the categorical core in a more invariant and more general form
fga.190.sa.result.1-1,190,result,fga.190.sa,300,300,fr/190.tex:58,en/190.tex:57,D4B1565D97958A168CC0DA0A873BA40FF466497D555871869F47916DB620C1B5,,,,D000107,existing_stronger,reviewed_source_and_stacks,categories-definition-fibred-category;categories-definition-pullback-functor-fibred-category,02XM;02XN,Stacks defines a fibred category intrinsically by cartesian lifts and recovers the exposé's coherent pullback pseudofunctor after a choice of pullbacks
fga.190.sa.result.1-1.eq.u.n01,190,equation,fga.190.sa.result.1-1,300,300,fr/190.tex:63,en/190.tex:62,D4B1565D97958A168CC0DA0A873BA40FF466497D555871869F47916DB620C1B5,,,,,structural_only,inherits_parent,,,Embedded component; use the parent unit's semantic disposition.
fga.190.sa.result.1-1.eq.u.n02,190,equation,fga.190.sa.result.1-1,300,300,fr/190.tex:70,en/190.tex:69,D4B1565D97958A168CC0DA0A873BA40FF466497D555871869F47916DB620C1B5,,,,,structural_only,inherits_parent,,,Embedded component; use the parent unit's semantic disposition.
fga.190.sa.result.1-1.item.i,190,subitem,fga.190.sa.result.1-1,300,300,fr/190.tex:76,en/190.tex:75,D4B1565D97958A168CC0DA0A873BA40FF466497D555871869F47916DB620C1B5,,,,,structural_only,inherits_parent,,,Embedded component; use the parent unit's semantic disposition.
fga.190.sa.result.1-1.item.ii,190,subitem,fga.190.sa.result.1-1,300,300,fr/190.tex:77,en/190.tex:76,D4B1565D97958A168CC0DA0A873BA40FF466497D555871869F47916DB620C1B5,,,,,structural_only,inherits_parent,,,Embedded component; use the parent unit's semantic disposition.
fga.190.sa.result.1-1.item.iii,190,subitem,fga.190.sa.result.1-1,300,300,fr/190.tex:79,en/190.tex:78,D4B1565D97958A168CC0DA0A873BA40FF466497D555871869F47916DB620C1B5,,,,,structural_only,inherits_parent,,,Embedded component; use the parent unit's semantic disposition.
fga.190.sa.result.1-1.eq.u.n03,190,equation,fga.190.sa.result.1-1,300,300,fr/190.tex:83,en/190.tex:81,D4B1565D97958A168CC0DA0A873BA40FF466497D555871869F47916DB620C1B5,,,,,structural_only,inherits_parent,,,Embedded component; use the parent unit's semantic disposition.
fga.190.sa.result.1-1.diag.n01,190,diagram,fga.190.sa.result.1-1,300,300,fr/190.tex:84,en/190.tex:82,D4B1565D97958A168CC0DA0A873BA40FF466497D555871869F47916DB620C1B5,,,,,structural_only,inherits_parent,,,Embedded component; use the parent unit's semantic disposition.
fga.190.sa.result.1,190,result,fga.190.sa,300,300,fr/190.tex:92,en/190.tex:90,D4B1565D97958A168CC0DA0A873BA40FF466497D555871869F47916DB620C1B5,,,,D000108,existing_equivalent,reviewed_combination,categories-definition-fibred-category;schemes-lemma-fibre-product-affine-schemes,02XM;01I4,The slice-category example is the basic cartesian-pullback construction encoded by the modern fibred-category definition
fga.190.sa.result.2,190,result,fga.190.sa,300,301,fr/190.tex:100,en/190.tex:97,D4B1565D97958A168CC0DA0A873BA40FF466497D555871869F47916DB620C1B5,,,,D000109,existing_stronger,reviewed_source_and_stacks,examples-stacks-section-stack-of-quasi-coherent-sheaves;descent-proposition-fpqc-descent-quasi-coherent,03YL;023T,The modern category of quasi-coherent modules is not only fibred under pullback but is proved to be a stack for fpqc descent
fga.190.sa.result.1-2,190,result,fga.190.sa,301,301,fr/190.tex:110,en/190.tex:105,D4B1565D97958A168CC0DA0A873BA40FF466497D555871869F47916DB620C1B5,,,,D000110,existing_equivalent,reviewed_source_and_stacks,categories-definition-equalizers,0028,The displayed exact sequence of sets is precisely the elementwise form of an equalizer diagram
fga.190.sa.result.1-2.eq.u.n01,190,equation,fga.190.sa.result.1-2,301,301,fr/190.tex:111,en/190.tex:106,D4B1565D97958A168CC0DA0A873BA40FF466497D555871869F47916DB620C1B5,,,,,structural_only,inherits_parent,,,Embedded component; use the parent unit's semantic disposition.
fga.190.sa.definition.1-3,190,definition,fga.190.sa,301,301,fr/190.tex:119,en/190.tex:113,D4B1565D97958A168CC0DA0A873BA40FF466497D555871869F47916DB620C1B5,,,,D000111,existing_equivalent,reviewed_combination,stacks-definition-mor-presheaf;stacks-definition-stack,02ZB;026F,The exposé's F-exact condition is full faithfulness of the descent functor and is the singleton-cover form of the sheaf condition on morphisms in a stack
fga.190.sa.definition.1-3.eq.plus,190,equation,fga.190.sa.definition.1-3,301,301,fr/190.tex:121,en/190.tex:115,D4B1565D97958A168CC0DA0A873BA40FF466497D555871869F47916DB620C1B5,,,,,structural_only,inherits_parent,,,Embedded component; use the parent unit's semantic disposition.
fga.190.sa.definition.1-3.eq.plusprime,190,equation,fga.190.sa.definition.1-3,301,301,fr/190.tex:130,en/190.tex:124,D4B1565D97958A168CC0DA0A873BA40FF466497D555871869F47916DB620C1B5,,,,,structural_only,inherits_parent,,,Embedded component; use the parent unit's semantic disposition.
fga.190.sa.definition.1-4,190,definition,fga.190.sa,301,302,fr/190.tex:142,en/190.tex:136,D4B1565D97958A168CC0DA0A873BA40FF466497D555871869F47916DB620C1B5,,,,D000112,existing_stronger,reviewed_source_and_stacks,stacks-definition-descent-data,026B,Stacks incorporates compatible gluing isomorphisms and their morphisms into the family-valued definition of descent data with the cocycle condition
fga.190.sa.definition.1-4.eq.u.n01,190,equation,fga.190.sa.definition.1-4,301,301,fr/190.tex:152,en/190.tex:145,D4B1565D97958A168CC0DA0A873BA40FF466497D555871869F47916DB620C1B5,,,,,structural_only,inherits_parent,,,Embedded component; use the parent unit's semantic disposition.
fga.190.sa.definition.1-4.diag.n01,190,diagram,fga.190.sa.definition.1-4,301,301,fr/190.tex:153,en/190.tex:146,D4B1565D97958A168CC0DA0A873BA40FF466497D555871869F47916DB620C1B5,,,,,structural_only,inherits_parent,,,Embedded component; use the parent unit's semantic disposition.
fga.190.sa.definition.1-4.eq.u.n02,190,equation,fga.190.sa.definition.1-4,302,302,fr/190.tex:167,en/190.tex:160,D4B1565D97958A168CC0DA0A873BA40FF466497D555871869F47916DB620C1B5,,,,,structural_only,inherits_parent,,,Embedded component; use the parent unit's semantic disposition.
fga.190.sa.definition.1-4.eq.u.n03,190,equation,fga.190.sa.definition.1-4,302,302,fr/190.tex:172,en/190.tex:165,D4B1565D97958A168CC0DA0A873BA40FF466497D555871869F47916DB620C1B5,,,,,structural_only,inherits_parent,,,Embedded component; use the parent unit's semantic disposition.
fga.190.sa.definition.1-5,190,definition,fga.190.sa,302,303,fr/190.tex:185,en/190.tex:177,D4B1565D97958A168CC0DA0A873BA40FF466497D555871869F47916DB620C1B5,effectivity,descent-definition-effective;descent-section-descent-datum,023U;023Z,D000113,existing_equivalent,reviewed_source_and_stacks,stacks-definition-effective-descent-datum,026E,The modern effective-descent definition is exactly essential membership in the image of the canonical pullback datum
fga.190.sa.definition.1-5.item.c,190,subitem,fga.190.sa.definition.1-5,302,302,fr/190.tex:196,en/190.tex:188,D4B1565D97958A168CC0DA0A873BA40FF466497D555871869F47916DB620C1B5,,,,,structural_only,inherits_parent,,,Embedded component; use the parent unit's semantic disposition.
fga.190.sa.definition.1-5.eq.u.n01,190,equation,fga.190.sa.definition.1-5,302,302,fr/190.tex:197,en/190.tex:189,D4B1565D97958A168CC0DA0A873BA40FF466497D555871869F47916DB620C1B5,,,,,structural_only,inherits_parent,,,Embedded component; use the parent unit's semantic disposition.
fga.190.sa.definition.1-5.eq.i,190,equation,fga.190.sa.definition.1-5,302,302,fr/190.tex:206,en/190.tex:197,D4B1565D97958A168CC0DA0A873BA40FF466497D555871869F47916DB620C1B5,,,,,structural_only,inherits_parent,,,Embedded component; use the parent unit's semantic disposition.
fga.190.sa.definition.1-5.eq.ii,190,equation,fga.190.sa.definition.1-5,302,302,fr/190.tex:213,en/190.tex:204,D4B1565D97958A168CC0DA0A873BA40FF466497D555871869F47916DB620C1B5,,,,,structural_only,inherits_parent,,,Embedded component; use the parent unit's semantic disposition.
fga.190.sa.definition.1-6,190,definition,fga.190.sa,303,303,fr/190.tex:223,en/190.tex:214,D4B1565D97958A168CC0DA0A873BA40FF466497D555871869F47916DB620C1B5,descent;descent-datum,descent-section-descent-datum;descent-section-equivalence;descent-section-fpqc-descent-quasi-coherent;descent-section-introduction,0239;023A;023R;023U,D000114,existing_equivalent,reviewed_source_and_stacks,stacks-definition-descent-data;stacks-remarks-definition-descent-datum,026B;026C,The singleton-family definition gives the same two-projection gluing isomorphism and cocycle while deriving the diagonal identity from the cocycle
fga.190.sa.definition.1-7,190,definition,fga.190.sa,303,304,fr/190.tex:230,en/190.tex:220,D4B1565D97958A168CC0DA0A873BA40FF466497D555871869F47916DB620C1B5,descent;descent-datum;effectivity;picard-scheme,descent-definition-effective;descent-section-descent-datum;descent-section-equivalence;descent-section-fpqc-descent-quasi-coherent;descent-section-introduction;pic-section-picard-curve;pic-section-representability,0239;023A;023R;023U;023Z;0B9P;0B9R,D000115,existing_equivalent,reviewed_combination,stacks-definition-stack;stacks-lemma-stack-equivalences,026F;02ZF,Full faithfulness gives F-descent and essential surjectivity gives strict F-descent so their conjunction is the modern stack equivalence for a singleton cover
fga.190.sa.definition.1-7.eq.u.n01,190,equation,fga.190.sa.definition.1-7,303,303,fr/190.tex:232,en/190.tex:222,D4B1565D97958A168CC0DA0A873BA40FF466497D555871869F47916DB620C1B5,,,,,structural_only,inherits_parent,,,Embedded component; use the parent unit's semantic disposition.
fga.190.sa.definition.1-7.item.d,190,subitem,fga.190.sa.definition.1-7,303,303,fr/190.tex:254,en/190.tex:243,D4B1565D97958A168CC0DA0A873BA40FF466497D555871869F47916DB620C1B5,,,,,structural_only,inherits_parent,,,Embedded component; use the parent unit's semantic disposition.
fga.190.sa.definition.1-7.eq.u.n02,190,equation,fga.190.sa.definition.1-7,303,303,fr/190.tex:257,en/190.tex:245,D4B1565D97958A168CC0DA0A873BA40FF466497D555871869F47916DB620C1B5,,,,,structural_only,inherits_parent,,,Embedded component; use the parent unit's semantic disposition.
fga.190.sa.definition.1-7.eq.u.n03,190,equation,fga.190.sa.definition.1-7,303,303,fr/190.tex:266,en/190.tex:253,D4B1565D97958A168CC0DA0A873BA40FF466497D555871869F47916DB620C1B5,,,,,structural_only,inherits_parent,,,Embedded component; use the parent unit's semantic disposition.
fga.190.sa.definition.1-7.eq.i-bis,190,equation,fga.190.sa.definition.1-7,303,303,fr/190.tex:271,en/190.tex:258,D4B1565D97958A168CC0DA0A873BA40FF466497D555871869F47916DB620C1B5,,,,,structural_only,inherits_parent,,,Embedded component; use the parent unit's semantic disposition.
fga.190.sa.definition.1-7.eq.ii-bis,190,equation,fga.190.sa.definition.1-7,304,304,fr/190.tex:278,en/190.tex:265,D4B1565D97958A168CC0DA0A873BA40FF466497D555871869F47916DB620C1B5,,,,,structural_only,inherits_parent,,,Embedded component; use the parent unit's semantic disposition.
fga.190.sa.result.2-1,190,result,fga.190.sa,304,304,fr/190.tex:298,en/190.tex:285,D4B1565D97958A168CC0DA0A873BA40FF466497D555871869F47916DB620C1B5,,,,D000116,existing_equivalent,reviewed_source_and_stacks,categories-definition-equalizers;categories-definition-coequalizers,0028;002A,The representable Hom tests are exactly the categorical definitions of equalizer and coequalizer
fga.190.sa.result.2-1.eq.u.n01,190,equation,fga.190.sa.result.2-1,304,304,fr/190.tex:299,en/190.tex:286,D4B1565D97958A168CC0DA0A873BA40FF466497D555871869F47916DB620C1B5,,,,,structural_only,inherits_parent,,,Embedded component; use the parent unit's semantic disposition.
fga.190.sa.result.2-1.eq.u.n02,190,equation,fga.190.sa.result.2-1,304,304,fr/190.tex:305,en/190.tex:292,D4B1565D97958A168CC0DA0A873BA40FF466497D555871869F47916DB620C1B5,,,,,structural_only,inherits_parent,,,Embedded component; use the parent unit's semantic disposition.
fga.190.sa.result.2-1.eq.u.n03,190,equation,fga.190.sa.result.2-1,304,304,fr/190.tex:317,en/190.tex:304,D4B1565D97958A168CC0DA0A873BA40FF466497D555871869F47916DB620C1B5,,,,,structural_only,inherits_parent,,,Embedded component; use the parent unit's semantic disposition.
fga.190.sa.definition.2-2,190,definition,fga.190.sa,304,305,fr/190.tex:324,en/190.tex:311,D4B1565D97958A168CC0DA0A873BA40FF466497D555871869F47916DB620C1B5,descent,descent-section-fpqc-descent-quasi-coherent;descent-section-introduction,0239;023R,D000117,existing_equivalent,reviewed_source_and_stacks,sites-definition-universal-effective-epimorphisms,00WP,For a singleton family the modern effective-epimorphism equalizer condition is the exposé's strict epimorphism
fga.190.sa.definition.2-2.eq.u.n01,190,equation,fga.190.sa.definition.2-2,304,304,fr/190.tex:334,en/190.tex:321,D4B1565D97958A168CC0DA0A873BA40FF466497D555871869F47916DB620C1B5,,,,,structural_only,inherits_parent,,,Embedded component; use the parent unit's semantic disposition.
fga.190.sa.definition.2-3,190,definition,fga.190.sa,305,305,fr/190.tex:349,en/190.tex:336,D4B1565D97958A168CC0DA0A873BA40FF466497D555871869F47916DB620C1B5,,,,D000118,existing_equivalent,reviewed_combination,categories-definition-mono-epi;sites-definition-universal-effective-epimorphisms,003B;00WP,Universal epimorphism is base-stable epimorphism and universal strict epimorphism is exactly the current universal effective epimorphism
fga.190.sa.definition.2-4,190,definition,fga.190.sa,305,305,fr/190.tex:363,en/190.tex:349,D4B1565D97958A168CC0DA0A873BA40FF466497D555871869F47916DB620C1B5,descent,descent-section-fpqc-descent-quasi-coherent;descent-section-introduction,0239;023R,D000119,existing_equivalent,reviewed_combination,descent-definition-descent-datum;descent-lemma-refine-coverings-fully-faithful,023V;02W0,The category of schemes over the base with canonical descent data realizes the exposé's descent and strict-descent notions in the current scheme-level formalism
fga.190.sa.proposition.2-1,190,proposition,fga.190.sa,305,305,fr/190.tex:370,en/190.tex:356,D4B1565D97958A168CC0DA0A873BA40FF466497D555871869F47916DB620C1B5,descent,descent-section-fpqc-descent-quasi-coherent;descent-section-introduction,0239;023R,D000120,existing_equivalent,reviewed_combination,sites-definition-universal-effective-epimorphisms;stacks-lemma-stack-equivalences,00WP;02ZF,Under the stated finite-limit hypotheses both notions say that the canonical object-over-base descent functor is fully faithful after every base change
fga.190.sa.result.u.n01,190,result,fga.190.sa,305,306,fr/190.tex:374,en/190.tex:360,D4B1565D97958A168CC0DA0A873BA40FF466497D555871869F47916DB620C1B5,,,,D000339,existing_stronger,integrated_source,descent-lemma-finite-epimorphism-injective-functions;descent-lemma-finite-effective-epimorphism-functions;descent-theorem-finite-epimorphism-canonical-factorization,,The integrated source characterizes finite scheme epimorphisms by injectivity on functions and finite effective epimorphisms by the exact function equalizer; it then constructs the canonical finite sequence of finite effective epimorphisms over a Noetherian target proves termination and flat-base-change compatibility and shows minimality among all such factorizations
fga.190.sa.result.u.n01.eq.plus,190,equation,fga.190.sa.result.u.n01,305,305,fr/190.tex:384,en/190.tex:370,D4B1565D97958A168CC0DA0A873BA40FF466497D555871869F47916DB620C1B5,,,,,structural_only,inherits_parent,,,Embedded component; use the parent unit's semantic disposition.
fga.190.sa.result.u.n01.eq.u.n01,190,equation,fga.190.sa.result.u.n01,306,306,fr/190.tex:392,en/190.tex:378,D4B1565D97958A168CC0DA0A873BA40FF466497D555871869F47916DB620C1B5,,,,,structural_only,inherits_parent,,,Embedded component; use the parent unit's semantic disposition.
fga.190.sa.result.u.n01.eq.u.n02,190,equation,fga.190.sa.result.u.n01,306,306,fr/190.tex:400,en/190.tex:385,D4B1565D97958A168CC0DA0A873BA40FF466497D555871869F47916DB620C1B5,,,,,structural_only,inherits_parent,,,Embedded component; use the parent unit's semantic disposition.
fga.190.sa.result.u.n01.eq.u.n03,190,equation,fga.190.sa.result.u.n01,306,306,fr/190.tex:411,en/190.tex:396,D4B1565D97958A168CC0DA0A873BA40FF466497D555871869F47916DB620C1B5,,,,,structural_only,inherits_parent,,,Embedded component; use the parent unit's semantic disposition.
fga.190.sa.result.u.n02,190,result,fga.190.sa,306,307,fr/190.tex:423,en/190.tex:408,D4B1565D97958A168CC0DA0A873BA40FF466497D555871869F47916DB620C1B5,,,,D000340,existing_weaker,integrated_source,descent-lemma-equalizer-flat-module-descent;descent-lemma-effective-descent-flat-modules;descent-lemma-finite-effective-epimorphism-flat-schemes;descent-lemma-finite-effective-epimorphism-flat-quasi-coherent,,The integrated source proves fully faithful descent for flat modules from the ring equalizer and for flat schemes and flat quasi-coherent modules along a finite effective epimorphism; under the stronger universally injective hypothesis it proves effectivity for flat module descent data. The arbitrary finite coequalizer diagram and effectivity for every finite effective epimorphism remain residual
fga.190.sa.result.u.n02.eq.u.n01,190,equation,fga.190.sa.result.u.n02,306,306,fr/190.tex:429,en/190.tex:414,D4B1565D97958A168CC0DA0A873BA40FF466497D555871869F47916DB620C1B5,,,,,structural_only,inherits_parent,,,Embedded component; use the parent unit's semantic disposition.
fga.190.sa.result.u.n02.eq.u.n02,190,equation,fga.190.sa.result.u.n02,307,307,fr/190.tex:456,en/190.tex:439,D4B1565D97958A168CC0DA0A873BA40FF466497D555871869F47916DB620C1B5,,,,,structural_only,inherits_parent,,,Embedded component; use the parent unit's semantic disposition.
fga.190.sa.result.u.n02.eq.u.n03,190,equation,fga.190.sa.result.u.n02,307,307,fr/190.tex:464,en/190.tex:446,D4B1565D97958A168CC0DA0A873BA40FF466497D555871869F47916DB620C1B5,,,,,structural_only,inherits_parent,,,Embedded component; use the parent unit's semantic disposition.
fga.190.sa.result.u.n02.eq.u.n04,190,equation,fga.190.sa.result.u.n02,307,307,fr/190.tex:472,en/190.tex:453,D4B1565D97958A168CC0DA0A873BA40FF466497D555871869F47916DB620C1B5,,,,,structural_only,inherits_parent,,,Embedded component; use the parent unit's semantic disposition.
fga.190.sa.remark.u.n01,190,remark,fga.190.sa,307,312,fr/190.tex:481,en/190.tex:462,D4B1565D97958A168CC0DA0A873BA40FF466497D555871869F47916DB620C1B5,coherent-sheaf;cohomology;descent;descent-datum;effectivity;etale;finite-type;flatness;frobenius-radicial;fundamental-group;normality;picard-scheme;quotient,coherent-section-coherent-sheaves;cohomology-section-cech-cohomology-cohomology;descent-definition-effective;descent-section-descent-datum;descent-section-equivalence;descent-section-fpqc-descent-quasi-coherent;descent-section-introduction;groupoids-quotients-section-categorical;groupoids-quotients-section-geometric;groupoids-section-finite-flat-general;modules-section-coherent;more-morphisms-section-normal;morphisms-section-etale;morphisms-section-finite-type;morphisms-section-flat;morphisms-section-radicial;pic-section-picard-curve;pic-section-representability;pione-section-finite-etale;pione-section-fundamental-groups;properties-section-normal;varieties-section-frobenius,01BU;01EO;01S2;01T0;01U2;01XY;0239;023A;023R;023U;023Z;02GH;033H;038Z;03JD;048I;04AD;0B9P;0B9R;0BL6;0BQ8;0CC6,D000341,existing_stronger,integrated_source,etale-lemma-etale-analytification-local-isomorphism;pione-theorem-riemann-existence;pione-lemma-fundamental-group-complex;etale-cohomology-theorem-topological-invariance;cohomology-definition-cech-complex;stacks-definition-stack,04DZ;01EF;026F,The integrated source labels the analytic criterion for etaleness and states Riemann existence for every finite-type complex scheme without a normality hypothesis together with the profinite fundamental-group comparison; the existing universal-homeomorphism invariance and Cech and stack formalisms cover the algebraic and descent parts in greater generality
fga.190.sa.remark.u.n01.item.i,190,subitem,fga.190.sa.remark.u.n01,308,308,fr/190.tex:501,en/190.tex:481,D4B1565D97958A168CC0DA0A873BA40FF466497D555871869F47916DB620C1B5,,,,,structural_only,inherits_parent,,,Embedded component; use the parent unit's semantic disposition.
fga.190.sa.remark.u.n01.item.ii,190,subitem,fga.190.sa.remark.u.n01,308,308,fr/190.tex:502,en/190.tex:482,D4B1565D97958A168CC0DA0A873BA40FF466497D555871869F47916DB620C1B5,,,,,structural_only,inherits_parent,,,Embedded component; use the parent unit's semantic disposition.
fga.190.sa.remark.u.n01.eq.u.n01,190,equation,fga.190.sa.remark.u.n01,308,308,fr/190.tex:530,en/190.tex:509,D4B1565D97958A168CC0DA0A873BA40FF466497D555871869F47916DB620C1B5,,,,,structural_only,inherits_parent,,,Embedded component; use the parent unit's semantic disposition.
fga.190.sa.remark.u.n01.eq.u.n02,190,equation,fga.190.sa.remark.u.n01,309,309,fr/190.tex:559,en/190.tex:538,D4B1565D97958A168CC0DA0A873BA40FF466497D555871869F47916DB620C1B5,,,,,structural_only,inherits_parent,,,Embedded component; use the parent unit's semantic disposition.
fga.190.sa.remark.u.n01.eq.u.n03,190,equation,fga.190.sa.remark.u.n01,309,309,fr/190.tex:592,en/190.tex:569,D4B1565D97958A168CC0DA0A873BA40FF466497D555871869F47916DB620C1B5,,,,,structural_only,inherits_parent,,,Embedded component; use the parent unit's semantic disposition.
fga.190.sa.remark.u.n01.item.a,190,subitem,fga.190.sa.remark.u.n01,310,310,fr/190.tex:612,en/190.tex:589,D4B1565D97958A168CC0DA0A873BA40FF466497D555871869F47916DB620C1B5,,,,,structural_only,inherits_parent,,,Embedded component; use the parent unit's semantic disposition.
fga.190.sa.remark.u.n01.eq.u.n04,190,equation,fga.190.sa.remark.u.n01,310,310,fr/190.tex:628,en/190.tex:604,D4B1565D97958A168CC0DA0A873BA40FF466497D555871869F47916DB620C1B5,,,,,structural_only,inherits_parent,,,Embedded component; use the parent unit's semantic disposition.
fga.190.sa.remark.u.n01.eq.u.n05,190,equation,fga.190.sa.remark.u.n01,310,310,fr/190.tex:634,en/190.tex:609,D4B1565D97958A168CC0DA0A873BA40FF466497D555871869F47916DB620C1B5,,,,,structural_only,inherits_parent,,,Embedded component; use the parent unit's semantic disposition.
fga.190.sa.remark.u.n01.eq.u.n06,190,equation,fga.190.sa.remark.u.n01,311,311,fr/190.tex:654,en/190.tex:628,D4B1565D97958A168CC0DA0A873BA40FF466497D555871869F47916DB620C1B5,,,,,structural_only,inherits_parent,,,Embedded component; use the parent unit's semantic disposition.
fga.190.sa.remark.u.n01.eq.u.n07,190,equation,fga.190.sa.remark.u.n01,311,311,fr/190.tex:662,en/190.tex:636,D4B1565D97958A168CC0DA0A873BA40FF466497D555871869F47916DB620C1B5,,,,,structural_only,inherits_parent,,,Embedded component; use the parent unit's semantic disposition.
fga.190.sa.remark.u.n01.eq.u.n08,190,equation,fga.190.sa.remark.u.n01,311,311,fr/190.tex:668,en/190.tex:642,D4B1565D97958A168CC0DA0A873BA40FF466497D555871869F47916DB620C1B5,,,,,structural_only,inherits_parent,,,Embedded component; use the parent unit's semantic disposition.
fga.190.sa.remark.u.n01.eq.u.n09,190,equation,fga.190.sa.remark.u.n01,311,311,fr/190.tex:679,en/190.tex:652,D4B1565D97958A168CC0DA0A873BA40FF466497D555871869F47916DB620C1B5,,,,,structural_only,inherits_parent,,,Embedded component; use the parent unit's semantic disposition.
fga.190.sa.remark.u.n01.eq.u.n10,190,equation,fga.190.sa.remark.u.n01,311,311,fr/190.tex:684,en/190.tex:657,D4B1565D97958A168CC0DA0A873BA40FF466497D555871869F47916DB620C1B5,,,,,structural_only,inherits_parent,,,Embedded component; use the parent unit's semantic disposition.
fga.190.sa.remark.u.n01.item.b,190,subitem,fga.190.sa.remark.u.n01,311,311,fr/190.tex:689,en/190.tex:662,D4B1565D97958A168CC0DA0A873BA40FF466497D555871869F47916DB620C1B5,,,,,structural_only,inherits_parent,,,Embedded component; use the parent unit's semantic disposition.
fga.190.sa.remark.u.n01.eq.u.n11,190,equation,fga.190.sa.remark.u.n01,311,311,fr/190.tex:691,en/190.tex:664,D4B1565D97958A168CC0DA0A873BA40FF466497D555871869F47916DB620C1B5,,,,,structural_only,inherits_parent,,,Embedded component; use the parent unit's semantic disposition.
fga.190.sa.remark.u.n01.eq.u.n12,190,equation,fga.190.sa.remark.u.n01,311,311,fr/190.tex:697,en/190.tex:671,D4B1565D97958A168CC0DA0A873BA40FF466497D555871869F47916DB620C1B5,,,,,structural_only,inherits_parent,,,Embedded component; use the parent unit's semantic disposition.
fga.190.sa.remark.u.n01.item.c,190,subitem,fga.190.sa.remark.u.n01,311,311,fr/190.tex:706,en/190.tex:680,D4B1565D97958A168CC0DA0A873BA40FF466497D555871869F47916DB620C1B5,,,,,structural_only,inherits_parent,,,Embedded component; use the parent unit's semantic disposition.
fga.190.sa.remark.u.n01.eq.u.n13,190,equation,fga.190.sa.remark.u.n01,311,311,fr/190.tex:708,en/190.tex:682,D4B1565D97958A168CC0DA0A873BA40FF466497D555871869F47916DB620C1B5,,,,,structural_only,inherits_parent,,,Embedded component; use the parent unit's semantic disposition.
fga.190.sa.remark.u.n02,190,remark,fga.190.sa,312,312,fr/190.tex:732,en/190.tex:705,D4B1565D97958A168CC0DA0A873BA40FF466497D555871869F47916DB620C1B5,cohomology,cohomology-section-cech-cohomology-cohomology,01EO,D000124,historical_reference,reviewed_historical,cohomology-section-cech,01ED,The remark locates Cech and group cochain complexes historically while the modern cohomology chapters develop them independently and no mathematical addition is required
fga.190.sa.remark.u.n02.item.d,190,subitem,fga.190.sa.remark.u.n02,312,312,fr/190.tex:738,en/190.tex:711,D4B1565D97958A168CC0DA0A873BA40FF466497D555871869F47916DB620C1B5,,,,,structural_only,inherits_parent,,,Embedded component; use the parent unit's semantic disposition.
fga.190.sa.result.1.n02,190,result,fga.190.sa,312,312,fr/190.tex:738,en/190.tex:711,D4B1565D97958A168CC0DA0A873BA40FF466497D555871869F47916DB620C1B5,,,,D000125,existing_equivalent,reviewed_combination,cohomology-definition-cech-complex;etale-cohomology-definition-galois-cohomology,01EF;04JR,For a torsor under a discrete group the iterated fibre products identify the Cech cochains with homogeneous group cochains and hence identify their cohomology
fga.190.sa.result.1.n02.eq.u.n01,190,equation,fga.190.sa.result.1.n02,312,312,fr/190.tex:742,en/190.tex:714,D4B1565D97958A168CC0DA0A873BA40FF466497D555871869F47916DB620C1B5,,,,,structural_only,inherits_parent,,,Embedded component; use the parent unit's semantic disposition.
fga.190.sa.result.1.n02.item.e,190,subitem,fga.190.sa.result.1.n02,312,312,fr/190.tex:754,en/190.tex:725,D4B1565D97958A168CC0DA0A873BA40FF466497D555871869F47916DB620C1B5,,,,,structural_only,inherits_parent,,,Embedded component; use the parent unit's semantic disposition.
fga.190.sa.result.2.n02,190,result,fga.190.sa,312,314,fr/190.tex:754,en/190.tex:725,D4B1565D97958A168CC0DA0A873BA40FF466497D555871869F47916DB620C1B5,,,,D000126,historical_reference,reviewed_historical,groupoids-example-additive-group;groupoids-example-general-linear-group;descent-lemma-ff-exact;etale-cohomology-theorem-picard-group,022V;022W;023M;03P8,Modern fpqc descent and Hilbert 90 make the proved flat cases precise while the exposé's assertions under weaker exactness are explicitly reports of cases known to the speaker rather than general theorems
fga.190.sa.result.2.n02.eq.u.n01,190,equation,fga.190.sa.result.2.n02,312,312,fr/190.tex:757,en/190.tex:728,D4B1565D97958A168CC0DA0A873BA40FF466497D555871869F47916DB620C1B5,,,,,structural_only,inherits_parent,,,Embedded component; use the parent unit's semantic disposition.
fga.190.sa.result.2.n02.eq.u.n02,190,equation,fga.190.sa.result.2.n02,312,312,fr/190.tex:761,en/190.tex:732,D4B1565D97958A168CC0DA0A873BA40FF466497D555871869F47916DB620C1B5,,,,,structural_only,inherits_parent,,,Embedded component; use the parent unit's semantic disposition.
fga.190.sa.result.2.n02.eq.u.n03,190,equation,fga.190.sa.result.2.n02,313,313,fr/190.tex:769,en/190.tex:739,D4B1565D97958A168CC0DA0A873BA40FF466497D555871869F47916DB620C1B5,,,,,structural_only,inherits_parent,,,Embedded component; use the parent unit's semantic disposition.
fga.190.sa.result.2.n02.eq.u.n04,190,equation,fga.190.sa.result.2.n02,313,313,fr/190.tex:779,en/190.tex:749,D4B1565D97958A168CC0DA0A873BA40FF466497D555871869F47916DB620C1B5,,,,,structural_only,inherits_parent,,,Embedded component; use the parent unit's semantic disposition.
fga.190.sa.result.2.n02.item.i,190,subitem,fga.190.sa.result.2.n02,313,313,fr/190.tex:797,en/190.tex:767,D4B1565D97958A168CC0DA0A873BA40FF466497D555871869F47916DB620C1B5,,,,,structural_only,inherits_parent,,,Embedded component; use the parent unit's semantic disposition.
fga.190.sa.result.2.n02.eq.u.n05,190,equation,fga.190.sa.result.2.n02,313,313,fr/190.tex:798,en/190.tex:768,D4B1565D97958A168CC0DA0A873BA40FF466497D555871869F47916DB620C1B5,,,,,structural_only,inherits_parent,,,Embedded component; use the parent unit's semantic disposition.
fga.190.sa.result.2.n02.item.ii,190,subitem,fga.190.sa.result.2.n02,313,313,fr/190.tex:802,en/190.tex:772,D4B1565D97958A168CC0DA0A873BA40FF466497D555871869F47916DB620C1B5,,,,,structural_only,inherits_parent,,,Embedded component; use the parent unit's semantic disposition.
fga.190.sa.result.2.n02.item.iii,190,subitem,fga.190.sa.result.2.n02,313,313,fr/190.tex:808,en/190.tex:777,D4B1565D97958A168CC0DA0A873BA40FF466497D555871869F47916DB620C1B5,,,,,structural_only,inherits_parent,,,Embedded component; use the parent unit's semantic disposition.
fga.190.sa.result.2.n02.eq.u.n06,190,equation,fga.190.sa.result.2.n02,313,313,fr/190.tex:814,en/190.tex:783,D4B1565D97958A168CC0DA0A873BA40FF466497D555871869F47916DB620C1B5,,,,,structural_only,inherits_parent,,,Embedded component; use the parent unit's semantic disposition.
fga.190.sa.result.2.n02.eq.u.n07,190,equation,fga.190.sa.result.2.n02,313,313,fr/190.tex:820,en/190.tex:789,D4B1565D97958A168CC0DA0A873BA40FF466497D555871869F47916DB620C1B5,,,,,structural_only,inherits_parent,,,Embedded component; use the parent unit's semantic disposition.
fga.190.sa.result.2.n02.eq.u.n08,190,equation,fga.190.sa.result.2.n02,313,313,fr/190.tex:826,en/190.tex:795,D4B1565D97958A168CC0DA0A873BA40FF466497D555871869F47916DB620C1B5,,,,,structural_only,inherits_parent,,,Embedded component; use the parent unit's semantic disposition.
fga.190.sa.result.2.n02.eq.u.n09,190,equation,fga.190.sa.result.2.n02,313,313,fr/190.tex:834,en/190.tex:803,D4B1565D97958A168CC0DA0A873BA40FF466497D555871869F47916DB620C1B5,,,,,structural_only,inherits_parent,,,Embedded component; use the parent unit's semantic disposition.
fga.190.sa.result.2.n02.eq.u.n10,190,equation,fga.190.sa.result.2.n02,313,313,fr/190.tex:838,en/190.tex:807,D4B1565D97958A168CC0DA0A873BA40FF466497D555871869F47916DB620C1B5,,,,,structural_only,inherits_parent,,,Embedded component; use the parent unit's semantic disposition.
fga.190.sa.result.2.n02.eq.u.n11,190,equation,fga.190.sa.result.2.n02,314,314,fr/190.tex:849,en/190.tex:818,D4B1565D97958A168CC0DA0A873BA40FF466497D555871869F47916DB620C1B5,,,,,structural_only,inherits_parent,,,Embedded component; use the parent unit's semantic disposition.
fga.190.sa.result.2.n02.item.i.n02,190,subitem,fga.190.sa.result.2.n02,314,314,fr/190.tex:865,en/190.tex:835,D4B1565D97958A168CC0DA0A873BA40FF466497D555871869F47916DB620C1B5,,,,,structural_only,inherits_parent,,,Embedded component; use the parent unit's semantic disposition.
fga.190.sa.result.2.n02.item.ii.n02,190,subitem,fga.190.sa.result.2.n02,314,314,fr/190.tex:866,en/190.tex:836,D4B1565D97958A168CC0DA0A873BA40FF466497D555871869F47916DB620C1B5,,,,,structural_only,inherits_parent,,,Embedded component; use the parent unit's semantic disposition.
fga.190.sa.result.2.n02.item.iii.n02,190,subitem,fga.190.sa.result.2.n02,314,314,fr/190.tex:867,en/190.tex:837,D4B1565D97958A168CC0DA0A873BA40FF466497D555871869F47916DB620C1B5,,,,,structural_only,inherits_parent,,,Embedded component; use the parent unit's semantic disposition.
fga.190.sa.remark.u.n03,190,remark,fga.190.sa,314,314,fr/190.tex:874,en/190.tex:844,D4B1565D97958A168CC0DA0A873BA40FF466497D555871869F47916DB620C1B5,,,,D000127,historical_reference,reviewed_historical,etale-cohomology-definition-brauer-group;brauer-definition-brauer-group,03R5;074L,The Amitsur and Brauer comparison is historical framing and the current chapters give independent definitions and cohomological treatments
fga.190.sb,190,section,fga.190,314,327,fr/190.tex:880,en/190.tex:849,D4B1565D97958A168CC0DA0A873BA40FF466497D555871869F47916DB620C1B5,abelian-scheme;coherent-sheaf;cohomology;descent;descent-datum;effectivity;equivalence-relation;etale;faithfully-flat;finite-type;flatness;frobenius-radicial;group-scheme;picard-scheme;projectivity;properness;quasi-projectivity;quotient;separatedness;smoothness,coherent-section-coherent-sheaves;cohomology-section-cech-cohomology-cohomology;descent-definition-effective;descent-section-descent-datum;descent-section-equivalence;descent-section-fpqc-descent-quasi-coherent;descent-section-introduction;groupoids-quotients-section-categorical;groupoids-quotients-section-geometric;groupoids-section-abelian-varieties;groupoids-section-finite-flat-general;groupoids-section-group-schemes;groupoids-section-groupoids;groupoids-section-properties-group-schemes-field;modules-section-coherent;morphisms-section-etale;morphisms-section-finite-type;morphisms-section-flat;morphisms-section-projective;morphisms-section-proper;morphisms-section-quasi-projective;morphisms-section-radicial;morphisms-section-smooth;pic-section-picard-curve;pic-section-representability;pione-section-finite-etale;schemes-section-valuative-separatedness;spaces-section-spaces-from-equivalence-relations;varieties-section-frobenius,01BU;01EO;01KY;01S2;01T0;01U2;01V4;01VV;01W0;01W7;01XY;022R;0230;0239;023A;023R;023U;023Z;0264;02GH;03JD;047J;048I;04AD;0B9P;0B9R;0BF9;0BL6;0CC6,D000128,existing_stronger,reviewed_source_and_stacks,descent-section-fpqc-descent-quasi-coherent;descent-section-descending-properties-morphisms-fpqc;groupoids-section-principal-homogeneous,023R;02YJ;0497,The modern descent and groupoid chapters prove the faithfully flat foundations for families and a much larger inventory of morphism and torsor properties
fga.190.sb.definition.1-1,190,definition,fga.190.sb,314,315,fr/190.tex:885,en/190.tex:854,D4B1565D97958A168CC0DA0A873BA40FF466497D555871869F47916DB620C1B5,coherent-sheaf;faithfully-flat;flatness,coherent-section-coherent-sheaves;descent-section-fpqc-descent-quasi-coherent;modules-section-coherent;morphisms-section-flat,01BU;01U2;01XY;023R,D000129,existing_equivalent,reviewed_source_and_stacks,morphisms-definition-flat;algebra-definition-flat,01U3;00HB,The stalkwise definition of flatness and flat plus surjective definition of faithful flatness agree with the current scheme and ring definitions
fga.190.sb.definition.1-2,190,definition,fga.190.sb,315,315,fr/190.tex:912,en/190.tex:880,D4B1565D97958A168CC0DA0A873BA40FF466497D555871869F47916DB620C1B5,faithfully-flat;flatness,descent-section-fpqc-descent-quasi-coherent;morphisms-section-flat,01U2;023R,D000130,existing_equivalent,reviewed_source_and_stacks,schemes-definition-quasi-compact;schemes-lemma-quasi-compact-affine,01K3;01K4,Stacks uses the same inverse-image definition and proves that it is enough to test affine opens
fga.190.sb.theorem.1,190,theorem,fga.190.sb,315,315,fr/190.tex:924,en/190.tex:892,D4B1565D97958A168CC0DA0A873BA40FF466497D555871869F47916DB620C1B5,coherent-sheaf;descent;descent-datum;faithfully-flat;flatness,coherent-section-coherent-sheaves;descent-section-descent-datum;descent-section-equivalence;descent-section-fpqc-descent-quasi-coherent;descent-section-introduction;modules-section-coherent;morphisms-section-flat,01BU;01U2;01XY;0239;023A;023R;023U,D000131,existing_stronger,reviewed_source_and_stacks,descent-proposition-fpqc-descent-quasi-coherent;stacks-definition-stack,023T;026F,Quasi-coherent modules satisfy effective descent for arbitrary fpqc covering families which contains the single faithfully flat quasi-compact morphism theorem
fga.190.sb.theorem.1.item.i,190,subitem,fga.190.sb.theorem.1,315,315,fr/190.tex:931,en/190.tex:899,D4B1565D97958A168CC0DA0A873BA40FF466497D555871869F47916DB620C1B5,,,,,structural_only,inherits_parent,,,Embedded component; use the parent unit's semantic disposition.
fga.190.sb.theorem.1.eq.u.n01,190,equation,fga.190.sb.theorem.1,315,315,fr/190.tex:933,en/190.tex:901,D4B1565D97958A168CC0DA0A873BA40FF466497D555871869F47916DB620C1B5,,,,,structural_only,inherits_parent,,,Embedded component; use the parent unit's semantic disposition.
fga.190.sb.theorem.1.item.ii,190,subitem,fga.190.sb.theorem.1,315,315,fr/190.tex:941,en/190.tex:909,D4B1565D97958A168CC0DA0A873BA40FF466497D555871869F47916DB620C1B5,,,,,structural_only,inherits_parent,,,Embedded component; use the parent unit's semantic disposition.
fga.190.sb.corollary.1,190,corollary,fga.190.sb,315,316,fr/190.tex:948,en/190.tex:916,D4B1565D97958A168CC0DA0A873BA40FF466497D555871869F47916DB620C1B5,,,,D000132,existing_equivalent,reviewed_source_and_stacks,descent-lemma-sheaf-condition-holds,03DT,The fpqc sheaf condition for sections of every quasi-coherent module is exactly the displayed equalizer
fga.190.sb.corollary.1.eq.u.n01,190,equation,fga.190.sb.corollary.1,316,316,fr/190.tex:954,en/190.tex:922,D4B1565D97958A168CC0DA0A873BA40FF466497D555871869F47916DB620C1B5,,,,,structural_only,inherits_parent,,,Embedded component; use the parent unit's semantic disposition.
fga.190.sb.corollary.2,190,corollary,fga.190.sb,316,316,fr/190.tex:962,en/190.tex:930,D4B1565D97958A168CC0DA0A873BA40FF466497D555871869F47916DB620C1B5,cohomology;quotient,cohomology-section-cech-cohomology-cohomology;groupoids-quotients-section-categorical;groupoids-quotients-section-geometric;groupoids-section-finite-flat-general,01EO;03JD;048I;04AD,D000133,existing_equivalent,reviewed_combination,descent-proposition-fpqc-descent-quasi-coherent,023T,The equivalence of quasi-coherent categories under fpqc descent preserves and reflects monomorphisms and therefore gives the stated correspondence of subsheaves
fga.190.sb.corollary.2.eq.u.n01,190,equation,fga.190.sb.corollary.2,316,316,fr/190.tex:974,en/190.tex:941,D4B1565D97958A168CC0DA0A873BA40FF466497D555871869F47916DB620C1B5,,,,,structural_only,inherits_parent,,,Embedded component; use the parent unit's semantic disposition.
fga.190.sb.lemma.1-1,190,lemma,fga.190.sb,316,316,fr/190.tex:980,en/190.tex:947,D4B1565D97958A168CC0DA0A873BA40FF466497D555871869F47916DB620C1B5,cohomology;faithfully-flat;flatness,cohomology-section-cech-cohomology-cohomology;descent-section-fpqc-descent-quasi-coherent;morphisms-section-flat,01EO;01U2;023R,D000134,existing_equivalent,reviewed_source_and_stacks,descent-lemma-ff-exact;etale-cohomology-lemma-descent-modules,023M;03OA,Stacks states exactness of the same augmented Amitsur complex after tensoring with an arbitrary module
fga.190.sb.corollary.u.n01,190,corollary,fga.190.sb,316,317,fr/190.tex:994,en/190.tex:962,D4B1565D97958A168CC0DA0A873BA40FF466497D555871869F47916DB620C1B5,coherent-sheaf;descent;descent-datum;faithfully-flat;flatness,coherent-section-coherent-sheaves;descent-section-descent-datum;descent-section-equivalence;descent-section-fpqc-descent-quasi-coherent;descent-section-introduction;modules-section-coherent;morphisms-section-flat,01BU;01U2;01XY;0239;023A;023R;023U,D000135,existing_equivalent,reviewed_source_and_stacks,etale-cohomology-lemma-algebra-descent;descent-lemma-ff-exact,03O9;023M,The degree-zero identification and positive-degree vanishing are stated directly for a faithfully flat algebra
fga.190.sb.corollary.u.n01.eq.u.n01,190,equation,fga.190.sb.corollary.u.n01,316,316,fr/190.tex:996,en/190.tex:964,D4B1565D97958A168CC0DA0A873BA40FF466497D555871869F47916DB620C1B5,,,,,structural_only,inherits_parent,,,Embedded component; use the parent unit's semantic disposition.
fga.190.sb.theorem.2,190,theorem,fga.190.sb,317,317,fr/190.tex:1015,en/190.tex:982,D4B1565D97958A168CC0DA0A873BA40FF466497D555871869F47916DB620C1B5,descent;descent-datum,descent-section-descent-datum;descent-section-equivalence;descent-section-fpqc-descent-quasi-coherent;descent-section-introduction,0239;023A;023R;023U,D000136,existing_stronger,reviewed_source_and_stacks,descent-lemma-fpqc-universal-effective-epimorphisms;descent-lemma-affine;descent-lemma-refine-coverings-fully-faithful,023Q;0245;02W0,Every fpqc covering is universally effective for morphisms and affine schemes have effective fpqc descent while the pullback functor is fully faithful for all schemes
fga.190.sb.theorem.2.eq.u.n01,190,equation,fga.190.sb.theorem.2,317,317,fr/190.tex:1025,en/190.tex:991,D4B1565D97958A168CC0DA0A873BA40FF466497D555871869F47916DB620C1B5,,,,,structural_only,inherits_parent,,,Embedded component; use the parent unit's semantic disposition.
fga.190.sb.lemma.1-2,190,lemma,fga.190.sb,317,318,fr/190.tex:1040,en/190.tex:1005,D4B1565D97958A168CC0DA0A873BA40FF466497D555871869F47916DB620C1B5,descent;descent-datum;effectivity;faithfully-flat;flatness;frobenius-radicial;projectivity;properness;quasi-projectivity;quotient,descent-definition-effective;descent-section-descent-datum;descent-section-equivalence;descent-section-fpqc-descent-quasi-coherent;descent-section-introduction;groupoids-quotients-section-categorical;groupoids-quotients-section-geometric;groupoids-section-finite-flat-general;morphisms-section-flat;morphisms-section-projective;morphisms-section-proper;morphisms-section-quasi-projective;morphisms-section-radicial;varieties-section-frobenius,01S2;01U2;01VV;01W0;01W7;0239;023A;023R;023U;023Z;03JD;048I;04AD;0CC6,D000137,existing_equivalent,reviewed_source_and_stacks,morphisms-lemma-fpqc-quotient-topology;etale-theorem-flat-is-quotient,02JY;0256,Stacks proves that surjective flat morphisms are quotient maps and records the fpqc quotient-topology form used here
fga.190.sb.theorem.3,190,theorem,fga.190.sb,318,318,fr/190.tex:1069,en/190.tex:1033,D4B1565D97958A168CC0DA0A873BA40FF466497D555871869F47916DB620C1B5,descent;faithfully-flat;flatness;frobenius-radicial;projectivity;quasi-projectivity,descent-section-fpqc-descent-quasi-coherent;descent-section-introduction;morphisms-section-flat;morphisms-section-projective;morphisms-section-quasi-projective;morphisms-section-radicial;varieties-section-frobenius,01S2;01U2;01VV;01W7;0239;023R;0CC6,D000342,existing_weaker,integrated_source,groupoids-lemma-descend-along-fpqc-radicial;groupoids-lemma-descend-along-finite-quasi-projective,0CCJ,The integrated source proves effectivity for arbitrary scheme descent data along every surjective quasi-compact flat radicial morphism with exactly the historical generality; the finite quasi-projective branch remains available only for surjective finite locally free morphisms while a finite faithfully flat morphism need not be finite locally free over an arbitrary base
fga.190.sb.remark.u.n01,190,remark,fga.190.sb,318,324,fr/190.tex:1075,en/190.tex:1039,D4B1565D97958A168CC0DA0A873BA40FF466497D555871869F47916DB620C1B5,abelian-scheme;coherent-sheaf;descent;descent-datum;effectivity;equivalence-relation;etale;faithfully-flat;finite-type;flatness;frobenius-radicial;picard-scheme;projectivity;properness;quasi-projectivity;separatedness;smoothness,coherent-section-coherent-sheaves;descent-definition-effective;descent-section-descent-datum;descent-section-equivalence;descent-section-fpqc-descent-quasi-coherent;descent-section-introduction;groupoids-section-abelian-varieties;groupoids-section-groupoids;modules-section-coherent;morphisms-section-etale;morphisms-section-finite-type;morphisms-section-flat;morphisms-section-projective;morphisms-section-proper;morphisms-section-quasi-projective;morphisms-section-radicial;morphisms-section-smooth;pic-section-picard-curve;pic-section-representability;pione-section-finite-etale;schemes-section-valuative-separatedness;spaces-section-spaces-from-equivalence-relations;varieties-section-frobenius,01BU;01KY;01S2;01T0;01U2;01V4;01VV;01W0;01W7;01XY;0230;0239;023A;023R;023U;023Z;0264;02GH;0B9P;0B9R;0BF9;0BL6;0CC6,D000343,extend_existing,integrated_source,descent-lemma-finite-locally-free-endomorphism-descent;descent-lemma-height-one-differential-operators;descent-proposition-cartier-descent-modules;descent-lemma-cartier-descent-algebras;groupoids-lemma-descend-along-fpqc-radicial;descent-section-descending-properties-morphisms-fpqc;cotangent-section-atiyah-general,02YJ;09DF,The integrated source identifies finite locally free descent data with modules over the endomorphism algebra proves the explicit height-one p-basis differential-operator presentation and derives effective Cartier descent for modules algebras and affine schemes by horizontal sections; general radicial scheme effectivity and the fpqc property inventory are also present while the precise Atiyah--Cartier line-bundle rationality criterion remains to be integrated
fga.190.sb.remark.u.n01.eq.u.n01,190,equation,fga.190.sb.remark.u.n01,319,319,fr/190.tex:1138,en/190.tex:1101,D4B1565D97958A168CC0DA0A873BA40FF466497D555871869F47916DB620C1B5,,,,,structural_only,inherits_parent,,,Embedded component; use the parent unit's semantic disposition.
fga.190.sb.remark.u.n01.eq.u.n02,190,equation,fga.190.sb.remark.u.n01,319,319,fr/190.tex:1148,en/190.tex:1111,D4B1565D97958A168CC0DA0A873BA40FF466497D555871869F47916DB620C1B5,,,,,structural_only,inherits_parent,,,Embedded component; use the parent unit's semantic disposition.
fga.190.sb.remark.u.n01.eq.3-1,190,equation,fga.190.sb.remark.u.n01,319,319,fr/190.tex:1158,en/190.tex:1121,D4B1565D97958A168CC0DA0A873BA40FF466497D555871869F47916DB620C1B5,,,,,structural_only,inherits_parent,,,Embedded component; use the parent unit's semantic disposition.
fga.190.sb.remark.u.n01.eq.3-2,190,equation,fga.190.sb.remark.u.n01,319,319,fr/190.tex:1166,en/190.tex:1129,D4B1565D97958A168CC0DA0A873BA40FF466497D555871869F47916DB620C1B5,,,,,structural_only,inherits_parent,,,Embedded component; use the parent unit's semantic disposition.
fga.190.sb.remark.u.n01.eq.3-3,190,equation,fga.190.sb.remark.u.n01,319,319,fr/190.tex:1172,en/190.tex:1135,D4B1565D97958A168CC0DA0A873BA40FF466497D555871869F47916DB620C1B5,,,,,structural_only,inherits_parent,,,Embedded component; use the parent unit's semantic disposition.
fga.190.sb.remark.u.n01.eq.u.n03,190,equation,fga.190.sb.remark.u.n01,319,319,fr/190.tex:1183,en/190.tex:1145,D4B1565D97958A168CC0DA0A873BA40FF466497D555871869F47916DB620C1B5,,,,,structural_only,inherits_parent,,,Embedded component; use the parent unit's semantic disposition.
fga.190.sb.remark.u.n01.eq.u.n04,190,equation,fga.190.sb.remark.u.n01,320,320,fr/190.tex:1191,en/190.tex:1153,D4B1565D97958A168CC0DA0A873BA40FF466497D555871869F47916DB620C1B5,,,,,structural_only,inherits_parent,,,Embedded component; use the parent unit's semantic disposition.
fga.190.sb.remark.u.n01.eq.u.n05,190,equation,fga.190.sb.remark.u.n01,320,320,fr/190.tex:1200,en/190.tex:1162,D4B1565D97958A168CC0DA0A873BA40FF466497D555871869F47916DB620C1B5,,,,,structural_only,inherits_parent,,,Embedded component; use the parent unit's semantic disposition.
fga.190.sb.remark.u.n01.eq.u.n06,190,equation,fga.190.sb.remark.u.n01,320,320,fr/190.tex:1206,en/190.tex:1168,D4B1565D97958A168CC0DA0A873BA40FF466497D555871869F47916DB620C1B5,,,,,structural_only,inherits_parent,,,Embedded component; use the parent unit's semantic disposition.
fga.190.sb.remark.u.n01.eq.3-4,190,equation,fga.190.sb.remark.u.n01,320,320,fr/190.tex:1211,en/190.tex:1173,D4B1565D97958A168CC0DA0A873BA40FF466497D555871869F47916DB620C1B5,,,,,structural_only,inherits_parent,,,Embedded component; use the parent unit's semantic disposition.
fga.190.sb.remark.u.n01.eq.u.n07,190,equation,fga.190.sb.remark.u.n01,320,320,fr/190.tex:1232,en/190.tex:1193,D4B1565D97958A168CC0DA0A873BA40FF466497D555871869F47916DB620C1B5,,,,,structural_only,inherits_parent,,,Embedded component; use the parent unit's semantic disposition.
fga.190.sb.remark.u.n01.eq.u.n08,190,equation,fga.190.sb.remark.u.n01,320,320,fr/190.tex:1237,en/190.tex:1198,D4B1565D97958A168CC0DA0A873BA40FF466497D555871869F47916DB620C1B5,,,,,structural_only,inherits_parent,,,Embedded component; use the parent unit's semantic disposition.
fga.190.sb.remark.u.n01.eq.3-5,190,equation,fga.190.sb.remark.u.n01,321,321,fr/190.tex:1271,en/190.tex:1232,D4B1565D97958A168CC0DA0A873BA40FF466497D555871869F47916DB620C1B5,,,,,structural_only,inherits_parent,,,Embedded component; use the parent unit's semantic disposition.
fga.190.sb.remark.u.n01.eq.3-6,190,equation,fga.190.sb.remark.u.n01,321,321,fr/190.tex:1281,en/190.tex:1242,D4B1565D97958A168CC0DA0A873BA40FF466497D555871869F47916DB620C1B5,,,,,structural_only,inherits_parent,,,Embedded component; use the parent unit's semantic disposition.
fga.190.sb.remark.u.n01.eq.3-7,190,equation,fga.190.sb.remark.u.n01,321,321,fr/190.tex:1296,en/190.tex:1256,D4B1565D97958A168CC0DA0A873BA40FF466497D555871869F47916DB620C1B5,,,,,structural_only,inherits_parent,,,Embedded component; use the parent unit's semantic disposition.
fga.190.sb.remark.u.n01.eq.u.n09,190,equation,fga.190.sb.remark.u.n01,323,323,fr/190.tex:1365,en/190.tex:1323,D4B1565D97958A168CC0DA0A873BA40FF466497D555871869F47916DB620C1B5,,,,,structural_only,inherits_parent,,,Embedded component; use the parent unit's semantic disposition.
fga.190.sb.remark.u.n01.eq.u.n10,190,equation,fga.190.sb.remark.u.n01,323,323,fr/190.tex:1376,en/190.tex:1334,D4B1565D97958A168CC0DA0A873BA40FF466497D555871869F47916DB620C1B5,,,,,structural_only,inherits_parent,,,Embedded component; use the parent unit's semantic disposition.
fga.190.sb.remark.u.n01.eq.u.n11,190,equation,fga.190.sb.remark.u.n01,323,323,fr/190.tex:1381,en/190.tex:1339,D4B1565D97958A168CC0DA0A873BA40FF466497D555871869F47916DB620C1B5,,,,,structural_only,inherits_parent,,,Embedded component; use the parent unit's semantic disposition.
fga.190.sb.remark.u.n01.eq.u.n12,190,equation,fga.190.sb.remark.u.n01,323,323,fr/190.tex:1387,en/190.tex:1345,D4B1565D97958A168CC0DA0A873BA40FF466497D555871869F47916DB620C1B5,,,,,structural_only,inherits_parent,,,Embedded component; use the parent unit's semantic disposition.
fga.190.sb.remark.u.n01.eq.u.n13,190,equation,fga.190.sb.remark.u.n01,323,323,fr/190.tex:1393,en/190.tex:1351,D4B1565D97958A168CC0DA0A873BA40FF466497D555871869F47916DB620C1B5,,,,,structural_only,inherits_parent,,,Embedded component; use the parent unit's semantic disposition.
fga.190.sb.proposition.5-1,190,proposition,fga.190.sb,324,324,fr/190.tex:1445,en/190.tex:1401,D4B1565D97958A168CC0DA0A873BA40FF466497D555871869F47916DB620C1B5,abelian-scheme;etale;projectivity,groupoids-section-abelian-varieties;morphisms-section-etale;morphisms-section-projective;pione-section-finite-etale,01W7;02GH;0BF9;0BL6,D000140,new_statement,reviewed_gap,groupoids-section-abelian-varieties;groupoids-lemma-descend-along-finite-quasi-projective;examples-remark-torsors-over-regular,0BF9;0CCJ;0H8E,The current material supplies abelian varieties finite descent and extension of rational sections over regular bases but does not state the descent theorem for an abelian model from an unramified generic-field extension
fga.190.sb.remark.u.n02,190,remark,fga.190.sb,324,326,fr/190.tex:1455,en/190.tex:1411,D4B1565D97958A168CC0DA0A873BA40FF466497D555871869F47916DB620C1B5,etale;faithfully-flat;finite-type;flatness;group-scheme;projectivity;smoothness,descent-section-fpqc-descent-quasi-coherent;groupoids-section-group-schemes;groupoids-section-properties-group-schemes-field;morphisms-section-etale;morphisms-section-finite-type;morphisms-section-flat;morphisms-section-projective;morphisms-section-smooth;pione-section-finite-etale,01T0;01U2;01V4;01W7;022R;023R;02GH;047J;0BL6,D000141,existing_stronger,reviewed_source_and_stacks,groupoids-definition-principal-homogeneous-space;more-morphisms-lemma-etale-nbhd-dominates-smooth;examples-stacks-lemma-torsors-stack-in-groupoids,049A;055U;04US,The modern fpqc torsor definition and etale-local sections for smooth morphisms organize the local triviality criteria more generally while preserving the historical open questions as history
fga.190.sb.remark.u.n02.eq.u.n01,190,equation,fga.190.sb.remark.u.n02,324,324,fr/190.tex:1468,en/190.tex:1424,D4B1565D97958A168CC0DA0A873BA40FF466497D555871869F47916DB620C1B5,,,,,structural_only,inherits_parent,,,Embedded component; use the parent unit's semantic disposition.
fga.190.sb.remark.u.n02.eq.u.n02,190,equation,fga.190.sb.remark.u.n02,325,325,fr/190.tex:1480,en/190.tex:1436,D4B1565D97958A168CC0DA0A873BA40FF466497D555871869F47916DB620C1B5,,,,,structural_only,inherits_parent,,,Embedded component; use the parent unit's semantic disposition.
fga.190.sb.remark.u.n02.eq.u.n03,190,equation,fga.190.sb.remark.u.n02,325,325,fr/190.tex:1487,en/190.tex:1443,D4B1565D97958A168CC0DA0A873BA40FF466497D555871869F47916DB620C1B5,,,,,structural_only,inherits_parent,,,Embedded component; use the parent unit's semantic disposition.
fga.190.sb.remark.u.n02.eq.u.n04,190,equation,fga.190.sb.remark.u.n02,326,326,fr/190.tex:1528,en/190.tex:1484,D4B1565D97958A168CC0DA0A873BA40FF466497D555871869F47916DB620C1B5,,,,,structural_only,inherits_parent,,,Embedded component; use the parent unit's semantic disposition.
fga.190.sb.remark.u.n02.eq.u.n05,190,equation,fga.190.sb.remark.u.n02,326,326,fr/190.tex:1532,en/190.tex:1488,D4B1565D97958A168CC0DA0A873BA40FF466497D555871869F47916DB620C1B5,,,,,structural_only,inherits_parent,,,Embedded component; use the parent unit's semantic disposition.
fga.190.sb.proposition.6-1,190,proposition,fga.190.sb,326,326,fr/190.tex:1550,en/190.tex:1505,D4B1565D97958A168CC0DA0A873BA40FF466497D555871869F47916DB620C1B5,descent;flatness;quotient;smoothness,descent-section-fpqc-descent-quasi-coherent;descent-section-introduction;groupoids-quotients-section-categorical;groupoids-quotients-section-geometric;groupoids-section-finite-flat-general;morphisms-section-flat;morphisms-section-smooth,01U2;01V4;0239;023R;03JD;048I;04AD,D000142,extend_existing,reviewed_gap,groupoids-remark-fun-with-torsors;descent-lemma-finite-locally-free-descends;groupoids-section-principal-homogeneous,049C;05B2;0497,Stacks states Zariski local triviality for GL_n torsors but does not package all of the added SL_n Sp_n quotient and isotriviality consequences in this source unit
fga.190.sb.remark.u.n03,190,remark,fga.190.sb,326,327,fr/190.tex:1574,en/190.tex:1528,D4B1565D97958A168CC0DA0A873BA40FF466497D555871869F47916DB620C1B5,descent;descent-datum;effectivity;faithfully-flat;flatness;quotient,descent-definition-effective;descent-section-descent-datum;descent-section-equivalence;descent-section-fpqc-descent-quasi-coherent;descent-section-introduction;groupoids-quotients-section-categorical;groupoids-quotients-section-geometric;groupoids-section-finite-flat-general;morphisms-section-flat,01U2;0239;023A;023R;023U;023Z;03JD;048I;04AD,D000143,historical_reference,reviewed_historical,descent-lemma-affine;descent-lemma-quasi-affine;examples-lemma-non-effective-descent-projective,0245;0247;08KF,The historical warning is now resolved in important positive and negative directions by affine and quasi-affine effectivity and explicit non-effective projective descent
fga.190.bib,190,bibliography,fga.190,327,327,fr/190.tex:1581,en/190.tex:1535,D4B1565D97958A168CC0DA0A873BA40FF466497D555871869F47916DB620C1B5,,,,,structural_only,classified,,,Source or corpus structure; no independent Stacks object.
fga.190.bib.ref.1,190,bibliography_item,fga.190.bib,327,327,fr/190.tex:1585,en/190.tex:1541,D4B1565D97958A168CC0DA0A873BA40FF466497D555871869F47916DB620C1B5,,,,,structural_only,classified,,,Source or corpus structure; no independent Stacks object.
fga.190.bib.ref.2,190,bibliography_item,fga.190.bib,327,327,fr/190.tex:1588,en/190.tex:1544,D4B1565D97958A168CC0DA0A873BA40FF466497D555871869F47916DB620C1B5,,,,,structural_only,classified,,,Source or corpus structure; no independent Stacks object.
fga.190.bib.ref.3,190,bibliography_item,fga.190.bib,327,327,fr/190.tex:1590,en/190.tex:1546,D4B1565D97958A168CC0DA0A873BA40FF466497D555871869F47916DB620C1B5,,,,,structural_only,classified,,,Source or corpus structure; no independent Stacks object.
fga.190.bib.ref.4,190,bibliography_item,fga.190.bib,327,327,fr/190.tex:1592,en/190.tex:1548,D4B1565D97958A168CC0DA0A873BA40FF466497D555871869F47916DB620C1B5,,,,,structural_only,classified,,,Source or corpus structure; no independent Stacks object.
fga.190.bib.ref.5,190,bibliography_item,fga.190.bib,327,327,fr/190.tex:1595,en/190.tex:1551,D4B1565D97958A168CC0DA0A873BA40FF466497D555871869F47916DB620C1B5,,,,,structural_only,classified,,,Source or corpus structure; no independent Stacks object.
fga.190.bib.ref.6,190,bibliography_item,fga.190.bib,327,327,fr/190.tex:1597,en/190.tex:1553,D4B1565D97958A168CC0DA0A873BA40FF466497D555871869F47916DB620C1B5,,,,,structural_only,classified,,,Source or corpus structure; no independent Stacks object.
fga.e190,e190,erratum,fga,300,300,fr/e190.tex:1,en/e190.tex:1,8CF23140CC5B7788F6FF17F33925BDE141DA5E73B0FEC66650BF8DE817DA7520,abelian-scheme;descent;etale;existence-theorem;faithfully-flat;flatness;projectivity;properness;smoothness,coherent-section-existence;coherent-section-existence-proper;descent-section-fpqc-descent-quasi-coherent;descent-section-introduction;groupoids-section-abelian-varieties;morphisms-section-etale;morphisms-section-flat;morphisms-section-projective;morphisms-section-proper;morphisms-section-smooth;pione-section-finite-etale,01U2;01V4;01W0;01W7;0239;023R;02GH;087V;0886;0BF9;0BL6,D000144,historical_reference,reviewed_historical,examples-lemma-non-effective-descent-projective;groupoids-definition-principal-homogeneous-space,08KF;049A,The erratum reverses overbroad claims and records nonprojective torsor phenomena that belong in provenance rather than as a new current theorem
fga.e190.p300,e190,source_page,fga.e190,300,300,fr/e190.tex:5,en/e190.tex:5,8CF23140CC5B7788F6FF17F33925BDE141DA5E73B0FEC66650BF8DE817DA7520,,,,,structural_only,classified,,,Source or corpus structure; no independent Stacks object.
fga.e190.item.u.n01,e190,subitem,fga.e190,300,300,fr/e190.tex:7,en/e190.tex:7,8CF23140CC5B7788F6FF17F33925BDE141DA5E73B0FEC66650BF8DE817DA7520,,,,,structural_only,inherits_parent,,,Embedded component; use the parent unit's semantic disposition.
fga.e190.item.u.n02,e190,subitem,fga.e190,300,300,fr/e190.tex:15,en/e190.tex:14,8CF23140CC5B7788F6FF17F33925BDE141DA5E73B0FEC66650BF8DE817DA7520,,,,,structural_only,inherits_parent,,,Embedded component; use the parent unit's semantic disposition.
fga.e190.item.u.n03,e190,subitem,fga.e190,300,300,fr/e190.tex:22,en/e190.tex:20,8CF23140CC5B7788F6FF17F33925BDE141DA5E73B0FEC66650BF8DE817DA7520,,,,,structural_only,inherits_parent,,,Embedded component; use the parent unit's semantic disposition.
fga.e190.item.u.n04,e190,subitem,fga.e190,300,300,fr/e190.tex:25,en/e190.tex:23,8CF23140CC5B7788F6FF17F33925BDE141DA5E73B0FEC66650BF8DE817DA7520,,,,,structural_only,inherits_parent,,,Embedded component; use the parent unit's semantic disposition.
fga.e190.item.u.n05,e190,subitem,fga.e190,300,300,fr/e190.tex:36,en/e190.tex:34,8CF23140CC5B7788F6FF17F33925BDE141DA5E73B0FEC66650BF8DE817DA7520,,,,,structural_only,inherits_parent,,,Embedded component; use the parent unit's semantic disposition.
fga.195,195,expose,fga,369,390,fr/195.tex:1,en/195.tex:1,53EEFE9CC5C181E164799F64FD2603289832B77AAC8378EDAC3EF49E58255670,abelian-scheme;coherent-sheaf;connected-component;descent;descent-datum;effectivity;equivalence-relation;etale;existence-theorem;ext-functor;faithfully-flat;finite-type;flatness;formal-geometry;formal-scheme;fundamental-group;group-scheme;hilbert-scheme;normality;picard-functor;picard-scheme;projectivity;properness;quasi-projectivity;quotient;representability;separatedness;smoothness;tame-ramification,algebraic-section-representable-by-algebraic-spaces;algebraization-section-introduction;categories-section-representable;coherent-section-coherent-sheaves;coherent-section-existence;coherent-section-existence-proper;cohomology-section-ext;derived-section-ext;descent-definition-effective;descent-section-descent-datum;descent-section-equivalence;descent-section-fpqc-descent-quasi-coherent;descent-section-introduction;formal-spaces-section-formal-schemes-EGA;groupoids-quotients-section-categorical;groupoids-quotients-section-geometric;groupoids-section-abelian-varieties;groupoids-section-finite-flat-general;groupoids-section-group-schemes;groupoids-section-groupoids;groupoids-section-properties-group-schemes-field;modules-section-coherent;moduli-section-picard-functor;more-morphisms-section-connected;more-morphisms-section-normal;morphisms-section-etale;morphisms-section-finite-type;morphisms-section-flat;morphisms-section-projective;morphisms-section-proper;morphisms-section-quasi-projective;morphisms-section-smooth;pic-section-hilbert-scheme-points;pic-section-picard-curve;pic-section-picard-functor;pic-section-representability;pione-section-finite-etale;pione-section-fundamental-groups;pione-section-tame;properties-section-normal;quot-section-hilb;quot-section-picard-functor;schemes-section-valuative-separatedness;spaces-section-spaces-from-equivalence-relations;topology-section-connected-components,004R;01BU;01KY;01T0;01U2;01V4;01VV;01W0;01W7;01XY;022R;0230;0239;023A;023R;023U;023Z;0264;02GH;02ZV;033H;038Z;03JD;047J;048I;04AD;055C;06XP;087V;0886;0AHM;0AHY;0B94;0B9K;0B9P;0B9R;0BF9;0BL6;0BQ8;0BQP;0BSE;0CZX;0D24;0DMD;0EI6,,structural_only,classified,,,Source or corpus structure; no independent Stacks object.
fga.195.p369,195,source_page,fga.195,369,369,fr/195.tex:3,en/195.tex:3,53EEFE9CC5C181E164799F64FD2603289832B77AAC8378EDAC3EF49E58255670,,,,,structural_only,classified,,,Source or corpus structure; no independent Stacks object.
fga.195.p370,195,source_page,fga.195,370,370,fr/195.tex:57,en/195.tex:53,53EEFE9CC5C181E164799F64FD2603289832B77AAC8378EDAC3EF49E58255670,,,,,structural_only,classified,,,Source or corpus structure; no independent Stacks object.
fga.195.p371,195,source_page,fga.195,371,371,fr/195.tex:110,en/195.tex:103,53EEFE9CC5C181E164799F64FD2603289832B77AAC8378EDAC3EF49E58255670,,,,,structural_only,classified,,,Source or corpus structure; no independent Stacks object.
fga.195.p372,195,source_page,fga.195,372,372,fr/195.tex:166,en/195.tex:158,53EEFE9CC5C181E164799F64FD2603289832B77AAC8378EDAC3EF49E58255670,,,,,structural_only,classified,,,Source or corpus structure; no independent Stacks object.
fga.195.p373,195,source_page,fga.195,373,373,fr/195.tex:224,en/195.tex:215,53EEFE9CC5C181E164799F64FD2603289832B77AAC8378EDAC3EF49E58255670,,,,,structural_only,classified,,,Source or corpus structure; no independent Stacks object.
fga.195.p374,195,source_page,fga.195,374,374,fr/195.tex:277,en/195.tex:269,53EEFE9CC5C181E164799F64FD2603289832B77AAC8378EDAC3EF49E58255670,,,,,structural_only,classified,,,Source or corpus structure; no independent Stacks object.
fga.195.p375,195,source_page,fga.195,375,375,fr/195.tex:331,en/195.tex:320,53EEFE9CC5C181E164799F64FD2603289832B77AAC8378EDAC3EF49E58255670,,,,,structural_only,classified,,,Source or corpus structure; no independent Stacks object.
fga.195.p376,195,source_page,fga.195,376,376,fr/195.tex:382,en/195.tex:370,53EEFE9CC5C181E164799F64FD2603289832B77AAC8378EDAC3EF49E58255670,,,,,structural_only,classified,,,Source or corpus structure; no independent Stacks object.
fga.195.p377,195,source_page,fga.195,377,377,fr/195.tex:449,en/195.tex:435,53EEFE9CC5C181E164799F64FD2603289832B77AAC8378EDAC3EF49E58255670,,,,,structural_only,classified,,,Source or corpus structure; no independent Stacks object.
fga.195.p378,195,source_page,fga.195,378,378,fr/195.tex:498,en/195.tex:482,53EEFE9CC5C181E164799F64FD2603289832B77AAC8378EDAC3EF49E58255670,,,,,structural_only,classified,,,Source or corpus structure; no independent Stacks object.
fga.195.p379,195,source_page,fga.195,379,379,fr/195.tex:552,en/195.tex:534,53EEFE9CC5C181E164799F64FD2603289832B77AAC8378EDAC3EF49E58255670,,,,,structural_only,classified,,,Source or corpus structure; no independent Stacks object.
fga.195.p380,195,source_page,fga.195,380,380,fr/195.tex:600,en/195.tex:579,53EEFE9CC5C181E164799F64FD2603289832B77AAC8378EDAC3EF49E58255670,,,,,structural_only,classified,,,Source or corpus structure; no independent Stacks object.
fga.195.p381,195,source_page,fga.195,381,381,fr/195.tex:652,en/195.tex:626,53EEFE9CC5C181E164799F64FD2603289832B77AAC8378EDAC3EF49E58255670,,,,,structural_only,classified,,,Source or corpus structure; no independent Stacks object.
fga.195.p382,195,source_page,fga.195,382,382,fr/195.tex:704,en/195.tex:678,53EEFE9CC5C181E164799F64FD2603289832B77AAC8378EDAC3EF49E58255670,,,,,structural_only,classified,,,Source or corpus structure; no independent Stacks object.
fga.195.p383,195,source_page,fga.195,383,383,fr/195.tex:752,en/195.tex:724,53EEFE9CC5C181E164799F64FD2603289832B77AAC8378EDAC3EF49E58255670,,,,,structural_only,classified,,,Source or corpus structure; no independent Stacks object.
fga.195.p384,195,source_page,fga.195,384,384,fr/195.tex:828,en/195.tex:796,53EEFE9CC5C181E164799F64FD2603289832B77AAC8378EDAC3EF49E58255670,,,,,structural_only,classified,,,Source or corpus structure; no independent Stacks object.
fga.195.p385,195,source_page,fga.195,385,385,fr/195.tex:860,en/195.tex:827,53EEFE9CC5C181E164799F64FD2603289832B77AAC8378EDAC3EF49E58255670,,,,,structural_only,classified,,,Source or corpus structure; no independent Stacks object.
fga.195.p386,195,source_page,fga.195,386,386,fr/195.tex:908,en/195.tex:872,53EEFE9CC5C181E164799F64FD2603289832B77AAC8378EDAC3EF49E58255670,,,,,structural_only,classified,,,Source or corpus structure; no independent Stacks object.
fga.195.p387,195,source_page,fga.195,387,387,fr/195.tex:961,en/195.tex:920,53EEFE9CC5C181E164799F64FD2603289832B77AAC8378EDAC3EF49E58255670,,,,,structural_only,classified,,,Source or corpus structure; no independent Stacks object.
fga.195.p388,195,source_page,fga.195,388,388,fr/195.tex:1023,en/195.tex:981,53EEFE9CC5C181E164799F64FD2603289832B77AAC8378EDAC3EF49E58255670,,,,,structural_only,classified,,,Source or corpus structure; no independent Stacks object.
fga.195.p389,195,source_page,fga.195,389,389,fr/195.tex:1092,en/195.tex:1048,53EEFE9CC5C181E164799F64FD2603289832B77AAC8378EDAC3EF49E58255670,,,,,structural_only,classified,,,Source or corpus structure; no independent Stacks object.
fga.195.p390,195,source_page,fga.195,390,390,fr/195.tex:1136,en/195.tex:1090,53EEFE9CC5C181E164799F64FD2603289832B77AAC8378EDAC3EF49E58255670,,,,,structural_only,classified,,,Source or corpus structure; no independent Stacks object.
fga.195.sa,195,section,fga.195,369,377,fr/195.tex:9,en/195.tex:9,53EEFE9CC5C181E164799F64FD2603289832B77AAC8378EDAC3EF49E58255670,etale;finite-type;formal-scheme;group-scheme;projectivity;quotient;representability;separatedness;smoothness,algebraic-section-representable-by-algebraic-spaces;categories-section-representable;formal-spaces-section-formal-schemes-EGA;groupoids-quotients-section-categorical;groupoids-quotients-section-geometric;groupoids-section-finite-flat-general;groupoids-section-group-schemes;groupoids-section-properties-group-schemes-field;morphisms-section-etale;morphisms-section-finite-type;morphisms-section-projective;morphisms-section-smooth;pione-section-finite-etale;schemes-section-valuative-separatedness,01KY;01T0;01V4;01W7;022R;02GH;02ZV;03JD;047J;048I;04AD;0AHM;0AHY;0BL6,D000147,extend_existing,reviewed_gap,categories-remark-pro-category;formal-defos-definition-prorepresentable;formal-defos-remark-formal-objects-yoneda,05PX;06GX;06HC,Stacks develops pro-objects and Noetherian formal deformation functors but does not contain the exposé's minimal-pair criterion or its arbitrary product topological representing algebras
fga.195.sa.eq.u.n01,195,equation,fga.195.sa,369,369,fr/195.tex:17,en/195.tex:17,53EEFE9CC5C181E164799F64FD2603289832B77AAC8378EDAC3EF49E58255670,,,,,structural_only,inherits_parent,,,Embedded component; use the parent unit's semantic disposition.
fga.195.sa.eq.u.n02,195,equation,fga.195.sa,369,369,fr/195.tex:21,en/195.tex:21,53EEFE9CC5C181E164799F64FD2603289832B77AAC8378EDAC3EF49E58255670,,,,,structural_only,inherits_parent,,,Embedded component; use the parent unit's semantic disposition.
fga.195.sa.eq.u.n03,195,equation,fga.195.sa,369,369,fr/195.tex:28,en/195.tex:27,53EEFE9CC5C181E164799F64FD2603289832B77AAC8378EDAC3EF49E58255670,,,,,structural_only,inherits_parent,,,Embedded component; use the parent unit's semantic disposition.
fga.195.sa.proposition.1-1,195,proposition,fga.195.sa,369,374,fr/195.tex:36,en/195.tex:34,53EEFE9CC5C181E164799F64FD2603289832B77AAC8378EDAC3EF49E58255670,projectivity;representability,algebraic-section-representable-by-algebraic-spaces;categories-section-representable;morphisms-section-projective,01W7;02ZV;0AHM,D000148,existing_equivalent,reviewed_source_and_stacks,categories-lemma-yoneda,001P,This is the Yoneda lemma together with the representable-functor correspondence stated in the current categories chapter
fga.195.sa.proposition.1-1.eq.u.n01,195,equation,fga.195.sa.proposition.1-1,369,369,fr/195.tex:39,en/195.tex:36,53EEFE9CC5C181E164799F64FD2603289832B77AAC8378EDAC3EF49E58255670,,,,,structural_only,inherits_parent,,,Embedded component; use the parent unit's semantic disposition.
fga.195.sa.proposition.1-1.eq.u.n02,195,equation,fga.195.sa.proposition.1-1,370,370,fr/195.tex:63,en/195.tex:59,53EEFE9CC5C181E164799F64FD2603289832B77AAC8378EDAC3EF49E58255670,,,,,structural_only,inherits_parent,,,Embedded component; use the parent unit's semantic disposition.
fga.195.sa.proposition.1-1.eq.u.n03,195,equation,fga.195.sa.proposition.1-1,370,370,fr/195.tex:68,en/195.tex:63,53EEFE9CC5C181E164799F64FD2603289832B77AAC8378EDAC3EF49E58255670,,,,,structural_only,inherits_parent,,,Embedded component; use the parent unit's semantic disposition.
fga.195.sa.proposition.1-1.eq.u.n04,195,equation,fga.195.sa.proposition.1-1,370,370,fr/195.tex:72,en/195.tex:67,53EEFE9CC5C181E164799F64FD2603289832B77AAC8378EDAC3EF49E58255670,,,,,structural_only,inherits_parent,,,Embedded component; use the parent unit's semantic disposition.
fga.195.sa.proposition.1-1.eq.u.n05,195,equation,fga.195.sa.proposition.1-1,370,370,fr/195.tex:77,en/195.tex:72,53EEFE9CC5C181E164799F64FD2603289832B77AAC8378EDAC3EF49E58255670,,,,,structural_only,inherits_parent,,,Embedded component; use the parent unit's semantic disposition.
fga.195.sa.proposition.1-1.eq.u.n06,195,equation,fga.195.sa.proposition.1-1,370,370,fr/195.tex:82,en/195.tex:76,53EEFE9CC5C181E164799F64FD2603289832B77AAC8378EDAC3EF49E58255670,,,,,structural_only,inherits_parent,,,Embedded component; use the parent unit's semantic disposition.
fga.195.sa.proposition.1-1.eq.u.n07,195,equation,fga.195.sa.proposition.1-1,370,370,fr/195.tex:87,en/195.tex:81,53EEFE9CC5C181E164799F64FD2603289832B77AAC8378EDAC3EF49E58255670,,,,,structural_only,inherits_parent,,,Embedded component; use the parent unit's semantic disposition.
fga.195.sa.proposition.1-1.eq.u.n08,195,equation,fga.195.sa.proposition.1-1,371,371,fr/195.tex:119,en/195.tex:112,53EEFE9CC5C181E164799F64FD2603289832B77AAC8378EDAC3EF49E58255670,,,,,structural_only,inherits_parent,,,Embedded component; use the parent unit's semantic disposition.
fga.195.sa.proposition.1-1.eq.u.n09,195,equation,fga.195.sa.proposition.1-1,371,371,fr/195.tex:128,en/195.tex:121,53EEFE9CC5C181E164799F64FD2603289832B77AAC8378EDAC3EF49E58255670,,,,,structural_only,inherits_parent,,,Embedded component; use the parent unit's semantic disposition.
fga.195.sa.proposition.1-1.eq.u.n10,195,equation,fga.195.sa.proposition.1-1,371,371,fr/195.tex:132,en/195.tex:125,53EEFE9CC5C181E164799F64FD2603289832B77AAC8378EDAC3EF49E58255670,,,,,structural_only,inherits_parent,,,Embedded component; use the parent unit's semantic disposition.
fga.195.sa.proposition.1-1.eq.u.n11,195,equation,fga.195.sa.proposition.1-1,371,371,fr/195.tex:145,en/195.tex:137,53EEFE9CC5C181E164799F64FD2603289832B77AAC8378EDAC3EF49E58255670,,,,,structural_only,inherits_parent,,,Embedded component; use the parent unit's semantic disposition.
fga.195.sa.proposition.1-1.eq.u.n12,195,equation,fga.195.sa.proposition.1-1,371,371,fr/195.tex:154,en/195.tex:146,53EEFE9CC5C181E164799F64FD2603289832B77AAC8378EDAC3EF49E58255670,,,,,structural_only,inherits_parent,,,Embedded component; use the parent unit's semantic disposition.
fga.195.sa.proposition.1-1.eq.u.n13,195,equation,fga.195.sa.proposition.1-1,372,372,fr/195.tex:171,en/195.tex:163,53EEFE9CC5C181E164799F64FD2603289832B77AAC8378EDAC3EF49E58255670,,,,,structural_only,inherits_parent,,,Embedded component; use the parent unit's semantic disposition.
fga.195.sa.proposition.1-1.eq.u.n14,195,equation,fga.195.sa.proposition.1-1,372,372,fr/195.tex:182,en/195.tex:174,53EEFE9CC5C181E164799F64FD2603289832B77AAC8378EDAC3EF49E58255670,,,,,structural_only,inherits_parent,,,Embedded component; use the parent unit's semantic disposition.
fga.195.sa.proposition.1-1.eq.u.n15,195,equation,fga.195.sa.proposition.1-1,372,372,fr/195.tex:199,en/195.tex:190,53EEFE9CC5C181E164799F64FD2603289832B77AAC8378EDAC3EF49E58255670,,,,,structural_only,inherits_parent,,,Embedded component; use the parent unit's semantic disposition.
fga.195.sa.proposition.1-1.eq.u.n16,195,equation,fga.195.sa.proposition.1-1,372,372,fr/195.tex:203,en/195.tex:194,53EEFE9CC5C181E164799F64FD2603289832B77AAC8378EDAC3EF49E58255670,,,,,structural_only,inherits_parent,,,Embedded component; use the parent unit's semantic disposition.
fga.195.sa.proposition.1-1.eq.u.n17,195,equation,fga.195.sa.proposition.1-1,372,372,fr/195.tex:209,en/195.tex:200,53EEFE9CC5C181E164799F64FD2603289832B77AAC8378EDAC3EF49E58255670,,,,,structural_only,inherits_parent,,,Embedded component; use the parent unit's semantic disposition.
fga.195.sa.proposition.1-1.eq.u.n18,195,equation,fga.195.sa.proposition.1-1,373,373,fr/195.tex:232,en/195.tex:223,53EEFE9CC5C181E164799F64FD2603289832B77AAC8378EDAC3EF49E58255670,,,,,structural_only,inherits_parent,,,Embedded component; use the parent unit's semantic disposition.
fga.195.sa.proposition.1-1.item.i,195,subitem,fga.195.sa.proposition.1-1,373,373,fr/195.tex:252,en/195.tex:244,53EEFE9CC5C181E164799F64FD2603289832B77AAC8378EDAC3EF49E58255670,,,,,structural_only,inherits_parent,,,Embedded component; use the parent unit's semantic disposition.
fga.195.sa.proposition.1-1.item.ii,195,subitem,fga.195.sa.proposition.1-1,373,373,fr/195.tex:253,en/195.tex:245,53EEFE9CC5C181E164799F64FD2603289832B77AAC8378EDAC3EF49E58255670,,,,,structural_only,inherits_parent,,,Embedded component; use the parent unit's semantic disposition.
fga.195.sa.proposition.1-1.item.iii,195,subitem,fga.195.sa.proposition.1-1,373,373,fr/195.tex:254,en/195.tex:246,53EEFE9CC5C181E164799F64FD2603289832B77AAC8378EDAC3EF49E58255670,,,,,structural_only,inherits_parent,,,Embedded component; use the parent unit's semantic disposition.
fga.195.sa.proposition.1-1.eq.u.n19,195,equation,fga.195.sa.proposition.1-1,373,373,fr/195.tex:255,en/195.tex:247,53EEFE9CC5C181E164799F64FD2603289832B77AAC8378EDAC3EF49E58255670,,,,,structural_only,inherits_parent,,,Embedded component; use the parent unit's semantic disposition.
fga.195.sa.proposition.1-1.eq.u.n20,195,equation,fga.195.sa.proposition.1-1,373,373,fr/195.tex:259,en/195.tex:251,53EEFE9CC5C181E164799F64FD2603289832B77AAC8378EDAC3EF49E58255670,,,,,structural_only,inherits_parent,,,Embedded component; use the parent unit's semantic disposition.
fga.195.sa.proposition.1-1.eq.u.n21,195,equation,fga.195.sa.proposition.1-1,373,373,fr/195.tex:273,en/195.tex:265,53EEFE9CC5C181E164799F64FD2603289832B77AAC8378EDAC3EF49E58255670,,,,,structural_only,inherits_parent,,,Embedded component; use the parent unit's semantic disposition.
fga.195.sa.proposition.3-1,195,proposition,fga.195.sa,374,374,fr/195.tex:286,en/195.tex:278,53EEFE9CC5C181E164799F64FD2603289832B77AAC8378EDAC3EF49E58255670,representability,algebraic-section-representable-by-algebraic-spaces;categories-section-representable,02ZV;0AHM,D000149,new_statement,reviewed_gap,categories-remark-pro-category;formal-defos-theorem-Schlessinger-prorepresentability,05PX;06JM,No current Stacks result gives the general finite-limit-category criterion that left exactness plus domination by minimal pointed pairs is equivalent to strict prorepresentability
fga.195.sa.proposition.3-1.item.i,195,subitem,fga.195.sa.proposition.3-1,374,374,fr/195.tex:289,en/195.tex:281,53EEFE9CC5C181E164799F64FD2603289832B77AAC8378EDAC3EF49E58255670,,,,,structural_only,inherits_parent,,,Embedded component; use the parent unit's semantic disposition.
fga.195.sa.proposition.3-1.item.ii,195,subitem,fga.195.sa.proposition.3-1,374,374,fr/195.tex:290,en/195.tex:282,53EEFE9CC5C181E164799F64FD2603289832B77AAC8378EDAC3EF49E58255670,,,,,structural_only,inherits_parent,,,Embedded component; use the parent unit's semantic disposition.
fga.195.sa.corollary.u.n01,195,corollary,fga.195.sa,374,376,fr/195.tex:298,en/195.tex:290,53EEFE9CC5C181E164799F64FD2603289832B77AAC8378EDAC3EF49E58255670,finite-type;formal-scheme;group-scheme;projectivity;quotient;representability;separatedness,algebraic-section-representable-by-algebraic-spaces;categories-section-representable;formal-spaces-section-formal-schemes-EGA;groupoids-quotients-section-categorical;groupoids-quotients-section-geometric;groupoids-section-finite-flat-general;groupoids-section-group-schemes;groupoids-section-properties-group-schemes-field;morphisms-section-finite-type;morphisms-section-projective;schemes-section-valuative-separatedness,01KY;01T0;01W7;022R;02ZV;03JD;047J;048I;04AD;0AHM;0AHY,D000150,new_statement,reviewed_gap,categories-remark-pro-category;formal-defos-theorem-Schlessinger-prorepresentability,05PX;06JM,Stacks proves Schlessinger's local Noetherian theorem but not the unrestricted Artinian-category equivalence between left exact functors strict prorepresentability and strictness of every proobject
fga.195.sa.corollary.u.n01.eq.u.n01,195,equation,fga.195.sa.corollary.u.n01,375,375,fr/195.tex:336,en/195.tex:325,53EEFE9CC5C181E164799F64FD2603289832B77AAC8378EDAC3EF49E58255670,,,,,structural_only,inherits_parent,,,Embedded component; use the parent unit's semantic disposition.
fga.195.sa.corollary.u.n01.eq.u.n02,195,equation,fga.195.sa.corollary.u.n01,375,375,fr/195.tex:344,en/195.tex:333,53EEFE9CC5C181E164799F64FD2603289832B77AAC8378EDAC3EF49E58255670,,,,,structural_only,inherits_parent,,,Embedded component; use the parent unit's semantic disposition.
fga.195.sa.corollary.u.n01.eq.u.n03,195,equation,fga.195.sa.corollary.u.n01,375,375,fr/195.tex:373,en/195.tex:361,53EEFE9CC5C181E164799F64FD2603289832B77AAC8378EDAC3EF49E58255670,,,,,structural_only,inherits_parent,,,Embedded component; use the parent unit's semantic disposition.
fga.195.sa.corollary.u.n01.eq.u.n04,195,equation,fga.195.sa.corollary.u.n01,375,375,fr/195.tex:378,en/195.tex:366,53EEFE9CC5C181E164799F64FD2603289832B77AAC8378EDAC3EF49E58255670,,,,,structural_only,inherits_parent,,,Embedded component; use the parent unit's semantic disposition.
fga.195.sa.corollary.u.n01.eq.u.n05,195,equation,fga.195.sa.corollary.u.n01,376,376,fr/195.tex:385,en/195.tex:373,53EEFE9CC5C181E164799F64FD2603289832B77AAC8378EDAC3EF49E58255670,,,,,structural_only,inherits_parent,,,Embedded component; use the parent unit's semantic disposition.
fga.195.sa.corollary.u.n01.eq.u.n06,195,equation,fga.195.sa.corollary.u.n01,376,376,fr/195.tex:391,en/195.tex:379,53EEFE9CC5C181E164799F64FD2603289832B77AAC8378EDAC3EF49E58255670,,,,,structural_only,inherits_parent,,,Embedded component; use the parent unit's semantic disposition.
fga.195.sa.proposition.5-1,195,proposition,fga.195.sa,376,376,fr/195.tex:398,en/195.tex:386,53EEFE9CC5C181E164799F64FD2603289832B77AAC8378EDAC3EF49E58255670,etale;projectivity;quotient;smoothness,groupoids-quotients-section-categorical;groupoids-quotients-section-geometric;groupoids-section-finite-flat-general;morphisms-section-etale;morphisms-section-projective;morphisms-section-smooth;pione-section-finite-etale,01V4;01W7;02GH;03JD;048I;04AD;0BL6,D000151,existing_equivalent,reviewed_source_and_stacks,formal-defos-lemma-limit-artinian;formal-defos-example-tangent-space-prorepresentable-functor,06SF;06IC,The inverse-limit lemma and derivation description of the tangent space give the same finite-cotangent criterion for the representing local component including the relative cotangent correction
fga.195.sa.proposition.5-1.eq.u.n01,195,equation,fga.195.sa.proposition.5-1,376,376,fr/195.tex:403,en/195.tex:391,53EEFE9CC5C181E164799F64FD2603289832B77AAC8378EDAC3EF49E58255670,,,,,structural_only,inherits_parent,,,Embedded component; use the parent unit's semantic disposition.
fga.195.sa.proposition.5-2,195,proposition,fga.195.sa,376,377,fr/195.tex:438,en/195.tex:425,53EEFE9CC5C181E164799F64FD2603289832B77AAC8378EDAC3EF49E58255670,representability;smoothness,algebraic-section-representable-by-algebraic-spaces;categories-section-representable;morphisms-section-smooth,01V4;02ZV;0AHM,D000152,existing_stronger,reviewed_source_and_stacks,formal-defos-lemma-smooth,0DYL,Stacks identifies lifting across every surjection with adic formal smoothness flatness and geometrically regular closed fibre and handles inseparable residue extensions correctly
fga.195.sb,195,section,fga.195,377,378,fr/195.tex:470,en/195.tex:455,53EEFE9CC5C181E164799F64FD2603289832B77AAC8378EDAC3EF49E58255670,coherent-sheaf;descent;descent-datum;equivalence-relation;existence-theorem;flatness;quotient;representability,algebraic-section-representable-by-algebraic-spaces;categories-section-representable;coherent-section-coherent-sheaves;coherent-section-existence;coherent-section-existence-proper;descent-section-descent-datum;descent-section-equivalence;descent-section-fpqc-descent-quasi-coherent;descent-section-introduction;groupoids-quotients-section-categorical;groupoids-quotients-section-geometric;groupoids-section-finite-flat-general;groupoids-section-groupoids;modules-section-coherent;morphisms-section-flat;spaces-section-spaces-from-equivalence-relations,01BU;01U2;01XY;0230;0239;023A;023R;023U;0264;02ZV;03JD;048I;04AD;087V;0886;0AHM,D000153,extend_existing,reviewed_gap,formal-defos-theorem-Schlessinger-prorepresentability;descent-theorem-descent,06JM;08XA,Current deformation theory and pure descent cover the local Noetherian and universally injective settings but not the exposé's general Artinian equalizer package
fga.195.sb.eq.u.n01,195,equation,fga.195.sb,377,377,fr/195.tex:473,en/195.tex:458,53EEFE9CC5C181E164799F64FD2603289832B77AAC8378EDAC3EF49E58255670,,,,,structural_only,inherits_parent,,,Embedded component; use the parent unit's semantic disposition.
fga.195.sb.theorem.1,195,theorem,fga.195.sb,377,378,fr/195.tex:484,en/195.tex:468,53EEFE9CC5C181E164799F64FD2603289832B77AAC8378EDAC3EF49E58255670,descent;equivalence-relation;flatness;quotient;representability,algebraic-section-representable-by-algebraic-spaces;categories-section-representable;descent-section-fpqc-descent-quasi-coherent;descent-section-introduction;groupoids-quotients-section-categorical;groupoids-quotients-section-geometric;groupoids-section-finite-flat-general;groupoids-section-groupoids;morphisms-section-flat;spaces-section-spaces-from-equivalence-relations,01U2;0230;0239;023R;0264;02ZV;03JD;048I;04AD;0AHM,D000154,new_statement,reviewed_gap,categories-remark-pro-category;formal-defos-theorem-Schlessinger-prorepresentability,05PX;06JM,No current Stacks theorem proves prorepresentability of an arbitrary product-preserving Artinian functor from the stated equalizer test with only the free and length-one cases required
fga.195.sb.theorem.1.item.i,195,subitem,fga.195.sb.theorem.1,377,377,fr/195.tex:487,en/195.tex:471,53EEFE9CC5C181E164799F64FD2603289832B77AAC8378EDAC3EF49E58255670,,,,,structural_only,inherits_parent,,,Embedded component; use the parent unit's semantic disposition.
fga.195.sb.theorem.1.item.ii,195,subitem,fga.195.sb.theorem.1,377,377,fr/195.tex:488,en/195.tex:472,53EEFE9CC5C181E164799F64FD2603289832B77AAC8378EDAC3EF49E58255670,,,,,structural_only,inherits_parent,,,Embedded component; use the parent unit's semantic disposition.
fga.195.sb.theorem.1.eq.u.n01,195,equation,fga.195.sb.theorem.1,377,377,fr/195.tex:490,en/195.tex:474,53EEFE9CC5C181E164799F64FD2603289832B77AAC8378EDAC3EF49E58255670,,,,,structural_only,inherits_parent,,,Embedded component; use the parent unit's semantic disposition.
fga.195.sb.theorem.1.eq.u.n02,195,equation,fga.195.sb.theorem.1,377,377,fr/195.tex:494,en/195.tex:478,53EEFE9CC5C181E164799F64FD2603289832B77AAC8378EDAC3EF49E58255670,,,,,structural_only,inherits_parent,,,Embedded component; use the parent unit's semantic disposition.
fga.195.sb.theorem.1.item.a,195,subitem,fga.195.sb.theorem.1,378,378,fr/195.tex:504,en/195.tex:488,53EEFE9CC5C181E164799F64FD2603289832B77AAC8378EDAC3EF49E58255670,,,,,structural_only,inherits_parent,,,Embedded component; use the parent unit's semantic disposition.
fga.195.sb.theorem.1.item.b,195,subitem,fga.195.sb.theorem.1,378,378,fr/195.tex:505,en/195.tex:489,53EEFE9CC5C181E164799F64FD2603289832B77AAC8378EDAC3EF49E58255670,,,,,structural_only,inherits_parent,,,Embedded component; use the parent unit's semantic disposition.
fga.195.sb.theorem.2,195,theorem,fga.195.sb,378,378,fr/195.tex:520,en/195.tex:503,53EEFE9CC5C181E164799F64FD2603289832B77AAC8378EDAC3EF49E58255670,coherent-sheaf;descent;descent-datum;flatness,coherent-section-coherent-sheaves;descent-section-descent-datum;descent-section-equivalence;descent-section-fpqc-descent-quasi-coherent;descent-section-introduction;modules-section-coherent;morphisms-section-flat,01BU;01U2;01XY;0239;023A;023R;023U,D000155,extend_existing,reviewed_gap,descent-proposition-descent-module;descent-theorem-descent,023N;08XA,Stacks proves effective module descent for faithfully flat and more generally universally injective maps but does not derive the exposé's effective descent for flat modules from its Artinian maximal-ideal and equalizer hypotheses
fga.195.sb.theorem.2.eq.u.n01,195,equation,fga.195.sb.theorem.2,378,378,fr/195.tex:523,en/195.tex:506,53EEFE9CC5C181E164799F64FD2603289832B77AAC8378EDAC3EF49E58255670,,,,,structural_only,inherits_parent,,,Embedded component; use the parent unit's semantic disposition.
fga.195.sb.theorem.2.eq.u.n02,195,equation,fga.195.sb.theorem.2,378,378,fr/195.tex:539,en/195.tex:521,53EEFE9CC5C181E164799F64FD2603289832B77AAC8378EDAC3EF49E58255670,,,,,structural_only,inherits_parent,,,Embedded component; use the parent unit's semantic disposition.
fga.195.sc,195,section,fga.195,378,390,fr/195.tex:546,en/195.tex:528,53EEFE9CC5C181E164799F64FD2603289832B77AAC8378EDAC3EF49E58255670,abelian-scheme;coherent-sheaf;connected-component;descent;effectivity;existence-theorem;ext-functor;finite-type;flatness;formal-geometry;formal-scheme;fundamental-group;group-scheme;hilbert-scheme;normality;picard-functor;picard-scheme;projectivity;properness;quasi-projectivity;quotient;representability;separatedness;smoothness;tame-ramification,algebraic-section-representable-by-algebraic-spaces;algebraization-section-introduction;categories-section-representable;coherent-section-coherent-sheaves;coherent-section-existence;coherent-section-existence-proper;cohomology-section-ext;derived-section-ext;descent-definition-effective;descent-section-descent-datum;descent-section-fpqc-descent-quasi-coherent;descent-section-introduction;formal-spaces-section-formal-schemes-EGA;groupoids-quotients-section-categorical;groupoids-quotients-section-geometric;groupoids-section-abelian-varieties;groupoids-section-finite-flat-general;groupoids-section-group-schemes;groupoids-section-properties-group-schemes-field;modules-section-coherent;moduli-section-picard-functor;more-morphisms-section-connected;more-morphisms-section-normal;morphisms-section-finite-type;morphisms-section-flat;morphisms-section-projective;morphisms-section-proper;morphisms-section-quasi-projective;morphisms-section-smooth;pic-section-hilbert-scheme-points;pic-section-picard-curve;pic-section-picard-functor;pic-section-representability;pione-section-fundamental-groups;pione-section-tame;properties-section-normal;quot-section-hilb;quot-section-picard-functor;schemes-section-valuative-separatedness;topology-section-connected-components,004R;01BU;01KY;01T0;01U2;01V4;01VV;01W0;01W7;01XY;022R;0239;023R;023U;023Z;02ZV;033H;038Z;03JD;047J;048I;04AD;055C;06XP;087V;0886;0AHM;0AHY;0B94;0B9K;0B9P;0B9R;0BF9;0BQ8;0BQP;0BSE;0CZX;0D24;0DMD;0EI6,D000156,existing_stronger,reviewed_combination,quot-proposition-Mor;quot-proposition-hilb;quot-proposition-pic-functor;examples-defos-section-schemes,0D1C;0D01;0D2C;0DY6,Modern algebraic spaces stacks and cotangent-complex deformation categories provide global representability and deformation frameworks for the principal applications surveyed here
fga.195.sc.eq.u.n01,195,equation,fga.195.sc,379,379,fr/195.tex:576,en/195.tex:556,53EEFE9CC5C181E164799F64FD2603289832B77AAC8378EDAC3EF49E58255670,,,,,structural_only,inherits_parent,,,Embedded component; use the parent unit's semantic disposition.
fga.195.sc.eq.u.n02,195,equation,fga.195.sc,380,380,fr/195.tex:633,en/195.tex:607,53EEFE9CC5C181E164799F64FD2603289832B77AAC8378EDAC3EF49E58255670,,,,,structural_only,inherits_parent,,,Embedded component; use the parent unit's semantic disposition.
fga.195.sc.eq.u.n03,195,equation,fga.195.sc,381,381,fr/195.tex:654,en/195.tex:628,53EEFE9CC5C181E164799F64FD2603289832B77AAC8378EDAC3EF49E58255670,,,,,structural_only,inherits_parent,,,Embedded component; use the parent unit's semantic disposition.
fga.195.sc.eq.u.n04,195,equation,fga.195.sc,381,381,fr/195.tex:662,en/195.tex:637,53EEFE9CC5C181E164799F64FD2603289832B77AAC8378EDAC3EF49E58255670,,,,,structural_only,inherits_parent,,,Embedded component; use the parent unit's semantic disposition.
fga.195.sc.eq.u.n05,195,equation,fga.195.sc,381,381,fr/195.tex:675,en/195.tex:650,53EEFE9CC5C181E164799F64FD2603289832B77AAC8378EDAC3EF49E58255670,,,,,structural_only,inherits_parent,,,Embedded component; use the parent unit's semantic disposition.
fga.195.sc.eq.u.n06,195,equation,fga.195.sc,381,381,fr/195.tex:681,en/195.tex:656,53EEFE9CC5C181E164799F64FD2603289832B77AAC8378EDAC3EF49E58255670,,,,,structural_only,inherits_parent,,,Embedded component; use the parent unit's semantic disposition.
fga.195.sc.proposition.2-1,195,proposition,fga.195.sc,382,382,fr/195.tex:705,en/195.tex:679,53EEFE9CC5C181E164799F64FD2603289832B77AAC8378EDAC3EF49E58255670,flatness;representability,algebraic-section-representable-by-algebraic-spaces;categories-section-representable;morphisms-section-flat,01U2;02ZV;0AHM,D000157,existing_weaker,source_hypothesis_issue,more-morphisms-lemma-action-by-derivations;more-morphisms-lemma-action-sheaf;examples-defos-lemma-schemes-morphisms-TI;quot-proposition-Mor,02H5;04FJ;0E3V;0D1C,Stacks gives the correct derivation torsor and obstruction theory and a global Mor space under finite-presentation properness and separatedness hypotheses while the exposé's unrestricted formal claim is not stated and its displayed H1 tangent formula is false
fga.195.sc.proposition.2-1.eq.u.n01,195,equation,fga.195.sc.proposition.2-1,382,382,fr/195.tex:707,en/195.tex:681,53EEFE9CC5C181E164799F64FD2603289832B77AAC8378EDAC3EF49E58255670,,,,,structural_only,inherits_parent,,,Embedded component; use the parent unit's semantic disposition.
fga.195.sc.proposition.2-1.eq.u.n02,195,equation,fga.195.sc.proposition.2-1,382,382,fr/195.tex:715,en/195.tex:689,53EEFE9CC5C181E164799F64FD2603289832B77AAC8378EDAC3EF49E58255670,,,,,structural_only,inherits_parent,,,Embedded component; use the parent unit's semantic disposition.
fga.195.sc.corollary.u.n01,195,corollary,fga.195.sc,382,382,fr/195.tex:726,en/195.tex:700,53EEFE9CC5C181E164799F64FD2603289832B77AAC8378EDAC3EF49E58255670,finite-type;flatness;properness;representability,algebraic-section-representable-by-algebraic-spaces;categories-section-representable;morphisms-section-finite-type;morphisms-section-flat;morphisms-section-proper,01T0;01U2;01W0;02ZV;0AHM,D000158,existing_weaker,reviewed_combination,examples-defos-lemma-proper-schemes-morphisms-TI;examples-defos-lemma-schemes-morphisms-hull;quot-proposition-Mor,0E3W;0ET6;0D1C,Stacks proves finite tangent and a hull for proper source deformations and an algebraic Mor space when the target is separated and finitely presented but does not retain the corollary's full locally-finite-type target scope
fga.195.sc.remark.u.n01,195,remark,fga.195.sc,382,383,fr/195.tex:730,en/195.tex:705,53EEFE9CC5C181E164799F64FD2603289832B77AAC8378EDAC3EF49E58255670,connected-component;finite-type;flatness;group-scheme;hilbert-scheme;picard-functor;picard-scheme;projectivity;properness;quasi-projectivity;quotient;representability;smoothness,algebraic-section-representable-by-algebraic-spaces;categories-section-representable;groupoids-quotients-section-categorical;groupoids-quotients-section-geometric;groupoids-section-finite-flat-general;groupoids-section-group-schemes;groupoids-section-properties-group-schemes-field;moduli-section-picard-functor;more-morphisms-section-connected;morphisms-section-finite-type;morphisms-section-flat;morphisms-section-projective;morphisms-section-proper;morphisms-section-quasi-projective;morphisms-section-smooth;pic-section-hilbert-scheme-points;pic-section-picard-curve;pic-section-picard-functor;pic-section-representability;quot-section-hilb;quot-section-picard-functor;topology-section-connected-components,004R;01T0;01U2;01V4;01VV;01W0;01W7;022R;02ZV;03JD;047J;048I;04AD;055C;0AHM;0B94;0B9K;0B9P;0B9R;0CZX;0D24;0DMD,D000159,existing_stronger,reviewed_source_and_stacks,quot-proposition-quot;quot-proposition-hilb;moduli-lemma-hilb-s-lfp,09TU;0D01;0DM7,The Hilbert and Quot functors are algebraic spaces locally of finite presentation for a separated finitely presented ambient morphism which supersedes both the Chow-coordinate discussion and the historical scheme-only projectivity limitation
fga.195.sc.remark.u.n01.eq.u.n01,195,equation,fga.195.sc.remark.u.n01,383,383,fr/195.tex:781,en/195.tex:750,53EEFE9CC5C181E164799F64FD2603289832B77AAC8378EDAC3EF49E58255670,,,,,structural_only,inherits_parent,,,Embedded component; use the parent unit's semantic disposition.
fga.195.sc.remark.u.n01.eq.u.n02,195,equation,fga.195.sc.remark.u.n01,383,383,fr/195.tex:793,en/195.tex:761,53EEFE9CC5C181E164799F64FD2603289832B77AAC8378EDAC3EF49E58255670,,,,,structural_only,inherits_parent,,,Embedded component; use the parent unit's semantic disposition.
fga.195.sc.remark.u.n01.eq.u.n03,195,equation,fga.195.sc.remark.u.n01,383,383,fr/195.tex:800,en/195.tex:768,53EEFE9CC5C181E164799F64FD2603289832B77AAC8378EDAC3EF49E58255670,,,,,structural_only,inherits_parent,,,Embedded component; use the parent unit's semantic disposition.
fga.195.sc.remark.u.n02,195,remark,fga.195.sc,383,384,fr/195.tex:814,en/195.tex:782,53EEFE9CC5C181E164799F64FD2603289832B77AAC8378EDAC3EF49E58255670,descent;existence-theorem;flatness;picard-functor;picard-scheme;properness,coherent-section-existence;coherent-section-existence-proper;descent-section-fpqc-descent-quasi-coherent;descent-section-introduction;moduli-section-picard-functor;morphisms-section-flat;morphisms-section-proper;pic-section-picard-curve;pic-section-picard-functor;pic-section-representability;quot-section-picard-functor,01U2;01W0;0239;023R;087V;0886;0B9K;0B9P;0B9R;0D24;0DMD,D000160,existing_stronger,reviewed_source_and_stacks,quot-situation-pic;quot-lemma-pic-with-section-stack;quot-lemma-compare-pic-with-section,0D25;0D29;0D2A,The fppf-sheafified Picard functor and Picard stack work without a local section while a marked section is treated as a smooth cover rather than a prerequisite for the definition
fga.195.sc.proposition.3-1,195,proposition,fga.195.sc,384,384,fr/195.tex:829,en/195.tex:797,53EEFE9CC5C181E164799F64FD2603289832B77AAC8378EDAC3EF49E58255670,finite-type;flatness;picard-functor;picard-scheme;properness;representability,algebraic-section-representable-by-algebraic-spaces;categories-section-representable;moduli-section-picard-functor;morphisms-section-finite-type;morphisms-section-flat;morphisms-section-proper;pic-section-picard-curve;pic-section-picard-functor;pic-section-representability;quot-section-picard-functor,01T0;01U2;01W0;02ZV;0AHM;0B9K;0B9P;0B9R;0D24;0DMD,D000161,existing_weaker,reviewed_combination,quot-situation-pic;quot-proposition-pic-functor,0D25;0D2C,Stacks proves the stronger global algebraic-space conclusion under flat finite-presentation properness and universal triviality of f_*O but does not state the exposé's nonproper formal prorepresentability result
fga.195.sc.proposition.3-1.eq.u.n01,195,equation,fga.195.sc.proposition.3-1,384,384,fr/195.tex:832,en/195.tex:800,53EEFE9CC5C181E164799F64FD2603289832B77AAC8378EDAC3EF49E58255670,,,,,structural_only,inherits_parent,,,Embedded component; use the parent unit's semantic disposition.
fga.195.sc.proposition.3-1.eq.u.n02,195,equation,fga.195.sc.proposition.3-1,384,384,fr/195.tex:842,en/195.tex:810,53EEFE9CC5C181E164799F64FD2603289832B77AAC8378EDAC3EF49E58255670,,,,,structural_only,inherits_parent,,,Embedded component; use the parent unit's semantic disposition.
fga.195.sc.corollary.u.n02,195,corollary,fga.195.sc,384,384,fr/195.tex:847,en/195.tex:815,53EEFE9CC5C181E164799F64FD2603289832B77AAC8378EDAC3EF49E58255670,picard-functor;picard-scheme;properness,moduli-section-picard-functor;morphisms-section-proper;pic-section-picard-curve;pic-section-picard-functor;pic-section-representability;quot-section-picard-functor,01W0;0B9K;0B9P;0B9R;0D24;0DMD,D000162,existing_stronger,reviewed_source_and_stacks,quot-proposition-pic-functor;moduli-lemma-pic-functor-qs-lfp,0D2C;0DNI,Under the proper hypotheses the current Picard functor is an algebraic space with local finite-presentation results and hence is stronger than Noetherianity of formal local components
fga.195.sc.remark.u.n03,195,remark,fga.195.sc,384,386,fr/195.tex:851,en/195.tex:819,53EEFE9CC5C181E164799F64FD2603289832B77AAC8378EDAC3EF49E58255670,descent;flatness;formal-geometry;formal-scheme;group-scheme;representability;smoothness,algebraic-section-representable-by-algebraic-spaces;algebraization-section-introduction;categories-section-representable;descent-section-fpqc-descent-quasi-coherent;descent-section-introduction;formal-spaces-section-formal-schemes-EGA;groupoids-section-group-schemes;groupoids-section-properties-group-schemes-field;morphisms-section-flat;morphisms-section-smooth,01U2;01V4;022R;0239;023R;02ZV;047J;0AHM;0AHY;0EI6,D000163,existing_stronger,reviewed_source_and_stacks,examples-stacks-lemma-torsors-sheaf-stack-in-groupoids;quot-section-picard-stack,04UK;0D02,Modern stacks in groupoids preserve automorphisms and give effective descent for torsors and line bundles instead of eliminating stabilizers by ad hoc rigidification
fga.195.sc.remark.u.n03.eq.u.n01,195,equation,fga.195.sc.remark.u.n03,385,385,fr/195.tex:876,en/195.tex:842,53EEFE9CC5C181E164799F64FD2603289832B77AAC8378EDAC3EF49E58255670,,,,,structural_only,inherits_parent,,,Embedded component; use the parent unit's semantic disposition.
fga.195.sc.remark.u.n03.eq.u.n02,195,equation,fga.195.sc.remark.u.n03,385,385,fr/195.tex:897,en/195.tex:862,53EEFE9CC5C181E164799F64FD2603289832B77AAC8378EDAC3EF49E58255670,,,,,structural_only,inherits_parent,,,Embedded component; use the parent unit's semantic disposition.
fga.195.sc.remark.u.n03.eq.u.n03,195,equation,fga.195.sc.remark.u.n03,385,385,fr/195.tex:903,en/195.tex:867,53EEFE9CC5C181E164799F64FD2603289832B77AAC8378EDAC3EF49E58255670,,,,,structural_only,inherits_parent,,,Embedded component; use the parent unit's semantic disposition.
fga.195.sc.proposition.4-1,195,proposition,fga.195.sc,386,386,fr/195.tex:909,en/195.tex:873,53EEFE9CC5C181E164799F64FD2603289832B77AAC8378EDAC3EF49E58255670,formal-scheme;properness,formal-spaces-section-formal-schemes-EGA;morphisms-section-proper,01W0;0AHY,D000164,existing_weaker,reviewed_combination,examples-defos-lemma-schemes-TI;examples-defos-lemma-schemes-hull,0DY9;0ET5,Stacks identifies infinitesimal automorphisms and tangent space by the cotangent complex and proves prorepresentability for proper schemes with no derivations but does not state existence of the possibly non-Noetherian formal moduli object for every nonproper scheme
fga.195.sc.remark.u.n04,195,remark,fga.195.sc,386,389,fr/195.tex:914,en/195.tex:877,53EEFE9CC5C181E164799F64FD2603289832B77AAC8378EDAC3EF49E58255670,abelian-scheme;coherent-sheaf;descent;effectivity;existence-theorem;ext-functor;flatness;formal-scheme;group-scheme;properness;quotient;representability;smoothness,algebraic-section-representable-by-algebraic-spaces;categories-section-representable;coherent-section-coherent-sheaves;coherent-section-existence;coherent-section-existence-proper;cohomology-section-ext;derived-section-ext;descent-definition-effective;descent-section-descent-datum;descent-section-fpqc-descent-quasi-coherent;descent-section-introduction;formal-spaces-section-formal-schemes-EGA;groupoids-quotients-section-categorical;groupoids-quotients-section-geometric;groupoids-section-abelian-varieties;groupoids-section-finite-flat-general;groupoids-section-group-schemes;groupoids-section-properties-group-schemes-field;modules-section-coherent;morphisms-section-flat;morphisms-section-proper;morphisms-section-smooth,01BU;01U2;01V4;01W0;01XY;022R;0239;023R;023U;023Z;02ZV;03JD;047J;048I;04AD;06XP;087V;0886;0AHM;0AHY;0BF9;0BQP,D000165,extend_existing,reviewed_gap,examples-defos-lemma-schemes-TI;formal-defos-lemma-smooth;groupoids-section-abelian-varieties,0DY9;0DYL;0BF9,The cotangent-complex theory supersedes the diagonal Ext model but the smooth Witt-ring deformation theorem for abelian varieties and several historical moduli consequences are not developed in the current text
fga.195.sc.remark.u.n04.eq.u.n01,195,equation,fga.195.sc.remark.u.n04,386,386,fr/195.tex:916,en/195.tex:879,53EEFE9CC5C181E164799F64FD2603289832B77AAC8378EDAC3EF49E58255670,,,,,structural_only,inherits_parent,,,Embedded component; use the parent unit's semantic disposition.
fga.195.sc.remark.u.n04.eq.u.n02,195,equation,fga.195.sc.remark.u.n04,386,386,fr/195.tex:928,en/195.tex:891,53EEFE9CC5C181E164799F64FD2603289832B77AAC8378EDAC3EF49E58255670,,,,,structural_only,inherits_parent,,,Embedded component; use the parent unit's semantic disposition.
fga.195.sc.remark.u.n04.eq.u.n03,195,equation,fga.195.sc.remark.u.n04,387,387,fr/195.tex:1005,en/195.tex:964,53EEFE9CC5C181E164799F64FD2603289832B77AAC8378EDAC3EF49E58255670,,,,,structural_only,inherits_parent,,,Embedded component; use the parent unit's semantic disposition.
fga.195.sc.remark.u.n04.eq.u.n04,195,equation,fga.195.sc.remark.u.n04,387,387,fr/195.tex:1013,en/195.tex:971,53EEFE9CC5C181E164799F64FD2603289832B77AAC8378EDAC3EF49E58255670,,,,,structural_only,inherits_parent,,,Embedded component; use the parent unit's semantic disposition.
fga.195.sc.remark.u.n04.item.a,195,subitem,fga.195.sc.remark.u.n04,388,388,fr/195.tex:1031,en/195.tex:989,53EEFE9CC5C181E164799F64FD2603289832B77AAC8378EDAC3EF49E58255670,,,,,structural_only,inherits_parent,,,Embedded component; use the parent unit's semantic disposition.
fga.195.sc.remark.u.n04.item.b,195,subitem,fga.195.sc.remark.u.n04,388,388,fr/195.tex:1039,en/195.tex:997,53EEFE9CC5C181E164799F64FD2603289832B77AAC8378EDAC3EF49E58255670,,,,,structural_only,inherits_parent,,,Embedded component; use the parent unit's semantic disposition.
fga.195.sc.remark.u.n04.eq.u.n05,195,equation,fga.195.sc.remark.u.n04,388,388,fr/195.tex:1041,en/195.tex:999,53EEFE9CC5C181E164799F64FD2603289832B77AAC8378EDAC3EF49E58255670,,,,,structural_only,inherits_parent,,,Embedded component; use the parent unit's semantic disposition.
fga.195.sc.remark.u.n04.item.c,195,subitem,fga.195.sc.remark.u.n04,388,388,fr/195.tex:1053,en/195.tex:1012,53EEFE9CC5C181E164799F64FD2603289832B77AAC8378EDAC3EF49E58255670,,,,,structural_only,inherits_parent,,,Embedded component; use the parent unit's semantic disposition.
fga.195.sc.remark.u.n04.eq.u.n06,195,equation,fga.195.sc.remark.u.n04,388,388,fr/195.tex:1055,en/195.tex:1014,53EEFE9CC5C181E164799F64FD2603289832B77AAC8378EDAC3EF49E58255670,,,,,structural_only,inherits_parent,,,Embedded component; use the parent unit's semantic disposition.
fga.195.sc.remark.u.n04.eq.u.n07,195,equation,fga.195.sc.remark.u.n04,388,388,fr/195.tex:1059,en/195.tex:1018,53EEFE9CC5C181E164799F64FD2603289832B77AAC8378EDAC3EF49E58255670,,,,,structural_only,inherits_parent,,,Embedded component; use the parent unit's semantic disposition.
fga.195.sc.remark.u.n04.item.d,195,subitem,fga.195.sc.remark.u.n04,388,388,fr/195.tex:1062,en/195.tex:1021,53EEFE9CC5C181E164799F64FD2603289832B77AAC8378EDAC3EF49E58255670,,,,,structural_only,inherits_parent,,,Embedded component; use the parent unit's semantic disposition.
fga.195.sc.remark.u.n04.eq.u.n08,195,equation,fga.195.sc.remark.u.n04,388,388,fr/195.tex:1081,en/195.tex:1038,53EEFE9CC5C181E164799F64FD2603289832B77AAC8378EDAC3EF49E58255670,,,,,structural_only,inherits_parent,,,Embedded component; use the parent unit's semantic disposition.
fga.195.sc.remark.u.n04.eq.u.n09,195,equation,fga.195.sc.remark.u.n04,388,388,fr/195.tex:1088,en/195.tex:1044,53EEFE9CC5C181E164799F64FD2603289832B77AAC8378EDAC3EF49E58255670,,,,,structural_only,inherits_parent,,,Embedded component; use the parent unit's semantic disposition.
fga.195.sc.proposition.5-1,195,proposition,fga.195.sc,389,390,fr/195.tex:1097,en/195.tex:1053,53EEFE9CC5C181E164799F64FD2603289832B77AAC8378EDAC3EF49E58255670,formal-scheme;fundamental-group;normality;representability;smoothness;tame-ramification,algebraic-section-representable-by-algebraic-spaces;categories-section-representable;formal-spaces-section-formal-schemes-EGA;more-morphisms-section-normal;morphisms-section-smooth;pione-section-fundamental-groups;pione-section-tame;properties-section-normal,01V4;02ZV;033H;038Z;0AHM;0AHY;0BQ8;0BSE,D000166,new_statement,reviewed_gap,coherent-lemma-algebraize-formal-scheme-finite-over-proper;coherent-lemma-algebraize-morphism;pione-lemma-thickening,09ZT;0A42;0BQB,Stacks has algebraization and invariance of finite etale covers under thickenings but not this prorepresentability theorem for finite flat coverings with ramification confined to an open complement or its generally non-Noetherian parameter algebra
fga.195.sc.proposition.5-1.eq.u.n01,195,equation,fga.195.sc.proposition.5-1,389,389,fr/195.tex:1127,en/195.tex:1081,53EEFE9CC5C181E164799F64FD2603289832B77AAC8378EDAC3EF49E58255670,,,,,structural_only,inherits_parent,,,Embedded component; use the parent unit's semantic disposition.
fga.195.bib,195,bibliography,fga.195,390,390,fr/195.tex:1138,en/195.tex:1092,53EEFE9CC5C181E164799F64FD2603289832B77AAC8378EDAC3EF49E58255670,,,,,structural_only,classified,,,Source or corpus structure; no independent Stacks object.
fga.195.bib.ref.1,195,bibliography_item,fga.195.bib,390,390,fr/195.tex:1142,en/195.tex:1096,53EEFE9CC5C181E164799F64FD2603289832B77AAC8378EDAC3EF49E58255670,,,,,structural_only,classified,,,Source or corpus structure; no independent Stacks object.
fga.195.bib.ref.2,195,bibliography_item,fga.195.bib,390,390,fr/195.tex:1144,en/195.tex:1098,53EEFE9CC5C181E164799F64FD2603289832B77AAC8378EDAC3EF49E58255670,,,,,structural_only,classified,,,Source or corpus structure; no independent Stacks object.
fga.195.bib.ref.3,195,bibliography_item,fga.195.bib,390,390,fr/195.tex:1147,en/195.tex:1100,53EEFE9CC5C181E164799F64FD2603289832B77AAC8378EDAC3EF49E58255670,,,,,structural_only,classified,,,Source or corpus structure; no independent Stacks object.
fga.195.bib.ref.4,195,bibliography_item,fga.195.bib,390,390,fr/195.tex:1151,en/195.tex:1104,53EEFE9CC5C181E164799F64FD2603289832B77AAC8378EDAC3EF49E58255670,,,,,structural_only,classified,,,Source or corpus structure; no independent Stacks object.
fga.e195,e195,erratum,fga,300,301,fr/e195.tex:1,en/e195.tex:1,06EC2784F7253470D25D0B1D549FADBD319BB5A239C67935D45762BC3DF976EA,abelian-scheme;existence-theorem;formal-scheme;hilbert-scheme;projectivity;properness;quotient;representability;smoothness,algebraic-section-representable-by-algebraic-spaces;categories-section-representable;coherent-section-existence;coherent-section-existence-proper;formal-spaces-section-formal-schemes-EGA;groupoids-quotients-section-categorical;groupoids-quotients-section-geometric;groupoids-section-abelian-varieties;groupoids-section-finite-flat-general;morphisms-section-projective;morphisms-section-proper;morphisms-section-smooth;pic-section-hilbert-scheme-points;quot-section-hilb,01V4;01W0;01W7;02ZV;03JD;048I;04AD;087V;0886;0AHM;0AHY;0B94;0BF9;0CZX,D000167,historical_reference,reviewed_historical,formal-defos-lemma-smooth;quot-proposition-hilb;quot-proposition-pic-functor;examples-defos-lemma-schemes-TI;coherent-lemma-algebraize-morphism,0DYL;0D01;0D2C;0DY9;0A42,The erratum corrects the relative cotangent and separability hypotheses records later Hilbert Picard and abelian-moduli results and repairs the covering-localization formulas so it is retained as linked provenance
fga.e195.p300,e195,source_page,fga.e195,300,300,fr/e195.tex:5,en/e195.tex:5,06EC2784F7253470D25D0B1D549FADBD319BB5A239C67935D45762BC3DF976EA,,,,,structural_only,classified,,,Source or corpus structure; no independent Stacks object.
fga.e195.p301,e195,source_page,fga.e195,301,301,fr/e195.tex:31,en/e195.tex:29,06EC2784F7253470D25D0B1D549FADBD319BB5A239C67935D45762BC3DF976EA,,,,,structural_only,classified,,,Source or corpus structure; no independent Stacks object.
fga.e195.item.u.n01,e195,subitem,fga.e195,300,300,fr/e195.tex:7,en/e195.tex:7,06EC2784F7253470D25D0B1D549FADBD319BB5A239C67935D45762BC3DF976EA,,,,,structural_only,inherits_parent,,,Embedded component; use the parent unit's semantic disposition.
fga.e195.item.u.n02,e195,subitem,fga.e195,300,300,fr/e195.tex:14,en/e195.tex:13,06EC2784F7253470D25D0B1D549FADBD319BB5A239C67935D45762BC3DF976EA,,,,,structural_only,inherits_parent,,,Embedded component; use the parent unit's semantic disposition.
fga.e195.item.u.n03,e195,subitem,fga.e195,300,300,fr/e195.tex:22,en/e195.tex:21,06EC2784F7253470D25D0B1D549FADBD319BB5A239C67935D45762BC3DF976EA,,,,,structural_only,inherits_parent,,,Embedded component; use the parent unit's semantic disposition.
fga.e195.item.u.n04,e195,subitem,fga.e195,301,301,fr/e195.tex:32,en/e195.tex:30,06EC2784F7253470D25D0B1D549FADBD319BB5A239C67935D45762BC3DF976EA,,,,,structural_only,inherits_parent,,,Embedded component; use the parent unit's semantic disposition.
fga.e195.item.u.n05,e195,subitem,fga.e195,301,301,fr/e195.tex:35,en/e195.tex:32,06EC2784F7253470D25D0B1D549FADBD319BB5A239C67935D45762BC3DF976EA,,,,,structural_only,inherits_parent,,,Embedded component; use the parent unit's semantic disposition.
fga.e195.item.u.n06,e195,subitem,fga.e195,301,301,fr/e195.tex:38,en/e195.tex:35,06EC2784F7253470D25D0B1D549FADBD319BB5A239C67935D45762BC3DF976EA,,,,,structural_only,inherits_parent,,,Embedded component; use the parent unit's semantic disposition.
fga.e195.item.u.n07,e195,subitem,fga.e195,301,301,fr/e195.tex:48,en/e195.tex:44,06EC2784F7253470D25D0B1D549FADBD319BB5A239C67935D45762BC3DF976EA,,,,,structural_only,inherits_parent,,,Embedded component; use the parent unit's semantic disposition.
fga.e195.item.u.n08,e195,subitem,fga.e195,301,301,fr/e195.tex:52,en/e195.tex:48,06EC2784F7253470D25D0B1D549FADBD319BB5A239C67935D45762BC3DF976EA,,,,,structural_only,inherits_parent,,,Embedded component; use the parent unit's semantic disposition.
fga.e195.eq.u.n01,e195,equation,fga.e195,301,301,fr/e195.tex:53,en/e195.tex:49,06EC2784F7253470D25D0B1D549FADBD319BB5A239C67935D45762BC3DF976EA,,,,,structural_only,inherits_parent,,,Embedded component; use the parent unit's semantic disposition.
fga.e195.eq.u.n02,e195,equation,fga.e195,301,301,fr/e195.tex:57,en/e195.tex:53,06EC2784F7253470D25D0B1D549FADBD319BB5A239C67935D45762BC3DF976EA,,,,,structural_only,inherits_parent,,,Embedded component; use the parent unit's semantic disposition.
fga.212,212,expose,fga,99,118,fr/212.tex:1,en/212.tex:1,2AE65A57C7C9240E0AC880DEE5BAE3D2EDB956AAB6673C2261F1095A51F26C0D,abelian-scheme;ampleness;base-change;coherent-sheaf;descent;descent-datum;effectivity;equivalence-relation;existence-theorem;faithfully-flat;finite-type;flatness;formal-scheme;frobenius-radicial;group-scheme;hilbert-scheme;normality;picard-scheme;projectivity;properness;quasi-projectivity;quotient;representability;separatedness;smoothness,algebraic-section-representable-by-algebraic-spaces;categories-section-representable;coherent-section-coherent-sheaves;coherent-section-cohomology-and-base-change;coherent-section-existence;coherent-section-existence-proper;descent-definition-effective;descent-section-descent-datum;descent-section-equivalence;descent-section-fpqc-descent-quasi-coherent;descent-section-introduction;duality-section-base-change-map;formal-spaces-section-formal-schemes-EGA;groupoids-quotients-section-categorical;groupoids-quotients-section-geometric;groupoids-section-abelian-varieties;groupoids-section-finite-flat-general;groupoids-section-group-schemes;groupoids-section-groupoids;groupoids-section-properties-group-schemes-field;modules-section-coherent;more-morphisms-section-normal;morphisms-section-finite-type;morphisms-section-flat;morphisms-section-projective;morphisms-section-proper;morphisms-section-quasi-projective;morphisms-section-radicial;morphisms-section-relatively-ample;morphisms-section-smooth;pic-section-hilbert-scheme-points;pic-section-picard-curve;pic-section-representability;properties-section-ample;properties-section-normal;quot-section-hilb;schemes-section-valuative-separatedness;spaces-section-spaces-from-equivalence-relations;varieties-section-frobenius,01BU;01KY;01PR;01S2;01T0;01U2;01V4;01VG;01VV;01W0;01W7;01XY;022R;0230;0239;023A;023R;023U;023Z;0264;02KE;02ZV;033H;038Z;03JD;047J;048I;04AD;087V;0886;0AA5;0AHM;0AHY;0B94;0B9P;0B9R;0BF9;0CC6;0CZX,,structural_only,classified,,,Source or corpus structure; no independent Stacks object.
fga.212.p99,212,source_page,fga.212,99,99,fr/212.tex:3,en/212.tex:3,2AE65A57C7C9240E0AC880DEE5BAE3D2EDB956AAB6673C2261F1095A51F26C0D,,,,,structural_only,classified,,,Source or corpus structure; no independent Stacks object.
fga.212.p100,212,source_page,fga.212,100,100,fr/212.tex:43,en/212.tex:42,2AE65A57C7C9240E0AC880DEE5BAE3D2EDB956AAB6673C2261F1095A51F26C0D,,,,,structural_only,classified,,,Source or corpus structure; no independent Stacks object.
fga.212.p101,212,source_page,fga.212,101,101,fr/212.tex:95,en/212.tex:93,2AE65A57C7C9240E0AC880DEE5BAE3D2EDB956AAB6673C2261F1095A51F26C0D,,,,,structural_only,classified,,,Source or corpus structure; no independent Stacks object.
fga.212.p102,212,source_page,fga.212,102,102,fr/212.tex:143,en/212.tex:139,2AE65A57C7C9240E0AC880DEE5BAE3D2EDB956AAB6673C2261F1095A51F26C0D,,,,,structural_only,classified,,,Source or corpus structure; no independent Stacks object.
fga.212.p103,212,source_page,fga.212,103,103,fr/212.tex:187,en/212.tex:180,2AE65A57C7C9240E0AC880DEE5BAE3D2EDB956AAB6673C2261F1095A51F26C0D,,,,,structural_only,classified,,,Source or corpus structure; no independent Stacks object.
fga.212.p104,212,source_page,fga.212,104,104,fr/212.tex:232,en/212.tex:224,2AE65A57C7C9240E0AC880DEE5BAE3D2EDB956AAB6673C2261F1095A51F26C0D,,,,,structural_only,classified,,,Source or corpus structure; no independent Stacks object.
fga.212.p105,212,source_page,fga.212,105,105,fr/212.tex:280,en/212.tex:269,2AE65A57C7C9240E0AC880DEE5BAE3D2EDB956AAB6673C2261F1095A51F26C0D,,,,,structural_only,classified,,,Source or corpus structure; no independent Stacks object.
fga.212.p106,212,source_page,fga.212,106,106,fr/212.tex:328,en/212.tex:317,2AE65A57C7C9240E0AC880DEE5BAE3D2EDB956AAB6673C2261F1095A51F26C0D,,,,,structural_only,classified,,,Source or corpus structure; no independent Stacks object.
fga.212.p107,212,source_page,fga.212,107,107,fr/212.tex:378,en/212.tex:364,2AE65A57C7C9240E0AC880DEE5BAE3D2EDB956AAB6673C2261F1095A51F26C0D,,,,,structural_only,classified,,,Source or corpus structure; no independent Stacks object.
fga.212.p108,212,source_page,fga.212,108,108,fr/212.tex:426,en/212.tex:410,2AE65A57C7C9240E0AC880DEE5BAE3D2EDB956AAB6673C2261F1095A51F26C0D,,,,,structural_only,classified,,,Source or corpus structure; no independent Stacks object.
fga.212.p109,212,source_page,fga.212,109,109,fr/212.tex:476,en/212.tex:457,2AE65A57C7C9240E0AC880DEE5BAE3D2EDB956AAB6673C2261F1095A51F26C0D,,,,,structural_only,classified,,,Source or corpus structure; no independent Stacks object.
fga.212.p110,212,source_page,fga.212,110,110,fr/212.tex:524,en/212.tex:502,2AE65A57C7C9240E0AC880DEE5BAE3D2EDB956AAB6673C2261F1095A51F26C0D,,,,,structural_only,classified,,,Source or corpus structure; no independent Stacks object.
fga.212.p111,212,source_page,fga.212,111,111,fr/212.tex:575,en/212.tex:551,2AE65A57C7C9240E0AC880DEE5BAE3D2EDB956AAB6673C2261F1095A51F26C0D,,,,,structural_only,classified,,,Source or corpus structure; no independent Stacks object.
fga.212.p112,212,source_page,fga.212,112,112,fr/212.tex:623,en/212.tex:597,2AE65A57C7C9240E0AC880DEE5BAE3D2EDB956AAB6673C2261F1095A51F26C0D,,,,,structural_only,classified,,,Source or corpus structure; no independent Stacks object.
fga.212.p113,212,source_page,fga.212,113,113,fr/212.tex:673,en/212.tex:647,2AE65A57C7C9240E0AC880DEE5BAE3D2EDB956AAB6673C2261F1095A51F26C0D,,,,,structural_only,classified,,,Source or corpus structure; no independent Stacks object.
fga.212.p114,212,source_page,fga.212,114,114,fr/212.tex:733,en/212.tex:708,2AE65A57C7C9240E0AC880DEE5BAE3D2EDB956AAB6673C2261F1095A51F26C0D,,,,,structural_only,classified,,,Source or corpus structure; no independent Stacks object.
fga.212.p115,212,source_page,fga.212,115,115,fr/212.tex:786,en/212.tex:758,2AE65A57C7C9240E0AC880DEE5BAE3D2EDB956AAB6673C2261F1095A51F26C0D,,,,,structural_only,classified,,,Source or corpus structure; no independent Stacks object.
fga.212.p116,212,source_page,fga.212,116,116,fr/212.tex:833,en/212.tex:803,2AE65A57C7C9240E0AC880DEE5BAE3D2EDB956AAB6673C2261F1095A51F26C0D,,,,,structural_only,classified,,,Source or corpus structure; no independent Stacks object.
fga.212.p117,212,source_page,fga.212,117,117,fr/212.tex:881,en/212.tex:849,2AE65A57C7C9240E0AC880DEE5BAE3D2EDB956AAB6673C2261F1095A51F26C0D,,,,,structural_only,classified,,,Source or corpus structure; no independent Stacks object.
fga.212.p118,212,source_page,fga.212,118,118,fr/212.tex:931,en/212.tex:899,2AE65A57C7C9240E0AC880DEE5BAE3D2EDB956AAB6673C2261F1095A51F26C0D,,,,,structural_only,classified,,,Source or corpus structure; no independent Stacks object.
fga.212.eq.u.n01,212,equation,fga.212,100,100,fr/212.tex:49,en/212.tex:48,2AE65A57C7C9240E0AC880DEE5BAE3D2EDB956AAB6673C2261F1095A51F26C0D,,,,,structural_only,inherits_parent,,,Embedded component; use the parent unit's semantic disposition.
fga.212.eq.u.n02,212,equation,fga.212,100,100,fr/212.tex:55,en/212.tex:54,2AE65A57C7C9240E0AC880DEE5BAE3D2EDB956AAB6673C2261F1095A51F26C0D,,,,,structural_only,inherits_parent,,,Embedded component; use the parent unit's semantic disposition.
fga.212.eq.u.n03,212,equation,fga.212,100,100,fr/212.tex:60,en/212.tex:59,2AE65A57C7C9240E0AC880DEE5BAE3D2EDB956AAB6673C2261F1095A51F26C0D,,,,,structural_only,inherits_parent,,,Embedded component; use the parent unit's semantic disposition.
fga.212.eq.u.n04,212,equation,fga.212,100,100,fr/212.tex:72,en/212.tex:71,2AE65A57C7C9240E0AC880DEE5BAE3D2EDB956AAB6673C2261F1095A51F26C0D,,,,,structural_only,inherits_parent,,,Embedded component; use the parent unit's semantic disposition.
fga.212.eq.u.n05,212,equation,fga.212,100,100,fr/212.tex:88,en/212.tex:86,2AE65A57C7C9240E0AC880DEE5BAE3D2EDB956AAB6673C2261F1095A51F26C0D,,,,,structural_only,inherits_parent,,,Embedded component; use the parent unit's semantic disposition.
fga.212.eq.u.n06,212,equation,fga.212,101,101,fr/212.tex:102,en/212.tex:99,2AE65A57C7C9240E0AC880DEE5BAE3D2EDB956AAB6673C2261F1095A51F26C0D,,,,,structural_only,inherits_parent,,,Embedded component; use the parent unit's semantic disposition.
fga.212.eq.u.n07,212,equation,fga.212,101,101,fr/212.tex:107,en/212.tex:104,2AE65A57C7C9240E0AC880DEE5BAE3D2EDB956AAB6673C2261F1095A51F26C0D,,,,,structural_only,inherits_parent,,,Embedded component; use the parent unit's semantic disposition.
fga.212.item.i,212,subitem,fga.212,101,101,fr/212.tex:117,en/212.tex:115,2AE65A57C7C9240E0AC880DEE5BAE3D2EDB956AAB6673C2261F1095A51F26C0D,,,,,structural_only,inherits_parent,,,Embedded component; use the parent unit's semantic disposition.
fga.212.item.ii,212,subitem,fga.212,101,101,fr/212.tex:118,en/212.tex:116,2AE65A57C7C9240E0AC880DEE5BAE3D2EDB956AAB6673C2261F1095A51F26C0D,,,,,structural_only,inherits_parent,,,Embedded component; use the parent unit's semantic disposition.
fga.212.item.iii,212,subitem,fga.212,101,101,fr/212.tex:119,en/212.tex:117,2AE65A57C7C9240E0AC880DEE5BAE3D2EDB956AAB6673C2261F1095A51F26C0D,,,,,structural_only,inherits_parent,,,Embedded component; use the parent unit's semantic disposition.
fga.212.item.i.n02,212,subitem,fga.212,101,101,fr/212.tex:129,en/212.tex:126,2AE65A57C7C9240E0AC880DEE5BAE3D2EDB956AAB6673C2261F1095A51F26C0D,,,,,structural_only,inherits_parent,,,Embedded component; use the parent unit's semantic disposition.
fga.212.item.ii.n02,212,subitem,fga.212,101,101,fr/212.tex:130,en/212.tex:127,2AE65A57C7C9240E0AC880DEE5BAE3D2EDB956AAB6673C2261F1095A51F26C0D,,,,,structural_only,inherits_parent,,,Embedded component; use the parent unit's semantic disposition.
fga.212.item.iii.n02,212,subitem,fga.212,101,101,fr/212.tex:132,en/212.tex:129,2AE65A57C7C9240E0AC880DEE5BAE3D2EDB956AAB6673C2261F1095A51F26C0D,,,,,structural_only,inherits_parent,,,Embedded component; use the parent unit's semantic disposition.
fga.212.proposition.1-1,212,proposition,fga.212,102,103,fr/212.tex:144,en/212.tex:140,2AE65A57C7C9240E0AC880DEE5BAE3D2EDB956AAB6673C2261F1095A51F26C0D,coherent-sheaf;effectivity;equivalence-relation;finite-type;flatness;projectivity;quotient;smoothness,coherent-section-coherent-sheaves;descent-definition-effective;descent-section-descent-datum;groupoids-quotients-section-categorical;groupoids-quotients-section-geometric;groupoids-section-finite-flat-general;groupoids-section-groupoids;modules-section-coherent;morphisms-section-finite-type;morphisms-section-flat;morphisms-section-projective;morphisms-section-smooth;spaces-section-spaces-from-equivalence-relations,01BU;01T0;01U2;01V4;01W7;01XY;0230;023U;023Z;0264;03JD;048I;04AD,D000168,existing_equivalent,reviewed_source_and_stacks,groupoids-definition-equivalence-relation;groupoids-quotients-definition-categorical,022P;048J,The correspondence is the formal inverse relationship between effective kernel-pair relations and effective coequalizer quotients in the current quotient terminology
fga.212.proposition.2-1,212,proposition,fga.212,103,108,fr/212.tex:229,en/212.tex:221,2AE65A57C7C9240E0AC880DEE5BAE3D2EDB956AAB6673C2261F1095A51F26C0D,effectivity;equivalence-relation;frobenius-radicial;quotient,descent-definition-effective;descent-section-descent-datum;groupoids-quotients-section-categorical;groupoids-quotients-section-geometric;groupoids-section-finite-flat-general;groupoids-section-groupoids;morphisms-section-radicial;spaces-section-spaces-from-equivalence-relations;varieties-section-frobenius,01S2;0230;023U;023Z;0264;03JD;048I;04AD;0CC6,D000169,new_statement,reviewed_gap,groupoids-proposition-finite-flat-equivalence;spaces-properties-proposition-finite-flat-equivalence-global,03BM;07S6,Stacks proves strong quotient results for finite locally free relations but does not state right exactness of every algebraically closed geometric fibre functor on the entire category of finite schemes over a locally Noetherian base
fga.212.proposition.2-1.eq.u.n01,212,equation,fga.212.proposition.2-1,104,104,fr/212.tex:246,en/212.tex:237,2AE65A57C7C9240E0AC880DEE5BAE3D2EDB956AAB6673C2261F1095A51F26C0D,,,,,structural_only,inherits_parent,,,Embedded component; use the parent unit's semantic disposition.
fga.212.proposition.2-1.eq.u.n02,212,equation,fga.212.proposition.2-1,104,104,fr/212.tex:264,en/212.tex:254,2AE65A57C7C9240E0AC880DEE5BAE3D2EDB956AAB6673C2261F1095A51F26C0D,,,,,structural_only,inherits_parent,,,Embedded component; use the parent unit's semantic disposition.
fga.212.proposition.2-1.eq.u.n03,212,equation,fga.212.proposition.2-1,104,104,fr/212.tex:276,en/212.tex:265,2AE65A57C7C9240E0AC880DEE5BAE3D2EDB956AAB6673C2261F1095A51F26C0D,,,,,structural_only,inherits_parent,,,Embedded component; use the parent unit's semantic disposition.
fga.212.proposition.2-1.eq.u.n04,212,equation,fga.212.proposition.2-1,105,105,fr/212.tex:281,en/212.tex:270,2AE65A57C7C9240E0AC880DEE5BAE3D2EDB956AAB6673C2261F1095A51F26C0D,,,,,structural_only,inherits_parent,,,Embedded component; use the parent unit's semantic disposition.
fga.212.proposition.2-1.eq.u.n05,212,equation,fga.212.proposition.2-1,105,105,fr/212.tex:286,en/212.tex:275,2AE65A57C7C9240E0AC880DEE5BAE3D2EDB956AAB6673C2261F1095A51F26C0D,,,,,structural_only,inherits_parent,,,Embedded component; use the parent unit's semantic disposition.
fga.212.proposition.2-1.eq.u.n06,212,equation,fga.212.proposition.2-1,105,105,fr/212.tex:298,en/212.tex:287,2AE65A57C7C9240E0AC880DEE5BAE3D2EDB956AAB6673C2261F1095A51F26C0D,,,,,structural_only,inherits_parent,,,Embedded component; use the parent unit's semantic disposition.
fga.212.proposition.2-1.item.i,212,subitem,fga.212.proposition.2-1,106,106,fr/212.tex:330,en/212.tex:319,2AE65A57C7C9240E0AC880DEE5BAE3D2EDB956AAB6673C2261F1095A51F26C0D,,,,,structural_only,inherits_parent,,,Embedded component; use the parent unit's semantic disposition.
fga.212.proposition.2-1.eq.u.n07,212,equation,fga.212.proposition.2-1,106,106,fr/212.tex:331,en/212.tex:320,2AE65A57C7C9240E0AC880DEE5BAE3D2EDB956AAB6673C2261F1095A51F26C0D,,,,,structural_only,inherits_parent,,,Embedded component; use the parent unit's semantic disposition.
fga.212.proposition.2-1.item.ii,212,subitem,fga.212.proposition.2-1,106,106,fr/212.tex:336,en/212.tex:325,2AE65A57C7C9240E0AC880DEE5BAE3D2EDB956AAB6673C2261F1095A51F26C0D,,,,,structural_only,inherits_parent,,,Embedded component; use the parent unit's semantic disposition.
fga.212.proposition.2-1.eq.u.n08,212,equation,fga.212.proposition.2-1,106,106,fr/212.tex:337,en/212.tex:326,2AE65A57C7C9240E0AC880DEE5BAE3D2EDB956AAB6673C2261F1095A51F26C0D,,,,,structural_only,inherits_parent,,,Embedded component; use the parent unit's semantic disposition.
fga.212.proposition.2-1.eq.u.n09,212,equation,fga.212.proposition.2-1,106,106,fr/212.tex:348,en/212.tex:336,2AE65A57C7C9240E0AC880DEE5BAE3D2EDB956AAB6673C2261F1095A51F26C0D,,,,,structural_only,inherits_parent,,,Embedded component; use the parent unit's semantic disposition.
fga.212.proposition.2-1.eq.u.n10,212,equation,fga.212.proposition.2-1,106,106,fr/212.tex:353,en/212.tex:340,2AE65A57C7C9240E0AC880DEE5BAE3D2EDB956AAB6673C2261F1095A51F26C0D,,,,,structural_only,inherits_parent,,,Embedded component; use the parent unit's semantic disposition.
fga.212.proposition.2-1.eq.u.n11,212,equation,fga.212.proposition.2-1,106,106,fr/212.tex:360,en/212.tex:347,2AE65A57C7C9240E0AC880DEE5BAE3D2EDB956AAB6673C2261F1095A51F26C0D,,,,,structural_only,inherits_parent,,,Embedded component; use the parent unit's semantic disposition.
fga.212.proposition.2-1.eq.u.n12,212,equation,fga.212.proposition.2-1,106,106,fr/212.tex:373,en/212.tex:359,2AE65A57C7C9240E0AC880DEE5BAE3D2EDB956AAB6673C2261F1095A51F26C0D,,,,,structural_only,inherits_parent,,,Embedded component; use the parent unit's semantic disposition.
fga.212.proposition.2-1.eq.u.n13,212,equation,fga.212.proposition.2-1,107,107,fr/212.tex:379,en/212.tex:365,2AE65A57C7C9240E0AC880DEE5BAE3D2EDB956AAB6673C2261F1095A51F26C0D,,,,,structural_only,inherits_parent,,,Embedded component; use the parent unit's semantic disposition.
fga.212.proposition.2-1.eq.u.n14,212,equation,fga.212.proposition.2-1,107,107,fr/212.tex:388,en/212.tex:374,2AE65A57C7C9240E0AC880DEE5BAE3D2EDB956AAB6673C2261F1095A51F26C0D,,,,,structural_only,inherits_parent,,,Embedded component; use the parent unit's semantic disposition.
fga.212.proposition.2-1.eq.u.n15,212,equation,fga.212.proposition.2-1,107,107,fr/212.tex:392,en/212.tex:378,2AE65A57C7C9240E0AC880DEE5BAE3D2EDB956AAB6673C2261F1095A51F26C0D,,,,,structural_only,inherits_parent,,,Embedded component; use the parent unit's semantic disposition.
fga.212.proposition.2-1.eq.u.n16,212,equation,fga.212.proposition.2-1,107,107,fr/212.tex:412,en/212.tex:397,2AE65A57C7C9240E0AC880DEE5BAE3D2EDB956AAB6673C2261F1095A51F26C0D,,,,,structural_only,inherits_parent,,,Embedded component; use the parent unit's semantic disposition.
fga.212.proposition.2-1.eq.u.n17,212,equation,fga.212.proposition.2-1,108,108,fr/212.tex:432,en/212.tex:415,2AE65A57C7C9240E0AC880DEE5BAE3D2EDB956AAB6673C2261F1095A51F26C0D,,,,,structural_only,inherits_parent,,,Embedded component; use the parent unit's semantic disposition.
fga.212.proposition.2-1.eq.u.n18,212,equation,fga.212.proposition.2-1,108,108,fr/212.tex:437,en/212.tex:420,2AE65A57C7C9240E0AC880DEE5BAE3D2EDB956AAB6673C2261F1095A51F26C0D,,,,,structural_only,inherits_parent,,,Embedded component; use the parent unit's semantic disposition.
fga.212.proposition.4-1,212,proposition,fga.212,108,109,fr/212.tex:466,en/212.tex:448,2AE65A57C7C9240E0AC880DEE5BAE3D2EDB956AAB6673C2261F1095A51F26C0D,,,,D000313,existing_equivalent,integrated_source,simplicial-lemma-characterize-nerves-categories;simplicial-lemma-nerve-groupoid-kan,,The new source proves the nerve functor fully faithful and characterizes categories by bijective Segal maps while groupoids are characterized equivalently by the Kan condition and unique higher horn fillers
fga.212.corollary.4-2,212,corollary,fga.212,109,110,fr/212.tex:487,en/212.tex:467,2AE65A57C7C9240E0AC880DEE5BAE3D2EDB956AAB6673C2261F1095A51F26C0D,equivalence-relation;quotient,groupoids-quotients-section-categorical;groupoids-quotients-section-geometric;groupoids-section-finite-flat-general;groupoids-section-groupoids;spaces-section-spaces-from-equivalence-relations,0230;0264;03JD;048I;04AD,D000314,existing_equivalent,integrated_source,simplicial-remark-internal-category-nerve;simplicial-remark-internal-groupoid-nerve,,The internal finite-limit version identifies category objects with Segal simplicial objects and groupoid objects with the additional outer degree-two horn isomorphisms exactly supplying the general internal statement
fga.212.corollary.4-2.eq.u.n01,212,equation,fga.212.corollary.4-2,109,109,fr/212.tex:496,en/212.tex:476,2AE65A57C7C9240E0AC880DEE5BAE3D2EDB956AAB6673C2261F1095A51F26C0D,,,,,structural_only,inherits_parent,,,Embedded component; use the parent unit's semantic disposition.
fga.212.corollary.4-2.eq.u.n02,212,equation,fga.212.corollary.4-2,109,109,fr/212.tex:514,en/212.tex:493,2AE65A57C7C9240E0AC880DEE5BAE3D2EDB956AAB6673C2261F1095A51F26C0D,,,,,structural_only,inherits_parent,,,Embedded component; use the parent unit's semantic disposition.
fga.212.corollary.4-2.eq.u.n03,212,equation,fga.212.corollary.4-2,110,110,fr/212.tex:542,en/212.tex:519,2AE65A57C7C9240E0AC880DEE5BAE3D2EDB956AAB6673C2261F1095A51F26C0D,,,,,structural_only,inherits_parent,,,Embedded component; use the parent unit's semantic disposition.
fga.212.s5,212,section,fga.212,110,112,fr/212.tex:555,en/212.tex:531,2AE65A57C7C9240E0AC880DEE5BAE3D2EDB956AAB6673C2261F1095A51F26C0D,descent;effectivity;equivalence-relation;finite-type;flatness;projectivity;quasi-projectivity;quotient,descent-definition-effective;descent-section-descent-datum;descent-section-fpqc-descent-quasi-coherent;descent-section-introduction;groupoids-quotients-section-categorical;groupoids-quotients-section-geometric;groupoids-section-finite-flat-general;groupoids-section-groupoids;morphisms-section-finite-type;morphisms-section-flat;morphisms-section-projective;morphisms-section-quasi-projective;spaces-section-spaces-from-equivalence-relations,01T0;01U2;01VV;01W7;0230;0239;023R;023U;023Z;0264;03JD;048I;04AD,D000172,existing_stronger,reviewed_combination,groupoids-section-finite-flat;spaces-properties-proposition-finite-flat-equivalence-global;stacks-more-morphisms-lemma-moduli-space-finite-affine,03BE;07S6;0DUR,The finite-flat quotient theory is developed for affine and global equivalence relations and also as a uniform categorical moduli-space construction for finite-flat groupoids with stabilizers
fga.212.s5.theorem.5-1,212,theorem,fga.212.s5,110,111,fr/212.tex:557,en/212.tex:533,2AE65A57C7C9240E0AC880DEE5BAE3D2EDB956AAB6673C2261F1095A51F26C0D,effectivity;equivalence-relation;finite-type;projectivity;quotient,descent-definition-effective;descent-section-descent-datum;groupoids-quotients-section-categorical;groupoids-quotients-section-geometric;groupoids-section-finite-flat-general;groupoids-section-groupoids;morphisms-section-finite-type;morphisms-section-projective;spaces-section-spaces-from-equivalence-relations,01T0;01W7;0230;023U;023Z;0264;03JD;048I;04AD,D000173,existing_stronger,reviewed_combination,groupoids-lemma-integral-over-invariants;groupoids-lemma-points;groupoids-proposition-finite-flat-equivalence;stacks-more-morphisms-lemma-moduli-space-finite-affine,03BJ;03BL;03BM;0DUR,Stacks proves integrality the orbit-space topology and the effective finite-locally-free equivalence case and upgrades the general finite-flat groupoid quotient to a uniform categorical moduli space
fga.212.s5.theorem.5-1.eq.u.n01,212,equation,fga.212.s5.theorem.5-1,110,110,fr/212.tex:564,en/212.tex:540,2AE65A57C7C9240E0AC880DEE5BAE3D2EDB956AAB6673C2261F1095A51F26C0D,,,,,structural_only,inherits_parent,,,Embedded component; use the parent unit's semantic disposition.
fga.212.s5.theorem.5-1.item.i,212,subitem,fga.212.s5.theorem.5-1,110,110,fr/212.tex:571,en/212.tex:547,2AE65A57C7C9240E0AC880DEE5BAE3D2EDB956AAB6673C2261F1095A51F26C0D,,,,,structural_only,inherits_parent,,,Embedded component; use the parent unit's semantic disposition.
fga.212.s5.theorem.5-1.item.ii,212,subitem,fga.212.s5.theorem.5-1,110,110,fr/212.tex:573,en/212.tex:549,2AE65A57C7C9240E0AC880DEE5BAE3D2EDB956AAB6673C2261F1095A51F26C0D,,,,,structural_only,inherits_parent,,,Embedded component; use the parent unit's semantic disposition.
fga.212.s5.theorem.5-1.item.iii,212,subitem,fga.212.s5.theorem.5-1,111,111,fr/212.tex:579,en/212.tex:555,2AE65A57C7C9240E0AC880DEE5BAE3D2EDB956AAB6673C2261F1095A51F26C0D,,,,,structural_only,inherits_parent,,,Embedded component; use the parent unit's semantic disposition.
fga.212.s5.theorem.5-1.item.iv,212,subitem,fga.212.s5.theorem.5-1,111,111,fr/212.tex:582,en/212.tex:557,2AE65A57C7C9240E0AC880DEE5BAE3D2EDB956AAB6673C2261F1095A51F26C0D,,,,,structural_only,inherits_parent,,,Embedded component; use the parent unit's semantic disposition.
fga.212.s5.corollary.5-2,212,corollary,fga.212.s5,111,111,fr/212.tex:593,en/212.tex:568,2AE65A57C7C9240E0AC880DEE5BAE3D2EDB956AAB6673C2261F1095A51F26C0D,equivalence-relation;quotient,groupoids-quotients-section-categorical;groupoids-quotients-section-geometric;groupoids-section-finite-flat-general;groupoids-section-groupoids;spaces-section-spaces-from-equivalence-relations,0230;0264;03JD;048I;04AD,D000174,existing_equivalent,reviewed_source_and_stacks,groupoids-lemma-points,03BL,The current affine finite-flat groupoid lemma says exactly that two points have the same image in the invariant spectrum precisely when an arrow joins them which is the asserted surjectivity
fga.212.s5.corollary.5-2.eq.u.n01,212,equation,fga.212.s5.corollary.5-2,111,111,fr/212.tex:601,en/212.tex:575,2AE65A57C7C9240E0AC880DEE5BAE3D2EDB956AAB6673C2261F1095A51F26C0D,,,,,structural_only,inherits_parent,,,Embedded component; use the parent unit's semantic disposition.
fga.212.s5.theorem.5-3,212,theorem,fga.212.s5,111,112,fr/212.tex:611,en/212.tex:585,2AE65A57C7C9240E0AC880DEE5BAE3D2EDB956AAB6673C2261F1095A51F26C0D,equivalence-relation;projectivity;quasi-projectivity;quotient,groupoids-quotients-section-categorical;groupoids-quotients-section-geometric;groupoids-section-finite-flat-general;groupoids-section-groupoids;morphisms-section-projective;morphisms-section-quasi-projective;spaces-section-spaces-from-equivalence-relations,01VV;01W7;0230;0264;03JD;048I;04AD,D000175,existing_equivalent,reviewed_combination,groupoids-lemma-find-invariant-affine;stacks-more-morphisms-lemma-moduli-space-finite-affine,03JE;0DUR,The invariant-affine-neighbourhood lemma and affine finite-groupoid moduli-space theorem give the same local criterion and gluing construction while integrality gives the converse
fga.212.s5.corollary.5-4,212,corollary,fga.212.s5,112,112,fr/212.tex:625,en/212.tex:599,2AE65A57C7C9240E0AC880DEE5BAE3D2EDB956AAB6673C2261F1095A51F26C0D,descent;effectivity;equivalence-relation,descent-definition-effective;descent-section-descent-datum;descent-section-fpqc-descent-quasi-coherent;descent-section-introduction;groupoids-section-groupoids;spaces-section-spaces-from-equivalence-relations,0230;0239;023R;023U;023Z;0264,D000176,existing_equivalent,reviewed_source_and_stacks,groupoids-proposition-finite-flat-equivalence;spaces-properties-proposition-finite-flat-equivalence-global,03BM;07S6,The current global proposition produces a scheme quotient with a finite locally free cover and identifies the relation with the kernel pair under the same affine-orbit condition
fga.212.s5.corollary.5-5,212,corollary,fga.212.s5,112,112,fr/212.tex:632,en/212.tex:606,2AE65A57C7C9240E0AC880DEE5BAE3D2EDB956AAB6673C2261F1095A51F26C0D,flatness,morphisms-section-flat,01U2,D000177,existing_equivalent,reviewed_combination,spaces-properties-proposition-finite-flat-equivalence-global;descent-lemma-descending-property-flat,07S6;02L2,Rank is read from the finite locally free kernel pair and flatness over a further base descends and ascends along the resulting fpqc quotient cover
fga.212.s5.result.u.n01,212,result,fga.212.s5,112,112,fr/212.tex:640,en/212.tex:614,2AE65A57C7C9240E0AC880DEE5BAE3D2EDB956AAB6673C2261F1095A51F26C0D,,,,D000178,existing_equivalent,reviewed_source_and_stacks,groupoids-proposition-finite-flat-equivalence;spaces-properties-proposition-finite-flat-equivalence-global,03BM;07S6,The affine and global finite-flat equivalence propositions give precisely the correspondence between finite locally free surjections and effective finite locally free equivalence relations with affine-contained classes
fga.212.s6,212,section,fga.212,112,114,fr/212.tex:668,en/212.tex:642,2AE65A57C7C9240E0AC880DEE5BAE3D2EDB956AAB6673C2261F1095A51F26C0D,effectivity;equivalence-relation;faithfully-flat;finite-type;flatness;projectivity;properness;quasi-projectivity;quotient,descent-definition-effective;descent-section-descent-datum;descent-section-fpqc-descent-quasi-coherent;groupoids-quotients-section-categorical;groupoids-quotients-section-geometric;groupoids-section-finite-flat-general;groupoids-section-groupoids;morphisms-section-finite-type;morphisms-section-flat;morphisms-section-projective;morphisms-section-proper;morphisms-section-quasi-projective;spaces-section-spaces-from-equivalence-relations,01T0;01U2;01VV;01W0;01W7;0230;023R;023U;023Z;0264;03JD;048I;04AD,D000179,extend_existing,reviewed_gap,bootstrap-theorem-final-bootstrap;stacks-more-morphisms-theorem-keel-mori,04S6;0DUT,Modern bootstrap and Keel--Mori theory construct algebraic-space and coarse-moduli quotients far more generally but the exposé's scheme and quasi-projectivity refinements are not packaged in the current text
fga.212.s6.theorem.6-1,212,theorem,fga.212.s6,112,113,fr/212.tex:670,en/212.tex:644,2AE65A57C7C9240E0AC880DEE5BAE3D2EDB956AAB6673C2261F1095A51F26C0D,effectivity;equivalence-relation;faithfully-flat;flatness;projectivity;properness;quasi-projectivity;quotient,descent-definition-effective;descent-section-descent-datum;descent-section-fpqc-descent-quasi-coherent;groupoids-quotients-section-categorical;groupoids-quotients-section-geometric;groupoids-section-finite-flat-general;groupoids-section-groupoids;morphisms-section-flat;morphisms-section-projective;morphisms-section-proper;morphisms-section-quasi-projective;spaces-section-spaces-from-equivalence-relations,01U2;01VV;01W0;01W7;0230;023R;023U;023Z;0264;03JD;048I;04AD,D000180,extend_existing,reviewed_gap,bootstrap-theorem-final-bootstrap;bootstrap-lemma-covering-quotient;stacks-more-morphisms-theorem-keel-mori;stacks-more-morphisms-lemma-keel-mori-finite-type,04S6;06PG;0DUT;0DUX,Stacks gives an algebraic-space quotient for a flat finitely presented equivalence relation and a finite-type coarse moduli space for finite inertia but does not state the theorem's scheme quotient and corrected quasi-projectivity conclusion for the proper-flat quasi-projective case
fga.212.s6.theorem.6-1.item.a,212,subitem,fga.212.s6.theorem.6-1,113,113,fr/212.tex:675,en/212.tex:649,2AE65A57C7C9240E0AC880DEE5BAE3D2EDB956AAB6673C2261F1095A51F26C0D,,,,,structural_only,inherits_parent,,,Embedded component; use the parent unit's semantic disposition.
fga.212.s6.theorem.6-1.item.b,212,subitem,fga.212.s6.theorem.6-1,113,113,fr/212.tex:676,en/212.tex:650,2AE65A57C7C9240E0AC880DEE5BAE3D2EDB956AAB6673C2261F1095A51F26C0D,,,,,structural_only,inherits_parent,,,Embedded component; use the parent unit's semantic disposition.
fga.212.s6.theorem.6-1.item.i,212,subitem,fga.212.s6.theorem.6-1,113,113,fr/212.tex:682,en/212.tex:656,2AE65A57C7C9240E0AC880DEE5BAE3D2EDB956AAB6673C2261F1095A51F26C0D,,,,,structural_only,inherits_parent,,,Embedded component; use the parent unit's semantic disposition.
fga.212.s6.theorem.6-1.item.ii,212,subitem,fga.212.s6.theorem.6-1,113,113,fr/212.tex:688,en/212.tex:662,2AE65A57C7C9240E0AC880DEE5BAE3D2EDB956AAB6673C2261F1095A51F26C0D,,,,,structural_only,inherits_parent,,,Embedded component; use the parent unit's semantic disposition.
fga.212.s6.theorem.6-1.item.iii,212,subitem,fga.212.s6.theorem.6-1,113,113,fr/212.tex:694,en/212.tex:668,2AE65A57C7C9240E0AC880DEE5BAE3D2EDB956AAB6673C2261F1095A51F26C0D,,,,,structural_only,inherits_parent,,,Embedded component; use the parent unit's semantic disposition.
fga.212.s6.result.u.n01,212,result,fga.212.s6,113,113,fr/212.tex:705,en/212.tex:679,2AE65A57C7C9240E0AC880DEE5BAE3D2EDB956AAB6673C2261F1095A51F26C0D,,,,D000181,existing_weaker,reviewed_combination,bootstrap-theorem-final-bootstrap;bootstrap-lemma-covering-quotient,04S6;06PG,The current quotient sheaf gives an algebraic space and an fpqc cover from any flat locally finitely presented equivalence relation but does not assert that the target is a scheme under the scholium's quasi-projective proper hypotheses
fga.212.s6.theorem.6-2,212,theorem,fga.212.s6,113,114,fr/212.tex:712,en/212.tex:686,2AE65A57C7C9240E0AC880DEE5BAE3D2EDB956AAB6673C2261F1095A51F26C0D,effectivity;equivalence-relation;faithfully-flat;finite-type;flatness;quotient,descent-definition-effective;descent-section-descent-datum;descent-section-fpqc-descent-quasi-coherent;groupoids-quotients-section-categorical;groupoids-quotients-section-geometric;groupoids-section-finite-flat-general;groupoids-section-groupoids;morphisms-section-finite-type;morphisms-section-flat;spaces-section-spaces-from-equivalence-relations,01T0;01U2;0230;023R;023U;023Z;0264;03JD;048I;04AD,D000182,extend_existing,reviewed_gap,bootstrap-theorem-final-bootstrap;stacks-more-morphisms-theorem-keel-mori;spaces-properties-proposition-locally-quasi-separated-open-dense-scheme;more-groupoids-lemma-invariant-affine-open-around-generic-point-Noetherian,04S6;0DUT;06NH;0ABD,Stacks contains the algebraic-space quotient finite-inertia and dense-open-scheme ingredients but does not package the exposé's saturated dense-open coarse scheme quotient for a general flat finite-type pre-equivalence relation
fga.212.s6.theorem.6-2.item.a,212,subitem,fga.212.s6.theorem.6-2,113,113,fr/212.tex:716,en/212.tex:690,2AE65A57C7C9240E0AC880DEE5BAE3D2EDB956AAB6673C2261F1095A51F26C0D,,,,,structural_only,inherits_parent,,,Embedded component; use the parent unit's semantic disposition.
fga.212.s6.theorem.6-2.item.b,212,subitem,fga.212.s6.theorem.6-2,113,113,fr/212.tex:717,en/212.tex:691,2AE65A57C7C9240E0AC880DEE5BAE3D2EDB956AAB6673C2261F1095A51F26C0D,,,,,structural_only,inherits_parent,,,Embedded component; use the parent unit's semantic disposition.
fga.212.s6.theorem.6-2.item.i,212,subitem,fga.212.s6.theorem.6-2,113,113,fr/212.tex:722,en/212.tex:697,2AE65A57C7C9240E0AC880DEE5BAE3D2EDB956AAB6673C2261F1095A51F26C0D,,,,,structural_only,inherits_parent,,,Embedded component; use the parent unit's semantic disposition.
fga.212.s6.theorem.6-2.item.ii,212,subitem,fga.212.s6.theorem.6-2,113,113,fr/212.tex:725,en/212.tex:700,2AE65A57C7C9240E0AC880DEE5BAE3D2EDB956AAB6673C2261F1095A51F26C0D,,,,,structural_only,inherits_parent,,,Embedded component; use the parent unit's semantic disposition.
fga.212.s6.theorem.6-2.eq.u.n01,212,equation,fga.212.s6.theorem.6-2,113,113,fr/212.tex:729,en/212.tex:704,2AE65A57C7C9240E0AC880DEE5BAE3D2EDB956AAB6673C2261F1095A51F26C0D,,,,,structural_only,inherits_parent,,,Embedded component; use the parent unit's semantic disposition.
fga.212.s6.theorem.6-2.item.iii,212,subitem,fga.212.s6.theorem.6-2,114,114,fr/212.tex:735,en/212.tex:710,2AE65A57C7C9240E0AC880DEE5BAE3D2EDB956AAB6673C2261F1095A51F26C0D,,,,,structural_only,inherits_parent,,,Embedded component; use the parent unit's semantic disposition.
fga.212.s7,212,section,fga.212,114,116,fr/212.tex:760,en/212.tex:734,2AE65A57C7C9240E0AC880DEE5BAE3D2EDB956AAB6673C2261F1095A51F26C0D,abelian-scheme;finite-type;flatness;formal-scheme;group-scheme;normality;picard-scheme;projectivity;properness;quotient;smoothness,formal-spaces-section-formal-schemes-EGA;groupoids-quotients-section-categorical;groupoids-quotients-section-geometric;groupoids-section-abelian-varieties;groupoids-section-finite-flat-general;groupoids-section-group-schemes;groupoids-section-properties-group-schemes-field;more-morphisms-section-normal;morphisms-section-finite-type;morphisms-section-flat;morphisms-section-projective;morphisms-section-proper;morphisms-section-smooth;pic-section-picard-curve;pic-section-representability;properties-section-normal,01T0;01U2;01V4;01W0;01W7;022R;033H;038Z;03JD;047J;048I;04AD;0AHY;0B9P;0B9R;0BF9,D000183,extend_existing,reviewed_gap,bootstrap-lemma-quotient-free-action;stacks-more-morphisms-theorem-keel-mori;groupoids-section-abelian-varieties,06PH;0DUT;0BF9,General torsor and coarse-quotient machinery covers the structural background but the stated abelian-reduction and group-scheme quotient applications are not all present
fga.212.s7.proposition.7-1,212,proposition,fga.212.s7,114,115,fr/212.tex:769,en/212.tex:742,2AE65A57C7C9240E0AC880DEE5BAE3D2EDB956AAB6673C2261F1095A51F26C0D,abelian-scheme;group-scheme;projectivity;properness;quotient,groupoids-quotients-section-categorical;groupoids-quotients-section-geometric;groupoids-section-abelian-varieties;groupoids-section-finite-flat-general;groupoids-section-group-schemes;groupoids-section-properties-group-schemes-field;morphisms-section-projective;morphisms-section-proper,01W0;01W7;022R;03JD;047J;048I;04AD;0BF9,D000184,new_statement,reviewed_gap,groupoids-section-abelian-varieties;bootstrap-lemma-quotient-free-action,0BF9;06PH,Stacks discusses abelian varieties and quotients by free flat actions separately but does not state extension over a discrete valuation ring of every abelian variety isogenous to a quotient of the generic fibre of an abelian scheme
fga.212.s7.theorem.7-2,212,theorem,fga.212.s7,115,115,fr/212.tex:792,en/212.tex:764,2AE65A57C7C9240E0AC880DEE5BAE3D2EDB956AAB6673C2261F1095A51F26C0D,finite-type;flatness;group-scheme;quotient,groupoids-quotients-section-categorical;groupoids-quotients-section-geometric;groupoids-section-finite-flat-general;groupoids-section-group-schemes;groupoids-section-properties-group-schemes-field;morphisms-section-finite-type;morphisms-section-flat,01T0;01U2;022R;03JD;047J;048I;04AD,D000185,extend_existing,reviewed_gap,bootstrap-lemma-quotient-free-action;stacks-more-morphisms-theorem-keel-mori;stacks-more-morphisms-lemma-keel-mori-finite-type,06PH;0DUT;0DUX,Free flat actions have algebraic-space torsor quotients and finite kernel gives finite inertia and a finite-type coarse space but the Artinian-base theorem's scheme quotient for a non-monomorphic homomorphism is not stated
fga.212.s7.theorem.7-2.item.i,212,subitem,fga.212.s7.theorem.7-2,115,115,fr/212.tex:796,en/212.tex:768,2AE65A57C7C9240E0AC880DEE5BAE3D2EDB956AAB6673C2261F1095A51F26C0D,,,,,structural_only,inherits_parent,,,Embedded component; use the parent unit's semantic disposition.
fga.212.s7.theorem.7-2.item.ii,212,subitem,fga.212.s7.theorem.7-2,115,115,fr/212.tex:797,en/212.tex:769,2AE65A57C7C9240E0AC880DEE5BAE3D2EDB956AAB6673C2261F1095A51F26C0D,,,,,structural_only,inherits_parent,,,Embedded component; use the parent unit's semantic disposition.
fga.212.s7.theorem.7-2.eq.u.n01,212,equation,fga.212.s7.theorem.7-2,115,115,fr/212.tex:804,en/212.tex:775,2AE65A57C7C9240E0AC880DEE5BAE3D2EDB956AAB6673C2261F1095A51F26C0D,,,,,structural_only,inherits_parent,,,Embedded component; use the parent unit's semantic disposition.
fga.212.s7.corollary.7-3,212,corollary,fga.212.s7,115,115,fr/212.tex:812,en/212.tex:782,2AE65A57C7C9240E0AC880DEE5BAE3D2EDB956AAB6673C2261F1095A51F26C0D,flatness;normality;quotient;smoothness,groupoids-quotients-section-categorical;groupoids-quotients-section-geometric;groupoids-section-finite-flat-general;more-morphisms-section-normal;morphisms-section-flat;morphisms-section-smooth;properties-section-normal,01U2;01V4;033H;038Z;03JD;048I;04AD,D000186,extend_existing,reviewed_gap,bootstrap-lemma-quotient-free-action;descent-lemma-descending-property-flat;stacks-more-morphisms-theorem-keel-mori,06PH;02L2;0DUT,Stacks gives flat descent and arbitrary base change for the fppf quotient sheaf in the free-action case but does not package the finite-kernel scheme quotient normal-subgroup group law and full base-change assertion
fga.212.s7.corollary.7-4,212,corollary,fga.212.s7,115,116,fr/212.tex:821,en/212.tex:791,2AE65A57C7C9240E0AC880DEE5BAE3D2EDB956AAB6673C2261F1095A51F26C0D,finite-type;formal-scheme;group-scheme;quotient;smoothness,formal-spaces-section-formal-schemes-EGA;groupoids-quotients-section-categorical;groupoids-quotients-section-geometric;groupoids-section-finite-flat-general;groupoids-section-group-schemes;groupoids-section-properties-group-schemes-field;morphisms-section-finite-type;morphisms-section-smooth,01T0;01V4;022R;03JD;047J;048I;04AD;0AHY,D000187,extend_existing,reviewed_gap,groupoids-lemma-immersion-group-schemes-closed-over-field;more-groupoids-lemma-quasi-compact-map-groupoids-on-field-image;bootstrap-lemma-quotient-free-action,047T;04QA;06PH,Stacks proves closedness and scheme-theoretic image results for group schemes over a field and algebraic-space quotients for free flat actions but not the full quotient-kernel factorization and scheme quotient theorem stated here
fga.212.s8,212,section,fga.212,116,118,fr/212.tex:840,en/212.tex:810,2AE65A57C7C9240E0AC880DEE5BAE3D2EDB956AAB6673C2261F1095A51F26C0D,ampleness;base-change;descent;effectivity;equivalence-relation;faithfully-flat;finite-type;flatness;group-scheme;hilbert-scheme;projectivity;quasi-projectivity;quotient;representability;separatedness,algebraic-section-representable-by-algebraic-spaces;categories-section-representable;coherent-section-cohomology-and-base-change;descent-definition-effective;descent-section-descent-datum;descent-section-fpqc-descent-quasi-coherent;descent-section-introduction;duality-section-base-change-map;groupoids-quotients-section-categorical;groupoids-quotients-section-geometric;groupoids-section-finite-flat-general;groupoids-section-group-schemes;groupoids-section-groupoids;groupoids-section-properties-group-schemes-field;morphisms-section-finite-type;morphisms-section-flat;morphisms-section-projective;morphisms-section-quasi-projective;morphisms-section-relatively-ample;pic-section-hilbert-scheme-points;properties-section-ample;quot-section-hilb;schemes-section-valuative-separatedness;spaces-section-spaces-from-equivalence-relations,01KY;01PR;01T0;01U2;01VG;01VV;01W7;022R;0230;0239;023R;023U;023Z;0264;02KE;02ZV;03JD;047J;048I;04AD;0AA5;0AHM;0B94;0CZX,D000188,historical_reference,reviewed_historical,bootstrap-lemma-quotient-free-action;stacks-more-morphisms-theorem-keel-mori,06PH;0DUT,The section is a superseded conjectural route to moduli; current quotient theory supplies an algebraic-space replacement while the linked erratum records that the scheme-level conjecture is false
fga.212.s8.result.8-1,212,result,fga.212.s8,117,118,fr/212.tex:883,en/212.tex:851,2AE65A57C7C9240E0AC880DEE5BAE3D2EDB956AAB6673C2261F1095A51F26C0D,,,,D000189,historical_reference,source_hypothesis_issue,bootstrap-lemma-quotient-free-action;stacks-more-morphisms-theorem-keel-mori,06PH;0DUT,The linked erratum explicitly retracts this conjecture and modern Stacks guarantees only the algebraic-space torsor quotient in this generality rather than the asserted scheme and pre-ample descended polarization
fga.212.bib,212,bibliography,fga.212,118,118,fr/212.tex:936,en/212.tex:904,2AE65A57C7C9240E0AC880DEE5BAE3D2EDB956AAB6673C2261F1095A51F26C0D,,,,,structural_only,classified,,,Source or corpus structure; no independent Stacks object.
fga.212.bib.ref.1,212,bibliography_item,fga.212.bib,118,118,fr/212.tex:940,en/212.tex:908,2AE65A57C7C9240E0AC880DEE5BAE3D2EDB956AAB6673C2261F1095A51F26C0D,,,,,structural_only,classified,,,Source or corpus structure; no independent Stacks object.
fga.212.bib.ref.2,212,bibliography_item,fga.212.bib,118,118,fr/212.tex:944,en/212.tex:912,2AE65A57C7C9240E0AC880DEE5BAE3D2EDB956AAB6673C2261F1095A51F26C0D,,,,,structural_only,classified,,,Source or corpus structure; no independent Stacks object.
fga.212.bib.ref.3,212,bibliography_item,fga.212.bib,118,118,fr/212.tex:949,en/212.tex:916,2AE65A57C7C9240E0AC880DEE5BAE3D2EDB956AAB6673C2261F1095A51F26C0D,,,,,structural_only,classified,,,Source or corpus structure; no independent Stacks object.
fga.e212,e212,erratum,fga,301,302,fr/e212.tex:1,en/e212.tex:1,BC9EE33B18A1768D7B2E3F8011FB55A993B6F730CEE808863D6D4AE83BAA11C0,equivalence-relation;hilbert-scheme;picard-scheme;projectivity;properness;quasi-projectivity;quotient,groupoids-quotients-section-categorical;groupoids-quotients-section-geometric;groupoids-section-finite-flat-general;groupoids-section-groupoids;morphisms-section-projective;morphisms-section-proper;morphisms-section-quasi-projective;pic-section-hilbert-scheme-points;pic-section-picard-curve;pic-section-representability;quot-section-hilb;spaces-section-spaces-from-equivalence-relations,01VV;01W0;01W7;0230;0264;03JD;048I;04AD;0B94;0B9P;0B9R;0CZX,D000190,historical_reference,reviewed_historical,bootstrap-lemma-quotient-free-action;stacks-more-morphisms-theorem-keel-mori;quot-proposition-hilb,06PH;0DUT;0D01,The erratum restricts the quasi-projectivity claim retracts the projective-group conjecture and records Hilbert-scheme and Mumford replacements so it is retained as linked historical provenance
fga.e212.p301,e212,source_page,fga.e212,301,301,fr/e212.tex:5,en/e212.tex:5,BC9EE33B18A1768D7B2E3F8011FB55A993B6F730CEE808863D6D4AE83BAA11C0,,,,,structural_only,classified,,,Source or corpus structure; no independent Stacks object.
fga.e212.p302,e212,source_page,fga.e212,302,302,fr/e212.tex:27,en/e212.tex:26,BC9EE33B18A1768D7B2E3F8011FB55A993B6F730CEE808863D6D4AE83BAA11C0,,,,,structural_only,classified,,,Source or corpus structure; no independent Stacks object.
fga.e212.item.u.n01,e212,subitem,fga.e212,301,301,fr/e212.tex:7,en/e212.tex:7,BC9EE33B18A1768D7B2E3F8011FB55A993B6F730CEE808863D6D4AE83BAA11C0,,,,,structural_only,inherits_parent,,,Embedded component; use the parent unit's semantic disposition.
fga.e212.item.u.n02,e212,subitem,fga.e212,301,301,fr/e212.tex:13,en/e212.tex:13,BC9EE33B18A1768D7B2E3F8011FB55A993B6F730CEE808863D6D4AE83BAA11C0,,,,,structural_only,inherits_parent,,,Embedded component; use the parent unit's semantic disposition.
fga.e212.item.u.n03,e212,subitem,fga.e212,301,301,fr/e212.tex:17,en/e212.tex:17,BC9EE33B18A1768D7B2E3F8011FB55A993B6F730CEE808863D6D4AE83BAA11C0,,,,,structural_only,inherits_parent,,,Embedded component; use the parent unit's semantic disposition.
fga.221,221,expose,fga,249,276,fr/221.tex:1,en/221.tex:1,ABBF37780FDC514BEBD2F1811BFC94E706E44FA8751402CE171510A3F1520968,ampleness;base-change;boundedness;cartier-divisor;coherent-sheaf;cohomology;connected-component;effectivity;equivalence-relation;etale;euler-characteristic;existence-theorem;ext-functor;finite-type;flatness;formal-geometry;formal-scheme;frobenius-radicial;group-scheme;hilbert-polynomial;hilbert-scheme;normality;picard-scheme;projectivity;properness;quasi-projectivity;quotient;representability;separatedness;smoothness,algebraic-section-representable-by-algebraic-spaces;algebraization-section-introduction;categories-section-representable;chow-section-relative-effective-cartier;coherent-section-coherent-sheaves;coherent-section-cohomology-and-base-change;coherent-section-existence;coherent-section-existence-proper;cohomology-section-cech-cohomology-cohomology;cohomology-section-ext;derived-section-ext;descent-definition-effective;descent-section-descent-datum;divisors-lemma-relative-Cartier;duality-section-base-change-map;formal-spaces-section-formal-schemes-EGA;groupoids-quotients-section-categorical;groupoids-quotients-section-geometric;groupoids-section-finite-flat-general;groupoids-section-group-schemes;groupoids-section-groupoids;groupoids-section-properties-group-schemes-field;modules-section-coherent;moduli-section-quot-bounded;more-morphisms-section-connected;more-morphisms-section-normal;morphisms-section-etale;morphisms-section-finite-type;morphisms-section-flat;morphisms-section-projective;morphisms-section-proper;morphisms-section-quasi-projective;morphisms-section-radicial;morphisms-section-relatively-ample;morphisms-section-smooth;pic-section-hilbert-scheme-points;pic-section-picard-curve;pic-section-representability;pione-section-finite-etale;properties-section-ample;properties-section-normal;quot-section-hilb;schemes-section-valuative-separatedness;spaces-over-fields-section-euler;spaces-section-spaces-from-equivalence-relations;topology-section-connected-components;varieties-section-euler;varieties-section-frobenius;varieties-subsection-boundedness;varieties-subsection-hilbert,004R;01BU;01EO;01KY;01PR;01S2;01T0;01U2;01V4;01VG;01VV;01W0;01W7;01XY;022R;0230;023U;023Z;0264;02GH;02KE;02TP;02ZV;033H;038Z;03JD;047J;048I;04AD;055C;056Q;06XP;087V;0886;08A9;08AF;0AA5;0AHM;0AHY;0B94;0B9P;0B9R;0BEI;0BL6;0BQP;0CC6;0CZX;0DN0;0DP9;0EI6,,structural_only,classified,,,Source or corpus structure; no independent Stacks object.
fga.221.p249,221,source_page,fga.221,249,249,fr/221.tex:3,en/221.tex:3,ABBF37780FDC514BEBD2F1811BFC94E706E44FA8751402CE171510A3F1520968,,,,,structural_only,classified,,,Source or corpus structure; no independent Stacks object.
fga.221.p250,221,source_page,fga.221,250,250,fr/221.tex:48,en/221.tex:44,ABBF37780FDC514BEBD2F1811BFC94E706E44FA8751402CE171510A3F1520968,,,,,structural_only,classified,,,Source or corpus structure; no independent Stacks object.
fga.221.p251,221,source_page,fga.221,251,251,fr/221.tex:97,en/221.tex:89,ABBF37780FDC514BEBD2F1811BFC94E706E44FA8751402CE171510A3F1520968,,,,,structural_only,classified,,,Source or corpus structure; no independent Stacks object.
fga.221.p252,221,source_page,fga.221,252,252,fr/221.tex:145,en/221.tex:136,ABBF37780FDC514BEBD2F1811BFC94E706E44FA8751402CE171510A3F1520968,,,,,structural_only,classified,,,Source or corpus structure; no independent Stacks object.
fga.221.p253,221,source_page,fga.221,253,253,fr/221.tex:194,en/221.tex:182,ABBF37780FDC514BEBD2F1811BFC94E706E44FA8751402CE171510A3F1520968,,,,,structural_only,classified,,,Source or corpus structure; no independent Stacks object.
fga.221.p254,221,source_page,fga.221,254,254,fr/221.tex:242,en/221.tex:229,ABBF37780FDC514BEBD2F1811BFC94E706E44FA8751402CE171510A3F1520968,,,,,structural_only,classified,,,Source or corpus structure; no independent Stacks object.
fga.221.p255,221,source_page,fga.221,255,255,fr/221.tex:299,en/221.tex:286,ABBF37780FDC514BEBD2F1811BFC94E706E44FA8751402CE171510A3F1520968,,,,,structural_only,classified,,,Source or corpus structure; no independent Stacks object.
fga.221.p256,221,source_page,fga.221,256,256,fr/221.tex:350,en/221.tex:336,ABBF37780FDC514BEBD2F1811BFC94E706E44FA8751402CE171510A3F1520968,,,,,structural_only,classified,,,Source or corpus structure; no independent Stacks object.
fga.221.p257,221,source_page,fga.221,257,257,fr/221.tex:397,en/221.tex:382,ABBF37780FDC514BEBD2F1811BFC94E706E44FA8751402CE171510A3F1520968,,,,,structural_only,classified,,,Source or corpus structure; no independent Stacks object.
fga.221.p258,221,source_page,fga.221,258,258,fr/221.tex:453,en/221.tex:436,ABBF37780FDC514BEBD2F1811BFC94E706E44FA8751402CE171510A3F1520968,,,,,structural_only,classified,,,Source or corpus structure; no independent Stacks object.
fga.221.p259,221,source_page,fga.221,259,259,fr/221.tex:500,en/221.tex:484,ABBF37780FDC514BEBD2F1811BFC94E706E44FA8751402CE171510A3F1520968,,,,,structural_only,classified,,,Source or corpus structure; no independent Stacks object.
fga.221.p260,221,source_page,fga.221,260,260,fr/221.tex:558,en/221.tex:541,ABBF37780FDC514BEBD2F1811BFC94E706E44FA8751402CE171510A3F1520968,,,,,structural_only,classified,,,Source or corpus structure; no independent Stacks object.
fga.221.p261,221,source_page,fga.221,261,261,fr/221.tex:609,en/221.tex:590,ABBF37780FDC514BEBD2F1811BFC94E706E44FA8751402CE171510A3F1520968,,,,,structural_only,classified,,,Source or corpus structure; no independent Stacks object.
fga.221.p262,221,source_page,fga.221,262,262,fr/221.tex:658,en/221.tex:639,ABBF37780FDC514BEBD2F1811BFC94E706E44FA8751402CE171510A3F1520968,,,,,structural_only,classified,,,Source or corpus structure; no independent Stacks object.
fga.221.p263,221,source_page,fga.221,263,263,fr/221.tex:716,en/221.tex:694,ABBF37780FDC514BEBD2F1811BFC94E706E44FA8751402CE171510A3F1520968,,,,,structural_only,classified,,,Source or corpus structure; no independent Stacks object.
fga.221.p264,221,source_page,fga.221,264,264,fr/221.tex:774,en/221.tex:750,ABBF37780FDC514BEBD2F1811BFC94E706E44FA8751402CE171510A3F1520968,,,,,structural_only,classified,,,Source or corpus structure; no independent Stacks object.
fga.221.p265,221,source_page,fga.221,265,265,fr/221.tex:816,en/221.tex:792,ABBF37780FDC514BEBD2F1811BFC94E706E44FA8751402CE171510A3F1520968,,,,,structural_only,classified,,,Source or corpus structure; no independent Stacks object.
fga.221.p266,221,source_page,fga.221,266,266,fr/221.tex:868,en/221.tex:843,ABBF37780FDC514BEBD2F1811BFC94E706E44FA8751402CE171510A3F1520968,,,,,structural_only,classified,,,Source or corpus structure; no independent Stacks object.
fga.221.p267,221,source_page,fga.221,267,267,fr/221.tex:921,en/221.tex:892,ABBF37780FDC514BEBD2F1811BFC94E706E44FA8751402CE171510A3F1520968,,,,,structural_only,classified,,,Source or corpus structure; no independent Stacks object.
fga.221.p268,221,source_page,fga.221,268,268,fr/221.tex:978,en/221.tex:947,ABBF37780FDC514BEBD2F1811BFC94E706E44FA8751402CE171510A3F1520968,,,,,structural_only,classified,,,Source or corpus structure; no independent Stacks object.
fga.221.p269,221,source_page,fga.221,269,269,fr/221.tex:1027,en/221.tex:992,ABBF37780FDC514BEBD2F1811BFC94E706E44FA8751402CE171510A3F1520968,,,,,structural_only,classified,,,Source or corpus structure; no independent Stacks object.
fga.221.p270,221,source_page,fga.221,270,270,fr/221.tex:1079,en/221.tex:1042,ABBF37780FDC514BEBD2F1811BFC94E706E44FA8751402CE171510A3F1520968,,,,,structural_only,classified,,,Source or corpus structure; no independent Stacks object.
fga.221.p271,221,source_page,fga.221,271,271,fr/221.tex:1127,en/221.tex:1091,ABBF37780FDC514BEBD2F1811BFC94E706E44FA8751402CE171510A3F1520968,,,,,structural_only,classified,,,Source or corpus structure; no independent Stacks object.
fga.221.p272,221,source_page,fga.221,272,272,fr/221.tex:1168,en/221.tex:1131,ABBF37780FDC514BEBD2F1811BFC94E706E44FA8751402CE171510A3F1520968,,,,,structural_only,classified,,,Source or corpus structure; no independent Stacks object.
fga.221.p273,221,source_page,fga.221,273,273,fr/221.tex:1222,en/221.tex:1184,ABBF37780FDC514BEBD2F1811BFC94E706E44FA8751402CE171510A3F1520968,,,,,structural_only,classified,,,Source or corpus structure; no independent Stacks object.
fga.221.p274,221,source_page,fga.221,274,274,fr/221.tex:1267,en/221.tex:1228,ABBF37780FDC514BEBD2F1811BFC94E706E44FA8751402CE171510A3F1520968,,,,,structural_only,classified,,,Source or corpus structure; no independent Stacks object.
fga.221.p275,221,source_page,fga.221,275,275,fr/221.tex:1319,en/221.tex:1277,ABBF37780FDC514BEBD2F1811BFC94E706E44FA8751402CE171510A3F1520968,,,,,structural_only,classified,,,Source or corpus structure; no independent Stacks object.
fga.221.p276,221,source_page,fga.221,276,276,fr/221.tex:1362,en/221.tex:1318,ABBF37780FDC514BEBD2F1811BFC94E706E44FA8751402CE171510A3F1520968,,,,,structural_only,classified,,,Source or corpus structure; no independent Stacks object.
fga.221.s1,221,section,fga.221,249,253,fr/221.tex:38,en/221.tex:35,ABBF37780FDC514BEBD2F1811BFC94E706E44FA8751402CE171510A3F1520968,base-change;boundedness;coherent-sheaf;effectivity;equivalence-relation;ext-functor;finite-type;flatness;properness;quotient,coherent-section-coherent-sheaves;coherent-section-cohomology-and-base-change;cohomology-section-ext;derived-section-ext;descent-definition-effective;descent-section-descent-datum;duality-section-base-change-map;groupoids-quotients-section-categorical;groupoids-quotients-section-geometric;groupoids-section-finite-flat-general;groupoids-section-groupoids;modules-section-coherent;moduli-section-quot-bounded;morphisms-section-finite-type;morphisms-section-flat;morphisms-section-proper;spaces-section-spaces-from-equivalence-relations;varieties-subsection-boundedness,01BU;01T0;01U2;01W0;01XY;0230;023U;023Z;0264;02KE;03JD;048I;04AD;06XP;08AF;0AA5;0BQP;0DP9,D000191,new_statement,reviewed_gap,quot-theorem-coherent-algebraic-general;moduli-example-hilbert-polynomial,09DS;0DNF,Stacks constructs the algebraic stack of coherent sheaves and its numerical substacks but does not define finite-type-bounded subsets of geometric-fibre sheaves or collect their permanence under tensor Tor Hom Ext and proper direct image
fga.221.s1.definition.1-1,221,definition,fga.221.s1,251,252,fr/221.tex:101,en/221.tex:93,ABBF37780FDC514BEBD2F1811BFC94E706E44FA8751402CE171510A3F1520968,base-change;boundedness;coherent-sheaf;effectivity;ext-functor;finite-type;flatness;properness,coherent-section-coherent-sheaves;coherent-section-cohomology-and-base-change;cohomology-section-ext;derived-section-ext;descent-definition-effective;descent-section-descent-datum;duality-section-base-change-map;modules-section-coherent;moduli-section-quot-bounded;morphisms-section-finite-type;morphisms-section-flat;morphisms-section-proper;varieties-subsection-boundedness,01BU;01T0;01U2;01W0;01XY;023U;023Z;02KE;06XP;08AF;0AA5;0BQP;0DP9,D000192,new_statement,reviewed_gap,quot-theorem-coherent-algebraic-general,09DS,The finite-type parameter-family definition of a bounded collection of geometric-fibre sheaves is not stated in the current coherent-sheaf stack treatment
fga.221.s1.proposition.1-2,221,proposition,fga.221.s1,252,253,fr/221.tex:160,en/221.tex:150,ABBF37780FDC514BEBD2F1811BFC94E706E44FA8751402CE171510A3F1520968,base-change;boundedness;coherent-sheaf;ext-functor;finite-type;flatness;properness,coherent-section-coherent-sheaves;coherent-section-cohomology-and-base-change;cohomology-section-ext;derived-section-ext;duality-section-base-change-map;modules-section-coherent;moduli-section-quot-bounded;morphisms-section-finite-type;morphisms-section-flat;morphisms-section-proper;varieties-subsection-boundedness,01BU;01T0;01U2;01W0;01XY;02KE;06XP;08AF;0AA5;0BQP;0DP9,D000193,new_statement,reviewed_gap,quot-theorem-coherent-algebraic-general,09DS,Current algebraicity and deformation results for coherent sheaves do not state that kernels cokernels images and all extensions formed from two bounded families are again bounded
fga.221.s1.proposition.1-2.item.i,221,subitem,fga.221.s1.proposition.1-2,252,252,fr/221.tex:164,en/221.tex:154,ABBF37780FDC514BEBD2F1811BFC94E706E44FA8751402CE171510A3F1520968,,,,,structural_only,inherits_parent,,,Embedded component; use the parent unit's semantic disposition.
fga.221.s1.proposition.1-2.item.ii,221,subitem,fga.221.s1.proposition.1-2,252,252,fr/221.tex:169,en/221.tex:159,ABBF37780FDC514BEBD2F1811BFC94E706E44FA8751402CE171510A3F1520968,,,,,structural_only,inherits_parent,,,Embedded component; use the parent unit's semantic disposition.
fga.221.s1.proposition.1-2.eq.u.n01,221,equation,fga.221.s1.proposition.1-2,252,252,fr/221.tex:186,en/221.tex:175,ABBF37780FDC514BEBD2F1811BFC94E706E44FA8751402CE171510A3F1520968,,,,,structural_only,inherits_parent,,,Embedded component; use the parent unit's semantic disposition.
fga.221.s1.proposition.1-3,221,proposition,fga.221.s1,253,253,fr/221.tex:199,en/221.tex:187,ABBF37780FDC514BEBD2F1811BFC94E706E44FA8751402CE171510A3F1520968,boundedness;coherent-sheaf;quotient,coherent-section-coherent-sheaves;groupoids-quotients-section-categorical;groupoids-quotients-section-geometric;groupoids-section-finite-flat-general;modules-section-coherent;moduli-section-quot-bounded;varieties-subsection-boundedness,01BU;01XY;03JD;048I;04AD;08AF;0DP9,D000194,new_statement,reviewed_gap,coherent-lemma-coherent-filter;chow-section-cycle-of-coherent-sheaf,01YF;02QV,Stacks develops devissage and cycles of coherent sheaves but does not prove boundedness of the reduced supports and the associated primary-decomposition families attached to a bounded family
fga.221.s2,221,section,fga.221,253,258,fr/221.tex:219,en/221.tex:206,ABBF37780FDC514BEBD2F1811BFC94E706E44FA8751402CE171510A3F1520968,ampleness;boundedness;coherent-sheaf;connected-component;euler-characteristic;finite-type;flatness;hilbert-polynomial;normality;projectivity;quotient,coherent-section-coherent-sheaves;groupoids-quotients-section-categorical;groupoids-quotients-section-geometric;groupoids-section-finite-flat-general;modules-section-coherent;moduli-section-quot-bounded;more-morphisms-section-connected;more-morphisms-section-normal;morphisms-section-finite-type;morphisms-section-flat;morphisms-section-projective;morphisms-section-relatively-ample;properties-section-ample;properties-section-normal;spaces-over-fields-section-euler;topology-section-connected-components;varieties-section-euler;varieties-subsection-boundedness;varieties-subsection-hilbert,004R;01BU;01PR;01T0;01U2;01VG;01W7;01XY;033H;038Z;03JD;048I;04AD;055C;08A9;08AF;0BEI;0DN0;0DP9,D000195,extend_existing,reviewed_gap,varieties-lemma-bound-quotients-free;moduli-section-quot-bounded,08AG;0DP9,The modern regularity bound supplies the fixed-Hilbert-polynomial boundedness needed for Quot but the exposé's dimension filtration and partial-coefficient boundedness theory are absent
fga.221.s2.eq.u.n01,221,equation,fga.221.s2,253,253,fr/221.tex:227,en/221.tex:214,ABBF37780FDC514BEBD2F1811BFC94E706E44FA8751402CE171510A3F1520968,,,,,structural_only,inherits_parent,,,Embedded component; use the parent unit's semantic disposition.
fga.221.s2.theorem.2-1,221,theorem,fga.221.s2,254,254,fr/221.tex:250,en/221.tex:237,ABBF37780FDC514BEBD2F1811BFC94E706E44FA8751402CE171510A3F1520968,ampleness;boundedness;coherent-sheaf;finite-type;hilbert-polynomial;projectivity;quotient,coherent-section-coherent-sheaves;groupoids-quotients-section-categorical;groupoids-quotients-section-geometric;groupoids-section-finite-flat-general;modules-section-coherent;moduli-section-quot-bounded;morphisms-section-finite-type;morphisms-section-projective;morphisms-section-relatively-ample;properties-section-ample;varieties-subsection-boundedness;varieties-subsection-hilbert,01BU;01PR;01T0;01VG;01W7;01XY;03JD;048I;04AD;08A9;08AF;0DP9,D000196,existing_equivalent,reviewed_combination,varieties-lemma-bound-quotients-free;moduli-lemma-quot-Pn,08AG;0DPA,After reducing a common coherent source to a finite free source on projective space the uniform regularity bound and the finite-type parameter construction prove the same finite-Hilbert-polynomial boundedness criterion
fga.221.s2.theorem.2-1.eq.u.n01,221,equation,fga.221.s2.theorem.2-1,254,254,fr/221.tex:279,en/221.tex:266,ABBF37780FDC514BEBD2F1811BFC94E706E44FA8751402CE171510A3F1520968,,,,,structural_only,inherits_parent,,,Embedded component; use the parent unit's semantic disposition.
fga.221.s2.theorem.2-2,221,theorem,fga.221.s2,254,255,fr/221.tex:287,en/221.tex:274,ABBF37780FDC514BEBD2F1811BFC94E706E44FA8751402CE171510A3F1520968,boundedness,moduli-section-quot-bounded;varieties-subsection-boundedness,08AF;0DP9,D000197,new_statement,reviewed_gap,varieties-lemma-bound-quotients-free;moduli-section-quot-bounded,08AG;0DP9,Stacks bounds regularity when the entire Hilbert polynomial is fixed but does not state boundedness of the dimension-truncated quotient from bounds only on the coefficients through degree s minus one or the asserted next-coefficient lower bound
fga.221.s2.corollary.2-3,221,corollary,fga.221.s2,255,255,fr/221.tex:302,en/221.tex:289,ABBF37780FDC514BEBD2F1811BFC94E706E44FA8751402CE171510A3F1520968,,,,D000198,new_statement,reviewed_gap,varieties-lemma-bound-quotients-free;chow-section-cycle-of-coherent-sheaf,08AG;02QV,The reduction from pure associated-component dimensions to a bounded interval of Hilbert coefficients is not formulated in the regularity or cycle chapters
fga.221.s2.result.u.n01,221,result,fga.221.s2,255,255,fr/221.tex:312,en/221.tex:298,ABBF37780FDC514BEBD2F1811BFC94E706E44FA8751402CE171510A3F1520968,,,,D000199,new_statement,reviewed_gap,chow-section-cycle-of-coherent-sheaf;varieties-lemma-bound-quotients-free,02QV;08AG,Stacks defines cycles associated to coherent sheaves but does not prove the Chow-coordinate boundedness theorem for reduced equidimensional subschemes from a degree bound alone
fga.221.s2.result.u.n01.eq.u.n01,221,equation,fga.221.s2.result.u.n01,255,255,fr/221.tex:321,en/221.tex:307,ABBF37780FDC514BEBD2F1811BFC94E706E44FA8751402CE171510A3F1520968,,,,,structural_only,inherits_parent,,,Embedded component; use the parent unit's semantic disposition.
fga.221.s2.lemma.2-5,221,lemma,fga.221.s2,255,257,fr/221.tex:325,en/221.tex:311,ABBF37780FDC514BEBD2F1811BFC94E706E44FA8751402CE171510A3F1520968,boundedness;coherent-sheaf;normality;quotient,coherent-section-coherent-sheaves;groupoids-quotients-section-categorical;groupoids-quotients-section-geometric;groupoids-section-finite-flat-general;modules-section-coherent;moduli-section-quot-bounded;more-morphisms-section-normal;properties-section-normal;varieties-subsection-boundedness,01BU;01XY;033H;038Z;03JD;048I;04AD;08AF;0DP9,D000200,new_statement,reviewed_gap,varieties-lemma-bound-quotients-free;coherent-lemma-coherent-filter,08AG;01YF,The leading and subleading Hilbert-coefficient estimates and boundedness of the top-dimensional quotient are not present in the current regularity treatment
fga.221.s2.lemma.2-5.eq.u.n01,221,equation,fga.221.s2.lemma.2-5,255,255,fr/221.tex:329,en/221.tex:315,ABBF37780FDC514BEBD2F1811BFC94E706E44FA8751402CE171510A3F1520968,,,,,structural_only,inherits_parent,,,Embedded component; use the parent unit's semantic disposition.
fga.221.s2.lemma.2-5.eq.u.n02,221,equation,fga.221.s2.lemma.2-5,255,255,fr/221.tex:347,en/221.tex:333,ABBF37780FDC514BEBD2F1811BFC94E706E44FA8751402CE171510A3F1520968,,,,,structural_only,inherits_parent,,,Embedded component; use the parent unit's semantic disposition.
fga.221.s2.lemma.2-5.eq.u.n03,221,equation,fga.221.s2.lemma.2-5,256,256,fr/221.tex:354,en/221.tex:340,ABBF37780FDC514BEBD2F1811BFC94E706E44FA8751402CE171510A3F1520968,,,,,structural_only,inherits_parent,,,Embedded component; use the parent unit's semantic disposition.
fga.221.s2.lemma.2-5.eq.u.n04,221,equation,fga.221.s2.lemma.2-5,256,256,fr/221.tex:361,en/221.tex:347,ABBF37780FDC514BEBD2F1811BFC94E706E44FA8751402CE171510A3F1520968,,,,,structural_only,inherits_parent,,,Embedded component; use the parent unit's semantic disposition.
fga.221.s2.lemma.2-5.eq.u.n05,221,equation,fga.221.s2.lemma.2-5,256,256,fr/221.tex:366,en/221.tex:352,ABBF37780FDC514BEBD2F1811BFC94E706E44FA8751402CE171510A3F1520968,,,,,structural_only,inherits_parent,,,Embedded component; use the parent unit's semantic disposition.
fga.221.s2.lemma.2-5.eq.u.n06,221,equation,fga.221.s2.lemma.2-5,256,256,fr/221.tex:371,en/221.tex:357,ABBF37780FDC514BEBD2F1811BFC94E706E44FA8751402CE171510A3F1520968,,,,,structural_only,inherits_parent,,,Embedded component; use the parent unit's semantic disposition.
fga.221.s2.lemma.2-5.eq.u.n07,221,equation,fga.221.s2.lemma.2-5,256,256,fr/221.tex:376,en/221.tex:362,ABBF37780FDC514BEBD2F1811BFC94E706E44FA8751402CE171510A3F1520968,,,,,structural_only,inherits_parent,,,Embedded component; use the parent unit's semantic disposition.
fga.221.s2.lemma.2-5.eq.u.n08,221,equation,fga.221.s2.lemma.2-5,257,257,fr/221.tex:404,en/221.tex:388,ABBF37780FDC514BEBD2F1811BFC94E706E44FA8751402CE171510A3F1520968,,,,,structural_only,inherits_parent,,,Embedded component; use the parent unit's semantic disposition.
fga.221.s2.lemma.2-5.eq.u.n09,221,equation,fga.221.s2.lemma.2-5,257,257,fr/221.tex:413,en/221.tex:397,ABBF37780FDC514BEBD2F1811BFC94E706E44FA8751402CE171510A3F1520968,,,,,structural_only,inherits_parent,,,Embedded component; use the parent unit's semantic disposition.
fga.221.s2.lemma.2-5.eq.u.n10,221,equation,fga.221.s2.lemma.2-5,257,257,fr/221.tex:418,en/221.tex:402,ABBF37780FDC514BEBD2F1811BFC94E706E44FA8751402CE171510A3F1520968,,,,,structural_only,inherits_parent,,,Embedded component; use the parent unit's semantic disposition.
fga.221.s2.lemma.2-6,221,lemma,fga.221.s2,257,258,fr/221.tex:430,en/221.tex:415,ABBF37780FDC514BEBD2F1811BFC94E706E44FA8751402CE171510A3F1520968,boundedness;quotient,groupoids-quotients-section-categorical;groupoids-quotients-section-geometric;groupoids-section-finite-flat-general;moduli-section-quot-bounded;varieties-subsection-boundedness,03JD;048I;04AD;08AF;0DP9,D000201,new_statement,reviewed_gap,varieties-lemma-bound-quotients-free;chow-section-cycle-of-coherent-sheaf,08AG;02QV,The bounded-leading-coefficient induction through reduced supports and nilpotent thickenings is not a stated Stacks result
fga.221.s2.lemma.2-6.eq.u.n01,221,equation,fga.221.s2.lemma.2-6,257,257,fr/221.tex:432,en/221.tex:417,ABBF37780FDC514BEBD2F1811BFC94E706E44FA8751402CE171510A3F1520968,,,,,structural_only,inherits_parent,,,Embedded component; use the parent unit's semantic disposition.
fga.221.s2.lemma.2-6.eq.u.n02,221,equation,fga.221.s2.lemma.2-6,258,258,fr/221.tex:469,en/221.tex:453,ABBF37780FDC514BEBD2F1811BFC94E706E44FA8751402CE171510A3F1520968,,,,,structural_only,inherits_parent,,,Embedded component; use the parent unit's semantic disposition.
fga.221.s2.lemma.2-6.eq.u.n03,221,equation,fga.221.s2.lemma.2-6,258,258,fr/221.tex:474,en/221.tex:458,ABBF37780FDC514BEBD2F1811BFC94E706E44FA8751402CE171510A3F1520968,,,,,structural_only,inherits_parent,,,Embedded component; use the parent unit's semantic disposition.
fga.221.s3,221,section,fga.221,258,266,fr/221.tex:488,en/221.tex:472,ABBF37780FDC514BEBD2F1811BFC94E706E44FA8751402CE171510A3F1520968,ampleness;base-change;coherent-sheaf;cohomology;connected-component;existence-theorem;finite-type;flatness;hilbert-polynomial;hilbert-scheme;projectivity;properness;quasi-projectivity;quotient;representability,algebraic-section-representable-by-algebraic-spaces;categories-section-representable;coherent-section-coherent-sheaves;coherent-section-cohomology-and-base-change;coherent-section-existence;coherent-section-existence-proper;cohomology-section-cech-cohomology-cohomology;duality-section-base-change-map;groupoids-quotients-section-categorical;groupoids-quotients-section-geometric;groupoids-section-finite-flat-general;modules-section-coherent;more-morphisms-section-connected;morphisms-section-finite-type;morphisms-section-flat;morphisms-section-projective;morphisms-section-proper;morphisms-section-quasi-projective;morphisms-section-relatively-ample;pic-section-hilbert-scheme-points;properties-section-ample;quot-section-hilb;topology-section-connected-components;varieties-subsection-hilbert,004R;01BU;01EO;01PR;01T0;01U2;01VG;01VV;01W0;01W7;01XY;02KE;02ZV;03JD;048I;04AD;055C;087V;0886;08A9;0AA5;0AHM;0B94;0CZX,D000202,extend_existing,reviewed_gap,quot-section-functor-quotients;quot-proposition-quot;moduli-section-quot-bounded,082L;09TU;0DP9,Stacks gives a substantially more general Artin-style algebraic-space construction but omits the classical Grassmannian construction and its projective-scheme conclusion
fga.221.s3.eq.u.n01,221,equation,fga.221.s3,258,258,fr/221.tex:492,en/221.tex:476,ABBF37780FDC514BEBD2F1811BFC94E706E44FA8751402CE171510A3F1520968,,,,,structural_only,inherits_parent,,,Embedded component; use the parent unit's semantic disposition.
fga.221.s3.eq.u.n02,221,equation,fga.221.s3,259,259,fr/221.tex:503,en/221.tex:487,ABBF37780FDC514BEBD2F1811BFC94E706E44FA8751402CE171510A3F1520968,,,,,structural_only,inherits_parent,,,Embedded component; use the parent unit's semantic disposition.
fga.221.s3.eq.u.n03,221,equation,fga.221.s3,259,259,fr/221.tex:512,en/221.tex:496,ABBF37780FDC514BEBD2F1811BFC94E706E44FA8751402CE171510A3F1520968,,,,,structural_only,inherits_parent,,,Embedded component; use the parent unit's semantic disposition.
fga.221.s3.eq.u.n04,221,equation,fga.221.s3,259,259,fr/221.tex:519,en/221.tex:503,ABBF37780FDC514BEBD2F1811BFC94E706E44FA8751402CE171510A3F1520968,,,,,structural_only,inherits_parent,,,Embedded component; use the parent unit's semantic disposition.
fga.221.s3.theorem.3-1,221,theorem,fga.221.s3,259,260,fr/221.tex:529,en/221.tex:513,ABBF37780FDC514BEBD2F1811BFC94E706E44FA8751402CE171510A3F1520968,ampleness;finite-type;flatness;hilbert-polynomial;projectivity;quotient;representability,algebraic-section-representable-by-algebraic-spaces;categories-section-representable;groupoids-quotients-section-categorical;groupoids-quotients-section-geometric;groupoids-section-finite-flat-general;morphisms-section-finite-type;morphisms-section-flat;morphisms-section-projective;morphisms-section-relatively-ample;properties-section-ample;varieties-subsection-hilbert,01PR;01T0;01U2;01VG;01W7;02ZV;03JD;048I;04AD;08A9;0AHM,D000203,existing_weaker,reviewed_gap,quot-proposition-quot;moduli-remark-quot-numerical;moduli-lemma-quot-proper-over-base,09TU;0DP6;0DPC,Current Stacks gives a disjoint numerical decomposition into proper finitely presented algebraic spaces but does not prove that the components are projective schemes under the exposé's projective hypotheses
fga.221.s3.theorem.3-1.eq.u.n01,221,equation,fga.221.s3.theorem.3-1,259,259,fr/221.tex:543,en/221.tex:527,ABBF37780FDC514BEBD2F1811BFC94E706E44FA8751402CE171510A3F1520968,,,,,structural_only,inherits_parent,,,Embedded component; use the parent unit's semantic disposition.
fga.221.s3.theorem.3-2,221,theorem,fga.221.s3,260,261,fr/221.tex:559,en/221.tex:542,ABBF37780FDC514BEBD2F1811BFC94E706E44FA8751402CE171510A3F1520968,base-change;flatness;projectivity;quotient;representability,algebraic-section-representable-by-algebraic-spaces;categories-section-representable;coherent-section-cohomology-and-base-change;duality-section-base-change-map;groupoids-quotients-section-categorical;groupoids-quotients-section-geometric;groupoids-section-finite-flat-general;morphisms-section-flat;morphisms-section-projective,01U2;01W7;02KE;02ZV;03JD;048I;04AD;0AA5;0AHM,D000204,existing_weaker,reviewed_gap,quot-proposition-quot;moduli-lemma-quot-proper-over-base,09TU;0DPC,The fixed-polynomial Quot functor is proved to be a proper finitely presented algebraic space rather than the projective scheme asserted here
fga.221.s3.theorem.3-2.eq.u.n01,221,equation,fga.221.s3.theorem.3-2,260,260,fr/221.tex:570,en/221.tex:552,ABBF37780FDC514BEBD2F1811BFC94E706E44FA8751402CE171510A3F1520968,,,,,structural_only,inherits_parent,,,Embedded component; use the parent unit's semantic disposition.
fga.221.s3.theorem.3-2.eq.u.n02,221,equation,fga.221.s3.theorem.3-2,261,261,fr/221.tex:617,en/221.tex:598,ABBF37780FDC514BEBD2F1811BFC94E706E44FA8751402CE171510A3F1520968,,,,,structural_only,inherits_parent,,,Embedded component; use the parent unit's semantic disposition.
fga.221.s3.theorem.3-2.eq.u.n03,221,equation,fga.221.s3.theorem.3-2,261,261,fr/221.tex:621,en/221.tex:602,ABBF37780FDC514BEBD2F1811BFC94E706E44FA8751402CE171510A3F1520968,,,,,structural_only,inherits_parent,,,Embedded component; use the parent unit's semantic disposition.
fga.221.s3.theorem.3-2.eq.u.n04,221,equation,fga.221.s3.theorem.3-2,261,261,fr/221.tex:636,en/221.tex:617,ABBF37780FDC514BEBD2F1811BFC94E706E44FA8751402CE171510A3F1520968,,,,,structural_only,inherits_parent,,,Embedded component; use the parent unit's semantic disposition.
fga.221.s3.theorem.3-2.eq.u.n05,221,equation,fga.221.s3.theorem.3-2,261,261,fr/221.tex:641,en/221.tex:622,ABBF37780FDC514BEBD2F1811BFC94E706E44FA8751402CE171510A3F1520968,,,,,structural_only,inherits_parent,,,Embedded component; use the parent unit's semantic disposition.
fga.221.s3.lemma.3-3,221,lemma,fga.221.s3,261,262,fr/221.tex:649,en/221.tex:630,ABBF37780FDC514BEBD2F1811BFC94E706E44FA8751402CE171510A3F1520968,base-change;cohomology;flatness;hilbert-polynomial;projectivity;quasi-projectivity;quotient;representability,algebraic-section-representable-by-algebraic-spaces;categories-section-representable;coherent-section-cohomology-and-base-change;cohomology-section-cech-cohomology-cohomology;duality-section-base-change-map;groupoids-quotients-section-categorical;groupoids-quotients-section-geometric;groupoids-section-finite-flat-general;morphisms-section-flat;morphisms-section-projective;morphisms-section-quasi-projective;varieties-subsection-hilbert,01EO;01U2;01VV;01W7;02KE;02ZV;03JD;048I;04AD;08A9;0AA5;0AHM,D000205,new_statement,reviewed_gap,varieties-lemma-bound-quotients-free;moduli-lemma-quot-Pn,08AG;0DPA,The present boundedness proof uses a finite-type affine parameter cover and does not construct the regularity stratum as an immersion into the stated Grassmann scheme
fga.221.s3.lemma.3-3.item.i,221,subitem,fga.221.s3.lemma.3-3,262,262,fr/221.tex:667,en/221.tex:648,ABBF37780FDC514BEBD2F1811BFC94E706E44FA8751402CE171510A3F1520968,,,,,structural_only,inherits_parent,,,Embedded component; use the parent unit's semantic disposition.
fga.221.s3.lemma.3-3.item.ii,221,subitem,fga.221.s3.lemma.3-3,262,262,fr/221.tex:671,en/221.tex:652,ABBF37780FDC514BEBD2F1811BFC94E706E44FA8751402CE171510A3F1520968,,,,,structural_only,inherits_parent,,,Embedded component; use the parent unit's semantic disposition.
fga.221.s3.lemma.3-3.eq.u.n01,221,equation,fga.221.s3.lemma.3-3,262,262,fr/221.tex:673,en/221.tex:654,ABBF37780FDC514BEBD2F1811BFC94E706E44FA8751402CE171510A3F1520968,,,,,structural_only,inherits_parent,,,Embedded component; use the parent unit's semantic disposition.
fga.221.s3.lemma.3-3.eq.u.n02,221,equation,fga.221.s3.lemma.3-3,262,262,fr/221.tex:689,en/221.tex:669,ABBF37780FDC514BEBD2F1811BFC94E706E44FA8751402CE171510A3F1520968,,,,,structural_only,inherits_parent,,,Embedded component; use the parent unit's semantic disposition.
fga.221.s3.lemma.3-4,221,lemma,fga.221.s3,262,263,fr/221.tex:711,en/221.tex:689,ABBF37780FDC514BEBD2F1811BFC94E706E44FA8751402CE171510A3F1520968,finite-type,morphisms-section-finite-type,01T0,D000206,existing_equivalent,reviewed_combination,divisors-lemma-locally-free-rank-r-pullback;algebra-proposition-graded-hilbert-polynomial,05P8;00K1,The Fitting-ideal rank strata applied degree by degree together with eventual polynomiality and Noetherian stationarity give the same universal simultaneous-rank subspace
fga.221.s3.lemma.3-5,221,lemma,fga.221.s3,263,263,fr/221.tex:724,en/221.tex:701,ABBF37780FDC514BEBD2F1811BFC94E706E44FA8751402CE171510A3F1520968,flatness,morphisms-section-flat,01U2,D000207,existing_equivalent,reviewed_combination,algebra-proposition-graded-hilbert-polynomial;divisors-lemma-locally-free-rank-r-pullback,00K1;05P8,Eventual polynomiality of the graded ranks makes the finitely many initial rank inequalities decisive and the Fitting loci give the asserted open subsets
fga.221.s3.lemma.3-5.eq.u.n01,221,equation,fga.221.s3.lemma.3-5,263,263,fr/221.tex:726,en/221.tex:703,ABBF37780FDC514BEBD2F1811BFC94E706E44FA8751402CE171510A3F1520968,,,,,structural_only,inherits_parent,,,Embedded component; use the parent unit's semantic disposition.
fga.221.s3.lemma.3-5.eq.u.n02,221,equation,fga.221.s3.lemma.3-5,263,263,fr/221.tex:738,en/221.tex:715,ABBF37780FDC514BEBD2F1811BFC94E706E44FA8751402CE171510A3F1520968,,,,,structural_only,inherits_parent,,,Embedded component; use the parent unit's semantic disposition.
fga.221.s3.lemma.3-5.eq.star,221,equation,fga.221.s3.lemma.3-5,263,263,fr/221.tex:753,en/221.tex:729,ABBF37780FDC514BEBD2F1811BFC94E706E44FA8751402CE171510A3F1520968,,,,,structural_only,inherits_parent,,,Embedded component; use the parent unit's semantic disposition.
fga.221.s3.lemma.3-6,221,lemma,fga.221.s3,263,264,fr/221.tex:763,en/221.tex:739,ABBF37780FDC514BEBD2F1811BFC94E706E44FA8751402CE171510A3F1520968,finite-type;hilbert-polynomial;projectivity;properness;quasi-projectivity;quotient;representability,algebraic-section-representable-by-algebraic-spaces;categories-section-representable;groupoids-quotients-section-categorical;groupoids-quotients-section-geometric;groupoids-section-finite-flat-general;morphisms-section-finite-type;morphisms-section-projective;morphisms-section-proper;morphisms-section-quasi-projective;varieties-subsection-hilbert,01T0;01VV;01W0;01W7;02ZV;03JD;048I;04AD;08A9;0AHM,D000208,existing_stronger,reviewed_source_and_stacks,divisors-lemma-locally-free-rank-r-pullback;divisors-lemma-finite-presentation-module,05P8;05P9,Stacks constructs the rank-r locus explicitly by Fitting ideals over an arbitrary base and proves finite presentation when the module is finitely presented
fga.221.s3.lemma.3-6.eq.u.n01,221,equation,fga.221.s3.lemma.3-6,263,263,fr/221.tex:768,en/221.tex:744,ABBF37780FDC514BEBD2F1811BFC94E706E44FA8751402CE171510A3F1520968,,,,,structural_only,inherits_parent,,,Embedded component; use the parent unit's semantic disposition.
fga.221.s3.lemma.3-6.eq.u.n02,221,equation,fga.221.s3.lemma.3-6,264,264,fr/221.tex:779,en/221.tex:755,ABBF37780FDC514BEBD2F1811BFC94E706E44FA8751402CE171510A3F1520968,,,,,structural_only,inherits_parent,,,Embedded component; use the parent unit's semantic disposition.
fga.221.s3.lemma.3-7,221,lemma,fga.221.s3,264,265,fr/221.tex:810,en/221.tex:785,ABBF37780FDC514BEBD2F1811BFC94E706E44FA8751402CE171510A3F1520968,flatness;quotient,groupoids-quotients-section-categorical;groupoids-quotients-section-geometric;groupoids-section-finite-flat-general;morphisms-section-flat,01U2;03JD;048I;04AD,D000209,existing_weaker,reviewed_gap,moduli-lemma-quot-existence-part,0DM4,The current valuative lemma gives the same saturation construction over every valuation ring but packages it only for a proper finitely presented source and a finite-type module whereas the exposé's elementary DVR statement allows arbitrary X and quasi-coherent F
fga.221.s3.proposition.3-8,221,proposition,fga.221.s3,265,266,fr/221.tex:827,en/221.tex:802,ABBF37780FDC514BEBD2F1811BFC94E706E44FA8751402CE171510A3F1520968,ampleness;coherent-sheaf;flatness;hilbert-polynomial;hilbert-scheme;quotient;representability,algebraic-section-representable-by-algebraic-spaces;categories-section-representable;coherent-section-coherent-sheaves;groupoids-quotients-section-categorical;groupoids-quotients-section-geometric;groupoids-section-finite-flat-general;modules-section-coherent;morphisms-section-flat;morphisms-section-relatively-ample;pic-section-hilbert-scheme-points;properties-section-ample;quot-section-hilb;varieties-subsection-hilbert,01BU;01PR;01U2;01VG;01XY;02ZV;03JD;048I;04AD;08A9;0AHM;0B94;0CZX,D000210,new_statement,reviewed_gap,moduli-lemma-quot-proper-over-base;varieties-lemma-bound-quotients-free,0DPC;08AG,Stacks proves properness of the fixed-polynomial Quot space but does not construct the eventual determinant of cohomology line as a very ample bundle or the associated Grassmann immersion
fga.221.s3.proposition.3-8.eq.u.n01,221,equation,fga.221.s3.proposition.3-8,265,265,fr/221.tex:838,en/221.tex:813,ABBF37780FDC514BEBD2F1811BFC94E706E44FA8751402CE171510A3F1520968,,,,,structural_only,inherits_parent,,,Embedded component; use the parent unit's semantic disposition.
fga.221.s3.proposition.3-8.eq.u.n02,221,equation,fga.221.s3.proposition.3-8,265,265,fr/221.tex:849,en/221.tex:824,ABBF37780FDC514BEBD2F1811BFC94E706E44FA8751402CE171510A3F1520968,,,,,structural_only,inherits_parent,,,Embedded component; use the parent unit's semantic disposition.
fga.221.s3.proposition.3-8.eq.u.n03,221,equation,fga.221.s3.proposition.3-8,265,265,fr/221.tex:855,en/221.tex:830,ABBF37780FDC514BEBD2F1811BFC94E706E44FA8751402CE171510A3F1520968,,,,,structural_only,inherits_parent,,,Embedded component; use the parent unit's semantic disposition.
fga.221.s3.remark.3-9,221,remark,fga.221.s3,266,266,fr/221.tex:877,en/221.tex:851,ABBF37780FDC514BEBD2F1811BFC94E706E44FA8751402CE171510A3F1520968,ampleness;base-change;connected-component;hilbert-scheme;projectivity,coherent-section-cohomology-and-base-change;duality-section-base-change-map;more-morphisms-section-connected;morphisms-section-projective;morphisms-section-relatively-ample;pic-section-hilbert-scheme-points;properties-section-ample;quot-section-hilb;topology-section-connected-components,004R;01PR;01VG;01W7;02KE;055C;0AA5;0B94;0CZX,D000211,historical_reference,reviewed_historical,moduli-lemma-quot-Pn;moduli-lemma-quot-closed;moduli-lemma-quot-quotient,0DPA;0DP4;0DP5,The universal reduction to projective space is reflected in the current proof while the connectedness irreducible-component and Weil questions are retained as historical context rather than imported assertions
fga.221.s3.remark.3-9.eq.u.n01,221,equation,fga.221.s3.remark.3-9,266,266,fr/221.tex:888,en/221.tex:861,ABBF37780FDC514BEBD2F1811BFC94E706E44FA8751402CE171510A3F1520968,,,,,structural_only,inherits_parent,,,Embedded component; use the parent unit's semantic disposition.
fga.221.s3.remark.3-9.eq.u.n02,221,equation,fga.221.s3.remark.3-9,266,266,fr/221.tex:894,en/221.tex:867,ABBF37780FDC514BEBD2F1811BFC94E706E44FA8751402CE171510A3F1520968,,,,,structural_only,inherits_parent,,,Embedded component; use the parent unit's semantic disposition.
fga.221.s4,221,section,fga.221,266,268,fr/221.tex:911,en/221.tex:883,ABBF37780FDC514BEBD2F1811BFC94E706E44FA8751402CE171510A3F1520968,ampleness;base-change;etale;flatness;hilbert-scheme;normality;projectivity;properness;quasi-projectivity;quotient;representability;separatedness;smoothness,algebraic-section-representable-by-algebraic-spaces;categories-section-representable;coherent-section-cohomology-and-base-change;duality-section-base-change-map;groupoids-quotients-section-categorical;groupoids-quotients-section-geometric;groupoids-section-finite-flat-general;more-morphisms-section-normal;morphisms-section-etale;morphisms-section-flat;morphisms-section-projective;morphisms-section-proper;morphisms-section-quasi-projective;morphisms-section-relatively-ample;morphisms-section-smooth;pic-section-hilbert-scheme-points;pione-section-finite-etale;properties-section-ample;properties-section-normal;quot-section-hilb;schemes-section-valuative-separatedness,01KY;01PR;01U2;01V4;01VG;01VV;01W0;01W7;02GH;02KE;02ZV;033H;038Z;03JD;048I;04AD;0AA5;0AHM;0B94;0BL6;0CZX,D000212,extend_existing,reviewed_gap,moduli-lemma-quot-better-open;moduli-lemma-hilb-open;quot-lemma-Mor-into-Hilb-open;quot-proposition-Mor;quot-proposition-isom,0DP3;0DPE;0D1B;0D1C;08K9,Stacks proves the open-subfunctor and graph constructions for general algebraic spaces but does not retain all scheme and quasi-projectivity conclusions or every smooth normal complete-intersection immersion and automorphism refinement collected here
fga.221.s4.item.a,221,subitem,fga.221.s4,266,266,fr/221.tex:912,en/221.tex:884,ABBF37780FDC514BEBD2F1811BFC94E706E44FA8751402CE171510A3F1520968,,,,,structural_only,inherits_parent,,,Embedded component; use the parent unit's semantic disposition.
fga.221.s4.item.b,221,subitem,fga.221.s4,267,267,fr/221.tex:930,en/221.tex:901,ABBF37780FDC514BEBD2F1811BFC94E706E44FA8751402CE171510A3F1520968,,,,,structural_only,inherits_parent,,,Embedded component; use the parent unit's semantic disposition.
fga.221.s4.item.c,221,subitem,fga.221.s4,267,267,fr/221.tex:964,en/221.tex:934,ABBF37780FDC514BEBD2F1811BFC94E706E44FA8751402CE171510A3F1520968,,,,,structural_only,inherits_parent,,,Embedded component; use the parent unit's semantic disposition.
fga.221.s4.eq.u.n01,221,equation,fga.221.s4,267,267,fr/221.tex:969,en/221.tex:938,ABBF37780FDC514BEBD2F1811BFC94E706E44FA8751402CE171510A3F1520968,,,,,structural_only,inherits_parent,,,Embedded component; use the parent unit's semantic disposition.
fga.221.s4.eq.u.n02,221,equation,fga.221.s4,268,268,fr/221.tex:1005,en/221.tex:972,ABBF37780FDC514BEBD2F1811BFC94E706E44FA8751402CE171510A3F1520968,,,,,structural_only,inherits_parent,,,Embedded component; use the parent unit's semantic disposition.
fga.221.s5,221,section,fga.221,268,273,fr/221.tex:1023,en/221.tex:988,ABBF37780FDC514BEBD2F1811BFC94E706E44FA8751402CE171510A3F1520968,cartier-divisor;coherent-sheaf;finite-type;flatness;formal-scheme;frobenius-radicial;group-scheme;hilbert-scheme;normality;picard-scheme;projectivity;quasi-projectivity;quotient;smoothness,chow-section-relative-effective-cartier;coherent-section-coherent-sheaves;divisors-lemma-relative-Cartier;formal-spaces-section-formal-schemes-EGA;groupoids-quotients-section-categorical;groupoids-quotients-section-geometric;groupoids-section-finite-flat-general;groupoids-section-group-schemes;groupoids-section-properties-group-schemes-field;modules-section-coherent;more-morphisms-section-normal;morphisms-section-finite-type;morphisms-section-flat;morphisms-section-projective;morphisms-section-quasi-projective;morphisms-section-radicial;morphisms-section-smooth;pic-section-hilbert-scheme-points;pic-section-picard-curve;pic-section-representability;properties-section-normal;quot-section-hilb;varieties-section-frobenius,01BU;01S2;01T0;01U2;01V4;01VV;01W7;01XY;022R;02TP;033H;038Z;03JD;047J;048I;04AD;056Q;0AHY;0B94;0B9P;0B9R;0CC6;0CZX,D000213,extend_existing,reviewed_gap,quot-remark-q-obs;quot-remark-q-defos;quot-proposition-hilb,0CZU;0CZV;0D01,The global Ext obstruction and Hom torsor absorb the core infinitesimal Quot theory but the old local-to-global sheaf formulation and all Hilbert normal-sheaf consequences are not stated
fga.221.s5.proposition.5-1,221,proposition,fga.221.s5,269,269,fr/221.tex:1028,en/221.tex:993,ABBF37780FDC514BEBD2F1811BFC94E706E44FA8751402CE171510A3F1520968,flatness;quotient,groupoids-quotients-section-categorical;groupoids-quotients-section-geometric;groupoids-section-finite-flat-general;morphisms-section-flat,01U2;03JD;048I;04AD,D000214,existing_weaker,reviewed_gap,quot-remark-q-defos,0CZV,Stacks gives a global Hom torsor for lifts when the fixed source sheaf is flat over the base but does not state this local sheaf-torsor result in the exposé's generality
fga.221.s5.proposition.5-1.eq.u.n01,221,equation,fga.221.s5.proposition.5-1,269,269,fr/221.tex:1040,en/221.tex:1005,ABBF37780FDC514BEBD2F1811BFC94E706E44FA8751402CE171510A3F1520968,,,,,structural_only,inherits_parent,,,Embedded component; use the parent unit's semantic disposition.
fga.221.s5.corollary.5-2,221,corollary,fga.221.s5,269,269,fr/221.tex:1051,en/221.tex:1016,ABBF37780FDC514BEBD2F1811BFC94E706E44FA8751402CE171510A3F1520968,flatness;quotient,groupoids-quotients-section-categorical;groupoids-quotients-section-geometric;groupoids-section-finite-flat-general;morphisms-section-flat,01U2;03JD;048I;04AD,D000215,existing_weaker,reviewed_gap,quot-remark-q-obs;quot-remark-q-defos,0CZU;0CZV,The current Ext-one obstruction subsumes the calculation when the source is flat but does not isolate the conditional local-existence hypothesis and its canonical H1 of sheaf-Hom class
fga.221.s5.corollary.5-2.eq.u.n01,221,equation,fga.221.s5.corollary.5-2,269,269,fr/221.tex:1055,en/221.tex:1020,ABBF37780FDC514BEBD2F1811BFC94E706E44FA8751402CE171510A3F1520968,,,,,structural_only,inherits_parent,,,Embedded component; use the parent unit's semantic disposition.
fga.221.s5.corollary.5-2.eq.u.n02,221,equation,fga.221.s5.corollary.5-2,269,269,fr/221.tex:1063,en/221.tex:1027,ABBF37780FDC514BEBD2F1811BFC94E706E44FA8751402CE171510A3F1520968,,,,,structural_only,inherits_parent,,,Embedded component; use the parent unit's semantic disposition.
fga.221.s5.corollary.5-3,221,corollary,fga.221.s5,269,271,fr/221.tex:1073,en/221.tex:1036,ABBF37780FDC514BEBD2F1811BFC94E706E44FA8751402CE171510A3F1520968,coherent-sheaf;flatness;normality;projectivity;quasi-projectivity;quotient,coherent-section-coherent-sheaves;groupoids-quotients-section-categorical;groupoids-quotients-section-geometric;groupoids-section-finite-flat-general;modules-section-coherent;more-morphisms-section-normal;morphisms-section-flat;morphisms-section-projective;morphisms-section-quasi-projective;properties-section-normal,01BU;01U2;01VV;01W7;01XY;033H;038Z;03JD;048I;04AD,D000216,existing_equivalent,reviewed_combination,quot-remark-q-defos;quot-proposition-quot,0CZV;09TU,The Hom torsor for square-zero lifts gives exactly the tangent space Hom of the kernel into the quotient and its functorial cotangent interpretation at a Quot point
fga.221.s5.corollary.5-3.eq.u.n01,221,equation,fga.221.s5.corollary.5-3,270,270,fr/221.tex:1084,en/221.tex:1047,ABBF37780FDC514BEBD2F1811BFC94E706E44FA8751402CE171510A3F1520968,,,,,structural_only,inherits_parent,,,Embedded component; use the parent unit's semantic disposition.
fga.221.s5.corollary.5-3.eq.u.n02,221,equation,fga.221.s5.corollary.5-3,270,270,fr/221.tex:1094,en/221.tex:1057,ABBF37780FDC514BEBD2F1811BFC94E706E44FA8751402CE171510A3F1520968,,,,,structural_only,inherits_parent,,,Embedded component; use the parent unit's semantic disposition.
fga.221.s5.corollary.5-3.eq.u.n03,221,equation,fga.221.s5.corollary.5-3,270,270,fr/221.tex:1099,en/221.tex:1063,ABBF37780FDC514BEBD2F1811BFC94E706E44FA8751402CE171510A3F1520968,,,,,structural_only,inherits_parent,,,Embedded component; use the parent unit's semantic disposition.
fga.221.s5.corollary.5-3.eq.u.n04,221,equation,fga.221.s5.corollary.5-3,270,270,fr/221.tex:1104,en/221.tex:1068,ABBF37780FDC514BEBD2F1811BFC94E706E44FA8751402CE171510A3F1520968,,,,,structural_only,inherits_parent,,,Embedded component; use the parent unit's semantic disposition.
fga.221.s5.corollary.5-3.eq.u.n05,221,equation,fga.221.s5.corollary.5-3,270,270,fr/221.tex:1120,en/221.tex:1084,ABBF37780FDC514BEBD2F1811BFC94E706E44FA8751402CE171510A3F1520968,,,,,structural_only,inherits_parent,,,Embedded component; use the parent unit's semantic disposition.
fga.221.s5.corollary.5-3.eq.u.n06,221,equation,fga.221.s5.corollary.5-3,271,271,fr/221.tex:1134,en/221.tex:1097,ABBF37780FDC514BEBD2F1811BFC94E706E44FA8751402CE171510A3F1520968,,,,,structural_only,inherits_parent,,,Embedded component; use the parent unit's semantic disposition.
fga.221.s5.corollary.5-4,221,corollary,fga.221.s5,271,271,fr/221.tex:1141,en/221.tex:1104,ABBF37780FDC514BEBD2F1811BFC94E706E44FA8751402CE171510A3F1520968,flatness;hilbert-scheme;normality;smoothness,more-morphisms-section-normal;morphisms-section-flat;morphisms-section-smooth;pic-section-hilbert-scheme-points;properties-section-normal;quot-section-hilb,01U2;01V4;033H;038Z;0B94;0CZX,D000217,extend_existing,reviewed_gap,quot-remark-q-obs;quot-remark-q-defos;more-morphisms-lemma-flat-base-change-lci,0CZU;0CZV;069I,The deformation remarks yield the normal-sheaf tangent and obstruction groups for a local complete intersection but Stacks does not state the Hilbert smoothness criterion in this packaged form
fga.221.s5.remark.5-5,221,remark,fga.221.s5,271,272,fr/221.tex:1150,en/221.tex:1113,ABBF37780FDC514BEBD2F1811BFC94E706E44FA8751402CE171510A3F1520968,cartier-divisor;finite-type;formal-scheme;group-scheme;hilbert-scheme;picard-scheme;projectivity;smoothness,chow-section-relative-effective-cartier;divisors-lemma-relative-Cartier;formal-spaces-section-formal-schemes-EGA;groupoids-section-group-schemes;groupoids-section-properties-group-schemes-field;morphisms-section-finite-type;morphisms-section-projective;morphisms-section-smooth;pic-section-hilbert-scheme-points;pic-section-picard-curve;pic-section-representability;quot-section-hilb,01T0;01V4;01W7;022R;02TP;047J;056Q;0AHY;0B94;0B9P;0B9R;0CZX,D000218,historical_reference,reviewed_historical,quot-remark-q-defos;quot-proposition-hilb,0CZV;0D01,The characteristic-map discussion and the Zappa and Mumford generically nonreduced examples are valuable historical interpretation rather than a missing general-purpose theorem
fga.221.s5.remark.5-5.eq.u.n01,221,equation,fga.221.s5.remark.5-5,272,272,fr/221.tex:1192,en/221.tex:1154,ABBF37780FDC514BEBD2F1811BFC94E706E44FA8751402CE171510A3F1520968,,,,,structural_only,inherits_parent,,,Embedded component; use the parent unit's semantic disposition.
fga.221.s5.proposition.5-7,221,proposition,fga.221.s5,272,273,fr/221.tex:1212,en/221.tex:1174,ABBF37780FDC514BEBD2F1811BFC94E706E44FA8751402CE171510A3F1520968,flatness;frobenius-radicial;hilbert-scheme;projectivity;quasi-projectivity;smoothness,morphisms-section-flat;morphisms-section-projective;morphisms-section-quasi-projective;morphisms-section-radicial;morphisms-section-smooth;pic-section-hilbert-scheme-points;quot-section-hilb;varieties-section-frobenius,01S2;01U2;01V4;01VV;01W7;0B94;0CC6;0CZX,D000219,new_statement,reviewed_gap,flat-lemma-Weil-restriction-closed-subschemes;quot-proposition-Mor,07AI;0D1C,Stacks has a special closed-subscheme Weil restriction and a general relative-morphism algebraic space but no theorem that restriction of scalars along a finite flat morphism exists as a scheme and preserves smoothness
fga.221.s5.proposition.5-7.eq.u.n01,221,equation,fga.221.s5.proposition.5-7,273,273,fr/221.tex:1231,en/221.tex:1193,ABBF37780FDC514BEBD2F1811BFC94E706E44FA8751402CE171510A3F1520968,,,,,structural_only,inherits_parent,,,Embedded component; use the parent unit's semantic disposition.
fga.221.s6,221,section,fga.221,273,275,fr/221.tex:1242,en/221.tex:1204,ABBF37780FDC514BEBD2F1811BFC94E706E44FA8751402CE171510A3F1520968,base-change;cartier-divisor;etale;finite-type;flatness;hilbert-scheme;projectivity;quasi-projectivity;quotient;representability;smoothness,algebraic-section-representable-by-algebraic-spaces;categories-section-representable;chow-section-relative-effective-cartier;coherent-section-cohomology-and-base-change;divisors-lemma-relative-Cartier;duality-section-base-change-map;groupoids-quotients-section-categorical;groupoids-quotients-section-geometric;groupoids-section-finite-flat-general;morphisms-section-etale;morphisms-section-finite-type;morphisms-section-flat;morphisms-section-projective;morphisms-section-quasi-projective;morphisms-section-smooth;pic-section-hilbert-scheme-points;pione-section-finite-etale;quot-section-hilb,01T0;01U2;01V4;01VV;01W7;02GH;02KE;02TP;02ZV;03JD;048I;04AD;056Q;0AA5;0AHM;0B94;0BL6;0CZX,D000220,new_statement,reviewed_gap,divisors-lemma-finite-locally-free-has-norm;pic-proposition-hilb-d,0BD2;0B9I,Stacks constructs norms and finite-degree Hilbert schemes separately but does not construct the canonical Quot-to-symmetric-product morphism or prove its etale-locus and smooth-relative-curve isomorphism statements
fga.221.s6.eq.u.n01,221,equation,fga.221.s6,273,273,fr/221.tex:1245,en/221.tex:1207,ABBF37780FDC514BEBD2F1811BFC94E706E44FA8751402CE171510A3F1520968,,,,,structural_only,inherits_parent,,,Embedded component; use the parent unit's semantic disposition.
fga.221.s6.eq.u.n02,221,equation,fga.221.s6,273,273,fr/221.tex:1254,en/221.tex:1216,ABBF37780FDC514BEBD2F1811BFC94E706E44FA8751402CE171510A3F1520968,,,,,structural_only,inherits_parent,,,Embedded component; use the parent unit's semantic disposition.
fga.221.s6.eq.u.n03,221,equation,fga.221.s6,273,273,fr/221.tex:1264,en/221.tex:1225,ABBF37780FDC514BEBD2F1811BFC94E706E44FA8751402CE171510A3F1520968,,,,,structural_only,inherits_parent,,,Embedded component; use the parent unit's semantic disposition.
fga.221.s6.eq.u.n04,221,equation,fga.221.s6,274,274,fr/221.tex:1286,en/221.tex:1247,ABBF37780FDC514BEBD2F1811BFC94E706E44FA8751402CE171510A3F1520968,,,,,structural_only,inherits_parent,,,Embedded component; use the parent unit's semantic disposition.
fga.221.s6.eq.u.n05,221,equation,fga.221.s6,274,274,fr/221.tex:1290,en/221.tex:1251,ABBF37780FDC514BEBD2F1811BFC94E706E44FA8751402CE171510A3F1520968,,,,,structural_only,inherits_parent,,,Embedded component; use the parent unit's semantic disposition.
fga.221.s6.eq.u.n06,221,equation,fga.221.s6,274,274,fr/221.tex:1296,en/221.tex:1256,ABBF37780FDC514BEBD2F1811BFC94E706E44FA8751402CE171510A3F1520968,,,,,structural_only,inherits_parent,,,Embedded component; use the parent unit's semantic disposition.
fga.221.s6.item.a,221,subitem,fga.221.s6,274,274,fr/221.tex:1313,en/221.tex:1272,ABBF37780FDC514BEBD2F1811BFC94E706E44FA8751402CE171510A3F1520968,,,,,structural_only,inherits_parent,,,Embedded component; use the parent unit's semantic disposition.
fga.221.s6.item.b,221,subitem,fga.221.s6,275,275,fr/221.tex:1322,en/221.tex:1280,ABBF37780FDC514BEBD2F1811BFC94E706E44FA8751402CE171510A3F1520968,,,,,structural_only,inherits_parent,,,Embedded component; use the parent unit's semantic disposition.
fga.221.s7,221,section,fga.221,275,276,fr/221.tex:1333,en/221.tex:1290,ABBF37780FDC514BEBD2F1811BFC94E706E44FA8751402CE171510A3F1520968,etale;flatness;formal-geometry;hilbert-scheme;projectivity;properness;quasi-projectivity;smoothness,algebraization-section-introduction;formal-spaces-section-formal-schemes-EGA;morphisms-section-etale;morphisms-section-flat;morphisms-section-projective;morphisms-section-proper;morphisms-section-quasi-projective;morphisms-section-smooth;pic-section-hilbert-scheme-points;pione-section-finite-etale;quot-section-hilb,01U2;01V4;01VV;01W0;01W7;02GH;0AHY;0B94;0BL6;0CZX;0EI6,D000221,extend_existing,reviewed_gap,quot-proposition-Mor;flat-lemma-Weil-restriction-closed-subschemes;quot-lemma-Mor-into-Hilb-open,0D1C;07AI;0D1B,Current relative-morphism theory gives algebraic spaces and one special Weil-restriction representability result but does not record the Nagata scheme counterexample or the positive proper-over-a-field affine and vector-bundle scheme refinements
fga.221.bib,221,bibliography,fga.221,276,276,fr/221.tex:1371,en/221.tex:1327,ABBF37780FDC514BEBD2F1811BFC94E706E44FA8751402CE171510A3F1520968,,,,,structural_only,classified,,,Source or corpus structure; no independent Stacks object.
fga.221.bib.ref.1,221,bibliography_item,fga.221.bib,276,276,fr/221.tex:1375,en/221.tex:1331,ABBF37780FDC514BEBD2F1811BFC94E706E44FA8751402CE171510A3F1520968,,,,,structural_only,classified,,,Source or corpus structure; no independent Stacks object.
fga.221.bib.ref.2,221,bibliography_item,fga.221.bib,276,276,fr/221.tex:1378,en/221.tex:1334,ABBF37780FDC514BEBD2F1811BFC94E706E44FA8751402CE171510A3F1520968,,,,,structural_only,classified,,,Source or corpus structure; no independent Stacks object.
fga.221.bib.ref.3,221,bibliography_item,fga.221.bib,276,276,fr/221.tex:1384,en/221.tex:1339,ABBF37780FDC514BEBD2F1811BFC94E706E44FA8751402CE171510A3F1520968,,,,,structural_only,classified,,,Source or corpus structure; no independent Stacks object.
fga.221.bib.ref.4,221,bibliography_item,fga.221.bib,276,276,fr/221.tex:1388,en/221.tex:1343,ABBF37780FDC514BEBD2F1811BFC94E706E44FA8751402CE171510A3F1520968,,,,,structural_only,classified,,,Source or corpus structure; no independent Stacks object.
fga.221.bib.ref.5,221,bibliography_item,fga.221.bib,276,276,fr/221.tex:1392,en/221.tex:1347,ABBF37780FDC514BEBD2F1811BFC94E706E44FA8751402CE171510A3F1520968,,,,,structural_only,classified,,,Source or corpus structure; no independent Stacks object.
fga.221.bib.ref.6,221,bibliography_item,fga.221.bib,276,276,fr/221.tex:1397,en/221.tex:1352,ABBF37780FDC514BEBD2F1811BFC94E706E44FA8751402CE171510A3F1520968,,,,,structural_only,classified,,,Source or corpus structure; no independent Stacks object.
fga.221.bib.ref.7,221,bibliography_item,fga.221.bib,276,276,fr/221.tex:1400,en/221.tex:1355,ABBF37780FDC514BEBD2F1811BFC94E706E44FA8751402CE171510A3F1520968,,,,,structural_only,classified,,,Source or corpus structure; no independent Stacks object.
fga.221.bib.ref.8,221,bibliography_item,fga.221.bib,276,276,fr/221.tex:1404,en/221.tex:1359,ABBF37780FDC514BEBD2F1811BFC94E706E44FA8751402CE171510A3F1520968,,,,,structural_only,classified,,,Source or corpus structure; no independent Stacks object.
fga.221.add,221,supplement,fga.221,276,276,fr/221.tex:1409,en/221.tex:1364,ABBF37780FDC514BEBD2F1811BFC94E706E44FA8751402CE171510A3F1520968,projectivity;quotient;smoothness,groupoids-quotients-section-categorical;groupoids-quotients-section-geometric;groupoids-section-finite-flat-general;morphisms-section-projective;morphisms-section-smooth,01V4;01W7;03JD;048I;04AD,D000222,historical_reference,reviewed_historical,bootstrap-lemma-quotient-free-action;stacks-more-morphisms-theorem-keel-mori,06PH;0DUT,The addendum correctly retracts the projective-group quotient conjecture already fail-closed under issue I000005 and is retained as linked historical evidence
fga.e221,e221,erratum,fga,302,302,fr/e221.tex:1,en/e221.tex:1,007990D289E767A54A273CA45E8491F0052F9F015820DDB451D1E2B2D0FE27F9,connected-component;formal-scheme;hilbert-scheme;projectivity;smoothness,formal-spaces-section-formal-schemes-EGA;more-morphisms-section-connected;morphisms-section-projective;morphisms-section-smooth;pic-section-hilbert-scheme-points;quot-section-hilb;topology-section-connected-components,004R;01V4;01W7;055C;0AHY;0B94;0CZX,D000223,historical_reference,reviewed_historical,varieties-lemma-bound-quotients-free;moduli-lemma-quot-Pn;quot-remark-q-defos,08AG;0DPA;0CZV,The erratum repairs the boundedness statement and rank inequalities and records Hartshorne and Mumford developments so it is preserved as correction provenance
fga.e221.p302,e221,source_page,fga.e221,302,302,fr/e221.tex:5,en/e221.tex:5,007990D289E767A54A273CA45E8491F0052F9F015820DDB451D1E2B2D0FE27F9,,,,,structural_only,classified,,,Source or corpus structure; no independent Stacks object.
fga.e221.item.u.n01,e221,subitem,fga.e221,302,302,fr/e221.tex:7,en/e221.tex:7,007990D289E767A54A273CA45E8491F0052F9F015820DDB451D1E2B2D0FE27F9,,,,,structural_only,inherits_parent,,,Embedded component; use the parent unit's semantic disposition.
fga.e221.item.u.n02,e221,subitem,fga.e221,302,302,fr/e221.tex:13,en/e221.tex:13,007990D289E767A54A273CA45E8491F0052F9F015820DDB451D1E2B2D0FE27F9,,,,,structural_only,inherits_parent,,,Embedded component; use the parent unit's semantic disposition.
fga.e221.item.u.n03,e221,subitem,fga.e221,302,302,fr/e221.tex:16,en/e221.tex:16,007990D289E767A54A273CA45E8491F0052F9F015820DDB451D1E2B2D0FE27F9,,,,,structural_only,inherits_parent,,,Embedded component; use the parent unit's semantic disposition.
fga.e221.item.u.n04,e221,subitem,fga.e221,302,302,fr/e221.tex:19,en/e221.tex:18,007990D289E767A54A273CA45E8491F0052F9F015820DDB451D1E2B2D0FE27F9,,,,,structural_only,inherits_parent,,,Embedded component; use the parent unit's semantic disposition.
fga.e221.item.u.n05,e221,subitem,fga.e221,302,302,fr/e221.tex:22,en/e221.tex:21,007990D289E767A54A273CA45E8491F0052F9F015820DDB451D1E2B2D0FE27F9,,,,,structural_only,inherits_parent,,,Embedded component; use the parent unit's semantic disposition.
fga.e221.item.u.n06,e221,subitem,fga.e221,302,302,fr/e221.tex:25,en/e221.tex:24,007990D289E767A54A273CA45E8491F0052F9F015820DDB451D1E2B2D0FE27F9,,,,,structural_only,inherits_parent,,,Embedded component; use the parent unit's semantic disposition.
fga.e221.item.u.n07,e221,subitem,fga.e221,302,302,fr/e221.tex:28,en/e221.tex:26,007990D289E767A54A273CA45E8491F0052F9F015820DDB451D1E2B2D0FE27F9,,,,,structural_only,inherits_parent,,,Embedded component; use the parent unit's semantic disposition.
fga.e221.item.u.n08,e221,subitem,fga.e221,302,302,fr/e221.tex:35,en/e221.tex:33,007990D289E767A54A273CA45E8491F0052F9F015820DDB451D1E2B2D0FE27F9,,,,,structural_only,inherits_parent,,,Embedded component; use the parent unit's semantic disposition.
fga.e221.item.u.n09,e221,subitem,fga.e221,302,302,fr/e221.tex:38,en/e221.tex:36,007990D289E767A54A273CA45E8491F0052F9F015820DDB451D1E2B2D0FE27F9,,,,,structural_only,inherits_parent,,,Embedded component; use the parent unit's semantic disposition.
fga.232,232,expose,fga,143,161,fr/232.tex:1,en/232.tex:1,C84DCA027FAC1AF187B0B9F6C8D2E2CB95B43CE201815B2073577FD4425919F0,abelian-scheme;ampleness;base-change;cartier-divisor;connected-component;descent;duality;effectivity;equivalence-relation;etale;existence-theorem;faithfully-flat;finite-type;flatness;formal-geometry;hilbert-polynomial;hilbert-scheme;invertible-module;neron-severi;normality;picard-functor;picard-scheme;projectivity;properness;quasi-projectivity;quotient;representability;separatedness;smoothness,algebraic-section-representable-by-algebraic-spaces;algebraization-section-introduction;categories-section-representable;chow-section-relative-effective-cartier;coherent-section-cohomology-and-base-change;coherent-section-existence;coherent-section-existence-proper;cohomology-section-invertible-sheaves;descent-definition-effective;descent-section-descent-datum;descent-section-fpqc-descent-quasi-coherent;descent-section-introduction;divisors-lemma-relative-Cartier;duality-section-base-change-map;duality-section-duality;duality-section-duality-proper-over-field;formal-spaces-section-formal-schemes-EGA;groupoids-quotients-section-categorical;groupoids-quotients-section-geometric;groupoids-section-abelian-varieties;groupoids-section-finite-flat-general;groupoids-section-groupoids;modules-section-invertible;moduli-section-picard-functor;more-morphisms-section-connected;more-morphisms-section-normal;morphisms-section-etale;morphisms-section-finite-type;morphisms-section-flat;morphisms-section-projective;morphisms-section-proper;morphisms-section-quasi-projective;morphisms-section-relatively-ample;morphisms-section-smooth;pic-section-hilbert-scheme-points;pic-section-picard-curve;pic-section-picard-functor;pic-section-representability;pione-section-finite-etale;properties-section-ample;properties-section-normal;quot-section-hilb;quot-section-picard-functor;schemes-section-valuative-separatedness;spaces-section-spaces-from-equivalence-relations;topology-section-connected-components;varieties-subsection-hilbert,004R;01CR;01KY;01PR;01T0;01U2;01V4;01VG;01VV;01W0;01W7;0230;0239;023R;023U;023Z;0264;02GH;02KE;02TP;02ZV;033H;038Z;03JD;048I;04AD;055C;056Q;087V;0886;08A9;09NT;0AA5;0AHM;0AHY;0AU3;0B94;0B9K;0B9P;0B9R;0BF9;0BL6;0CZX;0D24;0DMD;0EI6;0FVU,,structural_only,classified,,,Source or corpus structure; no independent Stacks object.
fga.232.p143,232,source_page,fga.232,143,143,fr/232.tex:3,en/232.tex:3,C84DCA027FAC1AF187B0B9F6C8D2E2CB95B43CE201815B2073577FD4425919F0,,,,,structural_only,classified,,,Source or corpus structure; no independent Stacks object.
fga.232.p144,232,source_page,fga.232,144,144,fr/232.tex:52,en/232.tex:50,C84DCA027FAC1AF187B0B9F6C8D2E2CB95B43CE201815B2073577FD4425919F0,,,,,structural_only,classified,,,Source or corpus structure; no independent Stacks object.
fga.232.p145,232,source_page,fga.232,145,145,fr/232.tex:104,en/232.tex:100,C84DCA027FAC1AF187B0B9F6C8D2E2CB95B43CE201815B2073577FD4425919F0,,,,,structural_only,classified,,,Source or corpus structure; no independent Stacks object.
fga.232.p146,232,source_page,fga.232,146,146,fr/232.tex:156,en/232.tex:151,C84DCA027FAC1AF187B0B9F6C8D2E2CB95B43CE201815B2073577FD4425919F0,,,,,structural_only,classified,,,Source or corpus structure; no independent Stacks object.
fga.232.p147,232,source_page,fga.232,147,147,fr/232.tex:216,en/232.tex:212,C84DCA027FAC1AF187B0B9F6C8D2E2CB95B43CE201815B2073577FD4425919F0,,,,,structural_only,classified,,,Source or corpus structure; no independent Stacks object.
fga.232.p148,232,source_page,fga.232,148,148,fr/232.tex:272,en/232.tex:265,C84DCA027FAC1AF187B0B9F6C8D2E2CB95B43CE201815B2073577FD4425919F0,,,,,structural_only,classified,,,Source or corpus structure; no independent Stacks object.
fga.232.p149,232,source_page,fga.232,149,149,fr/232.tex:322,en/232.tex:313,C84DCA027FAC1AF187B0B9F6C8D2E2CB95B43CE201815B2073577FD4425919F0,,,,,structural_only,classified,,,Source or corpus structure; no independent Stacks object.
fga.232.p150,232,source_page,fga.232,150,150,fr/232.tex:373,en/232.tex:362,C84DCA027FAC1AF187B0B9F6C8D2E2CB95B43CE201815B2073577FD4425919F0,,,,,structural_only,classified,,,Source or corpus structure; no independent Stacks object.
fga.232.p151,232,source_page,fga.232,151,151,fr/232.tex:426,en/232.tex:414,C84DCA027FAC1AF187B0B9F6C8D2E2CB95B43CE201815B2073577FD4425919F0,,,,,structural_only,classified,,,Source or corpus structure; no independent Stacks object.
fga.232.p152,232,source_page,fga.232,152,152,fr/232.tex:477,en/232.tex:461,C84DCA027FAC1AF187B0B9F6C8D2E2CB95B43CE201815B2073577FD4425919F0,,,,,structural_only,classified,,,Source or corpus structure; no independent Stacks object.
fga.232.p153,232,source_page,fga.232,153,153,fr/232.tex:530,en/232.tex:513,C84DCA027FAC1AF187B0B9F6C8D2E2CB95B43CE201815B2073577FD4425919F0,,,,,structural_only,classified,,,Source or corpus structure; no independent Stacks object.
fga.232.p154,232,source_page,fga.232,154,154,fr/232.tex:580,en/232.tex:568,C84DCA027FAC1AF187B0B9F6C8D2E2CB95B43CE201815B2073577FD4425919F0,,,,,structural_only,classified,,,Source or corpus structure; no independent Stacks object.
fga.232.p155,232,source_page,fga.232,155,155,fr/232.tex:633,en/232.tex:612,C84DCA027FAC1AF187B0B9F6C8D2E2CB95B43CE201815B2073577FD4425919F0,,,,,structural_only,classified,,,Source or corpus structure; no independent Stacks object.
fga.232.p156,232,source_page,fga.232,156,156,fr/232.tex:684,en/232.tex:659,C84DCA027FAC1AF187B0B9F6C8D2E2CB95B43CE201815B2073577FD4425919F0,,,,,structural_only,classified,,,Source or corpus structure; no independent Stacks object.
fga.232.p157,232,source_page,fga.232,157,157,fr/232.tex:727,en/232.tex:697,C84DCA027FAC1AF187B0B9F6C8D2E2CB95B43CE201815B2073577FD4425919F0,,,,,structural_only,classified,,,Source or corpus structure; no independent Stacks object.
fga.232.p158,232,source_page,fga.232,158,158,fr/232.tex:773,en/232.tex:741,C84DCA027FAC1AF187B0B9F6C8D2E2CB95B43CE201815B2073577FD4425919F0,,,,,structural_only,classified,,,Source or corpus structure; no independent Stacks object.
fga.232.p159,232,source_page,fga.232,159,159,fr/232.tex:829,en/232.tex:798,C84DCA027FAC1AF187B0B9F6C8D2E2CB95B43CE201815B2073577FD4425919F0,,,,,structural_only,classified,,,Source or corpus structure; no independent Stacks object.
fga.232.p160,232,source_page,fga.232,160,160,fr/232.tex:881,en/232.tex:850,C84DCA027FAC1AF187B0B9F6C8D2E2CB95B43CE201815B2073577FD4425919F0,,,,,structural_only,classified,,,Source or corpus structure; no independent Stacks object.
fga.232.p161,232,source_page,fga.232,161,161,fr/232.tex:935,en/232.tex:901,C84DCA027FAC1AF187B0B9F6C8D2E2CB95B43CE201815B2073577FD4425919F0,,,,,structural_only,classified,,,Source or corpus structure; no independent Stacks object.
fga.232.s1,232,section,fga.232,143,146,fr/232.tex:9,en/232.tex:9,C84DCA027FAC1AF187B0B9F6C8D2E2CB95B43CE201815B2073577FD4425919F0,base-change;descent;faithfully-flat;flatness;invertible-module;picard-functor;picard-scheme;representability,algebraic-section-representable-by-algebraic-spaces;categories-section-representable;coherent-section-cohomology-and-base-change;cohomology-section-invertible-sheaves;descent-section-fpqc-descent-quasi-coherent;descent-section-introduction;duality-section-base-change-map;modules-section-invertible;moduli-section-picard-functor;morphisms-section-flat;pic-section-picard-curve;pic-section-picard-functor;pic-section-representability;quot-section-picard-functor,01CR;01U2;0239;023R;02KE;02ZV;09NT;0AA5;0AHM;0B9K;0B9P;0B9R;0D24;0DMD,D000224,extend_existing,reviewed_gap,pic-definition-picard-functor;quot-situation-pic;quot-lemma-pic-over-pic,0B9L;0D25;0D26,Stacks gives the modern fppf sheafification definition and its relation to the Picard stack but does not retain the restricted relative Picard group defined through the first direct image of units or the explicit historical sheafification formula
fga.232.s1.eq.1-1,232,equation,fga.232.s1,143,143,fr/232.tex:16,en/232.tex:15,C84DCA027FAC1AF187B0B9F6C8D2E2CB95B43CE201815B2073577FD4425919F0,,,,,structural_only,inherits_parent,,,Embedded component; use the parent unit's semantic disposition.
fga.232.s1.eq.1-2,232,equation,fga.232.s1,143,143,fr/232.tex:35,en/232.tex:32,C84DCA027FAC1AF187B0B9F6C8D2E2CB95B43CE201815B2073577FD4425919F0,,,,,structural_only,inherits_parent,,,Embedded component; use the parent unit's semantic disposition.
fga.232.s1.eq.1-3,232,equation,fga.232.s1,143,143,fr/232.tex:46,en/232.tex:44,C84DCA027FAC1AF187B0B9F6C8D2E2CB95B43CE201815B2073577FD4425919F0,,,,,structural_only,inherits_parent,,,Embedded component; use the parent unit's semantic disposition.
fga.232.s1.eq.1-4,232,equation,fga.232.s1,144,144,fr/232.tex:60,en/232.tex:58,C84DCA027FAC1AF187B0B9F6C8D2E2CB95B43CE201815B2073577FD4425919F0,,,,,structural_only,inherits_parent,,,Embedded component; use the parent unit's semantic disposition.
fga.232.s1.eq.1-5,232,equation,fga.232.s1,144,144,fr/232.tex:82,en/232.tex:79,C84DCA027FAC1AF187B0B9F6C8D2E2CB95B43CE201815B2073577FD4425919F0,,,,,structural_only,inherits_parent,,,Embedded component; use the parent unit's semantic disposition.
fga.232.s1.eq.u.n01,232,equation,fga.232.s1,144,144,fr/232.tex:87,en/232.tex:84,C84DCA027FAC1AF187B0B9F6C8D2E2CB95B43CE201815B2073577FD4425919F0,,,,,structural_only,inherits_parent,,,Embedded component; use the parent unit's semantic disposition.
fga.232.s1.eq.1-6,232,equation,fga.232.s1,145,145,fr/232.tex:114,en/232.tex:109,C84DCA027FAC1AF187B0B9F6C8D2E2CB95B43CE201815B2073577FD4425919F0,,,,,structural_only,inherits_parent,,,Embedded component; use the parent unit's semantic disposition.
fga.232.s1.eq.u.n02,232,equation,fga.232.s1,145,145,fr/232.tex:121,en/232.tex:116,C84DCA027FAC1AF187B0B9F6C8D2E2CB95B43CE201815B2073577FD4425919F0,,,,,structural_only,inherits_parent,,,Embedded component; use the parent unit's semantic disposition.
fga.232.s1.eq.1-7,232,equation,fga.232.s1,145,145,fr/232.tex:129,en/232.tex:124,C84DCA027FAC1AF187B0B9F6C8D2E2CB95B43CE201815B2073577FD4425919F0,,,,,structural_only,inherits_parent,,,Embedded component; use the parent unit's semantic disposition.
fga.232.s1.eq.1-8,232,equation,fga.232.s1,145,145,fr/232.tex:148,en/232.tex:143,C84DCA027FAC1AF187B0B9F6C8D2E2CB95B43CE201815B2073577FD4425919F0,,,,,structural_only,inherits_parent,,,Embedded component; use the parent unit's semantic disposition.
fga.232.s1.eq.1-9,232,equation,fga.232.s1,146,146,fr/232.tex:167,en/232.tex:162,C84DCA027FAC1AF187B0B9F6C8D2E2CB95B43CE201815B2073577FD4425919F0,,,,,structural_only,inherits_parent,,,Embedded component; use the parent unit's semantic disposition.
fga.232.s1.eq.1-10,232,equation,fga.232.s1,146,146,fr/232.tex:174,en/232.tex:169,C84DCA027FAC1AF187B0B9F6C8D2E2CB95B43CE201815B2073577FD4425919F0,,,,,structural_only,inherits_parent,,,Embedded component; use the parent unit's semantic disposition.
fga.232.s2,232,section,fga.232,146,148,fr/232.tex:180,en/232.tex:175,C84DCA027FAC1AF187B0B9F6C8D2E2CB95B43CE201815B2073577FD4425919F0,base-change;descent;etale;faithfully-flat;finite-type;flatness;invertible-module;picard-functor;picard-scheme;projectivity;separatedness;smoothness,coherent-section-cohomology-and-base-change;cohomology-section-invertible-sheaves;descent-section-fpqc-descent-quasi-coherent;descent-section-introduction;duality-section-base-change-map;modules-section-invertible;moduli-section-picard-functor;morphisms-section-etale;morphisms-section-finite-type;morphisms-section-flat;morphisms-section-projective;morphisms-section-smooth;pic-section-picard-curve;pic-section-picard-functor;pic-section-representability;pione-section-finite-etale;quot-section-picard-functor;schemes-section-valuative-separatedness,01CR;01KY;01T0;01U2;01V4;01W7;0239;023R;02GH;02KE;09NT;0AA5;0B9K;0B9P;0B9R;0BL6;0D24;0DMD,D000225,extend_existing,reviewed_gap,quot-lemma-flat-geometrically-connected-fibres;quot-lemma-flat-geometrically-connected-fibres-with-section;quot-lemma-pic-with-section-stack,0D27;0D28;0D29,The exact absolute-to-relative sequence and the rigidified description are present under a universal pushforward hypothesis while the restricted Picard group comparisons under the exposé's hypotheses are not separately developed
fga.232.s2.proposition.2-1,232,proposition,fga.232.s2,146,146,fr/232.tex:182,en/232.tex:177,C84DCA027FAC1AF187B0B9F6C8D2E2CB95B43CE201815B2073577FD4425919F0,picard-scheme,pic-section-picard-curve;pic-section-representability,0B9P;0B9R,D000226,existing_equivalent,reviewed_combination,cohomology-lemma-Leray;quot-lemma-flat-geometrically-connected-fibres-with-section,01F2;0D28,The low-degree Leray sequence gives the stated kernel and a section splits pullback so the quotient description follows exactly
fga.232.s2.proposition.2-1.eq.u.n01,232,equation,fga.232.s2.proposition.2-1,146,146,fr/232.tex:184,en/232.tex:180,C84DCA027FAC1AF187B0B9F6C8D2E2CB95B43CE201815B2073577FD4425919F0,,,,,structural_only,inherits_parent,,,Embedded component; use the parent unit's semantic disposition.
fga.232.s2.proposition.2-1.eq.u.n02,232,equation,fga.232.s2.proposition.2-1,146,146,fr/232.tex:190,en/232.tex:186,C84DCA027FAC1AF187B0B9F6C8D2E2CB95B43CE201815B2073577FD4425919F0,,,,,structural_only,inherits_parent,,,Embedded component; use the parent unit's semantic disposition.
fga.232.s2.proposition.2-2,232,proposition,fga.232.s2,146,147,fr/232.tex:199,en/232.tex:195,C84DCA027FAC1AF187B0B9F6C8D2E2CB95B43CE201815B2073577FD4425919F0,descent;faithfully-flat;finite-type;flatness;picard-scheme;separatedness,descent-section-fpqc-descent-quasi-coherent;descent-section-introduction;morphisms-section-finite-type;morphisms-section-flat;pic-section-picard-curve;pic-section-representability;schemes-section-valuative-separatedness,01KY;01T0;01U2;0239;023R;0B9P;0B9R,D000227,existing_weaker,reviewed_gap,descent-proposition-fpqc-descent-quasi-coherent;quot-lemma-pic-with-section-stack;quot-lemma-flat-geometrically-connected-fibres-with-section,023T;0D29;0D28,Stacks proves effective fpqc descent for invertible sheaves and the rigidified Picard sheaf argument under the stronger hypothesis that pushforward of the structure sheaf remains the base after every base change but does not state the result for the restricted Picard group in this generality
fga.232.s2.proposition.2-2.item.i,232,subitem,fga.232.s2.proposition.2-2,146,146,fr/232.tex:203,en/232.tex:199,C84DCA027FAC1AF187B0B9F6C8D2E2CB95B43CE201815B2073577FD4425919F0,,,,,structural_only,inherits_parent,,,Embedded component; use the parent unit's semantic disposition.
fga.232.s2.proposition.2-2.item.ii,232,subitem,fga.232.s2.proposition.2-2,146,146,fr/232.tex:206,en/232.tex:202,C84DCA027FAC1AF187B0B9F6C8D2E2CB95B43CE201815B2073577FD4425919F0,,,,,structural_only,inherits_parent,,,Embedded component; use the parent unit's semantic disposition.
fga.232.s2.proposition.2-2.eq.u.n01,232,equation,fga.232.s2.proposition.2-2,146,146,fr/232.tex:210,en/232.tex:206,C84DCA027FAC1AF187B0B9F6C8D2E2CB95B43CE201815B2073577FD4425919F0,,,,,structural_only,inherits_parent,,,Embedded component; use the parent unit's semantic disposition.
fga.232.s2.proposition.2-2.eq.u.n02,232,equation,fga.232.s2.proposition.2-2,147,147,fr/232.tex:227,en/232.tex:222,C84DCA027FAC1AF187B0B9F6C8D2E2CB95B43CE201815B2073577FD4425919F0,,,,,structural_only,inherits_parent,,,Embedded component; use the parent unit's semantic disposition.
fga.232.s2.corollary.2-3,232,corollary,fga.232.s2,147,147,fr/232.tex:235,en/232.tex:230,C84DCA027FAC1AF187B0B9F6C8D2E2CB95B43CE201815B2073577FD4425919F0,picard-scheme,pic-section-picard-curve;pic-section-representability,0B9P;0B9R,D000228,existing_weaker,reviewed_gap,quot-situation-pic;quot-lemma-flat-geometrically-connected-fibres-with-section,0D25;0D28,The modern fppf sheafification agrees with the rigidified Picard presheaf when universal functions are constant and a section exists but the injective comparison from the restricted direct-image construction is not stated under only the historical hypotheses
fga.232.s2.corollary.2-4,232,corollary,fga.232.s2,147,147,fr/232.tex:244,en/232.tex:238,C84DCA027FAC1AF187B0B9F6C8D2E2CB95B43CE201815B2073577FD4425919F0,picard-scheme,pic-section-picard-curve;pic-section-representability,0B9P;0B9R,D000229,existing_weaker,reviewed_gap,quot-lemma-flat-geometrically-connected-fibres;quot-lemma-flat-geometrically-connected-fibres-with-section,0D27;0D28,Stacks gives the same exact sequence for every base change and the split surjection with a section under the stronger universal pushforward condition
fga.232.s2.corollary.2-4.eq.u.n01,232,equation,fga.232.s2.corollary.2-4,147,147,fr/232.tex:245,en/232.tex:239,C84DCA027FAC1AF187B0B9F6C8D2E2CB95B43CE201815B2073577FD4425919F0,,,,,structural_only,inherits_parent,,,Embedded component; use the parent unit's semantic disposition.
fga.232.s2.corollary.2-4.eq.u.n02,232,equation,fga.232.s2.corollary.2-4,147,147,fr/232.tex:251,en/232.tex:245,C84DCA027FAC1AF187B0B9F6C8D2E2CB95B43CE201815B2073577FD4425919F0,,,,,structural_only,inherits_parent,,,Embedded component; use the parent unit's semantic disposition.
fga.232.s2.remark.2-5,232,remark,fga.232.s2,147,148,fr/232.tex:256,en/232.tex:250,C84DCA027FAC1AF187B0B9F6C8D2E2CB95B43CE201815B2073577FD4425919F0,descent;invertible-module;picard-scheme;separatedness,cohomology-section-invertible-sheaves;descent-section-fpqc-descent-quasi-coherent;descent-section-introduction;modules-section-invertible;pic-section-picard-curve;pic-section-representability;schemes-section-valuative-separatedness,01CR;01KY;0239;023R;09NT;0B9P;0B9R,D000230,existing_equivalent,reviewed_source_and_stacks,quot-lemma-pic-with-section-stack;quot-lemma-flat-geometrically-connected-fibres-with-section-functor-stack,0D29;0D2B,The rigidified Picard stack in Stacks has exactly these objects and trivial automorphisms under the constant-functions hypothesis and its isomorphism classes give the kernel model for the Picard functor
fga.232.s2.remark.2-6,232,remark,fga.232.s2,148,148,fr/232.tex:273,en/232.tex:266,C84DCA027FAC1AF187B0B9F6C8D2E2CB95B43CE201815B2073577FD4425919F0,base-change;etale;faithfully-flat;finite-type;flatness;picard-functor;picard-scheme;projectivity;smoothness,coherent-section-cohomology-and-base-change;descent-section-fpqc-descent-quasi-coherent;duality-section-base-change-map;moduli-section-picard-functor;morphisms-section-etale;morphisms-section-finite-type;morphisms-section-flat;morphisms-section-projective;morphisms-section-smooth;pic-section-picard-curve;pic-section-picard-functor;pic-section-representability;pione-section-finite-etale;quot-section-picard-functor,01T0;01U2;01V4;01W7;023R;02GH;02KE;0AA5;0B9K;0B9P;0B9R;0BL6;0D24;0DMD,D000231,extend_existing,reviewed_gap,quot-proposition-pic-functor;more-morphisms-lemma-quasi-finite-quasi-section-meeting-nearby-open-X,0D2C;05GU,The modern proof uses the fppf cover obtained from X itself and Stacks constructs local quasi-sections but it does not collect the exposé's finite-flat and etale quasi-section refinements or the resulting explicit quotient presentation of every relative Picard class
fga.232.s2.remark.2-6.eq.u.n01,232,equation,fga.232.s2.remark.2-6,148,148,fr/232.tex:278,en/232.tex:271,C84DCA027FAC1AF187B0B9F6C8D2E2CB95B43CE201815B2073577FD4425919F0,,,,,structural_only,inherits_parent,,,Embedded component; use the parent unit's semantic disposition.
fga.232.s2.remark.2-6.eq.u.n02,232,equation,fga.232.s2.remark.2-6,148,148,fr/232.tex:283,en/232.tex:276,C84DCA027FAC1AF187B0B9F6C8D2E2CB95B43CE201815B2073577FD4425919F0,,,,,structural_only,inherits_parent,,,Embedded component; use the parent unit's semantic disposition.
fga.232.s3,232,section,fga.232,148,150,fr/232.tex:305,en/232.tex:297,C84DCA027FAC1AF187B0B9F6C8D2E2CB95B43CE201815B2073577FD4425919F0,abelian-scheme;ampleness;connected-component;existence-theorem;finite-type;flatness;hilbert-polynomial;hilbert-scheme;neron-severi;picard-scheme;projectivity;properness;quasi-projectivity;separatedness;smoothness,coherent-section-existence;coherent-section-existence-proper;groupoids-section-abelian-varieties;more-morphisms-section-connected;morphisms-section-finite-type;morphisms-section-flat;morphisms-section-projective;morphisms-section-proper;morphisms-section-quasi-projective;morphisms-section-relatively-ample;morphisms-section-smooth;pic-section-hilbert-scheme-points;pic-section-picard-curve;pic-section-representability;properties-section-ample;quot-section-hilb;schemes-section-valuative-separatedness;topology-section-connected-components;varieties-subsection-hilbert,004R;01KY;01PR;01T0;01U2;01V4;01VG;01VV;01W0;01W7;055C;087V;0886;08A9;0B94;0B9P;0B9R;0BF9;0CZX,D000232,extend_existing,reviewed_gap,quot-proposition-pic-functor;moduli-lemma-pic-functor-uniqueness-part;moduli-lemma-pic-functor-qs-lfp,0D2C;0DNJ;0DNI,Stacks proves algebraic-space existence local finite presentation and separatedness under integral geometric fibres but not the classical Picard-scheme and quasi-projective-translate structure announced here
fga.232.s3.theorem.3-1,232,theorem,fga.232.s3,148,149,fr/232.tex:317,en/232.tex:308,C84DCA027FAC1AF187B0B9F6C8D2E2CB95B43CE201815B2073577FD4425919F0,ampleness;flatness;picard-scheme;projectivity;quasi-projectivity;separatedness,morphisms-section-flat;morphisms-section-projective;morphisms-section-quasi-projective;morphisms-section-relatively-ample;pic-section-picard-curve;pic-section-representability;properties-section-ample;schemes-section-valuative-separatedness,01KY;01PR;01U2;01VG;01VV;01W7;0B9P;0B9R,D000233,existing_weaker,reviewed_gap,quot-proposition-pic-functor;moduli-lemma-pic-functor-uniqueness-part;moduli-lemma-pic-functor-qs-lfp,0D2C;0DNJ;0DNI,The current theorem gives a separated algebraic space locally of finite presentation under hypotheses implied by the exposé but does not prove representability by a scheme or the increasing union of translated quasi-projective opens
fga.232.s3.theorem.3-1.item.i,232,subitem,fga.232.s3.theorem.3-1,148,148,fr/232.tex:319,en/232.tex:310,C84DCA027FAC1AF187B0B9F6C8D2E2CB95B43CE201815B2073577FD4425919F0,,,,,structural_only,inherits_parent,,,Embedded component; use the parent unit's semantic disposition.
fga.232.s3.theorem.3-1.item.ii,232,subitem,fga.232.s3.theorem.3-1,149,149,fr/232.tex:323,en/232.tex:314,C84DCA027FAC1AF187B0B9F6C8D2E2CB95B43CE201815B2073577FD4425919F0,,,,,structural_only,inherits_parent,,,Embedded component; use the parent unit's semantic disposition.
fga.232.s3.theorem.3-1.item.iii,232,subitem,fga.232.s3.theorem.3-1,149,149,fr/232.tex:324,en/232.tex:315,C84DCA027FAC1AF187B0B9F6C8D2E2CB95B43CE201815B2073577FD4425919F0,,,,,structural_only,inherits_parent,,,Embedded component; use the parent unit's semantic disposition.
fga.232.s3.remark.3-2,232,remark,fga.232.s3,149,149,fr/232.tex:340,en/232.tex:331,C84DCA027FAC1AF187B0B9F6C8D2E2CB95B43CE201815B2073577FD4425919F0,picard-scheme;separatedness,pic-section-picard-curve;pic-section-representability;schemes-section-valuative-separatedness,01KY;0B9P;0B9R,D000234,extend_existing,reviewed_gap,moduli-lemma-pic-functor-uniqueness-part,0DNJ,Stacks proves separatedness when the geometric fibres are integral but does not record the two degeneration families showing that geometrically constant global functions alone do not ensure separatedness
fga.232.s3.remark.3-2.eq.u.n01,232,equation,fga.232.s3.remark.3-2,149,149,fr/232.tex:344,en/232.tex:335,C84DCA027FAC1AF187B0B9F6C8D2E2CB95B43CE201815B2073577FD4425919F0,,,,,structural_only,inherits_parent,,,Embedded component; use the parent unit's semantic disposition.
fga.232.s3.remark.3-3,232,remark,fga.232.s3,149,150,fr/232.tex:358,en/232.tex:348,C84DCA027FAC1AF187B0B9F6C8D2E2CB95B43CE201815B2073577FD4425919F0,abelian-scheme;connected-component;finite-type;hilbert-polynomial;hilbert-scheme;neron-severi;picard-scheme;projectivity;quasi-projectivity;smoothness,groupoids-section-abelian-varieties;more-morphisms-section-connected;morphisms-section-finite-type;morphisms-section-projective;morphisms-section-quasi-projective;morphisms-section-smooth;pic-section-hilbert-scheme-points;pic-section-picard-curve;pic-section-representability;quot-section-hilb;topology-section-connected-components;varieties-subsection-hilbert,004R;01T0;01V4;01VV;01W7;055C;08A9;0B94;0B9P;0B9R;0BF9;0CZX,D000235,historical_reference,reviewed_historical,moduli-lemma-pic-functor-qs-lfp;moduli-remark-hilb-numerical,0DNI;0DPG,The question on finite-type quasi-projective Picard pieces was later answered by Mumford while the locally projective counterexample explains why local finite presentation does not make connected components finite type and is retained as historical boundary evidence
fga.232.s3.remark.3-3.eq.u.n01,232,equation,fga.232.s3.remark.3-3,150,150,fr/232.tex:381,en/232.tex:370,C84DCA027FAC1AF187B0B9F6C8D2E2CB95B43CE201815B2073577FD4425919F0,,,,,structural_only,inherits_parent,,,Embedded component; use the parent unit's semantic disposition.
fga.232.s3.remark.3-3.eq.u.n02,232,equation,fga.232.s3.remark.3-3,150,150,fr/232.tex:393,en/232.tex:382,C84DCA027FAC1AF187B0B9F6C8D2E2CB95B43CE201815B2073577FD4425919F0,,,,,structural_only,inherits_parent,,,Embedded component; use the parent unit's semantic disposition.
fga.232.s4,232,section,fga.232,150,154,fr/232.tex:401,en/232.tex:390,C84DCA027FAC1AF187B0B9F6C8D2E2CB95B43CE201815B2073577FD4425919F0,ampleness;base-change;cartier-divisor;descent;existence-theorem;finite-type;flatness;hilbert-polynomial;invertible-module;picard-scheme;projectivity;properness;quasi-projectivity;quotient;representability;smoothness,algebraic-section-representable-by-algebraic-spaces;categories-section-representable;chow-section-relative-effective-cartier;coherent-section-cohomology-and-base-change;coherent-section-existence;coherent-section-existence-proper;cohomology-section-invertible-sheaves;descent-section-fpqc-descent-quasi-coherent;descent-section-introduction;divisors-lemma-relative-Cartier;duality-section-base-change-map;groupoids-quotients-section-categorical;groupoids-quotients-section-geometric;groupoids-section-finite-flat-general;modules-section-invertible;morphisms-section-finite-type;morphisms-section-flat;morphisms-section-projective;morphisms-section-proper;morphisms-section-quasi-projective;morphisms-section-relatively-ample;morphisms-section-smooth;pic-section-picard-curve;pic-section-representability;properties-section-ample;varieties-subsection-hilbert,01CR;01PR;01T0;01U2;01V4;01VG;01VV;01W0;01W7;0239;023R;02KE;02TP;02ZV;03JD;048I;04AD;056Q;087V;0886;08A9;09NT;0AA5;0AHM;0B9P;0B9R,D000236,extend_existing,reviewed_gap,divisors-definition-relative-effective-Cartier-divisor;divisors-lemma-relative-Cartier;divisors-lemma-fibre-Cartier;quot-proposition-hilb,062T;056Q;062Y;0D01,Stacks develops the relative effective Cartier divisor and Hilbert functor separately but does not assemble the general divisor functor its numerical decomposition and its morphism to the Picard functor
fga.232.s4.eq.u.n01,232,equation,fga.232.s4,150,150,fr/232.tex:411,en/232.tex:399,C84DCA027FAC1AF187B0B9F6C8D2E2CB95B43CE201815B2073577FD4425919F0,,,,,structural_only,inherits_parent,,,Embedded component; use the parent unit's semantic disposition.
fga.232.s4.eq.u.n02,232,equation,fga.232.s4,150,150,fr/232.tex:416,en/232.tex:404,C84DCA027FAC1AF187B0B9F6C8D2E2CB95B43CE201815B2073577FD4425919F0,,,,,structural_only,inherits_parent,,,Embedded component; use the parent unit's semantic disposition.
fga.232.s4.eq.u.n03,232,equation,fga.232.s4,151,151,fr/232.tex:429,en/232.tex:416,C84DCA027FAC1AF187B0B9F6C8D2E2CB95B43CE201815B2073577FD4425919F0,,,,,structural_only,inherits_parent,,,Embedded component; use the parent unit's semantic disposition.
fga.232.s4.item.i,232,subitem,fga.232.s4,151,151,fr/232.tex:440,en/232.tex:426,C84DCA027FAC1AF187B0B9F6C8D2E2CB95B43CE201815B2073577FD4425919F0,,,,,structural_only,inherits_parent,,,Embedded component; use the parent unit's semantic disposition.
fga.232.s4.item.ii,232,subitem,fga.232.s4,151,151,fr/232.tex:443,en/232.tex:430,C84DCA027FAC1AF187B0B9F6C8D2E2CB95B43CE201815B2073577FD4425919F0,,,,,structural_only,inherits_parent,,,Embedded component; use the parent unit's semantic disposition.
fga.232.s4.item.iii,232,subitem,fga.232.s4,151,151,fr/232.tex:446,en/232.tex:433,C84DCA027FAC1AF187B0B9F6C8D2E2CB95B43CE201815B2073577FD4425919F0,,,,,structural_only,inherits_parent,,,Embedded component; use the parent unit's semantic disposition.
fga.232.s4.eq.u.n04,232,equation,fga.232.s4,151,151,fr/232.tex:461,en/232.tex:447,C84DCA027FAC1AF187B0B9F6C8D2E2CB95B43CE201815B2073577FD4425919F0,,,,,structural_only,inherits_parent,,,Embedded component; use the parent unit's semantic disposition.
fga.232.s4.eq.u.n05,232,equation,fga.232.s4,151,151,fr/232.tex:470,en/232.tex:455,C84DCA027FAC1AF187B0B9F6C8D2E2CB95B43CE201815B2073577FD4425919F0,,,,,structural_only,inherits_parent,,,Embedded component; use the parent unit's semantic disposition.
fga.232.s4.proposition.4-1,232,proposition,fga.232.s4,152,153,fr/232.tex:478,en/232.tex:462,C84DCA027FAC1AF187B0B9F6C8D2E2CB95B43CE201815B2073577FD4425919F0,ampleness;base-change;cartier-divisor;flatness;hilbert-polynomial;invertible-module;picard-scheme;projectivity;properness;quasi-projectivity;quotient;representability,algebraic-section-representable-by-algebraic-spaces;categories-section-representable;chow-section-relative-effective-cartier;coherent-section-cohomology-and-base-change;cohomology-section-invertible-sheaves;divisors-lemma-relative-Cartier;duality-section-base-change-map;groupoids-quotients-section-categorical;groupoids-quotients-section-geometric;groupoids-section-finite-flat-general;modules-section-invertible;morphisms-section-flat;morphisms-section-projective;morphisms-section-proper;morphisms-section-quasi-projective;morphisms-section-relatively-ample;pic-section-picard-curve;pic-section-representability;properties-section-ample;varieties-subsection-hilbert,01CR;01PR;01U2;01VG;01VV;01W0;01W7;02KE;02TP;02ZV;03JD;048I;04AD;056Q;08A9;09NT;0AA5;0AHM;0B9P;0B9R,D000237,existing_weaker,reviewed_gap,divisors-lemma-fibre-Cartier;quot-proposition-hilb;moduli-remark-hilb-numerical,062Y;0D01;0DPG,The relative Cartier condition cuts out an open Hilbert subfunctor and current Hilbert theory gives an algebraic space with numerical open-and-closed pieces but does not supply the asserted scheme and quasi-projective-piece conclusion
fga.232.s4.proposition.4-1.eq.u.n01,232,equation,fga.232.s4.proposition.4-1,152,152,fr/232.tex:486,en/232.tex:471,C84DCA027FAC1AF187B0B9F6C8D2E2CB95B43CE201815B2073577FD4425919F0,,,,,structural_only,inherits_parent,,,Embedded component; use the parent unit's semantic disposition.
fga.232.s4.proposition.4-1.eq.plus,232,equation,fga.232.s4.proposition.4-1,152,152,fr/232.tex:494,en/232.tex:479,C84DCA027FAC1AF187B0B9F6C8D2E2CB95B43CE201815B2073577FD4425919F0,,,,,structural_only,inherits_parent,,,Embedded component; use the parent unit's semantic disposition.
fga.232.s4.proposition.4-1.eq.u.n02,232,equation,fga.232.s4.proposition.4-1,152,152,fr/232.tex:519,en/232.tex:502,C84DCA027FAC1AF187B0B9F6C8D2E2CB95B43CE201815B2073577FD4425919F0,,,,,structural_only,inherits_parent,,,Embedded component; use the parent unit's semantic disposition.
fga.232.s4.theorem.4-3,232,theorem,fga.232.s4,153,153,fr/232.tex:544,en/232.tex:527,C84DCA027FAC1AF187B0B9F6C8D2E2CB95B43CE201815B2073577FD4425919F0,flatness;invertible-module;picard-scheme;projectivity;properness;representability,algebraic-section-representable-by-algebraic-spaces;categories-section-representable;cohomology-section-invertible-sheaves;modules-section-invertible;morphisms-section-flat;morphisms-section-projective;morphisms-section-proper;pic-section-picard-curve;pic-section-representability,01CR;01U2;01W0;01W7;02ZV;09NT;0AHM;0B9P;0B9R,D000238,new_statement,reviewed_gap,constructions-definition-projective-bundle;coherent-lemma-base-change-complex;divisors-definition-relative-effective-Cartier-divisor,01OB;01XM;062T,Stacks has the projective bundle representing invertible quotients and the required cohomology-and-base-change machinery but does not state that the fibre of the divisor-to-Picard map for a fixed line bundle is the projective bundle of the universal coherent module
fga.232.s4.corollary.4-4,232,corollary,fga.232.s4,153,153,fr/232.tex:556,en/232.tex:539,C84DCA027FAC1AF187B0B9F6C8D2E2CB95B43CE201815B2073577FD4425919F0,descent;flatness;projectivity;quasi-projectivity;representability,algebraic-section-representable-by-algebraic-spaces;categories-section-representable;descent-section-fpqc-descent-quasi-coherent;descent-section-introduction;morphisms-section-flat;morphisms-section-projective;morphisms-section-quasi-projective,01U2;01VV;01W7;0239;023R;02ZV;0AHM,D000239,new_statement,reviewed_gap,constructions-definition-projective-bundle;quot-proposition-hilb;quot-proposition-pic-functor,01OB;0D01;0D2C,The present chapters do not construct the morphism from the relative divisor functor to the Picard functor or prove that it is representable by projective morphisms even though its projective-bundle fibres are supported by existing ingredients
fga.232.s4.remark.4-5,232,remark,fga.232.s4,153,154,fr/232.tex:568,en/232.tex:550,C84DCA027FAC1AF187B0B9F6C8D2E2CB95B43CE201815B2073577FD4425919F0,base-change;flatness;smoothness,coherent-section-cohomology-and-base-change;duality-section-base-change-map;morphisms-section-flat;morphisms-section-smooth,01U2;01V4;02KE;0AA5,D000257,extend_existing,reviewed_gap,coherent-lemma-base-change-complex;constructions-definition-projective-bundle;varieties-lemma-projective-space-smooth,01XM;01OB;0B2P,Stacks contains cohomology-and-base-change and projective-space smoothness ingredients but not the stated necessary-and-sufficient flatness criterion and H1-vanishing smoothness test for the universal divisor-to-Picard morphism
fga.232.s5,232,section,fga.232,154,157,fr/232.tex:589,en/232.tex:569,C84DCA027FAC1AF187B0B9F6C8D2E2CB95B43CE201815B2073577FD4425919F0,abelian-scheme;ampleness;base-change;descent;duality;effectivity;equivalence-relation;existence-theorem;faithfully-flat;flatness;hilbert-polynomial;hilbert-scheme;invertible-module;picard-scheme;projectivity;properness;quasi-projectivity;quotient;representability;smoothness,algebraic-section-representable-by-algebraic-spaces;categories-section-representable;coherent-section-cohomology-and-base-change;coherent-section-existence;coherent-section-existence-proper;cohomology-section-invertible-sheaves;descent-definition-effective;descent-section-descent-datum;descent-section-fpqc-descent-quasi-coherent;descent-section-introduction;duality-section-base-change-map;duality-section-duality;duality-section-duality-proper-over-field;groupoids-quotients-section-categorical;groupoids-quotients-section-geometric;groupoids-section-abelian-varieties;groupoids-section-finite-flat-general;groupoids-section-groupoids;modules-section-invertible;morphisms-section-flat;morphisms-section-projective;morphisms-section-proper;morphisms-section-quasi-projective;morphisms-section-relatively-ample;morphisms-section-smooth;pic-section-hilbert-scheme-points;pic-section-picard-curve;pic-section-representability;properties-section-ample;quot-section-hilb;spaces-section-spaces-from-equivalence-relations;varieties-subsection-hilbert,01CR;01PR;01U2;01V4;01VG;01VV;01W0;01W7;0230;0239;023R;023U;023Z;0264;02KE;02ZV;03JD;048I;04AD;087V;0886;08A9;09NT;0AA5;0AHM;0AU3;0B94;0B9P;0B9R;0BF9;0CZX;0FVU,D000241,extend_existing,reviewed_gap,quot-proposition-hilb;quot-proposition-pic-functor;bootstrap-theorem-final-bootstrap,0D01;0D2C;04S6,The modern algebraic-space proof establishes Picard representability by stack-theoretic bootstrap but does not preserve this classical positive-divisor quotient construction or its scheme and quasi-projectivity output
fga.232.s5.eq.u.n01,232,equation,fga.232.s5,154,154,fr/232.tex:594,en/232.tex:574,C84DCA027FAC1AF187B0B9F6C8D2E2CB95B43CE201815B2073577FD4425919F0,,,,,structural_only,inherits_parent,,,Embedded component; use the parent unit's semantic disposition.
fga.232.s5.eq.u.n02,232,equation,fga.232.s5,154,154,fr/232.tex:600,en/232.tex:580,C84DCA027FAC1AF187B0B9F6C8D2E2CB95B43CE201815B2073577FD4425919F0,,,,,structural_only,inherits_parent,,,Embedded component; use the parent unit's semantic disposition.
fga.232.s5.eq.plus,232,equation,fga.232.s5,154,154,fr/232.tex:616,en/232.tex:596,C84DCA027FAC1AF187B0B9F6C8D2E2CB95B43CE201815B2073577FD4425919F0,,,,,structural_only,inherits_parent,,,Embedded component; use the parent unit's semantic disposition.
fga.232.s5.remark.5-1,232,remark,fga.232.s5,155,155,fr/232.tex:656,en/232.tex:634,C84DCA027FAC1AF187B0B9F6C8D2E2CB95B43CE201815B2073577FD4425919F0,base-change;descent;effectivity;existence-theorem;hilbert-polynomial;hilbert-scheme;invertible-module;picard-scheme;projectivity;quasi-projectivity;quotient,coherent-section-cohomology-and-base-change;coherent-section-existence;coherent-section-existence-proper;cohomology-section-invertible-sheaves;descent-definition-effective;descent-section-descent-datum;descent-section-fpqc-descent-quasi-coherent;descent-section-introduction;duality-section-base-change-map;groupoids-quotients-section-categorical;groupoids-quotients-section-geometric;groupoids-section-finite-flat-general;modules-section-invertible;morphisms-section-projective;morphisms-section-quasi-projective;pic-section-hilbert-scheme-points;pic-section-picard-curve;pic-section-representability;quot-section-hilb;varieties-subsection-hilbert,01CR;01VV;01W7;0239;023R;023U;023Z;02KE;03JD;048I;04AD;087V;0886;08A9;09NT;0AA5;0B94;0B9P;0B9R;0CZX,D000242,historical_reference,reviewed_historical,quot-proposition-hilb;bootstrap-theorem-final-bootstrap,0D01;04S6,The Matsusaka Chow-coordinate and effective-equivalence-relation lineage explains the original construction while current Stacks uses a different algebraic-space bootstrap and the passage is retained as method history
fga.232.s5.remark.5-2,232,remark,fga.232.s5,155,156,fr/232.tex:668,en/232.tex:645,C84DCA027FAC1AF187B0B9F6C8D2E2CB95B43CE201815B2073577FD4425919F0,base-change;equivalence-relation;flatness;picard-scheme;projectivity;properness;quotient;representability,algebraic-section-representable-by-algebraic-spaces;categories-section-representable;coherent-section-cohomology-and-base-change;duality-section-base-change-map;groupoids-quotients-section-categorical;groupoids-quotients-section-geometric;groupoids-section-finite-flat-general;groupoids-section-groupoids;morphisms-section-flat;morphisms-section-projective;morphisms-section-proper;pic-section-picard-curve;pic-section-representability;spaces-section-spaces-from-equivalence-relations,01U2;01W0;01W7;0230;0264;02KE;02ZV;03JD;048I;04AD;0AA5;0AHM;0B9P;0B9R,D000243,historical_reference,source_hypothesis_issue,quot-proposition-pic-functor;moduli-lemma-pic-functor-qs-lfp,0D2C;0DNI,The linked erratum retracts the scheme-level existence conjecture whereas current Stacks proves only algebraic-space representability under the universal constant-functions hypothesis so the conjecture is excluded from positive integration
fga.232.s5.remark.5-2.eq.u.n01,232,equation,fga.232.s5.remark.5-2,155,155,fr/232.tex:671,en/232.tex:647,C84DCA027FAC1AF187B0B9F6C8D2E2CB95B43CE201815B2073577FD4425919F0,,,,,structural_only,inherits_parent,,,Embedded component; use the parent unit's semantic disposition.
fga.232.s5.remark.5-3,232,remark,fga.232.s5,156,157,fr/232.tex:705,en/232.tex:678,C84DCA027FAC1AF187B0B9F6C8D2E2CB95B43CE201815B2073577FD4425919F0,abelian-scheme;duality;picard-scheme;smoothness,duality-section-duality;duality-section-duality-proper-over-field;groupoids-section-abelian-varieties;morphisms-section-smooth;pic-section-picard-curve;pic-section-representability,01V4;0AU3;0B9P;0B9R;0BF9;0FVU,D000244,historical_reference,reviewed_historical,quot-proposition-pic-functor;groupoids-section-abelian-varieties,0D2C;0BF9,The comparison with classical Jacobian and abelian-variety constructions is methodological history rather than an additional reusable theorem and modern Stacks constructs the Picard algebraic space independently
fga.232.s5.remark.5-4,232,remark,fga.232.s5,157,157,fr/232.tex:728,en/232.tex:698,C84DCA027FAC1AF187B0B9F6C8D2E2CB95B43CE201815B2073577FD4425919F0,existence-theorem;picard-scheme;smoothness,coherent-section-existence;coherent-section-existence-proper;morphisms-section-smooth;pic-section-picard-curve;pic-section-representability,01V4;087V;0886;0B9P;0B9R,D000245,historical_reference,reviewed_historical,pic-proposition-pic-curve;moduli-lemma-pic-functor-curves-smooth,0B9Z;0DPK,The 1962 account of degenerating Jacobians and then-open compactification questions is retained as historical context because current Stacks treats smooth curves and algebraic-space Picard functors but does not encode these dated status claims as theorems
fga.232.s6,232,section,fga.232,157,161,fr/232.tex:744,en/232.tex:713,C84DCA027FAC1AF187B0B9F6C8D2E2CB95B43CE201815B2073577FD4425919F0,connected-component;descent;etale;existence-theorem;faithfully-flat;flatness;formal-geometry;invertible-module;neron-severi;normality;picard-scheme;projectivity;properness;representability;smoothness,algebraic-section-representable-by-algebraic-spaces;algebraization-section-introduction;categories-section-representable;coherent-section-existence;coherent-section-existence-proper;cohomology-section-invertible-sheaves;descent-section-fpqc-descent-quasi-coherent;descent-section-introduction;formal-spaces-section-formal-schemes-EGA;modules-section-invertible;more-morphisms-section-connected;more-morphisms-section-normal;morphisms-section-etale;morphisms-section-flat;morphisms-section-projective;morphisms-section-proper;morphisms-section-smooth;pic-section-picard-curve;pic-section-representability;pione-section-finite-etale;properties-section-normal;topology-section-connected-components,004R;01CR;01U2;01V4;01W0;01W7;0239;023R;02GH;02ZV;033H;038Z;055C;087V;0886;09NT;0AHM;0AHY;0B9P;0B9R;0BL6;0EI6,D000246,extend_existing,reviewed_gap,quot-proposition-pic-functor;criteria-proposition-restriction-of-scalars-algebraic-space;more-morphisms-lemma-picard-group-first-order-thickening,0D2C;05YF;0C6R,Stacks contains general Picard algebraicity restriction of scalars and infinitesimal Picard sequences but does not collect the exposé's scheme-level reduction theorems and affine comparison morphisms
fga.232.s6.proposition.6-1,232,proposition,fga.232.s6,157,158,fr/232.tex:750,en/232.tex:719,C84DCA027FAC1AF187B0B9F6C8D2E2CB95B43CE201815B2073577FD4425919F0,flatness;picard-scheme;projectivity;representability,algebraic-section-representable-by-algebraic-spaces;categories-section-representable;morphisms-section-flat;morphisms-section-projective;pic-section-picard-curve;pic-section-representability,01U2;01W7;02ZV;0AHM;0B9P;0B9R,D000247,existing_weaker,reviewed_gap,spaces-more-morphisms-theorem-stein-factorization-general;criteria-proposition-restriction-of-scalars-algebraic-space;quot-proposition-pic-functor,0A1C;05YF;0D2C,Modern restriction of scalars along the finite locally free Stein factor represents the same functor by an algebraic space but the scheme representability and affine-open argument used in the exposé are not supplied
fga.232.s6.proposition.6-1.eq.u.n01,232,equation,fga.232.s6.proposition.6-1,157,157,fr/232.tex:757,en/232.tex:725,C84DCA027FAC1AF187B0B9F6C8D2E2CB95B43CE201815B2073577FD4425919F0,,,,,structural_only,inherits_parent,,,Embedded component; use the parent unit's semantic disposition.
fga.232.s6.proposition.6-1.eq.u.n02,232,equation,fga.232.s6.proposition.6-1,157,157,fr/232.tex:763,en/232.tex:731,C84DCA027FAC1AF187B0B9F6C8D2E2CB95B43CE201815B2073577FD4425919F0,,,,,structural_only,inherits_parent,,,Embedded component; use the parent unit's semantic disposition.
fga.232.s6.proposition.6-1.eq.u.n03,232,equation,fga.232.s6.proposition.6-1,158,158,fr/232.tex:776,en/232.tex:745,C84DCA027FAC1AF187B0B9F6C8D2E2CB95B43CE201815B2073577FD4425919F0,,,,,structural_only,inherits_parent,,,Embedded component; use the parent unit's semantic disposition.
fga.232.s6.corollary.6-2,232,corollary,fga.232.s6,158,158,fr/232.tex:781,en/232.tex:750,C84DCA027FAC1AF187B0B9F6C8D2E2CB95B43CE201815B2073577FD4425919F0,descent;etale;existence-theorem;flatness;normality;picard-scheme;projectivity,coherent-section-existence;coherent-section-existence-proper;descent-section-fpqc-descent-quasi-coherent;descent-section-introduction;more-morphisms-section-normal;morphisms-section-etale;morphisms-section-flat;morphisms-section-projective;pic-section-picard-curve;pic-section-representability;pione-section-finite-etale;properties-section-normal,01U2;01W7;0239;023R;02GH;033H;038Z;087V;0886;0B9P;0B9R;0BL6,D000248,existing_weaker,reviewed_gap,spaces-more-morphisms-lemma-stein-factorization-etale;criteria-proposition-restriction-of-scalars-algebraic-space;quot-proposition-pic-functor,0E0D;05YF;0D2C,The etale Stein factor and restriction-of-scalars theorem yield algebraic-space representability for locally integral geometric fibres while the asserted Picard scheme and translated quasi-projective structure remain absent
fga.232.s6.proposition.6-3,232,proposition,fga.232.s6,158,159,fr/232.tex:796,en/232.tex:764,C84DCA027FAC1AF187B0B9F6C8D2E2CB95B43CE201815B2073577FD4425919F0,descent;faithfully-flat;flatness;invertible-module;picard-scheme;properness;representability,algebraic-section-representable-by-algebraic-spaces;categories-section-representable;cohomology-section-invertible-sheaves;descent-section-fpqc-descent-quasi-coherent;descent-section-introduction;modules-section-invertible;morphisms-section-flat;morphisms-section-proper;pic-section-picard-curve;pic-section-representability,01CR;01U2;01W0;0239;023R;02ZV;09NT;0AHM;0B9P;0B9R,D000249,new_statement,reviewed_gap,quot-proposition-pic-functor;more-morphisms-proposition-pushout-along-closed-immersion-and-integral,0D2C;0E25,Current Picard algebraicity and pushout theory do not state that gluing two flat closed pieces along a flat intersection makes the comparison with the product of their Picard functors affine or that representability descends by this map
fga.232.s6.proposition.6-3.eq.u.n01,232,equation,fga.232.s6.proposition.6-3,158,158,fr/232.tex:806,en/232.tex:775,C84DCA027FAC1AF187B0B9F6C8D2E2CB95B43CE201815B2073577FD4425919F0,,,,,structural_only,inherits_parent,,,Embedded component; use the parent unit's semantic disposition.
fga.232.s6.proposition.6-3.eq.u.n02,232,equation,fga.232.s6.proposition.6-3,158,158,fr/232.tex:810,en/232.tex:779,C84DCA027FAC1AF187B0B9F6C8D2E2CB95B43CE201815B2073577FD4425919F0,,,,,structural_only,inherits_parent,,,Embedded component; use the parent unit's semantic disposition.
fga.232.s6.proposition.6-3.eq.u.n03,232,equation,fga.232.s6.proposition.6-3,158,158,fr/232.tex:817,en/232.tex:786,C84DCA027FAC1AF187B0B9F6C8D2E2CB95B43CE201815B2073577FD4425919F0,,,,,structural_only,inherits_parent,,,Embedded component; use the parent unit's semantic disposition.
fga.232.s6.corollary.6-4,232,corollary,fga.232.s6,159,159,fr/232.tex:838,en/232.tex:807,C84DCA027FAC1AF187B0B9F6C8D2E2CB95B43CE201815B2073577FD4425919F0,picard-scheme;projectivity;properness,morphisms-section-projective;morphisms-section-proper;pic-section-picard-curve;pic-section-representability,01W0;01W7;0B9P;0B9R,D000250,new_statement,reviewed_gap,quot-proposition-pic-functor;varieties-lemma-finite-extension-geometrically-irreducible-components,0D2C;054R,Stacks does not assemble the irreducible-component gluing theorem for a proper geometrically reduced scheme over a field or the affine morphism from its Picard functor to the product of the component Picard functors
fga.232.s6.corollary.6-4.eq.u.n01,232,equation,fga.232.s6.corollary.6-4,159,159,fr/232.tex:842,en/232.tex:811,C84DCA027FAC1AF187B0B9F6C8D2E2CB95B43CE201815B2073577FD4425919F0,,,,,structural_only,inherits_parent,,,Embedded component; use the parent unit's semantic disposition.
fga.232.s6.proposition.6-5,232,proposition,fga.232.s6,159,159,fr/232.tex:856,en/232.tex:824,C84DCA027FAC1AF187B0B9F6C8D2E2CB95B43CE201815B2073577FD4425919F0,picard-scheme;properness;representability,algebraic-section-representable-by-algebraic-spaces;categories-section-representable;morphisms-section-proper;pic-section-picard-curve;pic-section-representability,01W0;02ZV;0AHM;0B9P;0B9R,D000251,extend_existing,reviewed_gap,more-morphisms-lemma-picard-group-first-order-thickening;quot-proposition-pic-functor,0C6R;0D2C,The square-zero Picard exact sequence in Stacks gives the infinitesimal kernel calculation and can be iterated through a nilpotent thickening but the relative affine representability of the Picard-functor morphism is not stated
fga.232.s6.proposition.6-5.eq.u.n01,232,equation,fga.232.s6.proposition.6-5,159,159,fr/232.tex:859,en/232.tex:827,C84DCA027FAC1AF187B0B9F6C8D2E2CB95B43CE201815B2073577FD4425919F0,,,,,structural_only,inherits_parent,,,Embedded component; use the parent unit's semantic disposition.
fga.232.s6.corollary.6-6,232,corollary,fga.232.s6,159,159,fr/232.tex:870,en/232.tex:838,C84DCA027FAC1AF187B0B9F6C8D2E2CB95B43CE201815B2073577FD4425919F0,picard-scheme;projectivity,morphisms-section-projective;pic-section-picard-curve;pic-section-representability,01W7;0B9P;0B9R,D000252,new_statement,reviewed_gap,quot-proposition-pic;quot-proposition-pic-functor,0D04;0D2C,Stacks proves algebraicity of the Picard stack for every projective scheme over a field and algebraicity of the Picard functor under universal constant-functions hypotheses but it does not state scheme representability of the Picard functor for an arbitrary projective scheme
fga.232.s6.remark.6-6,232,remark,fga.232.s6,159,160,fr/232.tex:873,en/232.tex:841,C84DCA027FAC1AF187B0B9F6C8D2E2CB95B43CE201815B2073577FD4425919F0,descent;flatness;normality;picard-scheme;projectivity;properness;representability,algebraic-section-representable-by-algebraic-spaces;categories-section-representable;descent-section-fpqc-descent-quasi-coherent;descent-section-introduction;more-morphisms-section-normal;morphisms-section-flat;morphisms-section-projective;morphisms-section-proper;pic-section-picard-curve;pic-section-representability;properties-section-normal,01U2;01W0;01W7;0239;023R;02ZV;033H;038Z;0AHM;0B9P;0B9R,D000253,historical_reference,reviewed_historical,quot-proposition-pic;quot-proposition-pic-functor,0D04;0D2C,The erratum records Murre's affirmative solution for every proper scheme over a field but the source gives no proof and the current Stacks Picard-functor theorem does not contain this full scheme-level result so it remains linked historical evidence
fga.232.s6.remark.6-6.eq.u.n01,232,equation,fga.232.s6.remark.6-6,160,160,fr/232.tex:883,en/232.tex:852,C84DCA027FAC1AF187B0B9F6C8D2E2CB95B43CE201815B2073577FD4425919F0,,,,,structural_only,inherits_parent,,,Embedded component; use the parent unit's semantic disposition.
fga.232.s6.remark.6-7,232,remark,fga.232.s6,160,160,fr/232.tex:898,en/232.tex:866,C84DCA027FAC1AF187B0B9F6C8D2E2CB95B43CE201815B2073577FD4425919F0,connected-component;descent;flatness;neron-severi;picard-scheme;properness;smoothness,descent-section-fpqc-descent-quasi-coherent;descent-section-introduction;more-morphisms-section-connected;morphisms-section-flat;morphisms-section-proper;morphisms-section-smooth;pic-section-picard-curve;pic-section-representability;topology-section-connected-components,004R;01U2;01V4;01W0;0239;023R;055C;0B9P;0B9R,D000254,historical_reference,reviewed_historical,quot-proposition-pic-functor;descent-lemma-affine,0D2C;0245,The proper-surjective affine pullback conjecture is reported as solved in the erratum and deferred to the later Commentaires while current Stacks does not state this Picard comparison theorem so this unit remains a historical forward link
fga.232.s6.remark.6-7.eq.u.n01,232,equation,fga.232.s6.remark.6-7,160,160,fr/232.tex:901,en/232.tex:869,C84DCA027FAC1AF187B0B9F6C8D2E2CB95B43CE201815B2073577FD4425919F0,,,,,structural_only,inherits_parent,,,Embedded component; use the parent unit's semantic disposition.
fga.232.s6.remark.6-8,232,remark,fga.232.s6,160,161,fr/232.tex:912,en/232.tex:880,C84DCA027FAC1AF187B0B9F6C8D2E2CB95B43CE201815B2073577FD4425919F0,formal-geometry;neron-severi;normality;picard-scheme;projectivity;smoothness,algebraization-section-introduction;formal-spaces-section-formal-schemes-EGA;more-morphisms-section-normal;morphisms-section-projective;morphisms-section-smooth;pic-section-picard-curve;pic-section-representability;properties-section-normal,01V4;01W7;033H;038Z;0AHY;0B9P;0B9R;0EI6,D000255,extend_existing,reviewed_gap,algebraization-section-lefschetz;more-morphisms-lemma-picard-group-first-order-thickening;algebraization-section-local-lefschetz-for-pic,0EL0;0C6R;0F29,Stacks develops infinitesimal Picard sequences and modern Lefschetz theorems but does not collect the asserted stabilization of Picard schemes with the Neron--Severi torsion refinement or the pro-algebraic class-group application
fga.232.s6.remark.6-8.eq.u.n01,232,equation,fga.232.s6.remark.6-8,160,160,fr/232.tex:921,en/232.tex:888,C84DCA027FAC1AF187B0B9F6C8D2E2CB95B43CE201815B2073577FD4425919F0,,,,,structural_only,inherits_parent,,,Embedded component; use the parent unit's semantic disposition.
fga.232.bib,232,bibliography,fga.232,161,161,fr/232.tex:944,en/232.tex:910,C84DCA027FAC1AF187B0B9F6C8D2E2CB95B43CE201815B2073577FD4425919F0,,,,,structural_only,classified,,,Source or corpus structure; no independent Stacks object.
fga.232.bib.ref.1,232,bibliography_item,fga.232.bib,161,161,fr/232.tex:948,en/232.tex:914,C84DCA027FAC1AF187B0B9F6C8D2E2CB95B43CE201815B2073577FD4425919F0,,,,,structural_only,classified,,,Source or corpus structure; no independent Stacks object.
fga.232.bib.ref.2,232,bibliography_item,fga.232.bib,161,161,fr/232.tex:951,en/232.tex:917,C84DCA027FAC1AF187B0B9F6C8D2E2CB95B43CE201815B2073577FD4425919F0,,,,,structural_only,classified,,,Source or corpus structure; no independent Stacks object.
fga.232.bib.ref.3,232,bibliography_item,fga.232.bib,161,161,fr/232.tex:956,en/232.tex:922,C84DCA027FAC1AF187B0B9F6C8D2E2CB95B43CE201815B2073577FD4425919F0,,,,,structural_only,classified,,,Source or corpus structure; no independent Stacks object.
fga.232.bib.ref.4,232,bibliography_item,fga.232.bib,161,161,fr/232.tex:960,en/232.tex:925,C84DCA027FAC1AF187B0B9F6C8D2E2CB95B43CE201815B2073577FD4425919F0,,,,,structural_only,classified,,,Source or corpus structure; no independent Stacks object.
fga.232.bib.ref.5,232,bibliography_item,fga.232.bib,161,161,fr/232.tex:966,en/232.tex:930,C84DCA027FAC1AF187B0B9F6C8D2E2CB95B43CE201815B2073577FD4425919F0,,,,,structural_only,classified,,,Source or corpus structure; no independent Stacks object.
fga.232.bib.ref.6,232,bibliography_item,fga.232.bib,161,161,fr/232.tex:970,en/232.tex:934,C84DCA027FAC1AF187B0B9F6C8D2E2CB95B43CE201815B2073577FD4425919F0,,,,,structural_only,classified,,,Source or corpus structure; no independent Stacks object.
fga.232.bib.ref.7,232,bibliography_item,fga.232.bib,161,161,fr/232.tex:973,en/232.tex:937,C84DCA027FAC1AF187B0B9F6C8D2E2CB95B43CE201815B2073577FD4425919F0,,,,,structural_only,classified,,,Source or corpus structure; no independent Stacks object.
fga.232.bib.ref.8,232,bibliography_item,fga.232.bib,161,161,fr/232.tex:977,en/232.tex:941,C84DCA027FAC1AF187B0B9F6C8D2E2CB95B43CE201815B2073577FD4425919F0,,,,,structural_only,classified,,,Source or corpus structure; no independent Stacks object.
fga.232.bib.ref.9,232,bibliography_item,fga.232.bib,161,161,fr/232.tex:980,en/232.tex:944,C84DCA027FAC1AF187B0B9F6C8D2E2CB95B43CE201815B2073577FD4425919F0,,,,,structural_only,classified,,,Source or corpus structure; no independent Stacks object.
fga.232.bib.ref.10,232,bibliography_item,fga.232.bib,161,161,fr/232.tex:985,en/232.tex:949,C84DCA027FAC1AF187B0B9F6C8D2E2CB95B43CE201815B2073577FD4425919F0,,,,,structural_only,classified,,,Source or corpus structure; no independent Stacks object.
fga.232.bib.ref.11,232,bibliography_item,fga.232.bib,161,161,fr/232.tex:988,en/232.tex:952,C84DCA027FAC1AF187B0B9F6C8D2E2CB95B43CE201815B2073577FD4425919F0,,,,,structural_only,classified,,,Source or corpus structure; no independent Stacks object.
fga.232.bib.ref.12,232,bibliography_item,fga.232.bib,161,161,fr/232.tex:991,en/232.tex:955,C84DCA027FAC1AF187B0B9F6C8D2E2CB95B43CE201815B2073577FD4425919F0,,,,,structural_only,classified,,,Source or corpus structure; no independent Stacks object.
fga.e232,e232,erratum,fga,303,303,fr/e232.tex:1,en/e232.tex:1,CBC9B1A1967B448A5087D97B4C102B028F1D1BD99A22A95BD4FE2F1F6147F344,existence-theorem;picard-scheme;smoothness,coherent-section-existence;coherent-section-existence-proper;morphisms-section-smooth;pic-section-picard-curve;pic-section-representability,01V4;087V;0886;0B9P;0B9R,D000256,historical_reference,reviewed_historical,moduli-lemma-pic-functor-qs-lfp;quot-proposition-pic-functor;algebraization-section-lefschetz,0DNI;0D2C;0EL0,The erratum resolves the finite-type question retracts the general scheme-existence conjecture adds the indispensable residue-field hypothesis records the Murre and proper-surjective advances and corrects regular to smooth so it is preserved as item-linked correction provenance
fga.e232.p303,e232,source_page,fga.e232,303,303,fr/e232.tex:4,en/e232.tex:4,CBC9B1A1967B448A5087D97B4C102B028F1D1BD99A22A95BD4FE2F1F6147F344,,,,,structural_only,classified,,,Source or corpus structure; no independent Stacks object.
fga.e232.item.u.n01,e232,subitem,fga.e232,303,303,fr/e232.tex:6,en/e232.tex:6,CBC9B1A1967B448A5087D97B4C102B028F1D1BD99A22A95BD4FE2F1F6147F344,,,,,structural_only,inherits_parent,,,Embedded component; use the parent unit's semantic disposition.
fga.e232.item.u.n02,e232,subitem,fga.e232,303,303,fr/e232.tex:12,en/e232.tex:12,CBC9B1A1967B448A5087D97B4C102B028F1D1BD99A22A95BD4FE2F1F6147F344,,,,,structural_only,inherits_parent,,,Embedded component; use the parent unit's semantic disposition.
fga.e232.item.u.n03,e232,subitem,fga.e232,303,303,fr/e232.tex:15,en/e232.tex:15,CBC9B1A1967B448A5087D97B4C102B028F1D1BD99A22A95BD4FE2F1F6147F344,,,,,structural_only,inherits_parent,,,Embedded component; use the parent unit's semantic disposition.
fga.e232.item.u.n04,e232,subitem,fga.e232,303,303,fr/e232.tex:19,en/e232.tex:19,CBC9B1A1967B448A5087D97B4C102B028F1D1BD99A22A95BD4FE2F1F6147F344,,,,,structural_only,inherits_parent,,,Embedded component; use the parent unit's semantic disposition.
fga.e232.item.u.n05,e232,subitem,fga.e232,303,303,fr/e232.tex:23,en/e232.tex:23,CBC9B1A1967B448A5087D97B4C102B028F1D1BD99A22A95BD4FE2F1F6147F344,,,,,structural_only,inherits_parent,,,Embedded component; use the parent unit's semantic disposition.
fga.e232.item.u.n06,e232,subitem,fga.e232,303,303,fr/e232.tex:27,en/e232.tex:27,CBC9B1A1967B448A5087D97B4C102B028F1D1BD99A22A95BD4FE2F1F6147F344,,,,,structural_only,inherits_parent,,,Embedded component; use the parent unit's semantic disposition.
fga.e232.item.u.n07,e232,subitem,fga.e232,303,303,fr/e232.tex:30,en/e232.tex:31,CBC9B1A1967B448A5087D97B4C102B028F1D1BD99A22A95BD4FE2F1F6147F344,,,,,structural_only,inherits_parent,,,Embedded component; use the parent unit's semantic disposition.
fga.236,236,expose,fga,221,243,fr/236.tex:1,en/236.tex:1,266EEF77BF7BA34A75895ED69ACBFE791A2958DD52C2837D75AB29DF0D2F714A,abelian-scheme;albanese;algebraic-equivalence;ampleness;base-change;boundedness;cartier-divisor;connected-component;descent;descent-datum;effectivity;etale;existence-theorem;faithfully-flat;finite-type;flatness;formal-scheme;fundamental-group;group-scheme;hilbert-polynomial;hilbert-scheme;invertible-module;neron-severi;normality;numerical-equivalence;picard-functor;picard-scheme;projectivity;properness;quasi-projectivity;quotient;representability;separatedness;smoothness;torsion-equivalence,algebraic-section-representable-by-algebraic-spaces;categories-section-representable;chow-section-relative-effective-cartier;coherent-section-cohomology-and-base-change;coherent-section-existence;coherent-section-existence-proper;cohomology-section-invertible-sheaves;curves-section-torsion-in-pic;descent-definition-effective;descent-section-descent-datum;descent-section-equivalence;descent-section-fpqc-descent-quasi-coherent;descent-section-introduction;divisors-lemma-relative-Cartier;duality-section-base-change-map;formal-spaces-section-formal-schemes-EGA;groupoids-quotients-section-categorical;groupoids-quotients-section-geometric;groupoids-section-abelian-varieties;groupoids-section-finite-flat-general;groupoids-section-group-schemes;groupoids-section-properties-group-schemes-field;modules-section-invertible;moduli-section-picard-functor;moduli-section-quot-bounded;more-morphisms-section-connected;more-morphisms-section-normal;morphisms-section-etale;morphisms-section-finite-type;morphisms-section-flat;morphisms-section-projective;morphisms-section-proper;morphisms-section-quasi-projective;morphisms-section-relatively-ample;morphisms-section-smooth;pic-section-hilbert-scheme-points;pic-section-picard-curve;pic-section-picard-functor;pic-section-representability;pione-section-finite-etale;pione-section-fundamental-groups;properties-section-ample;properties-section-normal;quot-section-hilb;quot-section-picard-functor;schemes-section-valuative-separatedness;topology-section-connected-components;varieties-section-num;varieties-subsection-boundedness;varieties-subsection-hilbert,004R;01CR;01KY;01PR;01T0;01U2;01V4;01VG;01VV;01W0;01W7;022R;0239;023A;023R;023U;023Z;02GH;02KE;02TP;02ZV;033H;038Z;03JD;047J;048I;04AD;055C;056Q;087V;0886;08A9;08AF;09NT;0AA5;0AHM;0AHY;0B94;0B9K;0B9P;0B9R;0BEL;0BF9;0BL6;0BQ8;0C1Y;0CZX;0D24;0DMD;0DP9,,structural_only,classified,,,Source or corpus structure; no independent Stacks object.
fga.236.p221,236,source_page,fga.236,221,221,fr/236.tex:3,en/236.tex:3,266EEF77BF7BA34A75895ED69ACBFE791A2958DD52C2837D75AB29DF0D2F714A,,,,,structural_only,classified,,,Source or corpus structure; no independent Stacks object.
fga.236.p222,236,source_page,fga.236,222,222,fr/236.tex:48,en/236.tex:46,266EEF77BF7BA34A75895ED69ACBFE791A2958DD52C2837D75AB29DF0D2F714A,,,,,structural_only,classified,,,Source or corpus structure; no independent Stacks object.
fga.236.p223,236,source_page,fga.236,223,223,fr/236.tex:95,en/236.tex:89,266EEF77BF7BA34A75895ED69ACBFE791A2958DD52C2837D75AB29DF0D2F714A,,,,,structural_only,classified,,,Source or corpus structure; no independent Stacks object.
fga.236.p224,236,source_page,fga.236,224,224,fr/236.tex:144,en/236.tex:137,266EEF77BF7BA34A75895ED69ACBFE791A2958DD52C2837D75AB29DF0D2F714A,,,,,structural_only,classified,,,Source or corpus structure; no independent Stacks object.
fga.236.p225,236,source_page,fga.236,225,225,fr/236.tex:198,en/236.tex:184,266EEF77BF7BA34A75895ED69ACBFE791A2958DD52C2837D75AB29DF0D2F714A,,,,,structural_only,classified,,,Source or corpus structure; no independent Stacks object.
fga.236.p226,236,source_page,fga.236,226,226,fr/236.tex:246,en/236.tex:233,266EEF77BF7BA34A75895ED69ACBFE791A2958DD52C2837D75AB29DF0D2F714A,,,,,structural_only,classified,,,Source or corpus structure; no independent Stacks object.
fga.236.p227,236,source_page,fga.236,227,227,fr/236.tex:294,en/236.tex:278,266EEF77BF7BA34A75895ED69ACBFE791A2958DD52C2837D75AB29DF0D2F714A,,,,,structural_only,classified,,,Source or corpus structure; no independent Stacks object.
fga.236.p228,236,source_page,fga.236,228,228,fr/236.tex:350,en/236.tex:333,266EEF77BF7BA34A75895ED69ACBFE791A2958DD52C2837D75AB29DF0D2F714A,,,,,structural_only,classified,,,Source or corpus structure; no independent Stacks object.
fga.236.p229,236,source_page,fga.236,229,229,fr/236.tex:399,en/236.tex:379,266EEF77BF7BA34A75895ED69ACBFE791A2958DD52C2837D75AB29DF0D2F714A,,,,,structural_only,classified,,,Source or corpus structure; no independent Stacks object.
fga.236.p230,236,source_page,fga.236,230,230,fr/236.tex:450,en/236.tex:428,266EEF77BF7BA34A75895ED69ACBFE791A2958DD52C2837D75AB29DF0D2F714A,,,,,structural_only,classified,,,Source or corpus structure; no independent Stacks object.
fga.236.p231,236,source_page,fga.236,231,231,fr/236.tex:501,en/236.tex:477,266EEF77BF7BA34A75895ED69ACBFE791A2958DD52C2837D75AB29DF0D2F714A,,,,,structural_only,classified,,,Source or corpus structure; no independent Stacks object.
fga.236.p232,236,source_page,fga.236,232,232,fr/236.tex:551,en/236.tex:525,266EEF77BF7BA34A75895ED69ACBFE791A2958DD52C2837D75AB29DF0D2F714A,,,,,structural_only,classified,,,Source or corpus structure; no independent Stacks object.
fga.236.p233,236,source_page,fga.236,233,233,fr/236.tex:607,en/236.tex:577,266EEF77BF7BA34A75895ED69ACBFE791A2958DD52C2837D75AB29DF0D2F714A,,,,,structural_only,classified,,,Source or corpus structure; no independent Stacks object.
fga.236.p234,236,source_page,fga.236,234,234,fr/236.tex:673,en/236.tex:639,266EEF77BF7BA34A75895ED69ACBFE791A2958DD52C2837D75AB29DF0D2F714A,,,,,structural_only,classified,,,Source or corpus structure; no independent Stacks object.
fga.236.p235,236,source_page,fga.236,235,235,fr/236.tex:718,en/236.tex:682,266EEF77BF7BA34A75895ED69ACBFE791A2958DD52C2837D75AB29DF0D2F714A,,,,,structural_only,classified,,,Source or corpus structure; no independent Stacks object.
fga.236.p236,236,source_page,fga.236,236,236,fr/236.tex:768,en/236.tex:731,266EEF77BF7BA34A75895ED69ACBFE791A2958DD52C2837D75AB29DF0D2F714A,,,,,structural_only,classified,,,Source or corpus structure; no independent Stacks object.
fga.236.p237,236,source_page,fga.236,237,237,fr/236.tex:819,en/236.tex:783,266EEF77BF7BA34A75895ED69ACBFE791A2958DD52C2837D75AB29DF0D2F714A,,,,,structural_only,classified,,,Source or corpus structure; no independent Stacks object.
fga.236.p238,236,source_page,fga.236,238,238,fr/236.tex:875,en/236.tex:837,266EEF77BF7BA34A75895ED69ACBFE791A2958DD52C2837D75AB29DF0D2F714A,,,,,structural_only,classified,,,Source or corpus structure; no independent Stacks object.
fga.236.p239,236,source_page,fga.236,239,239,fr/236.tex:926,en/236.tex:885,266EEF77BF7BA34A75895ED69ACBFE791A2958DD52C2837D75AB29DF0D2F714A,,,,,structural_only,classified,,,Source or corpus structure; no independent Stacks object.
fga.236.p240,236,source_page,fga.236,240,240,fr/236.tex:985,en/236.tex:942,266EEF77BF7BA34A75895ED69ACBFE791A2958DD52C2837D75AB29DF0D2F714A,,,,,structural_only,classified,,,Source or corpus structure; no independent Stacks object.
fga.236.p241,236,source_page,fga.236,241,241,fr/236.tex:1038,en/236.tex:992,266EEF77BF7BA34A75895ED69ACBFE791A2958DD52C2837D75AB29DF0D2F714A,,,,,structural_only,classified,,,Source or corpus structure; no independent Stacks object.
fga.236.p242,236,source_page,fga.236,242,242,fr/236.tex:1089,en/236.tex:1040,266EEF77BF7BA34A75895ED69ACBFE791A2958DD52C2837D75AB29DF0D2F714A,,,,,structural_only,classified,,,Source or corpus structure; no independent Stacks object.
fga.236.p243,236,source_page,fga.236,243,243,fr/236.tex:1145,en/236.tex:1093,266EEF77BF7BA34A75895ED69ACBFE791A2958DD52C2837D75AB29DF0D2F714A,,,,,structural_only,classified,,,Source or corpus structure; no independent Stacks object.
fga.236.s0,236,section,fga.236,221,222,fr/236.tex:9,en/236.tex:9,266EEF77BF7BA34A75895ED69ACBFE791A2958DD52C2837D75AB29DF0D2F714A,abelian-scheme;descent;descent-datum;effectivity;etale;existence-theorem;flatness;picard-functor;picard-scheme;projectivity;properness;quotient,coherent-section-existence;coherent-section-existence-proper;descent-definition-effective;descent-section-descent-datum;descent-section-equivalence;descent-section-fpqc-descent-quasi-coherent;descent-section-introduction;groupoids-quotients-section-categorical;groupoids-quotients-section-geometric;groupoids-section-abelian-varieties;groupoids-section-finite-flat-general;moduli-section-picard-functor;morphisms-section-etale;morphisms-section-flat;morphisms-section-projective;morphisms-section-proper;pic-section-picard-curve;pic-section-picard-functor;pic-section-representability;pione-section-finite-etale;quot-section-picard-functor,01U2;01W0;01W7;0239;023A;023R;023U;023Z;02GH;03JD;048I;04AD;087V;0886;0B9K;0B9P;0B9R;0BF9;0BL6;0D24;0DMD,D000258,extend_existing,reviewed_gap,quot-proposition-pic-functor;criteria-proposition-restriction-of-scalars-algebraic-space;moduli-lemma-pic-functor-qs-lfp,0D2C;05YF;0DNI,The conic counterexample distinguishes failure of scheme descent from modern algebraic-space representability while Murre's theorem for every proper scheme over a field and Mumford's scheme criterion are not developed in current Stacks
fga.236.s0.item.a,236,subitem,fga.236.s0,221,221,fr/236.tex:15,en/236.tex:15,266EEF77BF7BA34A75895ED69ACBFE791A2958DD52C2837D75AB29DF0D2F714A,,,,,structural_only,inherits_parent,,,Embedded component; use the parent unit's semantic disposition.
fga.236.s0.eq.u.n01,236,equation,fga.236.s0,221,221,fr/236.tex:23,en/236.tex:23,266EEF77BF7BA34A75895ED69ACBFE791A2958DD52C2837D75AB29DF0D2F714A,,,,,structural_only,inherits_parent,,,Embedded component; use the parent unit's semantic disposition.
fga.236.s0.item.b,236,subitem,fga.236.s0,222,222,fr/236.tex:49,en/236.tex:47,266EEF77BF7BA34A75895ED69ACBFE791A2958DD52C2837D75AB29DF0D2F714A,,,,,structural_only,inherits_parent,,,Embedded component; use the parent unit's semantic disposition.
fga.236.s1,236,section,fga.236,222,231,fr/236.tex:62,en/236.tex:58,266EEF77BF7BA34A75895ED69ACBFE791A2958DD52C2837D75AB29DF0D2F714A,algebraic-equivalence;base-change;connected-component;descent;etale;faithfully-flat;finite-type;flatness;group-scheme;neron-severi;normality;numerical-equivalence;picard-scheme;projectivity;properness;quotient;representability;separatedness;smoothness,algebraic-section-representable-by-algebraic-spaces;categories-section-representable;coherent-section-cohomology-and-base-change;descent-section-fpqc-descent-quasi-coherent;descent-section-introduction;duality-section-base-change-map;groupoids-quotients-section-categorical;groupoids-quotients-section-geometric;groupoids-section-finite-flat-general;groupoids-section-group-schemes;groupoids-section-properties-group-schemes-field;more-morphisms-section-connected;more-morphisms-section-normal;morphisms-section-etale;morphisms-section-finite-type;morphisms-section-flat;morphisms-section-projective;morphisms-section-proper;morphisms-section-smooth;pic-section-picard-curve;pic-section-representability;pione-section-finite-etale;properties-section-normal;schemes-section-valuative-separatedness;topology-section-connected-components;varieties-section-num,004R;01KY;01T0;01U2;01V4;01W0;01W7;022R;0239;023R;02GH;02KE;02ZV;033H;038Z;03JD;047J;048I;04AD;055C;0AA5;0AHM;0B9P;0B9R;0BEL;0BL6,D000259,extend_existing,reviewed_gap,groupoids-proposition-connected-component;more-morphisms-section-connected-components;more-morphisms-lemma-connected-along-section-locally-constructible,0B7R;055K;055P,Stacks treats the identity component over a field and connected components meeting a section in families but does not define or prove the relative torsion prime-to-p and p-primary component-locus package
fga.236.s1.eq.u.n01,236,equation,fga.236.s1,222,222,fr/236.tex:91,en/236.tex:85,266EEF77BF7BA34A75895ED69ACBFE791A2958DD52C2837D75AB29DF0D2F714A,,,,,structural_only,inherits_parent,,,Embedded component; use the parent unit's semantic disposition.
fga.236.s1.eq.u.n02,236,equation,fga.236.s1,223,223,fr/236.tex:96,en/236.tex:90,266EEF77BF7BA34A75895ED69ACBFE791A2958DD52C2837D75AB29DF0D2F714A,,,,,structural_only,inherits_parent,,,Embedded component; use the parent unit's semantic disposition.
fga.236.s1.eq.u.n03,236,equation,fga.236.s1,223,223,fr/236.tex:103,en/236.tex:97,266EEF77BF7BA34A75895ED69ACBFE791A2958DD52C2837D75AB29DF0D2F714A,,,,,structural_only,inherits_parent,,,Embedded component; use the parent unit's semantic disposition.
fga.236.s1.remark.u.n01,236,remark,fga.236.s1,223,224,fr/236.tex:109,en/236.tex:103,266EEF77BF7BA34A75895ED69ACBFE791A2958DD52C2837D75AB29DF0D2F714A,algebraic-equivalence;finite-type;group-scheme;neron-severi;normality;numerical-equivalence;picard-scheme;properness;quotient;representability;separatedness,algebraic-section-representable-by-algebraic-spaces;categories-section-representable;groupoids-quotients-section-categorical;groupoids-quotients-section-geometric;groupoids-section-finite-flat-general;groupoids-section-group-schemes;groupoids-section-properties-group-schemes-field;more-morphisms-section-normal;morphisms-section-finite-type;morphisms-section-proper;pic-section-picard-curve;pic-section-representability;properties-section-normal;schemes-section-valuative-separatedness;varieties-section-num,01KY;01T0;01W0;022R;02ZV;033H;038Z;03JD;047J;048I;04AD;0AHM;0B9P;0B9R;0BEL,D000307,existing_weaker,integrated_source,bootstrap-lemma-component-group-scheme-over-field;bootstrap-lemma-torsion-component-subgroups;bootstrap-remark-component-group-picard-scheme,,The new source represents the etale component group and its fppf torsor then constructs the torsion prime-to-p and p-primary inverse-image subgroups and records the Picard terminology and reduced quotient; it does not assert the historical perfect-or-proper criterion or the specialization comparison
fga.236.s1.remark.u.n01.eq.u.n01,236,equation,fga.236.s1.remark.u.n01,223,223,fr/236.tex:132,en/236.tex:125,266EEF77BF7BA34A75895ED69ACBFE791A2958DD52C2837D75AB29DF0D2F714A,,,,,structural_only,inherits_parent,,,Embedded component; use the parent unit's semantic disposition.
fga.236.s1.remark.u.n01.eq.u.n02,236,equation,fga.236.s1.remark.u.n01,223,223,fr/236.tex:136,en/236.tex:129,266EEF77BF7BA34A75895ED69ACBFE791A2958DD52C2837D75AB29DF0D2F714A,,,,,structural_only,inherits_parent,,,Embedded component; use the parent unit's semantic disposition.
fga.236.s1.theorem.1-1,236,theorem,fga.236.s1,224,224,fr/236.tex:157,en/236.tex:148,266EEF77BF7BA34A75895ED69ACBFE791A2958DD52C2837D75AB29DF0D2F714A,properness;separatedness,morphisms-section-proper;schemes-section-valuative-separatedness,01KY;01W0,D000311,existing_weaker,integrated_source,more-morphisms-lemma-torsion-component-locus-open;more-morphisms-lemma-order-in-component-group-constructible;more-morphisms-lemma-connected-along-section-locally-constructible;more-morphisms-lemma-proper-connected-component-neighbourhood,055P,The integrated source now also proves the proper and closed identity-component conclusion when the group is separated and the fibre components are proper in addition to torsion-locus openness and the constructibility and closedness package; it still does not prove global quasi-compactness or the universal-openness clauses or openness of rho
fga.236.s1.theorem.1-1.item.i,236,subitem,fga.236.s1.theorem.1-1,224,224,fr/236.tex:159,en/236.tex:150,266EEF77BF7BA34A75895ED69ACBFE791A2958DD52C2837D75AB29DF0D2F714A,,,,,structural_only,inherits_parent,,,Embedded component; use the parent unit's semantic disposition.
fga.236.s1.theorem.1-1.item.ii,236,subitem,fga.236.s1.theorem.1-1,224,224,fr/236.tex:163,en/236.tex:154,266EEF77BF7BA34A75895ED69ACBFE791A2958DD52C2837D75AB29DF0D2F714A,,,,,structural_only,inherits_parent,,,Embedded component; use the parent unit's semantic disposition.
fga.236.s1.theorem.1-1.item.iii,236,subitem,fga.236.s1.theorem.1-1,224,224,fr/236.tex:166,en/236.tex:156,266EEF77BF7BA34A75895ED69ACBFE791A2958DD52C2837D75AB29DF0D2F714A,,,,,structural_only,inherits_parent,,,Embedded component; use the parent unit's semantic disposition.
fga.236.s1.theorem.1-1.item.iv,236,subitem,fga.236.s1.theorem.1-1,224,224,fr/236.tex:172,en/236.tex:162,266EEF77BF7BA34A75895ED69ACBFE791A2958DD52C2837D75AB29DF0D2F714A,,,,,structural_only,inherits_parent,,,Embedded component; use the parent unit's semantic disposition.
fga.236.s1.lemma.1-2,236,lemma,fga.236.s1,224,225,fr/236.tex:182,en/236.tex:170,266EEF77BF7BA34A75895ED69ACBFE791A2958DD52C2837D75AB29DF0D2F714A,base-change;finite-type;group-scheme,coherent-section-cohomology-and-base-change;duality-section-base-change-map;groupoids-section-group-schemes;groupoids-section-properties-group-schemes-field;morphisms-section-finite-type,01T0;022R;02KE;047J;0AA5,D000262,existing_equivalent,reviewed_combination,more-morphisms-lemma-connected-along-section-good;more-morphisms-lemma-connected-along-section-locally-constructible;more-morphisms-lemma-base-change-connected-along-section,055N;055P;055M,After shrinking an irreducible stratum the current connected-component theorem makes the component meeting the identity an open-and-closed finite-type subgroup with connected fibres and its construction commutes with base change
fga.236.s1.lemma.1-3,236,lemma,fga.236.s1,225,226,fr/236.tex:208,en/236.tex:194,266EEF77BF7BA34A75895ED69ACBFE791A2958DD52C2837D75AB29DF0D2F714A,connected-component;descent;faithfully-flat;finite-type;flatness;properness;separatedness,descent-section-fpqc-descent-quasi-coherent;descent-section-introduction;more-morphisms-section-connected;morphisms-section-finite-type;morphisms-section-flat;morphisms-section-proper;schemes-section-valuative-separatedness;topology-section-connected-components,004R;01KY;01T0;01U2;01W0;0239;023R;055C,D000310,existing_equivalent,integrated_source,more-morphisms-lemma-proper-connected-component-neighbourhood;more-morphisms-lemma-connected-along-section-proper;more-morphisms-lemma-split-off-proper-part-henselian,0CT9,The new source proves that a proper fibre component along a section spreads over a Zariski neighbourhood to a closed subset whose reduced induced structure is proper using henselian splitting a DVR specialization argument and fpqc descent under the historical separated finite-type hypotheses
fga.236.s1.lemma.1-3.item.a,236,subitem,fga.236.s1.lemma.1-3,225,225,fr/236.tex:228,en/236.tex:215,266EEF77BF7BA34A75895ED69ACBFE791A2958DD52C2837D75AB29DF0D2F714A,,,,,structural_only,inherits_parent,,,Embedded component; use the parent unit's semantic disposition.
fga.236.s1.lemma.1-3.item.b,236,subitem,fga.236.s1.lemma.1-3,225,225,fr/236.tex:232,en/236.tex:220,266EEF77BF7BA34A75895ED69ACBFE791A2958DD52C2837D75AB29DF0D2F714A,,,,,structural_only,inherits_parent,,,Embedded component; use the parent unit's semantic disposition.
fga.236.s1.lemma.1-4,236,lemma,fga.236.s1,226,227,fr/236.tex:264,en/236.tex:250,266EEF77BF7BA34A75895ED69ACBFE791A2958DD52C2837D75AB29DF0D2F714A,base-change;finite-type;properness,coherent-section-cohomology-and-base-change;duality-section-base-change-map;morphisms-section-finite-type;morphisms-section-proper,01T0;01W0;02KE;0AA5,D000309,existing_stronger,integrated_source,more-morphisms-lemma-order-in-component-group-constructible,,The new source proves the displayed divisor formula for every order level and strengthens local constructibility by giving a neighbourhood on which the component-order function has finite image
fga.236.s1.lemma.1-4.eq.u.n01,236,equation,fga.236.s1.lemma.1-4,226,226,fr/236.tex:290,en/236.tex:274,266EEF77BF7BA34A75895ED69ACBFE791A2958DD52C2837D75AB29DF0D2F714A,,,,,structural_only,inherits_parent,,,Embedded component; use the parent unit's semantic disposition.
fga.236.s1.lemma.1-4.eq.u.n02,236,equation,fga.236.s1.lemma.1-4,227,227,fr/236.tex:296,en/236.tex:280,266EEF77BF7BA34A75895ED69ACBFE791A2958DD52C2837D75AB29DF0D2F714A,,,,,structural_only,inherits_parent,,,Embedded component; use the parent unit's semantic disposition.
fga.236.s1.lemma.1-4.eq.u.n03,236,equation,fga.236.s1.lemma.1-4,227,227,fr/236.tex:302,en/236.tex:286,266EEF77BF7BA34A75895ED69ACBFE791A2958DD52C2837D75AB29DF0D2F714A,,,,,structural_only,inherits_parent,,,Embedded component; use the parent unit's semantic disposition.
fga.236.s1.lemma.1-4.eq.u.n04,236,equation,fga.236.s1.lemma.1-4,227,227,fr/236.tex:306,en/236.tex:290,266EEF77BF7BA34A75895ED69ACBFE791A2958DD52C2837D75AB29DF0D2F714A,,,,,structural_only,inherits_parent,,,Embedded component; use the parent unit's semantic disposition.
fga.236.s1.lemma.1-4.eq.u.n05,236,equation,fga.236.s1.lemma.1-4,227,227,fr/236.tex:316,en/236.tex:300,266EEF77BF7BA34A75895ED69ACBFE791A2958DD52C2837D75AB29DF0D2F714A,,,,,structural_only,inherits_parent,,,Embedded component; use the parent unit's semantic disposition.
fga.236.s1.corollary.1-5,236,corollary,fga.236.s1,227,228,fr/236.tex:342,en/236.tex:325,266EEF77BF7BA34A75895ED69ACBFE791A2958DD52C2837D75AB29DF0D2F714A,etale,morphisms-section-etale;pione-section-finite-etale,02GH;0BL6,D000265,new_statement,reviewed_gap,groupoids-lemma-abelian-variety-multiplication-by-d-etale;more-morphisms-section-universally-open,0BFH;0F30,Stacks proves prime-to-characteristic multiplication is etale for abelian varieties but does not give the density and universal-openness criterion for general commutative group schemes without additive components
fga.236.s1.corollary.1-5.eq.u.n01,236,equation,fga.236.s1.corollary.1-5,227,227,fr/236.tex:345,en/236.tex:328,266EEF77BF7BA34A75895ED69ACBFE791A2958DD52C2837D75AB29DF0D2F714A,,,,,structural_only,inherits_parent,,,Embedded component; use the parent unit's semantic disposition.
fga.236.s1.remark.1-6,236,remark,fga.236.s1,228,229,fr/236.tex:375,en/236.tex:356,266EEF77BF7BA34A75895ED69ACBFE791A2958DD52C2837D75AB29DF0D2F714A,base-change;finite-type;neron-severi;normality;picard-scheme;projectivity;smoothness,coherent-section-cohomology-and-base-change;duality-section-base-change-map;more-morphisms-section-normal;morphisms-section-finite-type;morphisms-section-projective;morphisms-section-smooth;pic-section-picard-curve;pic-section-representability;properties-section-normal,01T0;01V4;01W7;02KE;033H;038Z;0AA5;0B9P;0B9R,D000266,extend_existing,reviewed_gap,more-morphisms-section-universally-open;more-morphisms-lemma-dimension-fibres-constructible,0F30;05F9,The general universal-openness tests are present but the Picard example with vertical components and jumping Neron--Severi rank and the proposed universal openness of the sigma and tau loci are not assembled
fga.236.s1.corollary.1-7,236,corollary,fga.236.s1,229,229,fr/236.tex:403,en/236.tex:383,266EEF77BF7BA34A75895ED69ACBFE791A2958DD52C2837D75AB29DF0D2F714A,connected-component;flatness;smoothness,more-morphisms-section-connected;morphisms-section-flat;morphisms-section-smooth;topology-section-connected-components,004R;01U2;01V4;055C,D000267,existing_weaker,reviewed_gap,more-morphisms-lemma-connected-along-section-open-neighbourhood;more-morphisms-lemma-connected-along-section-open;groupoids-lemma-group-scheme-characteristic-zero-smooth,055Q;055R;047N,Current Stacks makes the identity component open when the morphism is already flat of finite presentation with geometrically reduced fibres and proves characteristic-zero fibre smoothness but does not derive flatness over a reduced base from the exposé's universal-openness hypothesis
fga.236.s1.corollary.1-8,236,corollary,fga.236.s1,229,229,fr/236.tex:421,en/236.tex:400,266EEF77BF7BA34A75895ED69ACBFE791A2958DD52C2837D75AB29DF0D2F714A,flatness;smoothness,morphisms-section-flat;morphisms-section-smooth,01U2;01V4,D000268,new_statement,reviewed_gap,morphisms-lemma-set-points-where-fibres-smooth;morphisms-lemma-smooth-flat-smooth-fibres;more-morphisms-section-universally-open,02V4;01V8;0F30,The criterion converting universal openness plus a smooth fibre over a reduced base into flatness and hence smoothness at the selected points is not stated in the present morphism chapters
fga.236.s1.remark.1-9,236,remark,fga.236.s1,229,230,fr/236.tex:427,en/236.tex:406,266EEF77BF7BA34A75895ED69ACBFE791A2958DD52C2837D75AB29DF0D2F714A,flatness;group-scheme;picard-scheme;representability;separatedness,algebraic-section-representable-by-algebraic-spaces;categories-section-representable;groupoids-section-group-schemes;groupoids-section-properties-group-schemes-field;morphisms-section-flat;pic-section-picard-curve;pic-section-representability;schemes-section-valuative-separatedness,01KY;01U2;022R;02ZV;047J;0AHM;0B9P;0B9R,D000269,example_or_remark,reviewed_source_and_stacks,groupoids-proposition-connected-component;groupoids-lemma-group-scheme-characteristic-zero-smooth;groupoids-lemma-reduced-group-scheme-prefect-field-characteristic-p-smooth,0B7R;047N;047P,The doubled-origin and degenerating additive and multiplicative finite-group examples sharply delimit the relative component-locus assertions and are not duplicated in current Stacks
fga.236.s1.remark.1-9.eq.u.n01,236,equation,fga.236.s1.remark.1-9,229,229,fr/236.tex:445,en/236.tex:423,266EEF77BF7BA34A75895ED69ACBFE791A2958DD52C2837D75AB29DF0D2F714A,,,,,structural_only,inherits_parent,,,Embedded component; use the parent unit's semantic disposition.
fga.236.s1.remark.1-9.eq.u.n02,236,equation,fga.236.s1.remark.1-9,230,230,fr/236.tex:454,en/236.tex:432,266EEF77BF7BA34A75895ED69ACBFE791A2958DD52C2837D75AB29DF0D2F714A,,,,,structural_only,inherits_parent,,,Embedded component; use the parent unit's semantic disposition.
fga.236.s1.remark.1-9.eq.u.n03,236,equation,fga.236.s1.remark.1-9,230,230,fr/236.tex:463,en/236.tex:441,266EEF77BF7BA34A75895ED69ACBFE791A2958DD52C2837D75AB29DF0D2F714A,,,,,structural_only,inherits_parent,,,Embedded component; use the parent unit's semantic disposition.
fga.236.s1.corollary.1-10,236,corollary,fga.236.s1,230,230,fr/236.tex:482,en/236.tex:459,266EEF77BF7BA34A75895ED69ACBFE791A2958DD52C2837D75AB29DF0D2F714A,properness;separatedness;smoothness,morphisms-section-proper;morphisms-section-smooth;schemes-section-valuative-separatedness,01KY;01V4;01W0,D000312,existing_weaker,integrated_source,more-morphisms-lemma-characteristic-zero-component-loci;more-morphisms-lemma-proper-connected-component-neighbourhood;more-morphisms-lemma-torsion-component-locus-open,,The new source proves the characteristic-zero equalities the openness of tau and sigma and under separatedness with proper identity components the proper closed identity locus and open-and-closed tau locus; it does not prove the final universal-openness or reduced-base smoothness assertions
fga.236.s1.proposition.1-11,236,proposition,fga.236.s1,230,231,fr/236.tex:495,en/236.tex:472,266EEF77BF7BA34A75895ED69ACBFE791A2958DD52C2837D75AB29DF0D2F714A,flatness;group-scheme;smoothness,groupoids-section-group-schemes;groupoids-section-properties-group-schemes-field;morphisms-section-flat;morphisms-section-smooth,01U2;01V4;022R;047J,D000305,existing_stronger,integrated_source,groupoids-lemma-smooth-flat-locus-group-scheme,,The new source packages the smooth and flat loci as open subgroups over the exact identity-locus open and proves that every section factors through them for any locally finitely presented group scheme without the historical locally Noetherian restriction
fga.236.s1.corollary.1-12,236,corollary,fga.236.s1,231,231,fr/236.tex:502,en/236.tex:478,266EEF77BF7BA34A75895ED69ACBFE791A2958DD52C2837D75AB29DF0D2F714A,etale;flatness;smoothness,morphisms-section-etale;morphisms-section-flat;morphisms-section-smooth;pione-section-finite-etale,01U2;01V4;02GH;0BL6,D000306,existing_equivalent,integrated_source,groupoids-lemma-smooth-flat-along-identity-component;morphisms-lemma-composition-flat;morphisms-lemma-composition-smooth,01U7;01VA,The new source directly proves translation from the identity to every section and identity component while the sigma clause follows by composing with the power map assumed etale at the point
fga.236.s2,236,section,fga.236,231,236,fr/236.tex:510,en/236.tex:486,266EEF77BF7BA34A75895ED69ACBFE791A2958DD52C2837D75AB29DF0D2F714A,abelian-scheme;cartier-divisor;connected-component;etale;finite-type;flatness;fundamental-group;group-scheme;invertible-module;normality;picard-functor;picard-scheme;projectivity;properness;separatedness;smoothness,chow-section-relative-effective-cartier;cohomology-section-invertible-sheaves;divisors-lemma-relative-Cartier;groupoids-section-abelian-varieties;groupoids-section-group-schemes;groupoids-section-properties-group-schemes-field;modules-section-invertible;moduli-section-picard-functor;more-morphisms-section-connected;more-morphisms-section-normal;morphisms-section-etale;morphisms-section-finite-type;morphisms-section-flat;morphisms-section-projective;morphisms-section-proper;morphisms-section-smooth;pic-section-picard-curve;pic-section-picard-functor;pic-section-representability;pione-section-finite-etale;pione-section-fundamental-groups;properties-section-normal;quot-section-picard-functor;schemes-section-valuative-separatedness;topology-section-connected-components,004R;01CR;01KY;01T0;01U2;01V4;01W0;01W7;022R;02GH;02TP;033H;038Z;047J;055C;056Q;09NT;0B9K;0B9P;0B9R;0BF9;0BL6;0BQ8;0D24;0DMD,D000273,extend_existing,reviewed_gap,moduli-section-picard-functor;more-morphisms-section-picard-group-thickening;groupoids-section-properties-group-schemes,0DMD;0C6Q;045W,Stacks contains the Picard deformation sequence and general group-scheme geometry but not the full properness component-locus etaleness dimension and smoothness package for relative Picard schemes
fga.236.s2.theorem.2-1,236,theorem,fga.236.s2,231,231,fr/236.tex:512,en/236.tex:488,266EEF77BF7BA34A75895ED69ACBFE791A2958DD52C2837D75AB29DF0D2F714A,cartier-divisor;finite-type;invertible-module;normality;picard-scheme;projectivity;properness;separatedness;smoothness,chow-section-relative-effective-cartier;cohomology-section-invertible-sheaves;divisors-lemma-relative-Cartier;modules-section-invertible;more-morphisms-section-normal;morphisms-section-finite-type;morphisms-section-projective;morphisms-section-proper;morphisms-section-smooth;pic-section-picard-curve;pic-section-representability;properties-section-normal;schemes-section-valuative-separatedness,01CR;01KY;01T0;01V4;01W0;01W7;02TP;033H;038Z;056Q;09NT;0B9P;0B9R,D000274,extend_existing,reviewed_gap,moduli-lemma-pic-existence-part;moduli-lemma-pic-functor-uniqueness-part;more-morphisms-lemma-triviality-generic-fibre-valuation-ring,0DNG;0DNJ;0EX8,The valuative extension machinery and separatedness for integral fibres cover important cases but Stacks does not state separatedness for every proper smooth Picard scheme the properness of all finite-type closed subsets or properness of Picard zero for every proper geometrically normal scheme
fga.236.s2.theorem.2-1.item.i,236,subitem,fga.236.s2.theorem.2-1,231,231,fr/236.tex:513,en/236.tex:489,266EEF77BF7BA34A75895ED69ACBFE791A2958DD52C2837D75AB29DF0D2F714A,,,,,structural_only,inherits_parent,,,Embedded component; use the parent unit's semantic disposition.
fga.236.s2.theorem.2-1.item.ii,236,subitem,fga.236.s2.theorem.2-1,231,231,fr/236.tex:519,en/236.tex:495,266EEF77BF7BA34A75895ED69ACBFE791A2958DD52C2837D75AB29DF0D2F714A,,,,,structural_only,inherits_parent,,,Embedded component; use the parent unit's semantic disposition.
fga.236.s2.remark.2-2,236,remark,fga.236.s2,231,232,fr/236.tex:544,en/236.tex:519,266EEF77BF7BA34A75895ED69ACBFE791A2958DD52C2837D75AB29DF0D2F714A,connected-component;flatness;group-scheme;invertible-module;normality;picard-scheme;projectivity;properness;smoothness,cohomology-section-invertible-sheaves;groupoids-section-group-schemes;groupoids-section-properties-group-schemes-field;modules-section-invertible;more-morphisms-section-connected;more-morphisms-section-normal;morphisms-section-flat;morphisms-section-projective;morphisms-section-proper;morphisms-section-smooth;pic-section-picard-curve;pic-section-representability;properties-section-normal;topology-section-connected-components,004R;01CR;01U2;01V4;01W0;01W7;022R;033H;038Z;047J;055C;09NT;0B9P;0B9R,D000275,extend_existing,reviewed_gap,more-algebra-lemma-regular-local-UFD;divisors-lemma-weil-divisor-is-cartier-UFD;moduli-lemma-pic-existence-part,0AG0;0AGA;0DNG,Stacks supplies factoriality and divisor-extension ingredients but not the locally-complete-intersection codimension-two extension theorem or its degenerating-quadric sharpness example as a Picard properness criterion
fga.236.s2.remark.2-2.eq.u.n01,236,equation,fga.236.s2.remark.2-2,232,232,fr/236.tex:564,en/236.tex:536,266EEF77BF7BA34A75895ED69ACBFE791A2958DD52C2837D75AB29DF0D2F714A,,,,,structural_only,inherits_parent,,,Embedded component; use the parent unit's semantic disposition.
fga.236.s2.corollary.2-3,236,corollary,fga.236.s2,232,232,fr/236.tex:586,en/236.tex:557,266EEF77BF7BA34A75895ED69ACBFE791A2958DD52C2837D75AB29DF0D2F714A,flatness;normality;picard-scheme;properness,more-morphisms-section-normal;morphisms-section-flat;morphisms-section-proper;pic-section-picard-curve;pic-section-representability;properties-section-normal,01U2;01W0;033H;038Z;0B9P;0B9R,D000276,new_statement,reviewed_gap,quot-proposition-pic-functor;more-morphisms-lemma-connected-along-section-locally-constructible,0D2C;055P,The current Picard algebraic-space theorem does not prove that Picard zero for a proper normal family is a proper closed subgroup or that the associated tau rho and equal-characteristic sigma loci are closed
fga.236.s2.corollary.2-4,236,corollary,fga.236.s2,232,233,fr/236.tex:596,en/236.tex:566,266EEF77BF7BA34A75895ED69ACBFE791A2958DD52C2837D75AB29DF0D2F714A,finite-type;normality;picard-scheme;properness;smoothness,more-morphisms-section-normal;morphisms-section-finite-type;morphisms-section-proper;morphisms-section-smooth;pic-section-picard-curve;pic-section-representability;properties-section-normal,01T0;01V4;01W0;033H;038Z;0B9P;0B9R,D000277,extend_existing,reviewed_gap,moduli-lemma-pic-existence-part;moduli-lemma-pic-functor-qs-lfp,0DNG;0DNI,Stacks proves the Picard stack existence part of the valuative criterion and local finite presentation but does not conclude that every finite-type scheme component of the Picard functor of a proper smooth family is proper
fga.236.s2.theorem.2-5,236,theorem,fga.236.s2,233,233,fr/236.tex:608,en/236.tex:578,266EEF77BF7BA34A75895ED69ACBFE791A2958DD52C2837D75AB29DF0D2F714A,etale;flatness;group-scheme;picard-scheme;properness,groupoids-section-group-schemes;groupoids-section-properties-group-schemes-field;morphisms-section-etale;morphisms-section-flat;morphisms-section-proper;pic-section-picard-curve;pic-section-representability;pione-section-finite-etale,01U2;01W0;022R;02GH;047J;0B9P;0B9R;0BL6,D000304,existing_weaker,integrated_source,moduli-lemma-pic-functor-multiplication-etale;more-morphisms-lemma-pic-roots-first-order-thickening,,The new source proves prime-to-n multiplication etale for the current Picard algebraic space under the section hypotheses and with X a scheme but does not assert the full historical scope for every separately existing proper-flat Picard prescheme
fga.236.s2.lemma.2-6,236,lemma,fga.236.s2,233,233,fr/236.tex:619,en/236.tex:589,266EEF77BF7BA34A75895ED69ACBFE791A2958DD52C2837D75AB29DF0D2F714A,invertible-module,cohomology-section-invertible-sheaves;modules-section-invertible,01CR;09NT,D000279,existing_equivalent,reviewed_combination,more-morphisms-lemma-picard-group-first-order-thickening;more-morphisms-lemma-torsion-pic-thickening,0C6R;0C6S,The exact Picard sequence for a first-order thickening places the obstruction in H2 and the ambiguity in H1 and multiplication by an invertible n kills neither which gives precisely the lift-and-correct argument
fga.236.s2.lemma.2-6.eq.u.n01,236,equation,fga.236.s2.lemma.2-6,233,233,fr/236.tex:622,en/236.tex:591,266EEF77BF7BA34A75895ED69ACBFE791A2958DD52C2837D75AB29DF0D2F714A,,,,,structural_only,inherits_parent,,,Embedded component; use the parent unit's semantic disposition.
fga.236.s2.lemma.2-6.eq.u.n02,236,equation,fga.236.s2.lemma.2-6,233,233,fr/236.tex:629,en/236.tex:598,266EEF77BF7BA34A75895ED69ACBFE791A2958DD52C2837D75AB29DF0D2F714A,,,,,structural_only,inherits_parent,,,Embedded component; use the parent unit's semantic disposition.
fga.236.s2.lemma.2-6.eq.u.n03,236,equation,fga.236.s2.lemma.2-6,233,233,fr/236.tex:637,en/236.tex:606,266EEF77BF7BA34A75895ED69ACBFE791A2958DD52C2837D75AB29DF0D2F714A,,,,,structural_only,inherits_parent,,,Embedded component; use the parent unit's semantic disposition.
fga.236.s2.lemma.2-6.eq.u.n04,236,equation,fga.236.s2.lemma.2-6,233,233,fr/236.tex:643,en/236.tex:612,266EEF77BF7BA34A75895ED69ACBFE791A2958DD52C2837D75AB29DF0D2F714A,,,,,structural_only,inherits_parent,,,Embedded component; use the parent unit's semantic disposition.
fga.236.s2.lemma.2-6.eq.u.n05,236,equation,fga.236.s2.lemma.2-6,233,233,fr/236.tex:651,en/236.tex:619,266EEF77BF7BA34A75895ED69ACBFE791A2958DD52C2837D75AB29DF0D2F714A,,,,,structural_only,inherits_parent,,,Embedded component; use the parent unit's semantic disposition.
fga.236.s2.corollary.u.n01,236,corollary,fga.236.s2,233,234,fr/236.tex:660,en/236.tex:627,266EEF77BF7BA34A75895ED69ACBFE791A2958DD52C2837D75AB29DF0D2F714A,normality;picard-scheme,more-morphisms-section-normal;pic-section-picard-curve;pic-section-representability;properties-section-normal,033H;038Z;0B9P;0B9R,D000280,new_statement,reviewed_gap,groupoids-lemma-abelian-variety-multiplication-by-d-etale;more-morphisms-lemma-connected-along-section-open;more-morphisms-section-universally-open,0BFH;055R;0F30,Current results do not infer universal openness of Picard zero sigma and equal-characteristic rho from absence of additive components and prime-to-characteristic etaleness
fga.236.s2.corollary.2-7,236,corollary,fga.236.s2,234,234,fr/236.tex:674,en/236.tex:640,266EEF77BF7BA34A75895ED69ACBFE791A2958DD52C2837D75AB29DF0D2F714A,finite-type;flatness;group-scheme;picard-scheme;properness,groupoids-section-group-schemes;groupoids-section-properties-group-schemes-field;morphisms-section-finite-type;morphisms-section-flat;morphisms-section-proper;pic-section-picard-curve;pic-section-representability,01T0;01U2;01W0;022R;047J;0B9P;0B9R,D000281,extend_existing,reviewed_gap,more-morphisms-lemma-dimension-fibres-constructible;morphisms-lemma-openness-bounded-dimension-fibres;moduli-lemma-pic-functor-qs-lfp,05F9;02FZ;0DNI,General fibre-dimension theory gives constructibility and local upper bounds along the identity while the locally constant conclusion in the absence of additive components depends on the missing universal-openness package
fga.236.s2.corollary.2-7.eq.u.n01,236,equation,fga.236.s2.corollary.2-7,234,234,fr/236.tex:678,en/236.tex:644,266EEF77BF7BA34A75895ED69ACBFE791A2958DD52C2837D75AB29DF0D2F714A,,,,,structural_only,inherits_parent,,,Embedded component; use the parent unit's semantic disposition.
fga.236.s2.remark.2-8,236,remark,fga.236.s2,234,235,fr/236.tex:691,en/236.tex:655,266EEF77BF7BA34A75895ED69ACBFE791A2958DD52C2837D75AB29DF0D2F714A,etale;finite-type;fundamental-group;group-scheme;picard-functor;picard-scheme;separatedness;smoothness,groupoids-section-group-schemes;groupoids-section-properties-group-schemes-field;moduli-section-picard-functor;morphisms-section-etale;morphisms-section-finite-type;morphisms-section-smooth;pic-section-picard-curve;pic-section-picard-functor;pic-section-representability;pione-section-finite-etale;pione-section-fundamental-groups;quot-section-picard-functor;schemes-section-valuative-separatedness,01KY;01T0;01V4;022R;02GH;047J;0B9K;0B9P;0B9R;0BL6;0BQ8;0D24;0DMD,D000282,historical_reference,reviewed_historical,groupoids-lemma-abelian-variety-multiplication-by-d-etale;pione-proposition-first-homotopy-sequence,0BFH;0C0J,The specialization inequalities and proposed equalities among abelian multiplicative and additive dimensions mix historical comparison arguments with explicit conjectures and are retained without importing the conjectural clauses
fga.236.s2.remark.2-8.eq.star,236,equation,fga.236.s2.remark.2-8,234,234,fr/236.tex:704,en/236.tex:668,266EEF77BF7BA34A75895ED69ACBFE791A2958DD52C2837D75AB29DF0D2F714A,,,,,structural_only,inherits_parent,,,Embedded component; use the parent unit's semantic disposition.
fga.236.s2.remark.2-8.eq.u.n01,236,equation,fga.236.s2.remark.2-8,234,234,fr/236.tex:710,en/236.tex:674,266EEF77BF7BA34A75895ED69ACBFE791A2958DD52C2837D75AB29DF0D2F714A,,,,,structural_only,inherits_parent,,,Embedded component; use the parent unit's semantic disposition.
fga.236.s2.remark.2-8.eq.starstar,236,equation,fga.236.s2.remark.2-8,234,234,fr/236.tex:714,en/236.tex:678,266EEF77BF7BA34A75895ED69ACBFE791A2958DD52C2837D75AB29DF0D2F714A,,,,,structural_only,inherits_parent,,,Embedded component; use the parent unit's semantic disposition.
fga.236.s2.remark.2-8.eq.starstarstar,236,equation,fga.236.s2.remark.2-8,235,235,fr/236.tex:725,en/236.tex:689,266EEF77BF7BA34A75895ED69ACBFE791A2958DD52C2837D75AB29DF0D2F714A,,,,,structural_only,inherits_parent,,,Embedded component; use the parent unit's semantic disposition.
fga.236.s2.remark.2-9,236,remark,fga.236.s2,235,235,fr/236.tex:733,en/236.tex:696,266EEF77BF7BA34A75895ED69ACBFE791A2958DD52C2837D75AB29DF0D2F714A,abelian-scheme;flatness;normality;picard-scheme;projectivity;smoothness,groupoids-section-abelian-varieties;more-morphisms-section-normal;morphisms-section-flat;morphisms-section-projective;morphisms-section-smooth;pic-section-picard-curve;pic-section-representability;properties-section-normal,01U2;01V4;01W7;033H;038Z;0B9P;0B9R;0BF9,D000283,historical_reference,reviewed_historical,moduli-lemma-pic-functor-qs-lfp;more-morphisms-section-universally-open,0DNI;0F30,The Igusa infinitesimal counterexample and the questions about flatness of the tau sigma and identity loci are historical boundary evidence rather than established general Stacks assertions
fga.236.s2.proposition.2-10,236,proposition,fga.236.s2,235,236,fr/236.tex:761,en/236.tex:724,266EEF77BF7BA34A75895ED69ACBFE791A2958DD52C2837D75AB29DF0D2F714A,flatness;picard-scheme;properness;smoothness,morphisms-section-flat;morphisms-section-proper;morphisms-section-smooth;pic-section-picard-curve;pic-section-representability,01U2;01V4;01W0;0B9P;0B9R,D000284,extend_existing,reviewed_gap,more-morphisms-lemma-picard-group-first-order-thickening;perfect-lemma-flat-proper-perfect-direct-image-general;groupoids-lemma-group-scheme-characteristic-zero-smooth,0C6R;0B91;047N,The first-order obstruction sequence derived base change and characteristic-zero group smoothness supply the proof ingredients but Stacks does not package the H2-vanishing smoothness neighbourhood or the dimension versus H1 criterion for arbitrary Picard schemes
fga.236.s2.proposition.2-10.item.i,236,subitem,fga.236.s2.proposition.2-10,235,235,fr/236.tex:762,en/236.tex:725,266EEF77BF7BA34A75895ED69ACBFE791A2958DD52C2837D75AB29DF0D2F714A,,,,,structural_only,inherits_parent,,,Embedded component; use the parent unit's semantic disposition.
fga.236.s2.proposition.2-10.item.ii,236,subitem,fga.236.s2.proposition.2-10,236,236,fr/236.tex:769,en/236.tex:732,266EEF77BF7BA34A75895ED69ACBFE791A2958DD52C2837D75AB29DF0D2F714A,,,,,structural_only,inherits_parent,,,Embedded component; use the parent unit's semantic disposition.
fga.236.s2.proposition.2-10.eq.u.n01,236,equation,fga.236.s2.proposition.2-10,236,236,fr/236.tex:770,en/236.tex:733,266EEF77BF7BA34A75895ED69ACBFE791A2958DD52C2837D75AB29DF0D2F714A,,,,,structural_only,inherits_parent,,,Embedded component; use the parent unit's semantic disposition.
fga.236.s2.proposition.2-10.item.iii,236,subitem,fga.236.s2.proposition.2-10,236,236,fr/236.tex:775,en/236.tex:738,266EEF77BF7BA34A75895ED69ACBFE791A2958DD52C2837D75AB29DF0D2F714A,,,,,structural_only,inherits_parent,,,Embedded component; use the parent unit's semantic disposition.
fga.236.s2.proposition.2-10.eq.u.n02,236,equation,fga.236.s2.proposition.2-10,236,236,fr/236.tex:777,en/236.tex:740,266EEF77BF7BA34A75895ED69ACBFE791A2958DD52C2837D75AB29DF0D2F714A,,,,,structural_only,inherits_parent,,,Embedded component; use the parent unit's semantic disposition.
fga.236.s3,236,section,fga.236,236,241,fr/236.tex:792,en/236.tex:755,266EEF77BF7BA34A75895ED69ACBFE791A2958DD52C2837D75AB29DF0D2F714A,abelian-scheme;albanese;base-change;connected-component;etale;finite-type;flatness;formal-scheme;group-scheme;hilbert-scheme;invertible-module;neron-severi;normality;picard-scheme;projectivity;properness;quasi-projectivity;quotient;representability;smoothness,algebraic-section-representable-by-algebraic-spaces;categories-section-representable;coherent-section-cohomology-and-base-change;cohomology-section-invertible-sheaves;duality-section-base-change-map;formal-spaces-section-formal-schemes-EGA;groupoids-quotients-section-categorical;groupoids-quotients-section-geometric;groupoids-section-abelian-varieties;groupoids-section-finite-flat-general;groupoids-section-group-schemes;groupoids-section-properties-group-schemes-field;modules-section-invertible;more-morphisms-section-connected;more-morphisms-section-normal;morphisms-section-etale;morphisms-section-finite-type;morphisms-section-flat;morphisms-section-projective;morphisms-section-proper;morphisms-section-quasi-projective;morphisms-section-smooth;pic-section-hilbert-scheme-points;pic-section-picard-curve;pic-section-representability;pione-section-finite-etale;properties-section-normal;quot-section-hilb;topology-section-connected-components,004R;01CR;01T0;01U2;01V4;01VV;01W0;01W7;022R;02GH;02KE;02ZV;033H;038Z;03JD;047J;048I;04AD;055C;09NT;0AA5;0AHM;0AHY;0B94;0B9P;0B9R;0BF9;0BL6;0CZX,D000285,new_section,reviewed_gap,groupoids-section-abelian-varieties;quot-section-picard-functor,0BF9;0D24,Stacks has basic abelian varieties and the Picard algebraic space but no section on canonical abelian subschemes dual Picard schemes Albanese torsors or their base-change and deformation theory
fga.236.s3.proposition.3-1,236,proposition,fga.236.s3,236,236,fr/236.tex:795,en/236.tex:758,266EEF77BF7BA34A75895ED69ACBFE791A2958DD52C2837D75AB29DF0D2F714A,finite-type;group-scheme;smoothness,groupoids-section-group-schemes;groupoids-section-properties-group-schemes-field;morphisms-section-finite-type;morphisms-section-smooth,01T0;01V4;022R;047J,D000286,existing_weaker,reviewed_gap,groupoids-lemma-reduced-subgroup-scheme-perfect;groupoids-lemma-reduced-group-scheme-prefect-field-characteristic-p-smooth;groupoids-lemma-group-scheme-characteristic-zero-smooth,047R;047P;047N,Stacks proves that the reduction is a smooth subgroup over a perfect field and smoothness in characteristic zero but not the descent over an arbitrary imperfect field under the weaker no-additive-component hypothesis
fga.236.s3.corollary.3-2,236,corollary,fga.236.s3,236,237,fr/236.tex:811,en/236.tex:775,266EEF77BF7BA34A75895ED69ACBFE791A2958DD52C2837D75AB29DF0D2F714A,abelian-scheme;flatness;group-scheme;normality;picard-scheme;projectivity;properness;quasi-projectivity;smoothness,groupoids-section-abelian-varieties;groupoids-section-group-schemes;groupoids-section-properties-group-schemes-field;more-morphisms-section-normal;morphisms-section-flat;morphisms-section-projective;morphisms-section-proper;morphisms-section-quasi-projective;morphisms-section-smooth;pic-section-picard-curve;pic-section-representability;properties-section-normal,01U2;01V4;01VV;01W0;01W7;022R;033H;038Z;047J;0B9P;0B9R;0BF9,D000287,new_statement,reviewed_gap,groupoids-definition-abelian-variety;groupoids-proposition-review-abelian-varieties;quot-proposition-pic-functor,03RO;03RP;0D2C,The existence of a proper smooth reduced identity-component subgroup inside the Picard scheme of a normal proper scheme and its interpretation as the Picard variety are absent
fga.236.s3.corollary.3-2.eq.u.n01,236,equation,fga.236.s3.corollary.3-2,237,237,fr/236.tex:826,en/236.tex:790,266EEF77BF7BA34A75895ED69ACBFE791A2958DD52C2837D75AB29DF0D2F714A,,,,,structural_only,inherits_parent,,,Embedded component; use the parent unit's semantic disposition.
fga.236.s3.theorem.3-3,236,theorem,fga.236.s3,237,238,fr/236.tex:842,en/236.tex:806,266EEF77BF7BA34A75895ED69ACBFE791A2958DD52C2837D75AB29DF0D2F714A,abelian-scheme;base-change;connected-component;etale;finite-type;group-scheme;hilbert-scheme;picard-scheme;properness;representability,algebraic-section-representable-by-algebraic-spaces;categories-section-representable;coherent-section-cohomology-and-base-change;duality-section-base-change-map;groupoids-section-abelian-varieties;groupoids-section-group-schemes;groupoids-section-properties-group-schemes-field;more-morphisms-section-connected;morphisms-section-etale;morphisms-section-finite-type;morphisms-section-proper;pic-section-hilbert-scheme-points;pic-section-picard-curve;pic-section-representability;pione-section-finite-etale;quot-section-hilb;topology-section-connected-components,004R;01T0;01W0;022R;02GH;02KE;02ZV;047J;055C;0AA5;0AHM;0B94;0B9P;0B9R;0BF9;0BL6;0CZX,D000288,new_section,reviewed_gap,groupoids-section-abelian-varieties;quot-proposition-pic-functor;quot-proposition-hilb,0BF9;0D2C;0D01,Stacks does not construct the canonical abelian subscheme by an Artinian or valuation test or the dual Albanese scheme Albanese torsor and universal map to para-abelian schemes
fga.236.s3.theorem.3-3.item.i,236,subitem,fga.236.s3.theorem.3-3,237,237,fr/236.tex:843,en/236.tex:807,266EEF77BF7BA34A75895ED69ACBFE791A2958DD52C2837D75AB29DF0D2F714A,,,,,structural_only,inherits_parent,,,Embedded component; use the parent unit's semantic disposition.
fga.236.s3.theorem.3-3.item.ii,236,subitem,fga.236.s3.theorem.3-3,237,237,fr/236.tex:848,en/236.tex:812,266EEF77BF7BA34A75895ED69ACBFE791A2958DD52C2837D75AB29DF0D2F714A,,,,,structural_only,inherits_parent,,,Embedded component; use the parent unit's semantic disposition.
fga.236.s3.theorem.3-3.item.iii,236,subitem,fga.236.s3.theorem.3-3,237,237,fr/236.tex:857,en/236.tex:820,266EEF77BF7BA34A75895ED69ACBFE791A2958DD52C2837D75AB29DF0D2F714A,,,,,structural_only,inherits_parent,,,Embedded component; use the parent unit's semantic disposition.
fga.236.s3.remark.3-4,236,remark,fga.236.s3,238,239,fr/236.tex:899,en/236.tex:859,266EEF77BF7BA34A75895ED69ACBFE791A2958DD52C2837D75AB29DF0D2F714A,abelian-scheme;picard-scheme;smoothness,groupoids-section-abelian-varieties;morphisms-section-smooth;pic-section-picard-curve;pic-section-representability,01V4;0B9P;0B9R;0BF9,D000289,historical_reference,reviewed_historical,groupoids-section-abelian-varieties;more-morphisms-lemma-picard-group-first-order-thickening,0BF9;0C6R,The Igusa obstruction and the discrete-valuation specialization criterion for a canonical abelian Picard subscheme are reported as historical evidence with conjectural reduced-base scope
fga.236.s3.remark.3-4.eq.u.n01,236,equation,fga.236.s3.remark.3-4,238,238,fr/236.tex:908,en/236.tex:867,266EEF77BF7BA34A75895ED69ACBFE791A2958DD52C2837D75AB29DF0D2F714A,,,,,structural_only,inherits_parent,,,Embedded component; use the parent unit's semantic disposition.
fga.236.s3.remark.3-4.eq.u.n02,236,equation,fga.236.s3.remark.3-4,238,238,fr/236.tex:916,en/236.tex:875,266EEF77BF7BA34A75895ED69ACBFE791A2958DD52C2837D75AB29DF0D2F714A,,,,,structural_only,inherits_parent,,,Embedded component; use the parent unit's semantic disposition.
fga.236.s3.remark.3-4.eq.star,236,equation,fga.236.s3.remark.3-4,238,238,fr/236.tex:920,en/236.tex:879,266EEF77BF7BA34A75895ED69ACBFE791A2958DD52C2837D75AB29DF0D2F714A,,,,,structural_only,inherits_parent,,,Embedded component; use the parent unit's semantic disposition.
fga.236.s3.remark.3-4.item.a,236,subitem,fga.236.s3.remark.3-4,239,239,fr/236.tex:931,en/236.tex:890,266EEF77BF7BA34A75895ED69ACBFE791A2958DD52C2837D75AB29DF0D2F714A,,,,,structural_only,inherits_parent,,,Embedded component; use the parent unit's semantic disposition.
fga.236.s3.remark.3-4.item.b,236,subitem,fga.236.s3.remark.3-4,239,239,fr/236.tex:934,en/236.tex:893,266EEF77BF7BA34A75895ED69ACBFE791A2958DD52C2837D75AB29DF0D2F714A,,,,,structural_only,inherits_parent,,,Embedded component; use the parent unit's semantic disposition.
fga.236.s3.remark.3-4.item.c,236,subitem,fga.236.s3.remark.3-4,239,239,fr/236.tex:937,en/236.tex:896,266EEF77BF7BA34A75895ED69ACBFE791A2958DD52C2837D75AB29DF0D2F714A,,,,,structural_only,inherits_parent,,,Embedded component; use the parent unit's semantic disposition.
fga.236.s3.theorem.3-5,236,theorem,fga.236.s3,239,240,fr/236.tex:952,en/236.tex:911,266EEF77BF7BA34A75895ED69ACBFE791A2958DD52C2837D75AB29DF0D2F714A,abelian-scheme;formal-scheme;invertible-module;picard-scheme;quotient;smoothness,cohomology-section-invertible-sheaves;formal-spaces-section-formal-schemes-EGA;groupoids-quotients-section-categorical;groupoids-quotients-section-geometric;groupoids-section-abelian-varieties;groupoids-section-finite-flat-general;modules-section-invertible;morphisms-section-smooth;pic-section-picard-curve;pic-section-representability,01CR;01V4;03JD;048I;04AD;09NT;0AHY;0B9P;0B9R;0BF9,D000290,new_statement,reviewed_gap,more-morphisms-lemma-picard-group-first-order-thickening;groupoids-lemma-abelian-variety-smooth;quot-proposition-pic-functor,0C6R;0BFC;0D2C,The deformation ingredients are present separately but Stacks does not prove that one smooth Picard fibre forces a neighbourhood with a smooth open abelian identity component or carry out the coupled lifting of the abelian scheme and Poincare line bundle
fga.236.s3.theorem.3-5.eq.u.n01,236,equation,fga.236.s3.theorem.3-5,239,239,fr/236.tex:955,en/236.tex:913,266EEF77BF7BA34A75895ED69ACBFE791A2958DD52C2837D75AB29DF0D2F714A,,,,,structural_only,inherits_parent,,,Embedded component; use the parent unit's semantic disposition.
fga.236.s3.theorem.3-5.eq.u.n02,236,equation,fga.236.s3.theorem.3-5,239,239,fr/236.tex:971,en/236.tex:929,266EEF77BF7BA34A75895ED69ACBFE791A2958DD52C2837D75AB29DF0D2F714A,,,,,structural_only,inherits_parent,,,Embedded component; use the parent unit's semantic disposition.
fga.236.s3.theorem.3-5.eq.u.n03,236,equation,fga.236.s3.theorem.3-5,240,240,fr/236.tex:991,en/236.tex:947,266EEF77BF7BA34A75895ED69ACBFE791A2958DD52C2837D75AB29DF0D2F714A,,,,,structural_only,inherits_parent,,,Embedded component; use the parent unit's semantic disposition.
fga.236.s3.theorem.3-5.eq.u.n04,236,equation,fga.236.s3.theorem.3-5,240,240,fr/236.tex:996,en/236.tex:952,266EEF77BF7BA34A75895ED69ACBFE791A2958DD52C2837D75AB29DF0D2F714A,,,,,structural_only,inherits_parent,,,Embedded component; use the parent unit's semantic disposition.
fga.236.s3.theorem.3-5.eq.u.n05,236,equation,fga.236.s3.theorem.3-5,240,240,fr/236.tex:1002,en/236.tex:958,266EEF77BF7BA34A75895ED69ACBFE791A2958DD52C2837D75AB29DF0D2F714A,,,,,structural_only,inherits_parent,,,Embedded component; use the parent unit's semantic disposition.
fga.236.s3.corollary.3-6,236,corollary,fga.236.s3,240,240,fr/236.tex:1011,en/236.tex:966,266EEF77BF7BA34A75895ED69ACBFE791A2958DD52C2837D75AB29DF0D2F714A,base-change;picard-scheme,coherent-section-cohomology-and-base-change;duality-section-base-change-map;pic-section-picard-curve;pic-section-representability,02KE;0AA5;0B9P;0B9R,D000291,extend_existing,reviewed_gap,perfect-lemma-flat-proper-perfect-direct-image-general;coherent-lemma-flat-base-change-cohomology,0B91;02KH,Derived proper-flat base change supplies a perfect direct image but the deduction that R1 of the structure sheaf is locally free and universally base-change compatible from Picard smoothness is not stated as a Picard theorem
fga.236.s3.remark.3-7,236,remark,fga.236.s3,240,240,fr/236.tex:1018,en/236.tex:973,266EEF77BF7BA34A75895ED69ACBFE791A2958DD52C2837D75AB29DF0D2F714A,abelian-scheme;picard-scheme;projectivity;smoothness,groupoids-section-abelian-varieties;morphisms-section-projective;morphisms-section-smooth;pic-section-picard-curve;pic-section-representability,01V4;01W7;0B9P;0B9R;0BF9,D000292,new_statement,reviewed_gap,more-morphisms-lemma-picard-group-first-order-thickening;groupoids-section-abelian-varieties;perfect-lemma-flat-proper-perfect-direct-image-general,0C6R;0BF9;0B91,Stacks does not give nilpotent lifting of the smooth Picard identity component construction of the dual abelian scheme over Artinian bases or the exterior-algebra description of all structure-sheaf direct images
fga.236.s3.remark.3-8,236,remark,fga.236.s3,240,241,fr/236.tex:1032,en/236.tex:986,266EEF77BF7BA34A75895ED69ACBFE791A2958DD52C2837D75AB29DF0D2F714A,projectivity;smoothness,morphisms-section-projective;morphisms-section-smooth,01V4;01W7,D000293,historical_reference,reviewed_historical,coherent-lemma-flat-base-change-cohomology;groupoids-lemma-group-scheme-characteristic-zero-smooth,02KH;047N,The Hodge-theoretic characteristic-zero result and Serre mixed-characteristic counterexamples are retained as historical comparison and do not provide a general equal-characteristic theorem to import
fga.236.s3.corollary.3-8,236,corollary,fga.236.s3,241,241,fr/236.tex:1043,en/236.tex:997,266EEF77BF7BA34A75895ED69ACBFE791A2958DD52C2837D75AB29DF0D2F714A,picard-scheme;smoothness,morphisms-section-smooth;pic-section-picard-curve;pic-section-representability,01V4;0B9P;0B9R,D000294,new_statement,reviewed_gap,more-morphisms-lemma-torsion-pic-thickening;groupoids-lemma-abelian-variety-multiplication-by-d-etale,0C6S;0BFH,Current prime-to-characteristic torsion and abelian multiplication results do not prove smoothness of the whole tau locus of a relative Picard scheme near a smooth fibre
fga.236.s3.corollary.3-9,236,corollary,fga.236.s3,241,241,fr/236.tex:1049,en/236.tex:1003,266EEF77BF7BA34A75895ED69ACBFE791A2958DD52C2837D75AB29DF0D2F714A,picard-scheme;smoothness,morphisms-section-smooth;pic-section-picard-curve;pic-section-representability,01V4;0B9P;0B9R,D000295,existing_weaker,reviewed_gap,groupoids-lemma-group-scheme-characteristic-zero-smooth;quot-proposition-pic-functor,047N;0D2C,Stacks proves each locally algebraic fibre group is smooth in characteristic zero but lacks the relative tau subgroup scheme and the flatness argument needed for its smoothness over the base
fga.236.s3.remark.3-10,236,remark,fga.236.s3,241,241,fr/236.tex:1052,en/236.tex:1006,266EEF77BF7BA34A75895ED69ACBFE791A2958DD52C2837D75AB29DF0D2F714A,connected-component;flatness;neron-severi;picard-scheme;projectivity;properness;smoothness,more-morphisms-section-connected;morphisms-section-flat;morphisms-section-projective;morphisms-section-proper;morphisms-section-smooth;pic-section-picard-curve;pic-section-representability;topology-section-connected-components,004R;01U2;01V4;01W0;01W7;055C;0B9P;0B9R,D000296,historical_reference,reviewed_historical,more-morphisms-lemma-torsion-pic-thickening;groupoids-lemma-abelian-variety-multiplication-by-d-etale,0C6S;0BFH,The prime-to-residue-characteristic constancy statement and the p-primary and flatness questions for Neron--Severi torsion depend on absent component-group machinery and the open clauses are preserved as historical questions
fga.236.s3.remark.3-10.eq.u.n01,236,equation,fga.236.s3.remark.3-10,241,241,fr/236.tex:1065,en/236.tex:1018,266EEF77BF7BA34A75895ED69ACBFE791A2958DD52C2837D75AB29DF0D2F714A,,,,,structural_only,inherits_parent,,,Embedded component; use the parent unit's semantic disposition.
fga.236.s4,236,section,fga.236,241,243,fr/236.tex:1077,en/236.tex:1030,266EEF77BF7BA34A75895ED69ACBFE791A2958DD52C2837D75AB29DF0D2F714A,ampleness;boundedness;effectivity;finite-type;flatness;hilbert-polynomial;invertible-module;numerical-equivalence;picard-scheme;projectivity;separatedness;smoothness;torsion-equivalence,cohomology-section-invertible-sheaves;curves-section-torsion-in-pic;descent-definition-effective;descent-section-descent-datum;modules-section-invertible;moduli-section-quot-bounded;morphisms-section-finite-type;morphisms-section-flat;morphisms-section-projective;morphisms-section-relatively-ample;morphisms-section-smooth;pic-section-picard-curve;pic-section-representability;properties-section-ample;schemes-section-valuative-separatedness;varieties-section-num;varieties-subsection-boundedness;varieties-subsection-hilbert,01CR;01KY;01PR;01T0;01U2;01V4;01VG;01W7;023U;023Z;08A9;08AF;09NT;0B9P;0B9R;0BEL;0C1Y;0DP9,D000297,new_section,reviewed_gap,moduli-remark-hilb-numerical;varieties-lemma-bound-quotients-free;chow-lemma-degrees-and-numerical-intersections,0DPG;08AG;0BFI,Stacks treats Hilbert numerical strata regularity bounds and numerical intersections separately but has no Picard boundedness and Neron--Severi finiteness section
fga.236.s4.theorem.4-1,236,theorem,fga.236.s4,242,243,fr/236.tex:1117,en/236.tex:1065,266EEF77BF7BA34A75895ED69ACBFE791A2958DD52C2837D75AB29DF0D2F714A,ampleness;boundedness;effectivity;finite-type;hilbert-polynomial;invertible-module;picard-scheme;projectivity;smoothness,cohomology-section-invertible-sheaves;descent-definition-effective;descent-section-descent-datum;modules-section-invertible;moduli-section-quot-bounded;morphisms-section-finite-type;morphisms-section-projective;morphisms-section-relatively-ample;morphisms-section-smooth;pic-section-picard-curve;pic-section-representability;properties-section-ample;varieties-subsection-boundedness;varieties-subsection-hilbert,01CR;01PR;01T0;01V4;01VG;01W7;023U;023Z;08A9;08AF;09NT;0B9P;0B9R;0DP9,D000298,extend_existing,reviewed_gap,varieties-lemma-bound-quotients-free;moduli-remark-quot-numerical;chow-lemma-degrees-and-numerical-intersections,08AG;0DP6;0BFI,Regularity bounds support boundedness for a fixed full Hilbert polynomial but current Stacks does not prove the equivalence with finitely many Picard polynomial strata the two-coefficient criterion or the two intersection-number bounds for line bundles
fga.236.s4.theorem.4-1.eq.u.n01,236,equation,fga.236.s4.theorem.4-1,242,242,fr/236.tex:1125,en/236.tex:1073,266EEF77BF7BA34A75895ED69ACBFE791A2958DD52C2837D75AB29DF0D2F714A,,,,,structural_only,inherits_parent,,,Embedded component; use the parent unit's semantic disposition.
fga.236.s4.theorem.4-1.item.a,236,subitem,fga.236.s4.theorem.4-1,242,242,fr/236.tex:1131,en/236.tex:1079,266EEF77BF7BA34A75895ED69ACBFE791A2958DD52C2837D75AB29DF0D2F714A,,,,,structural_only,inherits_parent,,,Embedded component; use the parent unit's semantic disposition.
fga.236.s4.theorem.4-1.item.b,236,subitem,fga.236.s4.theorem.4-1,242,242,fr/236.tex:1136,en/236.tex:1084,266EEF77BF7BA34A75895ED69ACBFE791A2958DD52C2837D75AB29DF0D2F714A,,,,,structural_only,inherits_parent,,,Embedded component; use the parent unit's semantic disposition.
fga.236.s4.theorem.4-1.item.bprime,236,subitem,fga.236.s4.theorem.4-1,242,242,fr/236.tex:1140,en/236.tex:1088,266EEF77BF7BA34A75895ED69ACBFE791A2958DD52C2837D75AB29DF0D2F714A,,,,,structural_only,inherits_parent,,,Embedded component; use the parent unit's semantic disposition.
fga.236.s4.theorem.4-1.eq.u.n02,236,equation,fga.236.s4.theorem.4-1,243,243,fr/236.tex:1148,en/236.tex:1096,266EEF77BF7BA34A75895ED69ACBFE791A2958DD52C2837D75AB29DF0D2F714A,,,,,structural_only,inherits_parent,,,Embedded component; use the parent unit's semantic disposition.
fga.236.s4.corollary.4-2,236,corollary,fga.236.s4,243,243,fr/236.tex:1153,en/236.tex:1101,266EEF77BF7BA34A75895ED69ACBFE791A2958DD52C2837D75AB29DF0D2F714A,finite-type;picard-scheme;projectivity;smoothness,morphisms-section-finite-type;morphisms-section-projective;morphisms-section-smooth;pic-section-picard-curve;pic-section-representability,01T0;01V4;01W7;0B9P;0B9R,D000299,new_statement,reviewed_gap,quot-proposition-pic-functor;moduli-lemma-hilb-proper-over-base;moduli-remark-hilb-numerical,0D2C;0DPH;0DPG,The current Picard functor is only an algebraic space locally of finite presentation and the Hilbert numerical pieces are proper algebraic spaces so projectivity of every Picard polynomial piece and the tau locus is not established
fga.236.bib,236,bibliography,fga.236,243,243,fr/236.tex:1160,en/236.tex:1108,266EEF77BF7BA34A75895ED69ACBFE791A2958DD52C2837D75AB29DF0D2F714A,,,,,structural_only,classified,,,Source or corpus structure; no independent Stacks object.
fga.236.bib.ref.1,236,bibliography_item,fga.236.bib,243,243,fr/236.tex:1164,en/236.tex:1112,266EEF77BF7BA34A75895ED69ACBFE791A2958DD52C2837D75AB29DF0D2F714A,,,,,structural_only,classified,,,Source or corpus structure; no independent Stacks object.
fga.236.bib.ref.2,236,bibliography_item,fga.236.bib,243,243,fr/236.tex:1167,en/236.tex:1115,266EEF77BF7BA34A75895ED69ACBFE791A2958DD52C2837D75AB29DF0D2F714A,,,,,structural_only,classified,,,Source or corpus structure; no independent Stacks object.
fga.236.bib.ref.3,236,bibliography_item,fga.236.bib,243,243,fr/236.tex:1171,en/236.tex:1120,266EEF77BF7BA34A75895ED69ACBFE791A2958DD52C2837D75AB29DF0D2F714A,,,,,structural_only,classified,,,Source or corpus structure; no independent Stacks object.
fga.236.bib.ref.4,236,bibliography_item,fga.236.bib,243,243,fr/236.tex:1178,en/236.tex:1125,266EEF77BF7BA34A75895ED69ACBFE791A2958DD52C2837D75AB29DF0D2F714A,,,,,structural_only,classified,,,Source or corpus structure; no independent Stacks object.
fga.236.bib.ref.5,236,bibliography_item,fga.236.bib,243,243,fr/236.tex:1181,en/236.tex:1128,266EEF77BF7BA34A75895ED69ACBFE791A2958DD52C2837D75AB29DF0D2F714A,,,,,structural_only,classified,,,Source or corpus structure; no independent Stacks object.
fga.236.bib.ref.6,236,bibliography_item,fga.236.bib,243,243,fr/236.tex:1185,en/236.tex:1132,266EEF77BF7BA34A75895ED69ACBFE791A2958DD52C2837D75AB29DF0D2F714A,,,,,structural_only,classified,,,Source or corpus structure; no independent Stacks object.
fga.236.bib.ref.7,236,bibliography_item,fga.236.bib,243,243,fr/236.tex:1188,en/236.tex:1135,266EEF77BF7BA34A75895ED69ACBFE791A2958DD52C2837D75AB29DF0D2F714A,,,,,structural_only,classified,,,Source or corpus structure; no independent Stacks object.
fga.236.bib.ref.8,236,bibliography_item,fga.236.bib,243,243,fr/236.tex:1191,en/236.tex:1138,266EEF77BF7BA34A75895ED69ACBFE791A2958DD52C2837D75AB29DF0D2F714A,,,,,structural_only,classified,,,Source or corpus structure; no independent Stacks object.
fga.e236,e236,erratum,fga,303,307,fr/e236.tex:1,en/e236.tex:1,D8FFB36337F12CE15F9E15E917174A4C5EDCBD28C5B0CD9F0A501098DB8BD61B,ampleness;boundedness;descent;descent-datum;effectivity;euler-characteristic;finite-type;flatness;frobenius-radicial;group-scheme;hilbert-polynomial;invertible-module;neron-severi;normality;numerical-equivalence;picard-scheme;projectivity;properness;serre-s2;smoothness,cohomology-section-invertible-sheaves;descent-definition-effective;descent-section-descent-datum;descent-section-equivalence;descent-section-fpqc-descent-quasi-coherent;descent-section-introduction;groupoids-section-group-schemes;groupoids-section-properties-group-schemes-field;modules-section-invertible;moduli-section-quot-bounded;more-morphisms-section-normal;morphisms-section-finite-type;morphisms-section-flat;morphisms-section-projective;morphisms-section-proper;morphisms-section-radicial;morphisms-section-relatively-ample;morphisms-section-smooth;pic-section-picard-curve;pic-section-representability;properties-section-Rk;properties-section-ample;properties-section-normal;spaces-over-fields-section-euler;varieties-section-euler;varieties-section-frobenius;varieties-section-num;varieties-subsection-boundedness;varieties-subsection-hilbert,01CR;01PR;01S2;01T0;01U2;01V4;01VG;01W0;01W7;022R;0239;023A;023R;023U;023Z;033H;033P;038Z;047J;08A9;08AF;09NT;0B9P;0B9R;0BEI;0BEL;0CC6;0DN0;0DP9,D000300,new_section,reviewed_gap,more-morphisms-lemma-H1-O-picard-flat-proper;varieties-lemma-bound-quotients-free;chow-lemma-degrees-and-numerical-intersections;more-morphisms-lemma-torsion-pic-thickening,0BF1;08AG;0BFI;0C6S,The supplement corrects two Laurent-line statements and one sentence then adds nine finiteness and numerical-equivalence results including finite-type pullback power maps tau finite type bounded Neron--Severi groups curve-degree tests and open-and-closed tau; these are not assembled in current Stacks and require a dedicated new section
fga.e236.p303,e236,source_page,fga.e236,303,303,fr/e236.tex:5,en/e236.tex:4,D8FFB36337F12CE15F9E15E917174A4C5EDCBD28C5B0CD9F0A501098DB8BD61B,,,,,structural_only,classified,,,Source or corpus structure; no independent Stacks object.
fga.e236.p304,e236,source_page,fga.e236,304,304,fr/e236.tex:39,en/e236.tex:37,D8FFB36337F12CE15F9E15E917174A4C5EDCBD28C5B0CD9F0A501098DB8BD61B,,,,,structural_only,classified,,,Source or corpus structure; no independent Stacks object.
fga.e236.p305,e236,source_page,fga.e236,305,305,fr/e236.tex:100,en/e236.tex:95,D8FFB36337F12CE15F9E15E917174A4C5EDCBD28C5B0CD9F0A501098DB8BD61B,,,,,structural_only,classified,,,Source or corpus structure; no independent Stacks object.
fga.e236.p306,e236,source_page,fga.e236,306,306,fr/e236.tex:161,en/e236.tex:152,D8FFB36337F12CE15F9E15E917174A4C5EDCBD28C5B0CD9F0A501098DB8BD61B,,,,,structural_only,classified,,,Source or corpus structure; no independent Stacks object.
fga.e236.p307,e236,source_page,fga.e236,307,307,fr/e236.tex:210,en/e236.tex:195,D8FFB36337F12CE15F9E15E917174A4C5EDCBD28C5B0CD9F0A501098DB8BD61B,,,,,structural_only,classified,,,Source or corpus structure; no independent Stacks object.
fga.e236.item.u.n01,e236,subitem,fga.e236,303,303,fr/e236.tex:7,en/e236.tex:6,D8FFB36337F12CE15F9E15E917174A4C5EDCBD28C5B0CD9F0A501098DB8BD61B,,,,,structural_only,inherits_parent,,,Embedded component; use the parent unit's semantic disposition.
fga.e236.item.u.n02,e236,subitem,fga.e236,303,303,fr/e236.tex:13,en/e236.tex:12,D8FFB36337F12CE15F9E15E917174A4C5EDCBD28C5B0CD9F0A501098DB8BD61B,,,,,structural_only,inherits_parent,,,Embedded component; use the parent unit's semantic disposition.
fga.e236.item.u.n03,e236,subitem,fga.e236,303,303,fr/e236.tex:16,en/e236.tex:15,D8FFB36337F12CE15F9E15E917174A4C5EDCBD28C5B0CD9F0A501098DB8BD61B,,,,,structural_only,inherits_parent,,,Embedded component; use the parent unit's semantic disposition.
fga.e236.item.u.n04,e236,subitem,fga.e236,303,303,fr/e236.tex:19,en/e236.tex:17,D8FFB36337F12CE15F9E15E917174A4C5EDCBD28C5B0CD9F0A501098DB8BD61B,,,,,structural_only,inherits_parent,,,Embedded component; use the parent unit's semantic disposition.
fga.e236.item.u.n05,e236,subitem,fga.e236,303,303,fr/e236.tex:22,en/e236.tex:21,D8FFB36337F12CE15F9E15E917174A4C5EDCBD28C5B0CD9F0A501098DB8BD61B,,,,,structural_only,inherits_parent,,,Embedded component; use the parent unit's semantic disposition.
fga.e236.item.i,e236,subitem,fga.e236,303,303,fr/e236.tex:33,en/e236.tex:31,D8FFB36337F12CE15F9E15E917174A4C5EDCBD28C5B0CD9F0A501098DB8BD61B,,,,,structural_only,inherits_parent,,,Embedded component; use the parent unit's semantic disposition.
fga.e236.eq.u.n01,e236,equation,fga.e236,303,303,fr/e236.tex:34,en/e236.tex:32,D8FFB36337F12CE15F9E15E917174A4C5EDCBD28C5B0CD9F0A501098DB8BD61B,,,,,structural_only,inherits_parent,,,Embedded component; use the parent unit's semantic disposition.
fga.e236.item.ii,e236,subitem,fga.e236,304,304,fr/e236.tex:40,en/e236.tex:38,D8FFB36337F12CE15F9E15E917174A4C5EDCBD28C5B0CD9F0A501098DB8BD61B,,,,,structural_only,inherits_parent,,,Embedded component; use the parent unit's semantic disposition.
fga.e236.eq.u.n02,e236,equation,fga.e236,304,304,fr/e236.tex:45,en/e236.tex:43,D8FFB36337F12CE15F9E15E917174A4C5EDCBD28C5B0CD9F0A501098DB8BD61B,,,,,structural_only,inherits_parent,,,Embedded component; use the parent unit's semantic disposition.
fga.e236.item.iii,e236,subitem,fga.e236,304,304,fr/e236.tex:49,en/e236.tex:47,D8FFB36337F12CE15F9E15E917174A4C5EDCBD28C5B0CD9F0A501098DB8BD61B,,,,,structural_only,inherits_parent,,,Embedded component; use the parent unit's semantic disposition.
fga.e236.eq.u.n03,e236,equation,fga.e236,304,304,fr/e236.tex:56,en/e236.tex:53,D8FFB36337F12CE15F9E15E917174A4C5EDCBD28C5B0CD9F0A501098DB8BD61B,,,,,structural_only,inherits_parent,,,Embedded component; use the parent unit's semantic disposition.
fga.e236.item.iv,e236,subitem,fga.e236,304,304,fr/e236.tex:60,en/e236.tex:57,D8FFB36337F12CE15F9E15E917174A4C5EDCBD28C5B0CD9F0A501098DB8BD61B,,,,,structural_only,inherits_parent,,,Embedded component; use the parent unit's semantic disposition.
fga.e236.item.v,e236,subitem,fga.e236,304,304,fr/e236.tex:79,en/e236.tex:74,D8FFB36337F12CE15F9E15E917174A4C5EDCBD28C5B0CD9F0A501098DB8BD61B,,,,,structural_only,inherits_parent,,,Embedded component; use the parent unit's semantic disposition.
fga.e236.item.vi,e236,subitem,fga.e236,304,304,fr/e236.tex:93,en/e236.tex:88,D8FFB36337F12CE15F9E15E917174A4C5EDCBD28C5B0CD9F0A501098DB8BD61B,,,,,structural_only,inherits_parent,,,Embedded component; use the parent unit's semantic disposition.
fga.e236.eq.u.n04,e236,equation,fga.e236,304,304,fr/e236.tex:95,en/e236.tex:90,D8FFB36337F12CE15F9E15E917174A4C5EDCBD28C5B0CD9F0A501098DB8BD61B,,,,,structural_only,inherits_parent,,,Embedded component; use the parent unit's semantic disposition.
fga.e236.item.vii,e236,subitem,fga.e236,305,305,fr/e236.tex:110,en/e236.tex:104,D8FFB36337F12CE15F9E15E917174A4C5EDCBD28C5B0CD9F0A501098DB8BD61B,,,,,structural_only,inherits_parent,,,Embedded component; use the parent unit's semantic disposition.
fga.e236.eq.u.n05,e236,equation,fga.e236,305,305,fr/e236.tex:115,en/e236.tex:108,D8FFB36337F12CE15F9E15E917174A4C5EDCBD28C5B0CD9F0A501098DB8BD61B,,,,,structural_only,inherits_parent,,,Embedded component; use the parent unit's semantic disposition.
fga.e236.item.viii,e236,subitem,fga.e236,305,305,fr/e236.tex:130,en/e236.tex:122,D8FFB36337F12CE15F9E15E917174A4C5EDCBD28C5B0CD9F0A501098DB8BD61B,,,,,structural_only,inherits_parent,,,Embedded component; use the parent unit's semantic disposition.
fga.e236.item.a,e236,subitem,fga.e236,305,305,fr/e236.tex:132,en/e236.tex:125,D8FFB36337F12CE15F9E15E917174A4C5EDCBD28C5B0CD9F0A501098DB8BD61B,,,,,structural_only,inherits_parent,,,Embedded component; use the parent unit's semantic disposition.
fga.e236.item.b,e236,subitem,fga.e236,305,305,fr/e236.tex:134,en/e236.tex:127,D8FFB36337F12CE15F9E15E917174A4C5EDCBD28C5B0CD9F0A501098DB8BD61B,,,,,structural_only,inherits_parent,,,Embedded component; use the parent unit's semantic disposition.
fga.e236.eq.u.n06,e236,equation,fga.e236,305,305,fr/e236.tex:136,en/e236.tex:129,D8FFB36337F12CE15F9E15E917174A4C5EDCBD28C5B0CD9F0A501098DB8BD61B,,,,,structural_only,inherits_parent,,,Embedded component; use the parent unit's semantic disposition.
fga.e236.item.bprime,e236,subitem,fga.e236,305,305,fr/e236.tex:140,en/e236.tex:133,D8FFB36337F12CE15F9E15E917174A4C5EDCBD28C5B0CD9F0A501098DB8BD61B,,,,,structural_only,inherits_parent,,,Embedded component; use the parent unit's semantic disposition.
fga.e236.item.c,e236,subitem,fga.e236,305,305,fr/e236.tex:143,en/e236.tex:136,D8FFB36337F12CE15F9E15E917174A4C5EDCBD28C5B0CD9F0A501098DB8BD61B,,,,,structural_only,inherits_parent,,,Embedded component; use the parent unit's semantic disposition.
fga.e236.eq.u.n07,e236,equation,fga.e236,305,305,fr/e236.tex:146,en/e236.tex:138,D8FFB36337F12CE15F9E15E917174A4C5EDCBD28C5B0CD9F0A501098DB8BD61B,,,,,structural_only,inherits_parent,,,Embedded component; use the parent unit's semantic disposition.
fga.e236.item.d,e236,subitem,fga.e236,305,305,fr/e236.tex:153,en/e236.tex:144,D8FFB36337F12CE15F9E15E917174A4C5EDCBD28C5B0CD9F0A501098DB8BD61B,,,,,structural_only,inherits_parent,,,Embedded component; use the parent unit's semantic disposition.
fga.e236.item.e,e236,subitem,fga.e236,305,305,fr/e236.tex:155,en/e236.tex:146,D8FFB36337F12CE15F9E15E917174A4C5EDCBD28C5B0CD9F0A501098DB8BD61B,,,,,structural_only,inherits_parent,,,Embedded component; use the parent unit's semantic disposition.
fga.e236.eq.u.n08,e236,equation,fga.e236,305,305,fr/e236.tex:157,en/e236.tex:148,D8FFB36337F12CE15F9E15E917174A4C5EDCBD28C5B0CD9F0A501098DB8BD61B,,,,,structural_only,inherits_parent,,,Embedded component; use the parent unit's semantic disposition.
fga.e236.item.ix,e236,subitem,fga.e236,306,306,fr/e236.tex:177,en/e236.tex:167,D8FFB36337F12CE15F9E15E917174A4C5EDCBD28C5B0CD9F0A501098DB8BD61B,,,,,structural_only,inherits_parent,,,Embedded component; use the parent unit's semantic disposition.
fga.e236.eq.u.n09,e236,equation,fga.e236,307,307,fr/e236.tex:213,en/e236.tex:198,D8FFB36337F12CE15F9E15E917174A4C5EDCBD28C5B0CD9F0A501098DB8BD61B,,,,,structural_only,inherits_parent,,,Embedded component; use the parent unit's semantic disposition.
fga.com,com,comment,fga,297,298,fr/com.tex:1,en/com.tex:1,EC50BEB1757358D5512CFE3836F8FBC49D8E24D96A2AEA771EA1A1960F772EF6,descent,descent-section-fpqc-descent-quasi-coherent;descent-section-introduction,0239;023R,D000301,historical_reference,reviewed_historical,descent-section-introduction,0239,The two-page 1962 Commentaires item is the editorial gateway to the eight linked errata and records the contemporary publication context rather than adding an independent mathematical assertion
fga.com.p297,com,source_page,fga.com,297,297,fr/com.tex:3,en/com.tex:3,EC50BEB1757358D5512CFE3836F8FBC49D8E24D96A2AEA771EA1A1960F772EF6,,,,,structural_only,classified,,,Source or corpus structure; no independent Stacks object.
fga.com.p298,com,source_page,fga.com,298,298,fr/com.tex:44,en/com.tex:44,EC50BEB1757358D5512CFE3836F8FBC49D8E24D96A2AEA771EA1A1960F772EF6,,,,,structural_only,classified,,,Source or corpus structure; no independent Stacks object.
fga.com.sec.avertissement,com,section,fga.com,297,297,fr/com.tex:8,en/com.tex:8,EC50BEB1757358D5512CFE3836F8FBC49D8E24D96A2AEA771EA1A1960F772EF6,,,,D000302,historical_reference,reviewed_historical,descent-section-introduction,0239,The notice explains why the eight exposés were gathered and routes the reader to the item-linked comments errata and seminar lineages so it is preserved as corpus provenance
fga.com.sec.sigles-employes,com,section,fga.com,297,298,fr/com.tex:37,en/com.tex:37,EC50BEB1757358D5512CFE3836F8FBC49D8E24D96A2AEA771EA1A1960F772EF6,descent,descent-section-fpqc-descent-quasi-coherent;descent-section-introduction,0239;023R,D000303,historical_reference,reviewed_historical,descent-section-introduction,0239,The abbreviation list identifies SGA SHG SHMT EGA and TDTE references used by the correction apparatus and is retained as bibliographic provenance rather than mapped as mathematics
fga.com.sec.sigles-employes.item.sga,com,subitem,fga.com.sec.sigles-employes,297,297,fr/com.tex:41,en/com.tex:41,EC50BEB1757358D5512CFE3836F8FBC49D8E24D96A2AEA771EA1A1960F772EF6,,,,,structural_only,inherits_parent,,,Embedded component; use the parent unit's semantic disposition.
fga.com.sec.sigles-employes.item.shg,com,subitem,fga.com.sec.sigles-employes,298,298,fr/com.tex:45,en/com.tex:45,EC50BEB1757358D5512CFE3836F8FBC49D8E24D96A2AEA771EA1A1960F772EF6,,,,,structural_only,inherits_parent,,,Embedded component; use the parent unit's semantic disposition.
fga.com.sec.sigles-employes.item.shmt,com,subitem,fga.com.sec.sigles-employes,298,298,fr/com.tex:47,en/com.tex:47,EC50BEB1757358D5512CFE3836F8FBC49D8E24D96A2AEA771EA1A1960F772EF6,,,,,structural_only,inherits_parent,,,Embedded component; use the parent unit's semantic disposition.
fga.com.sec.sigles-employes.item.ega,com,subitem,fga.com.sec.sigles-employes,298,298,fr/com.tex:49,en/com.tex:49,EC50BEB1757358D5512CFE3836F8FBC49D8E24D96A2AEA771EA1A1960F772EF6,,,,,structural_only,inherits_parent,,,Embedded component; use the parent unit's semantic disposition.
fga.com.sec.sigles-employes.item.tdte,com,subitem,fga.com.sec.sigles-employes,298,298,fr/com.tex:54,en/com.tex:54,EC50BEB1757358D5512CFE3836F8FBC49D8E24D96A2AEA771EA1A1960F772EF6,,,,,structural_only,inherits_parent,,,Embedded component; use the parent unit's semantic disposition.
