unit_id,item,unit_type,parent_id,source_start,source_end,source_loc,authority_sha256,source_topics,topic_evidence_labels,topic_evidence_tags,decision_id,disposition,review_state,stacks_labels,stacks_tags,rationale
tohoku:term:abelian-category,121;127,term,tohoku:section:1.4,121,127,sem/r18/nodes.csv:2,5A8E5720BC2EF8905BF85F7919C65AC4A87A31CFC854BD77E6B5084C0D2DEBEF,abelian,homology-section-abelian-categories,00ZX,D000001,existing_equivalent,reviewed_equivalent,homology-definition-abelian-category,0109,"The definitions agree: additive category, all kernels and cokernels, and every canonical coimage-to-image map is an isomorphism."
tohoku:term:acyclicity-criterion,121;158,term,tohoku:section:3.3,121,158,sem/r18/nodes.csv:3,5A8E5720BC2EF8905BF85F7919C65AC4A87A31CFC854BD77E6B5084C0D2DEBEF,derived-functor,cohomology-section-derived-functors;derived-section-right-derived-functor,0156;0716,D000219,structural_only,reviewed_structural,derived-lemma-subcategory-right-acyclics,05T8,"The source index term points to the class-based criterion of Lemma 3.3.1. The tagged Stacks lemma supplies the analogous acyclic-resolution mechanism, but this term is only a cross-sectional concept, not a standalone assertion."
tohoku:term:additive-category,121;126,term,tohoku:section:1.3,121,126,sem/r18/nodes.csv:4,5A8E5720BC2EF8905BF85F7919C65AC4A87A31CFC854BD77E6B5084C0D2DEBEF,additive,homology-section-additive-categories,09SE,D000002,existing_equivalent,reviewed_equivalent,homology-definition-additive-category,0104,Grothendieck's additive category is the Stacks preadditive category with zero object and binary biproducts; Stacks packages this as finite products.
tohoku:term:category,121;122,term,tohoku:section:1.1,121,122,sem/r18/nodes.csv:5,5A8E5720BC2EF8905BF85F7919C65AC4A87A31CFC854BD77E6B5084C0D2DEBEF,,,,D001049,existing_equivalent,integrated_source_stacks_and_independent_review,categories-definition-category;categories-remark-category-convention-boundary,0014,The derived category term is fully represented by the Stacks category definition together with the source-specific convention-boundary remark; the admitted p. 122 body coordinate supplies the exact source content and no additional live statement is needed.
tohoku:term:cech-cohomology,121;174,term,tohoku:section:3.8,121,174,sem/r18/nodes.csv:6,5A8E5720BC2EF8905BF85F7919C65AC4A87A31CFC854BD77E6B5084C0D2DEBEF,cech,cohomology-section-cech;cohomology-section-cech-cohomology-cohomology,01ED;01EO,D000220,existing_equivalent,reviewed_equivalent,cohomology-section-refinements-cech,09UY,Both treatments form Čech cohomology from coverings and refinement maps; the tagged Stacks section is the direct modern home for the indexed notion.
tohoku:term:closed-subspace-exact-sequence,121;166,term,tohoku:section:3.5,121,166,sem/r18/nodes.csv:7,5A8E5720BC2EF8905BF85F7919C65AC4A87A31CFC854BD77E6B5084C0D2DEBEF,,,,D000221,structural_only,reviewed_structural,modules-lemma-canonical-exact-sequence,02UT,"The source term names the package developed in Section 3.5. Stacks has the corresponding canonical exact sequence, but the index headword itself carries no separate theorem to identify."
tohoku:term:cogenerator,121;134,term,tohoku:section:1.9,121,134,sem/r18/nodes.csv:8,5A8E5720BC2EF8905BF85F7919C65AC4A87A31CFC854BD77E6B5084C0D2DEBEF,grothendieck-category;injectives,derived-section-injective-resolutions;homology-section-injectives;injectives-section-grothendieck-categories;injectives-section-grothendieck-conditions,0134;013G;05AB;079A,D000721,existing_equivalent,integrated_source_stacks_and_independent_review,injectives-definition-grothendieck-conditions,079B,Stacks now defines a cogenerator by the exact dual factorization criterion: every proper quotient is detected by a map to the cogenerator which does not factor through that quotient.
tohoku:term:cohomological-dimension,121;167,term,tohoku:section:3.6,121,167,sem/r18/nodes.csv:9,5A8E5720BC2EF8905BF85F7919C65AC4A87A31CFC854BD77E6B5084C0D2DEBEF,,,,D000222,structural_only,reviewed_structural,cohomology-proposition-cohomological-dimension-spectral,0A3G,"The source headword indexes the later cohomological-dimension discussion. The tagged Stacks proposition is a directly related spectral bound, not a literal definition of the term."
tohoku:term:cohomology-with-supports,121;156,term,tohoku:section:3.2,121,156,sem/r18/nodes.csv:10,5A8E5720BC2EF8905BF85F7919C65AC4A87A31CFC854BD77E6B5084C0D2DEBEF,support,cohomology-section-cohomology-support,0A39,D000966,existing_equivalent,integrated_source_stacks_and_independent_review,cohomology-definition-family-supports;cohomology-lemma-cohomology-family-supports,,"Stacks now defines a family of supports, Gamma_Phi, and H^p_Phi as its universal right-derived cohomological functor, including negative and zero degrees and acyclic-resolution computation. This is the exact source notion, not only the closed-subset special case."
tohoku:term:covering-method,121;179,term,tohoku:section:3.9,121,179,sem/r18/nodes.csv:11,5A8E5720BC2EF8905BF85F7919C65AC4A87A31CFC854BD77E6B5084C0D2DEBEF,cech,cohomology-section-cech;cohomology-section-cech-cohomology-cohomology,01ED;01EO,D000224,structural_only,reviewed_structural,cohomology-section-cech;cohomology-section-refinements-cech,01ED;09UY,"The source uses method of coverings as an umbrella for several Čech constructions and acyclicity criteria. The two tagged sections provide the infrastructure, but no single labelled statement is the term."
tohoku:term:delta-functor,121;139,term,tohoku:section:2.1,121,139,sem/r18/nodes.csv:12,5A8E5720BC2EF8905BF85F7919C65AC4A87A31CFC854BD77E6B5084C0D2DEBEF,delta-functor,homology-section-cohomological-delta-functor,010P,D000122,structural_only,reviewed_structural,homology-definition-cohomological-delta-functor,010Q,Stacks uses delta-functor for an exact cohomological sequence in degrees n>=0 between abelian categories; Tohoku's term points to broader nonexact partial-degree data with merely additive codomain.
tohoku:term:delta-star-functor,121;139,term,tohoku:section:2.1,121,139,sem/r18/nodes.csv:13,5A8E5720BC2EF8905BF85F7919C65AC4A87A31CFC854BD77E6B5084C0D2DEBEF,,,,D000123,structural_only,reviewed_structural,,,"No local generic lowering-degree delta-star notion exists. The nearby exact-duality lemma changes variance but does not define delta-star, and its TeX label has no tag entry."
tohoku:term:derived-delta-functor,121;140,term,tohoku:section:2.2,121,140,sem/r18/nodes.csv:14,5A8E5720BC2EF8905BF85F7919C65AC4A87A31CFC854BD77E6B5084C0D2DEBEF,delta-functor,homology-section-cohomological-delta-functor,010P,D000124,structural_only,reviewed_structural,,,"The printed contents says derived delta-functor while the printed body heading and definition say universal delta-functor; direct-source replay establishes a genuine title variant, so this contents term is retained only as a structural alias and is not mapped to a Stacks tag."
tohoku:term:derived-functor,121;143,term,tohoku:section:2.3,121,143,sem/r18/nodes.csv:15,5A8E5720BC2EF8905BF85F7919C65AC4A87A31CFC854BD77E6B5084C0D2DEBEF,derived-functor,cohomology-section-derived-functors;derived-section-right-derived-functor,0156;0716,D000125,structural_only,reviewed_structural,derived-definition-derived-functor;derived-definition-higher-derived-functors,0157;015A,The local definitions give derived functors and their cohomology-object functors; Tohoku's body uses the classical injective/projective-resolution realization.
tohoku:term:diagram-category,121;130,term,tohoku:section:1.6,121,130,sem/r18/nodes.csv:16,5A8E5720BC2EF8905BF85F7919C65AC4A87A31CFC854BD77E6B5084C0D2DEBEF,,,,D000687,existing_equivalent,integrated_source_stacks_and_independent_review,homology-section-additive-diagrams-relations;homology-definition-additive-diagram-relations,,Stacks now constructs the category of representations of a directed graph with integral path relations as additive functors from the corresponding free preadditive path category modulo relations. This is the source's category of diagrams in a Stacks-native formulation.
tohoku:term:diagram-scheme,121;131,term,tohoku:section:1.7,121,131,sem/r18/nodes.csv:17,5A8E5720BC2EF8905BF85F7919C65AC4A87A31CFC854BD77E6B5084C0D2DEBEF,,,,D000701,existing_equivalent,integrated_source_stacks_and_independent_review,homology-definition-additive-diagram-relations,,"Stacks now defines a directed graph scheme by a vertex set, arrow set, and source and target maps, then uses it to construct graph-shaped and additive diagrams with relations."
tohoku:term:functor,121;124,term,tohoku:section:1.2,121,124,sem/r18/nodes.csv:18,5A8E5720BC2EF8905BF85F7919C65AC4A87A31CFC854BD77E6B5084C0D2DEBEF,,,,D000007,existing_equivalent,reviewed_equivalent,categories-definition-functor,001B,"The object map, morphism maps, identity preservation, and composition preservation agree exactly for covariant functors."
tohoku:term:generator,121;134,term,tohoku:section:1.9,121,134,sem/r18/nodes.csv:19,5A8E5720BC2EF8905BF85F7919C65AC4A87A31CFC854BD77E6B5084C0D2DEBEF,grothendieck-category,injectives-section-grothendieck-categories;injectives-section-grothendieck-conditions,05AB;079A,D000722,existing_equivalent,integrated_source_stacks_and_independent_review,injectives-definition-grothendieck-conditions,079B,"Stacks now states the generator criterion as the singleton case of a set-indexed family of generators, matching the source's factorization-through-proper-subobjects definition in the abelian setting used by this chapter."
tohoku:term:global-ext,121;187,term,tohoku:section:4.2,121,187,sem/r18/nodes.csv:20,5A8E5720BC2EF8905BF85F7919C65AC4A87A31CFC854BD77E6B5084C0D2DEBEF;8D632A04EE0FA987B40B721BEE6E64BB3E641D6A1CE02335556213F1564C9A53,ext,cohomology-section-ext;derived-section-ext,06XP;0BQP,D000225,existing_equivalent,reviewed_equivalent,cohomology-section-global-RHom,0B6A,The source global Ext is the derived global Hom object and its cohomology. Stacks packages the same construction through global derived Hom.
tohoku:term:global-hom,121;185,term,tohoku:section:4.1,121,185,sem/r18/nodes.csv:21,5A8E5720BC2EF8905BF85F7919C65AC4A87A31CFC854BD77E6B5084C0D2DEBEF;8D632A04EE0FA987B40B721BEE6E64BB3E641D6A1CE02335556213F1564C9A53,,,,D000226,existing_equivalent,reviewed_equivalent,modules-lemma-internal-hom,01CN,The source global Hom is obtained from morphisms or global sections of the internal Hom sheaf; the tagged Stacks lemma gives the same Hom identification.
tohoku:term:homological-algebra,121;139,term,tohoku:chapter:II,121,139,sem/r18/nodes.csv:22,5A8E5720BC2EF8905BF85F7919C65AC4A87A31CFC854BD77E6B5084C0D2DEBEF,,,,D000126,structural_only,reviewed_structural,,,"This is only the chapter-level subject heading, not a mathematical assertion with a single local Stacks target."
tohoku:term:inductive-limit,121;133,term,tohoku:section:1.8,121,133,sem/r18/nodes.csv:23,5A8E5720BC2EF8905BF85F7919C65AC4A87A31CFC854BD77E6B5084C0D2DEBEF,limits,categories-section-directed-colimits;categories-section-limits;cohomology-section-limits,002D;01FE;04AX,D000009,existing_equivalent,reviewed_equivalent,categories-definition-system-over-poset;categories-definition-colimit,0030;002F,The source inductive system is the Stacks system over a preorder and its inductive limit is precisely the colimit universal property.
tohoku:term:infinite-product,121;128,term,tohoku:section:1.5,121,128,sem/r18/nodes.csv:24,5A8E5720BC2EF8905BF85F7919C65AC4A87A31CFC854BD77E6B5084C0D2DEBEF,,,,D000010,existing_equivalent,reviewed_equivalent,categories-definition-product,002I,Both define an arbitrary set-indexed product by the same universal property and canonical projections.
tohoku:term:infinite-sum,121;128,term,tohoku:section:1.5,121,128,sem/r18/nodes.csv:25,5A8E5720BC2EF8905BF85F7919C65AC4A87A31CFC854BD77E6B5084C0D2DEBEF,,,,D000011,existing_equivalent,reviewed_equivalent,categories-definition-coproduct,002J,"The source's arbitrary direct sum in a category is the Stacks coproduct, with the same universal property and canonical injections/coprojections."
tohoku:term:injective-object,121;135,term,tohoku:section:1.10,121,135,sem/r18/nodes.csv:26,5A8E5720BC2EF8905BF85F7919C65AC4A87A31CFC854BD77E6B5084C0D2DEBEF,injectives,derived-section-injective-resolutions;homology-section-injectives,0134;013G,D000012,existing_equivalent,reviewed_equivalent,homology-definition-injective;homology-lemma-characterize-injectives,0135;0136,"Stacks gives the extension definition and proves its equivalence with exactness of Hom(-,I), exactly the two source formulations."
tohoku:term:leray-spectral-sequence,121;171,term,tohoku:section:3.7,121,171,sem/r18/nodes.csv:27,5A8E5720BC2EF8905BF85F7919C65AC4A87A31CFC854BD77E6B5084C0D2DEBEF,spectral-sequence,homology-section-spectral-sequence,011M,D000227,existing_equivalent,reviewed_equivalent,cohomology-section-Leray;cohomology-lemma-Leray,01EY;01F2,"The source and Stacks use the same Leray spectral sequence for a continuous map and a sheaf, with the tagged lemma giving the actual spectral sequence."
tohoku:term:limit-in-sheaf-cohomology,121;181,term,tohoku:section:3.10,121,181,sem/r18/nodes.csv:28,5A8E5720BC2EF8905BF85F7919C65AC4A87A31CFC854BD77E6B5084C0D2DEBEF,limits;sheaf-cohomology,categories-section-directed-colimits;categories-section-limits;cohomology-section-cohomology-sheaves;cohomology-section-limits,002D;01DZ;01FE;04AX,D000228,structural_only,reviewed_structural,cohomology-section-limits,01FE,The source term indexes two passage-to-the-limit results rather than defining one object. The tagged Stacks section is the verified thematic counterpart.
tohoku:term:local-ext,121;187,term,tohoku:section:4.2,121,187,sem/r18/nodes.csv:29,5A8E5720BC2EF8905BF85F7919C65AC4A87A31CFC854BD77E6B5084C0D2DEBEF;8D632A04EE0FA987B40B721BEE6E64BB3E641D6A1CE02335556213F1564C9A53,ext,cohomology-section-ext;derived-section-ext,06XP;0BQP,D000229,existing_equivalent,reviewed_equivalent,cohomology-section-ext,0BQP,The source local Ext is the sheaf-valued derived Hom construction. The tagged Stacks Ext section develops that same local derived object.
tohoku:term:multiplicative-structure,121;120,term,tohoku:introduction:footnote:1bis,121,120,sem/r18/nodes.csv:30,5A8E5720BC2EF8905BF85F7919C65AC4A87A31CFC854BD77E6B5084C0D2DEBEF,,,,D000230,structural_only,reviewed_structural,,,"The introduction expressly records multiplicative structures as an omitted topic. It is therefore a structural index concept, and no source-backed labelled target should be asserted."
tohoku:term:permanence-property,121;130,term,tohoku:section:1.6,121,130,sem/r18/nodes.csv:31,5A8E5720BC2EF8905BF85F7919C65AC4A87A31CFC854BD77E6B5084C0D2DEBEF,,,,D000715,existing_equivalent,integrated_source_stacks_and_independent_review,homology-lemma-additive-diagram-category,,"Stacks now proves pointwise permanence of additive and abelian structure, kernels, cokernels, images, coimages, exactness, products, coproducts, AB3 through AB6, and all dual AB3* through AB6* conditions for additive diagram categories."
tohoku:term:projective-limit,121;133,term,tohoku:section:1.8,121,133,sem/r18/nodes.csv:32,5A8E5720BC2EF8905BF85F7919C65AC4A87A31CFC854BD77E6B5084C0D2DEBEF,limits,categories-section-directed-colimits;categories-section-limits;cohomology-section-limits,002D;01FE;04AX,D000014,existing_equivalent,reviewed_equivalent,categories-definition-system-over-poset;categories-definition-limit,0030;002E,The source projective system is the inverse system over a preorder and its projective limit is the Stacks limit universal property.
tohoku:term:projective-object,121;135,term,tohoku:section:1.10,121,135,sem/r18/nodes.csv:33,5A8E5720BC2EF8905BF85F7919C65AC4A87A31CFC854BD77E6B5084C0D2DEBEF,,,,D000015,existing_equivalent,reviewed_equivalent,homology-definition-projective;homology-lemma-characterize-projectives,013B;013C,"Stacks gives the lifting definition and its equivalent exactness-of-Hom characterization, matching the dual source notion."
tohoku:term:quotient-category,121;137,term,tohoku:section:1.11,121,137,sem/r18/nodes.csv:34,5A8E5720BC2EF8905BF85F7919C65AC4A87A31CFC854BD77E6B5084C0D2DEBEF,,,,D000016,existing_stronger,reviewed_stronger,homology-lemma-serre-subcategory-is-kernel,02MS,Stacks constructs the same abelian Serre quotient and adds its universal property; Grothendieck's 'thick' subcategory is Stacks' Serre subcategory.
tohoku:term:resolving-functor,121;149,term,tohoku:section:2.5,121,149,sem/r18/nodes.csv:35,5A8E5720BC2EF8905BF85F7919C65AC4A87A31CFC854BD77E6B5084C0D2DEBEF,,,,D000127,structural_only,reviewed_structural,,,Stacks' resolution functor resolves complexes into injective complexes and is not Tohoku's exact functor from objects to complexes computing a fixed F.
tohoku:term:sheaf,121;153,term,tohoku:section:3.1,121,153,sem/r18/nodes.csv:36,5A8E5720BC2EF8905BF85F7919C65AC4A87A31CFC854BD77E6B5084C0D2DEBEF,,,,D000231,existing_equivalent,reviewed_equivalent,sheaves-definition-sheaf,006T,The source and Stacks impose the same local gluing and uniqueness conditions on sections over an open cover.
tohoku:term:sheaf-ext,121;185,term,tohoku:chapter:IV,121,185,sem/r18/nodes.csv:37,5A8E5720BC2EF8905BF85F7919C65AC4A87A31CFC854BD77E6B5084C0D2DEBEF;8D632A04EE0FA987B40B721BEE6E64BB3E641D6A1CE02335556213F1564C9A53,ext,cohomology-section-ext;derived-section-ext,06XP;0BQP,D000232,existing_equivalent,reviewed_equivalent,cohomology-section-ext,0BQP,The source Ext sheaves of modules are the sheaf-valued right-derived Hom objects developed in the tagged Stacks section.
tohoku:term:sheaf-hom,121;185,term,tohoku:section:4.1,121,185,sem/r18/nodes.csv:38,5A8E5720BC2EF8905BF85F7919C65AC4A87A31CFC854BD77E6B5084C0D2DEBEF;8D632A04EE0FA987B40B721BEE6E64BB3E641D6A1CE02335556213F1564C9A53,,,,D000233,existing_equivalent,reviewed_equivalent,modules-section-internal-hom,01CM,The source sheaf Hom assigns local module morphisms and sheafifies them; the tagged Stacks section develops the same internal Hom sheaf.
tohoku:term:spectral-functor,121;144,term,tohoku:section:2.4,121,144,sem/r18/nodes.csv:39,5A8E5720BC2EF8905BF85F7919C65AC4A87A31CFC854BD77E6B5084C0D2DEBEF,,,,D000128,structural_only,reviewed_structural,,,No local definition of an additive functor into a category of spectral sequences was found; Stacks develops functorial spectral sequences without this packaged term.
tohoku:term:spectral-sequence,121;144,term,tohoku:section:2.4,121,144,sem/r18/nodes.csv:40,5A8E5720BC2EF8905BF85F7919C65AC4A87A31CFC854BD77E6B5084C0D2DEBEF,spectral-sequence,homology-section-spectral-sequence,011M,D000129,structural_only,reviewed_structural,homology-definition-spectral-sequence;homology-remark-allow-translation-functors;homology-definition-filtered-complex-ss-converges,011N;0AMI;012U,"Stacks separates page data, bigraded shifts, and convergence; Tohoku bundles bigrading, eventual stability, filtered abutment, and E-infinity identifications into one notion."
tohoku:term:structure-group-lifting,121;160,term,tohoku:section:3.4,121,160,sem/r18/nodes.csv:41,5A8E5720BC2EF8905BF85F7919C65AC4A87A31CFC854BD77E6B5084C0D2DEBEF,,,,D000234,structural_only,reviewed_structural,,,"This is the organizing topic for the source's specialized nonabelian obstruction argument, not a single definition, and no directly matching tagged Stacks statement was verified."
tohoku:action:3.4.2:P-actions,163,action,tohoku:section:3.4,163,163,sem/r18/nodes.csv:42,5A8E5720BC2EF8905BF85F7919C65AC4A87A31CFC854BD77E6B5084C0D2DEBEF,,,,D000235,structural_only,reviewed_structural,,,The two actions of P on F and F-prime are proof data internal to Proposition 3.4.2. They should remain a structural step without an invented external match.
tohoku:analogue:abstract-algebraic-geometry,219,analogue,tohoku:section:5.6,219,219,sem/r18/nodes.csv:43,8D632A04EE0FA987B40B721BEE6E64BB3E641D6A1CE02335556213F1564C9A53,,,,D000560,example_or_remark,reviewed_example_or_remark,,,The source only notes an analogy with abstract algebraic geometry and adds characteristic and fixed-point qualifications; it does not state a theorem with an exact labelled Stacks target.
tohoku:application:affine-zariski-coherent-sheaf,177,application,tohoku:section:3.8,177,177,sem/r18/nodes.csv:44,5A8E5720BC2EF8905BF85F7919C65AC4A87A31CFC854BD77E6B5084C0D2DEBEF,,,,D000341,existing_stronger,reviewed_stronger,schemes-lemma-basis-affine-opens;schemes-lemma-characterize-separated;coherent-lemma-quasi-coherent-affine-cohomology-zero;coherent-lemma-cech-cohomology-quasi-coherent,01IT;01KP;01XB;01XD,"Stacks verifies the affine basis, affine intersections for separated schemes, affine vanishing for every quasi-coherent module, and the resulting Cech comparison; these statements cover the coherent classical-variety application in greater generality."
tohoku:application:classical-spaces-with-operators,202,application,tohoku:section:5.2,202,202,sem/r18/nodes.csv:45,8D632A04EE0FA987B40B721BEE6E64BB3E641D6A1CE02335556213F1564C9A53,,,,D000447,example_or_remark,reviewed_example_or_remark,,,This is an application and historical pointer to spaces with operators rather than a standalone comparison target.
tohoku:application:corollary-3.9.1-3:cubes,181,application,tohoku:section:3.9,181,181,sem/r18/nodes.csv:46,5A8E5720BC2EF8905BF85F7919C65AC4A87A31CFC854BD77E6B5084C0D2DEBEF,cech,cohomology-section-cech;cohomology-section-cech-cohomology-cohomology,01ED;01EO,D000342,example_or_remark,reviewed_example_or_remark,,,This is Cartan's coordinate-cube application of the source's special-cover criterion; no labelled Stacks result states this hyperplane-cover reduction.
tohoku:application:finite-group-algebraic-variety,203,application,tohoku:section:5.2,203,203,sem/r18/nodes.csv:47,8D632A04EE0FA987B40B721BEE6E64BB3E641D6A1CE02335556213F1564C9A53,,,,D000448,example_or_remark,reviewed_example_or_remark,coherent-lemma-higher-direct-images-zero-finite-fibre,02OE,The finite-group algebraic-variety case is an application; Stacks has the cited finite-fibre vanishing result but not this equivariant computation as a matching theorem.
tohoku:application:fixed-point-free-case-5.3,205,application,tohoku:section:5.3,205,205,sem/r18/nodes.csv:48,8D632A04EE0FA987B40B721BEE6E64BB3E641D6A1CE02335556213F1564C9A53,,,,D000879,example_or_remark,integrated_source_stacks_and_independent_review,cohomology-lemma-orbit-space-equivariant-cohomology-stabilizer-orders;sheaves-lemma-free-discontinuous-sheaf-descent,,Stacks now records the source's fixed-point-free specialization: trivial stabilizers force all positive higher invariant direct images to vanish and canonically identify equivariant cohomology with quotient-space cohomology; the earlier descent lemma also supplies the stated a priori equivalence of sheaf categories.
tohoku:application:leray-algebraic-varieties:p1,173,application,tohoku:section:3.7,173,173,sem/r18/nodes.csv:49,5A8E5720BC2EF8905BF85F7919C65AC4A87A31CFC854BD77E6B5084C0D2DEBEF,,,,D000343,example_or_remark,reviewed_example_or_remark,,,This first half only announces an application of the preceding supported Leray result and contains no independent mathematical assertion.
tohoku:application:leray-algebraic-varieties:p2,174,application,tohoku:section:3.7,174,174,sem/r18/nodes.csv:50,5A8E5720BC2EF8905BF85F7919C65AC4A87A31CFC854BD77E6B5084C0D2DEBEF,,,,D000344,example_or_remark,reviewed_example_or_remark,,,This continuation merely identifies algebraic varieties with their Zariski topology as the announced setting; it gives no standalone comparison theorem.
tohoku:application:modular-group-cohomology,202,application,tohoku:section:5.2,202,202,sem/r18/nodes.csv:51,8D632A04EE0FA987B40B721BEE6E64BB3E641D6A1CE02335556213F1564C9A53,,,,D000449,example_or_remark,reviewed_example_or_remark,,,This only advertises an application to modular-group cohomology and cites external computations; it is not a local theorem to map.
tohoku:axiom:delta-functor:1,139,axiom,tohoku:section:2.1,139,139,sem/r18/nodes.csv:52,5A8E5720BC2EF8905BF85F7919C65AC4A87A31CFC854BD77E6B5084C0D2DEBEF,delta-functor,homology-section-cohomological-delta-functor,010P,D000130,existing_equivalent,reviewed_equivalent,homology-definition-cohomological-delta-functor,010Q,"The naturality square for connecting maps is the second Stacks axiom; the surrounding Stacks definition additionally assumes nonnegative degrees, abelian codomain, and exactness."
tohoku:axiom:delta-functor:2:p1,139,axiom,tohoku:section:2.1,139,139,sem/r18/nodes.csv:53,5A8E5720BC2EF8905BF85F7919C65AC4A87A31CFC854BD77E6B5084C0D2DEBEF,delta-functor,homology-section-cohomological-delta-functor,010P,D000131,existing_stronger,reviewed_stronger,homology-definition-cohomological-delta-functor,010Q,"This introduces the long sequence whose consecutive composites must vanish; Stacks requires that same sequence to be exact, hence supplies a stronger packaged axiom."
tohoku:axiom:delta-functor:2:p2,140,axiom,tohoku:section:2.1,140,140,sem/r18/nodes.csv:54,5A8E5720BC2EF8905BF85F7919C65AC4A87A31CFC854BD77E6B5084C0D2DEBEF,delta-functor,homology-section-cohomological-delta-functor,010P,D000132,existing_stronger,reviewed_stronger,homology-definition-cohomological-delta-functor,010Q,"Tohoku only requires the displayed sequence to be a complex. Stacks' delta-functor definition requires exactness and therefore implies, but is not equivalent to, this axiom."
tohoku:bib:1,221,bibliography_entry,tohoku:bibliography,221,221,sem/r18/nodes.csv:55,8D632A04EE0FA987B40B721BEE6E64BB3E641D6A1CE02335556213F1564C9A53,,,,D000657,historical_reference,integrated_source_bibliography_and_final_audit,,,"Bibliography item 1 is M. F. Atiyah, Complex analytic connections in fibre bundles, Trans. Amer. Math. Soc. 85 (1957), 181--207. The sem/r9 citation graph resolves its source citation to this numbered item; no exact my.bib identity is present, so no substitute key or Stacks label is assigned."
tohoku:bib:10,221,bibliography_entry,tohoku:bibliography,221,221,sem/r18/nodes.csv:56,8D632A04EE0FA987B40B721BEE6E64BB3E641D6A1CE02335556213F1564C9A53,,,,D000667,historical_reference,integrated_source_bibliography_and_final_audit,,,"Bibliography item 10 is R. Godement, Cohomologie des groupes discontinus, Séminaire Bourbaki, March 1954. The sem/r9 graph resolves three citations to this entry; no exact my.bib identity is present."
tohoku:bib:11,221,bibliography_entry,tohoku:bibliography,221,221,sem/r18/nodes.csv:57,8D632A04EE0FA987B40B721BEE6E64BB3E641D6A1CE02335556213F1564C9A53,,,,D000668,historical_reference,integrated_source_bibliography_and_final_audit,,,"Bibliography item 11 is A. Grothendieck, A general theory of fibre spaces with structure sheaf, University of Kansas, 1955. The sem/r9 graph resolves ten citations to this item; no unrelated Grothendieck record is substituted."
tohoku:bib:12,221,bibliography_entry,tohoku:bibliography,221,221,sem/r18/nodes.csv:58,8D632A04EE0FA987B40B721BEE6E64BB3E641D6A1CE02335556213F1564C9A53,ext,cohomology-section-ext;derived-section-ext,06XP;0BQP,D000669,historical_reference,integrated_source_bibliography_and_final_audit,,,"Bibliography item 12 is G. Hochschild, Group extensions of Lie groups I, Ann. of Math. 54 (1951), 96--109. The sem/r9 graph resolves the grouped citation [12, 13, 19] to this exact numbered item; lexical Ext candidates are not bibliographic identities."
tohoku:bib:13,221,bibliography_entry,tohoku:bibliography,221,221,sem/r18/nodes.csv:59,8D632A04EE0FA987B40B721BEE6E64BB3E641D6A1CE02335556213F1564C9A53,ext,cohomology-section-ext;derived-section-ext,06XP;0BQP,D000670,historical_reference,integrated_source_bibliography_and_final_audit,,,"Bibliography item 13 is G. Hochschild, Group extensions of Lie groups II, Ann. of Math. 54 (1951), 537--551. The sem/r9 graph resolves the grouped citation [12, 13, 19] to this entry; no Stacks label is assigned."
tohoku:bib:14,221,bibliography_entry,tohoku:bibliography,221,221,sem/r18/nodes.csv:60,8D632A04EE0FA987B40B721BEE6E64BB3E641D6A1CE02335556213F1564C9A53,,,,D000671,historical_reference,integrated_source_bibliography_and_final_audit,,,"Bibliography item 14 is S. Mac Lane, Duality for groups, Bull. Amer. Math. Soc. 56 (1950), 485--516. my.bib key Maclane is the different 1963 book Homology, so it is explicitly not treated as a match."
tohoku:bib:15,221,bibliography_entry,tohoku:bibliography,221,221,sem/r18/nodes.csv:61,8D632A04EE0FA987B40B721BEE6E64BB3E641D6A1CE02335556213F1564C9A53,,,,D000672,historical_reference,integrated_source_bibliography_and_final_audit,,,"Bibliography item 15 is J. P. Serre, Faisceaux algébriques cohérents, Ann. of Math. 61 (1955), 197--278. It exactly matches my.bib key FAC and is extensively cited in sem/r9; the bibliography key is evidence rather than a Stacks label."
tohoku:bib:16,221,bibliography_entry,tohoku:bibliography,221,221,sem/r18/nodes.csv:62,8D632A04EE0FA987B40B721BEE6E64BB3E641D6A1CE02335556213F1564C9A53,,,,D000673,historical_reference,integrated_source_bibliography_and_final_audit,,,"Bibliography item 16 is J. P. Serre, Géométrie algébrique et géométrie analytique, Ann. Inst. Fourier VI (1955--56), 1--42. The sem/r9 graph resolves the source citation; no exact my.bib identity is asserted here."
tohoku:bib:17,221,bibliography_entry,tohoku:bibliography,221,221,sem/r18/nodes.csv:63,8D632A04EE0FA987B40B721BEE6E64BB3E641D6A1CE02335556213F1564C9A53,,,,D000674,historical_reference,integrated_source_bibliography_and_final_audit,,,"Bibliography item 17 is J. P. Serre, Classes de groupes abéliens et groupes d'homotopie, Ann. of Math. 58 (1953), 258--294. The sem/r9 graph resolves four source citations to it; no Stacks label is assigned."
tohoku:bib:18,221,bibliography_entry,tohoku:bibliography,221,221,sem/r18/nodes.csv:64,8D632A04EE0FA987B40B721BEE6E64BB3E641D6A1CE02335556213F1564C9A53,,,,D000675,historical_reference,integrated_source_bibliography_and_final_audit,,,"Bibliography item 18 is J. P. Serre, Sur la cohomologie des variétés algébriques, J. Math. Pures Appl. 36 (1957), 1--16. The sem/r9 citation graph resolves the source citation; no exact my.bib identity is asserted."
tohoku:bib:19,221,bibliography_entry,tohoku:bibliography,221,221,sem/r18/nodes.csv:65,8D632A04EE0FA987B40B721BEE6E64BB3E641D6A1CE02335556213F1564C9A53,,,,D000676,historical_reference,integrated_source_bibliography_and_final_audit,,,"Bibliography item 19 is A. Shapiro, Ann. of Math. 50 (1949), 581--586, as incompletely titled in the source list. The grouped citation [12, 13, 19] is resolved to this node, but no missing title or external identity is invented."
tohoku:bib:2,221,bibliography_entry,tohoku:bibliography,221,221,sem/r18/nodes.csv:66,8D632A04EE0FA987B40B721BEE6E64BB3E641D6A1CE02335556213F1564C9A53,,,,D000658,historical_reference,integrated_source_bibliography_and_final_audit,,,"Bibliography item 2 is A. Borel, Nouvelle démonstration d'un théorème de P. A. Smith, Comment. Math. Helv. 29 (1955), 27--39. The sem/r9 graph resolves both source citations to this item; no exact my.bib identity is present."
tohoku:bib:20,221,bibliography_entry,tohoku:bibliography,221,221,sem/r18/nodes.csv:67,8D632A04EE0FA987B40B721BEE6E64BB3E641D6A1CE02335556213F1564C9A53,,,,D000677,historical_reference,integrated_source_bibliography_and_final_audit,,,"Bibliography item 20 is A. Weil, Fibre spaces in Algebraic Geometry, notes by A. Wallace, Chicago, 1952. The sem/r9 graph resolves the source citation; no exact my.bib identity is present."
tohoku:bib:21,221,bibliography_entry,tohoku:bibliography,221,221,sem/r18/nodes.csv:68,8D632A04EE0FA987B40B721BEE6E64BB3E641D6A1CE02335556213F1564C9A53,,,,D000678,historical_reference,integrated_source_bibliography_and_final_audit,,,"Bibliography item 21 is A. Weil, Généralisation des fonctions abéliennes, J. Math. Pures Appl. 17 (1938), 47--87. The sem/r9 graph resolves the source citation; no exact my.bib identity is asserted."
tohoku:bib:3,221,bibliography_entry,tohoku:bibliography,221,221,sem/r18/nodes.csv:69,8D632A04EE0FA987B40B721BEE6E64BB3E641D6A1CE02335556213F1564C9A53,,,,D000659,historical_reference,integrated_source_bibliography_and_final_audit,,,"Bibliography item 3 is D. A. Buchsbaum, Exact categories and duality, Trans. Amer. Math. Soc. 80 (1955), 1--34. The source citation is resolved to this numbered entry; Auslander--Buchsbaum and other Buchsbaum records in my.bib are different works and are not substituted."
tohoku:bib:4,221,bibliography_entry,tohoku:bibliography,221,221,sem/r18/nodes.csv:70,8D632A04EE0FA987B40B721BEE6E64BB3E641D6A1CE02335556213F1564C9A53,,,,D000660,historical_reference,integrated_source_bibliography_and_final_audit,,,"Bibliography item 4 is H. Cartan, Séminaire E.N.S. 1950/51. The sem/r9 graph resolves fourteen citations to this source item. No exact whole-seminar my.bib identity is present, so contained or later Cartan works are not substituted."
tohoku:bib:5,221,bibliography_entry,tohoku:bibliography,221,221,sem/r18/nodes.csv:71,8D632A04EE0FA987B40B721BEE6E64BB3E641D6A1CE02335556213F1564C9A53,,,,D000661,historical_reference,integrated_source_bibliography_and_final_audit,,,"Bibliography item 5 is H. Cartan, Séminaire E.N.S. 1951/52. The sem/r9 graph resolves six citations to this item; no exact whole-seminar my.bib identity is present."
tohoku:bib:5-bis,221,bibliography_entry,tohoku:bibliography,221,221,sem/r18/nodes.csv:72,8D632A04EE0FA987B40B721BEE6E64BB3E641D6A1CE02335556213F1564C9A53,,,,D000662,historical_reference,integrated_source_bibliography_and_final_audit,,,Bibliography item 5 bis is the H. Cartan--C. Chevalley Séminaire E.N.S. 1955/56. The sem/r9 graph resolves its citation to this numbered entry; no exact my.bib identity is present.
tohoku:bib:6,221,bibliography_entry,tohoku:bibliography,221,221,sem/r18/nodes.csv:73,8D632A04EE0FA987B40B721BEE6E64BB3E641D6A1CE02335556213F1564C9A53,,,,D000663,historical_reference,integrated_source_bibliography_and_final_audit,,,"Bibliography item 6 is H. Cartan--S. Eilenberg, Homological Algebra, Princeton University Press, 1956. It is cited repeatedly and exactly matches my.bib key Cartan-Eilenberg; that key is bibliographic evidence, not a Stacks label."
tohoku:bib:7,221,bibliography_entry,tohoku:bibliography,221,221,sem/r18/nodes.csv:74,8D632A04EE0FA987B40B721BEE6E64BB3E641D6A1CE02335556213F1564C9A53,,,,D000664,historical_reference,integrated_source_bibliography_and_final_audit,,,"Bibliography item 7 is H. Cartan--J. P. Serre, Un théorème de finitude, C. R. Acad. Sci. Paris 237 (1953), 128--130. The sem/r9 citation graph resolves the source citation; no exact my.bib identity is asserted."
tohoku:bib:8,221,bibliography_entry,tohoku:bibliography,221,221,sem/r18/nodes.csv:75,8D632A04EE0FA987B40B721BEE6E64BB3E641D6A1CE02335556213F1564C9A53,,,,D000665,historical_reference,integrated_source_bibliography_and_final_audit,,,"Bibliography item 8 is explicitly printed as P. Cartier, Reference not received. The unresolved publication description is preserved verbatim as source history; no work identity is invented. The sem/r9 graph nevertheless resolves the source's two numbered citations to this bibliography node."
tohoku:bib:9,221,bibliography_entry,tohoku:bibliography,221,221,sem/r18/nodes.csv:76,8D632A04EE0FA987B40B721BEE6E64BB3E641D6A1CE02335556213F1564C9A53,,,,D000666,historical_reference,integrated_source_bibliography_and_final_audit,,,"Bibliography item 9 is R. Godement, Théorie des faisceaux, printed as in preparation. The sem/r9 graph resolves seven citations to it. my.bib key Godement is the later published Topologie algébrique et théorie des faisceaux and is not asserted to be the exact printed item without an explicit source equivalence."
tohoku:bibliography,221,bibliography,tohoku:paper,221,221,sem/r18/nodes.csv:77,8D632A04EE0FA987B40B721BEE6E64BB3E641D6A1CE02335556213F1564C9A53,,,,D000656,structural_only,integrated_source_bibliography_and_final_audit,,,The bibliography heading is the terminal reference-list container. Its twenty-two descendant records carry the individual source-link decisions.
tohoku:calculation:H1-union-cokernel,178,calculation,tohoku:section:3.8,178,178,sem/r18/nodes.csv:78,5A8E5720BC2EF8905BF85F7919C65AC4A87A31CFC854BD77E6B5084C0D2DEBEF,,,,D000345,example_or_remark,reviewed_example_or_remark,,,The cokernel calculation is specific to the two-component counterexample and has no matching labelled Stacks example or lemma.
tohoku:calculation:fixed-point-free-g-cover-cochains,209,calculation,tohoku:section:5.5,209,209,sem/r18/nodes.csv:79,8D632A04EE0FA987B40B721BEE6E64BB3E641D6A1CE02335556213F1564C9A53,,,,D000905,existing_stronger,integrated_source_stacks_and_independent_review,cohomology-lemma-equivariant-cech-free-index,,"Stacks proves the source calculation in a stronger coefficient-system form: every degree of a free G-indexed Cech-type complex is canonically a product of coinduced modules, equivalently one coinduced module on the product over orbit representatives."
tohoku:calculation:nonhomogeneous-equivariant-cochains,210,calculation,tohoku:section:5.5,210,210,sem/r18/nodes.csv:80,8D632A04EE0FA987B40B721BEE6E64BB3E641D6A1CE02335556213F1564C9A53,cech,cohomology-section-cech;cohomology-section-cech-cohomology-cohomology,01ED;01EO,D000908,existing_equivalent,integrated_source_stacks_and_independent_review,cohomology-lemma-equivariant-cech-nonhomogeneous-cochains,,"Stacks now gives the source's exact nonhomogeneous-coordinate description of invariant Cech cochains for a free G-indexed covering, including the canonical restriction and reconstruction maps and the differential formulas (5.5.9)--(5.5.11)."
tohoku:chapter:2,139,chapter,tohoku:paper,139,139,sem/r18/nodes.csv:81,5A8E5720BC2EF8905BF85F7919C65AC4A87A31CFC854BD77E6B5084C0D2DEBEF,abelian,homology-section-abelian-categories,00ZX,,structural_only,classified,,,Source structure; no independent Stacks object.
tohoku:chapter:I,121;122,chapter,tohoku:paper,121,122,sem/r18/nodes.csv:82,5A8E5720BC2EF8905BF85F7919C65AC4A87A31CFC854BD77E6B5084C0D2DEBEF,abelian,homology-section-abelian-categories,00ZX,,structural_only,classified,,,Source structure; no independent Stacks object.
tohoku:chapter:II,121,chapter,tohoku:paper,121,121,sem/r18/nodes.csv:83,5A8E5720BC2EF8905BF85F7919C65AC4A87A31CFC854BD77E6B5084C0D2DEBEF,abelian,homology-section-abelian-categories,00ZX,,structural_only,classified,,,Source structure; no independent Stacks object.
tohoku:chapter:III,121;153,chapter,tohoku:paper,121,153,sem/r18/nodes.csv:84,5A8E5720BC2EF8905BF85F7919C65AC4A87A31CFC854BD77E6B5084C0D2DEBEF,,,,,structural_only,classified,,,Source structure; no independent Stacks object.
tohoku:chapter:IV,121;185,chapter,tohoku:paper,121,185,sem/r18/nodes.csv:85,5A8E5720BC2EF8905BF85F7919C65AC4A87A31CFC854BD77E6B5084C0D2DEBEF;8D632A04EE0FA987B40B721BEE6E64BB3E641D6A1CE02335556213F1564C9A53,ext,cohomology-section-ext;derived-section-ext,06XP;0BQP,,structural_only,classified,,,Source structure; no independent Stacks object.
tohoku:chapter:V,122;195,chapter,tohoku:paper,122,195,sem/r18/nodes.csv:86,5A8E5720BC2EF8905BF85F7919C65AC4A87A31CFC854BD77E6B5084C0D2DEBEF;8D632A04EE0FA987B40B721BEE6E64BB3E641D6A1CE02335556213F1564C9A53,,,,,structural_only,classified,,,Source structure; no independent Stacks object.
tohoku:claim:3.4.2:H1-bijection,162,claim,tohoku:section:3.4,162,162,sem/r18/nodes.csv:87,5A8E5720BC2EF8905BF85F7919C65AC4A87A31CFC854BD77E6B5084C0D2DEBEF,,,,D001002,existing_equivalent,integrated_source_stacks_and_independent_review,cohomology-lemma-pointwise-envelope-torsor-bijection,,"Stacks now proves the source's bijection on nonabelian H1 as a bijection between isomorphism classes of torsors. For A=Π(F), B=Π(G), C=Π(H), and P=AG, it identifies P=B×_C H and B→C as sectionwise surjective, proves every H-torsor lifts to a P-torsor, and proves uniqueness using the flasque twisted kernel A^E≅Π(F^E). It explicitly avoids the false general claim that flasqueness is local and asserts uniqueness only up to isomorphism."
tohoku:claim:3.4.2:H1-bijection:surjectivity,163,claim,tohoku:section:3.4,163,163,sem/r18/nodes.csv:88,5A8E5720BC2EF8905BF85F7919C65AC4A87A31CFC854BD77E6B5084C0D2DEBEF,cech,cohomology-section-cech;cohomology-section-cech-cohomology-cohomology,01ED;01EO,D000237,structural_only,reviewed_structural,,,"This unit is the cocycle-level surjectivity argument supporting the preceding bijection, rather than an independently reusable theorem."
tohoku:claim:3.4.2:u-properties,163,claim,tohoku:section:3.4,163,163,sem/r18/nodes.csv:89,5A8E5720BC2EF8905BF85F7919C65AC4A87A31CFC854BD77E6B5084C0D2DEBEF,,,,D001001,existing_equivalent,integrated_source_stacks_and_independent_review,cohomology-lemma-pointwise-envelope-crossed-homomorphism,,"Stacks now formalizes the source's specific pointwise-envelope quotient: for an abelian normal sheaf F⊂G it defines A=Π(F), B=Π(G), P=AG as the local-product subsheaf, and F'=A/F as the quotient sheaf; proves A∩G=F and the conjugation action; and constructs the sheaf-of-sets epimorphism u(ag)=a mod F with neutral fibre G, crossed identity, and right-G coset fibres. It explicitly does not claim sectionwise surjectivity or that u is a group homomorphism."
tohoku:claim:cech-H2-counterexample-sheaf,178,claim,tohoku:section:3.8,178,178,sem/r18/nodes.csv:90,5A8E5720BC2EF8905BF85F7919C65AC4A87A31CFC854BD77E6B5084C0D2DEBEF,cech,cohomology-section-cech;cohomology-section-cech-cohomology-cohomology,01ED;01EO,D000346,example_or_remark,reviewed_example_or_remark,,,The claim computes the derived H2 of the specially constructed complement-constant sheaf; the actual Stacks TeX contains no version of this counterexample.
tohoku:claim:closed-cover-star-neighborhood,180,claim,tohoku:section:3.9,180,180,sem/r18/nodes.csv:91,5A8E5720BC2EF8905BF85F7919C65AC4A87A31CFC854BD77E6B5084C0D2DEBEF,cech,cohomology-section-cech;cohomology-section-cech-cohomology-cohomology,01ED;01EO,D000973,existing_equivalent,integrated_source_stacks_and_independent_review,cohomology-lemma-finite-closed-covering-star-neighbourhood,,"Stacks now states and proves the source's finite closed-cover star construction: it defines E_x(R) and O_x(R), proves x lies in O_x(R) contained in E_x(R) and E_y(R) is contained in E_x(R) whenever y lies in O_x(R), and proves O_x(R) is an open neighbourhood because the excluded cover members form a finite union of closed subsets."
tohoku:classification:coherent-extension-classes,219,classification,tohoku:section:5.6,219,219,sem/r18/nodes.csv:92,8D632A04EE0FA987B40B721BEE6E64BB3E641D6A1CE02335556213F1564C9A53,ext,cohomology-section-ext;derived-section-ext,06XP;0BQP,D001052,existing_equivalent,integrated_source_stacks_and_independent_review,cohomology-lemma-coherent-equivariant-analytic-extension-classes,,"The new lemma proves coherence of the middle term, Yoneda classification and Baer addition in the analytic equivariant category, and the natural complex vector space structure, exactly closing the source claim."
tohoku:classification:equivariant-bundle-extensions,219,classification,tohoku:section:5.6,219,219,sem/r18/nodes.csv:93,8D632A04EE0FA987B40B721BEE6E64BB3E641D6A1CE02335556213F1564C9A53,ext,cohomology-section-ext;derived-section-ext,06XP;0BQP,D001051,existing_equivalent,integrated_source_stacks_and_independent_review,cohomology-lemma-equivariant-holomorphic-vector-bundle-extension-classes,,"The new lemma proves that the equivariant holomorphic bundle-module equivalence identifies fixed-endpoint bundle extensions with Yoneda Ext^1, preserves Baer sum, and then applies the locally-free edge isomorphism and evaluation to obtain exactly H^1(X;G,O(E^dual tensor F))."
tohoku:comparison:cech-and-derived-cohomology,174,comparison,tohoku:section:3.8,174,174,sem/r18/nodes.csv:94,5A8E5720BC2EF8905BF85F7919C65AC4A87A31CFC854BD77E6B5084C0D2DEBEF,cech,cohomology-section-cech;cohomology-section-cech-cohomology-cohomology,01ED;01EO,D000348,existing_stronger,reviewed_stronger,cohomology-lemma-cech-always;cohomology-section-cohomology-LC,09V1;09V0,"Stacks directly proves global Cech H1 equals derived H1 on every space and, in the tagged section containing the paracompact comparison, equality in all degrees on paracompact spaces; this gives both source cases without its delta-functor premise."
tohoku:comparison:cech-derived-h1,162,comparison,tohoku:section:3.4,162,162,sem/r18/nodes.csv:95,5A8E5720BC2EF8905BF85F7919C65AC4A87A31CFC854BD77E6B5084C0D2DEBEF,cech,cohomology-section-cech;cohomology-section-cech-cohomology-cohomology,01ED;01EO,D000239,existing_equivalent,reviewed_equivalent,cohomology-lemma-cech-always,09V1,Both statements identify first Čech cohomology with derived-functor H1 for abelian sheaves; the tagged Stacks lemma states the comparison directly.
tohoku:comparison:cech-h2-injection,213,comparison,tohoku:section:5.5,213,213,sem/r18/nodes.csv:96,8D632A04EE0FA987B40B721BEE6E64BB3E641D6A1CE02335556213F1564C9A53,cech;injectives,cohomology-section-cech;cohomology-section-cech-cohomology-cohomology;derived-section-injective-resolutions;homology-section-injectives,0134;013G;01ED;01EO,D000920,existing_equivalent,integrated_source_stacks_and_independent_review,cohomology-lemma-equivariant-cech-comparison-low-degree,,"The authority-correct bidegree E_2^{0,n} has now been carried through the source, reader, semantic, and mapping successors. Stacks proves the same unrestricted degree-two injection from the vanishing of E_2^{0,1}."
tohoku:comparison:cech-to-equivariant-cohomology,212,comparison,tohoku:section:5.5,212,212,sem/r18/nodes.csv:97,8D632A04EE0FA987B40B721BEE6E64BB3E641D6A1CE02335556213F1564C9A53,cech,cohomology-section-cech;cohomology-section-cech-cohomology-cohomology,01ED;01EO,D000914,existing_equivalent,integrated_source_stacks_and_independent_review,cohomology-lemma-global-equivariant-cech-spectral-sequence,,Stacks now constructs the canonical additive functorial global bottom-edge comparison maps from equivariant Cech cohomology to equivariant sheaf cohomology by taking the filtered colimit of the fixed-cover edge maps.
tohoku:comparison:cohomology-and-filtered-limit,220,comparison,tohoku:section:5.7,220,220,sem/r18/nodes.csv:98,8D632A04EE0FA987B40B721BEE6E64BB3E641D6A1CE02335556213F1564C9A53,limits;spectral-sequence,categories-section-directed-colimits;categories-section-limits;cohomology-section-limits;homology-section-spectral-sequence,002D;011M;01FE;04AX,D001027,existing_equivalent,integrated_source_stacks_and_independent_review,cohomology-lemma-equivariant-support-filtered-second-spectral-sequence,,"Stacks now proves the comparison colim_U H^p(G,M_U^q) to H^p(G,colim_U M_U^q) under each of the source's three alternative criteria: finite G; trivial actions with every H_r(G,Z) finitely generated; or an essentially constant cofinal subsystem. The resulting usual E_2-page still assumes that Phi is paracompactifying and retains the standing extension-by-zero acyclicity hypothesis."
tohoku:comparison:equivariant-ext-stalk-to-fiber,215,comparison,tohoku:section:5.6,215,215,sem/r18/nodes.csv:99,8D632A04EE0FA987B40B721BEE6E64BB3E641D6A1CE02335556213F1564C9A53,ext,cohomology-section-ext;derived-section-ext,06XP;0BQP,D001018,existing_stronger,integrated_source_stacks_and_independent_review,cohomology-lemma-equivariant-ext-stalk,,"Stacks now proves for every n at a fixed orbit point that the stalk of the derived abelian-sheaf-valued equivariant Hom functor is canonically Ext over the skew stabilizer ring, under local finite-presentation, local left-coherence, and pointwise left-Noetherian hypotheses. In the commutative case it identifies this derived sheaf with the underlying abelian sheaf of the existing equivariant SheafExt construction. This pointwise theorem covers the source's coherent and Noetherian setting without claiming a noncommutative module structure on internal Hom, a right-sided variant, or any comparison outside the stated hypotheses."
tohoku:comparison:equivariant-hom-stalk-to-fiber,214;215,comparison,tohoku:section:5.6,214,215,sem/r18/nodes.csv:100,8D632A04EE0FA987B40B721BEE6E64BB3E641D6A1CE02335556213F1564C9A53,,,,D001017,existing_stronger,integrated_source_stacks_and_independent_review,cohomology-lemma-equivariant-hom-injective-stalk,,"Stacks now proves the natural fixed-point stalk comparison in a stronger pointwise local form for a discontinuous action and a possibly noncommutative equivariant ring sheaf: local finite presentation of A near x identifies the stalk at y of invariant direct-image internal Hom with Hom over the skew stabilizer ring R_x crossed with G_x. The same theorem proves injectivity of equivariant-injective stalks under a local left-coherence image condition and left Noetherianity of the single stalk. The comparison is only asserted as an isomorphism of abelian groups, and no module structure on noncommutative internal Hom, right-module analogue, averaging argument, or unrestricted preservation of injectives by stalks is claimed."
tohoku:comparison:first-and-second-spectral-sequences-5.4,206,comparison,tohoku:section:5.4,206,206,sem/r18/nodes.csv:101,8D632A04EE0FA987B40B721BEE6E64BB3E641D6A1CE02335556213F1564C9A53,spectral-sequence,homology-section-spectral-sequence,011M,D000961,example_or_remark,integrated_source_stacks_and_independent_review,cohomology-lemma-orbit-space-equivariant-spectral-sequences;cohomology-lemma-orbit-space-equivariant-cohomology-support-filtration,,"This is strategic commentary on using the first transformed quotient-space sequence together with the second equivariant sequence, not a new comparison theorem. Stacks proves both spectral sequences and the exact support-filtration reduction to the three listed cohomology groups and natural maps; the remaining advice about choosing Y_0 small is explanatory."
tohoku:comparison:hom-to-p-a,197,comparison,tohoku:section:5.1,197,197,sem/r18/nodes.csv:102,8D632A04EE0FA987B40B721BEE6E64BB3E641D6A1CE02335556213F1564C9A53,,,,D000853,existing_equivalent,integrated_source_stacks_and_independent_review,injectives-lemma-equivariant-product-injectives,,Stacks now proves the source's functorial identification of equivariant O-linear maps into P(I) with the product over orbits of U_y-linear maps from the representative stalks.
tohoku:comparison:spectral-sequences-iv-v,218,comparison,tohoku:section:5.6,218,218,sem/r18/nodes.csv:103,8D632A04EE0FA987B40B721BEE6E64BB3E641D6A1CE02335556213F1564C9A53,spectral-sequence,homology-section-spectral-sequence,011M,D000572,example_or_remark,reviewed_example_or_remark,more-algebra-section-spectral-sequence-ext;sites-cohomology-section-spectral-sequence-ext,0AVG;07A9,This records how two source-specific equivariant Ext spectral sequences specialize when G or X is trivial; the local Ext spectral-sequence sections do not state these comparisons.
tohoku:comparison:trivial-action-g-o-modules,196,comparison,tohoku:section:5.1,196,196,sem/r18/nodes.csv:104,8D632A04EE0FA987B40B721BEE6E64BB3E641D6A1CE02335556213F1564C9A53,,,,D000944,existing_equivalent,integrated_source_stacks_and_independent_review,modules-lemma-trivial-space-action-skew-group-ring,,"Under the source's trivial action on X, Stacks now constructs the skew group-ring sheaf U with its twisted multiplication, proves the canonical additive equivalence Mod_G(O) = Mod(U), and identifies U with O tensor Z[G] when the action on O is also trivial."
tohoku:conclusion:3.9.1,179,conclusion,tohoku:section:3.9,179,179,sem/r18/nodes.csv:105,5A8E5720BC2EF8905BF85F7919C65AC4A87A31CFC854BD77E6B5084C0D2DEBEF,,,,,structural_only,inherits_parent,,,Embedded source component; inherit the parent disposition.
tohoku:conclusion:coinduced-hom-acyclicity,216,conclusion,tohoku:section:5.6,216,216,sem/r18/nodes.csv:106,8D632A04EE0FA987B40B721BEE6E64BB3E641D6A1CE02335556213F1564C9A53,derived-functor,cohomology-section-derived-functors;derived-section-right-derived-functor,0156;0716,,structural_only,inherits_parent,,,Embedded source component; inherit the parent disposition.
tohoku:conclusion:injective-g-o-embedding:p1,196;197,conclusion,tohoku:section:5.1,196,197,sem/r18/nodes.csv:107,8D632A04EE0FA987B40B721BEE6E64BB3E641D6A1CE02335556213F1564C9A53,injectives,derived-section-injective-resolutions;homology-section-injectives,0134;013G,,structural_only,inherits_parent,,,Embedded source component; inherit the parent disposition.
tohoku:conclusion:lemma-5.6.2,217,conclusion,tohoku:section:5.6,217,217,sem/r18/nodes.csv:108,8D632A04EE0FA987B40B721BEE6E64BB3E641D6A1CE02335556213F1564C9A53,,,,,structural_only,inherits_parent,,,Embedded source component; inherit the parent disposition.
tohoku:conclusion:theorem-5.5.3:p1,208;209,conclusion,tohoku:section:5.5,208,209,sem/r18/nodes.csv:109,8D632A04EE0FA987B40B721BEE6E64BB3E641D6A1CE02335556213F1564C9A53,,,,,structural_only,inherits_parent,,,Embedded source component; inherit the parent disposition.
tohoku:condition:3.9.1:A-n,179,condition,tohoku:section:3.9,179,179,sem/r18/nodes.csv:110,5A8E5720BC2EF8905BF85F7919C65AC4A87A31CFC854BD77E6B5084C0D2DEBEF,,,,D000349,structural_only,reviewed_structural,,,"A(n) is a named hypothesis internal to Theorem 3.9.1, not an independently asserted result."
tohoku:condition:3.9.1:B-n-minus-1,179,condition,tohoku:section:3.9,179,179,sem/r18/nodes.csv:111,5A8E5720BC2EF8905BF85F7919C65AC4A87A31CFC854BD77E6B5084C0D2DEBEF,cech,cohomology-section-cech;cohomology-section-cech-cohomology-cohomology,01ED;01EO,D000350,structural_only,reviewed_structural,,,B(n-1) is the local-killing hypothesis internal to Theorem 3.9.1 and has no standalone conclusion.
tohoku:condition:5.3:D,203,condition,tohoku:section:5.3,203,203,sem/r18/nodes.csv:112,8D632A04EE0FA987B40B721BEE6E64BB3E641D6A1CE02335556213F1564C9A53,,,,D000862,existing_equivalent,integrated_source_stacks_and_independent_review,sheaves-definition-discontinuous-group-action,,Stacks now defines condition (D) exactly as in the source: every stabilizer is finite and every point has a neighbourhood disjoint from all translates outside its stabilizer.
tohoku:condition:5.7.7-bis-essentially-constant,220,condition,tohoku:section:5.7,220,220,sem/r18/nodes.csv:113,8D632A04EE0FA987B40B721BEE6E64BB3E641D6A1CE02335556213F1564C9A53,,,,D000972,structural_only,integrated_source_stacks_and_independent_review,categories-definition-essentially-constant-system;categories-lemma-cofinal-essentially-constant,05PV;0A1S,"This is one sufficient hypothesis, not an identification with Stacks' weaker general notion. A cofinal subsystem whose transition maps are all isomorphisms is constant up to those isomorphisms and hence essentially constant after cofinal replacement. Structural-only preserves that distinction."
tohoku:condition:5.7.7-bis-finite-group,220,condition,tohoku:section:5.7,220,220,sem/r18/nodes.csv:114,8D632A04EE0FA987B40B721BEE6E64BB3E641D6A1CE02335556213F1564C9A53,,,,D000574,structural_only,reviewed_structural,etale-cohomology-section-group-cohomology,0A2H,"This is one hypothesis in the source's filtered-limit formula, not an independent comparison theorem; the group-cohomology section supplies context only."
tohoku:condition:5.7.7-bis-trivial-action,220,condition,tohoku:section:5.7,220,220,sem/r18/nodes.csv:115,8D632A04EE0FA987B40B721BEE6E64BB3E641D6A1CE02335556213F1564C9A53,,,,D000575,structural_only,reviewed_structural,etale-cohomology-section-group-cohomology,0A2H,"The trivial-action and finite-type requirements are hypotheses of the subsequent interchange result, not a standalone Stacks claim."
tohoku:conditions:acyclicity-cover-families,179,conditions,tohoku:section:3.9,179,179,sem/r18/nodes.csv:116,5A8E5720BC2EF8905BF85F7919C65AC4A87A31CFC854BD77E6B5084C0D2DEBEF,cech;derived-functor;spectral-sequence,cohomology-section-cech;cohomology-section-cech-cohomology-cohomology;cohomology-section-derived-functors;derived-section-right-derived-functor;homology-section-spectral-sequence,011M;0156;01ED;01EO;0716,D000351,structural_only,reviewed_structural,,,These three cases are setup conditions ensuring that the source's cover spectral sequence is available; they are not a separate theorem.
tohoku:conditions:validity-5.7.7-bis,220,conditions,tohoku:section:5.7,220,220,sem/r18/nodes.csv:117,8D632A04EE0FA987B40B721BEE6E64BB3E641D6A1CE02335556213F1564C9A53,,,,D000576,structural_only,reviewed_structural,categories-definition-essentially-constant-system;etale-cohomology-section-group-cohomology,05PV;0A2H,This unit merely collects the three hypotheses governing formula (5.7.7 bis); its mathematical content is dispositioned on the separate condition and conclusion units.
tohoku:consequence:edge-homomorphisms-five-term,217,consequence,tohoku:section:5.6,217,217,sem/r18/nodes.csv:118,8D632A04EE0FA987B40B721BEE6E64BB3E641D6A1CE02335556213F1564C9A53,spectral-sequence,homology-section-spectral-sequence,011M,D000936,existing_equivalent,integrated_source_stacks_and_independent_review,cohomology-lemma-equivariant-ext-spectral-sequences,,"Stacks now constructs the same three functorial first-quadrant equivariant Ext spectral sequences and explicitly records their canonical edge homomorphisms and associated five-term exact sequences, exactly the source consequence."
tohoku:construction:3.4.2:P-Fprime,162,construction,tohoku:section:3.4,162,162,sem/r18/nodes.csv:119,5A8E5720BC2EF8905BF85F7919C65AC4A87A31CFC854BD77E6B5084C0D2DEBEF,,,,D000240,structural_only,reviewed_structural,,,The definitions of P and F-prime only set notation for the proof of Proposition 3.4.2 and do not constitute an independent mapping target.
tohoku:construction:3.4.2:associated-P-bundle,163,construction,tohoku:section:3.4,163,163,sem/r18/nodes.csv:120,5A8E5720BC2EF8905BF85F7919C65AC4A87A31CFC854BD77E6B5084C0D2DEBEF,,,,D001003,existing_equivalent,integrated_source_stacks_and_independent_review,cohomology-lemma-pointwise-envelope-torsor-bijection,,"The same Stacks lemma translates the source's fibre-space construction into torsor language: extension of structure group from P to H is bijective on isomorphism classes, so every H-torsor E is induced from a P-torsor Q and Q is unique up to isomorphism. It does not claim a canonical chosen Q."
tohoku:construction:3.4.2:dQ-obstruction,163,construction,tohoku:section:3.4,163,163,sem/r18/nodes.csv:121,5A8E5720BC2EF8905BF85F7919C65AC4A87A31CFC854BD77E6B5084C0D2DEBEF,,,,D001004,existing_equivalent,integrated_source_stacks_and_independent_review,cohomology-lemma-crossed-homomorphism-torsor-obstruction,,"Specializing the Stacks crossed-homomorphism obstruction to A=F', E=Q, and ker(u)=G constructs d_u(Q) in H^1(X,(F')^Q). Because the pointwise-envelope quotient makes u an epimorphism and F' abelian, the class is neutral exactly when Q reduces to a G-torsor, equivalently when [Q] lies in the image of G-torsor classes. No degree-two sign is asserted at this stage."
tohoku:construction:R-filtration,168,construction,tohoku:section:3.6,168,168,sem/r18/nodes.csv:122,5A8E5720BC2EF8905BF85F7919C65AC4A87A31CFC854BD77E6B5084C0D2DEBEF,,,,D000801,existing_equivalent,integrated_source_stacks_and_independent_review,cohomology-lemma-cohomological-functor-local-generators,,"Stacks now orders the positive constant generators and defines the same finite filtration R_m by the first m generators, using its successive quotients to reduce the assertion about the kernel."
tohoku:construction:Vm-Ym,168,construction,tohoku:section:3.6,168,168,sem/r18/nodes.csv:123,5A8E5720BC2EF8905BF85F7919C65AC4A87A31CFC854BD77E6B5084C0D2DEBEF,,,,D000802,existing_equivalent,integrated_source_stacks_and_independent_review,cohomology-lemma-cohomological-functor-local-generators,,"Stacks now defines V_m as the union of the first m generating opens and Y_m as U_m minus V_{m-1}, and proves stalkwise that R_m/R_{m-1} is the locally closed extension by zero Z_{Y_m}, exactly realizing the source construction."
tohoku:construction:associated-rho-torsor,164,construction,tohoku:section:3.4,164,164,sem/r18/nodes.csv:124,5A8E5720BC2EF8905BF85F7919C65AC4A87A31CFC854BD77E6B5084C0D2DEBEF,,,,D000955,existing_equivalent,integrated_source_stacks_and_independent_review,cohomology-lemma-crossed-homomorphism-torsor-obstruction,,"Stacks now constructs the two associated twists from a P-torsor, proves that A(rho)^E is a principal right A(sigma)^E-sheaf, and converts it without inversion into a left torsor under the opposite group, exactly matching the source convention."
tohoku:construction:auxiliary-ring-u-x,197,construction,tohoku:section:5.1,197,197,sem/r18/nodes.csv:125,8D632A04EE0FA987B40B721BEE6E64BB3E641D6A1CE02335556213F1564C9A53,,,,D000848,existing_equivalent,integrated_source_stacks_and_independent_review,injectives-definition-stabilizer-skew-group-ring,,"Stacks now constructs the stabilizer skew group ring U_x generated by O_x and Z[G_x] with the source's conjugation relations, and identifies its left modules with semilinear G_x-actions on O_x-modules."
tohoku:construction:canonical-map-inverse-direct:p1,198;199,construction,tohoku:section:5.1,198,199,sem/r18/nodes.csv:126,8D632A04EE0FA987B40B721BEE6E64BB3E641D6A1CE02335556213F1564C9A53,,,,D000861,existing_equivalent,integrated_source_stacks_and_independent_review,sheaves-lemma-inverse-invariant-direct-image,,"Stacks now constructs the functorial G-equivariant counit q^{-1}q_*^G(A) to A, gives its exact invariant-section stalk formula, and proves it is a monomorphism by propagating local equality across the saturated open union of G-translates."
tohoku:construction:canonical-resolvent-spectral-sequence,190,construction,tohoku:section:4.2,190,190,sem/r18/nodes.csv:127,8D632A04EE0FA987B40B721BEE6E64BB3E641D6A1CE02335556213F1564C9A53,spectral-sequence,homology-section-spectral-sequence,011M,D000455,existing_stronger,reviewed_stronger,sites-cohomology-example-hom-complex-into-sheaf,07AA,"Stacks gives the general Hom-bicomplex spectral-sequence computation into a sheaf, which subsumes this canonical-resolution construction."
tohoku:construction:cartan-leray-fixed-cover:p1,174,construction,tohoku:section:3.8,174,174,sem/r18/nodes.csv:128,5A8E5720BC2EF8905BF85F7919C65AC4A87A31CFC854BD77E6B5084C0D2DEBEF,cech;exact-functor;spectral-sequence,categories-section-exact-functor;cohomology-section-cech;cohomology-section-cech-cohomology-cohomology;homology-section-spectral-sequence,0033;011M;01ED;01EO,D000354,existing_equivalent,reviewed_equivalent,cohomology-lemma-cech-spectral-sequence,01ES,Both constructions derive the fixed-cover Cech complex and produce its Cartan-Leray spectral sequence functorially in the sheaf.
tohoku:construction:cartan-leray-fixed-cover:p2,175,construction,tohoku:section:3.8,175,175,sem/r18/nodes.csv:129,5A8E5720BC2EF8905BF85F7919C65AC4A87A31CFC854BD77E6B5084C0D2DEBEF,,,,D000355,structural_only,reviewed_structural,cohomology-lemma-cech-spectral-sequence,01ES,This page-seam fragment only continues the abstract derived-functor construction whose substantive spectral sequence is matched by the cited lemma.
tohoku:construction:cartan-resolution,160,construction,tohoku:section:3.3,160,160,sem/r18/nodes.csv:130,5A8E5720BC2EF8905BF85F7919C65AC4A87A31CFC854BD77E6B5084C0D2DEBEF,,,,D000998,existing_equivalent,integrated_source_stacks_and_independent_review,cohomology-definition-fine-abelian-sheaf;cohomology-lemma-fine-phi-soft-and-tensor;cohomology-lemma-cartan-resolution-fine-torsion-free,,"Stacks now defines fine abelian sheaves by locally finite endomorphism partitions, proves that fine sheaves are Phi-soft for paracompactifying supports and remain fine after tensoring, and proves that any fixed fine torsion-free resolution of the constant sheaf Z yields an exact functorial Cartan resolution F tensor C whose terms are Gamma_Phi-acyclic and which computes supported cohomology. The construction is explicitly conditional on the supplied fine torsion-free resolution and makes no independent existence claim."
tohoku:construction:cech-cochain-complex,174,construction,tohoku:section:3.8,174,174,sem/r18/nodes.csv:131,5A8E5720BC2EF8905BF85F7919C65AC4A87A31CFC854BD77E6B5084C0D2DEBEF,cech,cohomology-section-cech;cohomology-section-cech-cohomology-cohomology,01ED;01EO,D000356,existing_equivalent,reviewed_equivalent,cohomology-definition-cech-complex,01EF,Stacks defines the same alternating Cech cochain complex for an open covering and defines cover cohomology as its cohomology.
tohoku:construction:cech-delta-functor,174,construction,tohoku:section:3.8,174,174,sem/r18/nodes.csv:132,5A8E5720BC2EF8905BF85F7919C65AC4A87A31CFC854BD77E6B5084C0D2DEBEF,cech;delta-functor,cohomology-section-cech;cohomology-section-cech-cohomology-cohomology;homology-section-cohomological-delta-functor,010P;01ED;01EO,D000357,existing_stronger,reviewed_stronger,cohomology-lemma-cech-always,09V1,The source uses exactness and effaceability in degrees zero and one; Stacks proves the resulting global Cech H1 functor is the derived H1 functor on every topological space.
tohoku:construction:cohomology-support-comparison:p1,166,construction,tohoku:section:3.5,166,166,sem/r18/nodes.csv:133,5A8E5720BC2EF8905BF85F7919C65AC4A87A31CFC854BD77E6B5084C0D2DEBEF,support,cohomology-section-cohomology-support,0A39,D000245,structural_only,reviewed_structural,cohomology-section-cohomology-support,0A39,The canonical comparison is obtained by universality after applying an exact extension functor. It is a proof-stage map within the broader supported-cohomology construction.
tohoku:construction:cohomology-support-comparison:p2,167,construction,tohoku:section:3.5,167,167,sem/r18/nodes.csv:134,5A8E5720BC2EF8905BF85F7919C65AC4A87A31CFC854BD77E6B5084C0D2DEBEF,support,cohomology-section-cohomology-support,0A39,D000358,structural_only,reviewed_structural,,,This incoming sentence fragment only introduces the second canonical support-comparison map completed by the following embedded equation.
tohoku:construction:coinduced-hom-module,215,construction,tohoku:section:5.6,215,215,sem/r18/nodes.csv:135,8D632A04EE0FA987B40B721BEE6E64BB3E641D6A1CE02335556213F1564C9A53,derived-functor;ext,cohomology-section-derived-functors;cohomology-section-ext;derived-section-ext;derived-section-right-derived-functor,0156;06XP;0716;0BQP,D000930,existing_equivalent,integrated_source_stacks_and_independent_review,cohomology-lemma-equivariant-product-internal-hom,,"Stacks now identifies each orbit product prod_{x in y} H_x canonically with Coind_{G_y}^G(H_y), proves the Shapiro isomorphisms H^n(G,Coind_{G_y}^G(M))=H^n(G_y,M), and proves that arbitrary products preserve this acyclicity. This is exactly the source's clean coinduced-Hom module step; the separate erroneous quotient-product formula remains open under D000590."
tohoku:construction:coinduced-u-module-b-prime,216,construction,tohoku:section:5.6,216,216,sem/r18/nodes.csv:136,8D632A04EE0FA987B40B721BEE6E64BB3E641D6A1CE02335556213F1564C9A53,injectives,derived-section-injective-resolutions;homology-section-injectives,0134;013G,D000933,existing_equivalent,integrated_source_stacks_and_independent_review,cohomology-lemma-skew-group-hom-injective-acyclic,,"Stacks now verifies that the displayed formulas make B' a compatible semilinear equivariant R-module and that eta:B->B', eta(b)_g=gb, is an injective equivariant map; injectivity of B then splits eta, exactly giving the source's U-module construction and direct-summand reduction."
tohoku:construction:complex-from-local-composition-data,210;211,construction,tohoku:section:5.5,210,211,sem/r18/nodes.csv:137,8D632A04EE0FA987B40B721BEE6E64BB3E641D6A1CE02335556213F1564C9A53,,,,D000910,existing_equivalent,integrated_source_stacks_and_independent_review,cohomology-lemma-equivariant-cech-nonhomogeneous-cochains,,"Stacks now proves, under the normalized coefficient convention that the group on an empty intersection is zero, that the equivariant Cech complex is reconstructed from the source's local data: the set L of overlapping translates, the finite intersections, restriction maps, and transport maps."
tohoku:construction:composite-functor-spectral-sequences:p1,147,construction,tohoku:section:2.4,147,147,sem/r18/nodes.csv:138,5A8E5720BC2EF8905BF85F7919C65AC4A87A31CFC854BD77E6B5084C0D2DEBEF,abelian;derived-functor;injectives,cohomology-section-derived-functors;derived-section-injective-resolutions;derived-section-right-derived-functor;homology-section-abelian-categories;homology-section-injectives,00ZX;0134;013G;0156;0716,D000754,existing_equivalent,integrated_source_stacks_and_independent_review,derived-lemma-composite-functor-spectral-sequences,,"Stacks now constructs both additive functorial first-quadrant spectral sequences from an injective resolution and a Cartan--Eilenberg resolution, gives their exact E_2 pages, and proves that they have the source's common functorial filtered hyperderived abutment."
tohoku:construction:composite-functor-spectral-sequences:p2,148,construction,tohoku:section:2.4,148,148,sem/r18/nodes.csv:139,5A8E5720BC2EF8905BF85F7919C65AC4A87A31CFC854BD77E6B5084C0D2DEBEF,spectral-sequence,homology-section-spectral-sequence,011M,D000755,existing_equivalent,integrated_source_stacks_and_independent_review,derived-lemma-composite-functor-spectral-sequences;derived-lemma-compose-derived-functors;derived-lemma-grothendieck-spectral-sequence,015M;015N,"Stacks now packages the source's paired composite spectral functors with both initial terms and their common abutment, and under the exact acyclicity hypothesis proves the first sequence degenerates to the derived composite while the second is the Grothendieck spectral sequence."
tohoku:construction:composite-resolving-functor-spectral-sequence,152,construction,tohoku:section:2.5,152,152,sem/r18/nodes.csv:140,5A8E5720BC2EF8905BF85F7919C65AC4A87A31CFC854BD77E6B5084C0D2DEBEF,abelian;exact-functor;injectives;spectral-sequence,categories-section-exact-functor;derived-section-injective-resolutions;homology-section-abelian-categories;homology-section-injectives;homology-section-spectral-sequence,0033;00ZX;011M;0134;013G,D000766,existing_equivalent,integrated_source_stacks_and_independent_review,derived-lemma-composite-resolving-functor-spectral-sequence,,"Stacks now constructs the second hyperderived spectral sequence of G applied to the resolving complex of A and proves that it is naturally the second composite-functor spectral sequence, including its finite filtered abutment."
tohoku:construction:compute-cohomology-with-supports,157,construction,tohoku:section:3.2,157,157,sem/r18/nodes.csv:141,5A8E5720BC2EF8905BF85F7919C65AC4A87A31CFC854BD77E6B5084C0D2DEBEF,derived-functor;injectives;support,cohomology-section-cohomology-support;cohomology-section-derived-functors;derived-section-injective-resolutions;derived-section-right-derived-functor;homology-section-injectives,0134;013G;0156;0716;0A39,D000783,existing_equivalent,integrated_source_stacks_and_independent_review,cohomology-lemma-cohomology-family-supports,,"Stacks now proves that any nonnegative Gamma_Phi-acyclic resolution computes H^p_Phi and records injective resolutions as the basic case, exactly matching the source computation prescription."
tohoku:construction:computing-constant-sheaf-spectral-functor,191,construction,tohoku:section:4.3,191,191,sem/r18/nodes.csv:142,8D632A04EE0FA987B40B721BEE6E64BB3E641D6A1CE02335556213F1564C9A53,,,,D000824,existing_equivalent,integrated_source_stacks_and_independent_review,cohomology-lemma-constant-sheaf-ext-double-complex,,"Stacks now constructs the functorial first-quadrant double complex Hom_R(L_p, Gamma(X, C^q(A))) from a free resolution and the Godement resolution and identifies its total cohomology with global Ext."
tohoku:construction:computing-spectral-sequence,189,construction,tohoku:section:4.2,189,189,sem/r18/nodes.csv:143,8D632A04EE0FA987B40B721BEE6E64BB3E641D6A1CE02335556213F1564C9A53,spectral-sequence,homology-section-spectral-sequence,011M,D000457,structural_only,reviewed_structural,cohomology-section-ext;sites-cohomology-example-hom-complex-into-sheaf,0BQP;07AA,This sentence only announces a computation method; the mathematical content is carried by the subsequent Hom-bicomplex construction covered by the cited Stacks material.
tohoku:construction:constant-equivariant-crossed-product,218,construction,tohoku:section:5.6,218,218,sem/r18/nodes.csv:144,8D632A04EE0FA987B40B721BEE6E64BB3E641D6A1CE02335556213F1564C9A53,,,,D000940,existing_equivalent,integrated_source_stacks_and_independent_review,cohomology-lemma-equivariant-ext-crossed-product-spectral-sequence,,"In the standard commutative Stacks ringed-space convention, Stacks now defines the skew group ring U generated by R and G, identifies compatible semilinear R-modules with left U-modules, constructs the associated constant equivariant sheaf, and proves the functorial identity Hom_{R,G}(M,B)=Hom_U(M,Gamma(X,B)). The exact constant-sheaf adjunction also proves that equivariant global sections preserve injective U-modules."
tohoku:construction:constant-section-generators,168,construction,tohoku:section:3.6,168,168,sem/r18/nodes.csv:145,5A8E5720BC2EF8905BF85F7919C65AC4A87A31CFC854BD77E6B5084C0D2DEBEF,grothendieck-category,injectives-section-grothendieck-categories;injectives-section-grothendieck-conditions,05AB;079A,D000799,existing_equivalent,integrated_source_stacks_and_independent_review,cohomology-lemma-cohomological-functor-local-generators,,"Stacks now embeds the kernel of a one-generator presentation into the constant integer sheaf and reduces it, through filtered colimits, to a subsheaf generated by finitely many positive constant integer sections over open subsets, exactly as in the source."
tohoku:construction:constant-transition-reduction:p1,165,construction,tohoku:section:3.4,165,165,sem/r18/nodes.csv:146,5A8E5720BC2EF8905BF85F7919C65AC4A87A31CFC854BD77E6B5084C0D2DEBEF,,,,D001011,existing_equivalent,integrated_source_stacks_and_independent_review,cohomology-lemma-holomorphic-logarithmic-derivative-obstruction,,"Stacks now proves the source's constant-transition assertion: reduction from P to the constant sheaf G implies d(E)=0 and yields an integrable holomorphic connection, while holomorphic Frobenius proves conversely that every integrable holomorphic connection gives such a reduction."
tohoku:construction:cover-stars-and-neighborhoods,180,construction,tohoku:section:3.9,180,180,sem/r18/nodes.csv:147,5A8E5720BC2EF8905BF85F7919C65AC4A87A31CFC854BD77E6B5084C0D2DEBEF,cech,cohomology-section-cech;cohomology-section-cech-cohomology-cohomology,01ED;01EO,D000360,structural_only,reviewed_structural,,,The definitions of E_x and O_x are proof-local devices for Proposition 3.9.2 rather than an independent result.
tohoku:construction:crossed-homomorphism-general,164,construction,tohoku:section:3.4,164,164,sem/r18/nodes.csv:148,5A8E5720BC2EF8905BF85F7919C65AC4A87A31CFC854BD77E6B5084C0D2DEBEF,,,,D000950,existing_equivalent,integrated_source_stacks_and_independent_review,cohomology-lemma-crossed-homomorphism-affine-action,,"Stacks now formalizes the general normalized crossed-homomorphism construction: the neutral fibre is a subgroup sheaf, equality of images is equivalent to membership of p^{-1}p' in that subgroup, the fibres through p are the right-action orbits pG, and rho_p(a)=u(p)sigma_p(a) gives the associated affine action with the source's product-compatibility identity and stabilizer."
tohoku:construction:derived-bifunctor:cohomological-first-variable,144,construction,tohoku:section:2.3,144,144,sem/r18/nodes.csv:149,5A8E5720BC2EF8905BF85F7919C65AC4A87A31CFC854BD77E6B5084C0D2DEBEF,injectives,derived-section-injective-resolutions;homology-section-injectives,0134;013G,D000740,existing_equivalent,integrated_source_stacks_and_independent_review,derived-lemma-partial-right-derived-bifunctor,,"Under the source's exact hypothesis that T(-,I) is exact for every injective second-variable object I, Stacks now obtains a termwise short exact sequence of resolution complexes and makes the partial derived functors a cohomological delta functor on the opposite of the first category."
tohoku:construction:derived-bifunctor:p1,143,construction,tohoku:section:2.3,143,143,sem/r18/nodes.csv:150,5A8E5720BC2EF8905BF85F7919C65AC4A87A31CFC854BD77E6B5084C0D2DEBEF,abelian;injectives,derived-section-injective-resolutions;homology-section-abelian-categories;homology-section-injectives,00ZX;0134;013G,D000738,existing_equivalent,integrated_source_stacks_and_independent_review,derived-lemma-partial-right-derived-bifunctor,,"For an additive bifunctor contravariant in the first variable and covariant in the second, with enough injectives in the second category, Stacks now constructs the right partial derived functors in the second variable by injective resolutions."
tohoku:construction:derived-bifunctor:p2,144,construction,tohoku:section:2.3,144,144,sem/r18/nodes.csv:151,5A8E5720BC2EF8905BF85F7919C65AC4A87A31CFC854BD77E6B5084C0D2DEBEF,derived-functor;injectives,cohomology-section-derived-functors;derived-section-injective-resolutions;derived-section-right-derived-functor;homology-section-injectives,0134;013G;0156;0716,D000739,existing_equivalent,integrated_source_stacks_and_independent_review,derived-lemma-partial-right-derived-bifunctor,,"Stacks now defines the bifunctors R_2^iT(A,B) by the source's exact formula H^i(T(A,I^\bullet)) for an injective resolution of B and identifies them canonically with R^i(T(A,-))(B), independently of the resolution."
tohoku:construction:diagram-category-resolution,169,construction,tohoku:section:3.6,169,169,sem/r18/nodes.csv:152,5A8E5720BC2EF8905BF85F7919C65AC4A87A31CFC854BD77E6B5084C0D2DEBEF,injectives,derived-section-injective-resolutions;homology-section-injectives,0134;013G,D001013,existing_equivalent,integrated_source_stacks_and_independent_review,injectives-lemma-filtered-diagram-injective-resolutions,,"Stacks now proves the source's corrected diagram-category step for a small filtered partially ordered set I: the exact left adjoints F_i to evaluation yield the generator ⊕_i F_i(U) of A^I, so A^I is Grothendieck, and evaluation sends injectives to injectives. It does not repeat the false generator assertion for arbitrary diagram schemes."
tohoku:construction:direct-image-g-o-module,198,construction,tohoku:section:5.1,198,198,sem/r18/nodes.csv:153,8D632A04EE0FA987B40B721BEE6E64BB3E641D6A1CE02335556213F1564C9A53,,,,D000857,existing_equivalent,integrated_source_stacks_and_independent_review,modules-lemma-invariant-direct-image-G-O-modules,,"For O'=q_*^G(O), Stacks now constructs q_* from G-O-modules to G-O'-modules and q_*^G to O'-modules, proves both functors additive and left exact, and gives the source factorization q_*^G=(-)^G composed with q_*."
tohoku:construction:direct-image-g-sheaf:p1,197;198,construction,tohoku:section:5.1,197,198,sem/r18/nodes.csv:154,8D632A04EE0FA987B40B721BEE6E64BB3E641D6A1CE02335556213F1564C9A53,,,,D000855,existing_equivalent,integrated_source_stacks_and_independent_review,sheaves-lemma-pushforward-G-sheaf,,"Stacks now constructs the direct image of a G-sheaf along a G-equivariant continuous map, including its sectionwise G-action and all supported algebraic-structure variants; the quotient-map case is the stated trivial-action specialization."
tohoku:construction:divisor-sequence:p1,160,construction,tohoku:section:3.4,160,160,sem/r18/nodes.csv:155,5A8E5720BC2EF8905BF85F7919C65AC4A87A31CFC854BD77E6B5084C0D2DEBEF,,,,D001038,existing_equivalent,integrated_source_stacks_and_independent_review,divisors-lemma-meromorphic-quotient-divisor-germs;divisors-section-meromorphic-functions;divisors-section-Weil-divisors,01X1;0BE0,"The new bounded lemma gives the p.160 quotient-as-locally-principal-germs statement and, under factorial local rings, its identification with the Weil-divisor sheaf. It reuses the already proved locally-UFD exact sequence and does not conflate the p.161 cohomology successor or the analytic lifting boundary."
tohoku:construction:divisor-sequence:p2,161,construction,tohoku:section:3.4,161,161,sem/r18/nodes.csv:156,5A8E5720BC2EF8905BF85F7919C65AC4A87A31CFC854BD77E6B5084C0D2DEBEF,grothendieck-category,injectives-section-grothendieck-categories;injectives-section-grothendieck-conditions,05AB;079A,D000999,existing_equivalent,integrated_source_stacks_and_independent_review,divisors-definition-sheaf-Weil-divisors;divisors-lemma-sheaf-Weil-divisors-flasque;divisors-lemma-locally-UFD-divisor-resolution,,"Stacks now constructs the flasque sheaf of Weil divisors and, for a Noetherian integral scheme with factorial local rings, proves the exact flasque resolution of the unit sheaf by nonzero rational functions and divisors. Consequently H^1 of the unit sheaf is the Weil divisor class group and all higher cohomology vanishes. No projective-bundle lifting assertion is included."
tohoku:construction:edge-homomorphisms-5.2,201,construction,tohoku:section:5.2,201,201,sem/r18/nodes.csv:157,8D632A04EE0FA987B40B721BEE6E64BB3E641D6A1CE02335556213F1564C9A53,spectral-sequence,homology-section-spectral-sequence,011M,D000873,structural_only,integrated_source_stacks_and_independent_review,cohomology-lemma-orbit-space-equivariant-spectral-sequence-edges,,"The source sentence only introduces the two edge-homomorphism displays. Those displays are now collected under the Stacks edge-map lemma, but the unit remains a structural introduction rather than an independent assertion."
tohoku:construction:edge-map-interpretation,201,construction,tohoku:section:5.2,201,201,sem/r18/nodes.csv:158,8D632A04EE0FA987B40B721BEE6E64BB3E641D6A1CE02335556213F1564C9A53,,,,D000874,structural_only,integrated_source_stacks_and_independent_review,cohomology-lemma-orbit-space-equivariant-spectral-sequence-edges,,"Stacks now gives both source interpretations: the right edge of the first sequence is restriction on saturated opens followed by sheafification, and the composite of the first map in (5.2.6) with the second map in (5.2.7), followed by inclusion of invariants, is ordinary pullback induced by the counit q^(-1)q_*^G(A) to A. This remains a structural interpretation of the displayed edge maps."
tohoku:construction:equivariant-cech-bicomplex,208,construction,tohoku:section:5.5,208,208,sem/r18/nodes.csv:159,8D632A04EE0FA987B40B721BEE6E64BB3E641D6A1CE02335556213F1564C9A53,cech,cohomology-section-cech;cohomology-section-cech-cohomology-cohomology,01ED;01EO,D000899,existing_equivalent,integrated_source_stacks_and_independent_review,cohomology-definition-equivariant-cech-cohomology,,"Stacks now defines equivariant Cech cohomology as the hyperderived invariants of the Cech complex and explicitly realizes it by the first-quadrant projective-resolution, equivalently bar-resolution, group-cochain bicomplex used by the source."
tohoku:construction:equivariant-cech-refinement-maps,211,construction,tohoku:section:5.5,211,211,sem/r18/nodes.csv:160,8D632A04EE0FA987B40B721BEE6E64BB3E641D6A1CE02335556213F1564C9A53,cech,cohomology-section-cech;cohomology-section-cech-cohomology-cohomology,01ED;01EO,D000911,existing_equivalent,integrated_source_stacks_and_independent_review,cohomology-lemma-equivariant-cech-refinements,,"Stacks now constructs canonical functorial transition maps for every ordinary refinement of open G-coverings, proves choice independence and transitivity, and proves agreement with the usual map whenever an equivariant refinement function is given; its two-sided free-replacement roof corrects the source's stabilizer obstruction."
tohoku:construction:equivariant-injective-envelope,216;217,construction,tohoku:section:5.6,216,217,sem/r18/nodes.csv:161,8D632A04EE0FA987B40B721BEE6E64BB3E641D6A1CE02335556213F1564C9A53,injectives,derived-section-injective-resolutions;homology-section-injectives,0134;013G,D000891,existing_stronger,integrated_source_stacks_and_independent_review,modules-lemma-AB5-AB3-star-generator-G-O-modules;injectives-theorem-injective-embedding-grothendieck;injectives-lemma-equivariant-injective-underlying,079H,"Stacks now gives a stronger functorial construction: Mod_G(O) is Grothendieck, so the general transfinite theorem functorially embeds every G-O-module A into an injective G-O-module I(A), and the new forgetful lemma proves that I(A) is also injective as an O-module."
tohoku:construction:ext-restriction-maps,187,construction,tohoku:section:4.2,187,187,sem/r18/nodes.csv:162,8D632A04EE0FA987B40B721BEE6E64BB3E641D6A1CE02335556213F1564C9A53,derived-functor;ext,cohomology-section-derived-functors;cohomology-section-ext;derived-section-ext;derived-section-right-derived-functor,0156;06XP;0716;0BQP,D000462,existing_equivalent,reviewed_equivalent,cohomology-section-ext;cohomology-lemma-restriction-RHom-to-U,0BQP;08DL,"Stacks constructs the restriction-compatible local Ext presheaf through restriction of derived Hom, matching these maps."
tohoku:construction:extension-by-zero-support-limit,220,construction,tohoku:section:5.7,220,220,sem/r18/nodes.csv:163,8D632A04EE0FA987B40B721BEE6E64BB3E641D6A1CE02335556213F1564C9A53,ext;limits;support,categories-section-directed-colimits;categories-section-limits;cohomology-section-cohomology-support;cohomology-section-ext;cohomology-section-limits;derived-section-ext,002D;01FE;04AX;06XP;0A39;0BQP,D001024,existing_equivalent,integrated_source_stacks_and_independent_review,cohomology-lemma-equivariant-support-filtered-extension-by-zero,,"Stacks now proves the directed extension-by-zero presentation of supported invariant sections for abelian G-sheaves. Its derived colimit comparison is asserted only under the separately stated Gamma_X^G-acyclicity condition for extension by zero, and its ordinary supported-cohomology comparison additionally assumes that Phi is paracompactifying; neither extra condition is inferred from the neighbourhood hypothesis."
tohoku:construction:finite-generator-filtration,168,construction,tohoku:section:3.6,168,168,sem/r18/nodes.csv:164,5A8E5720BC2EF8905BF85F7919C65AC4A87A31CFC854BD77E6B5084C0D2DEBEF,grothendieck-category,injectives-section-grothendieck-categories;injectives-section-grothendieck-conditions,05AB;079A,D000798,existing_equivalent,integrated_source_stacks_and_independent_review,cohomology-lemma-cohomological-functor-local-generators,,Stacks now filters a finitely generated sheaf by the subsheaves generated by its first successive local generators and uses the long exact sequence and Serre property to reduce exactly to the one-generator case.
tohoku:construction:finite-generator-reduction,168,construction,tohoku:section:3.6,168,168,sem/r18/nodes.csv:165,5A8E5720BC2EF8905BF85F7919C65AC4A87A31CFC854BD77E6B5084C0D2DEBEF,grothendieck-category;limits,categories-section-directed-colimits;categories-section-limits;cohomology-section-limits;injectives-section-grothendieck-categories;injectives-section-grothendieck-conditions,002D;01FE;04AX;05AB;079A,D000797,existing_equivalent,integrated_source_stacks_and_independent_review,cohomology-lemma-cohomological-functor-local-generators,,"Stacks now proves that the finite-generator subsheaves form a filtered system with colimit F, that the chosen Serre subcategory is closed under filtered colimits by the direct-sum-and-cokernel presentation, and hence reduces the argument exactly to finitely generated sheaves."
tohoku:construction:five-term-comparison-maps,203,construction,tohoku:section:5.2,203,203,sem/r18/nodes.csv:166,8D632A04EE0FA987B40B721BEE6E64BB3E641D6A1CE02335556213F1564C9A53,,,,D000884,existing_equivalent,integrated_source_stacks_and_independent_review,homology-lemma-common-middle-five-term-comparison,,"Stacks now constructs the two canonical kernel-to-cokernel morphisms for two five-term exact sequences with a common middle object, canonically identifies the two cross-kernels, and proves both resulting exact sequences (5.2.12)."
tohoku:construction:fixed-point-free-refinement,211;212,construction,tohoku:section:5.5,211,212,sem/r18/nodes.csv:167,8D632A04EE0FA987B40B721BEE6E64BB3E641D6A1CE02335556213F1564C9A53,cech,cohomology-section-cech;cohomology-section-cech-cohomology-cohomology,01ED;01EO,D000912,existing_stronger,integrated_source_stacks_and_independent_review,cohomology-lemma-equivariant-cech-refinements;cohomology-lemma-equivariant-cech-free-coverings-cofinal,,"Stacks gives a strengthened corrected construction: it forms the free-indexed replacement G times I, proves that its equivariant refinement map is a quasi-isomorphism, and free-replaces both coverings so an equivariant comparison always exists; this repairs the invalid one-sided step in the printed source and proves free coverings cofinal."
tohoku:construction:flabby-envelope,162,construction,tohoku:section:3.4,162,162,sem/r18/nodes.csv:168,5A8E5720BC2EF8905BF85F7919C65AC4A87A31CFC854BD77E6B5084C0D2DEBEF,,,,D001000,existing_equivalent,integrated_source_stacks_and_independent_review,cohomology-lemma-pointwise-flasque-envelope-groups;cohomology-lemma-flasque-group-torsors-trivial,,"Stacks now constructs, functorially for every sheaf of sets, the pointwise product sheaf U↦∏_{x∈U}F_x and its canonical germ monomorphism. For sheaves of possibly noncommutative groups this is a flasque group sheaf (and remains abelian in the abelian case), with surjectivity obtained by identity fillers. Stacks also proves by the source's Zorn argument that every torsor under a flasque group sheaf is trivial; hence the torsor-class pointed set is a singleton and H^1 vanishes in the abelian case. The arbitrary-set construction is not claimed flasque when empty stalks occur, and the point factors are not claimed to be the stalks of the product sheaf."
tohoku:construction:flabby-extension-section,172,construction,tohoku:section:3.7,172,172,sem/r18/nodes.csv:169,5A8E5720BC2EF8905BF85F7919C65AC4A87A31CFC854BD77E6B5084C0D2DEBEF,ext;support,cohomology-section-cohomology-support;cohomology-section-ext;derived-section-ext,06XP;0A39;0BQP,D000814,existing_equivalent,integrated_source_stacks_and_independent_review,cohomology-lemma-relative-direct-image-acyclic,,"Stacks now explicitly performs the source's glue-with-zero and flasque-extension construction, producing a global section whose support lies in A intersect f^{-1}(B_1) and hence belongs to Psi'."
tohoku:construction:four-functor-square:p1,152,construction,tohoku:section:2.5,152,152,sem/r18/nodes.csv:170,5A8E5720BC2EF8905BF85F7919C65AC4A87A31CFC854BD77E6B5084C0D2DEBEF,abelian;injectives,derived-section-injective-resolutions;homology-section-abelian-categories;homology-section-injectives,00ZX;0134;013G,D000771,existing_equivalent,integrated_source_stacks_and_independent_review,derived-lemma-four-functor-resolving-spectral-sequences,,"Stacks now packages the exact four-functor comparison data: resolving functors for the two vertical left exact functors, a differential-compatible natural isomorphism \mathbf F' G' to G \mathbf F, and the componentwise right-G-acyclicity hypothesis on \mathbf F^q of injectives."
tohoku:construction:four-functor-square:p2,153,construction,tohoku:section:2.5,153,153,sem/r18/nodes.csv:171,5A8E5720BC2EF8905BF85F7919C65AC4A87A31CFC854BD77E6B5084C0D2DEBEF,derived-functor,cohomology-section-derived-functors;derived-section-right-derived-functor,0156;0716,D000772,structural_only,integrated_source_stacks_and_independent_review,derived-lemma-four-functor-resolving-spectral-sequences,,The source's continued termwise G-acyclicity hypothesis is now stated explicitly for every resolving degree and every injective object inside the integrated four-functor theorem. This remains a structural continuation of the parent construction.
tohoku:construction:gcd-refinement,168,construction,tohoku:section:3.6,168,168,sem/r18/nodes.csv:172,5A8E5720BC2EF8905BF85F7919C65AC4A87A31CFC854BD77E6B5084C0D2DEBEF,grothendieck-category,injectives-section-grothendieck-categories;injectives-section-grothendieck-conditions,05AB;079A,D000800,existing_equivalent,integrated_source_stacks_and_independent_review,cohomology-lemma-cohomological-functor-local-generators,,"Stacks now adjoins on every finite intersection the constant section given by the corresponding greatest common divisor; Bezout's identity proves that the subsheaf is unchanged and that a stalkwise gcd occurs among the enlarged generators, exactly matching the source refinement."
tohoku:construction:generator-family,167,construction,tohoku:section:3.6,167,167,sem/r18/nodes.csv:173,5A8E5720BC2EF8905BF85F7919C65AC4A87A31CFC854BD77E6B5084C0D2DEBEF,grothendieck-category,injectives-section-grothendieck-categories;injectives-section-grothendieck-conditions,05AB;079A,D000366,existing_equivalent,reviewed_equivalent,modules-definition-generated-by-local-sections;cohomology-lemma-vanishing-generated-one-section,01AQ;02UX,"Stacks constructs the subsheaf generated by local sections and, in the cited cohomology proof, uses the same coproduct of extensions by zero mapping onto the sheaf."
tohoku:construction:generator-l-u,196,construction,tohoku:section:5.1,196,196,sem/r18/nodes.csv:174,8D632A04EE0FA987B40B721BEE6E64BB3E641D6A1CE02335556213F1564C9A53,grothendieck-category,injectives-section-grothendieck-categories;injectives-section-grothendieck-conditions,05AB;079A,D000844,existing_equivalent,integrated_source_stacks_and_independent_review,modules-lemma-induction-G-O-modules;modules-lemma-generator-G-O-modules,,"Stacks now constructs L(U) as the direct sum over G of the translated extension-by-zero modules j_{gU!}O_{gU} and proves the source's representing identity Hom_G-O(L(U),A)=A(U)."
tohoku:construction:global-ext-o,187,construction,tohoku:section:4.2,187,187,sem/r18/nodes.csv:175,8D632A04EE0FA987B40B721BEE6E64BB3E641D6A1CE02335556213F1564C9A53,derived-functor;ext,cohomology-section-derived-functors;cohomology-section-ext;derived-section-ext;derived-section-right-derived-functor,0156;06XP;0716;0BQP,D000465,existing_stronger,reviewed_stronger,derived-definition-ext;derived-lemma-compute-ext-resolutions,06XQ;06XR,Stacks defines Ext in the derived category and computes it by resolutions in greater generality than this right-derived-functor construction in C_O.
tohoku:construction:godement-injective-product,156,construction,tohoku:section:3.1,156,156,sem/r18/nodes.csv:176,5A8E5720BC2EF8905BF85F7919C65AC4A87A31CFC854BD77E6B5084C0D2DEBEF,injectives,derived-section-injective-resolutions;homology-section-injectives,0134;013G,D000252,existing_equivalent,reviewed_equivalent,injectives-lemma-sheaves-modules-space,01DI,Both constructions take a product of point-supported sheaves built from injective stalk modules and prove the resulting sheaf injective.
tohoku:construction:godement-resolution,160,construction,tohoku:section:3.3,160,160,sem/r18/nodes.csv:177,5A8E5720BC2EF8905BF85F7919C65AC4A87A31CFC854BD77E6B5084C0D2DEBEF,injectives,derived-section-injective-resolutions;homology-section-injectives,0134;013G,D000777,existing_equivalent,integrated_source_stacks_and_independent_review,cohomology-lemma-godement-resolution,0FKS,"Stacks now constructs the canonical augmented Godement resolution of every sheaf of modules, functorially and by flasque terms, proves its stalkwise contracting homotopy, and proves that the resulting nonnegative resolution-complex functor is exact degree by degree, matching the source's exact resolution of the identity."
tohoku:construction:hom-composite-functors,188,construction,tohoku:section:4.2,188,188,sem/r18/nodes.csv:178,8D632A04EE0FA987B40B721BEE6E64BB3E641D6A1CE02335556213F1564C9A53,,,,D000466,existing_equivalent,reviewed_equivalent,derived-lemma-grothendieck-spectral-sequence;cohomology-section-ext,015N;0BQP,The two Hom functors and their composite are exactly the local-to-global Ext setup underlying the Stacks Grothendieck spectral sequence.
tohoku:construction:hyperhomology-identification,147,construction,tohoku:section:2.4,147,147,sem/r18/nodes.csv:179,5A8E5720BC2EF8905BF85F7919C65AC4A87A31CFC854BD77E6B5084C0D2DEBEF,exact-functor;injectives,categories-section-exact-functor;derived-section-injective-resolutions;homology-section-injectives,0033;0134;013G,D000894,existing_equivalent,integrated_source_stacks_and_independent_review,derived-lemma-hypercohomology-derived-H0;derived-lemma-two-ss-complex-functor;derived-lemma-leray-acyclicity,015J;015E,"Stacks now gives canonical functorial isomorphisms R^n(F composed with H^0)(K) = H^n(RF(K)) and identifies the cohomology of every first-quadrant termwise F-acyclic double resolution with both sides, while the two Cartan-Eilenberg spectral sequences supply Tohoku's resolution-independent hyperhomology construction."
tohoku:construction:hyperhomology-resolution:a:p1,146,construction,tohoku:section:2.4,146,146,sem/r18/nodes.csv:180,5A8E5720BC2EF8905BF85F7919C65AC4A87A31CFC854BD77E6B5084C0D2DEBEF,,,,D000892,existing_equivalent,integrated_source_stacks_and_independent_review,homology-lemma-injectives-nonnegative-cochain-complexes,,"Stacks now proves that nonnegative complexes form an abelian category with termwise exactness and enough injectives, and characterizes its injectives exactly by injective terms, vanishing positive cohomology, and split cycle subobjects."
tohoku:construction:hyperhomology-resolution:a:p2,147,construction,tohoku:section:2.4,147,147,sem/r18/nodes.csv:181,5A8E5720BC2EF8905BF85F7919C65AC4A87A31CFC854BD77E6B5084C0D2DEBEF,injectives,derived-section-injective-resolutions;homology-section-injectives,0134;013G,D000893,structural_only,integrated_source_stacks_and_independent_review,homology-lemma-injectives-nonnegative-cochain-complexes,,"Every nonnegative complex now embeds in an injective complex by the locally finite disk-complex construction, but this admitted source unit is only the trailing page-seam fragment 'an injective object' and remains structurally absorbed into method (a)."
tohoku:construction:hyperhomology-resolution:b,147,construction,tohoku:section:2.4,147,147,sem/r18/nodes.csv:182,5A8E5720BC2EF8905BF85F7919C65AC4A87A31CFC854BD77E6B5084C0D2DEBEF,injectives,derived-section-injective-resolutions;homology-section-injectives,0134;013G,D000144,existing_equivalent,reviewed_equivalent,derived-definition-cartan-eilenberg;derived-lemma-cartan-eilenberg,015H;015I,"The Cartan-Eilenberg resolution has injective entries and gives injective resolutions of terms, cycles, boundaries, and cohomology, exactly matching Tohoku's quoted resolution type."
tohoku:construction:induced-a-bar-y,197,construction,tohoku:section:5.1,197,197,sem/r18/nodes.csv:183,8D632A04EE0FA987B40B721BEE6E64BB3E641D6A1CE02335556213F1564C9A53,ext,cohomology-section-ext;derived-section-ext,06XP;0BQP,D000850,existing_equivalent,integrated_source_stacks_and_independent_review,injectives-definition-equivariant-product-module,,"Stacks now reconstructs the transported modules on an orbit from a U_y-module, identifies their product with the usual coinduced G-module Hom_{Z[G_y]}(Z[G],I_y), and recovers I_y as its evaluation quotient."
tohoku:construction:induced-o-bar-y,197,construction,tohoku:section:5.1,197,197,sem/r18/nodes.csv:184,8D632A04EE0FA987B40B721BEE6E64BB3E641D6A1CE02335556213F1564C9A53,,,,D000851,existing_equivalent,integrated_source_stacks_and_independent_review,injectives-definition-equivariant-product-module,,"Stacks now constructs the analogous transported product ring on each orbit, makes the coinduced module a module over it, and records the canonical transported-factor identifications for both O and I."
tohoku:construction:inductive-injective-resolutions,169,construction,tohoku:section:3.6,169,169,sem/r18/nodes.csv:185,5A8E5720BC2EF8905BF85F7919C65AC4A87A31CFC854BD77E6B5084C0D2DEBEF,injectives,derived-section-injective-resolutions;homology-section-injectives,0134;013G,D001014,existing_equivalent,integrated_source_stacks_and_independent_review,injectives-lemma-filtered-diagram-injective-resolutions,,"Stacks now proves the source's compatible-resolution construction: every covariant system M in A^I has a right resolution by injectives of A^I, and evaluation gives injective resolutions of all M_i whose transition maps lift the original system. It does not claim that objectwise injective diagrams or colimits of the resolution terms are injective."
tohoku:construction:inductive-system-of-spectral-sequences,220,construction,tohoku:section:5.7,220,220,sem/r18/nodes.csv:186,8D632A04EE0FA987B40B721BEE6E64BB3E641D6A1CE02335556213F1564C9A53,spectral-sequence,homology-section-spectral-sequence,011M,D001026,existing_equivalent,integrated_source_stacks_and_independent_review,cohomology-lemma-equivariant-support-filtered-second-spectral-sequence,,"Stacks now constructs the compatible directed system from the E_2-pages onward, takes exact filtered colimits pagewise, proves stabilization and finite convergence, and identifies the abutment through the preceding conditional extension-by-zero comparison. It does not assert an unconditional second Grothendieck spectral sequence."
tohoku:construction:invariant-support-antifilter,219,construction,tohoku:section:5.7,219,219,sem/r18/nodes.csv:187,8D632A04EE0FA987B40B721BEE6E64BB3E641D6A1CE02335556213F1564C9A53,support,cohomology-section-cohomology-support,0A39,D001021,existing_equivalent,integrated_source_stacks_and_independent_review,cohomology-lemma-equivariant-family-supports-invariant-saturation,,"Stacks now proves that invariant saturation Phi^G is a family of supports contained in Phi and gives the same invariant supported sections, which is exactly the source construction needed for equivariant support cohomology."
tohoku:construction:inverse-image-comparison:p1,157,construction,tohoku:section:3.2,157,157,sem/r18/nodes.csv:188,5A8E5720BC2EF8905BF85F7919C65AC4A87A31CFC854BD77E6B5084C0D2DEBEF,,,,D000784,existing_equivalent,integrated_source_stacks_and_independent_review,modules-lemma-exactness-pushforward-pullback;cohomology-lemma-family-supports-pullback,01AJ,"For compatible support families under a continuous map, Stacks now combines exact inverse image with support-controlled pullback of sections to construct the source's natural degree-zero comparison and its derived extension."
tohoku:construction:inverse-image-comparison:p2,158,construction,tohoku:section:3.2,158,158,sem/r18/nodes.csv:189,5A8E5720BC2EF8905BF85F7919C65AC4A87A31CFC854BD77E6B5084C0D2DEBEF,,,,D000785,structural_only,integrated_source_stacks_and_independent_review,cohomology-lemma-family-supports-pullback;homology-definition-universal-delta-functor,010S,Stacks now carries out the source's universal-delta-functor extension from the support-controlled degree-zero pullback map to the unique morphism in every degree; this remains the structural continuation of Proposition 3.2.2.
tohoku:construction:inverse-image-g-sheaf,198,construction,tohoku:section:5.1,198,198,sem/r18/nodes.csv:190,8D632A04EE0FA987B40B721BEE6E64BB3E641D6A1CE02335556213F1564C9A53,,,,D000860,existing_equivalent,integrated_source_stacks_and_independent_review,sheaves-lemma-inverse-image-G-sheaf,,"Stacks now equips q^{-1}(B) with its canonical G-action through the pulled-back etale space, proves the equivariant adjunction q^{-1} left adjoint to q_*^G, and proves the source identity q_*^Gq^{-1}(B)=B, including all stated algebraic variants."
tohoku:construction:open-g-cover-spectral-functor,208,construction,tohoku:section:5.5,208,208,sem/r18/nodes.csv:191,8D632A04EE0FA987B40B721BEE6E64BB3E641D6A1CE02335556213F1564C9A53,cech;derived-functor;injectives,cohomology-section-cech;cohomology-section-cech-cohomology-cohomology;cohomology-section-derived-functors;derived-section-injective-resolutions;derived-section-right-derived-functor;homology-section-injectives,0134;013G;0156;01ED;01EO;0716,D000900,existing_equivalent,integrated_source_stacks_and_independent_review,cohomology-lemma-equivariant-cech-spectral-sequence,,"Stacks now constructs the additive functorial first-quadrant spectral sequence for every open G-cover by applying the complex-valued derived-functor theorem to the equivariant Cech complex, with finite filtered abutment."
tohoku:construction:operator-complex-spectral-sequences,194,construction,tohoku:section:4.4,194,194,sem/r18/nodes.csv:192,8D632A04EE0FA987B40B721BEE6E64BB3E641D6A1CE02335556213F1564C9A53,spectral-sequence,homology-section-spectral-sequence,011M,D000960,structural_only,integrated_source_stacks_and_independent_review,cohomology-lemma-sheaf-group-operator-spectral-sequences,,"This paragraph identifies two presentations of the spectral sequences already asserted in Theorem 4.4.1 rather than stating a further result. The Stacks theorem constructs those same two equivariant spectral sequences, realizes their common derived functor through the group-resolution--Godement double complex, and proves the displayed trivial-action formula, so the paragraph is structural evidence for that exact theorem."
tohoku:construction:orbit-representative-u-y,197,construction,tohoku:section:5.1,197,197,sem/r18/nodes.csv:193,8D632A04EE0FA987B40B721BEE6E64BB3E641D6A1CE02335556213F1564C9A53,,,,D000849,existing_equivalent,integrated_source_stacks_and_independent_review,injectives-definition-stabilizer-skew-group-ring;injectives-definition-equivariant-product-module,,"After choosing one point in each orbit, Stacks now proves that compatible pointwise semilinear module data are equivalent to a family of modules over the corresponding stabilizer skew group rings U_y."
tohoku:construction:p-a-g-o-sheaf,197,construction,tohoku:section:5.1,197,197,sem/r18/nodes.csv:194,8D632A04EE0FA987B40B721BEE6E64BB3E641D6A1CE02335556213F1564C9A53,,,,D000852,existing_equivalent,integrated_source_stacks_and_independent_review,injectives-definition-equivariant-product-module,,Stacks now constructs the source's G-O-module P(I) from a family of U_y-modules by associated orbit fibres and the pointwise-product sheaf.
tohoku:construction:pointwise-g-o-action,197,construction,tohoku:section:5.1,197,197,sem/r18/nodes.csv:195,8D632A04EE0FA987B40B721BEE6E64BB3E641D6A1CE02335556213F1564C9A53,,,,D000847,existing_equivalent,integrated_source_stacks_and_independent_review,injectives-definition-equivariant-product-module,,"Stacks now gives the source's exact criterion for a family of stalk modules with semilinear transport maps to define a pointwise-product G-O-module, including the identity, cocycle, and scalar-compatibility conditions."
tohoku:construction:product-hom-sheaf,215,construction,tohoku:section:5.6,215,215,sem/r18/nodes.csv:196,8D632A04EE0FA987B40B721BEE6E64BB3E641D6A1CE02335556213F1564C9A53,,,,D000951,existing_equivalent,integrated_source_stacks_and_independent_review,cohomology-lemma-equivariant-product-internal-hom,,"With the corrected p. 215 reading sealed in the source and sem/r11, Stacks proves the exact quotient-space product formula: the invariant family on each orbit is canonically one stabilizer-fixed factor H_{xi(y)}^{G_{xi(y)}}, rather than one repeated factor for every point of the orbit."
tohoku:construction:relative-k-hyperhomology-spectral-sequences,192,construction,tohoku:section:4.3,192,192,sem/r18/nodes.csv:197,8D632A04EE0FA987B40B721BEE6E64BB3E641D6A1CE02335556213F1564C9A53,spectral-sequence,homology-section-spectral-sequence,011M,D000830,existing_equivalent,integrated_source_stacks_and_independent_review,cohomology-lemma-constant-sheaf-ext-quotient-spectral-sequence,,"Stacks now explicitly constructs the two quotient-relative hyper-Ext spectral sequences for Q=S tensor_R L and C=Gamma(X,C(A)): the first has E_2^{r,s}=H^r of the termwise Ext_S^s complex, collapses to H^r(Hom_S(Q,C)) because Q is termwise free, and canonically identifies this with the common global-Ext abutment; the other has the Ext_S(Tor,H) E_2-page."
tohoku:construction:relative-leray-spectral-functor,173,construction,tohoku:section:3.7,173,173,sem/r18/nodes.csv:198,5A8E5720BC2EF8905BF85F7919C65AC4A87A31CFC854BD77E6B5084C0D2DEBEF,,,,D000815,existing_equivalent,integrated_source_stacks_and_independent_review,cohomology-lemma-relative-Leray-family-supports,,Stacks now applies the Grothendieck spectral sequence to Gamma_{Psi'}=Gamma_Phi composed with f_Psi under either source hypothesis and obtains the functorial first-quadrant spectral sequence with the stated E_2 term and abutment.
tohoku:construction:resolving-functor-spectral-sequences:p1,150,construction,tohoku:section:2.5,150,150,sem/r18/nodes.csv:199,5A8E5720BC2EF8905BF85F7919C65AC4A87A31CFC854BD77E6B5084C0D2DEBEF,exact-functor;spectral-sequence,categories-section-exact-functor;homology-section-spectral-sequence,0033;011M,D000758,existing_equivalent,integrated_source_stacks_and_independent_review,derived-lemma-resolving-functor-spectral-sequences,,"For a resolving functor and a bounded-below complex, Stacks now forms the source's exact double complex term by term, constructs both bounded spectral sequences, and identifies their common finite filtered abutment with right hyperderived cohomology."
tohoku:construction:resolving-functor-spectral-sequences:p2,151,construction,tohoku:section:2.5,151,151,sem/r18/nodes.csv:200,5A8E5720BC2EF8905BF85F7919C65AC4A87A31CFC854BD77E6B5084C0D2DEBEF,spectral-sequence,homology-section-spectral-sequence,011M,D000760,existing_equivalent,integrated_source_stacks_and_independent_review,derived-lemma-resolving-functor-spectral-sequences,,"Stacks now proves that both spectral sequences of the resolving-functor double complex identify naturally, from E_2 through their finite filtered abutments, with the corresponding canonical hyperderived spectral sequences."
tohoku:construction:restriction-homomorphisms,158,construction,tohoku:section:3.2,158,158,sem/r18/nodes.csv:201,5A8E5720BC2EF8905BF85F7919C65AC4A87A31CFC854BD77E6B5084C0D2DEBEF,,,,D000787,existing_equivalent,integrated_source_stacks_and_independent_review,cohomology-lemma-family-supports-restriction,,"For every subspace Y of X, Stacks now defines the trace family Phi|_Y and constructs the natural restriction homomorphisms H^p_Phi(X,F) to H^p_{Phi|_Y}(Y,F|_Y) in all degrees, exactly matching the source construction."
tohoku:construction:right-derived-functors:p1,143,construction,tohoku:section:2.3,143,143,sem/r18/nodes.csv:202,5A8E5720BC2EF8905BF85F7919C65AC4A87A31CFC854BD77E6B5084C0D2DEBEF,derived-functor;injectives,cohomology-section-derived-functors;derived-section-injective-resolutions;derived-section-right-derived-functor;homology-section-injectives,0134;013G;0156;0716,D000982,existing_equivalent,integrated_source_stacks_and_independent_review,derived-definition-injective-resolution;derived-lemma-injective-resolutions-exist;derived-definition-higher-derived-functors;derived-lemma-enough-injectives-right-derived;derived-lemma-injective-acyclic;derived-definition-derived-functor;derived-definition-projective-resolution;derived-lemma-projective-resolutions-exist;derived-lemma-partial-right-derived-bifunctor,013I;013K;015A;05TI;05TH;0157;0644;0646,"Stacks defines right and left derived functors, injective and projective resolutions, and proves the required resolution existence under enough injectives or projectives. Under enough injectives the right derived functor is everywhere defined, and bounded-below complexes of injectives compute it; hence any injective resolution gives the source's canonical identification R^iF(A) with H^i(F(I^bullet)). Applying these constructions under the usual opposite-category and degree-reversal identifications supplies the covariant/contravariant and injective/projective dual cases. The partial-right-derived-bifunctor lemma gives the source's mixed-variance model and its resolution-independent H^i(T(A,I^bullet)) formula. The source's final sentence is the corresponding variablewise recipe: further variables are handled by repeating the partial construction while holding the others fixed. This matches the p. 143 construction without importing the following satellite comparison or asserting a simultaneous total multiderived functor."
tohoku:construction:right-derived-spectral-functors:p1,146,construction,tohoku:section:2.4,146,146,sem/r18/nodes.csv:203,5A8E5720BC2EF8905BF85F7919C65AC4A87A31CFC854BD77E6B5084C0D2DEBEF,abelian;injectives;spectral-sequence,derived-section-injective-resolutions;homology-section-abelian-categories;homology-section-injectives;homology-section-spectral-sequence,00ZX;011M;0134;013G,D000757,existing_equivalent,integrated_source_stacks_and_independent_review,derived-lemma-two-ss-complex-functor;derived-remark-functorial-ss,015J;015K,"Stacks now carries out the source's Cartan--Eilenberg construction for an arbitrary additive functor on a bounded-below complex, computes both spectral sequences, and proves their additive functoriality and common filtered right-hyperderived abutment."
tohoku:construction:sheafification:p1,154,construction,tohoku:section:3.1,154,154,sem/r18/nodes.csv:204,5A8E5720BC2EF8905BF85F7919C65AC4A87A31CFC854BD77E6B5084C0D2DEBEF,,,,D000257,existing_equivalent,reviewed_equivalent,sheaves-lemma-sheafification-sheaf;sheaves-lemma-sheafify-universal,007Y;0080,"Both construct the associated sheaf, its natural map from the presheaf, and the same universal characterization."
tohoku:construction:sheafification:p2,155,construction,tohoku:section:3.1,155,155,sem/r18/nodes.csv:205,5A8E5720BC2EF8905BF85F7919C65AC4A87A31CFC854BD77E6B5084C0D2DEBEF,,,,D000258,existing_equivalent,reviewed_equivalent,sheaves-lemma-sheafify-presheaf-structures,0087,"The source's extension of sheafification to groups, rings, modules, and category-valued structures is exactly the tagged Stacks result."
tohoku:construction:special-point-indexed-coverings,178,construction,tohoku:section:3.8,178,178,sem/r18/nodes.csv:206,5A8E5720BC2EF8905BF85F7919C65AC4A87A31CFC854BD77E6B5084C0D2DEBEF,cech,cohomology-section-cech;cohomology-section-cech-cohomology-cohomology,01ED;01EO,D000369,example_or_remark,reviewed_example_or_remark,,,The restricted point-indexed coverings are tailored to the source's two-component Cech counterexample and have no local labelled analogue.
tohoku:construction:stalk-ext-comparison,188,construction,tohoku:section:4.2,188,188,sem/r18/nodes.csv:207,8D632A04EE0FA987B40B721BEE6E64BB3E641D6A1CE02335556213F1564C9A53,ext;spectral-sequence,cohomology-section-ext;derived-section-ext;homology-section-spectral-sequence,011M;06XP;0BQP,D000475,existing_stronger,reviewed_stronger,cohomology-lemma-stalk-internal-hom,0GM8,"Stacks constructs the canonical stalk derived-Hom map and proves it is an isomorphism for perfect or pseudo-coherent first argument, a stronger derived formulation under the relevant finite-resolution hypotheses."
tohoku:construction:stalk-spectral-sequence-limits,193,construction,tohoku:section:4.3,193,193,sem/r18/nodes.csv:208,8D632A04EE0FA987B40B721BEE6E64BB3E641D6A1CE02335556213F1564C9A53,ext;limits;spectral-sequence,categories-section-directed-colimits;categories-section-limits;cohomology-section-ext;cohomology-section-limits;derived-section-ext;homology-section-spectral-sequence,002D;011M;01FE;04AX;06XP;0BQP,D001028,existing_equivalent,integrated_source_stacks_and_independent_review,cohomology-lemma-constant-sheaf-ext-stalk-spectral-sequences,,"Stacks now constructs the two p. 193 neighbourhood-colimit spectral sequences functorially from the E_2-page onward. Exactness of filtered colimits passes their pages and finite abutment filtrations to the colimit, whose abutment is identified with the stalk of sheaf Ext. In the quotient sequence the Tor term is the admitted corrected Tor_a^R(S,M); no Ext/filtered-colimit interchange is used at this construction stage."
tohoku:construction:third-spectral-sequence,201,construction,tohoku:section:5.2,201,201,sem/r18/nodes.csv:209,8D632A04EE0FA987B40B721BEE6E64BB3E641D6A1CE02335556213F1564C9A53,spectral-sequence,homology-section-spectral-sequence,011M,D000945,existing_equivalent,integrated_source_stacks_and_independent_review,cohomology-lemma-orbit-space-equivariant-third-spectral-sequence,,"Stacks now applies the Grothendieck spectral sequence to equivariant global sections factored through ordinary direct image, identifies the ordinary higher direct images with their canonical G-actions, and obtains the additive functorial first-quadrant third spectral sequence, its finite filtrations, and its bottom edge."
tohoku:construction:two-coinduced-g-actions,216,construction,tohoku:section:5.6,216,216,sem/r18/nodes.csv:210,8D632A04EE0FA987B40B721BEE6E64BB3E641D6A1CE02335556213F1564C9A53,,,,D000952,existing_equivalent,integrated_source_stacks_and_independent_review,cohomology-lemma-skew-group-hom-injective-acyclic,,"With the corrected p. 216 reading sealed in the source and sem/r11, Stacks compares the two displayed coinduced G-actions by the exact equivariant intertwiner Psi(f)_g=g^{-1}f_g in the stated direction and uses it in the injective-acyclicity argument."
tohoku:construction:two-compositions-of-gamma-x-g,200,construction,tohoku:section:5.2,200,200,sem/r18/nodes.csv:211,8D632A04EE0FA987B40B721BEE6E64BB3E641D6A1CE02335556213F1564C9A53,,,,D000871,existing_equivalent,integrated_source_stacks_and_independent_review,cohomology-lemma-orbit-space-equivariant-spectral-sequences,,"Stacks now gives the two source factorizations of Gamma_X^G, verifies the required injective-acyclic hypotheses for both, and derives the corresponding functorial Grothendieck spectral sequences."
tohoku:contents,121;122,contents,tohoku:paper,121,122,sem/r18/nodes.csv:212,5A8E5720BC2EF8905BF85F7919C65AC4A87A31CFC854BD77E6B5084C0D2DEBEF,,,,,structural_only,classified,,,Source structure; no independent Stacks object.
tohoku:cor:2.5.5,153,corollary,tohoku:section:2.5,153,153,sem/r18/nodes.csv:213,5A8E5720BC2EF8905BF85F7919C65AC4A87A31CFC854BD77E6B5084C0D2DEBEF,derived-functor;injectives,cohomology-section-derived-functors;derived-section-injective-resolutions;derived-section-right-derived-functor;homology-section-injectives,0134;013G;0156;0716,D000775,existing_equivalent,integrated_source_stacks_and_independent_review,derived-corollary-four-resolving-functors-spectral-sequences,,"Under the source's exact four-resolving-functor and componentwise acyclicity hypotheses, Stacks now identifies the second composite sequences for F'G' and GF with the correctly ordered first and second hyperderived sequences on both sides of the square and with the two spectral sequences of the naturally isomorphic resolving double complexes, including finite filtered abutments."
tohoku:cor:3.1.1,156,corollary,tohoku:section:3.1,156,156,sem/r18/nodes.csv:214,5A8E5720BC2EF8905BF85F7919C65AC4A87A31CFC854BD77E6B5084C0D2DEBEF,injectives,derived-section-injective-resolutions;homology-section-injectives,0134;013G,D000259,existing_stronger,reviewed_stronger,injectives-lemma-sheaves-modules-space,01DI,"The tagged Stacks lemma proves the same embedding into an injective sheaf of modules and gives an explicit pointwise construction, so it is at least as strong as the source corollary."
tohoku:cor:3.3.1,158,corollary,tohoku:section:3.3,158,158,sem/r18/nodes.csv:215,5A8E5720BC2EF8905BF85F7919C65AC4A87A31CFC854BD77E6B5084C0D2DEBEF,derived-functor,cohomology-section-derived-functors;derived-section-right-derived-functor,0156;0716,D000260,existing_equivalent,reviewed_equivalent,derived-lemma-leray-acyclicity,015E,Both state that any resolution by objects acyclic for the functor computes its right derived functors.
tohoku:cor:3.3.2,159,corollary,tohoku:section:3.3,159,159,sem/r18/nodes.csv:216,5A8E5720BC2EF8905BF85F7919C65AC4A87A31CFC854BD77E6B5084C0D2DEBEF,,,,D000791,existing_equivalent,integrated_source_stacks_and_independent_review,cohomology-lemma-family-supports-flasque-soft-acyclic,,"Stacks now proves the source's vanishing of positive cohomology for flasque sheaves and for Phi-soft sheaves with respect to a paracompactifying family, and records computation by resolutions in either acyclic class."
tohoku:cor:3.4.2,162,corollary,tohoku:section:3.4,162,162,sem/r18/nodes.csv:217,5A8E5720BC2EF8905BF85F7919C65AC4A87A31CFC854BD77E6B5084C0D2DEBEF,,,,D001006,existing_equivalent,integrated_source_stacks_and_independent_review,cohomology-lemma-pointwise-envelope-degree-two-boundary,,"In the central case the H-action on F is trivial, so Stacks' construction gives the source's functorial pointed map H^1(X,H)→H^2(X,F), whose zero fibre is exactly the image of G-torsor classes; in the abelian case it is the usual connecting homomorphism."
tohoku:corollary:1-theorem-5.5.3,209,corollary,tohoku:section:5.5,209,209,sem/r18/nodes.csv:218,8D632A04EE0FA987B40B721BEE6E64BB3E641D6A1CE02335556213F1564C9A53,derived-functor,cohomology-section-derived-functors;derived-section-right-derived-functor,0156;0716,D000903,existing_equivalent,integrated_source_stacks_and_independent_review,cohomology-lemma-equivariant-cech-spectral-sequence-acyclic-cover,,"Stacks now proves that if every finite intersection in the open G-cover is acyclic for A, the equivariant Cech-to-sheaf edge maps are isomorphisms in every degree, exactly as in Corollary 1."
tohoku:corollary:2-theorem-5.5.3,209,corollary,tohoku:section:5.5,209,209,sem/r18/nodes.csv:219,8D632A04EE0FA987B40B721BEE6E64BB3E641D6A1CE02335556213F1564C9A53,cech,cohomology-section-cech;cohomology-section-cech-cohomology-cohomology,01ED;01EO,D001039,existing_equivalent,integrated_source_stacks_and_independent_review,cohomology-definition-equivariant-cech-closed-covering;cohomology-lemma-equivariant-cech-spectral-sequence-closed-covering;cohomology-lemma-equivariant-cech-spectral-sequence-closed-acyclic-cover,,"The new bounded definition and lemma now state the complete p.209 closed finite/locally-finite paracompact G-cover extension of the existing equivariant spectral sequence, including the edge maps; the separately stated acyclic degeneration is its formal Corollary 1 consequence. The ordinary closed-cover lemma supplies the local resolution argument, and no broader cofinality claim is made."
tohoku:corollary:3.10.1:1,182,corollary,tohoku:section:3.10,182,182,sem/r18/nodes.csv:220,5A8E5720BC2EF8905BF85F7919C65AC4A87A31CFC854BD77E6B5084C0D2DEBEF,,,,D000819,existing_equivalent,integrated_source_stacks_and_independent_review,cohomology-lemma-family-supports-colimit-extension-by-zero,,"Stacks now proves Corollary 1 to Proposition 3.10.1: for a paracompactifying family Phi, supported cohomology is the filtered colimit over open subsets U whose closure belongs to Phi of the ordinary cohomology of the extension-by-zero sheaves j_!(F restricted to U), functorially and compatibly with connecting maps."
tohoku:corollary:3.10.1:2,182,corollary,tohoku:section:3.10,182,182,sem/r18/nodes.csv:221,5A8E5720BC2EF8905BF85F7919C65AC4A87A31CFC854BD77E6B5084C0D2DEBEF,,,,D000820,existing_equivalent,integrated_source_stacks_and_independent_review,cohomology-lemma-cohomology-colimit-paracompact-neighbourhoods,,"Stacks now proves Corollary 2 to Proposition 3.10.1: for every subset having a fundamental system of paracompact neighbourhoods, cohomology on the subset is the filtered colimit of cohomology over its open neighbourhoods in every degree; it also proves the source's closed-subset variant requiring only one paracompact neighbourhood."
tohoku:corollary:3.8.1:1:p1,175,corollary,tohoku:section:3.8,175,175,sem/r18/nodes.csv:222,5A8E5720BC2EF8905BF85F7919C65AC4A87A31CFC854BD77E6B5084C0D2DEBEF,,,,D000372,existing_equivalent,reviewed_equivalent,cohomology-lemma-cech-spectral-sequence-application,01ET,This first half states the fixed-cover comparison conclusion; Stacks proves exactly that conclusion under the acyclic-intersection hypothesis completed on the next page.
tohoku:corollary:3.8.1:1:p2,176,corollary,tohoku:section:3.8,176,176,sem/r18/nodes.csv:223,5A8E5720BC2EF8905BF85F7919C65AC4A87A31CFC854BD77E6B5084C0D2DEBEF,derived-functor,cohomology-section-derived-functors;derived-section-right-derived-functor,0156;0716,D000373,existing_equivalent,reviewed_equivalent,cohomology-lemma-cech-spectral-sequence-application,01ET,This continuation supplies precisely the Stacks hypothesis that every finite intersection in the covering has vanishing higher cohomology.
tohoku:corollary:3.8.1:2,176,corollary,tohoku:section:3.8,176,176,sem/r18/nodes.csv:224,5A8E5720BC2EF8905BF85F7919C65AC4A87A31CFC854BD77E6B5084C0D2DEBEF,,,,D000374,existing_equivalent,reviewed_equivalent,cohomology-lemma-cech-spectral-sequence,01ES,The E2 page given by Cech cohomology of the cohomology presheaves and convergence to sheaf cohomology agree exactly with the Stacks spectral sequence.
tohoku:corollary:3.8.1:3,176,corollary,tohoku:section:3.8,176,176,sem/r18/nodes.csv:225,5A8E5720BC2EF8905BF85F7919C65AC4A87A31CFC854BD77E6B5084C0D2DEBEF,,,,D000680,existing_equivalent,integrated_source_stacks_and_independent_review,cohomology-lemma-cech-h0-space;cohomology-lemma-cech-always;cohomology-lemma-cech-spectral-sequence,09V1;01ES,"Stacks now proves that global Cech-to-derived cohomology is an isomorphism in degrees zero and one and injective in degree two, using the fixed-cover Cech spectral sequence and passage to refinements. This exactly covers the source corollary."
tohoku:corollary:3.8.1:4:p1,176,corollary,tohoku:section:3.8,176,176,sem/r18/nodes.csv:226,5A8E5720BC2EF8905BF85F7919C65AC4A87A31CFC854BD77E6B5084C0D2DEBEF,,,,D000376,existing_equivalent,reviewed_equivalent,cohomology-lemma-cech-spectral-sequence-application;cohomology-lemma-cech-vanish-basis,01ET;01EW,The source begins the same basis criterion assembled in Stacks from acyclic-intersection Cech comparison and the basis vanishing lemma.
tohoku:corollary:3.8.1:4:p2,177,corollary,tohoku:section:3.8,177,177,sem/r18/nodes.csv:227,5A8E5720BC2EF8905BF85F7919C65AC4A87A31CFC854BD77E6B5084C0D2DEBEF,,,,D000377,existing_equivalent,reviewed_equivalent,cohomology-lemma-cech-spectral-sequence-application;cohomology-lemma-cech-vanish-basis,01ET;01EW,Stacks obtains the same vanishing on basis elements and Cech-to-derived comparison on arbitrary opens from these two verified lemmas.
tohoku:corollary:3.9.1:1,179,corollary,tohoku:section:3.9,179,179,sem/r18/nodes.csv:228,5A8E5720BC2EF8905BF85F7919C65AC4A87A31CFC854BD77E6B5084C0D2DEBEF,,,,D001033,existing_equivalent,integrated_source_stacks_and_independent_review,cohomology-lemma-covering-acyclicity-conditions,,"Stacks now proves that derived-cohomology vanishing through degree n is equivalent to coverwise Cech vanishing A(n) together with finite common-intersection local killing B(n), using the repaired local-killing theorem and the closed-cover spectral sequence. No official tag is claimed."
tohoku:corollary:3.9.1:2,179,corollary,tohoku:section:3.9,179,179,sem/r18/nodes.csv:229,5A8E5720BC2EF8905BF85F7919C65AC4A87A31CFC854BD77E6B5084C0D2DEBEF,cech,cohomology-section-cech;cohomology-section-cech-cohomology-cohomology,01ED;01EO,D001034,existing_equivalent,integrated_source_stacks_and_independent_review,cohomology-lemma-special-coverings-compute-acyclicity,,"Stacks now proves the cofinal special-cover criterion: if every open covering is refined by a finite common intersection of assigned coverings, local killing makes every B(m) automatic, so derived vanishing through degree n is equivalent to assigned-cover cohomology vanishing through degree n. No official tag is claimed."
tohoku:corollary:3.9.1:3,180,corollary,tohoku:section:3.9,180,180,sem/r18/nodes.csv:230,5A8E5720BC2EF8905BF85F7919C65AC4A87A31CFC854BD77E6B5084C0D2DEBEF,cech,cohomology-section-cech;cohomology-section-cech-cohomology-cohomology,01ED;01EO,D001035,existing_equivalent,integrated_source_stacks_and_independent_review,cohomology-lemma-bounded-nerve-special-coverings-acyclic,,"Stacks now proves the bounded-nerve upgrade: alternating normalization kills assigned-cover cohomology above the uniform nerve dimension, while the special-cover criterion supplies all lower degrees, hence all positive-degree derived cohomology vanishes. No official tag is claimed."
tohoku:corollary:4.2.3,189,corollary,tohoku:section:4.2,189,189,sem/r18/nodes.csv:231,8D632A04EE0FA987B40B721BEE6E64BB3E641D6A1CE02335556213F1564C9A53,ext,cohomology-section-ext;derived-section-ext,06XP;0BQP,D000479,existing_stronger,reviewed_stronger,cohomology-section-ext;cohomology-lemma-Rhom-strictly-perfect,0BQP;08DM,Stacks computes derived Hom from a strictly perfect object and hence yields the asserted cohomology formula for a locally finite free module in stronger complex-level form.
tohoku:corollary:4.2.4:1,189;190,corollary,tohoku:section:4.2,189,190,sem/r18/nodes.csv:232,8D632A04EE0FA987B40B721BEE6E64BB3E641D6A1CE02335556213F1564C9A53,,,,D000480,existing_stronger,reviewed_stronger,cohomology-lemma-Rhom-complex-of-direct-summands-finite-free;cohomology-lemma-stalk-internal-hom,08I5;0GM8,"Stacks computes RHom from the finite-free resolution and its tagged derived-Hom stalk lemma supplies the corresponding stalk comparison, together stronger than this corollary."
tohoku:corollary:4.2.4:2,190,corollary,tohoku:section:4.2,190,190,sem/r18/nodes.csv:233,8D632A04EE0FA987B40B721BEE6E64BB3E641D6A1CE02335556213F1564C9A53,ext,cohomology-section-ext;derived-section-ext,06XP;0BQP,D000481,existing_stronger,reviewed_stronger,cohomology-lemma-Rhom-complex-of-direct-summands-finite-free;cohomology-section-global-RHom,08I5;0B6A,The Stacks derived-Hom computation by a finite-free complex directly gives the stated hypercohomology description in greater generality.
tohoku:corollary:4.2.4:3,190,corollary,tohoku:section:4.2,190,190,sem/r18/nodes.csv:234,8D632A04EE0FA987B40B721BEE6E64BB3E641D6A1CE02335556213F1564C9A53,spectral-sequence,homology-section-spectral-sequence,011M,D000482,existing_stronger,reviewed_stronger,sites-cohomology-example-hom-complex-into-sheaf,07AA,"Stacks explicitly gives the Hom-complex-into-an-injective-resolution bicomplex and its spectral sequences, subsuming this canonical-resolution version."
tohoku:corollary:4.3.2:1,192,corollary,tohoku:section:4.3,192,192,sem/r18/nodes.csv:235,8D632A04EE0FA987B40B721BEE6E64BB3E641D6A1CE02335556213F1564C9A53,ext;spectral-sequence,cohomology-section-ext;derived-section-ext;homology-section-spectral-sequence,011M;06XP;0BQP,D000826,existing_equivalent,integrated_source_stacks_and_independent_review,cohomology-lemma-constant-sheaf-ext-semisimple-quotient,,"Stacks now proves Corollary 1 to Proposition 4.3.2: for a semisimple quotient S=R/I and an underline-S module A, both spectral sequences of the free-resolution/Godement double complex degenerate at E_2 and canonically identify their common global-Ext abutment with the direct sum of Hom_S(Tor_p^R(S,M), H^q(X,A)) over p+q=n."
tohoku:corollary:4.3.2:2,192,corollary,tohoku:section:4.3,192,192,sem/r18/nodes.csv:236,8D632A04EE0FA987B40B721BEE6E64BB3E641D6A1CE02335556213F1564C9A53,ext,cohomology-section-ext;derived-section-ext,06XP;0BQP,D000827,existing_equivalent,integrated_source_stacks_and_independent_review,cohomology-lemma-constant-sheaf-ext-quotient-spectral-sequence,,"Stacks now proves Corollary 2 to Proposition 4.3.2: for S=R/I and an underline-S module A, it constructs the functorial first-quadrant spectral sequence with E_2^{p,q} the direct sum over a+b=q of Ext_S^p(Tor_a^R(S,M), H^b(X,A)), converging with finite filtrations to global Ext."
tohoku:corollary:5.1.3,198,corollary,tohoku:section:5.1,198,198,sem/r18/nodes.csv:237,8D632A04EE0FA987B40B721BEE6E64BB3E641D6A1CE02335556213F1564C9A53,injectives,derived-section-injective-resolutions;homology-section-injectives,0134;013G,D000859,existing_equivalent,integrated_source_stacks_and_independent_review,injectives-lemma-equivariant-injective-sections-invariants,,"Stacks now proves the corollary to Proposition 5.1.3: global sections of an injective abelian G-sheaf form an injective Z[G]-module, while its invariant direct image is an injective and hence flasque abelian sheaf on the orbit space."
tohoku:corollary:5.2.1,200,corollary,tohoku:section:5.2,200,200,sem/r18/nodes.csv:238,8D632A04EE0FA987B40B721BEE6E64BB3E641D6A1CE02335556213F1564C9A53,,,,D000869,existing_equivalent,integrated_source_stacks_and_independent_review,cohomology-lemma-higher-invariant-direct-image-slice,,"Stacks now proves the corollary to Proposition 5.2.1: on a disjoint union of translates of an H-stable open slice, restriction gives an exact equivalence of equivariant-sheaf categories and identifies every higher G-invariant direct image with the corresponding higher H-invariant direct image on the slice."
tohoku:corollary:5.2.3,202,corollary,tohoku:section:5.2,202,202,sem/r18/nodes.csv:239,8D632A04EE0FA987B40B721BEE6E64BB3E641D6A1CE02335556213F1564C9A53,,,,D000881,existing_stronger,integrated_source_stacks_and_independent_review,cohomology-lemma-orbit-space-equivariant-cohomology-finite-group,,"Stacks now proves the corollary in a stronger form: for a finite group acting on a Hausdorff space, invertibility of the group order on the G-sheaf makes the source's separate higher-invariant-direct-image vanishing hypothesis automatic and the two spectral-sequence edge maps canonically identify quotient-space cohomology, equivariant cohomology, and the invariant part of ordinary cohomology in every degree."
tohoku:corollary:5.3.1:1,204,corollary,tohoku:section:5.3,204,204,sem/r18/nodes.csv:240,8D632A04EE0FA987B40B721BEE6E64BB3E641D6A1CE02335556213F1564C9A53,spectral-sequence,homology-section-spectral-sequence,011M,D000878,existing_equivalent,integrated_source_stacks_and_independent_review,cohomology-lemma-orbit-space-equivariant-cohomology-stabilizer-orders,,"Stacks now proves Corollary 1 to Theorem 5.3.1: under condition (D), invertibility of every stabilizer order on the corresponding stalk kills all positive higher invariant direct images, canonically identifies equivariant cohomology with quotient-space cohomology, and yields the stated spectral sequence."
tohoku:corollary:5.3.1:2,204,corollary,tohoku:section:5.3,204,204,sem/r18/nodes.csv:241,8D632A04EE0FA987B40B721BEE6E64BB3E641D6A1CE02335556213F1564C9A53,,,,D000882,existing_equivalent,integrated_source_stacks_and_independent_review,cohomology-lemma-orbit-space-equivariant-cohomology-modulo-stabilizer-primes,,"Stacks now proves Corollary 2 to Theorem 5.3.1: if the stabilizer orders have least common multiple n, their positive stalk cohomology makes every positive row of the first spectral sequence P-primary torsion; hence the exact Serre quotient functor canonically identifies quotient-space and equivariant cohomology modulo C(P), and carries the second spectral sequence to one abutting to quotient-space cohomology with finite filtrations."
tohoku:corollary:5.3.1:3,205,corollary,tohoku:section:5.3,205,205,sem/r18/nodes.csv:242,8D632A04EE0FA987B40B721BEE6E64BB3E641D6A1CE02335556213F1564C9A53,spectral-sequence,homology-section-spectral-sequence,011M,D000880,existing_equivalent,integrated_source_stacks_and_independent_review,cohomology-lemma-orbit-space-equivariant-cohomology-stabilizer-orders,,"Stacks now proves Corollary 3 to Theorem 5.3.1: for a free discontinuous action, the stabilizer-order hypothesis is automatic and the functorial spectral sequence H^p(G,H^q(X,A)) converges to H^(p+q)(X/G,q_*^G(A))."
tohoku:corollary:5.4.1,206,corollary,tohoku:section:5.4,206,206,sem/r18/nodes.csv:243,8D632A04EE0FA987B40B721BEE6E64BB3E641D6A1CE02335556213F1564C9A53,,,,D000889,existing_equivalent,integrated_source_stacks_and_independent_review,cohomology-lemma-orbit-space-equivariant-cohomology-trivial-fixed-part,,"Stacks now proves the source corollary: when G acts trivially on the closed part X_0 and on the restricted k-vector-space sheaf, equivariant cohomology of X_0 canonically decomposes as the direct sum of H^p(G,k) tensor H^q(X_0,A); the ordinary-cohomology comparison is split injective, so the support complex (5.4.2) is exact."
tohoku:corollary:cohomological-dimension-test,170,corollary,tohoku:section:3.6,170,170,sem/r18/nodes.csv:244,5A8E5720BC2EF8905BF85F7919C65AC4A87A31CFC854BD77E6B5084C0D2DEBEF,,,,D000806,existing_equivalent,integrated_source_stacks_and_independent_review,cohomology-lemma-cohomological-dimension-open-generators,,"Stacks now proves the full corollary: using the equivalent terminology quasi-compact Hausdorff/Noetherian for compact/Tohoku Zariski, cohomological dimension at most n is equivalent to the vanishing of H^q(X,Z_U) for every open U and every q>n."
tohoku:corollary:coinduced-hom-acyclicity,215,corollary,tohoku:section:5.6,215,215,sem/r18/nodes.csv:245,8D632A04EE0FA987B40B721BEE6E64BB3E641D6A1CE02335556213F1564C9A53,derived-functor;injectives,cohomology-section-derived-functors;derived-section-injective-resolutions;derived-section-right-derived-functor;homology-section-injectives,0134;013G;0156;0716,D000931,existing_equivalent,integrated_source_stacks_and_independent_review,cohomology-lemma-skew-group-hom-injective-acyclic,,"Stacks now proves the corollary for an arbitrary ring R with G-action and semilinear left R-modules A and B: if B is injective in the equivariant module category, then Hom_R(A,B) is right acyclic for invariants in every positive degree. It also retains the source's warning that this Hom module need not be injective."
tohoku:corollary:fixed-point-free-g-covering,210,corollary,tohoku:section:5.5,210,210,sem/r18/nodes.csv:246,8D632A04EE0FA987B40B721BEE6E64BB3E641D6A1CE02335556213F1564C9A53,cech,cohomology-section-cech;cohomology-section-cech-cohomology-cohomology,01ED;01EO,D001040,existing_equivalent,integrated_source_stacks_and_independent_review,cohomology-lemma-equivariant-cech-spectral-sequence-acyclic-cover;cohomology-lemma-equivariant-cech-free-index;cohomology-lemma-equivariant-cech-spectral-sequence-closed-acyclic-cover,,"Stacks now proves the complete source corollary. The open-cover acyclic comparison and the new closed-cover acyclic comparison cover respectively the open branch and the finite/locally-finite paracompact closed branches, while the fixed-point-free index lemma identifies derived invariants of the nonalternating Cech complex with the cohomology of its invariant subcomplex."
tohoku:corollary:left-hereditary-k,192,corollary,tohoku:section:4.3,192,192,sem/r18/nodes.csv:247,8D632A04EE0FA987B40B721BEE6E64BB3E641D6A1CE02335556213F1564C9A53,,,,D000828,existing_equivalent,integrated_source_stacks_and_independent_review,cohomology-lemma-constant-sheaf-ext-hereditary-quotient,,Stacks now proves the hereditary specialization of Corollary 2: global dimension at most one kills the quotient spectral sequence above Ext-degree one and yields its canonical edge short exact sequence in every degree.
tohoku:corollary:lemma-5.5.2,208,corollary,tohoku:section:5.5,208,208,sem/r18/nodes.csv:248,8D632A04EE0FA987B40B721BEE6E64BB3E641D6A1CE02335556213F1564C9A53,spectral-sequence,homology-section-spectral-sequence,011M,D000897,existing_stronger,integrated_source_stacks_and_independent_review,derived-lemma-hyperderived-composite-functor-spectral-sequence-resolution,,"Stacks proves the resolution corollary in the same strengthened corrected form: for every nonnegative resolution A[0] to K, the termwise-derived hypercohomology spectral sequence converges to R^(p+q)(GF)(A), functorially and with finite filtrations."
tohoku:corollary:theorem-5.6.3-locally-free,218,corollary,tohoku:section:5.6,218,218,sem/r18/nodes.csv:249,8D632A04EE0FA987B40B721BEE6E64BB3E641D6A1CE02335556213F1564C9A53,,,,D000937,existing_equivalent,integrated_source_stacks_and_independent_review,cohomology-lemma-equivariant-ext-locally-free,,"For an underlying O-module A locally isomorphic to finite free O^r, SheafHom_O(A,-) is exact, so ordinary SheafExt_O^q(A,B)=0 for q>0. The third equivariant Ext spectral sequence therefore degenerates at E_2, and its bottom edge gives the canonical isomorphisms H^n(X;G,SheafHom_O(A,B))->Ext^n_{O,G}(X;A,B), functorial in B, exactly as in the source corollary."
tohoku:corollary:theorem-5.6.3-structure-sheaf,218,corollary,tohoku:section:5.6,218,218,sem/r18/nodes.csv:250,8D632A04EE0FA987B40B721BEE6E64BB3E641D6A1CE02335556213F1564C9A53,,,,D000938,existing_equivalent,integrated_source_stacks_and_independent_review,cohomology-lemma-equivariant-ext-locally-free,,"For A=O, evaluation at 1 is a canonical G-equivariant O-linear isomorphism SheafHom_O(O,B)=B. Under this identification the bottom-edge isomorphism of the preceding degeneration is H^n(X;G,B)->Ext^n_{O,G}(X;O,B), functorial in B, exactly the source formula."
tohoku:criterion:cech-H2-example-reduction:p1,177,criterion,tohoku:section:3.8,177,177,sem/r18/nodes.csv:251,5A8E5720BC2EF8905BF85F7919C65AC4A87A31CFC854BD77E6B5084C0D2DEBEF,cech,cohomology-section-cech;cohomology-section-cech-cohomology-cohomology,01ED;01EO,D000382,structural_only,reviewed_structural,,,"This is an intermediate reduction inside the counterexample proof, not a freestanding comparison theorem."
tohoku:criterion:cech-H2-example-reduction:p2,178,criterion,tohoku:section:3.8,178,178,sem/r18/nodes.csv:252,5A8E5720BC2EF8905BF85F7919C65AC4A87A31CFC854BD77E6B5084C0D2DEBEF,cech,cohomology-section-cech;cohomology-section-cech-cohomology-cohomology,01ED;01EO,D000383,structural_only,reviewed_structural,,,The admitted continuation has no substantive text and is structurally absorbed into the preceding counterexample reduction.
tohoku:criterion:global-cech-edge-range,176,criterion,tohoku:section:3.8,176,176,sem/r18/nodes.csv:253,5A8E5720BC2EF8905BF85F7919C65AC4A87A31CFC854BD77E6B5084C0D2DEBEF,cech,cohomology-section-cech;cohomology-section-cech-cohomology-cohomology,01ED;01EO,D000978,existing_stronger,integrated_source_stacks_and_independent_review,cohomology-lemma-global-equivariant-cech-edge-range,,"Stacks proves the source criterion in a stronger equivariant form. Its global first-quadrant equivariant Cech spectral sequence has E_2^{p,q}=check H^p(X;G,underline H^q(A)) and E_2^{0,q}=0 for every q>0. Under the stated vanishing for 0<q<n, all incoming differentials to the bottom row through column n+1 vanish; the finite filtration then gives bottom-edge isomorphisms through degree n and an injection in degree n+1. Taking G={1} recovers the exact p.176 assertion, including the vacuous n=1 case."
tohoku:criterion:inverse-direct-essential-image,199,criterion,tohoku:section:5.1,199,199,sem/r18/nodes.csv:254,8D632A04EE0FA987B40B721BEE6E64BB3E641D6A1CE02335556213F1564C9A53,,,,D000864,existing_equivalent,integrated_source_stacks_and_independent_review,sheaves-lemma-inverse-image-G-sheaf;sheaves-lemma-inverse-invariant-direct-image;sheaves-lemma-invariant-direct-image-stalk;sheaves-lemma-equivariant-sheaf-stabilizer-descent,,"Combining the fully faithful inverse-image adjunction with the counit monomorphism, Stacks now characterizes the descended subsheaf, proves that descent forces trivial stabilizer actions on stalks without extra hypotheses, and proves the converse under condition (D)."
tohoku:criterion:local-H1-two-components,178,criterion,tohoku:section:3.8,178,178,sem/r18/nodes.csv:255,5A8E5720BC2EF8905BF85F7919C65AC4A87A31CFC854BD77E6B5084C0D2DEBEF,,,,D000385,example_or_remark,reviewed_example_or_remark,,,The connected-component calculation is specific to the two-closed-set counterexample and has no matching labelled local statement.
tohoku:criterion:stalk-ext-limit-transfer,193,criterion,tohoku:section:4.3,193,193,sem/r18/nodes.csv:256,8D632A04EE0FA987B40B721BEE6E64BB3E641D6A1CE02335556213F1564C9A53,ext;limits;spectral-sequence,categories-section-directed-colimits;categories-section-limits;cohomology-section-ext;cohomology-section-limits;derived-section-ext;homology-section-spectral-sequence,002D;011M;01FE;04AX;06XP;0BQP,D001029,existing_equivalent,integrated_source_stacks_and_independent_review,cohomology-lemma-constant-sheaf-ext-stalk-comparison;cohomology-lemma-constant-sheaf-ext-stalk-noetherian-quotient,,"Stacks now constructs the canonical maps from the stalk of sheaf Ext to Ext_R^n(M,A_x), proves them isomorphisms when the componentwise Ext_R or Ext_S terms commute with the neighbourhood colimit, and proves the p. 193 left-Noetherian quotient specialization using the finite S-modules Tor_a^R(S,M). The comparison is conditional; left Noetherianity is not replaced by right Noetherianity, and the repaired Tor base is the original ring R."
tohoku:def:adapted-antifilters,172,definition,tohoku:section:3.7,172,172,sem/r18/nodes.csv:257,5A8E5720BC2EF8905BF85F7919C65AC4A87A31CFC854BD77E6B5084C0D2DEBEF,,,,D000811,existing_equivalent,integrated_source_stacks_and_independent_review,cohomology-lemma-relative-direct-image-family-supports,,Stacks now gives the source definition that Phi and Psi are adapted relative to f exactly when Psi'=Psi; the all-closed-support example follows immediately from the displayed definition.
tohoku:def:additive-diagram-relations:p1,130,definition,tohoku:section:1.6,130,130,sem/r18/nodes.csv:258,5A8E5720BC2EF8905BF85F7919C65AC4A87A31CFC854BD77E6B5084C0D2DEBEF,,,,D000689,existing_equivalent,integrated_source_stacks_and_independent_review,homology-definition-additive-diagram-relations;homology-remark-additive-diagram-relations,,"Stacks now defines the free abelian groups on paths, integral linear combinations of parallel paths and identities, and the two-sided additive ideal generated by the stated relations. This exactly encodes the source's first half of the additive relation construction."
tohoku:def:additive-diagram-relations:p2,131,definition,tohoku:section:1.6,131,131,sem/r18/nodes.csv:259,5A8E5720BC2EF8905BF85F7919C65AC4A87A31CFC854BD77E6B5084C0D2DEBEF,additive,homology-section-additive-categories,09SE,D000690,existing_equivalent,integrated_source_stacks_and_independent_review,homology-definition-additive-diagram-relations;homology-remark-additive-diagram-relations,,Stacks now defines additive diagrams satisfying the relations as additive functors out of the quotient preadditive path category and explains the equivalence with the source's object-arrow-relation description.
tohoku:def:adjoint-obstruction-class,165,definition,tohoku:section:3.4,165,165,sem/r18/nodes.csv:260,5A8E5720BC2EF8905BF85F7919C65AC4A87A31CFC854BD77E6B5084C0D2DEBEF,,,,D001010,existing_equivalent,integrated_source_stacks_and_independent_review,cohomology-lemma-holomorphic-logarithmic-derivative-obstruction,,"Stacks now constructs the source's class d(E)=d_u(E) in H^1(X,Ω_X^1(ad(E))) by canonically identifying the linear twist with Ω_X^1(ad(E)) and the affine twist with the torsor of holomorphic connection forms; it proves that d(E)=0 exactly when E admits a holomorphic connection."
tohoku:def:associated-graded,145,definition,tohoku:section:2.4,145,145,sem/r18/nodes.csv:261,5A8E5720BC2EF8905BF85F7919C65AC4A87A31CFC854BD77E6B5084C0D2DEBEF,,,,D000979,existing_equivalent,integrated_source_stacks_and_independent_review,homology-lemma-associated-graded-cofiltration,,"Stacks now gives a labelled equivalent of the admitted corrected p.145 convention: for F'_nA=A/F^nA, the natural map F'_{n+1}A to F'_nA has kernel canonically and functorially identified with gr^n_F(A)=F^nA/F^{n+1}A, hence gr^n_F(A) is canonically isomorphic to G_{n+1}(A); it also records the increasing reindexings and the filtration/cofiltration and kernel/cokernel interchange under passage to the opposite category. Together with the immediately preceding associated-graded-object and functor paragraph, this covers the corrected source definition while explicitly distinguishing it from the inconsistent printed shifts."
tohoku:def:canonical-diagram-extension,131,definition,tohoku:section:1.6,131,131,sem/r18/nodes.csv:262,5A8E5720BC2EF8905BF85F7919C65AC4A87A31CFC854BD77E6B5084C0D2DEBEF,additive;ext,cohomology-section-ext;derived-section-ext;homology-section-additive-categories,06XP;09SE;0BQP,D000691,existing_equivalent,integrated_source_stacks_and_independent_review,homology-lemma-postcompose-additive-diagrams,,"Stacks now constructs postcomposition by an additive functor on relation-diagram categories, proves compatibility with identities, composition and natural transformations, and proves preservation of left, right and full exactness."
tohoku:def:cech-cohomology,174,definition,tohoku:section:3.8,174,174,sem/r18/nodes.csv:263,5A8E5720BC2EF8905BF85F7919C65AC4A87A31CFC854BD77E6B5084C0D2DEBEF,cech,cohomology-section-cech;cohomology-section-cech-cohomology-cohomology,01ED;01EO,D000387,existing_equivalent,reviewed_equivalent,cohomology-section-refinements-cech,09UY,The tagged Stacks refinements section defines global Cech cohomology by the same filtered colimit of cover cohomology over refinements.
tohoku:def:cogenerator-family,135,definition,tohoku:section:1.9,135,135,sem/r18/nodes.csv:264,5A8E5720BC2EF8905BF85F7919C65AC4A87A31CFC854BD77E6B5084C0D2DEBEF,abelian;grothendieck-category;injectives,derived-section-injective-resolutions;homology-section-abelian-categories;homology-section-injectives;injectives-section-grothendieck-categories;injectives-section-grothendieck-conditions,00ZX;0134;013G;05AB;079A,D000949,existing_equivalent,integrated_source_stacks_and_independent_review,injectives-definition-grothendieck-conditions;injectives-lemma-grothendieck-cogenerator;injectives-lemma-cogenerators-abelian-groups,079B,"Stacks defines families of cogenerators, proves that every AB5 abelian category with a generator has a cogenerator, and now proves that both Q/Z and R/Z are cogenerators of abelian groups. Together these statements cover the full p. 135 unit."
tohoku:def:cohomological-dimension,170,definition,tohoku:section:3.6,170,170,sem/r18/nodes.csv:265,5A8E5720BC2EF8905BF85F7919C65AC4A87A31CFC854BD77E6B5084C0D2DEBEF,,,,D000805,existing_equivalent,integrated_source_stacks_and_independent_review,cohomology-definition-cohomological-dimension,,"Stacks now states the source definition: a topological space has cohomological dimension at most n exactly when H^q(X,F) vanishes for every abelian sheaf F and every q>n."
tohoku:def:cohomological-spectral-sequence,145,definition,tohoku:section:2.4,145,145,sem/r18/nodes.csv:266,5A8E5720BC2EF8905BF85F7919C65AC4A87A31CFC854BD77E6B5084C0D2DEBEF,spectral-sequence,homology-section-spectral-sequence,011M,D000981,existing_equivalent,integrated_source_stacks_and_independent_review,homology-definition-first-quadrant-spectral-sequence-with-filtered-abutment;homology-lemma-first-quadrant-spectral-sequence-with-filtered-abutment,,"Stacks now records the source's additional support condition under the unambiguous name first quadrant for a spectral sequence with finitely filtered abutment. It proves stabilization for r greater than max(p,q+1), vanishing of the negative-degree abutment, and the two stated filtration bounds. The supplied page-homology maps give identifications rather than literal equalities, matching the local spectral-sequence convention."
tohoku:def:cohomology-presheaf,175,definition,tohoku:section:3.8,175,175,sem/r18/nodes.csv:267,5A8E5720BC2EF8905BF85F7919C65AC4A87A31CFC854BD77E6B5084C0D2DEBEF,,,,D000389,existing_equivalent,reviewed_equivalent,cohomology-lemma-include,01ER,"Stacks identifies the derived functors of inclusion into presheaves with the same presheaf U mapping to H^q(U,F)."
tohoku:def:cohomology-with-supports,157,definition,tohoku:section:3.2,157,157,sem/r18/nodes.csv:268,5A8E5720BC2EF8905BF85F7919C65AC4A87A31CFC854BD77E6B5084C0D2DEBEF,derived-functor;support,cohomology-section-cohomology-support;cohomology-section-derived-functors;derived-section-right-derived-functor,0156;0716;0A39,D000781,existing_equivalent,integrated_source_stacks_and_independent_review,cohomology-lemma-cohomology-family-supports,,"Stacks now defines H^p_Phi as the right derived functors of the left exact functor Gamma_Phi for an arbitrary family of closed supports, including negative vanishing and the degree-zero identification, exactly matching the source definition."
tohoku:def:combinatorial-dimension,170,definition,tohoku:section:3.6,170,170,sem/r18/nodes.csv:269,5A8E5720BC2EF8905BF85F7919C65AC4A87A31CFC854BD77E6B5084C0D2DEBEF,,,,D000390,existing_equivalent,reviewed_equivalent,topology-definition-Krull,0055,The source's maximum length of strict chains of irreducible closed subsets is exactly the Stacks definition of Krull dimension for a topological space.
tohoku:def:commutation-relations,130,definition,tohoku:section:1.6,130,130,sem/r18/nodes.csv:270,5A8E5720BC2EF8905BF85F7919C65AC4A87A31CFC854BD77E6B5084C0D2DEBEF,,,,D000692,existing_equivalent,integrated_source_stacks_and_independent_review,homology-definition-additive-diagram-relations,,Stacks now defines ordinary pairs of parallel paths and distinguished loops as commutation relations and the full subcategory of diagrams satisfying path equality and identity-loop conditions.
tohoku:def:commutative-diagram,130,definition,tohoku:section:1.6,130,130,sem/r18/nodes.csv:271,5A8E5720BC2EF8905BF85F7919C65AC4A87A31CFC854BD77E6B5084C0D2DEBEF,,,,D000693,existing_equivalent,integrated_source_stacks_and_independent_review,homology-definition-additive-diagram-relations,,"Stacks now defines the image of a composite graph path and calls a graph-shaped diagram commutative when every pair of parallel paths has the same image, exactly covering the source definition."
tohoku:def:complete-subcategory,138,definition,tohoku:section:1.11,138,138,sem/r18/nodes.csv:272,5A8E5720BC2EF8905BF85F7919C65AC4A87A31CFC854BD77E6B5084C0D2DEBEF,abelian,homology-section-abelian-categories,00ZX,D000023,existing_equivalent,reviewed_equivalent,homology-definition-serre-subcategory;homology-lemma-characterize-weak-serre-subcategory,02MO;0754,"Grothendieck's special 'full subcategory' is exactly Stacks' weak Serre subcategory: ordinary fullness plus kernels, cokernels, and extensions; it is not merely a full subcategory in current terminology."
tohoku:def:composite-arrow,130,definition,tohoku:section:1.6,130,130,sem/r18/nodes.csv:273,5A8E5720BC2EF8905BF85F7919C65AC4A87A31CFC854BD77E6B5084C0D2DEBEF,,,,D000694,existing_equivalent,integrated_source_stacks_and_independent_review,homology-definition-additive-diagram-relations,,"Stacks now defines finite composable paths in a directed graph, including the source's nonempty composite arrows and additionally the empty identity paths needed for the path category."
tohoku:def:cover-cohomology,174,definition,tohoku:section:3.8,174,174,sem/r18/nodes.csv:274,5A8E5720BC2EF8905BF85F7919C65AC4A87A31CFC854BD77E6B5084C0D2DEBEF,,,,D000391,existing_equivalent,reviewed_equivalent,cohomology-definition-cech-complex,01EF,Stacks defines cover Cech cohomology as the cohomology of exactly this Cech complex.
tohoku:def:dE-obstruction,164,definition,tohoku:section:3.4,164,164,sem/r18/nodes.csv:275,5A8E5720BC2EF8905BF85F7919C65AC4A87A31CFC854BD77E6B5084C0D2DEBEF,,,,D000956,existing_equivalent,integrated_source_stacks_and_independent_review,cohomology-lemma-crossed-homomorphism-torsor-obstruction,,"Stacks now defines the pointed torsor class d_u(E), identifies it with H^1 in the abelian case, proves neutrality exactly when A(rho)^E has a section, constructs the associated (P/G)^E monomorphism, and proves reduction implies neutrality with the converse when u is an epimorphism."
tohoku:def:delta-functor-morphism,140,definition,tohoku:section:2.1,140,140,sem/r18/nodes.csv:276,5A8E5720BC2EF8905BF85F7919C65AC4A87A31CFC854BD77E6B5084C0D2DEBEF,delta-functor,homology-section-cohomological-delta-functor,010P,D000988,existing_equivalent,integrated_source_stacks_and_independent_review,homology-definition-morphism-graded-connecting-functors,,"Stacks now defines morphisms between graded connecting functors having the same arbitrary interval, variance, and step epsilon = +1 or -1 as componentwise natural transformations commuting with the correctly oriented boundary square in both the covariant and contravariant cases. Identities, sums, and composites are componentwise, and no exactness or one-sided-degree hypothesis is imposed. This gives the full p. 140 notion; the earlier nonnegative exact delta-functor definition is only a specialization."
tohoku:def:delta-functor:p1,139,definition,tohoku:section:2.1,139,139,sem/r18/nodes.csv:277,5A8E5720BC2EF8905BF85F7919C65AC4A87A31CFC854BD77E6B5084C0D2DEBEF,abelian;additive;delta-functor,homology-section-abelian-categories;homology-section-additive-categories;homology-section-cohomological-delta-functor,00ZX;010P;09SE,D000987,existing_equivalent,integrated_source_stacks_and_independent_review,homology-definition-graded-connecting-functor,,"Stacks now specializes exactly to the source's covariant partial-functor: additive functors T^i for every a < i < b, boundary maps T^i(A'') to T^{i+1}(A') whenever both degrees occur, naturality in morphisms of short exact sequences, and the requirement that the associated string be a complex. The generalized statement also records the contravariant and degree-lowering variants without changing this case."
tohoku:def:delta-star-and-variance,140,definition,tohoku:section:2.1,140,140,sem/r18/nodes.csv:278,5A8E5720BC2EF8905BF85F7919C65AC4A87A31CFC854BD77E6B5084C0D2DEBEF,,,,D000985,existing_equivalent,integrated_source_stacks_and_independent_review,homology-definition-graded-connecting-functor;homology-lemma-graded-connecting-functor-dualities,,"Stacks now packages all four source conventions uniformly: covariance or contravariance, an arbitrary interval a < i < b, and step epsilon = +1 or -1, with the corresponding boundary direction, naturality, and complex string. The duality lemma proves that degree reindexing i maps to -i preserves variance and reverses the step, that passage to the target opposite reverses both variance and step with boundary (partial_T^{i-epsilon})^opp, and that passage to the source opposite changes variance; hence every case reduces to the covariant step +1 convention."
tohoku:def:diagram-category,130,definition,tohoku:section:1.6,130,130,sem/r18/nodes.csv:279,5A8E5720BC2EF8905BF85F7919C65AC4A87A31CFC854BD77E6B5084C0D2DEBEF,,,,D000695,existing_equivalent,integrated_source_stacks_and_independent_review,homology-definition-additive-diagram-relations,,"Stacks now defines graph-shaped diagrams, their component morphisms and naturality squares, and the resulting category before passing to additive path relations. This exactly covers the source construction."
tohoku:def:dual-diagram-scheme,131,definition,tohoku:section:1.6,131,131,sem/r18/nodes.csv:280,5A8E5720BC2EF8905BF85F7919C65AC4A87A31CFC854BD77E6B5084C0D2DEBEF,,,,D000696,existing_equivalent,integrated_source_stacks_and_independent_review,homology-remark-dual-additive-diagram-scheme,,Stacks now reverses every graph arrow and every path in the relations and proves the canonical equivalence between the opposite representation category and representations of the opposite scheme.
tohoku:def:effaceable-coeffaceable,141,definition,tohoku:section:2.2,141,141,sem/r18/nodes.csv:281,5A8E5720BC2EF8905BF85F7919C65AC4A87A31CFC854BD77E6B5084C0D2DEBEF,delta-functor;injectives,derived-section-injective-resolutions;homology-section-cohomological-delta-functor;homology-section-injectives,010P;0134;013G,D000729,existing_equivalent,integrated_source_stacks_and_independent_review,homology-definition-effaceable-functor;homology-lemma-characterize-effaceable-functor;homology-lemma-efface-implies-universal,010T,"Stacks now defines effaceable and co-effaceable additive functors exactly and proves all source characterizations: vanishing along every injective effacement when those exist, vanishing on injective objects when there are enough injectives, and the dual projective criterion for co-effaceability. The universality lemma now states its hypothesis in this language."
tohoku:def:etale-space-from-presheaf,154,definition,tohoku:section:3.1,154,154,sem/r18/nodes.csv:282,5A8E5720BC2EF8905BF85F7919C65AC4A87A31CFC854BD77E6B5084C0D2DEBEF,limits,categories-section-directed-colimits;categories-section-limits;cohomology-section-limits,002D;01FE;04AX,D000778,existing_equivalent,integrated_source_stacks_and_independent_review,sheaves-definition-etale-space;sheaves-lemma-presheaf-etale-space,,"Stacks now topologizes the disjoint union of the stalks of a presheaf using the basic opens determined by local sections, proves that the projection is an etale space over the base, and proves functoriality in the presheaf, exactly matching the source construction."
tohoku:def:exact-delta-functor,140,definition,tohoku:section:2.1,140,140,sem/r18/nodes.csv:283,5A8E5720BC2EF8905BF85F7919C65AC4A87A31CFC854BD77E6B5084C0D2DEBEF,abelian;delta-functor,homology-section-abelian-categories;homology-section-cohomological-delta-functor,00ZX;010P,D000986,existing_equivalent,integrated_source_stacks_and_independent_review,homology-definition-graded-connecting-functor;homology-definition-exact-graded-connecting-functor;homology-remark-one-sided-two-sided-delta-functors,,"Stacks now defines exactness for the same arbitrary interval and both steps once the target is abelian, requiring exactness at every term of the actual unpadded string having both adjacent arrows. This matches the source without adding endpoint zero objects that it does not supply, and gives the source's all-degree cohomological step +1 and homological step -1 terminology. The comparison remark separately explains the stronger initial left-exactness condition in the pre-existing nonnegative delta-functor convention."
tohoku:def:extension-by-zero-locally-closed,166,definition,tohoku:section:3.5,166,166,sem/r18/nodes.csv:284,5A8E5720BC2EF8905BF85F7919C65AC4A87A31CFC854BD77E6B5084C0D2DEBEF,exact-functor;ext,categories-section-exact-functor;cohomology-section-ext;derived-section-ext,0033;06XP;0BQP,D000792,existing_equivalent,integrated_source_stacks_and_independent_review,cohomology-lemma-extension-by-zero-locally-closed,,"Stacks now constructs the exact extension-by-zero functor for every locally closed inclusion by open-then-closed factorization, proves its factorization-independent characterization and transitivity, and recovers the canonical closed/open exact sequence."
tohoku:def:filtered-object,145,definition,tohoku:section:2.4,145,145,sem/r18/nodes.csv:285,5A8E5720BC2EF8905BF85F7919C65AC4A87A31CFC854BD77E6B5084C0D2DEBEF,abelian,homology-section-abelian-categories,00ZX,D000157,existing_equivalent,reviewed_equivalent,homology-definition-filtered;homology-lemma-filtered,0121;0122,"Stacks gives decreasing filtrations, filtered morphisms, additivity, and non-abelianness exactly; it additionally defines induced, quotient, finite, separated, and exhaustive filtrations."
tohoku:def:flasque-and-soft-sheaves,159,definition,tohoku:section:3.3,159,159,sem/r18/nodes.csv:286,5A8E5720BC2EF8905BF85F7919C65AC4A87A31CFC854BD77E6B5084C0D2DEBEF,,,,D000788,existing_equivalent,integrated_source_stacks_and_independent_review,cohomology-definition-flasque;cohomology-definition-soft-family-supports;sheaves-example-sheaf-product-pointwise;sheaves-lemma-sheaf-subset-stalks;injectives-lemma-abelian-sheaves-space;injectives-lemma-sheaves-modules-space;cohomology-lemma-injective-flasque;cohomology-lemma-section-closed-paracompact-neighbourhood;cohomology-lemma-flasque-soft-family-supports,09SW;006X;0079;01DG;01DI;09SX,"Stacks now gives the source's flasque and soft definitions, its pointwise-product flasque envelope and embeddings for sheaves of sets, abelian groups, and modules, the neighbourhood-extension lemma for a closed subset with paracompact neighbourhood, and the resulting implication from flasque to soft on a paracompact space."
tohoku:def:induced-support-antifilter,166,definition,tohoku:section:3.5,166,166,sem/r18/nodes.csv:287,5A8E5720BC2EF8905BF85F7919C65AC4A87A31CFC854BD77E6B5084C0D2DEBEF,support,cohomology-section-cohomology-support,0A39,D000794,existing_equivalent,integrated_source_stacks_and_independent_review,cohomology-lemma-induced-family-supports,,"Stacks now defines the induced family Phi_Z by the members of Phi contained in the locally closed subset Z, distinguishes it from the trace family, proves it remains paracompactifying, and identifies supported sections after locally closed extension by zero."
tohoku:def:inductive-limit,133,definition,tohoku:section:1.8,133,133,sem/r18/nodes.csv:288,5A8E5720BC2EF8905BF85F7919C65AC4A87A31CFC854BD77E6B5084C0D2DEBEF,limits,categories-section-directed-colimits;categories-section-limits;cohomology-section-limits,002D;01FE;04AX,D000027,existing_equivalent,reviewed_equivalent,categories-definition-system-over-poset;categories-definition-colimit,0030;002F,The compatibility and universal mapping clauses are exactly the colimit of the associated preorder-indexed diagram.
tohoku:def:inductive-limit:functor,133,definition,tohoku:section:1.8,133,133,sem/r18/nodes.csv:289,5A8E5720BC2EF8905BF85F7919C65AC4A87A31CFC854BD77E6B5084C0D2DEBEF,limits,categories-section-directed-colimits;categories-section-limits;cohomology-section-limits,002D;01FE;04AX,D000028,existing_stronger,reviewed_stronger,categories-lemma-functorial-colimit,002K,Stacks gives functoriality for a transformation together with a change of index category; the fixed-index colimit functor asserted here is the special case H=id.
tohoku:def:inductive-limit:functoriality,133,definition,tohoku:section:1.8,133,133,sem/r18/nodes.csv:290,5A8E5720BC2EF8905BF85F7919C65AC4A87A31CFC854BD77E6B5084C0D2DEBEF,limits,categories-section-directed-colimits;categories-section-limits;cohomology-section-limits,002D;01FE;04AX,D000029,existing_stronger,reviewed_stronger,categories-lemma-functorial-colimit,002K,The induced map between colimits is exactly the H=id case of the more general local functorial-colimit lemma.
tohoku:def:injective-effacement,135,definition,tohoku:section:1.10,135,135,sem/r18/nodes.csv:291,5A8E5720BC2EF8905BF85F7919C65AC4A87A31CFC854BD77E6B5084C0D2DEBEF,injectives,derived-section-injective-resolutions;homology-section-injectives,0134;013G,D000727,existing_equivalent,integrated_source_stacks_and_independent_review,homology-definition-injective-effacement;homology-lemma-injective-effacement,,"Stacks now defines an injective effacement by the source's exact relative lifting square and proves both stated consequences: every monomorphism into an injective object is an injective effacement, and the identity of M is an injective effacement exactly when M is injective."
tohoku:def:injective-object,135,definition,tohoku:section:1.10,135,135,sem/r18/nodes.csv:292,5A8E5720BC2EF8905BF85F7919C65AC4A87A31CFC854BD77E6B5084C0D2DEBEF,abelian;injectives,derived-section-injective-resolutions;homology-section-abelian-categories;homology-section-injectives,00ZX;0134;013G,D000031,existing_equivalent,reviewed_equivalent,homology-definition-injective;homology-lemma-characterize-injectives,0135;0136,"The extension property is the Stacks definition and exactness of Hom(-,M) is its labelled equivalent characterization."
tohoku:def:morphism-spectral-sequence,145,definition,tohoku:section:2.4,145,145,sem/r18/nodes.csv:293,5A8E5720BC2EF8905BF85F7919C65AC4A87A31CFC854BD77E6B5084C0D2DEBEF,additive;spectral-sequence,homology-section-additive-categories;homology-section-spectral-sequence,011M;09SE,D000983,existing_equivalent,integrated_source_stacks_and_independent_review,homology-definition-morphism-spectral-sequence-with-filtered-abutment;homology-lemma-spectral-sequences-with-filtered-abutment-additive;homology-remark-spectral-sequences-with-filtered-abutment-not-abelian,,"Stacks now defines, for a fixed starting page r0, the source's morphism data: page maps commuting with differentials and the supplied page-homology identifications, together with filtered abutment maps whose associated-graded maps commute with the beta isomorphisms. Compatibility with the page identifications makes the induced stable map u_infty independent of the chosen sufficiently large page. It also proves the resulting category additive and records the source's nonabelian warning in the cautious form that the category need not be abelian."
tohoku:def:ordered-zariski-example,171,definition,tohoku:section:3.6,171,171,sem/r18/nodes.csv:294,5A8E5720BC2EF8905BF85F7919C65AC4A87A31CFC854BD77E6B5084C0D2DEBEF,,,,D000392,example_or_remark,reviewed_example_or_remark,,,The well-ordered-space topology is a source example and is not the topology used in the labelled Stacks Datta example; no exact local target was found.
tohoku:def:ordinary-direct-image,171,definition,tohoku:section:3.7,171,171,sem/r18/nodes.csv:295,5A8E5720BC2EF8905BF85F7919C65AC4A87A31CFC854BD77E6B5084C0D2DEBEF,,,,D000393,existing_equivalent,reviewed_equivalent,sheaves-section-presheaves-functorial;sheaves-lemma-pushforward-sheaf,008C;008D,"Stacks defines f_*F on V as F(f^{-1}V) and proves that this rule preserves sheaves, exactly the all-closed-support specialization here."
tohoku:def:phi-soft-and-paracompactifying,159,definition,tohoku:section:3.3,159,159,sem/r18/nodes.csv:296,5A8E5720BC2EF8905BF85F7919C65AC4A87A31CFC854BD77E6B5084C0D2DEBEF,,,,D000789,existing_equivalent,integrated_source_stacks_and_independent_review,cohomology-definition-soft-family-supports;cohomology-lemma-section-closed-paracompact-neighbourhood;cohomology-lemma-flasque-soft-family-supports,,"Stacks now defines Phi-soft sheaves and the source's two paracompactifying-family conditions, proves that every flasque abelian sheaf is Phi-soft for such a family, and embeds every abelian sheaf into a Phi-soft one."
tohoku:def:point-indexed-cover-system,176,definition,tohoku:section:3.8,176,176,sem/r18/nodes.csv:297,5A8E5720BC2EF8905BF85F7919C65AC4A87A31CFC854BD77E6B5084C0D2DEBEF,cech,cohomology-section-cech;cohomology-section-cech-cohomology-cohomology,01ED;01EO,D000962,structural_only,integrated_source_stacks_and_independent_review,cohomology-section-refinements-cech,09UY,"The point-indexed coverings form a cofinal bookkeeping system for the refinement colimit defining global Cech cohomology; selecting U_x from any cover gives the required refinement. Stacks works directly with arbitrary indexed covers and their refinement maps, so this restricted indexing convention is structural rather than a missing mathematical statement."
tohoku:def:presheaf-and-sheaf:p1,153,definition,tohoku:section:3.1,153,153,sem/r18/nodes.csv:298,5A8E5720BC2EF8905BF85F7919C65AC4A87A31CFC854BD77E6B5084C0D2DEBEF,,,,D000271,existing_equivalent,reviewed_equivalent,sheaves-definition-presheaf;sheaves-definition-sheaf,006E;006T,"The restriction data, identity and composition laws, and local existence and uniqueness axioms agree with the two tagged Stacks definitions."
tohoku:def:presheaf-and-sheaf:p2,154,definition,tohoku:section:3.1,154,154,sem/r18/nodes.csv:299,5A8E5720BC2EF8905BF85F7919C65AC4A87A31CFC854BD77E6B5084C0D2DEBEF,,,,D000272,existing_equivalent,reviewed_equivalent,sheaves-definition-presheaf-values-in-category;sheaves-definition-sheaf-values-in-category,006N;0072,Both accounts generalize presheaves and sheaves from sets to objects valued in an arbitrary category using the same functorial formulation.
tohoku:def:product-direct-image-sheaf,172,definition,tohoku:section:3.7,172,172,sem/r18/nodes.csv:300,5A8E5720BC2EF8905BF85F7919C65AC4A87A31CFC854BD77E6B5084C0D2DEBEF,injectives,derived-section-injective-resolutions;homology-section-injectives,0134;013G,D000959,structural_only,integrated_source_stacks_and_independent_review,cohomology-lemma-relative-direct-image-acyclic,,"This pointwise-product description is a proof step inside Lemma 3.7.1(1), not an independent definition or theorem. Stacks proves the enclosing exact conclusion that ordinary direct image preserves injective abelian sheaves (by the exact inverse-image adjunction), so this source-specific proof presentation is structurally absorbed there."
tohoku:def:pushforward-adapted-support-antifilter,172,definition,tohoku:section:3.7,172,172,sem/r18/nodes.csv:301,5A8E5720BC2EF8905BF85F7919C65AC4A87A31CFC854BD77E6B5084C0D2DEBEF,support,cohomology-section-cohomology-support,0A39,D000810,existing_equivalent,integrated_source_stacks_and_independent_review,cohomology-lemma-relative-direct-image-family-supports,,"Stacks now defines Psi' by the conditions A in Psi(X) and closure of f(A) in Phi, proves it is a family of supports, and proves the source's supported-section identity."
tohoku:def:quasi-equal,138,definition,tohoku:section:1.11,138,138,sem/r18/nodes.csv:302,5A8E5720BC2EF8905BF85F7919C65AC4A87A31CFC854BD77E6B5084C0D2DEBEF,,,,D000732,existing_equivalent,integrated_source_stacks_and_independent_review,homology-definition-serre-quasi-equal;homology-lemma-serre-quasi-equal,,"Stacks now defines quasi-equal subobjects and quotient objects exactly by requiring their quotient or kernel to lie in the Serre subcategory, proves the source's upward-closure, intersection, and dual quotient-closure properties, and identifies these precisely as the inclusion and quotient maps inverted by the Serre quotient functor."
tohoku:def:quotient-category,138,definition,tohoku:section:1.11,138,138,sem/r18/nodes.csv:303,5A8E5720BC2EF8905BF85F7919C65AC4A87A31CFC854BD77E6B5084C0D2DEBEF,abelian,homology-section-abelian-categories,00ZX,D000033,existing_stronger,reviewed_stronger,homology-lemma-serre-subcategory-is-kernel,02MS,The resulting abelian quotient and exact essentially-surjective functor agree; Stacks constructs it as a localization and additionally proves the universal property.
tohoku:def:quotient-composition:p1,138,definition,tohoku:section:1.11,138,138,sem/r18/nodes.csv:304,5A8E5720BC2EF8905BF85F7919C65AC4A87A31CFC854BD77E6B5084C0D2DEBEF,,,,D000735,existing_equivalent,integrated_source_stacks_and_independent_review,homology-lemma-serre-quotient-compose-representatives,,"Stacks now gives the source's exact representative-level composition setup: the image of the canonical map from the second representative's quasi-equal domain to the first representative's quasi-equal target is simultaneously a quotient and a subobject, with both maps inverted in the Serre quotient."
tohoku:def:quotient-composition:p2,139,definition,tohoku:section:1.11,139,139,sem/r18/nodes.csv:305,5A8E5720BC2EF8905BF85F7919C65AC4A87A31CFC854BD77E6B5084C0D2DEBEF,,,,D000736,existing_equivalent,integrated_source_stacks_and_independent_review,homology-lemma-serre-quotient-compose-representatives;homology-lemma-serre-subcategory-is-kernel,02MS,"Stacks now explicitly shrinks the first domain and quotients the second target so both representatives factor through the common image, proves that their composite represents categorical composition, and derives independence, bilinearity, associativity, identities, additivity, and abelianness from the existing Serre quotient construction."
tohoku:def:quotient-hom,138,definition,tohoku:section:1.11,138,138,sem/r18/nodes.csv:306,5A8E5720BC2EF8905BF85F7919C65AC4A87A31CFC854BD77E6B5084C0D2DEBEF,limits,categories-section-directed-colimits;categories-section-limits;cohomology-section-limits,002D;01FE;04AX,D000734,existing_equivalent,integrated_source_stacks_and_independent_review,homology-lemma-serre-quotient-morphisms-colimit,,"Under the source's exact set-of-subobjects hypothesis, Stacks now identifies the Hom group in the Serre quotient with the filtered colimit of Hom(A', B/N) over quasi-equal subobjects A' of A ordered by reverse inclusion and C-subobjects N of B ordered by inclusion, exactly matching the source's simultaneous two-sided system."
tohoku:def:quotient-morphism,138,definition,tohoku:section:1.11,138,138,sem/r18/nodes.csv:307,5A8E5720BC2EF8905BF85F7919C65AC4A87A31CFC854BD77E6B5084C0D2DEBEF,,,,D000733,existing_equivalent,integrated_source_stacks_and_independent_review,homology-lemma-serre-quotient-morphism-representatives,,"Stacks now proves that every morphism in the Serre quotient is represented by a map from a quasi-equal subobject to a quasi-equal quotient, and proves exactly the source's common-refinement criterion for equality of two representatives."
tohoku:def:relative-derived-direct-image,173,definition,tohoku:section:3.7,173,173,sem/r18/nodes.csv:308,5A8E5720BC2EF8905BF85F7919C65AC4A87A31CFC854BD77E6B5084C0D2DEBEF,,,,D000817,existing_equivalent,integrated_source_stacks_and_independent_review,cohomology-lemma-relative-Leray-family-supports,,"Stacks now identifies R^qf_Psi F with the sheaf associated to the presheaf U mapping to H^q_{Psi(U)}(f^{-1}(U),F restricted to f^{-1}(U)), exactly as in the source."
tohoku:def:relative-direct-image,171,definition,tohoku:section:3.7,171,171,sem/r18/nodes.csv:309,5A8E5720BC2EF8905BF85F7919C65AC4A87A31CFC854BD77E6B5084C0D2DEBEF,,,,D000809,existing_equivalent,integrated_source_stacks_and_independent_review,cohomology-lemma-relative-direct-image-family-supports,,"Stacks now proves that the groups of Psi(U)-supported sections form a sheaf f_Psi and that this construction is functorial, exactly giving the source's relative direct image."
tohoku:def:relative-support-antifilter,171,definition,tohoku:section:3.7,171,171,sem/r18/nodes.csv:310,5A8E5720BC2EF8905BF85F7919C65AC4A87A31CFC854BD77E6B5084C0D2DEBEF,support,cohomology-section-cohomology-support,0A39,D000808,existing_equivalent,integrated_source_stacks_and_independent_review,cohomology-definition-relative-family-supports;cohomology-lemma-relative-direct-image-family-supports,,Stacks now defines the neighbourhoodwise family Psi(U) exactly as in the source and proves that it is a family of supports for every open U.
tohoku:def:resolving-functor,149,definition,tohoku:section:2.5,149,149,sem/r18/nodes.csv:311,5A8E5720BC2EF8905BF85F7919C65AC4A87A31CFC854BD77E6B5084C0D2DEBEF,abelian;exact-functor;injectives,categories-section-exact-functor;derived-section-injective-resolutions;homology-section-abelian-categories;homology-section-injectives,0033;00ZX;0134;013G,D000743,existing_equivalent,integrated_source_stacks_and_independent_review,derived-definition-resolving-functor,,"Stacks now gives the source's exact resolving-functor data: an exact additive functor to nonnegative cochain complexes, a natural augmentation identifying F with degree-zero cocycles, and positive acyclicity on injective objects."
tohoku:def:restriction-extension-FY,166,definition,tohoku:section:3.5,166,166,sem/r18/nodes.csv:312,5A8E5720BC2EF8905BF85F7919C65AC4A87A31CFC854BD77E6B5084C0D2DEBEF,exact-functor;ext,categories-section-exact-functor;cohomology-section-ext;derived-section-ext,0033;06XP;0BQP,D000793,existing_equivalent,integrated_source_stacks_and_independent_review,cohomology-lemma-extension-by-zero-locally-closed,,"Stacks now defines F_Z as the restriction of F to a locally closed subspace followed by exact extension by zero, proves transitivity for nested locally closed subsets, and gives the source's functorial exact sequence for a closed subset and its open complement."
tohoku:def:right-balanced,144,definition,tohoku:section:2.3,144,144,sem/r18/nodes.csv:313,5A8E5720BC2EF8905BF85F7919C65AC4A87A31CFC854BD77E6B5084C0D2DEBEF,derived-functor,cohomology-section-derived-functors;derived-section-right-derived-functor,0156;0716,D000742,existing_equivalent,integrated_source_stacks_and_independent_review,derived-definition-right-balanced-bifunctor;derived-lemma-right-balanced-bifunctor,,"Under enough injectives in the second category and enough projectives in the first, with T(-,I) exact for injectives and T(P,-) exact for projectives, Stacks now proves that the two partial right derived bifunctors are canonically isomorphic through the first-quadrant resolution double complex, defines their common right derived bifunctor, and identifies the first-variable boundary maps, exactly giving the source's right-balanced criterion."
tohoku:def:right-left-satellites,140,definition,tohoku:section:2.2,140,140,sem/r18/nodes.csv:314,5A8E5720BC2EF8905BF85F7919C65AC4A87A31CFC854BD77E6B5084C0D2DEBEF,,,,D000991,existing_equivalent,integrated_source_stacks_and_independent_review,homology-definition-right-left-satellite-functors;homology-lemma-satellite-functors-independent-truncation,,"With the registered p. 140 correction changing the printed condition i<0 to i>0 in the corrected reading, Stacks defines right and left satellite functors conditionally as components of finite universal graded connecting functors of step +1 and -1 with a prescribed degree-zero functor. It proves by zero extension and truncation that each fixed-degree component is independent of the finite upper bound up to coherent canonical isomorphism. No existence, exactness, effaceability, or derived-functor assertion is made."
tohoku:def:sections-and-supports,157,definition,tohoku:section:3.2,157,157,sem/r18/nodes.csv:315,5A8E5720BC2EF8905BF85F7919C65AC4A87A31CFC854BD77E6B5084C0D2DEBEF,support,cohomology-section-cohomology-support,0A39,D000780,existing_equivalent,integrated_source_stacks_and_independent_review,modules-definition-support;cohomology-definition-family-supports,01AT,"Stacks now defines sections over an arbitrary subspace, support of a section, and a nonempty downward-closed finite-union family of closed supports, and identifies Gamma_Phi with the directed union of the fixed-support section groups, exactly matching the source antifilter formalism."
tohoku:def:sheaf-of-modules,155,definition,tohoku:section:3.1,155,155,sem/r18/nodes.csv:316,5A8E5720BC2EF8905BF85F7919C65AC4A87A31CFC854BD77E6B5084C0D2DEBEF,,,,D000275,existing_equivalent,reviewed_equivalent,sheaves-definition-sheaf-modules,0077,The source's compatible local O(U)-module actions are precisely the tagged definition of a sheaf of modules.
tohoku:def:singular-locus-union,171,definition,tohoku:section:3.6,171,171,sem/r18/nodes.csv:317,5A8E5720BC2EF8905BF85F7919C65AC4A87A31CFC854BD77E6B5084C0D2DEBEF,,,,D000400,structural_only,reviewed_structural,cohomology-proposition-vanishing-Noetherian,02UZ,This definition of the component-intersection locus and the following exact sequence are proof steps for the Noetherian vanishing theorem; Stacks proves the theorem by a different reduction.
tohoku:def:spectral-functor,145,definition,tohoku:section:2.4,145,145,sem/r18/nodes.csv:318,5A8E5720BC2EF8905BF85F7919C65AC4A87A31CFC854BD77E6B5084C0D2DEBEF,abelian;spectral-sequence,homology-section-abelian-categories;homology-section-spectral-sequence,00ZX;011M,D000984,existing_equivalent,integrated_source_stacks_and_independent_review,homology-definition-spectral-functor-with-filtered-abutment,,"Stacks now defines, for abelian categories C and A and fixed r0, a spectral functor with finitely filtered abutment as an additive functor C -> SS^ff_{r0}(A), exactly packaging the source definition in the fixed-starting-page category just constructed. The source's tentative footnote about cohomological abutments and boundary maps is retained only as history, not asserted as a condition or theorem."
tohoku:def:spectral-sequence,145,definition,tohoku:section:2.4,145,145,sem/r18/nodes.csv:319,5A8E5720BC2EF8905BF85F7919C65AC4A87A31CFC854BD77E6B5084C0D2DEBEF,spectral-sequence,homology-section-spectral-sequence,011M,D000980,existing_equivalent,integrated_source_stacks_and_independent_review,homology-definition-spectral-sequence-with-filtered-abutment,,"Stacks now packages exactly the object-level datum of Tohoku p. 145 in one labelled definition: a pagewise spectral sequence in bigraded objects with differentials of bidegree (r,-r+1), supplied page-homology identifications, componentwise eventual vanishing of both outgoing and incoming differentials, a graded abutment with a finite decreasing filtration on each component, and specified isomorphisms from the stable page to its associated graded pieces. The page-homology identifications correspond, up to inversion, to the source alpha maps. This closes the former packaging gap without adding the separately scoped morphism, spectral-functor, edge-map, or convergence data."
tohoku:def:subcategory:p1,137,definition,tohoku:section:1.11,137,137,sem/r18/nodes.csv:320,5A8E5720BC2EF8905BF85F7919C65AC4A87A31CFC854BD77E6B5084C0D2DEBEF,,,,D000038,existing_equivalent,reviewed_equivalent,categories-definition-subcategory,001D,"Objects and arrows are subsets, identities and composition are inherited, and the inclusion is a functor in both definitions."
tohoku:def:subcategory:p2,138,definition,tohoku:section:1.11,138,138,sem/r18/nodes.csv:321,5A8E5720BC2EF8905BF85F7919C65AC4A87A31CFC854BD77E6B5084C0D2DEBEF,,,,D000947,existing_equivalent,integrated_source_stacks_and_independent_review,homology-definition-additive-subcategory,,"Stacks now defines the source's additive subcategory condition as a preadditive subcategory whose morphism sets are subgroups, and records that the subcategory inherits the preadditive structure and that its inclusion is additive."
tohoku:def:system-of-generators,167,definition,tohoku:section:3.6,167,167,sem/r18/nodes.csv:322,5A8E5720BC2EF8905BF85F7919C65AC4A87A31CFC854BD77E6B5084C0D2DEBEF,grothendieck-category;limits,categories-section-directed-colimits;categories-section-limits;cohomology-section-limits;injectives-section-grothendieck-categories;injectives-section-grothendieck-conditions,002D;01FE;04AX;05AB;079A,D000401,existing_equivalent,reviewed_equivalent,modules-definition-generated-by-local-sections;modules-definition-locally-generated;cohomology-lemma-vanishing-generated-one-section,01AQ;01B2;02UX,Stacks uses the same epimorphism from a sum of local generators and explicitly expresses an arbitrary sheaf as the directed colimit of its finitely generated subsheaves in the cited proof.
tohoku:def:thick-subcategory,138,definition,tohoku:section:1.11,138,138,sem/r18/nodes.csv:323,5A8E5720BC2EF8905BF85F7919C65AC4A87A31CFC854BD77E6B5084C0D2DEBEF,abelian,homology-section-abelian-categories,00ZX,D000040,existing_equivalent,reviewed_equivalent,homology-definition-serre-subcategory;homology-lemma-characterize-serre-subcategory,02MO;02MP,"Grothendieck's 'thick' condition is exactly Stacks' Serre subcategory condition and its closure under zero, isomorphism, subquotients, and extensions."
tohoku:def:universal-delta-functor,140,definition,tohoku:section:2.2,140,140,sem/r18/nodes.csv:324,5A8E5720BC2EF8905BF85F7919C65AC4A87A31CFC854BD77E6B5084C0D2DEBEF,delta-functor,homology-section-cohomological-delta-functor,010P,D000989,existing_equivalent,integrated_source_stacks_and_independent_review,homology-definition-universal-graded-connecting-functor,,"After the resolved p. 140 correction reads all five unbound i_0 occurrences as degree 0, Stacks defines universality on any interval containing 0 and for either variance and step. For step +1 every degree-zero map T^0 -> T'^0 extends uniquely to T -> T'; for step -1 both arrows reverse, so T'^0 -> T^0 extends uniquely to T' -> T. The interval may be finite and neither the universal object nor its competitors need be exact, making the finite degrees 0 through a definition an exact specialization."
tohoku:def:zariski-space,170,definition,tohoku:section:3.6,170,170,sem/r18/nodes.csv:325,5A8E5720BC2EF8905BF85F7919C65AC4A87A31CFC854BD77E6B5084C0D2DEBEF,,,,D000402,existing_equivalent,reviewed_equivalent,topology-definition-noetherian,0051,The source's descending-chain condition on closed subsets is exactly the Stacks definition of a Noetherian topological space.
tohoku:definition:category-g-o-modules,196,definition,tohoku:section:5.1,196,196,sem/r18/nodes.csv:326,8D632A04EE0FA987B40B721BEE6E64BB3E641D6A1CE02335556213F1564C9A53,additive,homology-section-additive-categories,09SE,D000842,existing_equivalent,integrated_source_stacks_and_independent_review,modules-definition-G-O-module;modules-lemma-AB5-AB3-star-generator-G-O-modules,,"Stacks now forms the additive category of G-O-modules and identifies its constant-integer specialization with abelian G-sheaves, then proves the category is abelian."
tohoku:definition:category-g-sheaves,195,definition,tohoku:section:5.1,195,195,sem/r18/nodes.csv:327,8D632A04EE0FA987B40B721BEE6E64BB3E641D6A1CE02335556213F1564C9A53,,,,D000839,existing_equivalent,integrated_source_stacks_and_independent_review,sheaves-definition-G-sheaf,,"Stacks now forms the categories of G-sheaves of sets and of sheaves with a specified algebraic structure, with the source's equivariant morphisms."
tohoku:definition:coinduced-module-b-prime,215;216,definition,tohoku:section:5.6,215,216,sem/r18/nodes.csv:328,8D632A04EE0FA987B40B721BEE6E64BB3E641D6A1CE02335556213F1564C9A53,,,,D000932,existing_equivalent,integrated_source_stacks_and_independent_review,cohomology-lemma-skew-group-hom-injective-acyclic,,"Stacks now defines the source's auxiliary coinduced object B' as prod_{g in G} B, equivalently Map(G,B), and gives its formulas (r f)_g=g(r)f_g and (h f)_g=f_{gh}; this is the same definition expressed without separate crossed-product notation."
tohoku:definition:conjugation-action-on-hom,216,definition,tohoku:section:5.6,216,216,sem/r18/nodes.csv:329,8D632A04EE0FA987B40B721BEE6E64BB3E641D6A1CE02335556213F1564C9A53,,,,D000923,existing_equivalent,integrated_source_stacks_and_independent_review,cohomology-lemma-equivariant-internal-hom,,"Stacks now states the conjugation action on internal Hom explicitly as (g phi)(a) = g phi(g^{-1}a), exactly matching the source. Only this action formula is covered; the coinduced-module construction and acyclicity argument surrounding it on p. 216 are not included."
tohoku:definition:equivariant-cech-cohomology,212,definition,tohoku:section:5.5,212,212,sem/r18/nodes.csv:330,8D632A04EE0FA987B40B721BEE6E64BB3E641D6A1CE02335556213F1564C9A53,cech,cohomology-section-cech;cohomology-section-cech-cohomology-cohomology,01ED;01EO,D000913,existing_equivalent,integrated_source_stacks_and_independent_review,cohomology-definition-equivariant-cech-cohomology-space,,"Stacks now defines global equivariant Cech cohomology as the filtered colimit over ordinary refinements of open G-coverings, using canonical transition maps, an explicit set-sized cofinal indexing system, and the cofinal subsystem of free-indexed coverings."
tohoku:definition:equivariant-cohomology,194,definition,tohoku:section:4.4,194,194,sem/r18/nodes.csv:331,8D632A04EE0FA987B40B721BEE6E64BB3E641D6A1CE02335556213F1564C9A53,,,,D000831,existing_equivalent,integrated_source_stacks_and_independent_review,cohomology-definition-sheaf-group-operator-cohomology,,"Stacks now defines H^n(X;G,A) as the right derived functors of invariant global sections in the abelian category of sheaves of k-modules with an abstract G-action, with negative degrees zero."
tohoku:definition:equivariant-ext,214,definition,tohoku:section:5.6,214,214,sem/r18/nodes.csv:332,8D632A04EE0FA987B40B721BEE6E64BB3E641D6A1CE02335556213F1564C9A53,ext,cohomology-section-ext;derived-section-ext,06XP;0BQP,D000927,existing_equivalent,integrated_source_stacks_and_independent_review,cohomology-definition-equivariant-ext,,"Stacks now defines the group-valued and sheaf-valued equivariant Ext functors as the right derived functors of h_{O,G,A} and bold h_{O,G,A}, giving exactly formulas (5.6.6) and the authority-corrected (5.6.7). The global functor carries the argument X, while the sheaf-valued functor does not. No functoriality, locality, stalk, acyclicity, or spectral-sequence claim is included."
tohoku:definition:equivariant-hom-sheaf,214,definition,tohoku:section:5.6,214,214,sem/r18/nodes.csv:333,8D632A04EE0FA987B40B721BEE6E64BB3E641D6A1CE02335556213F1564C9A53,,,,D000924,existing_equivalent,integrated_source_stacks_and_independent_review,cohomology-lemma-equivariant-internal-hom;sheaves-definition-invariant-direct-image,,"For H=SheafHom_O(A,B), Stacks' equivariant internal-Hom lemma and invariant-direct-image definition give (q_*^G H)(V)=H(q^{-1}V)^G=Hom_{O,G}(q^{-1}V;A,B) for every open V in X/G. This is exactly the corrected formula (5.6.2) and its sectionwise interpretation. No four-functor, Ext, locality, stalk, acyclicity, or spectral-sequence claim is included."
tohoku:definition:equivariant-o-homomorphisms,213;214,definition,tohoku:section:5.6,213,214,sem/r18/nodes.csv:334,8D632A04EE0FA987B40B721BEE6E64BB3E641D6A1CE02335556213F1564C9A53,,,,D000922,existing_equivalent,integrated_source_stacks_and_independent_review,cohomology-lemma-equivariant-internal-hom,,"Stacks now defines the source's local and global groups of G-O-homomorphisms on every G-stable open U and proves that they are the G-fixed sections of the equivariant internal Hom sheaf, giving formula (5.6.1) on X. This is the commutative-ringed-space form native to Stacks; the quotient Hom sheaf on X/G and the later derived Ext, localization, acyclicity, and spectral-sequence claims are not included."
tohoku:definition:ext-presheaf,187,definition,tohoku:section:4.2,187,187,sem/r18/nodes.csv:335,8D632A04EE0FA987B40B721BEE6E64BB3E641D6A1CE02335556213F1564C9A53,ext,cohomology-section-ext;derived-section-ext,06XP;0BQP,D000494,existing_equivalent,reviewed_equivalent,cohomology-section-ext;cohomology-lemma-restriction-RHom-to-U,0BQP;08DL,"Stacks identifies the presheaf U maps to Ext over U and its restriction maps before sheafification, matching this definition."
tohoku:definition:finite-type-at-x,185,definition,tohoku:section:4.1,185,185,sem/r18/nodes.csv:336,8D632A04EE0FA987B40B721BEE6E64BB3E641D6A1CE02335556213F1564C9A53,,,,D000403,existing_equivalent,reviewed_equivalent,modules-definition-finite-type,01B5,"Both definitions require a neighbourhood on which the module is generated by finitely many sections, equivalently a quotient of a finite free module."
tohoku:definition:fixed-point-free-g-cover,209,definition,tohoku:section:5.5,209,209,sem/r18/nodes.csv:337,8D632A04EE0FA987B40B721BEE6E64BB3E641D6A1CE02335556213F1564C9A53,cech,cohomology-section-cech;cohomology-section-cech-cohomology-cohomology,01ED;01EO,D000904,existing_equivalent,integrated_source_stacks_and_independent_review,cohomology-definition-equivariant-cech-cohomology,,Stacks now defines a fixed-point-free G-covering by the source's exact condition that the action of G on the covering index set is free.
tohoku:definition:four-equivariant-hom-functors,214,definition,tohoku:section:5.6,214,214,sem/r18/nodes.csv:338,8D632A04EE0FA987B40B721BEE6E64BB3E641D6A1CE02335556213F1564C9A53,,,,D000925,existing_equivalent,integrated_source_stacks_and_independent_review,cohomology-lemma-equivariant-hom-functors,,"Stacks now packages, for fixed A in Mod_G(O), exactly the four assignments of formula (5.6.3): the equivariant internal Hom on X, its global sections as a G-module, its invariant direct image to Y=X/G, and equivariant global Hom. Their source and target types are explicit. No derived Ext, locality, stalk, acyclicity, or spectral-sequence claim is included."
tohoku:definition:g-cover,208,definition,tohoku:section:5.5,208,208,sem/r18/nodes.csv:339,8D632A04EE0FA987B40B721BEE6E64BB3E641D6A1CE02335556213F1564C9A53,cech,cohomology-section-cech;cohomology-section-cech-cohomology-cohomology,01ED;01EO,D000898,existing_equivalent,integrated_source_stacks_and_independent_review,cohomology-definition-equivariant-cech-cohomology,,"Stacks now defines a G-covering as a covering with a compatible action on its index set, distinguishes open and closed G-coverings, and gives the induced action on the nonalternating Cech complex of every abelian G-presheaf."
tohoku:definition:g-homomorphism,195,definition,tohoku:section:5.1,195,195,sem/r18/nodes.csv:340,8D632A04EE0FA987B40B721BEE6E64BB3E641D6A1CE02335556213F1564C9A53,,,,D000838,existing_equivalent,integrated_source_stacks_and_independent_review,sheaves-definition-G-sheaf,,"Stacks now defines G-equivariant morphisms of sheaves by exact compatibility with the section-transport maps, including sheaves with algebraic structure."
tohoku:definition:g-invariant-sections-sheaf,194,definition,tohoku:section:4.4,194,194,sem/r18/nodes.csv:341,8D632A04EE0FA987B40B721BEE6E64BB3E641D6A1CE02335556213F1564C9A53,grothendieck-category,injectives-section-grothendieck-categories;injectives-section-grothendieck-conditions,05AB;079A,D000832,existing_equivalent,integrated_source_stacks_and_independent_review,cohomology-definition-sheaf-group-invariants,,"Stacks now defines the invariant subsheaf by A^G(U)=A(U)^G, identifies its global sections with invariant global sections, and proves that its stalk injects into the invariant stalk and agrees with it when G is finitely generated."
tohoku:definition:g-o-module,196,definition,tohoku:section:5.1,196,196,sem/r18/nodes.csv:342,8D632A04EE0FA987B40B721BEE6E64BB3E641D6A1CE02335556213F1564C9A53,,,,D000841,existing_equivalent,integrated_source_stacks_and_independent_review,modules-definition-G-O-module,,"Stacks now defines a G-O-module on a G-ringed space by the source's semilinear compatibility between the G-actions on O and on the underlying abelian sheaf, with O-linear equivariant morphisms."
tohoku:definition:g-sheaf,195,definition,tohoku:section:5.1,195,195,sem/r18/nodes.csv:343,8D632A04EE0FA987B40B721BEE6E64BB3E641D6A1CE02335556213F1564C9A53,,,,D000837,existing_equivalent,integrated_source_stacks_and_independent_review,sheaves-definition-G-sheaf,,Stacks now defines a G-sheaf on a topological G-space by compatible transport maps on sections and identifies this definition with a G-action on the associated espace etale over the action on the base.
tohoku:definition:hom-o-and-local-hom,185,definition,tohoku:section:4.1,185,185,sem/r18/nodes.csv:344,8D632A04EE0FA987B40B721BEE6E64BB3E641D6A1CE02335556213F1564C9A53,abelian,homology-section-abelian-categories,00ZX,D001041,existing_equivalent,integrated_source_repair_semantic_stacks_and_independent_review,modules-definition-hom-left-modules;modules-lemma-sheaf-hom-left-modules,,"Stacks now gives the arbitrary-ring-sheaf left-module global Hom group, arbitrary-subspace local Hom groups, their restriction maps and sheaf property, and the canonical action by Gamma(X,Z_O). This is equivalent to the corrected sem/r21 source statement. The diplomatic printed Z(Gamma(X,O)) scalar claim is preserved as a source error and is not asserted; the following sheaf-Hom unit remains separate."
tohoku:definition:invariant-direct-image,198,definition,tohoku:section:5.1,198,198,sem/r18/nodes.csv:345,8D632A04EE0FA987B40B721BEE6E64BB3E641D6A1CE02335556213F1564C9A53,,,,D000856,existing_equivalent,integrated_source_stacks_and_independent_review,sheaves-definition-invariant-direct-image,,"For the orbit map q:X to X/G, Stacks now defines the invariant direct image by q_*^G(F)=(q_*F)^G, identifies its sections over U with the G-invariant sections over q^{-1}(U), and constructs it for sheaves of sets and the stated algebraic variants."
tohoku:definition:pseudo-coherent-at-x,185,definition,tohoku:section:4.1,185,185,sem/r18/nodes.csv:346,8D632A04EE0FA987B40B721BEE6E64BB3E641D6A1CE02335556213F1564C9A53,,,,D000405,existing_equivalent,reviewed_equivalent,modules-definition-finite-presentation,01BN,The property historically called pseudo-coherent here is exactly the current Stacks finite-presentation condition: locally a cokernel of a map between finite free modules.
tohoku:definition:quasi-compact,180,definition,tohoku:section:3.9,180,180,sem/r18/nodes.csv:347,5A8E5720BC2EF8905BF85F7919C65AC4A87A31CFC854BD77E6B5084C0D2DEBEF,,,,D000406,existing_equivalent,reviewed_equivalent,topology-definition-quasi-compact,005A,"Both definitions mean that every open covering admits a finite subcover, without a Hausdorff requirement."
tohoku:definition:section-invariant-functors,199,definition,tohoku:section:5.2,199,199,sem/r18/nodes.csv:348,8D632A04EE0FA987B40B721BEE6E64BB3E641D6A1CE02335556213F1564C9A53,,,,D000500,structural_only,reviewed_structural,sheaves-lemma-pushforward-sheaf;etale-cohomology-section-group-cohomology,008D;0A2H,This passage fixes notation for section and invariant functors already represented by the cited Stacks constructions; it makes no independent claim.
tohoku:definition:sheaf-ext-o,187,definition,tohoku:section:4.2,187,187,sem/r18/nodes.csv:349,8D632A04EE0FA987B40B721BEE6E64BB3E641D6A1CE02335556213F1564C9A53,derived-functor;ext,cohomology-section-derived-functors;cohomology-section-ext;derived-section-ext;derived-section-right-derived-functor,0156;06XP;0716;0BQP,D000501,existing_stronger,reviewed_stronger,cohomology-section-ext,0BQP,"Stacks defines sheaf Ext through derived internal Hom and also identifies it with the sheafification of local Ext, a stronger derived formulation."
tohoku:definition:sheaf-group-cohomology,194,definition,tohoku:section:4.4,194,194,sem/r18/nodes.csv:350,8D632A04EE0FA987B40B721BEE6E64BB3E641D6A1CE02335556213F1564C9A53,,,,D000833,existing_equivalent,integrated_source_stacks_and_independent_review,cohomology-definition-sheaf-group-operator-cohomology,,"Stacks now defines the sheaf-valued group cohomology sheaves H^q(G,A) as the right derived functors of the invariant-subsheaf functor in the equivariant sheaf category."
tohoku:definition:sheaf-hom-o,185,definition,tohoku:section:4.1,185,185,sem/r18/nodes.csv:351,8D632A04EE0FA987B40B721BEE6E64BB3E641D6A1CE02335556213F1564C9A53,,,,D001042,existing_equivalent,integrated_source_stacks_and_independent_review,modules-definition-hom-left-modules;modules-lemma-sheaf-hom-left-modules,,"The D1017 noncommutative left-module definition gives Hom on every subspace by inverse image. For V contained in U, inverse-image functoriality supplies the natural restriction. The following lemma proves that the open-set rule is already a sheaf and identifies its sections with subspace Hom. Thus it gives the complete corrected source definition; equations (4.1.1)--(4.1.2) and the center-sheaf remark remain separate source units."
tohoku:definition:support-antifilter,219,definition,tohoku:section:5.7,219,219,sem/r18/nodes.csv:352,8D632A04EE0FA987B40B721BEE6E64BB3E641D6A1CE02335556213F1564C9A53,support,cohomology-section-cohomology-support,0A39,D001020,existing_equivalent,integrated_source_stacks_and_independent_review,cohomology-definition-equivariant-cohomology-family-supports,,"Stacks now defines a G-stable family of supports, the supported invariant-section functor, and its right derived groups, matching the source's support antifilter after the documented terminology normalization. No assertion beyond abelian G-sheaves is made."
tohoku:descent:discontinuous-action-characteristic-zero,219,descent,tohoku:section:5.6,219,219,sem/r18/nodes.csv:353,8D632A04EE0FA987B40B721BEE6E64BB3E641D6A1CE02335556213F1564C9A53,,,,D001043,existing_equivalent,integrated_source_stacks_and_independent_review,cohomology-lemma-orbit-space-equivariant-cohomology-stabilizer-orders;cohomology-lemma-discontinuous-analytic-invariant-direct-image-coherent,,"Stacks now proves the characteristic-zero quotient-cohomology comparison for a discontinuous action by the stabilizer-order criterion, and the analytic quotient lemma proves that invariant direct image preserves coherence for coherent analytic modules. Together these give H^1(X;G,L)=H^1(Y,L^G) and coherence of L^G, including O(E^vee tensor F)^G, exactly as in the source. No categorical descent for nontrivial stabilizers, GAGA, compactness, or finite-dimensionality claim is made."
tohoku:diagram:2.5:functor-square,152,diagram,tohoku:section:2.5,152,152,sem/r18/nodes.csv:354,5A8E5720BC2EF8905BF85F7919C65AC4A87A31CFC854BD77E6B5084C0D2DEBEF,,,,D000770,structural_only,integrated_source_stacks_and_independent_review,derived-lemma-four-functor-resolving-spectral-sequences,,"The integrated theorem now displays the source's typed four-category square A to D over B to C with functors G', F, F', and G. This row remains the structural diagram component of the comparison theorem."
tohoku:diagram:3.4.2:H1-square,164,diagram,tohoku:section:3.4,164,164,sem/r18/nodes.csv:355,5A8E5720BC2EF8905BF85F7919C65AC4A87A31CFC854BD77E6B5084C0D2DEBEF,,,,,structural_only,inherits_parent,,,Embedded source component; inherit the parent disposition.
tohoku:diagram:3.4.2:boundary-anticommutative-square,165,diagram,tohoku:section:3.4,165,165,sem/r18/nodes.csv:356,5A8E5720BC2EF8905BF85F7919C65AC4A87A31CFC854BD77E6B5084C0D2DEBEF,,,,,structural_only,inherits_parent,,,Embedded source component; inherit the parent disposition.
tohoku:diagram:3.4.2:exact-sequence-grid,165,diagram,tohoku:section:3.4,165,165,sem/r18/nodes.csv:357,5A8E5720BC2EF8905BF85F7919C65AC4A87A31CFC854BD77E6B5084C0D2DEBEF,,,,,structural_only,inherits_parent,,,Embedded source component; inherit the parent disposition.
tohoku:diagram:3.4.2:flabby-embedding,162,diagram,tohoku:section:3.4,162,162,sem/r18/nodes.csv:358,5A8E5720BC2EF8905BF85F7919C65AC4A87A31CFC854BD77E6B5084C0D2DEBEF,,,,,structural_only,inherits_parent,,,Embedded source component; inherit the parent disposition.
tohoku:diagram:4.1.1:finite-type-stalk-hom,186,diagram,tohoku:section:4.1,186,186,sem/r18/nodes.csv:359,8D632A04EE0FA987B40B721BEE6E64BB3E641D6A1CE02335556213F1564C9A53,,,,,structural_only,inherits_parent,,,Embedded source component; inherit the parent disposition.
tohoku:diagram:4.1.1:pseudo-coherent-stalk-hom,186,diagram,tohoku:section:4.1,186,186,sem/r18/nodes.csv:360,8D632A04EE0FA987B40B721BEE6E64BB3E641D6A1CE02335556213F1564C9A53,,,,,structural_only,inherits_parent,,,Embedded source component; inherit the parent disposition.
tohoku:diagram:5.4.1,205,diagram,tohoku:section:5.4,205,205,sem/r18/nodes.csv:361,8D632A04EE0FA987B40B721BEE6E64BB3E641D6A1CE02335556213F1564C9A53,,,,,structural_only,inherits_parent,,,Embedded source component; inherit the parent disposition.
tohoku:diagram:delta-morphism,140,diagram,tohoku:section:2.1,140,140,sem/r18/nodes.csv:362,5A8E5720BC2EF8905BF85F7919C65AC4A87A31CFC854BD77E6B5084C0D2DEBEF,,,,D000166,structural_only,reviewed_structural,homology-definition-morphism-delta-functors,010R,"The square is exactly the compatibility diagram for a morphism of delta-functors, within Stacks' narrower exact nonnegative convention."
tohoku:diagram:delta-naturality,139,diagram,tohoku:section:2.1,139,139,sem/r18/nodes.csv:363,5A8E5720BC2EF8905BF85F7919C65AC4A87A31CFC854BD77E6B5084C0D2DEBEF,,,,D000167,structural_only,reviewed_structural,homology-definition-cohomological-delta-functor,010Q,The naturality square for connecting morphisms is identical to the Stacks diagram.
tohoku:diagram:diagram-morphism-square,130,diagram,tohoku:section:1.6,130,130,sem/r18/nodes.csv:364,5A8E5720BC2EF8905BF85F7919C65AC4A87A31CFC854BD77E6B5084C0D2DEBEF,,,,D000697,structural_only,integrated_source_stacks_and_independent_review,homology-definition-additive-diagram-relations,,The source square is now the displayed naturality equation in the Stacks definition of a morphism of graph-shaped diagrams; it remains structural evidence rather than a separately asserted mathematical result.
tohoku:diagram:five-term-comparison-5.2,203,diagram,tohoku:section:5.2,203,203,sem/r18/nodes.csv:365,8D632A04EE0FA987B40B721BEE6E64BB3E641D6A1CE02335556213F1564C9A53,,,,,structural_only,inherits_parent,,,Embedded source component; inherit the parent disposition.
tohoku:diagram:injective-effacement,135,diagram,tohoku:section:1.10,135,135,sem/r18/nodes.csv:366,5A8E5720BC2EF8905BF85F7919C65AC4A87A31CFC854BD77E6B5084C0D2DEBEF,injectives,derived-section-injective-resolutions;homology-section-injectives,0134;013G,D000728,structural_only,integrated_source_stacks_and_independent_review,homology-definition-injective-effacement;homology-lemma-injective-effacement,,The integrated definition now displays the source's exact commutative square B to C over A to M and the lemma proves the two conclusions following that diagram. This row remains the structural diagram component rather than a separate mathematical claim.
tohoku:diagram:prop-2.2.1,141,diagram,tohoku:section:2.2,141,141,sem/r18/nodes.csv:367,5A8E5720BC2EF8905BF85F7919C65AC4A87A31CFC854BD77E6B5084C0D2DEBEF,,,,D000168,structural_only,reviewed_structural,homology-lemma-efface-implies-universal,010T,The diagram is the degree-one quotient step in the effaceability-implies-universality proof; Stacks proves the same induction with equivalent cokernel data.
tohoku:eq:2.4.1,146,equation,tohoku:section:2.4,146,146,sem/r18/nodes.csv:368,5A8E5720BC2EF8905BF85F7919C65AC4A87A31CFC854BD77E6B5084C0D2DEBEF,spectral-sequence,homology-section-spectral-sequence,011M,D000169,existing_equivalent,reviewed_equivalent,homology-lemma-ss-double-complex,0130,"The two E2 pages of a commuting double complex agree, up to the documented index naming convention; both sources totalize using the sign twist and impose finite diagonal support for convergence."
tohoku:eq:2.4.2,146,equation,tohoku:section:2.4,146,146,sem/r18/nodes.csv:369,5A8E5720BC2EF8905BF85F7919C65AC4A87A31CFC854BD77E6B5084C0D2DEBEF,spectral-sequence,homology-section-spectral-sequence,011M,D000756,existing_equivalent,integrated_source_stacks_and_independent_review,derived-lemma-two-ss-complex-functor;derived-remark-functorial-ss,015J;015K,"For an additive functor and a bounded-below complex, Stacks now states both source formulas H^p(R^qF(K)) and R^pF(H^q(K)), proves bounded convergence with finite filtrations, and makes both spectral sequences and their filtered abutments additive and functorial from E_2 onward."
tohoku:eq:2.4.3,148,equation,tohoku:section:2.4,148,148,sem/r18/nodes.csv:370,5A8E5720BC2EF8905BF85F7919C65AC4A87A31CFC854BD77E6B5084C0D2DEBEF,,,,D000751,existing_equivalent,integrated_source_stacks_and_independent_review,derived-lemma-grothendieck-spectral-sequence,015N,"Stacks now states exactly E_2^{p,q}(A)=R^pG(R^qF(A)) under Tohoku's hypotheses and proves functorial convergence to R^{p+q}(G composed with F)(A)."
tohoku:eq:2.5.1,149,equation,tohoku:section:2.5,149,149,sem/r18/nodes.csv:371,5A8E5720BC2EF8905BF85F7919C65AC4A87A31CFC854BD77E6B5084C0D2DEBEF,,,,D000745,existing_equivalent,integrated_source_stacks_and_independent_review,derived-equation-resolving-functor-acyclic-resolution;derived-lemma-resolving-functor-acyclic-resolution,,"Stacks now gives the source's exact chain-level zigzag from an acyclic resolution through the total complex of the resolving-functor double complex to the resolving complex of the original object, and proves that both arrows are quasi-isomorphisms."
tohoku:eq:2.5.2,149,equation,tohoku:section:2.5,149,149,sem/r18/nodes.csv:372,5A8E5720BC2EF8905BF85F7919C65AC4A87A31CFC854BD77E6B5084C0D2DEBEF,,,,D000746,existing_equivalent,integrated_source_stacks_and_independent_review,derived-lemma-resolving-functor-acyclic-resolution;derived-lemma-resolving-functor-computes-derived,,Stacks now proves that every cohomology arrow in the source's comparison diagram is an isomorphism and that the induced identification with the cohomology of the resolving functor is exactly the canonical universal-delta-functor comparison.
tohoku:eq:2.5.3,150,equation,tohoku:section:2.5,150,150,sem/r18/nodes.csv:373,5A8E5720BC2EF8905BF85F7919C65AC4A87A31CFC854BD77E6B5084C0D2DEBEF,,,,D000759,existing_equivalent,integrated_source_stacks_and_independent_review,derived-equation-resolving-functor-spectral-sequences;derived-lemma-resolving-functor-spectral-sequences,,"Stacks now states the source's two exact formulas H^p(R^qF(K)) and R^pF(H^q(K)) for the spectral sequences of an arbitrary resolving-functor double complex, not merely for the Cartan--Eilenberg model."
tohoku:eq:2.5.4,151,equation,tohoku:section:2.5,151,151,sem/r18/nodes.csv:374,5A8E5720BC2EF8905BF85F7919C65AC4A87A31CFC854BD77E6B5084C0D2DEBEF,,,,D000761,existing_equivalent,integrated_source_stacks_and_independent_review,derived-equation-resolving-functor-spectral-sequence-comparison;derived-lemma-resolving-functor-spectral-sequences,,"Stacks now gives the source's simultaneous zigzag from the Cartan--Eilenberg double complex through the totalled resolving-functor comparison complex to the direct resolving-functor double complex, for both spectral sequences and their abutments."
tohoku:eq:2.5.5,151,equation,tohoku:section:2.5,151,151,sem/r18/nodes.csv:375,5A8E5720BC2EF8905BF85F7919C65AC4A87A31CFC854BD77E6B5084C0D2DEBEF,,,,D000762,existing_equivalent,integrated_source_stacks_and_independent_review,derived-equation-resolving-functor-spectral-sequence-comparison;derived-lemma-resolving-functor-spectral-sequences,,Stacks now computes both E_2-page zigzags and proves that every arrow is an isomorphism: columnwise by the acyclic-resolution comparison and rowwise by exactness of the resolving functor plus the Cartan--Eilenberg cohomology resolutions.
tohoku:eq:2.5.6,152,equation,tohoku:section:2.5,152,152,sem/r18/nodes.csv:376,5A8E5720BC2EF8905BF85F7919C65AC4A87A31CFC854BD77E6B5084C0D2DEBEF,spectral-sequence,homology-section-spectral-sequence,011M,D000767,existing_equivalent,integrated_source_stacks_and_independent_review,derived-equation-composite-resolving-functor-spectral-sequence;derived-lemma-composite-resolving-functor-spectral-sequence,,"Stacks now gives the exact natural identification E_2^{p,q}=R^pG(H^q(\mathbf F(A))) isomorphic to R^pG(R^qF(A)) and proves that it is the initial page of the source's second composite spectral sequence."
tohoku:eq:3.10.1,181,equation,tohoku:section:3.10,181,181,sem/r18/nodes.csv:377,5A8E5720BC2EF8905BF85F7919C65AC4A87A31CFC854BD77E6B5084C0D2DEBEF,limits,categories-section-directed-colimits;categories-section-limits;cohomology-section-limits,002D;01FE;04AX,,structural_only,inherits_parent,,,Embedded source component; inherit the parent disposition.
tohoku:eq:3.10.2,182,equation,tohoku:section:3.10,182,182,sem/r18/nodes.csv:378,5A8E5720BC2EF8905BF85F7919C65AC4A87A31CFC854BD77E6B5084C0D2DEBEF,,,,,structural_only,inherits_parent,,,Embedded source component; inherit the parent disposition.
tohoku:eq:3.4.2:P-extension,162,equation,tohoku:section:3.4,162,162,sem/r18/nodes.csv:379,5A8E5720BC2EF8905BF85F7919C65AC4A87A31CFC854BD77E6B5084C0D2DEBEF,ext,cohomology-section-ext;derived-section-ext,06XP;0BQP,,structural_only,inherits_parent,,,Embedded source component; inherit the parent disposition.
tohoku:eq:3.4.2:boundary-as-minus-dQ,164,equation,tohoku:section:3.4,164,164,sem/r18/nodes.csv:380,5A8E5720BC2EF8905BF85F7919C65AC4A87A31CFC854BD77E6B5084C0D2DEBEF,,,,,structural_only,inherits_parent,,,Embedded source component; inherit the parent disposition.
tohoku:eq:3.4.2:crossed-extension,163,equation,tohoku:section:3.4,163,163,sem/r18/nodes.csv:381,5A8E5720BC2EF8905BF85F7919C65AC4A87A31CFC854BD77E6B5084C0D2DEBEF,ext,cohomology-section-ext;derived-section-ext,06XP;0BQP,,structural_only,inherits_parent,,,Embedded source component; inherit the parent disposition.
tohoku:eq:3.4.2:dQ-minus-boundary-cE,165,equation,tohoku:section:3.4,165,165,sem/r18/nodes.csv:382,5A8E5720BC2EF8905BF85F7919C65AC4A87A31CFC854BD77E6B5084C0D2DEBEF,,,,,structural_only,inherits_parent,,,Embedded source component; inherit the parent disposition.
tohoku:eq:3.4.2:obstruction-cohomology,164,equation,tohoku:section:3.4,164,164,sem/r18/nodes.csv:383,5A8E5720BC2EF8905BF85F7919C65AC4A87A31CFC854BD77E6B5084C0D2DEBEF,,,,,structural_only,inherits_parent,,,Embedded source component; inherit the parent disposition.
tohoku:eq:3.4.2:quotients,162,equation,tohoku:section:3.4,162,162,sem/r18/nodes.csv:384,5A8E5720BC2EF8905BF85F7919C65AC4A87A31CFC854BD77E6B5084C0D2DEBEF,,,,,structural_only,inherits_parent,,,Embedded source component; inherit the parent disposition.
tohoku:eq:3.4.2:twisted-flabby-sequence,164,equation,tohoku:section:3.4,164,164,sem/r18/nodes.csv:385,5A8E5720BC2EF8905BF85F7919C65AC4A87A31CFC854BD77E6B5084C0D2DEBEF,,,,,structural_only,inherits_parent,,,Embedded source component; inherit the parent disposition.
tohoku:eq:3.8.1-E2,175,equation,tohoku:section:3.8,175,175,sem/r18/nodes.csv:386,5A8E5720BC2EF8905BF85F7919C65AC4A87A31CFC854BD77E6B5084C0D2DEBEF,,,,,structural_only,inherits_parent,,,Embedded source component; inherit the parent disposition.
tohoku:eq:4.1.1,185,equation,tohoku:section:4.1,185,185,sem/r18/nodes.csv:387,8D632A04EE0FA987B40B721BEE6E64BB3E641D6A1CE02335556213F1564C9A53,,,,,structural_only,inherits_parent,,,Embedded source component; inherit the parent disposition.
tohoku:eq:4.1.2,185,equation,tohoku:section:4.1,185,185,sem/r18/nodes.csv:388,8D632A04EE0FA987B40B721BEE6E64BB3E641D6A1CE02335556213F1564C9A53,,,,,structural_only,inherits_parent,,,Embedded source component; inherit the parent disposition.
tohoku:eq:4.1.3,185,equation,tohoku:section:4.1,185,185,sem/r18/nodes.csv:389,8D632A04EE0FA987B40B721BEE6E64BB3E641D6A1CE02335556213F1564C9A53,,,,,structural_only,inherits_parent,,,Embedded source component; inherit the parent disposition.
tohoku:eq:4.1.4,186,equation,tohoku:section:4.1,186,186,sem/r18/nodes.csv:390,8D632A04EE0FA987B40B721BEE6E64BB3E641D6A1CE02335556213F1564C9A53,,,,,structural_only,inherits_parent,,,Embedded source component; inherit the parent disposition.
tohoku:eq:4.2.1,187,equation,tohoku:section:4.2,187,187,sem/r18/nodes.csv:391,8D632A04EE0FA987B40B721BEE6E64BB3E641D6A1CE02335556213F1564C9A53,ext,cohomology-section-ext;derived-section-ext,06XP;0BQP,,structural_only,inherits_parent,,,Embedded source component; inherit the parent disposition.
tohoku:eq:4.2.10,190,equation,tohoku:section:4.2,190,190,sem/r18/nodes.csv:392,8D632A04EE0FA987B40B721BEE6E64BB3E641D6A1CE02335556213F1564C9A53,ext,cohomology-section-ext;derived-section-ext,06XP;0BQP,,structural_only,inherits_parent,,,Embedded source component; inherit the parent disposition.
tohoku:eq:4.2.10-bis,190,equation,tohoku:section:4.2,190,190,sem/r18/nodes.csv:393,8D632A04EE0FA987B40B721BEE6E64BB3E641D6A1CE02335556213F1564C9A53,ext,cohomology-section-ext;derived-section-ext,06XP;0BQP,,structural_only,inherits_parent,,,Embedded source component; inherit the parent disposition.
tohoku:eq:4.2.11,190,equation,tohoku:section:4.2,190,190,sem/r18/nodes.csv:394,8D632A04EE0FA987B40B721BEE6E64BB3E641D6A1CE02335556213F1564C9A53,,,,,structural_only,inherits_parent,,,Embedded source component; inherit the parent disposition.
tohoku:eq:4.2.12,190,equation,tohoku:section:4.2,190,190,sem/r18/nodes.csv:395,8D632A04EE0FA987B40B721BEE6E64BB3E641D6A1CE02335556213F1564C9A53,,,,,structural_only,inherits_parent,,,Embedded source component; inherit the parent disposition.
tohoku:eq:4.2.2,187,equation,tohoku:section:4.2,187,187,sem/r18/nodes.csv:396,8D632A04EE0FA987B40B721BEE6E64BB3E641D6A1CE02335556213F1564C9A53,ext,cohomology-section-ext;derived-section-ext,06XP;0BQP,,structural_only,inherits_parent,,,Embedded source component; inherit the parent disposition.
tohoku:eq:4.2.3,187,equation,tohoku:section:4.2,187,187,sem/r18/nodes.csv:397,8D632A04EE0FA987B40B721BEE6E64BB3E641D6A1CE02335556213F1564C9A53,ext,cohomology-section-ext;derived-section-ext,06XP;0BQP,,structural_only,inherits_parent,,,Embedded source component; inherit the parent disposition.
tohoku:eq:4.2.4,188,equation,tohoku:section:4.2,188,188,sem/r18/nodes.csv:398,8D632A04EE0FA987B40B721BEE6E64BB3E641D6A1CE02335556213F1564C9A53,,,,,structural_only,inherits_parent,,,Embedded source component; inherit the parent disposition.
tohoku:eq:4.2.5,188,equation,tohoku:section:4.2,188,188,sem/r18/nodes.csv:399,8D632A04EE0FA987B40B721BEE6E64BB3E641D6A1CE02335556213F1564C9A53,ext,cohomology-section-ext;derived-section-ext,06XP;0BQP,,structural_only,inherits_parent,,,Embedded source component; inherit the parent disposition.
tohoku:eq:4.2.6,188,equation,tohoku:section:4.2,188,188,sem/r18/nodes.csv:400,8D632A04EE0FA987B40B721BEE6E64BB3E641D6A1CE02335556213F1564C9A53,ext,cohomology-section-ext;derived-section-ext,06XP;0BQP,,structural_only,inherits_parent,,,Embedded source component; inherit the parent disposition.
tohoku:eq:4.2.7,188,equation,tohoku:section:4.2,188,188,sem/r18/nodes.csv:401,8D632A04EE0FA987B40B721BEE6E64BB3E641D6A1CE02335556213F1564C9A53,ext,cohomology-section-ext;derived-section-ext,06XP;0BQP,,structural_only,inherits_parent,,,Embedded source component; inherit the parent disposition.
tohoku:eq:4.2.8,188;189,equation,tohoku:section:4.2,188,189,sem/r18/nodes.csv:402,8D632A04EE0FA987B40B721BEE6E64BB3E641D6A1CE02335556213F1564C9A53,ext,cohomology-section-ext;derived-section-ext,06XP;0BQP,,structural_only,inherits_parent,,,Embedded source component; inherit the parent disposition.
tohoku:eq:4.2.9,189,equation,tohoku:section:4.2,189,189,sem/r18/nodes.csv:403,8D632A04EE0FA987B40B721BEE6E64BB3E641D6A1CE02335556213F1564C9A53,ext,cohomology-section-ext;derived-section-ext,06XP;0BQP,,structural_only,inherits_parent,,,Embedded source component; inherit the parent disposition.
tohoku:eq:4.3.1,191,equation,tohoku:section:4.3,191,191,sem/r18/nodes.csv:404,8D632A04EE0FA987B40B721BEE6E64BB3E641D6A1CE02335556213F1564C9A53,,,,,structural_only,inherits_parent,,,Embedded source component; inherit the parent disposition.
tohoku:eq:4.3.2,191,equation,tohoku:section:4.3,191,191,sem/r18/nodes.csv:405,8D632A04EE0FA987B40B721BEE6E64BB3E641D6A1CE02335556213F1564C9A53,,,,,structural_only,inherits_parent,,,Embedded source component; inherit the parent disposition.
tohoku:eq:4.3.3,191,equation,tohoku:section:4.3,191,191,sem/r18/nodes.csv:406,8D632A04EE0FA987B40B721BEE6E64BB3E641D6A1CE02335556213F1564C9A53,ext,cohomology-section-ext;derived-section-ext,06XP;0BQP,,structural_only,inherits_parent,,,Embedded source component; inherit the parent disposition.
tohoku:eq:4.3.4,192,equation,tohoku:section:4.3,192,192,sem/r18/nodes.csv:407,8D632A04EE0FA987B40B721BEE6E64BB3E641D6A1CE02335556213F1564C9A53,ext,cohomology-section-ext;derived-section-ext,06XP;0BQP,,structural_only,inherits_parent,,,Embedded source component; inherit the parent disposition.
tohoku:eq:4.3.5,192,equation,tohoku:section:4.3,192,192,sem/r18/nodes.csv:408,8D632A04EE0FA987B40B721BEE6E64BB3E641D6A1CE02335556213F1564C9A53,,,,,structural_only,inherits_parent,,,Embedded source component; inherit the parent disposition.
tohoku:eq:4.3.6,192,equation,tohoku:section:4.3,192,192,sem/r18/nodes.csv:409,8D632A04EE0FA987B40B721BEE6E64BB3E641D6A1CE02335556213F1564C9A53,ext,cohomology-section-ext;derived-section-ext,06XP;0BQP,,structural_only,inherits_parent,,,Embedded source component; inherit the parent disposition.
tohoku:eq:4.4.1,194,equation,tohoku:section:4.4,194,194,sem/r18/nodes.csv:410,8D632A04EE0FA987B40B721BEE6E64BB3E641D6A1CE02335556213F1564C9A53,,,,,structural_only,inherits_parent,,,Embedded source component; inherit the parent disposition.
tohoku:eq:4.4.2,194,equation,tohoku:section:4.4,194,194,sem/r18/nodes.csv:411,8D632A04EE0FA987B40B721BEE6E64BB3E641D6A1CE02335556213F1564C9A53,,,,,structural_only,inherits_parent,,,Embedded source component; inherit the parent disposition.
tohoku:eq:4.4.3,194,equation,tohoku:section:4.4,194,194,sem/r18/nodes.csv:412,8D632A04EE0FA987B40B721BEE6E64BB3E641D6A1CE02335556213F1564C9A53,ext,cohomology-section-ext;derived-section-ext,06XP;0BQP,,structural_only,inherits_parent,,,Embedded source component; inherit the parent disposition.
tohoku:eq:R-filtration-reduction,168,equation,tohoku:section:3.6,168,168,sem/r18/nodes.csv:413,5A8E5720BC2EF8905BF85F7919C65AC4A87A31CFC854BD77E6B5084C0D2DEBEF,,,,,structural_only,inherits_parent,,,Embedded source component; inherit the parent disposition.
tohoku:eq:R-quotient-ZYm,168,equation,tohoku:section:3.6,168,168,sem/r18/nodes.csv:414,5A8E5720BC2EF8905BF85F7919C65AC4A87A31CFC854BD77E6B5084C0D2DEBEF,,,,,structural_only,inherits_parent,,,Embedded source component; inherit the parent disposition.
tohoku:eq:T-acyclic-computation,169,equation,tohoku:section:3.6,169,169,sem/r18/nodes.csv:415,5A8E5720BC2EF8905BF85F7919C65AC4A87A31CFC854BD77E6B5084C0D2DEBEF,derived-functor,cohomology-section-derived-functors;derived-section-right-derived-functor,0156;0716,,structural_only,inherits_parent,,,Embedded source component; inherit the parent disposition.
tohoku:eq:T-colimit-complex,169,equation,tohoku:section:3.6,169,169,sem/r18/nodes.csv:416,5A8E5720BC2EF8905BF85F7919C65AC4A87A31CFC854BD77E6B5084C0D2DEBEF,limits,categories-section-directed-colimits;categories-section-limits;cohomology-section-limits,002D;01FE;04AX,,structural_only,inherits_parent,,,Embedded source component; inherit the parent disposition.
tohoku:eq:adapted-support-functor-factorization,172,equation,tohoku:section:3.7,172,172,sem/r18/nodes.csv:417,5A8E5720BC2EF8905BF85F7919C65AC4A87A31CFC854BD77E6B5084C0D2DEBEF,derived-functor;injectives;support,cohomology-section-cohomology-support;cohomology-section-derived-functors;derived-section-injective-resolutions;derived-section-right-derived-functor;homology-section-injectives,0134;013G;0156;0716;0A39,,structural_only,inherits_parent,,,Embedded source component; inherit the parent disposition.
tohoku:eq:adapted-support-sections,172,equation,tohoku:section:3.7,172,172,sem/r18/nodes.csv:418,5A8E5720BC2EF8905BF85F7919C65AC4A87A31CFC854BD77E6B5084C0D2DEBEF,support,cohomology-section-cohomology-support,0A39,,structural_only,inherits_parent,,,Embedded source component; inherit the parent disposition.
tohoku:eq:adjoint-logarithmic-derivative,165,equation,tohoku:section:3.4,165,165,sem/r18/nodes.csv:419,5A8E5720BC2EF8905BF85F7919C65AC4A87A31CFC854BD77E6B5084C0D2DEBEF,,,,,structural_only,inherits_parent,,,Embedded source component; inherit the parent disposition.
tohoku:eq:affine-cech-derived-comparison,177,equation,tohoku:section:3.8,177,177,sem/r18/nodes.csv:420,5A8E5720BC2EF8905BF85F7919C65AC4A87A31CFC854BD77E6B5084C0D2DEBEF,cech,cohomology-section-cech;cohomology-section-cech-cohomology-cohomology,01ED;01EO,,structural_only,inherits_parent,,,Embedded source component; inherit the parent disposition.
tohoku:eq:associated-quotient-monomorphism,164,equation,tohoku:section:3.4,164,164,sem/r18/nodes.csv:421,5A8E5720BC2EF8905BF85F7919C65AC4A87A31CFC854BD77E6B5084C0D2DEBEF,,,,,structural_only,inherits_parent,,,Embedded source component; inherit the parent disposition.
tohoku:eq:canonical-support-comparison,166,equation,tohoku:section:3.5,166,166,sem/r18/nodes.csv:422,5A8E5720BC2EF8905BF85F7919C65AC4A87A31CFC854BD77E6B5084C0D2DEBEF,support,cohomology-section-cohomology-support,0A39,,structural_only,inherits_parent,,,Embedded source component; inherit the parent disposition.
tohoku:eq:canonical-support-comparison-FZ,167,equation,tohoku:section:3.5,167,167,sem/r18/nodes.csv:423,5A8E5720BC2EF8905BF85F7919C65AC4A87A31CFC854BD77E6B5084C0D2DEBEF,support,cohomology-section-cohomology-support,0A39,,structural_only,inherits_parent,,,Embedded source component; inherit the parent disposition.
tohoku:eq:cartan-leray-E2,175,equation,tohoku:section:3.8,175,175,sem/r18/nodes.csv:424,5A8E5720BC2EF8905BF85F7919C65AC4A87A31CFC854BD77E6B5084C0D2DEBEF,derived-functor;spectral-sequence,cohomology-section-derived-functors;derived-section-right-derived-functor;homology-section-spectral-sequence,011M;0156;0716,,structural_only,inherits_parent,,,Embedded source component; inherit the parent disposition.
tohoku:eq:cartan-leray-abstract-E2,175,equation,tohoku:section:3.8,175,175,sem/r18/nodes.csv:425,5A8E5720BC2EF8905BF85F7919C65AC4A87A31CFC854BD77E6B5084C0D2DEBEF,,,,,structural_only,inherits_parent,,,Embedded source component; inherit the parent disposition.
tohoku:eq:cech-H2-comparison-exact-sequence,177,equation,tohoku:section:3.8,177,177,sem/r18/nodes.csv:426,5A8E5720BC2EF8905BF85F7919C65AC4A87A31CFC854BD77E6B5084C0D2DEBEF,cech,cohomology-section-cech;cohomology-section-cech-cohomology-cohomology,01ED;01EO,,structural_only,inherits_parent,,,Embedded source component; inherit the parent disposition.
tohoku:eq:cech-cochain-complex-total,174,equation,tohoku:section:3.8,174,174,sem/r18/nodes.csv:427,5A8E5720BC2EF8905BF85F7919C65AC4A87A31CFC854BD77E6B5084C0D2DEBEF,cech,cohomology-section-cech;cohomology-section-cech-cohomology-cohomology,01ED;01EO,,structural_only,inherits_parent,,,Embedded source component; inherit the parent disposition.
tohoku:eq:cech-cohomology-direct-limit,174,equation,tohoku:section:3.8,174,174,sem/r18/nodes.csv:428,5A8E5720BC2EF8905BF85F7919C65AC4A87A31CFC854BD77E6B5084C0D2DEBEF,cech;limits,categories-section-directed-colimits;categories-section-limits;cohomology-section-cech;cohomology-section-cech-cohomology-cohomology;cohomology-section-limits,002D;01ED;01EO;01FE;04AX,,structural_only,inherits_parent,,,Embedded source component; inherit the parent disposition.
tohoku:eq:central-extension,161,equation,tohoku:section:3.4,161,161,sem/r18/nodes.csv:429,5A8E5720BC2EF8905BF85F7919C65AC4A87A31CFC854BD77E6B5084C0D2DEBEF,ext,cohomology-section-ext;derived-section-ext,06XP;0BQP,,structural_only,inherits_parent,,,Embedded source component; inherit the parent disposition.
tohoku:eq:closed-complement-constant-sheaf,178,equation,tohoku:section:3.8,178,178,sem/r18/nodes.csv:430,5A8E5720BC2EF8905BF85F7919C65AC4A87A31CFC854BD77E6B5084C0D2DEBEF,,,,,structural_only,inherits_parent,,,Embedded source component; inherit the parent disposition.
tohoku:eq:closed-open-support-long-exact-sequence,167,equation,tohoku:section:3.5,167,167,sem/r18/nodes.csv:431,5A8E5720BC2EF8905BF85F7919C65AC4A87A31CFC854BD77E6B5084C0D2DEBEF,support,cohomology-section-cohomology-support,0A39,,structural_only,inherits_parent,,,Embedded source component; inherit the parent disposition.
tohoku:eq:closed-subspace-exact-sequence,166,equation,tohoku:section:3.5,166,166,sem/r18/nodes.csv:432,5A8E5720BC2EF8905BF85F7919C65AC4A87A31CFC854BD77E6B5084C0D2DEBEF,support,cohomology-section-cohomology-support,0A39,,structural_only,inherits_parent,,,Embedded source component; inherit the parent disposition.
tohoku:eq:cohomology-colimit-comparison,169,equation,tohoku:section:3.6,169,169,sem/r18/nodes.csv:433,5A8E5720BC2EF8905BF85F7919C65AC4A87A31CFC854BD77E6B5084C0D2DEBEF,limits,categories-section-directed-colimits;categories-section-limits;cohomology-section-limits,002D;01FE;04AX,,structural_only,inherits_parent,,,Embedded source component; inherit the parent disposition.
tohoku:eq:cohomology-component-sequence,171,equation,tohoku:section:3.6,171,171,sem/r18/nodes.csv:434,5A8E5720BC2EF8905BF85F7919C65AC4A87A31CFC854BD77E6B5084C0D2DEBEF,,,,,structural_only,inherits_parent,,,Embedded source component; inherit the parent disposition.
tohoku:eq:colimit-resolution,169,equation,tohoku:section:3.6,169,169,sem/r18/nodes.csv:435,5A8E5720BC2EF8905BF85F7919C65AC4A87A31CFC854BD77E6B5084C0D2DEBEF,limits,categories-section-directed-colimits;categories-section-limits;cohomology-section-limits,002D;01FE;04AX,,structural_only,inherits_parent,,,Embedded source component; inherit the parent disposition.
tohoku:eq:component-cohomology-identification,171,equation,tohoku:section:3.6,171,171,sem/r18/nodes.csv:436,5A8E5720BC2EF8905BF85F7919C65AC4A87A31CFC854BD77E6B5084C0D2DEBEF,,,,,structural_only,inherits_parent,,,Embedded source component; inherit the parent disposition.
tohoku:eq:component-injective-complex,169,equation,tohoku:section:3.6,169,169,sem/r18/nodes.csv:437,5A8E5720BC2EF8905BF85F7919C65AC4A87A31CFC854BD77E6B5084C0D2DEBEF,injectives,derived-section-injective-resolutions;homology-section-injectives,0134;013G,,structural_only,inherits_parent,,,Embedded source component; inherit the parent disposition.
tohoku:eq:corollary-3.10.1-1:support-limit,182,equation,tohoku:section:3.10,182,182,sem/r18/nodes.csv:438,5A8E5720BC2EF8905BF85F7919C65AC4A87A31CFC854BD77E6B5084C0D2DEBEF,limits;support,categories-section-directed-colimits;categories-section-limits;cohomology-section-cohomology-support;cohomology-section-limits,002D;01FE;04AX;0A39,,structural_only,inherits_parent,,,Embedded source component; inherit the parent disposition.
tohoku:eq:corollary-3.10.1-2:neighborhood-limit,182,equation,tohoku:section:3.10,182,182,sem/r18/nodes.csv:439,5A8E5720BC2EF8905BF85F7919C65AC4A87A31CFC854BD77E6B5084C0D2DEBEF,limits,categories-section-directed-colimits;categories-section-limits;cohomology-section-limits,002D;01FE;04AX,,structural_only,inherits_parent,,,Embedded source component; inherit the parent disposition.
tohoku:eq:corollary-4-cech-limit-vanishing,177,equation,tohoku:section:3.8,177,177,sem/r18/nodes.csv:440,5A8E5720BC2EF8905BF85F7919C65AC4A87A31CFC854BD77E6B5084C0D2DEBEF,cech;limits,categories-section-directed-colimits;categories-section-limits;cohomology-section-cech;cohomology-section-cech-cohomology-cohomology;cohomology-section-limits,002D;01ED;01EO;01FE;04AX,,structural_only,inherits_parent,,,Embedded source component; inherit the parent disposition.
tohoku:eq:corollary-4-cover-cohomology-vanishing,177,equation,tohoku:section:3.8,177,177,sem/r18/nodes.csv:441,5A8E5720BC2EF8905BF85F7919C65AC4A87A31CFC854BD77E6B5084C0D2DEBEF,,,,,structural_only,inherits_parent,,,Embedded source component; inherit the parent disposition.
tohoku:eq:corollary-4-cover-complex-vanishing,177,equation,tohoku:section:3.8,177,177,sem/r18/nodes.csv:442,5A8E5720BC2EF8905BF85F7919C65AC4A87A31CFC854BD77E6B5084C0D2DEBEF,,,,,structural_only,inherits_parent,,,Embedded source component; inherit the parent disposition.
tohoku:eq:corollary-4-induction-conclusion,177,equation,tohoku:section:3.8,177,177,sem/r18/nodes.csv:443,5A8E5720BC2EF8905BF85F7919C65AC4A87A31CFC854BD77E6B5084C0D2DEBEF,,,,,structural_only,inherits_parent,,,Embedded source component; inherit the parent disposition.
tohoku:eq:counterexample-H2-is-Z,178,equation,tohoku:section:3.8,178,178,sem/r18/nodes.csv:444,5A8E5720BC2EF8905BF85F7919C65AC4A87A31CFC854BD77E6B5084C0D2DEBEF,,,,,structural_only,inherits_parent,,,Embedded source component; inherit the parent disposition.
tohoku:eq:cover-cochains-product,175,equation,tohoku:section:3.8,175,175,sem/r18/nodes.csv:445,5A8E5720BC2EF8905BF85F7919C65AC4A87A31CFC854BD77E6B5084C0D2DEBEF,cech,cohomology-section-cech;cohomology-section-cech-cohomology-cohomology,01ED;01EO,,structural_only,inherits_parent,,,Embedded source component; inherit the parent disposition.
tohoku:eq:cover-star-inclusions,180,equation,tohoku:section:3.9,180,180,sem/r18/nodes.csv:446,5A8E5720BC2EF8905BF85F7919C65AC4A87A31CFC854BD77E6B5084C0D2DEBEF,,,,,structural_only,inherits_parent,,,Embedded source component; inherit the parent disposition.
tohoku:eq:derived-colimit-comparison,169,equation,tohoku:section:3.6,169,169,sem/r18/nodes.csv:447,5A8E5720BC2EF8905BF85F7919C65AC4A87A31CFC854BD77E6B5084C0D2DEBEF,limits,categories-section-directed-colimits;categories-section-limits;cohomology-section-limits,002D;01FE;04AX,,structural_only,inherits_parent,,,Embedded source component; inherit the parent disposition.
tohoku:eq:derived-colimit-isomorphism,170,equation,tohoku:section:3.6,170,170,sem/r18/nodes.csv:448,5A8E5720BC2EF8905BF85F7919C65AC4A87A31CFC854BD77E6B5084C0D2DEBEF,limits,categories-section-directed-colimits;categories-section-limits;cohomology-section-limits,002D;01FE;04AX,,structural_only,inherits_parent,,,Embedded source component; inherit the parent disposition.
tohoku:eq:derived-cover-cochains-presheaf,175,equation,tohoku:section:3.8,175,175,sem/r18/nodes.csv:449,5A8E5720BC2EF8905BF85F7919C65AC4A87A31CFC854BD77E6B5084C0D2DEBEF,,,,,structural_only,inherits_parent,,,Embedded source component; inherit the parent disposition.
tohoku:eq:derived-cover-cochains-product,175,equation,tohoku:section:3.8,175,175,sem/r18/nodes.csv:450,5A8E5720BC2EF8905BF85F7919C65AC4A87A31CFC854BD77E6B5084C0D2DEBEF,,,,,structural_only,inherits_parent,,,Embedded source component; inherit the parent disposition.
tohoku:eq:derived-direct-image-presheaf,173,equation,tohoku:section:3.7,173,173,sem/r18/nodes.csv:451,5A8E5720BC2EF8905BF85F7919C65AC4A87A31CFC854BD77E6B5084C0D2DEBEF,derived-functor,cohomology-section-derived-functors;derived-section-right-derived-functor,0156;0716,,structural_only,inherits_parent,,,Embedded source component; inherit the parent disposition.
tohoku:eq:diagram-injective-resolution,169,equation,tohoku:section:3.6,169,169,sem/r18/nodes.csv:452,5A8E5720BC2EF8905BF85F7919C65AC4A87A31CFC854BD77E6B5084C0D2DEBEF,injectives,derived-section-injective-resolutions;homology-section-injectives,0134;013G,,structural_only,inherits_parent,,,Embedded source component; inherit the parent disposition.
tohoku:eq:direct-image-sections,171,equation,tohoku:section:3.7,171,171,sem/r18/nodes.csv:453,5A8E5720BC2EF8905BF85F7919C65AC4A87A31CFC854BD77E6B5084C0D2DEBEF,,,,,structural_only,inherits_parent,,,Embedded source component; inherit the parent disposition.
tohoku:eq:direct-image-support,172,equation,tohoku:section:3.7,172,172,sem/r18/nodes.csv:454,5A8E5720BC2EF8905BF85F7919C65AC4A87A31CFC854BD77E6B5084C0D2DEBEF,support,cohomology-section-cohomology-support,0A39,,structural_only,inherits_parent,,,Embedded source component; inherit the parent disposition.
tohoku:eq:divisor-class-cohomology,161,equation,tohoku:section:3.4,161,161,sem/r18/nodes.csv:455,5A8E5720BC2EF8905BF85F7919C65AC4A87A31CFC854BD77E6B5084C0D2DEBEF,cech,cohomology-section-cech;cohomology-section-cech-cohomology-cohomology,01ED;01EO,,structural_only,inherits_parent,,,Embedded source component; inherit the parent disposition.
tohoku:eq:divisor-resolution,161,equation,tohoku:section:3.4,161,161,sem/r18/nodes.csv:456,5A8E5720BC2EF8905BF85F7919C65AC4A87A31CFC854BD77E6B5084C0D2DEBEF,,,,,structural_only,inherits_parent,,,Embedded source component; inherit the parent disposition.
tohoku:eq:extension-by-zero-transitivity,166,equation,tohoku:section:3.5,166,166,sem/r18/nodes.csv:457,5A8E5720BC2EF8905BF85F7919C65AC4A87A31CFC854BD77E6B5084C0D2DEBEF,ext,cohomology-section-ext;derived-section-ext,06XP;0BQP,,structural_only,inherits_parent,,,Embedded source component; inherit the parent disposition.
tohoku:eq:finite-generator-quotient-reduction,168,equation,tohoku:section:3.6,168,168,sem/r18/nodes.csv:458,5A8E5720BC2EF8905BF85F7919C65AC4A87A31CFC854BD77E6B5084C0D2DEBEF,grothendieck-category,injectives-section-grothendieck-categories;injectives-section-grothendieck-conditions,05AB;079A,,structural_only,inherits_parent,,,Embedded source component; inherit the parent disposition.
tohoku:eq:generator-epimorphism,167,equation,tohoku:section:3.6,167,167,sem/r18/nodes.csv:459,5A8E5720BC2EF8905BF85F7919C65AC4A87A31CFC854BD77E6B5084C0D2DEBEF,grothendieck-category,injectives-section-grothendieck-categories;injectives-section-grothendieck-conditions,05AB;079A,,structural_only,inherits_parent,,,Embedded source component; inherit the parent disposition.
tohoku:eq:global-cech-E201,176,equation,tohoku:section:3.8,176,176,sem/r18/nodes.csv:460,5A8E5720BC2EF8905BF85F7919C65AC4A87A31CFC854BD77E6B5084C0D2DEBEF,cech,cohomology-section-cech;cohomology-section-cech-cohomology-cohomology,01ED;01EO,,structural_only,inherits_parent,,,Embedded source component; inherit the parent disposition.
tohoku:eq:global-cech-spectral-E2,176,equation,tohoku:section:3.8,176,176,sem/r18/nodes.csv:461,5A8E5720BC2EF8905BF85F7919C65AC4A87A31CFC854BD77E6B5084C0D2DEBEF,cech,cohomology-section-cech;cohomology-section-cech-cohomology-cohomology,01ED;01EO,,structural_only,inherits_parent,,,Embedded source component; inherit the parent disposition.
tohoku:eq:global-cech-spectral-E20q,176,equation,tohoku:section:3.8,176,176,sem/r18/nodes.csv:462,5A8E5720BC2EF8905BF85F7919C65AC4A87A31CFC854BD77E6B5084C0D2DEBEF,cech,cohomology-section-cech;cohomology-section-cech-cohomology-cohomology,01ED;01EO,,structural_only,inherits_parent,,,Embedded source component; inherit the parent disposition.
tohoku:eq:irreducible-components-resolution,171,equation,tohoku:section:3.6,171,171,sem/r18/nodes.csv:463,5A8E5720BC2EF8905BF85F7919C65AC4A87A31CFC854BD77E6B5084C0D2DEBEF,support,cohomology-section-cohomology-support,0A39,,structural_only,inherits_parent,,,Embedded source component; inherit the parent disposition.
tohoku:eq:local-H1-reduced-H0,178,equation,tohoku:section:3.8,178,178,sem/r18/nodes.csv:464,5A8E5720BC2EF8905BF85F7919C65AC4A87A31CFC854BD77E6B5084C0D2DEBEF,,,,,structural_only,inherits_parent,,,Embedded source component; inherit the parent disposition.
tohoku:eq:open-complement-sequence,171,equation,tohoku:section:3.6,171,171,sem/r18/nodes.csv:465,5A8E5720BC2EF8905BF85F7919C65AC4A87A31CFC854BD77E6B5084C0D2DEBEF,,,,,structural_only,inherits_parent,,,Embedded source component; inherit the parent disposition.
tohoku:eq:open-sections-derived,175,equation,tohoku:section:3.8,175,175,sem/r18/nodes.csv:466,5A8E5720BC2EF8905BF85F7919C65AC4A87A31CFC854BD77E6B5084C0D2DEBEF,,,,,structural_only,inherits_parent,,,Embedded source component; inherit the parent disposition.
tohoku:eq:open-support-cohomology-reduction,171,equation,tohoku:section:3.6,171,171,sem/r18/nodes.csv:467,5A8E5720BC2EF8905BF85F7919C65AC4A87A31CFC854BD77E6B5084C0D2DEBEF,support,cohomology-section-cohomology-support,0A39,,structural_only,inherits_parent,,,Embedded source component; inherit the parent disposition.
tohoku:eq:open-support-identification,167,equation,tohoku:section:3.5,167,167,sem/r18/nodes.csv:468,5A8E5720BC2EF8905BF85F7919C65AC4A87A31CFC854BD77E6B5084C0D2DEBEF,support,cohomology-section-cohomology-support,0A39,,structural_only,inherits_parent,,,Embedded source component; inherit the parent disposition.
tohoku:eq:ordinary-leray-E2,173,equation,tohoku:section:3.7,173,173,sem/r18/nodes.csv:469,5A8E5720BC2EF8905BF85F7919C65AC4A87A31CFC854BD77E6B5084C0D2DEBEF,,,,,structural_only,inherits_parent,,,Embedded source component; inherit the parent disposition.
tohoku:eq:paracompact-global-cech-E2-vanishing,176,equation,tohoku:section:3.8,176,176,sem/r18/nodes.csv:470,5A8E5720BC2EF8905BF85F7919C65AC4A87A31CFC854BD77E6B5084C0D2DEBEF,cech,cohomology-section-cech;cohomology-section-cech-cohomology-cohomology,01ED;01EO,,structural_only,inherits_parent,,,Embedded source component; inherit the parent disposition.
tohoku:eq:pgl-lift-map,161,equation,tohoku:section:3.4,161,161,sem/r18/nodes.csv:471,5A8E5720BC2EF8905BF85F7919C65AC4A87A31CFC854BD77E6B5084C0D2DEBEF,,,,,structural_only,inherits_parent,,,Embedded source component; inherit the parent disposition.
tohoku:eq:relative-direct-image-sections,171,equation,tohoku:section:3.7,171,171,sem/r18/nodes.csv:472,5A8E5720BC2EF8905BF85F7919C65AC4A87A31CFC854BD77E6B5084C0D2DEBEF,,,,,structural_only,inherits_parent,,,Embedded source component; inherit the parent disposition.
tohoku:eq:relative-leray-E2,173,equation,tohoku:section:3.7,173,173,sem/r18/nodes.csv:473,5A8E5720BC2EF8905BF85F7919C65AC4A87A31CFC854BD77E6B5084C0D2DEBEF,,,,,structural_only,inherits_parent,,,Embedded source component; inherit the parent disposition.
tohoku:eq:relative-leray-preliminary-E2,173,equation,tohoku:section:3.7,173,173,sem/r18/nodes.csv:474,5A8E5720BC2EF8905BF85F7919C65AC4A87A31CFC854BD77E6B5084C0D2DEBEF,,,,,structural_only,inherits_parent,,,Embedded source component; inherit the parent disposition.
tohoku:eq:restricted-complement-constant-sheaf,178,equation,tohoku:section:3.8,178,178,sem/r18/nodes.csv:475,5A8E5720BC2EF8905BF85F7919C65AC4A87A31CFC854BD77E6B5084C0D2DEBEF,,,,,structural_only,inherits_parent,,,Embedded source component; inherit the parent disposition.
tohoku:eq:restriction-extension-transitivity,166,equation,tohoku:section:3.5,166,166,sem/r18/nodes.csv:476,5A8E5720BC2EF8905BF85F7919C65AC4A87A31CFC854BD77E6B5084C0D2DEBEF,ext,cohomology-section-ext;derived-section-ext,06XP;0BQP,,structural_only,inherits_parent,,,Embedded source component; inherit the parent disposition.
tohoku:eq:rho-action,164,equation,tohoku:section:3.4,164,164,sem/r18/nodes.csv:477,5A8E5720BC2EF8905BF85F7919C65AC4A87A31CFC854BD77E6B5084C0D2DEBEF,,,,,structural_only,inherits_parent,,,Embedded source component; inherit the parent disposition.
tohoku:eq:rho-product-compatibility,164,equation,tohoku:section:3.4,164,164,sem/r18/nodes.csv:478,5A8E5720BC2EF8905BF85F7919C65AC4A87A31CFC854BD77E6B5084C0D2DEBEF,,,,,structural_only,inherits_parent,,,Embedded source component; inherit the parent disposition.
tohoku:eq:sections-extension-by-zero,166,equation,tohoku:section:3.5,166,166,sem/r18/nodes.csv:479,5A8E5720BC2EF8905BF85F7919C65AC4A87A31CFC854BD77E6B5084C0D2DEBEF,ext,cohomology-section-ext;derived-section-ext,06XP;0BQP,,structural_only,inherits_parent,,,Embedded source component; inherit the parent disposition.
tohoku:eq:sections-support-restriction,166,equation,tohoku:section:3.5,166,166,sem/r18/nodes.csv:480,5A8E5720BC2EF8905BF85F7919C65AC4A87A31CFC854BD77E6B5084C0D2DEBEF,support,cohomology-section-cohomology-support,0A39,,structural_only,inherits_parent,,,Embedded source component; inherit the parent disposition.
tohoku:eq:sheaf-central-extension,161,equation,tohoku:section:3.4,161,161,sem/r18/nodes.csv:481,5A8E5720BC2EF8905BF85F7919C65AC4A87A31CFC854BD77E6B5084C0D2DEBEF,ext,cohomology-section-ext;derived-section-ext,06XP;0BQP,,structural_only,inherits_parent,,,Embedded source component; inherit the parent disposition.
tohoku:eq:single-generator-cohomology,168,equation,tohoku:section:3.6,168,168,sem/r18/nodes.csv:482,5A8E5720BC2EF8905BF85F7919C65AC4A87A31CFC854BD77E6B5084C0D2DEBEF,grothendieck-category,injectives-section-grothendieck-categories;injectives-section-grothendieck-conditions,05AB;079A,,structural_only,inherits_parent,,,Embedded source component; inherit the parent disposition.
tohoku:eq:single-generator-presentation,168,equation,tohoku:section:3.6,168,168,sem/r18/nodes.csv:483,5A8E5720BC2EF8905BF85F7919C65AC4A87A31CFC854BD77E6B5084C0D2DEBEF,grothendieck-category,injectives-section-grothendieck-categories;injectives-section-grothendieck-conditions,05AB;079A,,structural_only,inherits_parent,,,Embedded source component; inherit the parent disposition.
tohoku:eq:special-cover-C0-vanishing,178,equation,tohoku:section:3.8,178,178,sem/r18/nodes.csv:484,5A8E5720BC2EF8905BF85F7919C65AC4A87A31CFC854BD77E6B5084C0D2DEBEF,,,,,structural_only,inherits_parent,,,Embedded source component; inherit the parent disposition.
tohoku:eq:special-cover-C1-is-Z2,178,equation,tohoku:section:3.8,178,178,sem/r18/nodes.csv:485,5A8E5720BC2EF8905BF85F7919C65AC4A87A31CFC854BD77E6B5084C0D2DEBEF,,,,,structural_only,inherits_parent,,,Embedded source component; inherit the parent disposition.
tohoku:eq:special-cover-H1-is-Z,178,equation,tohoku:section:3.8,178,178,sem/r18/nodes.csv:486,5A8E5720BC2EF8905BF85F7919C65AC4A87A31CFC854BD77E6B5084C0D2DEBEF,limits,categories-section-directed-colimits;categories-section-limits;cohomology-section-limits,002D;01FE;04AX,,structural_only,inherits_parent,,,Embedded source component; inherit the parent disposition.
tohoku:eq:special-cover-H1-is-Z:p2,179,equation,tohoku:section:3.8,179,179,sem/r18/nodes.csv:487,5A8E5720BC2EF8905BF85F7919C65AC4A87A31CFC854BD77E6B5084C0D2DEBEF,,,,,structural_only,inherits_parent,,,Embedded source component; inherit the parent disposition.
tohoku:eq:special-cover-intersection-sections,178,equation,tohoku:section:3.8,178,178,sem/r18/nodes.csv:488,5A8E5720BC2EF8905BF85F7919C65AC4A87A31CFC854BD77E6B5084C0D2DEBEF,,,,,structural_only,inherits_parent,,,Embedded source component; inherit the parent disposition.
tohoku:eq:theorem-3.9.1-edge-sequence,180,equation,tohoku:section:3.9,180,180,sem/r18/nodes.csv:489,5A8E5720BC2EF8905BF85F7919C65AC4A87A31CFC854BD77E6B5084C0D2DEBEF,injectives,derived-section-injective-resolutions;homology-section-injectives,0134;013G,,structural_only,inherits_parent,,,Embedded source component; inherit the parent disposition.
tohoku:eq:union-components-constant-sheaves,178,equation,tohoku:section:3.8,178,178,sem/r18/nodes.csv:490,5A8E5720BC2EF8905BF85F7919C65AC4A87A31CFC854BD77E6B5084C0D2DEBEF,,,,,structural_only,inherits_parent,,,Embedded source component; inherit the parent disposition.
tohoku:equation:5.1.1,198,equation,tohoku:section:5.1,198,198,sem/r18/nodes.csv:491,8D632A04EE0FA987B40B721BEE6E64BB3E641D6A1CE02335556213F1564C9A53,,,,,structural_only,inherits_parent,,,Embedded source component; inherit the parent disposition.
tohoku:equation:5.1.2,199,equation,tohoku:section:5.1,199,199,sem/r18/nodes.csv:492,8D632A04EE0FA987B40B721BEE6E64BB3E641D6A1CE02335556213F1564C9A53,,,,,structural_only,inherits_parent,,,Embedded source component; inherit the parent disposition.
tohoku:equation:5.2.1,199,equation,tohoku:section:5.2,199,199,sem/r18/nodes.csv:493,8D632A04EE0FA987B40B721BEE6E64BB3E641D6A1CE02335556213F1564C9A53,,,,,structural_only,inherits_parent,,,Embedded source component; inherit the parent disposition.
tohoku:equation:5.2.10,201,equation,tohoku:section:5.2,201,201,sem/r18/nodes.csv:494,8D632A04EE0FA987B40B721BEE6E64BB3E641D6A1CE02335556213F1564C9A53,spectral-sequence,homology-section-spectral-sequence,011M,,structural_only,inherits_parent,,,Embedded source component; inherit the parent disposition.
tohoku:equation:5.2.11,201,equation,tohoku:section:5.2,201,201,sem/r18/nodes.csv:495,8D632A04EE0FA987B40B721BEE6E64BB3E641D6A1CE02335556213F1564C9A53,,,,,structural_only,inherits_parent,,,Embedded source component; inherit the parent disposition.
tohoku:equation:5.2.11-bis,203,equation,tohoku:section:5.2,203,203,sem/r18/nodes.csv:496,8D632A04EE0FA987B40B721BEE6E64BB3E641D6A1CE02335556213F1564C9A53,,,,,structural_only,inherits_parent,,,Embedded source component; inherit the parent disposition.
tohoku:equation:5.2.12,203,equation,tohoku:section:5.2,203,203,sem/r18/nodes.csv:497,8D632A04EE0FA987B40B721BEE6E64BB3E641D6A1CE02335556213F1564C9A53,,,,,structural_only,inherits_parent,,,Embedded source component; inherit the parent disposition.
tohoku:equation:5.2.2,199,equation,tohoku:section:5.2,199,199,sem/r18/nodes.csv:498,8D632A04EE0FA987B40B721BEE6E64BB3E641D6A1CE02335556213F1564C9A53,,,,,structural_only,inherits_parent,,,Embedded source component; inherit the parent disposition.
tohoku:equation:5.2.3,200,equation,tohoku:section:5.2,200,200,sem/r18/nodes.csv:499,8D632A04EE0FA987B40B721BEE6E64BB3E641D6A1CE02335556213F1564C9A53,,,,,structural_only,inherits_parent,,,Embedded source component; inherit the parent disposition.
tohoku:equation:5.2.4,200,equation,tohoku:section:5.2,200,200,sem/r18/nodes.csv:500,8D632A04EE0FA987B40B721BEE6E64BB3E641D6A1CE02335556213F1564C9A53,,,,,structural_only,inherits_parent,,,Embedded source component; inherit the parent disposition.
tohoku:equation:5.2.5,200,equation,tohoku:section:5.2,200,200,sem/r18/nodes.csv:501,8D632A04EE0FA987B40B721BEE6E64BB3E641D6A1CE02335556213F1564C9A53,,,,,structural_only,inherits_parent,,,Embedded source component; inherit the parent disposition.
tohoku:equation:5.2.6,201,equation,tohoku:section:5.2,201,201,sem/r18/nodes.csv:502,8D632A04EE0FA987B40B721BEE6E64BB3E641D6A1CE02335556213F1564C9A53,,,,,structural_only,inherits_parent,,,Embedded source component; inherit the parent disposition.
tohoku:equation:5.2.7,201,equation,tohoku:section:5.2,201,201,sem/r18/nodes.csv:503,8D632A04EE0FA987B40B721BEE6E64BB3E641D6A1CE02335556213F1564C9A53,,,,,structural_only,inherits_parent,,,Embedded source component; inherit the parent disposition.
tohoku:equation:5.2.8,201,equation,tohoku:section:5.2,201,201,sem/r18/nodes.csv:504,8D632A04EE0FA987B40B721BEE6E64BB3E641D6A1CE02335556213F1564C9A53,,,,,structural_only,inherits_parent,,,Embedded source component; inherit the parent disposition.
tohoku:equation:5.2.9,201,equation,tohoku:section:5.2,201,201,sem/r18/nodes.csv:505,8D632A04EE0FA987B40B721BEE6E64BB3E641D6A1CE02335556213F1564C9A53,,,,,structural_only,inherits_parent,,,Embedded source component; inherit the parent disposition.
tohoku:equation:5.3.1,204,equation,tohoku:section:5.3,204,204,sem/r18/nodes.csv:506,8D632A04EE0FA987B40B721BEE6E64BB3E641D6A1CE02335556213F1564C9A53,,,,,structural_only,inherits_parent,,,Embedded source component; inherit the parent disposition.
tohoku:equation:5.3.1-stalk-limit,204,equation,tohoku:section:5.3,204,204,sem/r18/nodes.csv:507,8D632A04EE0FA987B40B721BEE6E64BB3E641D6A1CE02335556213F1564C9A53,limits,categories-section-directed-colimits;categories-section-limits;cohomology-section-limits,002D;01FE;04AX,,structural_only,inherits_parent,,,Embedded source component; inherit the parent disposition.
tohoku:equation:5.5.1,207,equation,tohoku:section:5.5,207,207,sem/r18/nodes.csv:508,8D632A04EE0FA987B40B721BEE6E64BB3E641D6A1CE02335556213F1564C9A53,,,,,structural_only,inherits_parent,,,Embedded source component; inherit the parent disposition.
tohoku:equation:5.5.10,210,equation,tohoku:section:5.5,210,210,sem/r18/nodes.csv:509,8D632A04EE0FA987B40B721BEE6E64BB3E641D6A1CE02335556213F1564C9A53,,,,,structural_only,inherits_parent,,,Embedded source component; inherit the parent disposition.
tohoku:equation:5.5.11,210,equation,tohoku:section:5.5,210,210,sem/r18/nodes.csv:510,8D632A04EE0FA987B40B721BEE6E64BB3E641D6A1CE02335556213F1564C9A53,,,,,structural_only,inherits_parent,,,Embedded source component; inherit the parent disposition.
tohoku:equation:5.5.11bis,210,equation,tohoku:section:5.5,210,210,sem/r18/nodes.csv:511,8D632A04EE0FA987B40B721BEE6E64BB3E641D6A1CE02335556213F1564C9A53,,,,,structural_only,inherits_parent,,,Embedded source component; inherit the parent disposition.
tohoku:equation:5.5.12,211,equation,tohoku:section:5.5,211,211,sem/r18/nodes.csv:512,8D632A04EE0FA987B40B721BEE6E64BB3E641D6A1CE02335556213F1564C9A53,,,,,structural_only,inherits_parent,,,Embedded source component; inherit the parent disposition.
tohoku:equation:5.5.13,212,equation,tohoku:section:5.5,212,212,sem/r18/nodes.csv:513,8D632A04EE0FA987B40B721BEE6E64BB3E641D6A1CE02335556213F1564C9A53,cech;limits,categories-section-directed-colimits;categories-section-limits;cohomology-section-cech;cohomology-section-cech-cohomology-cohomology;cohomology-section-limits,002D;01ED;01EO;01FE;04AX,,structural_only,inherits_parent,,,Embedded source component; inherit the parent disposition.
tohoku:equation:5.5.14,212;213,equation,tohoku:section:5.5,212,213,sem/r18/nodes.csv:514,8D632A04EE0FA987B40B721BEE6E64BB3E641D6A1CE02335556213F1564C9A53,limits;spectral-sequence,categories-section-directed-colimits;categories-section-limits;cohomology-section-limits;homology-section-spectral-sequence,002D;011M;01FE;04AX,,structural_only,inherits_parent,,,Embedded source component; inherit the parent disposition.
tohoku:equation:5.5.15,212,equation,tohoku:section:5.5,212,212,sem/r18/nodes.csv:515,8D632A04EE0FA987B40B721BEE6E64BB3E641D6A1CE02335556213F1564C9A53,spectral-sequence,homology-section-spectral-sequence,011M,,structural_only,inherits_parent,,,Embedded source component; inherit the parent disposition.
tohoku:equation:5.5.2,207,equation,tohoku:section:5.5,207,207,sem/r18/nodes.csv:516,8D632A04EE0FA987B40B721BEE6E64BB3E641D6A1CE02335556213F1564C9A53,,,,,structural_only,inherits_parent,,,Embedded source component; inherit the parent disposition.
tohoku:equation:5.5.3,208,equation,tohoku:section:5.5,208,208,sem/r18/nodes.csv:517,8D632A04EE0FA987B40B721BEE6E64BB3E641D6A1CE02335556213F1564C9A53,,,,,structural_only,inherits_parent,,,Embedded source component; inherit the parent disposition.
tohoku:equation:5.5.3-bis,208,equation,tohoku:section:5.5,208,208,sem/r18/nodes.csv:518,8D632A04EE0FA987B40B721BEE6E64BB3E641D6A1CE02335556213F1564C9A53,,,,,structural_only,inherits_parent,,,Embedded source component; inherit the parent disposition.
tohoku:equation:5.5.4,208,equation,tohoku:section:5.5,208,208,sem/r18/nodes.csv:519,8D632A04EE0FA987B40B721BEE6E64BB3E641D6A1CE02335556213F1564C9A53,,,,,structural_only,inherits_parent,,,Embedded source component; inherit the parent disposition.
tohoku:equation:5.5.6,209,equation,tohoku:section:5.5,209,209,sem/r18/nodes.csv:520,8D632A04EE0FA987B40B721BEE6E64BB3E641D6A1CE02335556213F1564C9A53,,,,,structural_only,inherits_parent,,,Embedded source component; inherit the parent disposition.
tohoku:equation:5.5.7,209,equation,tohoku:section:5.5,209,209,sem/r18/nodes.csv:521,8D632A04EE0FA987B40B721BEE6E64BB3E641D6A1CE02335556213F1564C9A53,,,,,structural_only,inherits_parent,,,Embedded source component; inherit the parent disposition.
tohoku:equation:5.5.9,210,equation,tohoku:section:5.5,210,210,sem/r18/nodes.csv:522,8D632A04EE0FA987B40B721BEE6E64BB3E641D6A1CE02335556213F1564C9A53,,,,,structural_only,inherits_parent,,,Embedded source component; inherit the parent disposition.
tohoku:equation:5.6.1,214,equation,tohoku:section:5.6,214,214,sem/r18/nodes.csv:523,8D632A04EE0FA987B40B721BEE6E64BB3E641D6A1CE02335556213F1564C9A53,,,,,structural_only,inherits_parent,,,Embedded source component; inherit the parent disposition.
tohoku:equation:5.6.10,215,equation,tohoku:section:5.6,215,215,sem/r18/nodes.csv:524,8D632A04EE0FA987B40B721BEE6E64BB3E641D6A1CE02335556213F1564C9A53,ext,cohomology-section-ext;derived-section-ext,06XP;0BQP,,structural_only,inherits_parent,,,Embedded source component; inherit the parent disposition.
tohoku:equation:5.6.11,217,equation,tohoku:section:5.6,217,217,sem/r18/nodes.csv:525,8D632A04EE0FA987B40B721BEE6E64BB3E641D6A1CE02335556213F1564C9A53,ext,cohomology-section-ext;derived-section-ext,06XP;0BQP,,structural_only,inherits_parent,,,Embedded source component; inherit the parent disposition.
tohoku:equation:5.6.11-bis,218,equation,tohoku:section:5.6,218,218,sem/r18/nodes.csv:526,8D632A04EE0FA987B40B721BEE6E64BB3E641D6A1CE02335556213F1564C9A53,ext,cohomology-section-ext;derived-section-ext,06XP;0BQP,,structural_only,inherits_parent,,,Embedded source component; inherit the parent disposition.
tohoku:equation:5.6.11-ter,218,equation,tohoku:section:5.6,218,218,sem/r18/nodes.csv:527,8D632A04EE0FA987B40B721BEE6E64BB3E641D6A1CE02335556213F1564C9A53,ext,cohomology-section-ext;derived-section-ext,06XP;0BQP,,structural_only,inherits_parent,,,Embedded source component; inherit the parent disposition.
tohoku:equation:5.6.12,218,equation,tohoku:section:5.6,218,218,sem/r18/nodes.csv:528,8D632A04EE0FA987B40B721BEE6E64BB3E641D6A1CE02335556213F1564C9A53,ext,cohomology-section-ext;derived-section-ext,06XP;0BQP,,structural_only,inherits_parent,,,Embedded source component; inherit the parent disposition.
tohoku:equation:5.6.14,218,equation,tohoku:section:5.6,218,218,sem/r18/nodes.csv:529,8D632A04EE0FA987B40B721BEE6E64BB3E641D6A1CE02335556213F1564C9A53,ext,cohomology-section-ext;derived-section-ext,06XP;0BQP,,structural_only,inherits_parent,,,Embedded source component; inherit the parent disposition.
tohoku:equation:5.6.2,214,equation,tohoku:section:5.6,214,214,sem/r18/nodes.csv:530,8D632A04EE0FA987B40B721BEE6E64BB3E641D6A1CE02335556213F1564C9A53,,,,,structural_only,inherits_parent,,,Embedded source component; inherit the parent disposition.
tohoku:equation:5.6.3,214,equation,tohoku:section:5.6,214,214,sem/r18/nodes.csv:531,8D632A04EE0FA987B40B721BEE6E64BB3E641D6A1CE02335556213F1564C9A53,,,,,structural_only,inherits_parent,,,Embedded source component; inherit the parent disposition.
tohoku:equation:5.6.4,214,equation,tohoku:section:5.6,214,214,sem/r18/nodes.csv:532,8D632A04EE0FA987B40B721BEE6E64BB3E641D6A1CE02335556213F1564C9A53,,,,,structural_only,inherits_parent,,,Embedded source component; inherit the parent disposition.
tohoku:equation:5.6.5,214,equation,tohoku:section:5.6,214,214,sem/r18/nodes.csv:533,8D632A04EE0FA987B40B721BEE6E64BB3E641D6A1CE02335556213F1564C9A53,,,,,structural_only,inherits_parent,,,Embedded source component; inherit the parent disposition.
tohoku:equation:5.6.5-bis,218,equation,tohoku:section:5.6,218,218,sem/r18/nodes.csv:534,8D632A04EE0FA987B40B721BEE6E64BB3E641D6A1CE02335556213F1564C9A53,,,,,structural_only,inherits_parent,,,Embedded source component; inherit the parent disposition.
tohoku:equation:5.6.5-ter,218,equation,tohoku:section:5.6,218,218,sem/r18/nodes.csv:535,8D632A04EE0FA987B40B721BEE6E64BB3E641D6A1CE02335556213F1564C9A53,,,,,structural_only,inherits_parent,,,Embedded source component; inherit the parent disposition.
tohoku:equation:5.6.6,214,equation,tohoku:section:5.6,214,214,sem/r18/nodes.csv:536,8D632A04EE0FA987B40B721BEE6E64BB3E641D6A1CE02335556213F1564C9A53,ext,cohomology-section-ext;derived-section-ext,06XP;0BQP,,structural_only,inherits_parent,,,Embedded source component; inherit the parent disposition.
tohoku:equation:5.6.7,214,equation,tohoku:section:5.6,214,214,sem/r18/nodes.csv:537,8D632A04EE0FA987B40B721BEE6E64BB3E641D6A1CE02335556213F1564C9A53,ext,cohomology-section-ext;derived-section-ext,06XP;0BQP,,structural_only,inherits_parent,,,Embedded source component; inherit the parent disposition.
tohoku:equation:5.6.8,214,equation,tohoku:section:5.6,214,214,sem/r18/nodes.csv:538,8D632A04EE0FA987B40B721BEE6E64BB3E641D6A1CE02335556213F1564C9A53,ext,cohomology-section-ext;derived-section-ext,06XP;0BQP,,structural_only,inherits_parent,,,Embedded source component; inherit the parent disposition.
tohoku:equation:5.6.9,214;215,equation,tohoku:section:5.6,214,215,sem/r18/nodes.csv:539,8D632A04EE0FA987B40B721BEE6E64BB3E641D6A1CE02335556213F1564C9A53,,,,,structural_only,inherits_parent,,,Embedded source component; inherit the parent disposition.
tohoku:equation:5.7.1,219,equation,tohoku:section:5.7,219,219,sem/r18/nodes.csv:540,8D632A04EE0FA987B40B721BEE6E64BB3E641D6A1CE02335556213F1564C9A53,,,,,structural_only,inherits_parent,,,Embedded source component; inherit the parent disposition.
tohoku:equation:5.7.2,219,equation,tohoku:section:5.7,219,219,sem/r18/nodes.csv:541,8D632A04EE0FA987B40B721BEE6E64BB3E641D6A1CE02335556213F1564C9A53,,,,,structural_only,inherits_parent,,,Embedded source component; inherit the parent disposition.
tohoku:equation:5.7.3,220,equation,tohoku:section:5.7,220,220,sem/r18/nodes.csv:542,8D632A04EE0FA987B40B721BEE6E64BB3E641D6A1CE02335556213F1564C9A53,,,,,structural_only,inherits_parent,,,Embedded source component; inherit the parent disposition.
tohoku:equation:5.7.4,220,equation,tohoku:section:5.7,220,220,sem/r18/nodes.csv:543,8D632A04EE0FA987B40B721BEE6E64BB3E641D6A1CE02335556213F1564C9A53,,,,,structural_only,inherits_parent,,,Embedded source component; inherit the parent disposition.
tohoku:equation:5.7.5,220,equation,tohoku:section:5.7,220,220,sem/r18/nodes.csv:544,8D632A04EE0FA987B40B721BEE6E64BB3E641D6A1CE02335556213F1564C9A53,,,,,structural_only,inherits_parent,,,Embedded source component; inherit the parent disposition.
tohoku:equation:5.7.6,220,equation,tohoku:section:5.7,220,220,sem/r18/nodes.csv:545,8D632A04EE0FA987B40B721BEE6E64BB3E641D6A1CE02335556213F1564C9A53,,,,,structural_only,inherits_parent,,,Embedded source component; inherit the parent disposition.
tohoku:equation:5.7.7,220,equation,tohoku:section:5.7,220,220,sem/r18/nodes.csv:546,8D632A04EE0FA987B40B721BEE6E64BB3E641D6A1CE02335556213F1564C9A53,,,,,structural_only,inherits_parent,,,Embedded source component; inherit the parent disposition.
tohoku:equation:5.7.7-bis,220,equation,tohoku:section:5.7,220,220,sem/r18/nodes.csv:547,8D632A04EE0FA987B40B721BEE6E64BB3E641D6A1CE02335556213F1564C9A53,,,,,structural_only,inherits_parent,,,Embedded source component; inherit the parent disposition.
tohoku:equation:cech-h1-identification,213,equation,tohoku:section:5.5,213,213,sem/r18/nodes.csv:548,8D632A04EE0FA987B40B721BEE6E64BB3E641D6A1CE02335556213F1564C9A53,cech,cohomology-section-cech;cohomology-section-cech-cohomology-cohomology,01ED;01EO,,structural_only,inherits_parent,,,Embedded source component; inherit the parent disposition.
tohoku:equation:coinduced-action-intertwiner,216,equation,tohoku:section:5.6,216,216,sem/r18/nodes.csv:549,8D632A04EE0FA987B40B721BEE6E64BB3E641D6A1CE02335556213F1564C9A53,,,,,structural_only,inherits_parent,,,Embedded source component; inherit the parent disposition.
tohoku:equation:coinduced-u-actions,216,equation,tohoku:section:5.6,216,216,sem/r18/nodes.csv:550,8D632A04EE0FA987B40B721BEE6E64BB3E641D6A1CE02335556213F1564C9A53,,,,,structural_only,inherits_parent,,,Embedded source component; inherit the parent disposition.
tohoku:equation:coinduced-u-embedding,216,equation,tohoku:section:5.6,216,216,sem/r18/nodes.csv:551,8D632A04EE0FA987B40B721BEE6E64BB3E641D6A1CE02335556213F1564C9A53,,,,,structural_only,inherits_parent,,,Embedded source component; inherit the parent disposition.
tohoku:equation:equivariant-hom-cohomology-vanishing,215,equation,tohoku:section:5.6,215,215,sem/r18/nodes.csv:552,8D632A04EE0FA987B40B721BEE6E64BB3E641D6A1CE02335556213F1564C9A53,,,,,structural_only,inherits_parent,,,Embedded source component; inherit the parent disposition.
tohoku:equation:fixed-point-free-g-covering-cohomology,210,equation,tohoku:section:5.5,210,210,sem/r18/nodes.csv:553,8D632A04EE0FA987B40B721BEE6E64BB3E641D6A1CE02335556213F1564C9A53,cech,cohomology-section-cech;cohomology-section-cech-cohomology-cohomology,01ED;01EO,,structural_only,inherits_parent,,,Embedded source component; inherit the parent disposition.
tohoku:equation:fixed-point-free-refinement-map,211,equation,tohoku:section:5.5,211,211,sem/r18/nodes.csv:554,8D632A04EE0FA987B40B721BEE6E64BB3E641D6A1CE02335556213F1564C9A53,,,,,structural_only,inherits_parent,,,Embedded source component; inherit the parent disposition.
tohoku:equation:global-hom-product,215,equation,tohoku:section:5.6,215,215,sem/r18/nodes.csv:555,8D632A04EE0FA987B40B721BEE6E64BB3E641D6A1CE02335556213F1564C9A53,derived-functor;spectral-sequence,cohomology-section-derived-functors;derived-section-right-derived-functor;homology-section-spectral-sequence,011M;0156;0716,,structural_only,inherits_parent,,,Embedded source component; inherit the parent disposition.
tohoku:equation:holomorphic-equivariant-ext-h1,219,equation,tohoku:section:5.6,219,219,sem/r18/nodes.csv:556,8D632A04EE0FA987B40B721BEE6E64BB3E641D6A1CE02335556213F1564C9A53,ext,cohomology-section-ext;derived-section-ext,06XP;0BQP,,structural_only,inherits_parent,,,Embedded source component; inherit the parent disposition.
tohoku:equation:hom-coinduction-isomorphism,216,equation,tohoku:section:5.6,216,216,sem/r18/nodes.csv:557,8D632A04EE0FA987B40B721BEE6E64BB3E641D6A1CE02335556213F1564C9A53,,,,,structural_only,inherits_parent,,,Embedded source component; inherit the parent disposition.
tohoku:equation:ii-a-u-initial-term,220,equation,tohoku:section:5.7,220,220,sem/r18/nodes.csv:558,8D632A04EE0FA987B40B721BEE6E64BB3E641D6A1CE02335556213F1564C9A53,,,,,structural_only,inherits_parent,,,Embedded source component; inherit the parent disposition.
tohoku:equation:product-stalk-invariants,215,equation,tohoku:section:5.6,215,215,sem/r18/nodes.csv:559,8D632A04EE0FA987B40B721BEE6E64BB3E641D6A1CE02335556213F1564C9A53,derived-functor,cohomology-section-derived-functors;derived-section-right-derived-functor,0156;0716,,structural_only,inherits_parent,,,Embedded source component; inherit the parent disposition.
tohoku:equation:single-orbit-cochain-domain,210,equation,tohoku:section:5.5,210,210,sem/r18/nodes.csv:560,8D632A04EE0FA987B40B721BEE6E64BB3E641D6A1CE02335556213F1564C9A53,,,,,structural_only,inherits_parent,,,Embedded source component; inherit the parent disposition.
tohoku:equivalence:equivariant-holomorphic-bundles,219,equivalence,tohoku:section:5.6,219,219,sem/r18/nodes.csv:561,8D632A04EE0FA987B40B721BEE6E64BB3E641D6A1CE02335556213F1564C9A53,,,,D001044,existing_equivalent,integrated_source_stacks_and_independent_review,cohomology-lemma-equivariant-holomorphic-vector-bundles-locally-free-modules,,"The analytic vector-bundle/locally-free-module equivalence and its equivariant restriction are now proved in Stacks. Compatible holomorphic fibrewise-linear G-actions correspond exactly to semilinear G-O_X-module structures on locally free analytic modules, with full faithfulness and essential surjectivity. The adjacent nonequivariant source unit D000615, extension classification, H^1, quotient descent, compactness, finite dimensionality, and GAGA are not mapped here."
tohoku:equivalence:holomorphic-bundles-locally-free-sheaves,219,equivalence,tohoku:section:5.6,219,219,sem/r18/nodes.csv:562,8D632A04EE0FA987B40B721BEE6E64BB3E641D6A1CE02335556213F1564C9A53,,,,D001045,existing_equivalent,integrated_source_stacks_and_independent_review,cohomology-lemma-holomorphic-vector-bundles-locally-free-analytic-modules,,"Stacks now proves the natural equivalence between rank-n holomorphic vector bundles and analytic O_X-modules locally isomorphic to O_X^n, proves that these modules are coherent, and identifies the inverse bundle fibre as L_x tensor_{O_{X,x}} C through the residue or evaluation map. Equivariance, extension classification and H^1, quotient descent, compactness, finite dimensionality, and GAGA are separate units and are not mapped here."
tohoku:example:1.7:a,131,example,tohoku:section:1.7,131,131,sem/r18/nodes.csv:563,5A8E5720BC2EF8905BF85F7919C65AC4A87A31CFC854BD77E6B5084C0D2DEBEF,,,,D000702,example_or_remark,integrated_source_stacks_and_independent_review,homology-examples-additive-diagrams-relations,,"The integrated examples identify the one-vertex no-arrow relation ne=0 with the full subcategory of objects annihilated by n, exactly as in the source."
tohoku:example:1.7:b:p1,131,example,tohoku:section:1.7,131,131,sem/r18/nodes.csv:564,5A8E5720BC2EF8905BF85F7919C65AC4A87A31CFC854BD77E6B5084C0D2DEBEF,,,,D000703,example_or_remark,integrated_source_stacks_and_independent_review,categories-definition-product-category;homology-examples-additive-diagrams-relations,001K,"The integrated examples identify a vertex set with no arrows or relations with the set-indexed product category, while the existing Categories definition supplies the binary product-category convention."
tohoku:example:1.7:b:p2,132,example,tohoku:section:1.7,132,132,sem/r18/nodes.csv:565,5A8E5720BC2EF8905BF85F7919C65AC4A87A31CFC854BD77E6B5084C0D2DEBEF,,,,D000704,example_or_remark,integrated_source_stacks_and_independent_review,homology-examples-additive-diagrams-relations,,The product-category example together with the one-vertex annihilator example gives the source's product of integer-annihilator relation-diagram categories.
tohoku:example:1.7:c,132,example,tohoku:section:1.7,132,132,sem/r18/nodes.csv:566,5A8E5720BC2EF8905BF85F7919C65AC4A87A31CFC854BD77E6B5084C0D2DEBEF,,,,D000705,example_or_remark,integrated_source_stacks_and_independent_review,homology-examples-additive-diagrams-relations,,The integrated examples identify the two-vertex one-arrow scheme with the category of morphisms in the value category; additive annihilation relations are covered by the general definition.
tohoku:example:1.7:d,132,example,tohoku:section:1.7,132,132,sem/r18/nodes.csv:567,5A8E5720BC2EF8905BF85F7919C65AC4A87A31CFC854BD77E6B5084C0D2DEBEF,,,,D000706,existing_equivalent,integrated_source_stacks_and_independent_review,categories-definition-functor;categories-definition-transformation-functors;homology-examples-additive-diagrams-relations,001B;001I,"Stacks now explicitly obtains functor categories from object and morphism graphs with identity and composition relations, identifies diagram morphisms with natural transformations, and obtains additive functors by imposing additivity relations."
tohoku:example:1.7:e,132,example,tohoku:section:1.7,132,132,sem/r18/nodes.csv:568,5A8E5720BC2EF8905BF85F7919C65AC4A87A31CFC854BD77E6B5084C0D2DEBEF,,,,D000707,existing_equivalent,integrated_source_stacks_and_independent_review,homology-section-complexes;homology-lemma-cat-chain-abelian;homology-examples-additive-diagrams-relations,010V;010Y,"The integrated examples present chain complexes as representations of the integer graph with square-zero consecutive arrows, while the existing Complexes section develops the resulting category and proves pointwise abelian structure."
tohoku:example:1.7:f,132,example,tohoku:section:1.7,132,132,sem/r18/nodes.csv:569,5A8E5720BC2EF8905BF85F7919C65AC4A87A31CFC854BD77E6B5084C0D2DEBEF,,,,D000708,example_or_remark,integrated_source_stacks_and_independent_review,homology-examples-additive-diagrams-relations,,The integrated examples identify one-vertex diagrams with arrows indexed by a group and multiplication and identity relations with objects carrying a group action.
tohoku:example:1.7:g,132,example,tohoku:section:1.7,132,132,sem/r18/nodes.csv:570,5A8E5720BC2EF8905BF85F7919C65AC4A87A31CFC854BD77E6B5084C0D2DEBEF,additive,homology-section-additive-categories,09SE,D000709,example_or_remark,integrated_source_stacks_and_independent_review,homology-examples-additive-diagrams-relations,,The integrated examples use additive path relations to identify one-vertex diagrams associated to a unital ring B with objects A carrying a unital ring map B to the endomorphism ring of A.
tohoku:example:1.7:h:p1,132,example,tohoku:section:1.7,132,132,sem/r18/nodes.csv:571,5A8E5720BC2EF8905BF85F7919C65AC4A87A31CFC854BD77E6B5084C0D2DEBEF,,,,D000710,existing_equivalent,integrated_source_stacks_and_independent_review,categories-definition-system-over-poset;homology-examples-additive-diagrams-relations,0030,"Stacks now explicitly recovers systems over a preordered set from the corresponding vertex and arrow graph with identity and composition relations, agreeing with the existing system-over-a-poset definition."
tohoku:example:1.7:h:p2,133,example,tohoku:section:1.7,133,133,sem/r18/nodes.csv:572,5A8E5720BC2EF8905BF85F7919C65AC4A87A31CFC854BD77E6B5084C0D2DEBEF,,,,D000711,existing_equivalent,integrated_source_stacks_and_independent_review,categories-definition-system-over-poset;categories-definition-presheaf;homology-examples-additive-diagrams-relations,0030;02X6,"The integrated examples recover inverse systems by arrow reversal and presheaves by applying the construction to open subsets ordered by reverse inclusion, matching the existing Stacks definitions."
tohoku:example:2.5:hom-projective-resolution,150,example,tohoku:section:2.5,150,150,sem/r18/nodes.csv:573,5A8E5720BC2EF8905BF85F7919C65AC4A87A31CFC854BD77E6B5084C0D2DEBEF,,,,D000178,example_or_remark,reviewed_example_or_remark,derived-lemma-compute-ext-resolutions,06XR,"Stacks proves a projective resolution computes Ext through Hom(P,-), matching the mathematical outcome; it does not call Hom(P,-) a Tohoku resolving functor."
tohoku:example:2.5:identity-resolution,150,example,tohoku:section:2.5,150,150,sem/r18/nodes.csv:574,5A8E5720BC2EF8905BF85F7919C65AC4A87A31CFC854BD77E6B5084C0D2DEBEF,,,,D000179,example_or_remark,reviewed_example_or_remark,derived-lemma-functorial-injective-resolutions,0141,"Both recursively build functorial resolutions from embeddings, but Stacks assumes functorial injective embeddings and resolves bounded-below complexes; Tohoku assumes an exact C^0 and defines an objectwise resolution of identity."
tohoku:example:bicomplex-spectral-sequences,146,example,tohoku:section:2.4,146,146,sem/r18/nodes.csv:575,5A8E5720BC2EF8905BF85F7919C65AC4A87A31CFC854BD77E6B5084C0D2DEBEF,,,,D000180,example_or_remark,reviewed_example_or_remark,homology-definition-double-complex;homology-lemma-ss-double-complex;homology-lemma-first-quadrant-ss,012Y;0130;0132,"The commuting-square convention, sign-twisted total differential, two spectral sequences, E2 pages, and finite-diagonal convergence match the local treatment."
tohoku:example:cech-H2-comparison-failure:p1,177,example,tohoku:section:3.8,177,177,sem/r18/nodes.csv:576,5A8E5720BC2EF8905BF85F7919C65AC4A87A31CFC854BD77E6B5084C0D2DEBEF,cech,cohomology-section-cech;cohomology-section-cech-cohomology-cohomology,01ED;01EO,D000408,example_or_remark,reviewed_example_or_remark,,,The announced failure of surjectivity in degree two belongs to a source-specific example absent from the local Stacks TeX.
tohoku:example:cech-H2-counterexample-construction,178,example,tohoku:section:3.8,178,178,sem/r18/nodes.csv:577,5A8E5720BC2EF8905BF85F7919C65AC4A87A31CFC854BD77E6B5084C0D2DEBEF,cech,cohomology-section-cech;cohomology-section-cech-cohomology-cohomology,01ED;01EO,D000409,example_or_remark,reviewed_example_or_remark,,,The irreducible space with two irreducible closed subsets meeting in two points is the source's bespoke counterexample and has no labelled Stacks counterpart.
tohoku:example:constant-direct-image,199,example,tohoku:section:5.1,199,199,sem/r18/nodes.csv:578,8D632A04EE0FA987B40B721BEE6E64BB3E641D6A1CE02335556213F1564C9A53,,,,D000866,example_or_remark,integrated_source_stacks_and_independent_review,sheaves-example-invariant-direct-image-constant,,"Stacks now proves that the invariant direct image of a constant sheaf with trivial fibre action is the same constant sheaf on X/G, and gives an explicit reflection example in which a nontrivial fibre action and a fixed point produce a non-locally-constant invariant direct image."
tohoku:example:constant-sheaf-hlc,193,example,tohoku:section:4.3,193,193,sem/r18/nodes.csv:579,8D632A04EE0FA987B40B721BEE6E64BB3E641D6A1CE02335556213F1564C9A53,spectral-sequence,homology-section-spectral-sequence,011M,D000504,example_or_remark,reviewed_example_or_remark,,,The HLC constant-sheaf case is an example illustrating the preceding transfer criterion rather than a standalone Stacks target.
tohoku:example:ext-bifunctor,144,example,tohoku:section:2.3,144,144,sem/r18/nodes.csv:580,5A8E5720BC2EF8905BF85F7919C65AC4A87A31CFC854BD77E6B5084C0D2DEBEF,abelian;ext;injectives,cohomology-section-ext;derived-section-ext;derived-section-injective-resolutions;homology-section-abelian-categories;homology-section-injectives,00ZX;0134;013G;06XP;0BQP,D000181,example_or_remark,reviewed_example_or_remark,derived-definition-ext;derived-lemma-compute-ext-resolutions;derived-lemma-ext-1;derived-lemma-representable-homological;derived-lemma-negative-exts,06XQ;06XR;06XV;0149;06XS,"Stacks defines Ext in both variables, proves representables are homological, gives both long exact sequences, computes Ext by injective or projective resolutions, identifies Ext^1 with extension classes, and records negative Ext vanishing; its derived-category definition needs neither enough injectives nor projectives."
tohoku:example:five-term-comparison,203,example,tohoku:section:5.2,203,203,sem/r18/nodes.csv:581,8D632A04EE0FA987B40B721BEE6E64BB3E641D6A1CE02335556213F1564C9A53,,,,D000885,example_or_remark,integrated_source_stacks_and_independent_review,cohomology-example-orbit-space-equivariant-five-term-comparison,,"Stacks now specializes the common-middle comparison to the two equivariant quotient five-term sequences, identifies the maps u and u', and obtains the source's kernel and image descriptions for the two mixed edge maps."
tohoku:example:g-sheaves,195,example,tohoku:section:5.1,195,195,sem/r18/nodes.csv:582,8D632A04EE0FA987B40B721BEE6E64BB3E641D6A1CE02335556213F1564C9A53,,,,D000506,example_or_remark,reviewed_example_or_remark,,,The listed naturally equivariant sheaves are illustrative examples and do not assert a distinct theorem.
tohoku:example:germ-function-direct-images,199,example,tohoku:section:5.1,199,199,sem/r18/nodes.csv:583,8D632A04EE0FA987B40B721BEE6E64BB3E641D6A1CE02335556213F1564C9A53,,,,D000507,example_or_remark,reviewed_example_or_remark,,,The identification for sheaves of germs of functions under condition (D) is an application example with no exact labelled Stacks match.
tohoku:example:holomorphic-equivariant-sheaves,219,example,tohoku:section:5.6,219,219,sem/r18/nodes.csv:584,8D632A04EE0FA987B40B721BEE6E64BB3E641D6A1CE02335556213F1564C9A53,,,,D000616,example_or_remark,reviewed_example_or_remark,groupoids-definition-equivariant-module,03LF,The example instantiates the source's G-ringed-space formalism on a holomorphic space. The local algebraic equivariant-module definition is related but not an exact analytic example.
tohoku:example:irreducible-constant-sheaves,160,example,tohoku:section:3.3,160,160,sem/r18/nodes.csv:585,5A8E5720BC2EF8905BF85F7919C65AC4A87A31CFC854BD77E6B5084C0D2DEBEF,,,,D000276,example_or_remark,reviewed_example_or_remark,sheaves-definition-constant-sheaf,006W,"The source example proves that constant sheaves on irreducible spaces are flabby and discusses a converse. The directly matching Stacks lemma is untagged, so only the verified tagged constant-sheaf definition is recorded."
tohoku:example:noetherian-quotient,193,example,tohoku:section:4.3,193,193,sem/r18/nodes.csv:586,8D632A04EE0FA987B40B721BEE6E64BB3E641D6A1CE02335556213F1564C9A53,,,,D000508,example_or_remark,reviewed_example_or_remark,more-algebra-lemma-pseudo-coherence-colimit-ext,0G8W,This noetherian-quotient case illustrates when direct limits commute with Ext; Stacks has the related pseudo-coherent colimit theorem but not this worked sheaf example.
tohoku:example:projective-bundle-vector-lift,165,example,tohoku:section:3.4,165,165,sem/r18/nodes.csv:587,5A8E5720BC2EF8905BF85F7919C65AC4A87A31CFC854BD77E6B5084C0D2DEBEF,,,,D000277,example_or_remark,reviewed_example_or_remark,,,This is a specialized projective-bundle lifting application over a nonsingular complex projective variety; no directly verified tagged Stacks example matches it.
tohoku:example:sheaf-ext,144,example,tohoku:section:2.3,144,144,sem/r18/nodes.csv:588,5A8E5720BC2EF8905BF85F7919C65AC4A87A31CFC854BD77E6B5084C0D2DEBEF,abelian;ext;injectives,cohomology-section-ext;derived-section-ext;derived-section-injective-resolutions;homology-section-abelian-categories;homology-section-injectives,00ZX;0134;013G;06XP;0BQP,D000182,example_or_remark,reviewed_example_or_remark,injectives-theorem-sheaves-modules-injectives;derived-definition-ext,01DU;06XQ,"Stacks proves that sheaves of modules on a ringed site have functorial injective embeddings and defines Ext. The corrected Tohoku layer qualifies the projective statement as a possible failure in general; this is a valid contextual example, but the qualified claim has no local tagged counterpart."
tohoku:example:theorem-4.2.2-stalk-failure,193,example,tohoku:section:4.3,193,193,sem/r18/nodes.csv:589,8D632A04EE0FA987B40B721BEE6E64BB3E641D6A1CE02335556213F1564C9A53,ext,cohomology-section-ext;derived-section-ext,06XP;0BQP,D000509,example_or_remark,reviewed_example_or_remark,,,This group-algebra counterexample illustrates failure without finiteness; no officially tagged Stacks result records this particular counterexample.
tohoku:finiteness:compact-quotient-extension-classes,219,finiteness,tohoku:section:5.6,219,219,sem/r18/nodes.csv:590,8D632A04EE0FA987B40B721BEE6E64BB3E641D6A1CE02335556213F1564C9A53,ext;spectral-sequence,cohomology-section-ext;derived-section-ext;homology-section-spectral-sequence,011M;06XP;0BQP,D001046,existing_equivalent,integrated_source_stacks_and_independent_review,cohomology-lemma-compact-analytic-quotient-equivariant-ext-finite-dimensional,,"Stacks now proves finite-dimensional cohomology for coherent analytic sheaves on compact complex analytic spaces and coherence of ordinary analytic sheaf Ext in every degree. For a discontinuous analytic action with compact quotient, finite stabilizer cohomology collapses equivariant sheaf Ext to coherent invariant direct image, and spectral sequence I makes every Ext^n_{O,G}(X;A,B) finite-dimensional. The analytic bundle/module equivalence and finite-locally-free extension-class lemma then identify equivariant holomorphic bundle extensions of E by F with the corresponding finite-dimensional Ext^1 and H^1(Y,q_*^G O(E^vee tensor F)). The following algebraic analogue, noncompact cases, global properness of q, Ext vanishing, moduli, algebraization, and GAGA are excluded."
tohoku:footnote:10,199,footnote,tohoku:section:5.2,199,199,sem/r18/nodes.csv:591,8D632A04EE0FA987B40B721BEE6E64BB3E641D6A1CE02335556213F1564C9A53,,,,,structural_only,inherits_parent,,,Embedded source component; inherit the parent disposition.
tohoku:footnote:11,217,footnote,tohoku:section:5.6,217,217,sem/r18/nodes.csv:592,8D632A04EE0FA987B40B721BEE6E64BB3E641D6A1CE02335556213F1564C9A53,ext;spectral-sequence,cohomology-section-ext;derived-section-ext;homology-section-spectral-sequence,011M;06XP;0BQP,,structural_only,inherits_parent,,,Embedded source component; inherit the parent disposition.
tohoku:footnote:12,218,footnote,tohoku:section:5.6,218,218,sem/r18/nodes.csv:593,8D632A04EE0FA987B40B721BEE6E64BB3E641D6A1CE02335556213F1564C9A53,ext;spectral-sequence,cohomology-section-ext;derived-section-ext;homology-section-spectral-sequence,011M;06XP;0BQP,,structural_only,inherits_parent,,,Embedded source component; inherit the parent disposition.
tohoku:footnote:2,135,footnote,tohoku:section:1.10,135,135,sem/r18/nodes.csv:594,5A8E5720BC2EF8905BF85F7919C65AC4A87A31CFC854BD77E6B5084C0D2DEBEF,,,,D000053,structural_only,reviewed_structural,,,"The footnote correctly checks that ordered-index inductive systems satisfy the printed syntactic hypotheses, but those hypotheses do not rescue the false generator conclusion of Proposition 1.9.2."
tohoku:footnote:2bis,142,footnote,tohoku:section:2.2,142,142,sem/r18/nodes.csv:595,5A8E5720BC2EF8905BF85F7919C65AC4A87A31CFC854BD77E6B5084C0D2DEBEF,injectives,derived-section-injective-resolutions;homology-section-injectives,0134;013G,D000995,existing_equivalent,integrated_source_stacks_and_independent_review,homology-lemma-half-exact-nested-subobjects-enough-injectives,,"Under the proof-stage footnote's enough-injectives hypothesis, and retaining the theorem's separate half-exactness requirement on F, Stacks proves that for every P subset Q subset R the kernel of F(Q/P) to F(R/P) is contained in the image of F(Q) to F(Q/P). Thus the universal nonnegative right-satellite system is exact exactly when F is half-exact. No left/right exactness, arbitrary-F exactness, derived-functor identification, negative satellites, or all-degree assertion is substituted."
tohoku:footnote:8,160;167,footnote,tohoku:section:3.4,160,167,sem/r18/nodes.csv:596,5A8E5720BC2EF8905BF85F7919C65AC4A87A31CFC854BD77E6B5084C0D2DEBEF,,,,,structural_only,inherits_parent,,,Embedded source component; inherit the parent disposition.
tohoku:footnote:9,196,footnote,tohoku:section:5.1,196,196,sem/r18/nodes.csv:597,8D632A04EE0FA987B40B721BEE6E64BB3E641D6A1CE02335556213F1564C9A53,,,,,structural_only,inherits_parent,,,Embedded source component; inherit the parent disposition.
tohoku:formula:bilinear-equivariant-cohomology,195,formula,tohoku:section:4.4,195,195,sem/r18/nodes.csv:598,8D632A04EE0FA987B40B721BEE6E64BB3E641D6A1CE02335556213F1564C9A53,,,,,structural_only,inherits_parent,,,Embedded source component; inherit the parent disposition.
tohoku:formula:constant-sheaf-ext-presheaf,193,formula,tohoku:section:4.3,193,193,sem/r18/nodes.csv:599,8D632A04EE0FA987B40B721BEE6E64BB3E641D6A1CE02335556213F1564C9A53,ext,cohomology-section-ext;derived-section-ext,06XP;0BQP,,structural_only,inherits_parent,,,Embedded source component; inherit the parent disposition.
tohoku:formula:first-relative-k-initial-term,192,formula,tohoku:section:4.3,192,192,sem/r18/nodes.csv:600,8D632A04EE0FA987B40B721BEE6E64BB3E641D6A1CE02335556213F1564C9A53,ext;spectral-sequence,cohomology-section-ext;derived-section-ext;homology-section-spectral-sequence,011M;06XP;0BQP,,structural_only,inherits_parent,,,Embedded source component; inherit the parent disposition.
tohoku:formula:second-relative-k-initial-term,192,formula,tohoku:section:4.3,192,192,sem/r18/nodes.csv:601,8D632A04EE0FA987B40B721BEE6E64BB3E641D6A1CE02335556213F1564C9A53,ext,cohomology-section-ext;derived-section-ext,06XP;0BQP,,structural_only,inherits_parent,,,Embedded source component; inherit the parent disposition.
tohoku:formula:stalk-ext-filtered-colimit,193,formula,tohoku:section:4.3,193,193,sem/r18/nodes.csv:602,8D632A04EE0FA987B40B721BEE6E64BB3E641D6A1CE02335556213F1564C9A53,ext;limits,categories-section-directed-colimits;categories-section-limits;cohomology-section-ext;cohomology-section-limits;derived-section-ext,002D;01FE;04AX;06XP;0BQP,,structural_only,inherits_parent,,,Embedded source component; inherit the parent disposition.
tohoku:formula:stalk-spectral-ii-initial-term,193,formula,tohoku:section:4.3,193,193,sem/r18/nodes.csv:603,8D632A04EE0FA987B40B721BEE6E64BB3E641D6A1CE02335556213F1564C9A53,ext,cohomology-section-ext;derived-section-ext,06XP;0BQP,,structural_only,inherits_parent,,,Embedded source component; inherit the parent disposition.
tohoku:formula:stalk-spectral-iii-initial-term,193,formula,tohoku:section:4.3,193,193,sem/r18/nodes.csv:604,8D632A04EE0FA987B40B721BEE6E64BB3E641D6A1CE02335556213F1564C9A53,ext;spectral-sequence,cohomology-section-ext;derived-section-ext;homology-section-spectral-sequence,011M;06XP;0BQP,,structural_only,inherits_parent,,,Embedded source component; inherit the parent disposition.
tohoku:formula:third-spectral-initial-term,201,formula,tohoku:section:5.2,201,201,sem/r18/nodes.csv:605,8D632A04EE0FA987B40B721BEE6E64BB3E641D6A1CE02335556213F1564C9A53,,,,,structural_only,inherits_parent,,,Embedded source component; inherit the parent disposition.
tohoku:functor:relative-direct-image-left-exact,172,functor,tohoku:section:3.7,172,172,sem/r18/nodes.csv:606,5A8E5720BC2EF8905BF85F7919C65AC4A87A31CFC854BD77E6B5084C0D2DEBEF,exact-functor,categories-section-exact-functor,0033,D000812,existing_equivalent,integrated_source_stacks_and_independent_review,cohomology-lemma-relative-direct-image-family-supports,,"Stacks now proves that f_Psi is additive and left exact and gives the functorial factorization Gamma_{Psi'}=Gamma_Phi composed with f_Psi, exactly as in the source."
tohoku:goal:counterexample-cech-H1-is-Z,178,goal,tohoku:section:3.8,178,178,sem/r18/nodes.csv:607,5A8E5720BC2EF8905BF85F7919C65AC4A87A31CFC854BD77E6B5084C0D2DEBEF,cech,cohomology-section-cech;cohomology-section-cech-cohomology-cohomology,01ED;01EO,D000411,structural_only,reviewed_structural,,,"This is the remaining proof goal inside the Cech H2 counterexample, not an independent theorem."
tohoku:interpretation:g-a-bundles,213,interpretation,tohoku:section:5.5,213,213,sem/r18/nodes.csv:608,8D632A04EE0FA987B40B721BEE6E64BB3E641D6A1CE02335556213F1564C9A53,,,,D000921,existing_equivalent,integrated_source_stacks_and_independent_review,cohomology-definition-equivariant-torsor;cohomology-definition-nonabelian-equivariant-cech-h1-cover;cohomology-lemma-nonabelian-equivariant-cech-refinements;cohomology-definition-nonabelian-equivariant-cech-h1;cohomology-lemma-nonabelian-equivariant-cech-h1-torsors,,"Stacks now defines G-equivariant A-torsors and nonabelian equivariant Cech H^1 as a pointed-set colimit over free G-coverings, proves canonical refinement maps and classification by isomorphism classes, and identifies the abelian specialization with both equivariant Cech and derived H^1. This is the precise mathematical content of the source's G-A-bundle interpretation; its broader observation about transporting Chapter V of [11] and its proposed noncommutative homological algebra remain programmatic historical remarks."
tohoku:introduction,119,introduction,tohoku:paper,119,119,sem/r18/nodes.csv:609,5A8E5720BC2EF8905BF85F7919C65AC4A87A31CFC854BD77E6B5084C0D2DEBEF,,,,D000278,structural_only,reviewed_structural,,,This node is the document-level Introduction heading and carries no mathematical assertion requiring a Stacks target.
tohoku:introduction:I,119,introduction,tohoku:introduction,119,119,sem/r18/nodes.csv:610,5A8E5720BC2EF8905BF85F7919C65AC4A87A31CFC854BD77E6B5084C0D2DEBEF,,,,D000279,structural_only,reviewed_structural,,,This is the heading for the contents survey; its paragraph units carry the substantive comparisons.
tohoku:introduction:I:p1,119,introduction,tohoku:introduction,119,119,sem/r18/nodes.csv:611,5A8E5720BC2EF8905BF85F7919C65AC4A87A31CFC854BD77E6B5084C0D2DEBEF,derived-functor,cohomology-section-derived-functors;derived-section-right-derived-functor,0156;0716,D000280,historical_reference,reviewed_historical,cohomology-section-derived-functors,0716,"The paragraph historically motivates the work by comparing sheaf cohomology with derived functors. The tagged section is a modern reference point, not a claim of textual equivalence."
tohoku:introduction:I:p2,119,introduction,tohoku:introduction,119,119,sem/r18/nodes.csv:612,5A8E5720BC2EF8905BF85F7919C65AC4A87A31CFC854BD77E6B5084C0D2DEBEF,abelian;injectives,derived-section-injective-resolutions;homology-section-abelian-categories;homology-section-injectives,00ZX;0134;013G,D000281,structural_only,reviewed_structural,injectives-section-grothendieck-conditions;injectives-section-grothendieck-categories,079A;05AB,The paragraph previews Chapter I's existence criteria for injectives and projectives. The tagged sections verify the modern structural setting rather than one matching theorem.
tohoku:introduction:I:p3,119,introduction,tohoku:introduction,119,119,sem/r18/nodes.csv:613,5A8E5720BC2EF8905BF85F7919C65AC4A87A31CFC854BD77E6B5084C0D2DEBEF,abelian,homology-section-abelian-categories,00ZX,D000282,structural_only,reviewed_structural,homology-section-abelian-categories,00ZX,This is a roadmap for the homological formalism of Chapter II; the tagged Stacks section is the directly verified topical anchor.
tohoku:introduction:I:p4,119,introduction,tohoku:introduction,119,119,sem/r18/nodes.csv:614,5A8E5720BC2EF8905BF85F7919C65AC4A87A31CFC854BD77E6B5084C0D2DEBEF,spectral-sequence,homology-section-spectral-sequence,011M,D000283,structural_only,reviewed_structural,cohomology-section-cohomology-sheaves;cohomology-section-Leray,01DZ;01EY,The paragraph surveys the Chapter III redevelopment of sheaf cohomology and Leray sequences without separation assumptions; the labels identify the corresponding Stacks domains.
tohoku:introduction:I:p4:cont:p120,120,introduction,tohoku:introduction,120,120,sem/r18/nodes.csv:615,5A8E5720BC2EF8905BF85F7919C65AC4A87A31CFC854BD77E6B5084C0D2DEBEF,,,,D000284,historical_reference,reviewed_historical,cohomology-section-flasque,09SV,"This continuation records historical motivation and credits for flabby and soft sheaves. The Stacks flasque section is contextual evidence, not a proposition-level match."
tohoku:introduction:I:p5,120,introduction,tohoku:introduction,120,120,sem/r18/nodes.csv:616,5A8E5720BC2EF8905BF85F7919C65AC4A87A31CFC854BD77E6B5084C0D2DEBEF,ext;spectral-sequence,cohomology-section-ext;derived-section-ext;homology-section-spectral-sequence,011M;06XP;0BQP,D000285,structural_only,reviewed_structural,cohomology-section-ext;cohomology-section-global-RHom,0BQP;0B6A,The paragraph is a roadmap to local and global Ext and their spectral sequence; the tagged sections cover the two constructions it announces.
tohoku:introduction:I:p6,120,introduction,tohoku:introduction,120,120,sem/r18/nodes.csv:617,5A8E5720BC2EF8905BF85F7919C65AC4A87A31CFC854BD77E6B5084C0D2DEBEF,,,,D000286,structural_only,reviewed_structural,,,The paragraph previews equivariant sheaf cohomology in Chapter V. No single tagged Stacks unit directly represents that programmatic summary.
tohoku:introduction:II,120,introduction,tohoku:introduction,120,120,sem/r18/nodes.csv:618,5A8E5720BC2EF8905BF85F7919C65AC4A87A31CFC854BD77E6B5084C0D2DEBEF,,,,D000287,structural_only,reviewed_structural,,,This is the Applications subheading; its child units contain the individual historical application claims.
tohoku:introduction:II:a,120,introduction,tohoku:introduction,120,120,sem/r18/nodes.csv:619,5A8E5720BC2EF8905BF85F7919C65AC4A87A31CFC854BD77E6B5084C0D2DEBEF,ext,cohomology-section-ext;derived-section-ext,06XP;0BQP,D000288,historical_reference,reviewed_historical,,,"The Serre-duality application is reported as contemporary motivation with historical citations, not proved here as a unit suitable for exact mapping."
tohoku:introduction:II:b,120,introduction,tohoku:introduction,120,120,sem/r18/nodes.csv:620,5A8E5720BC2EF8905BF85F7919C65AC4A87A31CFC854BD77E6B5084C0D2DEBEF,,,,D000289,historical_reference,reviewed_historical,,,"This is a prospective historical claim about applications to complete algebraic varieties, not a local theorem with a verified tagged counterpart."
tohoku:introduction:II:c,120,introduction,tohoku:introduction,120,120,sem/r18/nodes.csv:621,5A8E5720BC2EF8905BF85F7919C65AC4A87A31CFC854BD77E6B5084C0D2DEBEF,,,,D000290,historical_reference,reviewed_historical,,,The proposed role of equivariant cohomology in reduced Steenrod powers is speculative program history rather than a source theorem.
tohoku:introduction:II:p1,120,introduction,tohoku:introduction,120,120,sem/r18/nodes.csv:622,5A8E5720BC2EF8905BF85F7919C65AC4A87A31CFC854BD77E6B5084C0D2DEBEF,,,,D000291,structural_only,reviewed_structural,,,This transition announces that only a few applications will be mentioned; it contains no independently mappable mathematical statement.
tohoku:introduction:III,120,introduction,tohoku:introduction,120,120,sem/r18/nodes.csv:623,5A8E5720BC2EF8905BF85F7919C65AC4A87A31CFC854BD77E6B5084C0D2DEBEF,,,,D000292,structural_only,reviewed_structural,,,This is the Gaps subheading and has no standalone semantic content.
tohoku:introduction:III:p1,120;121,introduction,tohoku:introduction:III,120,121,sem/r18/nodes.csv:624,5A8E5720BC2EF8905BF85F7919C65AC4A87A31CFC854BD77E6B5084C0D2DEBEF,,,,D000293,historical_reference,reviewed_historical,,,The author records multiplicative structures as an unresolved and omitted part of the 1957 theory; that temporal assessment should remain historical rather than mapped as current mathematics.
tohoku:introduction:III:p2,121,introduction,tohoku:introduction:III,121,121,sem/r18/nodes.csv:625,5A8E5720BC2EF8905BF85F7919C65AC4A87A31CFC854BD77E6B5084C0D2DEBEF,,,,D000294,historical_reference,reviewed_historical,,,"The closing acknowledgement is bibliographic and historical metadata, not a mathematical mapping target."
tohoku:introduction:footnote:1,119,introduction,tohoku:introduction,119,119,sem/r18/nodes.csv:626,5A8E5720BC2EF8905BF85F7919C65AC4A87A31CFC854BD77E6B5084C0D2DEBEF,,,,D000295,historical_reference,reviewed_historical,,,The footnote dates the seminar origin of the work and explains the bibliography notation; it is purely provenance.
tohoku:introduction:footnote:1bis,120;121,introduction,tohoku:introduction:III:p1,120,121,sem/r18/nodes.csv:627,5A8E5720BC2EF8905BF85F7919C65AC4A87A31CFC854BD77E6B5084C0D2DEBEF,,,,D000296,structural_only,reviewed_structural,,,This brief cross-reference points readers to multiplication in cohomology but states no result and supplies no stable target of its own.
tohoku:lemma:1.10.1:1,136,lemma,tohoku:section:1.10,136,136,sem/r18/nodes.csv:628,5A8E5720BC2EF8905BF85F7919C65AC4A87A31CFC854BD77E6B5084C0D2DEBEF,grothendieck-category;injectives,derived-section-injective-resolutions;homology-section-injectives;injectives-section-grothendieck-categories;injectives-section-grothendieck-conditions,0134;013G;05AB;079A,D000054,existing_equivalent,reviewed_equivalent,injectives-lemma-characterize-injective,079G,Both state the generator-subobject lifting criterion for injectivity in an AB5/Grothendieck abelian category.
tohoku:lemma:1.10.1:1:proof,136,lemma,tohoku:section:1.10,136,136,sem/r18/nodes.csv:629,5A8E5720BC2EF8905BF85F7919C65AC4A87A31CFC854BD77E6B5084C0D2DEBEF,ext;grothendieck-category,cohomology-section-ext;derived-section-ext;injectives-section-grothendieck-categories;injectives-section-grothendieck-conditions,05AB;06XP;079A;0BQP,D000055,structural_only,reviewed_structural,injectives-lemma-characterize-injective,079G,"The local proof uses the same Zorn maximal-extension argument, generator map, pullback subobject, and AB5 union step, with modernized notation."
tohoku:lemma:3.3.1,158,lemma,tohoku:section:3.3,158,158,sem/r18/nodes.csv:630,5A8E5720BC2EF8905BF85F7919C65AC4A87A31CFC854BD77E6B5084C0D2DEBEF,abelian;injectives,derived-section-injective-resolutions;homology-section-abelian-categories;homology-section-injectives,00ZX;0134;013G,D000737,existing_equivalent,integrated_source_stacks_and_independent_review,derived-lemma-subcategory-right-acyclics-injectives,,"Under enough injectives, Stacks now states the source's exact three-condition criterion: closure under direct summands puts every injective object in the class, while the embedding and short-exact-sequence hypotheses make every class object right F-acyclic, equivalently its positive right derived functors vanish."
tohoku:lemma:3.6.4,170,lemma,tohoku:section:3.6,170,170,sem/r18/nodes.csv:631,5A8E5720BC2EF8905BF85F7919C65AC4A87A31CFC854BD77E6B5084C0D2DEBEF,limits,categories-section-directed-colimits;categories-section-limits;cohomology-section-limits,002D;01FE;04AX,D000803,existing_equivalent,integrated_source_stacks_and_independent_review,cohomology-lemma-colimit-soft-flasque,,"Stacks now proves both clauses of Lemma 3.6.4: directed colimits preserve Phi-softness for the compact-support family on a locally compact Hausdorff space, and preserve flasqueness on a Noetherian (Tohoku Zariski) space; Stacks terminology locally quasi-compact Hausdorff/quasi-compact is equivalent here to the source terminology locally compact/compact."
tohoku:lemma:3.7.1,172,lemma,tohoku:section:3.7,172,172,sem/r18/nodes.csv:632,5A8E5720BC2EF8905BF85F7919C65AC4A87A31CFC854BD77E6B5084C0D2DEBEF,,,,D000813,existing_equivalent,integrated_source_stacks_and_independent_review,cohomology-lemma-relative-direct-image-acyclic,,"Stacks now proves both clauses of Lemma 3.7.1: all-closed-support relative direct image preserves injectives, and relative direct image sends flasque sheaves to Phi-soft sheaves when Phi is paracompactifying."
tohoku:lemma:3.7.2,173,lemma,tohoku:section:3.7,173,173,sem/r18/nodes.csv:633,5A8E5720BC2EF8905BF85F7919C65AC4A87A31CFC854BD77E6B5084C0D2DEBEF,abelian;derived-functor;injectives,cohomology-section-derived-functors;derived-section-injective-resolutions;derived-section-right-derived-functor;homology-section-abelian-categories;homology-section-injectives,00ZX;0134;013G;0156;0716,D000807,existing_equivalent,integrated_source_stacks_and_independent_review,cohomology-lemma-derived-functor-sheafification,,"Stacks now proves Lemma 3.7.2 in full generality: for any additive functor T from an abelian category with enough injectives to abelian sheaves, R^iT(A) is the sheaf associated to the presheaf U mapping to R^i(Gamma(U,-) composed with T)(A), exactly as in the source."
tohoku:lemma:3.8.2,176,lemma,tohoku:section:3.8,176,176,sem/r18/nodes.csv:634,5A8E5720BC2EF8905BF85F7919C65AC4A87A31CFC854BD77E6B5084C0D2DEBEF,,,,D000415,existing_equivalent,reviewed_equivalent,cohomology-lemma-kill-cohomology-class-on-covering,01E3,The Stacks lemma says every positive-degree cohomology class dies on an open cover; taking the member containing x gives exactly the asserted smaller neighbourhood.
tohoku:lemma:4.1.1,186,lemma,tohoku:section:4.1,186,186,sem/r18/nodes.csv:635,8D632A04EE0FA987B40B721BEE6E64BB3E641D6A1CE02335556213F1564C9A53,,,,D000510,existing_equivalent,reviewed_equivalent,modules-lemma-coherent-abelian,01BY,Stacks' coherence result gives that a finite-type subsheaf of a coherent module is coherent; local finite generators lift the prescribed finitely generated stalk submodule exactly as in the lemma.
tohoku:lemma:4.3:gamma-injective,191,lemma,tohoku:section:4.3,191,191,sem/r18/nodes.csv:636,8D632A04EE0FA987B40B721BEE6E64BB3E641D6A1CE02335556213F1564C9A53,injectives,derived-section-injective-resolutions;homology-section-injectives,0134;013G,D000511,existing_equivalent,reviewed_equivalent,sites-modules-lemma-constant-exact;homology-lemma-adjoint-preserve-injectives,093J;015Z,"The exact constant-sheaf functor is left adjoint to global sections for a constant ring, so the Stacks adjoint criterion gives precisely that global sections preserve injectives."
tohoku:lemma:5.5.1,207,lemma,tohoku:section:5.5,207,207,sem/r18/nodes.csv:637,8D632A04EE0FA987B40B721BEE6E64BB3E641D6A1CE02335556213F1564C9A53,abelian;derived-functor;injectives,cohomology-section-derived-functors;derived-section-injective-resolutions;derived-section-right-derived-functor;homology-section-abelian-categories;homology-section-injectives,00ZX;0134;013G;0156;0716,D000895,existing_stronger,integrated_source_stacks_and_independent_review,derived-lemma-complex-valued-functor-spectral-sequence,,"Stacks proves a strengthened corrected form: G need only be additive provided F(I) is right G-acyclic in the strong sense, including G(F(I)) = R^0G(F(I)); this contains the source's intended left-exact case, while the printed omission of left exactness required by its cited Theorem 2.4.1 is invalid under its weaker positive-degree acyclicity condition. Stacks also makes the hypercohomological E_2 term precise and gives additive functoriality, convergence, and finite filtrations."
tohoku:lemma:5.5.2,207,lemma,tohoku:section:5.5,207,207,sem/r18/nodes.csv:638,8D632A04EE0FA987B40B721BEE6E64BB3E641D6A1CE02335556213F1564C9A53,,,,D000896,existing_stronger,integrated_source_stacks_and_independent_review,derived-lemma-hyperderived-composite-functor-spectral-sequence,,"Stacks proves a strengthened corrected form for arbitrary additive G under strong right acyclicity: it types R^qF(K) as the complex of termwise higher derived functors and gives E_2^(p,q) = H^p(RG((R^qF)(K))) converging functorially with finite filtrations to H^(p+q)(R(GF)(K)). This contains the source's intended left-exact case; the printed inheritance from Lemma 5.5.1 omits the hypothesis needed by Theorem 2.4.1 and is false for positive-degree acyclicity alone."
tohoku:lemma:5.5.5,212,lemma,tohoku:section:5.5,212,212,sem/r18/nodes.csv:639,8D632A04EE0FA987B40B721BEE6E64BB3E641D6A1CE02335556213F1564C9A53,,,,D000916,existing_equivalent,integrated_source_stacks_and_independent_review,cohomology-lemma-equivariant-cech-zero-associated-sheaf,,"Stacks now proves Lemma 5.5.5 in the equivalent normalized-presheaf convention: Tohoku defines presheaves only on nonempty opens, while Stacks explicitly sets P(emptyset)=0. Under discontinuity, Hausdorffness, and paracompactness of the orbit space, every positive equivariant Cech class with zero associated sheaf dies after a free equivariant refinement; the proof remains valid for nonseparated presheaves."
tohoku:lemma:5.6.1,215,lemma,tohoku:section:5.6,215,215,sem/r18/nodes.csv:640,8D632A04EE0FA987B40B721BEE6E64BB3E641D6A1CE02335556213F1564C9A53,derived-functor;injectives,cohomology-section-derived-functors;derived-section-injective-resolutions;derived-section-right-derived-functor;homology-section-injectives,0134;013G;0156;0716,D000929,existing_equivalent,integrated_source_stacks_and_independent_review,cohomology-lemma-equivariant-hom-injective-acyclic,,"Stacks now proves all three assertions of Lemma 5.6.1 for an injective G-O-module B: q_*^G SheafHom_O(A,B) is flasque on Y, Hom_O(A,B) is right acyclic for G-invariants, and the internal Hom is right acyclic for Gamma_X^G. It also proves the underlying abelian internal-Hom sheaf flasque and explicitly makes no false claim that the global Hom module is injective."
tohoku:lemma:5.6.2,216,lemma,tohoku:section:5.6,216,216,sem/r18/nodes.csv:641,8D632A04EE0FA987B40B721BEE6E64BB3E641D6A1CE02335556213F1564C9A53,injectives,derived-section-injective-resolutions;homology-section-injectives,0134;013G,D000890,existing_equivalent,integrated_source_stacks_and_independent_review,injectives-lemma-equivariant-injective-underlying,,Stacks now states that an injective G-O-module remains injective after forgetting the G-action and proves it because the forgetful functor is right adjoint to the exact induction functor.
tohoku:lemma:open-sections-derived,175,lemma,tohoku:section:3.8,175,175,sem/r18/nodes.csv:642,5A8E5720BC2EF8905BF85F7919C65AC4A87A31CFC854BD77E6B5084C0D2DEBEF,derived-functor;injectives,cohomology-section-derived-functors;derived-section-injective-resolutions;derived-section-right-derived-functor;homology-section-injectives,0134;013G;0156;0716,D000416,existing_equivalent,reviewed_equivalent,cohomology-lemma-cohomology-of-open,01E1,"Stacks proves restriction to an open preserves injectives and that its derived section functors compute H^q of that open, exactly as here."
tohoku:lemma:product-sheaf-cech-acyclic,174,lemma,tohoku:section:3.8,174,174,sem/r18/nodes.csv:643,5A8E5720BC2EF8905BF85F7919C65AC4A87A31CFC854BD77E6B5084C0D2DEBEF,cech;derived-functor,cohomology-section-cech;cohomology-section-cech-cohomology-cohomology;cohomology-section-derived-functors;derived-section-right-derived-functor,0156;01ED;01EO;0716,D000417,existing_equivalent,reviewed_equivalent,sheaves-example-sheaf-product-pointwise;cohomology-lemma-flasque-acyclic-cech,006X;09SZ,The Stacks product-over-points sheaf has surjective restriction projections and is therefore flasque; the cited Cech lemma then gives precisely the claimed vanishing for every cover.
tohoku:map:3.4.2:u,163,map,tohoku:section:3.4,163,163,sem/r18/nodes.csv:644,5A8E5720BC2EF8905BF85F7919C65AC4A87A31CFC854BD77E6B5084C0D2DEBEF,,,,D000298,structural_only,reviewed_structural,,,The formula u(fg) equals the class of f defines a proof-specific map between P and F-prime; it has no independent general target.
tohoku:map:5.5.5,208,map,tohoku:section:5.5,208,208,sem/r18/nodes.csv:645,8D632A04EE0FA987B40B721BEE6E64BB3E641D6A1CE02335556213F1564C9A53,,,,D000902,existing_equivalent,integrated_source_stacks_and_independent_review,cohomology-lemma-equivariant-cech-spectral-sequence,,"Stacks now constructs the canonical bottom-edge maps from equivariant Cech cohomology to equivariant sheaf cohomology, proves the degree-zero map is an isomorphism, and proves the degree-one map is injective."
tohoku:map:cech-to-derived-cohomology,175,map,tohoku:section:3.8,175,175,sem/r18/nodes.csv:646,5A8E5720BC2EF8905BF85F7919C65AC4A87A31CFC854BD77E6B5084C0D2DEBEF,cech,cohomology-section-cech;cohomology-section-cech-cohomology-cohomology,01ED;01EO,D000418,existing_equivalent,reviewed_equivalent,cohomology-lemma-cech-cohomology,01EQ,Stacks constructs the same functorial map from fixed-cover Cech cohomology to derived sheaf cohomology.
tohoku:map:global-cech-to-derived-cohomology,176,map,tohoku:section:3.8,176,176,sem/r18/nodes.csv:647,5A8E5720BC2EF8905BF85F7919C65AC4A87A31CFC854BD77E6B5084C0D2DEBEF,cech,cohomology-section-cech;cohomology-section-cech-cohomology-cohomology,01ED;01EO,D000419,existing_equivalent,reviewed_equivalent,cohomology-lemma-functoriality-cech,01FD,Stacks proves compatibility with refinements and hence constructs exactly the induced map from refinement-colimit Cech cohomology to derived cohomology.
tohoku:map:group-cohomology-stalk,194,map,tohoku:section:4.4,194,194,sem/r18/nodes.csv:648,8D632A04EE0FA987B40B721BEE6E64BB3E641D6A1CE02335556213F1564C9A53,,,,D000846,existing_equivalent,integrated_source_stacks_and_independent_review,cohomology-lemma-sheaf-group-cohomology-restriction,,Stacks now constructs the canonical maps from the stalks of sheaf-valued group cohomology to group cohomology of the stalks and proves that they are isomorphisms whenever G is finite.
tohoku:map:point-cover-refinement-complexes,176,map,tohoku:section:3.8,176,176,sem/r18/nodes.csv:649,5A8E5720BC2EF8905BF85F7919C65AC4A87A31CFC854BD77E6B5084C0D2DEBEF,limits,categories-section-directed-colimits;categories-section-limits;cohomology-section-limits,002D;01FE;04AX,D000420,existing_equivalent,reviewed_equivalent,cohomology-section-refinements-cech,09UY,"The corrected direction agrees with the Stacks cochain map from a coarser cover complex to a refinement, functorial in the sheaf and compatible under composition."
tohoku:morphism:satellite-to-derived,143,morphism,tohoku:section:2.3,143,143,sem/r18/nodes.csv:650,5A8E5720BC2EF8905BF85F7919C65AC4A87A31CFC854BD77E6B5084C0D2DEBEF,derived-functor,cohomology-section-derived-functors;derived-section-right-derived-functor,0156;0716,D000997,existing_equivalent,integrated_source_stacks_and_independent_review,derived-lemma-right-satellites-to-right-derived-functors,,"Stacks now proves the exact p. 143 satellite-to-derived comparison under enough injectives: RF is everywhere defined and its negative derived functors vanish; its nonnegative derived functors form the canonical cohomological delta-functor; and the universal nonnegative right-satellite system admits the unique comparison extending F -> R^0F, coherently under canonical satellite identifications. The comparison is an isomorphism exactly when F is left exact. In the converse, unpadded satellite exactness is completed by the initial zero supplied by left exactness of S^0F = F, injective acyclicity makes the right-derived delta-functor universal, and the two distinct universal properties give the inverse identities. No comparison in negative satellite degrees is asserted."
tohoku:obstruction:cech-not-cohomological,174,obstruction,tohoku:section:3.8,174,174,sem/r18/nodes.csv:651,5A8E5720BC2EF8905BF85F7919C65AC4A87A31CFC854BD77E6B5084C0D2DEBEF,cech,cohomology-section-cech;cohomology-section-cech-cohomology-cohomology,01ED;01EO,D001047,existing_equivalent,integrated_source_stacks_and_independent_review,cohomology-lemma-cech-cohomology-not-delta-functor,,"Stacks now gives a finite-space realization of the source counterexample. For a short exact sequence of abelian sheaves it computes check H1(G)=0, check H1(H)=Z, and check H2(F)=0 while derived H2(F)=Z. Thus global Cech cohomology cannot in general be a cohomological delta functor, and the canonical degree-two injection need not be surjective. Positive paracompact or acyclic-cover comparison results, the source's circle illustration, and its longer check H1(X,H1(F)) calculation are separate and are not remapped."
tohoku:obstruction:second-spectral-sequence-with-supports,220,obstruction,tohoku:section:5.7,220,220,sem/r18/nodes.csv:652,8D632A04EE0FA987B40B721BEE6E64BB3E641D6A1CE02335556213F1564C9A53,derived-functor;injectives;spectral-sequence;support,cohomology-section-cohomology-support;cohomology-section-derived-functors;derived-section-injective-resolutions;derived-section-right-derived-functor;homology-section-injectives;homology-section-spectral-sequence,011M;0134;013G;0156;0716;0A39,D001023,existing_equivalent,integrated_source_stacks_and_independent_review,cohomology-remark-equivariant-support-second-spectral-sequence,,"Stacks now records the failure of automatic Grothendieck acyclicity for the second factorization and states the source's exact sufficient hypothesis that every member of Psi has a neighbourhood again belonging to Psi. It deliberately does not claim the deferred filtered-colimit construction, second spectral sequence, or interchange with group cohomology."
tohoku:paper,119,paper,tohoku,119,119,sem/r18/nodes.csv:653,5A8E5720BC2EF8905BF85F7919C65AC4A87A31CFC854BD77E6B5084C0D2DEBEF,,,,,structural_only,classified,,,Source structure; no independent Stacks object.
tohoku:proof:3.1.1:p1,155,proof,tohoku:section:3.1,155,155,sem/r18/nodes.csv:654,5A8E5720BC2EF8905BF85F7919C65AC4A87A31CFC854BD77E6B5084C0D2DEBEF,,,,,structural_only,inherits_parent,,,Embedded source component; inherit the parent disposition.
tohoku:proof:3.1.1:p2,156,proof,tohoku:section:3.1,156,156,sem/r18/nodes.csv:655,5A8E5720BC2EF8905BF85F7919C65AC4A87A31CFC854BD77E6B5084C0D2DEBEF,,,,,structural_only,inherits_parent,,,Embedded source component; inherit the parent disposition.
tohoku:proof:3.4.1,161,proof,tohoku:section:3.4,161,161,sem/r18/nodes.csv:656,5A8E5720BC2EF8905BF85F7919C65AC4A87A31CFC854BD77E6B5084C0D2DEBEF,,,,,structural_only,inherits_parent,,,Embedded source component; inherit the parent disposition.
tohoku:proof:3.4.2:closure,164,proof,tohoku:section:3.4,164,164,sem/r18/nodes.csv:657,5A8E5720BC2EF8905BF85F7919C65AC4A87A31CFC854BD77E6B5084C0D2DEBEF,,,,,structural_only,inherits_parent,,,Embedded source component; inherit the parent disposition.
tohoku:proof:3.4.2:p1,162,proof,tohoku:section:3.4,162,162,sem/r18/nodes.csv:658,5A8E5720BC2EF8905BF85F7919C65AC4A87A31CFC854BD77E6B5084C0D2DEBEF,,,,,structural_only,inherits_parent,,,Embedded source component; inherit the parent disposition.
tohoku:proof:3.5.1,167,proof,tohoku:section:3.5,167,167,sem/r18/nodes.csv:659,5A8E5720BC2EF8905BF85F7919C65AC4A87A31CFC854BD77E6B5084C0D2DEBEF,delta-functor;injectives,derived-section-injective-resolutions;homology-section-cohomological-delta-functor;homology-section-injectives,010P;0134;013G,,structural_only,inherits_parent,,,Embedded source component; inherit the parent disposition.
tohoku:proof:3.6.1:p1,167,proof,tohoku:section:3.6,167,167,sem/r18/nodes.csv:660,5A8E5720BC2EF8905BF85F7919C65AC4A87A31CFC854BD77E6B5084C0D2DEBEF,,,,,structural_only,inherits_parent,,,Embedded source component; inherit the parent disposition.
tohoku:proof:3.6.1:p2,168,proof,tohoku:section:3.6,168,168,sem/r18/nodes.csv:661,5A8E5720BC2EF8905BF85F7919C65AC4A87A31CFC854BD77E6B5084C0D2DEBEF,grothendieck-category,injectives-section-grothendieck-categories;injectives-section-grothendieck-conditions,05AB;079A,,structural_only,inherits_parent,,,Embedded source component; inherit the parent disposition.
tohoku:proof:3.6.1:p3,169,proof,tohoku:section:3.6,169,169,sem/r18/nodes.csv:662,5A8E5720BC2EF8905BF85F7919C65AC4A87A31CFC854BD77E6B5084C0D2DEBEF,,,,,structural_only,inherits_parent,,,Embedded source component; inherit the parent disposition.
tohoku:proof:3.6.2:p1,169,proof,tohoku:section:3.6,169,169,sem/r18/nodes.csv:663,5A8E5720BC2EF8905BF85F7919C65AC4A87A31CFC854BD77E6B5084C0D2DEBEF,limits,categories-section-directed-colimits;categories-section-limits;cohomology-section-limits,002D;01FE;04AX,,structural_only,inherits_parent,,,Embedded source component; inherit the parent disposition.
tohoku:proof:3.6.2:p2,170,proof,tohoku:section:3.6,170,170,sem/r18/nodes.csv:664,5A8E5720BC2EF8905BF85F7919C65AC4A87A31CFC854BD77E6B5084C0D2DEBEF,injectives,derived-section-injective-resolutions;homology-section-injectives,0134;013G,,structural_only,inherits_parent,,,Embedded source component; inherit the parent disposition.
tohoku:proof:3.6.3,170,proof,tohoku:section:3.6,170,170,sem/r18/nodes.csv:665,5A8E5720BC2EF8905BF85F7919C65AC4A87A31CFC854BD77E6B5084C0D2DEBEF,,,,,structural_only,inherits_parent,,,Embedded source component; inherit the parent disposition.
tohoku:proof:3.6.4,170,proof,tohoku:section:3.6,170,170,sem/r18/nodes.csv:666,5A8E5720BC2EF8905BF85F7919C65AC4A87A31CFC854BD77E6B5084C0D2DEBEF,limits,categories-section-directed-colimits;categories-section-limits;cohomology-section-limits,002D;01FE;04AX,,structural_only,inherits_parent,,,Embedded source component; inherit the parent disposition.
tohoku:proof:3.6.5:p1,170,proof,tohoku:section:3.6,170,170,sem/r18/nodes.csv:667,5A8E5720BC2EF8905BF85F7919C65AC4A87A31CFC854BD77E6B5084C0D2DEBEF,,,,,structural_only,inherits_parent,,,Embedded source component; inherit the parent disposition.
tohoku:proof:3.6.5:p2,171,proof,tohoku:section:3.6,171,171,sem/r18/nodes.csv:668,5A8E5720BC2EF8905BF85F7919C65AC4A87A31CFC854BD77E6B5084C0D2DEBEF,,,,,structural_only,inherits_parent,,,Embedded source component; inherit the parent disposition.
tohoku:proof:3.7.1:1,172,proof,tohoku:section:3.7,172,172,sem/r18/nodes.csv:669,5A8E5720BC2EF8905BF85F7919C65AC4A87A31CFC854BD77E6B5084C0D2DEBEF,injectives,derived-section-injective-resolutions;homology-section-injectives,0134;013G,,structural_only,inherits_parent,,,Embedded source component; inherit the parent disposition.
tohoku:proof:3.7.1:2:p1,172,proof,tohoku:section:3.7,172,172,sem/r18/nodes.csv:670,5A8E5720BC2EF8905BF85F7919C65AC4A87A31CFC854BD77E6B5084C0D2DEBEF,,,,,structural_only,inherits_parent,,,Embedded source component; inherit the parent disposition.
tohoku:proof:3.7.1:2:p2,173,proof,tohoku:section:3.7,173,173,sem/r18/nodes.csv:671,5A8E5720BC2EF8905BF85F7919C65AC4A87A31CFC854BD77E6B5084C0D2DEBEF,support,cohomology-section-cohomology-support,0A39,,structural_only,inherits_parent,,,Embedded source component; inherit the parent disposition.
tohoku:proof:3.7.2,173,proof,tohoku:section:3.7,173,173,sem/r18/nodes.csv:672,5A8E5720BC2EF8905BF85F7919C65AC4A87A31CFC854BD77E6B5084C0D2DEBEF,injectives,derived-section-injective-resolutions;homology-section-injectives,0134;013G,,structural_only,inherits_parent,,,Embedded source component; inherit the parent disposition.
tohoku:proof:3.8.1:corollary-4:fixed-cover,177,proof,tohoku:section:3.8,177,177,sem/r18/nodes.csv:673,5A8E5720BC2EF8905BF85F7919C65AC4A87A31CFC854BD77E6B5084C0D2DEBEF,cech,cohomology-section-cech;cohomology-section-cech-cohomology-cohomology,01ED;01EO,,structural_only,inherits_parent,,,Embedded source component; inherit the parent disposition.
tohoku:proof:3.8.1:corollary-4:induction,177,proof,tohoku:section:3.8,177,177,sem/r18/nodes.csv:674,5A8E5720BC2EF8905BF85F7919C65AC4A87A31CFC854BD77E6B5084C0D2DEBEF,cech,cohomology-section-cech;cohomology-section-cech-cohomology-cohomology,01ED;01EO,,structural_only,inherits_parent,,,Embedded source component; inherit the parent disposition.
tohoku:proof:3.8.2,176,proof,tohoku:section:3.8,176,176,sem/r18/nodes.csv:675,5A8E5720BC2EF8905BF85F7919C65AC4A87A31CFC854BD77E6B5084C0D2DEBEF,derived-functor;injectives,cohomology-section-derived-functors;derived-section-injective-resolutions;derived-section-right-derived-functor;homology-section-injectives,0134;013G;0156;0716,,structural_only,inherits_parent,,,Embedded source component; inherit the parent disposition.
tohoku:proof:5.1.1:p1,196,proof,tohoku:section:5.1,196,196,sem/r18/nodes.csv:676,8D632A04EE0FA987B40B721BEE6E64BB3E641D6A1CE02335556213F1564C9A53,grothendieck-category,injectives-section-grothendieck-categories;injectives-section-grothendieck-conditions,05AB;079A,,structural_only,inherits_parent,,,Embedded source component; inherit the parent disposition.
tohoku:proof:5.1.2,197,proof,tohoku:section:5.1,197,197,sem/r18/nodes.csv:677,8D632A04EE0FA987B40B721BEE6E64BB3E641D6A1CE02335556213F1564C9A53,injectives,derived-section-injective-resolutions;homology-section-injectives,0134;013G,,structural_only,inherits_parent,,,Embedded source component; inherit the parent disposition.
tohoku:proof:5.1.3,198,proof,tohoku:section:5.1,198,198,sem/r18/nodes.csv:678,8D632A04EE0FA987B40B721BEE6E64BB3E641D6A1CE02335556213F1564C9A53,injectives,derived-section-injective-resolutions;homology-section-injectives,0134;013G,,structural_only,inherits_parent,,,Embedded source component; inherit the parent disposition.
tohoku:proof:R-quotient-ZYm:p1,168,proof,tohoku:section:3.6,168,168,sem/r18/nodes.csv:679,5A8E5720BC2EF8905BF85F7919C65AC4A87A31CFC854BD77E6B5084C0D2DEBEF,,,,,structural_only,inherits_parent,,,Embedded source component; inherit the parent disposition.
tohoku:proof:R-quotient-ZYm:p2,169,proof,tohoku:section:3.6,169,169,sem/r18/nodes.csv:680,5A8E5720BC2EF8905BF85F7919C65AC4A87A31CFC854BD77E6B5084C0D2DEBEF,,,,,structural_only,inherits_parent,,,Embedded source component; inherit the parent disposition.
tohoku:proof:cartan-leray-derived-functor,175,proof,tohoku:section:3.8,175,175,sem/r18/nodes.csv:681,5A8E5720BC2EF8905BF85F7919C65AC4A87A31CFC854BD77E6B5084C0D2DEBEF,exact-functor;injectives;spectral-sequence,categories-section-exact-functor;derived-section-injective-resolutions;homology-section-injectives;homology-section-spectral-sequence,0033;011M;0134;013G,,structural_only,inherits_parent,,,Embedded source component; inherit the parent disposition.
tohoku:proof:coinduced-hom-acyclicity,215;216,proof,tohoku:section:5.6,215,216,sem/r18/nodes.csv:682,8D632A04EE0FA987B40B721BEE6E64BB3E641D6A1CE02335556213F1564C9A53,derived-functor,cohomology-section-derived-functors;derived-section-right-derived-functor,0156;0716,,structural_only,inherits_parent,,,Embedded source component; inherit the parent disposition.
tohoku:proof:corollary-2-theorem-5.5.3,209,proof,tohoku:section:5.5,209,209,sem/r18/nodes.csv:683,8D632A04EE0FA987B40B721BEE6E64BB3E641D6A1CE02335556213F1564C9A53,,,,,structural_only,inherits_parent,,,Embedded source component; inherit the parent disposition.
tohoku:proof:corollary-3.10.1-1,182,proof,tohoku:section:3.10,182,182,sem/r18/nodes.csv:684,5A8E5720BC2EF8905BF85F7919C65AC4A87A31CFC854BD77E6B5084C0D2DEBEF,,,,,structural_only,inherits_parent,,,Embedded source component; inherit the parent disposition.
tohoku:proof:corollary-3.10.1-2,182,proof,tohoku:section:3.10,182,182,sem/r18/nodes.csv:685,5A8E5720BC2EF8905BF85F7919C65AC4A87A31CFC854BD77E6B5084C0D2DEBEF,derived-functor,cohomology-section-derived-functors;derived-section-right-derived-functor,0156;0716,,structural_only,inherits_parent,,,Embedded source component; inherit the parent disposition.
tohoku:proof:corollary-3.9.1-1:necessity,179,proof,tohoku:section:3.9,179,179,sem/r18/nodes.csv:686,5A8E5720BC2EF8905BF85F7919C65AC4A87A31CFC854BD77E6B5084C0D2DEBEF,cech;spectral-sequence,cohomology-section-cech;cohomology-section-cech-cohomology-cohomology;homology-section-spectral-sequence,011M;01ED;01EO,,structural_only,inherits_parent,,,Embedded source component; inherit the parent disposition.
tohoku:proof:corollary-3.9.1-1:sufficiency,179,proof,tohoku:section:3.9,179,179,sem/r18/nodes.csv:687,5A8E5720BC2EF8905BF85F7919C65AC4A87A31CFC854BD77E6B5084C0D2DEBEF,,,,,structural_only,inherits_parent,,,Embedded source component; inherit the parent disposition.
tohoku:proof:corollary-3.9.1-2,179,proof,tohoku:section:3.9,179,179,sem/r18/nodes.csv:688,5A8E5720BC2EF8905BF85F7919C65AC4A87A31CFC854BD77E6B5084C0D2DEBEF,,,,,structural_only,inherits_parent,,,Embedded source component; inherit the parent disposition.
tohoku:proof:corollary-3.9.1-3,180,proof,tohoku:section:3.9,180,180,sem/r18/nodes.csv:689,5A8E5720BC2EF8905BF85F7919C65AC4A87A31CFC854BD77E6B5084C0D2DEBEF,,,,,structural_only,inherits_parent,,,Embedded source component; inherit the parent disposition.
tohoku:proof:corollary-4.2.3,189,proof,tohoku:section:4.2,189,189,sem/r18/nodes.csv:690,8D632A04EE0FA987B40B721BEE6E64BB3E641D6A1CE02335556213F1564C9A53,spectral-sequence,homology-section-spectral-sequence,011M,,structural_only,inherits_parent,,,Embedded source component; inherit the parent disposition.
tohoku:proof:corollary-4.2.4:1,190,proof,tohoku:section:4.2,190,190,sem/r18/nodes.csv:691,8D632A04EE0FA987B40B721BEE6E64BB3E641D6A1CE02335556213F1564C9A53,,,,,structural_only,inherits_parent,,,Embedded source component; inherit the parent disposition.
tohoku:proof:corollary-4.3.2:1,192,proof,tohoku:section:4.3,192,192,sem/r18/nodes.csv:692,8D632A04EE0FA987B40B721BEE6E64BB3E641D6A1CE02335556213F1564C9A53,,,,,structural_only,inherits_parent,,,Embedded source component; inherit the parent disposition.
tohoku:proof:corollary-5.1.3,198,proof,tohoku:section:5.1,198,198,sem/r18/nodes.csv:693,8D632A04EE0FA987B40B721BEE6E64BB3E641D6A1CE02335556213F1564C9A53,,,,,structural_only,inherits_parent,,,Embedded source component; inherit the parent disposition.
tohoku:proof:corollary-5.2.1,200,proof,tohoku:section:5.2,200,200,sem/r18/nodes.csv:694,8D632A04EE0FA987B40B721BEE6E64BB3E641D6A1CE02335556213F1564C9A53,,,,,structural_only,inherits_parent,,,Embedded source component; inherit the parent disposition.
tohoku:proof:corollary-5.3.1:1,204,proof,tohoku:section:5.3,204,204,sem/r18/nodes.csv:695,8D632A04EE0FA987B40B721BEE6E64BB3E641D6A1CE02335556213F1564C9A53,,,,,structural_only,inherits_parent,,,Embedded source component; inherit the parent disposition.
tohoku:proof:corollary-5.3.1:2:p1,204;205,proof,tohoku:section:5.3,204,205,sem/r18/nodes.csv:696,8D632A04EE0FA987B40B721BEE6E64BB3E641D6A1CE02335556213F1564C9A53,spectral-sequence,homology-section-spectral-sequence,011M,,structural_only,inherits_parent,,,Embedded source component; inherit the parent disposition.
tohoku:proof:corollary-5.4.1,206,proof,tohoku:section:5.4,206,206,sem/r18/nodes.csv:697,8D632A04EE0FA987B40B721BEE6E64BB3E641D6A1CE02335556213F1564C9A53,injectives,derived-section-injective-resolutions;homology-section-injectives,0134;013G,,structural_only,inherits_parent,,,Embedded source component; inherit the parent disposition.
tohoku:proof:corollary-lemma-5.5.2,208,proof,tohoku:section:5.5,208,208,sem/r18/nodes.csv:698,8D632A04EE0FA987B40B721BEE6E64BB3E641D6A1CE02335556213F1564C9A53,,,,,structural_only,inherits_parent,,,Embedded source component; inherit the parent disposition.
tohoku:proof:equations-4.2.11-4.2.12,190,proof,tohoku:section:4.2,190,190,sem/r18/nodes.csv:699,8D632A04EE0FA987B40B721BEE6E64BB3E641D6A1CE02335556213F1564C9A53,,,,,structural_only,inherits_parent,,,Embedded source component; inherit the parent disposition.
tohoku:proof:independence-of-equation-5.5.12,211,proof,tohoku:section:5.5,211,211,sem/r18/nodes.csv:700,8D632A04EE0FA987B40B721BEE6E64BB3E641D6A1CE02335556213F1564C9A53,,,,,structural_only,inherits_parent,,,Embedded source component; inherit the parent disposition.
tohoku:proof:kunneth-collapse-4.3.4,192,proof,tohoku:section:4.3,192,192,sem/r18/nodes.csv:701,8D632A04EE0FA987B40B721BEE6E64BB3E641D6A1CE02335556213F1564C9A53,spectral-sequence,homology-section-spectral-sequence,011M,,structural_only,inherits_parent,,,Embedded source component; inherit the parent disposition.
tohoku:proof:lemma-4.1.1,186;187,proof,tohoku:section:4.1,186,187,sem/r18/nodes.csv:702,8D632A04EE0FA987B40B721BEE6E64BB3E641D6A1CE02335556213F1564C9A53,grothendieck-category,injectives-section-grothendieck-categories;injectives-section-grothendieck-conditions,05AB;079A,,structural_only,inherits_parent,,,Embedded source component; inherit the parent disposition.
tohoku:proof:lemma-4.3-gamma-injective,191,proof,tohoku:section:4.3,191,191,sem/r18/nodes.csv:703,8D632A04EE0FA987B40B721BEE6E64BB3E641D6A1CE02335556213F1564C9A53,derived-functor;exact-functor;injectives,categories-section-exact-functor;cohomology-section-derived-functors;derived-section-injective-resolutions;derived-section-right-derived-functor;homology-section-injectives,0033;0134;013G;0156;0716,,structural_only,inherits_parent,,,Embedded source component; inherit the parent disposition.
tohoku:proof:lemma-5.5.1,207,proof,tohoku:section:5.5,207,207,sem/r18/nodes.csv:704,8D632A04EE0FA987B40B721BEE6E64BB3E641D6A1CE02335556213F1564C9A53,derived-functor;injectives,cohomology-section-derived-functors;derived-section-injective-resolutions;derived-section-right-derived-functor;homology-section-injectives,0134;013G;0156;0716,,structural_only,inherits_parent,,,Embedded source component; inherit the parent disposition.
tohoku:proof:lemma-5.5.2:p1,207;208,proof,tohoku:section:5.5,207,208,sem/r18/nodes.csv:705,8D632A04EE0FA987B40B721BEE6E64BB3E641D6A1CE02335556213F1564C9A53,derived-functor;ext;injectives,cohomology-section-derived-functors;cohomology-section-ext;derived-section-ext;derived-section-injective-resolutions;derived-section-right-derived-functor;homology-section-injectives,0134;013G;0156;06XP;0716;0BQP,,structural_only,inherits_parent,,,Embedded source component; inherit the parent disposition.
tohoku:proof:lemma-5.5.5,212;213,proof,tohoku:section:5.5,212,213,sem/r18/nodes.csv:706,8D632A04EE0FA987B40B721BEE6E64BB3E641D6A1CE02335556213F1564C9A53,cech,cohomology-section-cech;cohomology-section-cech-cohomology-cohomology,01ED;01EO,,structural_only,inherits_parent,,,Embedded source component; inherit the parent disposition.
tohoku:proof:lemma-5.6.1,215,proof,tohoku:section:5.6,215,215,sem/r18/nodes.csv:707,8D632A04EE0FA987B40B721BEE6E64BB3E641D6A1CE02335556213F1564C9A53,injectives,derived-section-injective-resolutions;homology-section-injectives,0134;013G,,structural_only,inherits_parent,,,Embedded source component; inherit the parent disposition.
tohoku:proof:lemma-5.6.2,216;217,proof,tohoku:section:5.6,216,217,sem/r18/nodes.csv:708,8D632A04EE0FA987B40B721BEE6E64BB3E641D6A1CE02335556213F1564C9A53,injectives,derived-section-injective-resolutions;homology-section-injectives,0134;013G,,structural_only,inherits_parent,,,Embedded source component; inherit the parent disposition.
tohoku:proof:proposition-3.10.1:p1,181,proof,tohoku:section:3.10,181,181,sem/r18/nodes.csv:709,5A8E5720BC2EF8905BF85F7919C65AC4A87A31CFC854BD77E6B5084C0D2DEBEF,injectives,derived-section-injective-resolutions;homology-section-injectives,0134;013G,,structural_only,inherits_parent,,,Embedded source component; inherit the parent disposition.
tohoku:proof:proposition-3.10.1:p2,182,proof,tohoku:section:3.10,182,182,sem/r18/nodes.csv:710,5A8E5720BC2EF8905BF85F7919C65AC4A87A31CFC854BD77E6B5084C0D2DEBEF,,,,,structural_only,inherits_parent,,,Embedded source component; inherit the parent disposition.
tohoku:proof:proposition-3.9.2:finite-intersection:p1,180,proof,tohoku:section:3.9,180,180,sem/r18/nodes.csv:711,5A8E5720BC2EF8905BF85F7919C65AC4A87A31CFC854BD77E6B5084C0D2DEBEF,cech,cohomology-section-cech;cohomology-section-cech-cohomology-cohomology,01ED;01EO,,structural_only,inherits_parent,,,Embedded source component; inherit the parent disposition.
tohoku:proof:proposition-3.9.2:finite-intersection:p2,181,proof,tohoku:section:3.9,181,181,sem/r18/nodes.csv:712,5A8E5720BC2EF8905BF85F7919C65AC4A87A31CFC854BD77E6B5084C0D2DEBEF,cech,cohomology-section-cech;cohomology-section-cech-cohomology-cohomology,01ED;01EO,,structural_only,inherits_parent,,,Embedded source component; inherit the parent disposition.
tohoku:proof:proposition-4.1.1:p1,185;186,proof,tohoku:section:4.1,185,186,sem/r18/nodes.csv:713,8D632A04EE0FA987B40B721BEE6E64BB3E641D6A1CE02335556213F1564C9A53,,,,,structural_only,inherits_parent,,,Embedded source component; inherit the parent disposition.
tohoku:proof:proposition-4.1.1:p2,186,proof,tohoku:section:4.1,186,186,sem/r18/nodes.csv:714,8D632A04EE0FA987B40B721BEE6E64BB3E641D6A1CE02335556213F1564C9A53,,,,,structural_only,inherits_parent,,,Embedded source component; inherit the parent disposition.
tohoku:proof:proposition-4.1.1:p3,186,proof,tohoku:section:4.1,186,186,sem/r18/nodes.csv:715,8D632A04EE0FA987B40B721BEE6E64BB3E641D6A1CE02335556213F1564C9A53,,,,,structural_only,inherits_parent,,,Embedded source component; inherit the parent disposition.
tohoku:proof:proposition-4.1.3,187,proof,tohoku:section:4.1,187,187,sem/r18/nodes.csv:716,8D632A04EE0FA987B40B721BEE6E64BB3E641D6A1CE02335556213F1564C9A53,injectives,derived-section-injective-resolutions;homology-section-injectives,0134;013G,,structural_only,inherits_parent,,,Embedded source component; inherit the parent disposition.
tohoku:proof:proposition-4.2.3,189,proof,tohoku:section:4.2,189,189,sem/r18/nodes.csv:717,8D632A04EE0FA987B40B721BEE6E64BB3E641D6A1CE02335556213F1564C9A53,exact-functor;ext,categories-section-exact-functor;cohomology-section-ext;derived-section-ext,0033;06XP;0BQP,,structural_only,inherits_parent,,,Embedded source component; inherit the parent disposition.
tohoku:proof:proposition-4.2.4,189,proof,tohoku:section:4.2,189,189,sem/r18/nodes.csv:718,8D632A04EE0FA987B40B721BEE6E64BB3E641D6A1CE02335556213F1564C9A53,derived-functor;injectives,cohomology-section-derived-functors;derived-section-injective-resolutions;derived-section-right-derived-functor;homology-section-injectives,0134;013G;0156;0716,,structural_only,inherits_parent,,,Embedded source component; inherit the parent disposition.
tohoku:proof:proposition-4.3.2,191,proof,tohoku:section:4.3,191,191,sem/r18/nodes.csv:719,8D632A04EE0FA987B40B721BEE6E64BB3E641D6A1CE02335556213F1564C9A53,,,,,structural_only,inherits_parent,,,Embedded source component; inherit the parent disposition.
tohoku:proof:proposition-5.2.2:p1,201;202,proof,tohoku:section:5.2,201,202,sem/r18/nodes.csv:720,8D632A04EE0FA987B40B721BEE6E64BB3E641D6A1CE02335556213F1564C9A53,injectives;spectral-sequence,derived-section-injective-resolutions;homology-section-injectives;homology-section-spectral-sequence,011M;0134;013G,,structural_only,inherits_parent,,,Embedded source component; inherit the parent disposition.
tohoku:proof:proposition-5.2.3,202,proof,tohoku:section:5.2,202,202,sem/r18/nodes.csv:721,8D632A04EE0FA987B40B721BEE6E64BB3E641D6A1CE02335556213F1564C9A53,spectral-sequence,homology-section-spectral-sequence,011M,,structural_only,inherits_parent,,,Embedded source component; inherit the parent disposition.
tohoku:proof:remark-4.4.1:1,194;195,proof,tohoku:section:4.4,194,195,sem/r18/nodes.csv:722,8D632A04EE0FA987B40B721BEE6E64BB3E641D6A1CE02335556213F1564C9A53,ext;injectives;spectral-sequence,cohomology-section-ext;derived-section-ext;derived-section-injective-resolutions;homology-section-injectives;homology-section-spectral-sequence,011M;0134;013G;06XP;0BQP,,structural_only,inherits_parent,,,Embedded source component; inherit the parent disposition.
tohoku:proof:theorem-3.9.1:base-k-one,180,proof,tohoku:section:3.9,180,180,sem/r18/nodes.csv:723,5A8E5720BC2EF8905BF85F7919C65AC4A87A31CFC854BD77E6B5084C0D2DEBEF,spectral-sequence,homology-section-spectral-sequence,011M,,structural_only,inherits_parent,,,Embedded source component; inherit the parent disposition.
tohoku:proof:theorem-3.9.1:induction-on-k,180,proof,tohoku:section:3.9,180,180,sem/r18/nodes.csv:724,5A8E5720BC2EF8905BF85F7919C65AC4A87A31CFC854BD77E6B5084C0D2DEBEF,,,,,structural_only,inherits_parent,,,Embedded source component; inherit the parent disposition.
tohoku:proof:theorem-3.9.1:induction-on-n,180,proof,tohoku:section:3.9,180,180,sem/r18/nodes.csv:725,5A8E5720BC2EF8905BF85F7919C65AC4A87A31CFC854BD77E6B5084C0D2DEBEF,,,,,structural_only,inherits_parent,,,Embedded source component; inherit the parent disposition.
tohoku:proof:theorem-4.2.2,189,proof,tohoku:section:4.2,189,189,sem/r18/nodes.csv:726,8D632A04EE0FA987B40B721BEE6E64BB3E641D6A1CE02335556213F1564C9A53,ext;injectives,cohomology-section-ext;derived-section-ext;derived-section-injective-resolutions;homology-section-injectives,0134;013G;06XP;0BQP,,structural_only,inherits_parent,,,Embedded source component; inherit the parent disposition.
tohoku:proof:theorem-5.2.1:p1,200;201,proof,tohoku:section:5.2,200,201,sem/r18/nodes.csv:727,8D632A04EE0FA987B40B721BEE6E64BB3E641D6A1CE02335556213F1564C9A53,derived-functor,cohomology-section-derived-functors;derived-section-right-derived-functor,0156;0716,,structural_only,inherits_parent,,,Embedded source component; inherit the parent disposition.
tohoku:proof:theorem-5.3.1,204,proof,tohoku:section:5.3,204,204,sem/r18/nodes.csv:728,8D632A04EE0FA987B40B721BEE6E64BB3E641D6A1CE02335556213F1564C9A53,,,,,structural_only,inherits_parent,,,Embedded source component; inherit the parent disposition.
tohoku:proof:theorem-5.6.3-locally-free-corollary,218,proof,tohoku:section:5.6,218,218,sem/r18/nodes.csv:729,8D632A04EE0FA987B40B721BEE6E64BB3E641D6A1CE02335556213F1564C9A53,ext;spectral-sequence,cohomology-section-ext;derived-section-ext;homology-section-spectral-sequence,011M;06XP;0BQP,,structural_only,inherits_parent,,,Embedded source component; inherit the parent disposition.
tohoku:proof:transformation-first-spectral-sequence:p1,205;206,proof,tohoku:section:5.4,205,206,sem/r18/nodes.csv:730,8D632A04EE0FA987B40B721BEE6E64BB3E641D6A1CE02335556213F1564C9A53,,,,,structural_only,inherits_parent,,,Embedded source component; inherit the parent disposition.
tohoku:prop:1.6.1,131,proposition,tohoku:section:1.6,131,131,sem/r18/nodes.csv:731,5A8E5720BC2EF8905BF85F7919C65AC4A87A31CFC854BD77E6B5084C0D2DEBEF,additive,homology-section-additive-categories,09SE,D000716,existing_equivalent,integrated_source_stacks_and_independent_review,homology-lemma-additive-diagram-category,,"Stacks now proves the full proposition: the representation category is additive or abelian pointwise and inherits products, coproducts, AB3 through AB6, and the dual AB3* through AB6* conditions from the value category."
tohoku:prop:1.6.1:proof,131,proposition,tohoku:section:1.6,131,131,sem/r18/nodes.csv:732,5A8E5720BC2EF8905BF85F7919C65AC4A87A31CFC854BD77E6B5084C0D2DEBEF,,,,D000699,structural_only,integrated_source_stacks_and_independent_review,homology-lemma-additive-diagram-category,,"The integrated proof constructs kernels, cokernels, products, coproducts, filtered colimits and cofiltered limits at every vertex and checks the relations by universal properties. This captures the source proof method while the row remains a proof component of Proposition 1.6.1."
tohoku:prop:1.8,133,proposition,tohoku:section:1.8,133,133,sem/r18/nodes.csv:733,5A8E5720BC2EF8905BF85F7919C65AC4A87A31CFC854BD77E6B5084C0D2DEBEF,abelian;limits,categories-section-directed-colimits;categories-section-limits;cohomology-section-limits;homology-section-abelian-categories,002D;00ZX;01FE;04AX,D000719,existing_equivalent,integrated_source_stacks_and_independent_review,categories-lemma-colimits-coproducts-coequalizers;injectives-definition-grothendieck-conditions;injectives-lemma-AB5-directed-unions,002P;079B,"The existing colimit construction and AB3 discussion give existence, additivity and right exactness; the new AB5 lemma proves exactness and the exact kernel-as-supremum formula, including injectivity of the canonical maps when every transition is injective."
tohoku:prop:1.8:proof:p1,133,proposition,tohoku:section:1.8,133,133,sem/r18/nodes.csv:734,5A8E5720BC2EF8905BF85F7919C65AC4A87A31CFC854BD77E6B5084C0D2DEBEF,limits,categories-section-directed-colimits;categories-section-limits;cohomology-section-limits,002D;01FE;04AX,D000059,structural_only,reviewed_structural,categories-lemma-colimits-coproducts-coequalizers,002P,Both construct colimits from coproducts and coequalizer-type relations; the source specializes this to quotients in an abelian category.
tohoku:prop:1.8:proof:p2,134,proposition,tohoku:section:1.8,134,134,sem/r18/nodes.csv:735,5A8E5720BC2EF8905BF85F7919C65AC4A87A31CFC854BD77E6B5084C0D2DEBEF,limits,categories-section-directed-colimits;categories-section-limits;cohomology-section-limits,002D;01FE;04AX,D000720,structural_only,integrated_source_stacks_and_independent_review,categories-lemma-colimits-coproducts-coequalizers;injectives-lemma-AB5-directed-unions,002P,The source's coproduct-and-quotient construction remains a structural proof component covered by the general Stacks colimit construction. The exactness and kernel assertions that the source leaves to the reader are now proved independently in the AB5 directed-union lemma.
tohoku:prop:1.9.1,134,proposition,tohoku:section:1.9,134,134,sem/r18/nodes.csv:736,5A8E5720BC2EF8905BF85F7919C65AC4A87A31CFC854BD77E6B5084C0D2DEBEF,abelian;grothendieck-category,homology-section-abelian-categories;injectives-section-grothendieck-categories;injectives-section-grothendieck-conditions,00ZX;05AB;079A,D000724,existing_equivalent,integrated_source_stacks_and_independent_review,injectives-definition-grothendieck-conditions;injectives-lemma-generator-family,079B,"Stacks now proves under AB3 exactly the equivalence between a generating family, its direct sum being a generator, and every object being a quotient of a direct sum of copies of that generator."
tohoku:prop:1.9.1:proof,134,proposition,tohoku:section:1.9,134,134,sem/r18/nodes.csv:737,5A8E5720BC2EF8905BF85F7919C65AC4A87A31CFC854BD77E6B5084C0D2DEBEF,,,,D000725,structural_only,integrated_source_stacks_and_independent_review,injectives-lemma-generator-family,,"The Stacks proof now contains all three source implications, including the evaluation-map quotient and the converse detection of a proper subobject by one summand. This row remains the structural proof component of Proposition 1.9.1."
tohoku:prop:1.9.2,135,proposition,tohoku:section:1.9,135,135,sem/r18/nodes.csv:738,5A8E5720BC2EF8905BF85F7919C65AC4A87A31CFC854BD77E6B5084C0D2DEBEF,abelian;grothendieck-category,homology-section-abelian-categories;injectives-section-grothendieck-categories;injectives-section-grothendieck-conditions,00ZX;05AB;079A,D000063,historical_reference,reviewed_historical,,,"Direct authority review confirms that the last assertion is false. For the one-arrow scheme 1 to 2 in Ab, D=(Z identity-to Z) has the proper subdiagram B=(2Z to Z), but every map from the proposed epsilon-family factors through B. The valid first membership assertion remains source history; no Stacks theorem is claimed for the false generator assertion."
tohoku:prop:1.9.2:proof,135,proposition,tohoku:section:1.9,135,135,sem/r18/nodes.csv:739,5A8E5720BC2EF8905BF85F7919C65AC4A87A31CFC854BD77E6B5084C0D2DEBEF,,,,D000064,structural_only,reviewed_structural,,,"The embedded proof is invalid because Hom(epsilon_s(A),D)=Hom(A,D(s)) fails when s has outgoing arrows. It inherits the authority-confirmed source-error disposition of Proposition 1.9.2 and supplies no independent Stacks target."
tohoku:prop:2.2.1,141,proposition,tohoku:section:2.2,141,141,sem/r18/nodes.csv:740,5A8E5720BC2EF8905BF85F7919C65AC4A87A31CFC854BD77E6B5084C0D2DEBEF,abelian;delta-functor;injectives,derived-section-injective-resolutions;homology-section-abelian-categories;homology-section-cohomological-delta-functor;homology-section-injectives,00ZX;010P;0134;013G,D000993,existing_equivalent,integrated_source_stacks_and_independent_review,homology-lemma-finite-effaceability-universality;homology-lemma-right-satellites-injective-effacements;homology-lemma-graded-connecting-functor-dualities,,"After the registered p. 141 range and variance corrections, Stacks proves exactly the finite unpadded assertion on degrees 0 through a. For covariant exact graded connecting functors, positive effaceability implies universality, and under injective effacements universality implies positive effaceability by comparison with the finite restriction of the right-satellite system. Applied to the opposite source, the same lemma gives the contravariant statement with co-effaceability and projective effacements. No enough-injectives, all-degree, exact-satellite, or derived-functor hypothesis is substituted."
tohoku:prop:2.2.1:proof:p1,141,proposition,tohoku:section:2.2,141,141,sem/r18/nodes.csv:741,5A8E5720BC2EF8905BF85F7919C65AC4A87A31CFC854BD77E6B5084C0D2DEBEF,,,,D000185,structural_only,reviewed_structural,homology-lemma-efface-implies-universal,010T,This is the degree-one start of the same effaceability induction used in the Stacks proof.
tohoku:prop:2.2.1:proof:p2,141,proposition,tohoku:section:2.2,141,141,sem/r18/nodes.csv:742,5A8E5720BC2EF8905BF85F7919C65AC4A87A31CFC854BD77E6B5084C0D2DEBEF,,,,D000186,structural_only,reviewed_structural,homology-lemma-efface-implies-universal,010T,"The quotient construction, uniqueness, independence, and naturality are the same proof mechanism as Stacks' inductive cokernel construction; Tohoku also points to a converse deferred to its next theorem."
tohoku:prop:2.5.1,149,proposition,tohoku:section:2.5,149,149,sem/r18/nodes.csv:743,5A8E5720BC2EF8905BF85F7919C65AC4A87A31CFC854BD77E6B5084C0D2DEBEF,,,,D000744,existing_equivalent,integrated_source_stacks_and_independent_review,derived-definition-resolving-functor;derived-lemma-resolving-functor-computes-derived,,"Stacks now proves that the cohomology of any resolving functor forms an effaceable universal delta-functor and is uniquely isomorphic to the right derived functors of F through the augmentation, including naturality and compatibility with connecting maps."
tohoku:prop:2.5.2,149,proposition,tohoku:section:2.5,149,149,sem/r18/nodes.csv:744,5A8E5720BC2EF8905BF85F7919C65AC4A87A31CFC854BD77E6B5084C0D2DEBEF,derived-functor,cohomology-section-derived-functors;derived-section-right-derived-functor,0156;0716,D000747,existing_equivalent,integrated_source_stacks_and_independent_review,derived-lemma-resolving-functor-acyclic-resolution,,"For any nonnegative resolution by right F-acyclic objects, Stacks now constructs the source's resolving-functor double complex, proves both augmentations are quasi-isomorphisms, and identifies their cohomology comparison canonically with the right derived functors."
tohoku:prop:2.5.2:proof:p1,149,proposition,tohoku:section:2.5,149,149,sem/r18/nodes.csv:745,5A8E5720BC2EF8905BF85F7919C65AC4A87A31CFC854BD77E6B5084C0D2DEBEF,derived-functor;spectral-sequence,cohomology-section-derived-functors;derived-section-right-derived-functor;homology-section-spectral-sequence,011M;0156;0716,D000748,structural_only,integrated_source_stacks_and_independent_review,derived-lemma-resolving-functor-acyclic-resolution;homology-lemma-double-complex-gives-resolution,0133,"The integrated proof now performs both source degenerations: column cohomology collapses by right F-acyclicity, while row cohomology collapses because every degree of the resolving functor is exact. This remains a structural proof component of Proposition 2.5.2."
tohoku:prop:2.5.2:proof:p2,150,proposition,tohoku:section:2.5,150,150,sem/r18/nodes.csv:746,5A8E5720BC2EF8905BF85F7919C65AC4A87A31CFC854BD77E6B5084C0D2DEBEF,injectives,derived-section-injective-resolutions;homology-section-injectives,0134;013G,D000749,structural_only,integrated_source_stacks_and_independent_review,derived-lemma-resolving-functor-acyclic-resolution;derived-lemma-resolving-functor-computes-derived,,"The integrated proof now compares an arbitrary acyclic resolution with an injective resolution, proves independence up to homotopy, and uses delta-functor compatibility to identify the result with the canonical comparison. This remains a structural proof component of Proposition 2.5.2."
tohoku:prop:2.5.3,151,proposition,tohoku:section:2.5,151,151,sem/r18/nodes.csv:747,5A8E5720BC2EF8905BF85F7919C65AC4A87A31CFC854BD77E6B5084C0D2DEBEF,spectral-sequence,homology-section-spectral-sequence,011M,D000763,existing_equivalent,integrated_source_stacks_and_independent_review,derived-lemma-resolving-functor-spectral-sequences,,"Stacks now proves the exact proposition: the first and second spectral sequences of the resolving-functor double complex are naturally isomorphic to the first and second hyperderived spectral sequences, including choice independence and filtered-abutment compatibility."
tohoku:prop:2.5.3:proof:p1,151,proposition,tohoku:section:2.5,151,151,sem/r18/nodes.csv:748,5A8E5720BC2EF8905BF85F7919C65AC4A87A31CFC854BD77E6B5084C0D2DEBEF,injectives,derived-section-injective-resolutions;homology-section-injectives,0134;013G,D000764,structural_only,integrated_source_stacks_and_independent_review,derived-definition-cartan-eilenberg;derived-lemma-resolving-functor-acyclic-resolution;derived-lemma-resolving-functor-spectral-sequences,015H,"The integrated proof now constructs the source's auxiliary totalled comparison double complex and its two augmentation maps, then proves the first spectral-sequence comparison column by column. This remains a structural proof component of Proposition 2.5.3."
tohoku:prop:2.5.3:proof:p2,152,proposition,tohoku:section:2.5,152,152,sem/r18/nodes.csv:749,5A8E5720BC2EF8905BF85F7919C65AC4A87A31CFC854BD77E6B5084C0D2DEBEF,injectives,derived-section-injective-resolutions;homology-section-injectives,0134;013G,D000765,structural_only,integrated_source_stacks_and_independent_review,derived-lemma-resolving-functor-acyclic-resolution;derived-lemma-resolving-functor-spectral-sequences,,"The integrated proof now performs the source's rowwise calculation using exactness of every resolving-functor degree and the Cartan--Eilenberg resolution of H^p(K), proving the second E_2 comparison and both natural identifications. This remains a structural proof component of Proposition 2.5.3."
tohoku:prop:2.5.4,152,proposition,tohoku:section:2.5,152,152,sem/r18/nodes.csv:750,5A8E5720BC2EF8905BF85F7919C65AC4A87A31CFC854BD77E6B5084C0D2DEBEF,spectral-sequence,homology-section-spectral-sequence,011M,D000768,existing_equivalent,integrated_source_stacks_and_independent_review,derived-lemma-composite-resolving-functor-spectral-sequence,,Stacks now proves the source proposition by a natural zigzag of quasi-isomorphic complexes: the second G-hyperderived spectral sequence of the resolving complex is isomorphic from E_2 through the filtered abutment to the second composite-functor spectral sequence.
tohoku:prop:2.5.4:proof,152,proposition,tohoku:section:2.5,152,152,sem/r18/nodes.csv:751,5A8E5720BC2EF8905BF85F7919C65AC4A87A31CFC854BD77E6B5084C0D2DEBEF,injectives;spectral-sequence,derived-section-injective-resolutions;homology-section-injectives;homology-section-spectral-sequence,011M;0134;013G,D000769,structural_only,integrated_source_stacks_and_independent_review,derived-equation-composite-resolving-functor-comparison;derived-lemma-resolving-functor-acyclic-resolution;derived-lemma-composite-resolving-functor-spectral-sequence,,"The integrated proof now uses an injective resolution to build the exact source zigzag F(I) to Tot(\mathbf F(I)) from \mathbf F(A), applies the second G-hyperderived sequence, and proves both E_2 arrows and filtered-abutment maps are isomorphisms. This remains a structural proof component of Proposition 2.5.4."
tohoku:prop:2.5.5,153,proposition,tohoku:section:2.5,153,153,sem/r18/nodes.csv:752,5A8E5720BC2EF8905BF85F7919C65AC4A87A31CFC854BD77E6B5084C0D2DEBEF,spectral-sequence,homology-section-spectral-sequence,011M,D000773,existing_equivalent,integrated_source_stacks_and_independent_review,derived-lemma-four-functor-resolving-spectral-sequences,,"Stacks now proves that the first and second G-hyperderived spectral sequences of \mathbf F(A) are naturally the second composite-functor sequences for F'G' and GF, respectively, from E_2 through their finite filtered abutments, under the source's exact corrected bold hypotheses."
tohoku:prop:2.5.5:proof,153,proposition,tohoku:section:2.5,153,153,sem/r18/nodes.csv:753,5A8E5720BC2EF8905BF85F7919C65AC4A87A31CFC854BD77E6B5084C0D2DEBEF,injectives;spectral-sequence,derived-section-injective-resolutions;homology-section-injectives;homology-section-spectral-sequence,011M;0134;013G,D000774,structural_only,integrated_source_stacks_and_independent_review,derived-lemma-resolving-functor-spectral-sequences;derived-lemma-composite-resolving-functor-spectral-sequence;derived-lemma-four-functor-resolving-spectral-sequences,,"The integrated proof now follows the source's corrected argument: it replaces F'G' by the resolving double complex, transports it across \mathbf F'G'=G\mathbf F, and uses the termwise G-acyclic resolution to identify its second sequence with the first G-hyperderived sequence of \mathbf F(A). This remains a structural proof component of Proposition 2.5.5."
tohoku:prop:3.1.1,155,proposition,tohoku:section:3.1,155,155,sem/r18/nodes.csv:754,5A8E5720BC2EF8905BF85F7919C65AC4A87A31CFC854BD77E6B5084C0D2DEBEF,abelian;additive;grothendieck-category,homology-section-abelian-categories;homology-section-additive-categories;injectives-section-grothendieck-categories;injectives-section-grothendieck-conditions,00ZX;05AB;079A;09SE,D000776,existing_equivalent,integrated_source_stacks_and_independent_review,modules-lemma-AB5-AB3-star-generator,,"Stacks now proves in one reusable result that sheaves of modules form an abelian category satisfying AB5 and AB3-star and admits arbitrary products, and it constructs the explicit generator as the direct sum of the extension-by-zero modules j_{U!} O_U over all open subsets U, exactly matching the source proposition."
tohoku:prop:3.1.2,156,proposition,tohoku:section:3.1,156,156,sem/r18/nodes.csv:755,5A8E5720BC2EF8905BF85F7919C65AC4A87A31CFC854BD77E6B5084C0D2DEBEF,injectives,derived-section-injective-resolutions;homology-section-injectives,0134;013G,D000300,existing_equivalent,reviewed_equivalent,injectives-lemma-sheaves-modules-space,01DI,"The tagged lemma uses injective stalk modules to build an injective product sheaf and embeds every module sheaf into one, exactly as the source proposition."
tohoku:prop:3.1.3,156,proposition,tohoku:section:3.1,156,156,sem/r18/nodes.csv:756,5A8E5720BC2EF8905BF85F7919C65AC4A87A31CFC854BD77E6B5084C0D2DEBEF,injectives,derived-section-injective-resolutions;homology-section-injectives,0134;013G,D000301,existing_equivalent,reviewed_equivalent,modules-lemma-j-shriek-exact;homology-lemma-adjoint-preserve-injectives,01AK;015Z,"Restriction to an open set is right adjoint to exact extension by zero, so the tagged adjoint criterion yields the source preservation of injectives."
tohoku:prop:3.1.4,156,proposition,tohoku:section:3.1,156,156,sem/r18/nodes.csv:757,5A8E5720BC2EF8905BF85F7919C65AC4A87A31CFC854BD77E6B5084C0D2DEBEF,injectives,derived-section-injective-resolutions;homology-section-injectives,0134;013G,D000302,existing_equivalent,reviewed_equivalent,modules-lemma-i-star-exact;modules-lemma-exactness-pushforward-pullback;homology-lemma-adjoint-preserve-injectives,01AX;01AJ;015Z,"For a closed inclusion, the verified exact functor and adjunction imply that extension to X preserves injectives, matching the source statement."
tohoku:prop:3.2.1,157,proposition,tohoku:section:3.2,157,157,sem/r18/nodes.csv:758,5A8E5720BC2EF8905BF85F7919C65AC4A87A31CFC854BD77E6B5084C0D2DEBEF,delta-functor;injectives,derived-section-injective-resolutions;homology-section-cohomological-delta-functor;homology-section-injectives,010P;0134;013G,D000782,existing_equivalent,integrated_source_stacks_and_independent_review,cohomology-lemma-cohomology-family-supports;homology-lemma-uniqueness-universal-delta-functor,010U,"Stacks now characterizes family-supported cohomology as the unique cohomological delta functor with negative vanishing, degree zero Gamma_Phi, and positive-degree vanishing on injective sheaves, exactly matching Proposition 3.2.1."
tohoku:prop:3.2.2,158,proposition,tohoku:section:3.2,158,158,sem/r18/nodes.csv:759,5A8E5720BC2EF8905BF85F7919C65AC4A87A31CFC854BD77E6B5084C0D2DEBEF,,,,D000786,existing_equivalent,integrated_source_stacks_and_independent_review,cohomology-lemma-family-supports-pullback,,"Stacks now proves the unique natural maps H^p_Psi(Y,F) to H^p_Phi(X,f^{-1}F) for arbitrary compatible families of closed supports, in every degree and transitively under composition, exactly matching Proposition 3.2.2."
tohoku:prop:3.3.2,159,proposition,tohoku:section:3.3,159,159,sem/r18/nodes.csv:760,5A8E5720BC2EF8905BF85F7919C65AC4A87A31CFC854BD77E6B5084C0D2DEBEF,,,,D000790,existing_equivalent,integrated_source_stacks_and_independent_review,cohomology-lemma-family-supports-acyclic-classes,,"Stacks now proves the source's complete acyclic-class criterion for both flasque sheaves and Phi-soft sheaves under a paracompactifying family: embeddings, closure under direct summands, quotient closure, and exactness of the corresponding supported-section functor, including support-controlled lifting."
tohoku:prop:3.4.1,161,proposition,tohoku:section:3.4,161,161,sem/r18/nodes.csv:761,5A8E5720BC2EF8905BF85F7919C65AC4A87A31CFC854BD77E6B5084C0D2DEBEF,,,,D001064,existing_equivalent,integrated_source_stacks_and_independent_review,divisors-lemma-locally-UFD-divisor-resolution;divisors-lemma-locally-UFD-projective-linear-torsors-lift,,"Stacks proves H^i(X,O_X^*)=0 for i >= 2 on Noetherian integral locally UFD schemes and the new bounded lemma applies the central sequence 1 -> G_m -> GL_n -> PGL_n -> 1 to show every Zariski PGL_n-torsor lifts to GL_n, hence each corresponding projective-space bundle is a projectivization. These hypotheses include the source's irreducible locally factorial variety; no etale/fppf lifting or general Brauer-vanishing claim is made."
tohoku:prop:3.4.2:p1,161,proposition,tohoku:section:3.4,161,161,sem/r18/nodes.csv:762,5A8E5720BC2EF8905BF85F7919C65AC4A87A31CFC854BD77E6B5084C0D2DEBEF,,,,D000307,structural_only,reviewed_structural,,,This page contains only the opening hypotheses of the proposition; the substantive obstruction conclusion is completed by the following unit.
tohoku:prop:3.4.2:p2,162,proposition,tohoku:section:3.4,162,162,sem/r18/nodes.csv:763,5A8E5720BC2EF8905BF85F7919C65AC4A87A31CFC854BD77E6B5084C0D2DEBEF,,,,D001005,existing_equivalent,integrated_source_stacks_and_independent_review,cohomology-lemma-pointwise-envelope-degree-two-boundary,,"Stacks now constructs the source's functorial twisted degree-two obstruction from a P-lift Q, proves independence of the lift, identifies the twisted middle term with Π(F^E) rather than using the false locality of flasqueness, and proves that the class vanishes exactly when E is induced from a G-torsor."
tohoku:prop:quotient-category-properties,139,proposition,tohoku:section:1.11,139,139,sem/r18/nodes.csv:764,5A8E5720BC2EF8905BF85F7919C65AC4A87A31CFC854BD77E6B5084C0D2DEBEF,abelian,homology-section-abelian-categories,00ZX,D000065,existing_stronger,reviewed_stronger,homology-lemma-serre-subcategory-is-kernel,02MS,"Stacks proves the quotient is abelian, the quotient functor exact and essentially surjective with kernel the Serre subcategory, and adds the universal property."
tohoku:prop:satellites-uniqueness,140,proposition,tohoku:section:2.2,140,140,sem/r18/nodes.csv:765,5A8E5720BC2EF8905BF85F7919C65AC4A87A31CFC854BD77E6B5084C0D2DEBEF,,,,D000990,existing_equivalent,integrated_source_stacks_and_independent_review,homology-lemma-uniqueness-universal-graded-connecting-functor,,"Stacks proves for any fixed interval containing degree 0, variance, and step that two universal graded connecting functors with fixed identifications of their degree-zero functors are joined by a unique isomorphism inducing the prescribed degree-zero identification. Specializing to covariant step +1 and degrees 0 through a, with a > 0, gives exactly the p. 140 satellite-uniqueness assertion. No existence of satellites, unqualified uniqueness under nontrivial automorphisms of F, or compatibility between different truncation lengths is claimed."
tohoku:prop:sheaves-etale-spaces-equivalence,154,proposition,tohoku:section:3.1,154,154,sem/r18/nodes.csv:766,5A8E5720BC2EF8905BF85F7919C65AC4A87A31CFC854BD77E6B5084C0D2DEBEF,,,,D000779,existing_equivalent,integrated_source_stacks_and_independent_review,sheaves-lemma-sheaves-etale-spaces-equivalence,,"Stacks now proves that local sections of an etale space form a sheaf, that the etale-space and local-section constructions are quasi-inverse equivalences, and that applying them to an arbitrary presheaf recovers its canonical sheafification, exactly matching the source proposition."
tohoku:property:equivariant-ext-functoriality,214,property,tohoku:section:5.6,214,214,sem/r18/nodes.csv:767,8D632A04EE0FA987B40B721BEE6E64BB3E641D6A1CE02335556213F1564C9A53,ext,cohomology-section-ext;derived-section-ext,06XP;0BQP,D000928,existing_equivalent,integrated_source_stacks_and_independent_review,cohomology-definition-equivariant-ext;cohomology-lemma-equivariant-ext-properties;cohomology-lemma-localize-equivariant-ext;cohomology-lemma-equivariant-ext-slice,,"Stacks now proves that, for fixed A, the global and sheaf-valued equivariant Ext families are universal cohomological delta functors in B and recover the corresponding equivariant Hom functors in degree zero; identifies the global groups with Ext in Mod_G(O); proves that both families are contravariant cohomological delta functors in A for fixed B; proves the local restriction isomorphism (5.6.8) on every open U in Y; and proves the induced-slice reduction, so for a discontinuous action the local computation reduces to the finite stabilizer G_x. This is in the inherited commutative G-ringed-space setting. No stalk-to-fiber comparison, Lemma 5.6.1 acyclicity, or later spectral-sequence claim is included."
tohoku:proposition:3.10.1,181,proposition,tohoku:section:3.10,181,181,sem/r18/nodes.csv:768,5A8E5720BC2EF8905BF85F7919C65AC4A87A31CFC854BD77E6B5084C0D2DEBEF,abelian;injectives;limits,categories-section-directed-colimits;categories-section-limits;cohomology-section-limits;derived-section-injective-resolutions;homology-section-abelian-categories;homology-section-injectives,002D;00ZX;0134;013G;01FE;04AX,D000818,existing_equivalent,integrated_source_stacks_and_independent_review,derived-lemma-filtered-colimit-right-derived-functors,,"Stacks now states and proves Proposition 3.10.1: for a directed system of additive functors from an abelian category with enough injectives to an AB5 abelian category, filtered colimit commutes functorially with every right derived functor, and the comparison respects the connecting maps."
tohoku:proposition:3.10.2,183,proposition,tohoku:section:3.10,183,183,sem/r18/nodes.csv:769,5A8E5720BC2EF8905BF85F7919C65AC4A87A31CFC854BD77E6B5084C0D2DEBEF,limits,categories-section-directed-colimits;categories-section-limits;cohomology-section-limits,002D;01FE;04AX,D000822,existing_equivalent,integrated_source_stacks_and_independent_review,cohomology-lemma-cohomology-limit-relatively-compact-opens,,"Stacks now proves Proposition 3.10.2: for a locally compact Hausdorff space countable at infinity the inverse-limit restriction maps are surjective, with bijectivity under the stated Mittag-Leffler condition for p greater than 1 and under the complete-metrizable dense-image condition for p equal to 1."
tohoku:proposition:3.6.1,167,proposition,tohoku:section:3.6,167,167,sem/r18/nodes.csv:770,5A8E5720BC2EF8905BF85F7919C65AC4A87A31CFC854BD77E6B5084C0D2DEBEF,limits,categories-section-directed-colimits;categories-section-limits;cohomology-section-limits,002D;01FE;04AX,D000796,existing_equivalent,integrated_source_stacks_and_independent_review,cohomology-lemma-cohomological-functor-local-generators,,"Stacks now proves Proposition 3.6.1 in its full abstract form: for an integer-indexed cohomological functor from abelian sheaves to an AB4 abelian category that commutes with filtered colimits, membership of the three generator degrees p, p+1, and p+2 in a direct-sum-stable Serre subcategory implies membership of T^p(F) for every abelian sheaf F."
tohoku:proposition:3.6.2,169,proposition,tohoku:section:3.6,169,169,sem/r18/nodes.csv:771,5A8E5720BC2EF8905BF85F7919C65AC4A87A31CFC854BD77E6B5084C0D2DEBEF,abelian;derived-functor;grothendieck-category;limits,categories-section-directed-colimits;categories-section-limits;cohomology-section-derived-functors;cohomology-section-limits;derived-section-right-derived-functor;homology-section-abelian-categories;injectives-section-grothendieck-categories;injectives-section-grothendieck-conditions,002D;00ZX;0156;01FE;04AX;05AB;0716;079A,D001015,existing_equivalent,integrated_source_stacks_and_independent_review,derived-lemma-right-derived-functor-commutes-filtered-colimits,,"Stacks now proves the source-qualified AB5 criterion: for a small filtered partially ordered set, an additive functor commuting with filtered colimits has derived functors commuting with those colimits when colimits of systems of injectives are fully right T-acyclic; if T is left exact, positive-degree vanishing suffices. The formulation explicitly includes the degree-zero comparison missing from the arbitrary-additive source statement and does not assert that colimits of injectives are injective."
tohoku:proposition:3.6.3,170,proposition,tohoku:section:3.6,170,170,sem/r18/nodes.csv:772,5A8E5720BC2EF8905BF85F7919C65AC4A87A31CFC854BD77E6B5084C0D2DEBEF,limits,categories-section-directed-colimits;categories-section-limits;cohomology-section-limits,002D;01FE;04AX,D000804,existing_equivalent,integrated_source_stacks_and_independent_review,cohomology-lemma-family-supports-colimit,,Stacks now proves both cases of Proposition 3.6.3: supported cohomology commutes with directed colimits for the compact-support family on a locally compact Hausdorff space and for the all-closed-support family on a Noetherian (Tohoku Zariski) space; Stacks terminology locally quasi-compact Hausdorff/quasi-compact is equivalent here to the source terminology locally compact/compact.
tohoku:proposition:3.9.2,180,proposition,tohoku:section:3.9,180,180,sem/r18/nodes.csv:773,5A8E5720BC2EF8905BF85F7919C65AC4A87A31CFC854BD77E6B5084C0D2DEBEF,cech,cohomology-section-cech;cohomology-section-cech-cohomology-cohomology,01ED;01EO,D000975,existing_equivalent,integrated_source_stacks_and_independent_review,cohomology-lemma-separating-finite-closed-coverings-refine-open-covering,,"With the missing global trace-compatibility hypothesis admitted in p180_fix1 and sem/r12, Stacks proves both the point-separating finite closed-cover refinement lemma on X and the full corrected family conclusion: for every closed A, the induced trace coverings belong to R(A), and their finite common refinements refine every open covering of A."
tohoku:proposition:4.1.1,185,proposition,tohoku:section:4.1,185,185,sem/r18/nodes.csv:774,8D632A04EE0FA987B40B721BEE6E64BB3E641D6A1CE02335556213F1564C9A53,,,,D000428,existing_equivalent,reviewed_equivalent,modules-lemma-stalk-internal-hom,01CP,Stacks proves exactly that the stalk-to-Hom map is injective for a finite-type first argument and an isomorphism for a finitely presented first argument.
tohoku:proposition:4.1.2,187,proposition,tohoku:section:4.1,187,187,sem/r18/nodes.csv:775,8D632A04EE0FA987B40B721BEE6E64BB3E641D6A1CE02335556213F1564C9A53,injectives,derived-section-injective-resolutions;homology-section-injectives,0134;013G,D001016,existing_stronger,integrated_source_stacks_and_independent_review,injectives-lemma-injective-left-module-stalks,,"Stacks now proves the proposition in a stronger pointwise local form for sheaves of not-necessarily-commutative unital rings: coherence of the left regular sheaf near x and left Noetherianity of the single stalk imply that the stalk at x of every injective sheaf of unital left modules is injective. The proof gives the left-sided Baer criterion, the finite-presentation stalk-Hom comparison as abelian groups, and extension by zero; the former commutative lemma is retained as a corollary. No right-module, two-sided-ideal, or unrestricted stalk-preservation claim is made."
tohoku:proposition:4.1.3,187,proposition,tohoku:section:4.1,187,187,sem/r18/nodes.csv:776,8D632A04EE0FA987B40B721BEE6E64BB3E641D6A1CE02335556213F1564C9A53,injectives,derived-section-injective-resolutions;homology-section-injectives,0134;013G,D000514,existing_equivalent,reviewed_equivalent,sites-modules-lemma-extension-by-zero;cohomology-lemma-injective-restriction-surjective,03DI;01EA,Stacks' extension-by-zero adjunction and surjectivity of restriction from an injective module sheaf give the same flabbiness of internal Hom into an injective.
tohoku:proposition:4.2.3,189,proposition,tohoku:section:4.2,189,189,sem/r18/nodes.csv:777,8D632A04EE0FA987B40B721BEE6E64BB3E641D6A1CE02335556213F1564C9A53,ext,cohomology-section-ext;derived-section-ext,06XP;0BQP,D000515,existing_stronger,reviewed_stronger,cohomology-lemma-Rhom-strictly-perfect,08DM,"A locally finite free module is strictly perfect in degree zero, and the Stacks RHom computation yields the asserted higher sheaf-Ext vanishing in stronger derived form."
tohoku:proposition:4.2.4,189,proposition,tohoku:section:4.2,189,189,sem/r18/nodes.csv:778,8D632A04EE0FA987B40B721BEE6E64BB3E641D6A1CE02335556213F1564C9A53,,,,D000516,existing_stronger,reviewed_stronger,cohomology-lemma-Rhom-complex-of-direct-summands-finite-free,08I5,"Stacks computes RHom from a complex of finite-free direct summands by the ordinary Hom complex, subsuming this comparison of a finite-free resolution with derived Hom."
tohoku:proposition:4.3.2,191,proposition,tohoku:section:4.3,191,191,sem/r18/nodes.csv:779,8D632A04EE0FA987B40B721BEE6E64BB3E641D6A1CE02335556213F1564C9A53,spectral-sequence,homology-section-spectral-sequence,011M,D000825,existing_equivalent,integrated_source_stacks_and_independent_review,cohomology-lemma-constant-sheaf-ext-double-complex,,"Stacks now proves Proposition 4.3.2: the resolution-degree filtration gives Ext_R^p(M, H^q(X, A)), while for a termwise finite-free resolution the Godement-degree filtration gives the local-to-global sequence H^p(X, SheafExt^q(underline M, A)), with their common global-Ext abutment."
tohoku:proposition:5.1.1,196,proposition,tohoku:section:5.1,196,196,sem/r18/nodes.csv:780,8D632A04EE0FA987B40B721BEE6E64BB3E641D6A1CE02335556213F1564C9A53,abelian;additive;grothendieck-category,homology-section-abelian-categories;homology-section-additive-categories;injectives-section-grothendieck-categories;injectives-section-grothendieck-conditions,00ZX;05AB;079A;09SE,D000843,existing_equivalent,integrated_source_stacks_and_independent_review,modules-lemma-generator-G-O-modules;modules-lemma-AB5-AB3-star-generator-G-O-modules,,"Stacks now proves Proposition 5.1.1: the category of G-O-modules is abelian, satisfies AB5 and AB3*, and has the explicit direct-sum generator built from the translates of local extension-by-zero modules."
tohoku:proposition:5.1.2,197,proposition,tohoku:section:5.1,197,197,sem/r18/nodes.csv:781,8D632A04EE0FA987B40B721BEE6E64BB3E641D6A1CE02335556213F1564C9A53,injectives,derived-section-injective-resolutions;homology-section-injectives,0134;013G,D000854,existing_equivalent,integrated_source_stacks_and_independent_review,injectives-lemma-equivariant-product-injectives,,"Stacks now proves Proposition 5.1.2: P(I) is injective when each stabilizer-ring module I_y is injective, and every G-O-module embeds stalkwise into a module of this form."
tohoku:proposition:5.1.3,198,proposition,tohoku:section:5.1,198,198,sem/r18/nodes.csv:782,8D632A04EE0FA987B40B721BEE6E64BB3E641D6A1CE02335556213F1564C9A53,injectives,derived-section-injective-resolutions;homology-section-injectives,0134;013G,D000858,existing_equivalent,integrated_source_stacks_and_independent_review,injectives-lemma-pushforward-equivariant-injectives,,"Stacks now proves Proposition 5.1.3: orbit-space pushforward takes injective abelian G-sheaves on X to injective abelian G-sheaves on X/G, using the source's orbitwise coinduced pointwise-product construction."
tohoku:proposition:5.2.1,200,proposition,tohoku:section:5.2,200,200,sem/r18/nodes.csv:783,8D632A04EE0FA987B40B721BEE6E64BB3E641D6A1CE02335556213F1564C9A53,,,,D000868,existing_equivalent,integrated_source_stacks_and_independent_review,cohomology-lemma-localize-higher-invariant-direct-image,,"Stacks now proves Proposition 5.2.1: higher invariant direct images commute canonically with restriction to every open subset of the orbit space, and are the sheaves associated to the local equivariant-cohomology presheaves."
tohoku:proposition:5.2.2,201,proposition,tohoku:section:5.2,201,201,sem/r18/nodes.csv:784,8D632A04EE0FA987B40B721BEE6E64BB3E641D6A1CE02335556213F1564C9A53,spectral-sequence,homology-section-spectral-sequence,011M,D000946,existing_equivalent,integrated_source_stacks_and_independent_review,cohomology-lemma-orbit-space-equivariant-third-spectral-sequence;cohomology-lemma-orbit-space-equivariant-pushforward-acyclic,,"Stacks now proves that vanishing of the positive ordinary higher direct images makes the third equivariant Leray spectral sequence degenerate, identifies equivariant cohomology before and after pushforward, identifies the sheaf-valued group cohomology, and canonically compares the two earlier equivariant spectral sequences from the E_2-page onward."
tohoku:proposition:5.2.3,202,proposition,tohoku:section:5.2,202,202,sem/r18/nodes.csv:785,8D632A04EE0FA987B40B721BEE6E64BB3E641D6A1CE02335556213F1564C9A53,spectral-sequence,homology-section-spectral-sequence,011M,D000876,existing_equivalent,integrated_source_stacks_and_independent_review,cohomology-lemma-orbit-space-equivariant-cohomology-degeneration,,"Stacks now proves Proposition 5.2.3: if the higher invariant direct images vanish, equivariant cohomology is canonically the cohomology of the invariant direct image on the orbit space, and the second spectral sequence abuts to that quotient cohomology."
tohoku:proposition:5.2.4,202,proposition,tohoku:section:5.2,202,202,sem/r18/nodes.csv:786,8D632A04EE0FA987B40B721BEE6E64BB3E641D6A1CE02335556213F1564C9A53,spectral-sequence,homology-section-spectral-sequence,011M,D000877,existing_equivalent,integrated_source_stacks_and_independent_review,cohomology-lemma-orbit-space-equivariant-cohomology-global-acyclic,,"Stacks now proves Proposition 5.2.4: if the ordinary higher cohomology of the G-sheaf on X vanishes, equivariant cohomology is canonically the group cohomology of its global sections, and the first spectral sequence abuts to that group cohomology."
tohoku:proposition:5.4.1,206,proposition,tohoku:section:5.4,206,206,sem/r18/nodes.csv:787,8D632A04EE0FA987B40B721BEE6E64BB3E641D6A1CE02335556213F1564C9A53,,,,D000888,existing_equivalent,integrated_source_stacks_and_independent_review,cohomology-lemma-orbit-space-equivariant-cohomology-support-filtration,,"Stacks now proves the filtration 0 subset Im(partial) subset Ker(alpha^n) subset H^n(Y,q_*^G A) and identifies its successive quotients with Coker(beta^(n-1)), the fixed-support comparison kernel, and Ker(beta^n), including the source's explicit cokernel formula."
tohoku:proposition:5.5.4,209;210,proposition,tohoku:section:5.5,209,210,sem/r18/nodes.csv:788,8D632A04EE0FA987B40B721BEE6E64BB3E641D6A1CE02335556213F1564C9A53,cech,cohomology-section-cech;cohomology-section-cech-cohomology-cohomology,01ED;01EO,D000906,existing_stronger,integrated_source_stacks_and_independent_review,cohomology-lemma-equivariant-cech-free-index,,"Stacks proves Proposition 5.5.4 in a stronger topology-independent form: every nonnegative G-complex with the source's free-indexed coefficient decomposition is termwise acyclic for invariants, so its invariant complex computes hyperderived invariants; the fixed-point-free Cech formula follows canonically."
tohoku:question:injectivity-of-stalk,186,question,tohoku:section:4.1,186,186,sem/r18/nodes.csv:789,8D632A04EE0FA987B40B721BEE6E64BB3E641D6A1CE02335556213F1564C9A53,abelian;injectives,derived-section-injective-resolutions;homology-section-abelian-categories;homology-section-injectives,00ZX;0134;013G,D000525,structural_only,reviewed_structural,injectives-lemma-sheaves-modules-space,01DI,"This is the motivating question and Baer-criterion reduction for the next proposition, not an asserted result; the cited Stacks lemma only constructs injectives in the opposite direction."
tohoku:reduction:3.4.2:E-via-Q,163,reduction,tohoku:section:3.4,163,163,sem/r18/nodes.csv:790,5A8E5720BC2EF8905BF85F7919C65AC4A87A31CFC854BD77E6B5084C0D2DEBEF,,,,D000310,structural_only,reviewed_structural,,,This commutative-diagram reduction translates the lifting question from E to Q inside one proof and should not be treated as a separate theorem.
tohoku:reduction:equivariant-injective-underlying,216,reduction,tohoku:section:5.6,216,216,sem/r18/nodes.csv:791,8D632A04EE0FA987B40B721BEE6E64BB3E641D6A1CE02335556213F1564C9A53,abelian;injectives,derived-section-injective-resolutions;homology-section-abelian-categories;homology-section-injectives,00ZX;0134;013G,D000629,structural_only,reviewed_structural,injectives-lemma-G-modules,04JF,This is a proof reduction from the equivariant sheaf statement to a general category with group action; it is not an independently asserted target beyond the following construction.
tohoku:reduction:hom-direct-summand-acyclicity,216,reduction,tohoku:section:5.6,216,216,sem/r18/nodes.csv:792,8D632A04EE0FA987B40B721BEE6E64BB3E641D6A1CE02335556213F1564C9A53,derived-functor;injectives,cohomology-section-derived-functors;derived-section-injective-resolutions;derived-section-right-derived-functor;homology-section-injectives,0134;013G;0156;0716,D000630,structural_only,reviewed_structural,injectives-lemma-G-modules,04JF,"The direct-summand argument is an internal proof step reducing G-acyclicity to the coinduced module B prime, not an independent integration statement."
tohoku:reduction:kunneth-for-constant-sheaves,191,reduction,tohoku:section:4.3,191,191,sem/r18/nodes.csv:793,8D632A04EE0FA987B40B721BEE6E64BB3E641D6A1CE02335556213F1564C9A53,ext;spectral-sequence,cohomology-section-ext;derived-section-ext;homology-section-spectral-sequence,011M;06XP;0BQP,D000526,structural_only,reviewed_structural,more-algebra-section-kunneth-spectral-sequence;more-algebra-equation-first-ss-ext,0H7V;0AVH,This sentence is a transition reducing the computation to the Kunneth-type spectral sequences stated next.
tohoku:relation:derived-hom-functors,216,relation,tohoku:section:5.6,216,216,sem/r18/nodes.csv:794,8D632A04EE0FA987B40B721BEE6E64BB3E641D6A1CE02335556213F1564C9A53,derived-functor;ext,cohomology-section-derived-functors;cohomology-section-ext;derived-section-ext;derived-section-right-derived-functor,0156;06XP;0716;0BQP,D000935,existing_equivalent,integrated_source_stacks_and_independent_review,cohomology-lemma-equivariant-underlying-ext,,"Stacks now proves the equivariant continuation explicitly: an injective resolution in Mod_G(O) is underlying-injective, so deriving ordinary global Hom and internal Hom on the equivariant category computes ordinary global Ext and sheaf Ext, with their canonical induced G-actions."
tohoku:relation:equivariant-hom-functors,214,relation,tohoku:section:5.6,214,214,sem/r18/nodes.csv:795,8D632A04EE0FA987B40B721BEE6E64BB3E641D6A1CE02335556213F1564C9A53,exact-functor,categories-section-exact-functor,0033,D000926,existing_equivalent,integrated_source_stacks_and_independent_review,cohomology-lemma-equivariant-hom-functors,,"Stacks now proves that the four Hom assignments are additive left exact functors and proves the functorial identities (5.6.4) and (5.6.5): bold h_{O,G,A}=q_*^G composed with bold h_{O,A}, while h_{O,G,A}=Gamma(Y,-) composed with bold h_{O,G,A}=(-)^G composed with h_{O,A}=Gamma_X^G composed with bold h_{O,A}. Here (-)^G is the source's Gamma^G notation. No derived Ext, locality, stalk, acyclicity, or spectral-sequence claim is included."
tohoku:remark:1a-local-composition-computation,211,remark,tohoku:section:5.5,211,211,sem/r18/nodes.csv:796,8D632A04EE0FA987B40B721BEE6E64BB3E641D6A1CE02335556213F1564C9A53,derived-functor,cohomology-section-derived-functors;derived-section-right-derived-functor,0156;0716,D000633,example_or_remark,reviewed_example_or_remark,cohomology-section-cech,01ED,The remark spells out a constant-coefficient local computation for a translate cover; it is an illustrative specialization rather than an exact labelled Stacks result.
tohoku:remark:1b-spectral-sequence-comparison,211,remark,tohoku:section:5.5,211,211,sem/r18/nodes.csv:797,8D632A04EE0FA987B40B721BEE6E64BB3E641D6A1CE02335556213F1564C9A53,spectral-sequence,homology-section-spectral-sequence,011M,D000634,example_or_remark,reviewed_example_or_remark,cohomology-lemma-cech-spectral-sequence;derived-lemma-grothendieck-spectral-sequence,01ES;015N,This compares the source's G-cover spectral sequence with its earlier group-cohomology spectral sequence. Local general machinery does not state that comparison.
tohoku:remark:2-low-degree-cech-consequences,213,remark,tohoku:section:5.5,213,213,sem/r18/nodes.csv:798,8D632A04EE0FA987B40B721BEE6E64BB3E641D6A1CE02335556213F1564C9A53,cech;spectral-sequence,cohomology-section-cech;cohomology-section-cech-cohomology-cohomology;homology-section-spectral-sequence,011M;01ED;01EO,D000918,existing_equivalent,integrated_source_stacks_and_independent_review,cohomology-lemma-equivariant-cech-comparison-low-degree,,"Stacks now states and proves the unrestricted low-degree equivariant Cech comparison: for every action and every abelian G-sheaf, the canonical degree-one map is a functorial isomorphism and the degree-two map is a functorial injection; the proof establishes the required E_2^{0,r} vanishing by equivariant refinement."
tohoku:remark:2.4.1:1,148,remark,tohoku:section:2.4,148,148,sem/r18/nodes.csv:799,5A8E5720BC2EF8905BF85F7919C65AC4A87A31CFC854BD77E6B5084C0D2DEBEF,delta-functor,homology-section-cohomological-delta-functor,010P,D000199,example_or_remark,reviewed_example_or_remark,derived-lemma-F-acyclic;derived-lemma-compose-derived-functors;homology-lemma-efface-implies-universal,015C;015M;010T,Stacks characterizes G-acyclicity by vanishing higher derived functors and uses it for composition; the equivalence with effaceability of every (R^qG)F is not packaged as one result.
tohoku:remark:2.4.1:2,148,remark,tohoku:section:2.4,148,148,sem/r18/nodes.csv:800,5A8E5720BC2EF8905BF85F7919C65AC4A87A31CFC854BD77E6B5084C0D2DEBEF,derived-functor;injectives;spectral-sequence,cohomology-section-derived-functors;derived-section-injective-resolutions;derived-section-right-derived-functor;homology-section-injectives;homology-section-spectral-sequence,011M;0134;013G;0156;0716,D000200,example_or_remark,reviewed_example_or_remark,derived-lemma-leray-acyclicity;derived-lemma-grothendieck-spectral-sequence,015E;015N,"Leray acyclicity justifies replacing injectives by F-acyclic resolution terms, and the Grothendieck lemma supplies the spectral sequence; the exact two-step recipe is not separately stated."
tohoku:remark:2.4.1:3,148,remark,tohoku:section:2.4,148,148,sem/r18/nodes.csv:801,5A8E5720BC2EF8905BF85F7919C65AC4A87A31CFC854BD77E6B5084C0D2DEBEF,spectral-sequence,homology-section-spectral-sequence,011M,D000201,example_or_remark,reviewed_example_or_remark,derived-lemma-leray-acyclicity;derived-lemma-two-ss-complex-functor,015E;015J,Stacks gives both the hyperderived spectral sequences and the acyclic-resolution isomorphism F(K) to RF(K); it does not state Tohoku's iterated-connecting-map sign comparison.
tohoku:remark:3.4.2:1:p1,164,remark,tohoku:section:3.4,164,164,sem/r18/nodes.csv:802,5A8E5720BC2EF8905BF85F7919C65AC4A87A31CFC854BD77E6B5084C0D2DEBEF,,,,D001007,example_or_remark,integrated_source_stacks_and_independent_review,cohomology-lemma-pointwise-envelope-degree-two-boundary,,"Stacks now explains the source's sign sentence exactly: its left-torsor convention makes the class +δ(d_u(Q)), while Tohoku records inverse transition functions and therefore prints ∂(E)=-d(Q); these are the same obstruction, not conflicting signs."
tohoku:remark:3.4.2:1:p2,165,remark,tohoku:section:3.4,165,165,sem/r18/nodes.csv:803,5A8E5720BC2EF8905BF85F7919C65AC4A87A31CFC854BD77E6B5084C0D2DEBEF,,,,D001008,example_or_remark,integrated_source_stacks_and_independent_review,cohomology-lemma-pointwise-envelope-degree-two-boundary,,"Stacks now proves the source's abelian 3×3 comparison: the connecting square is anticommutative, but the inverse cocycle representing [E] cancels that minus, so +δ(d_u(Q)) is the standard boundary under Stacks conventions and corresponds to Tohoku's printed minus."
tohoku:remark:3.4.2:2:local-triviality,165,remark,tohoku:section:3.4,165,165,sem/r18/nodes.csv:804,5A8E5720BC2EF8905BF85F7919C65AC4A87A31CFC854BD77E6B5084C0D2DEBEF,,,,D000313,example_or_remark,reviewed_example_or_remark,,,This warning concerns the practical difficulty of checking local triviality before applying the lifting proposition; it is source commentary.
tohoku:remark:3.4.2:3:p1,165,remark,tohoku:section:3.4,165,165,sem/r18/nodes.csv:805,5A8E5720BC2EF8905BF85F7919C65AC4A87A31CFC854BD77E6B5084C0D2DEBEF,,,,D001009,example_or_remark,integrated_source_stacks_and_independent_review,cohomology-lemma-holomorphic-logarithmic-derivative-obstruction,,"Stacks now formalizes the source's complex-Lie-group example: the sheaf P of holomorphic G-valued maps acts by the adjoint representation on A=Ω_X^1⊗_C V, the right logarithmic derivative u(g)=(dg)g^{-1} is a crossed homomorphism with constant-sheaf kernel, and its affine torsor construction gives the stated obstruction."
tohoku:remark:3.4.2:3:p2,166,remark,tohoku:section:3.4,166,166,sem/r18/nodes.csv:806,5A8E5720BC2EF8905BF85F7919C65AC4A87A31CFC854BD77E6B5084C0D2DEBEF,,,,D001012,example_or_remark,integrated_source_stacks_and_independent_review,cohomology-lemma-holomorphic-logarithmic-derivative-obstruction,,"Stacks now proves the full continuation: reduction to the constant sheaf G is equivalent to an integrable holomorphic connection, while d(E)=0 is equivalent in every dimension to the existence of a holomorphic connection; on a complex curve u is an epimorphism of sheaves and every holomorphic connection is integrable, so all three conditions coincide. It also records the Weil-Atiyah attribution and claims no global-section or higher-dimensional surjectivity."
tohoku:remark:3.6.5:1,171,remark,tohoku:section:3.6,171,171,sem/r18/nodes.csv:807,5A8E5720BC2EF8905BF85F7919C65AC4A87A31CFC854BD77E6B5084C0D2DEBEF,,,,D000429,example_or_remark,reviewed_example_or_remark,cohomology-proposition-vanishing-Noetherian,02UZ,"This historical remark situates the source theorem relative to Serre; the cited Stacks proposition is the verified modern theorem, not a separate match for the attribution."
tohoku:remark:3.6.5:2,171,remark,tohoku:section:3.6,171,171,sem/r18/nodes.csv:808,5A8E5720BC2EF8905BF85F7919C65AC4A87A31CFC854BD77E6B5084C0D2DEBEF,,,,D000430,example_or_remark,reviewed_example_or_remark,,,The asserted Zariski-space examples of cohomological dimension zero with high combinatorial dimension are not the labelled Stacks Datta example and have no exact local target.
tohoku:remark:3.8.1-no-hypotheses,175,remark,tohoku:section:3.8,175,175,sem/r18/nodes.csv:809,5A8E5720BC2EF8905BF85F7919C65AC4A87A31CFC854BD77E6B5084C0D2DEBEF,spectral-sequence,homology-section-spectral-sequence,011M,D000431,example_or_remark,reviewed_example_or_remark,cohomology-lemma-cech-spectral-sequence,01ES,The actual Stacks lemma likewise constructs the open-cover spectral sequence without paracompactness or local-finiteness assumptions.
tohoku:remark:4.3.2:1,192;193,remark,tohoku:section:4.3,192,193,sem/r18/nodes.csv:810,8D632A04EE0FA987B40B721BEE6E64BB3E641D6A1CE02335556213F1564C9A53,spectral-sequence,homology-section-spectral-sequence,011M,D000527,example_or_remark,reviewed_example_or_remark,cohomology-lemma-Rhom-complex-of-direct-summands-finite-free,08I5,The remark interprets one page of the Hom bicomplex; Stacks supplies the stronger derived-Hom computation but not this historical spectral-sequence commentary.
tohoku:remark:4.3.2:2,193,remark,tohoku:section:4.3,193,193,sem/r18/nodes.csv:811,8D632A04EE0FA987B40B721BEE6E64BB3E641D6A1CE02335556213F1564C9A53,,,,D000528,existing_equivalent,reviewed_equivalent,cohomology-section-ext,0BQP,"Stacks likewise identifies the stalk of sheaf Ext with the filtered colimit of Ext groups over neighbourhoods, matching the substance of this remark."
tohoku:remark:4.4.1:1,194,remark,tohoku:section:4.4,194,194,sem/r18/nodes.csv:812,8D632A04EE0FA987B40B721BEE6E64BB3E641D6A1CE02335556213F1564C9A53,,,,D000836,existing_equivalent,integrated_source_stacks_and_independent_review,cohomology-lemma-sheaf-group-cohomology-change-coefficients,,Stacks now proves that both sheaf-valued group cohomology and equivariant cohomology are canonically unchanged when a sheaf of k-modules with G-action is regarded instead as a sheaf of abelian groups with G-action.
tohoku:remark:4.4.1:2,195,remark,tohoku:section:4.4,195,195,sem/r18/nodes.csv:813,8D632A04EE0FA987B40B721BEE6E64BB3E641D6A1CE02335556213F1564C9A53,,,,D000530,example_or_remark,reviewed_example_or_remark,etale-cohomology-section-group-cohomology;more-algebra-lemma-kunneth-spectral-sequence,0A2H;0H7Z,This constant G-module specialization is an illustrative application of the two operator spectral sequences; Stacks contains the component group-cohomology and Kunneth tools.
tohoku:remark:5.2.4:1,202,remark,tohoku:section:5.2,202,202,sem/r18/nodes.csv:814,8D632A04EE0FA987B40B721BEE6E64BB3E641D6A1CE02335556213F1564C9A53,derived-functor;injectives,cohomology-section-derived-functors;derived-section-injective-resolutions;derived-section-right-derived-functor;homology-section-injectives,0134;013G;0156;0716,D000958,existing_equivalent,integrated_source_stacks_and_independent_review,cohomology-definition-orbit-space-equivariant-cohomology;cohomology-definition-equivariant-ext;cohomology-lemma-equivariant-ext-locally-free,,"For A=O, equivariant Hom from O is invariant global sections by evaluation at 1. Stacks defines the corresponding Ext as its right derived functor on G-O-modules and proves canonical functorial isomorphisms Ext^n_{O,G}(X;O,B)=H^n(X;G,B), exactly identifying those derived functors with the previously defined equivariant cohomology."
tohoku:remark:5.2.4:2,202;203,remark,tohoku:section:5.2,202,203,sem/r18/nodes.csv:815,8D632A04EE0FA987B40B721BEE6E64BB3E641D6A1CE02335556213F1564C9A53,,,,D000883,structural_only,integrated_source_stacks_and_independent_review,homology-lemma-common-middle-five-term-comparison;cohomology-example-orbit-space-equivariant-five-term-comparison,,The source announcement is now realized by the generic comparison lemma eliminating the common middle object from paired five-term exact sequences and by its equivariant specialization; this unit remains a structural introduction rather than an independent assertion.
tohoku:remark:5.2.4:3,203,remark,tohoku:section:5.2,203,203,sem/r18/nodes.csv:816,8D632A04EE0FA987B40B721BEE6E64BB3E641D6A1CE02335556213F1564C9A53,,,,D000969,example_or_remark,integrated_source_stacks_and_independent_review,injectives-definition-equivariant-product-module;cohomology-lemma-higher-invariant-direct-image-stalk;cohomology-lemma-orbit-space-equivariant-cohomology-finite-group,,"This numbered paragraph is an applications remark, not an independent proposition. In the finite-Hausdorff case its stalk formula is the coinduced-orbit/Shapiro form of the proved higher invariant-direct-image stalk calculation. The algebraic and arithmetic cases are contextual examples, so no theorem-level equivalence is claimed."
tohoku:remark:closed-cover-leray-spectral-sequences,177,remark,tohoku:section:3.8,177,177,sem/r18/nodes.csv:817,5A8E5720BC2EF8905BF85F7919C65AC4A87A31CFC854BD77E6B5084C0D2DEBEF,cech;spectral-sequence,cohomology-section-cech;cohomology-section-cech-cohomology-cohomology;homology-section-spectral-sequence,011M;01ED;01EO,D000432,example_or_remark,reviewed_example_or_remark,,,Stacks' verified Cech spectral sequence is for open covers; no labelled local theorem gives the locally finite closed-cover variant described here.
tohoku:remark:cohomological-hypotheses-5.2,202,remark,tohoku:section:5.2,202,202,sem/r18/nodes.csv:818,8D632A04EE0FA987B40B721BEE6E64BB3E641D6A1CE02335556213F1564C9A53,,,,D000534,example_or_remark,reviewed_example_or_remark,,,This compares the two vanishing hypotheses heuristically with discontinuity and acyclicity conditions; it is explanatory commentary rather than a theorem.
tohoku:remark:cohomology-as-ext,189,remark,tohoku:section:4.2,189,189,sem/r18/nodes.csv:819,8D632A04EE0FA987B40B721BEE6E64BB3E641D6A1CE02335556213F1564C9A53,derived-functor;ext,cohomology-section-derived-functors;cohomology-section-ext;derived-section-ext;derived-section-right-derived-functor,0156;06XP;0716;0BQP,D000535,existing_equivalent,reviewed_equivalent,cohomology-equation-cohomology-modules;derived-definition-ext;cohomology-section-global-RHom,0714;06XQ;0B6A,"Stacks identifies sheaf cohomology with Ext from the structure sheaf and with global RHom, exactly matching the observation."
tohoku:remark:condition-D-basic-properties:p1,203;204,remark,tohoku:section:5.3,203,204,sem/r18/nodes.csv:820,8D632A04EE0FA987B40B721BEE6E64BB3E641D6A1CE02335556213F1564C9A53,,,,D000863,example_or_remark,integrated_source_stacks_and_independent_review,sheaves-lemma-discontinuous-group-action-neighbourhoods,,"Stacks now refines the condition-(D) neighbourhoods to open stabilizer-invariant neighbourhood bases, proves that finite groups acting on Hausdorff spaces satisfy condition (D), and proves the stronger statement that every discontinuous action on an irreducible space is trivial."
tohoku:remark:corollary-3.10.1-1:cartan,182,remark,tohoku:section:3.10,182,182,sem/r18/nodes.csv:821,5A8E5720BC2EF8905BF85F7919C65AC4A87A31CFC854BD77E6B5084C0D2DEBEF,support,cohomology-section-cohomology-support,0A39,D000433,example_or_remark,reviewed_example_or_remark,,,"This is an attribution and use note for the unmatched support-colimit corollary, not an independent local theorem."
tohoku:remark:derived-spectral-functor-scope,147,remark,tohoku:section:2.4,147,147,sem/r18/nodes.csv:822,5A8E5720BC2EF8905BF85F7919C65AC4A87A31CFC854BD77E6B5084C0D2DEBEF,injectives;spectral-sequence,derived-section-injective-resolutions;homology-section-injectives;homology-section-spectral-sequence,011M;0134;013G,D000202,example_or_remark,reviewed_example_or_remark,derived-lemma-unbounded-right-derived;derived-lemma-unbounded-left-derived,07K7;07K8,Stacks proves unbounded right/left derived functors under bounded cohomological dimension and enough acyclic embeddings. It does not package Tohoku's unbounded spectral functors or multifunctor comment.
tohoku:remark:edge-maps-and-five-term-sequence-4.3.1,191,remark,tohoku:section:4.3,191,191,sem/r18/nodes.csv:823,8D632A04EE0FA987B40B721BEE6E64BB3E641D6A1CE02335556213F1564C9A53,,,,D000537,structural_only,reviewed_structural,,,This only notes the formal edge maps and five-term sequence of the preceding spectral sequence and explicitly leaves them unwritten.
tohoku:remark:ext-bifunctoriality:p1,187;188,remark,tohoku:section:4.2,187,188,sem/r18/nodes.csv:824,8D632A04EE0FA987B40B721BEE6E64BB3E641D6A1CE02335556213F1564C9A53,ext;injectives,cohomology-section-ext;derived-section-ext;derived-section-injective-resolutions;homology-section-injectives,0134;013G;06XP;0BQP,D000538,existing_stronger,reviewed_stronger,derived-definition-ext;derived-lemma-representable-homological,06XQ;0149,"Stacks' derived-category Ext is functorial in both variables and representable as a homological functor, subsuming the source's effacement argument."
tohoku:remark:ext-center-modules,188,remark,tohoku:section:4.2,188,188,sem/r18/nodes.csv:825,8D632A04EE0FA987B40B721BEE6E64BB3E641D6A1CE02335556213F1564C9A53,ext,cohomology-section-ext;derived-section-ext,06XP;0BQP,D001063,existing_equivalent,integrated_source_repair_semantic_stacks_and_independent_review,cohomology-lemma-ext-center-actions-left-modules;modules-lemma-sheaf-hom-left-modules,,"Stacks proves the canonical Gamma(X,Z_A)-module structure on global Ext and the Z_A-module structure on sheaf Ext for left modules over an arbitrary ring sheaf, and recovers Z(Gamma(X,A)) only under equality with Gamma(X,Z_A). The p.188 diplomatic wording is preserved as a recorded source error; corrected French and English replace the false larger scalar ring. No larger-center action is asserted in general."
tohoku:remark:ext-with-supports,190,remark,tohoku:section:4.2,190,190,sem/r18/nodes.csv:826,8D632A04EE0FA987B40B721BEE6E64BB3E641D6A1CE02335556213F1564C9A53,derived-functor;ext;support,cohomology-section-cohomology-support;cohomology-section-derived-functors;cohomology-section-ext;derived-section-ext;derived-section-right-derived-functor,0156;06XP;0716;0A39;0BQP,D000823,existing_equivalent,integrated_source_stacks_and_independent_review,cohomology-definition-ext-with-support;cohomology-lemma-ext-with-support,,"Stacks now defines Ext with support for an arbitrary family of closed supports Phi, identifies it with the right derived functors of Phi-supported sheaf Hom, and proves the corresponding local-to-global spectral sequence; support in one closed subset is recovered as the special family Phi_Z, exactly covering the source's antifilter extension of the preceding Ext formalism."
tohoku:remark:ext1-extension-classes,188,remark,tohoku:section:4.2,188,188,sem/r18/nodes.csv:827,8D632A04EE0FA987B40B721BEE6E64BB3E641D6A1CE02335556213F1564C9A53,ext,cohomology-section-ext;derived-section-ext,06XP;0BQP,D000541,existing_stronger,reviewed_stronger,derived-lemma-ext-1;derived-lemma-yoneda-extension,06XV;06XU,"Stacks identifies Ext1 with extension classes and develops Yoneda extensions in greater generality, fully covering this interpretation."
tohoku:remark:fine-sheaves-are-soft,159,remark,tohoku:section:3.3,159,159,sem/r18/nodes.csv:828,5A8E5720BC2EF8905BF85F7919C65AC4A87A31CFC854BD77E6B5084C0D2DEBEF,,,,D000316,example_or_remark,reviewed_example_or_remark,,,The source notes that fine sheaves are Phi-soft for paracompactifying supports and hence acyclic. No directly verified tagged Stacks label covers that exact support-family remark.
tohoku:remark:fine-sheaves-are-soft:p2,160,remark,tohoku:section:3.3,160,160,sem/r18/nodes.csv:829,5A8E5720BC2EF8905BF85F7919C65AC4A87A31CFC854BD77E6B5084C0D2DEBEF,,,,D000317,example_or_remark,reviewed_example_or_remark,,,"This one-line continuation is a bibliographic comment about defining fine sheaves through soft sheaves, not a separate mathematical assertion."
tohoku:remark:finiteness-in-theorem-4.2.2,190,remark,tohoku:section:4.2,190,190,sem/r18/nodes.csv:830,8D632A04EE0FA987B40B721BEE6E64BB3E641D6A1CE02335556213F1564C9A53,ext,cohomology-section-ext;derived-section-ext,06XP;0BQP,D000542,example_or_remark,reviewed_example_or_remark,,,The infinite-free counterexample explains why finiteness is essential; no officially tagged Stacks result states this counterexample or its precise boundary.
tohoku:remark:hom-o:left-exactness,185,remark,tohoku:section:4.1,185,185,sem/r18/nodes.csv:831,8D632A04EE0FA987B40B721BEE6E64BB3E641D6A1CE02335556213F1564C9A53,exact-functor,categories-section-exact-functor,0033,D000434,example_or_remark,reviewed_example_or_remark,algebra-lemma-hom-exact;modules-lemma-internal-hom-exact,0582;01CO,Stacks verifies left exactness of ordinary Hom and sheaf internal Hom in each relevant variable; this row is the source's explanatory remark packaging those facts.
tohoku:remark:local-nature-of-sheaf-ext,187,remark,tohoku:section:4.2,187,187,sem/r18/nodes.csv:832,8D632A04EE0FA987B40B721BEE6E64BB3E641D6A1CE02335556213F1564C9A53,ext,cohomology-section-ext;derived-section-ext,06XP;0BQP,D000543,existing_stronger,reviewed_stronger,cohomology-lemma-restriction-RHom-to-U;cohomology-section-ext,08DL;0BQP,"Stacks proves restriction compatibility of derived internal Hom and identifies sheaf Ext as sheafified local Ext, a stronger precise form of the locality claim."
tohoku:remark:locality-group-cohomology,194,remark,tohoku:section:4.4,194,194,sem/r18/nodes.csv:833,8D632A04EE0FA987B40B721BEE6E64BB3E641D6A1CE02335556213F1564C9A53,,,,D000835,existing_equivalent,integrated_source_stacks_and_independent_review,cohomology-lemma-sheaf-group-cohomology-restriction,,"Stacks now proves that sheaf-valued group cohomology commutes canonically with restriction to open subsets, constructs the canonical maps from its stalks to group cohomology of stalks, and proves those maps are isomorphisms whenever G is finite."
tohoku:remark:locally-free-ext-vanishing,189,remark,tohoku:section:4.2,189,189,sem/r18/nodes.csv:834,8D632A04EE0FA987B40B721BEE6E64BB3E641D6A1CE02335556213F1564C9A53,ext,cohomology-section-ext;derived-section-ext,06XP;0BQP,D000545,structural_only,reviewed_structural,cohomology-lemma-Rhom-strictly-perfect,08DM,This is an announcement of the locally finite-free vanishing case proved in the following proposition; Stacks covers the substantive claim in stronger derived form.
tohoku:remark:paracompact-cech-comparison,176,remark,tohoku:section:3.8,176,176,sem/r18/nodes.csv:835,5A8E5720BC2EF8905BF85F7919C65AC4A87A31CFC854BD77E6B5084C0D2DEBEF,cech,cohomology-section-cech;cohomology-section-cech-cohomology-cohomology,01ED;01EO,D000435,example_or_remark,reviewed_example_or_remark,cohomology-section-cohomology-LC,09V0,The tagged Stacks section contains the exact result that global Cech cohomology maps isomorphically to derived cohomology in every degree on a paracompact space.
tohoku:remark:proposition-3.10.2:approximation,183,remark,tohoku:section:3.10,183,183,sem/r18/nodes.csv:836,5A8E5720BC2EF8905BF85F7919C65AC4A87A31CFC854BD77E6B5084C0D2DEBEF,,,,D000436,example_or_remark,reviewed_example_or_remark,,,"The compact-set variant, Mittag-Leffler proof note, and Stein-manifold application are not represented by a labelled local result."
tohoku:remark:quotient-spectral-sequences,139,remark,tohoku:section:1.11,139,139,sem/r18/nodes.csv:837,5A8E5720BC2EF8905BF85F7919C65AC4A87A31CFC854BD77E6B5084C0D2DEBEF,spectral-sequence,homology-section-spectral-sequence,011M,D000066,example_or_remark,reviewed_example_or_remark,,,The local tree has functorial spectral-sequence results in specific constructions but no labelled general statement that applying a Serre quotient kills selected terms and yields the asserted exact sequences modulo the subcategory.
tohoku:remark:relative-leray-scope,174,remark,tohoku:section:3.7,174,174,sem/r18/nodes.csv:838,5A8E5720BC2EF8905BF85F7919C65AC4A87A31CFC854BD77E6B5084C0D2DEBEF,spectral-sequence,homology-section-spectral-sequence,011M,D000437,structural_only,reviewed_structural,,,This sentence only limits the scope of the exposition and makes no mathematical assertion beyond the preceding theorem.
tohoku:remark:satellites-existence:p1,140,remark,tohoku:section:2.2,140,140,sem/r18/nodes.csv:839,5A8E5720BC2EF8905BF85F7919C65AC4A87A31CFC854BD77E6B5084C0D2DEBEF,,,,D000203,example_or_remark,reviewed_example_or_remark,,,This is a historical/existence comment about arbitrary satellite functors; the local Stacks framework does not define those satellites generally.
tohoku:remark:satellites-existence:p2,141,remark,tohoku:section:2.2,141,141,sem/r18/nodes.csv:840,5A8E5720BC2EF8905BF85F7919C65AC4A87A31CFC854BD77E6B5084C0D2DEBEF,,,,D000204,example_or_remark,reviewed_example_or_remark,,,No local result states the recursive S^1(S^iF) and S^-1(S^iF) formulas or reduces existence of all satellites to degree plus/minus one.
tohoku:remark:satellites-small-skeleton:p1,142,remark,tohoku:section:2.2,142,142,sem/r18/nodes.csv:841,5A8E5720BC2EF8905BF85F7919C65AC4A87A31CFC854BD77E6B5084C0D2DEBEF,abelian,homology-section-abelian-categories,00ZX,D000205,example_or_remark,reviewed_example_or_remark,,,No local theorem constructs satellites for every additive functor from an essentially small abelian category into an AB5 target by this small-skeleton hypothesis.
tohoku:remark:satellites-small-skeleton:p2,143,remark,tohoku:section:2.2,143,143,sem/r18/nodes.csv:842,5A8E5720BC2EF8905BF85F7919C65AC4A87A31CFC854BD77E6B5084C0D2DEBEF,limits,categories-section-directed-colimits;categories-section-limits;cohomology-section-limits,002D;01FE;04AX,D000206,example_or_remark,reviewed_example_or_remark,,,The indicated filtered-colimit construction of S^1F and its algebraic-group example have no local generic satellite target.
tohoku:remark:sheaf-group-cohomology-notation,200,remark,tohoku:section:5.2,200,200,sem/r18/nodes.csv:843,8D632A04EE0FA987B40B721BEE6E64BB3E641D6A1CE02335556213F1564C9A53,,,,D000546,structural_only,reviewed_structural,etale-cohomology-section-group-cohomology,0A2H,This sentence only explains the omission of X from the notation and introduces the following computational result.
tohoku:remark:sheaf-hom-o:center-module,185,remark,tohoku:section:4.1,185,185,sem/r18/nodes.csv:844,8D632A04EE0FA987B40B721BEE6E64BB3E641D6A1CE02335556213F1564C9A53,,,,D000438,example_or_remark,reviewed_example_or_remark,modules-section-internal-hom,01CM,Stacks obtains an O-module internal Hom when O is commutative; the source records the corresponding center-module structure for a possibly noncommutative sheaf of rings.
tohoku:remark:sheaves-vs-presheaves-abelian,154,remark,tohoku:section:3.1,154,154,sem/r18/nodes.csv:845,5A8E5720BC2EF8905BF85F7919C65AC4A87A31CFC854BD77E6B5084C0D2DEBEF,,,,D000318,existing_equivalent,reviewed_equivalent,modules-lemma-abelian;sheaves-lemma-sheafification-presheaf-modules,01AG;0089,"Stacks separately proves the abelian structure on sheaves of modules and the sheafification needed for presheaf cokernels, reproducing the source's exactness contrast."
tohoku:remark:smith-fixed-point-application:p1,206;207,remark,tohoku:section:5.4,206,207,sem/r18/nodes.csv:846,8D632A04EE0FA987B40B721BEE6E64BB3E641D6A1CE02335556213F1564C9A53,,,,D000636,example_or_remark,reviewed_example_or_remark,,,The Smith-theory fixed-point application is historical equivariant topology and has no exact labelled target in the admitted local Stacks surface.
tohoku:remark:spectral-sequence-construction-5.3,205,remark,tohoku:section:5.3,205,205,sem/r18/nodes.csv:847,8D632A04EE0FA987B40B721BEE6E64BB3E641D6A1CE02335556213F1564C9A53,derived-functor;spectral-sequence,cohomology-section-derived-functors;derived-section-right-derived-functor;homology-section-spectral-sequence,011M;0156;0716,D000637,example_or_remark,reviewed_example_or_remark,derived-lemma-grothendieck-spectral-sequence,015N,The remark compares two choices of source-specific resolutions and explains a simplification under acyclicity; it illustrates rather than duplicates the general local theorem.
tohoku:remark:stalkwise-exactness,155,remark,tohoku:section:3.1,155,155,sem/r18/nodes.csv:848,5A8E5720BC2EF8905BF85F7919C65AC4A87A31CFC854BD77E6B5084C0D2DEBEF,,,,D000319,existing_equivalent,reviewed_equivalent,modules-lemma-abelian;sheaves-lemma-points-exactness,01AG;007T,"The source criterion for monomorphisms, epimorphisms, and exact sequences on every stalk is exactly the tagged pointwise-exactness result, within the abelian module-sheaf setting."
tohoku:remark:theorem-3.9.1:nonabelian-n-one,181,remark,tohoku:section:3.9,181,181,sem/r18/nodes.csv:849,5A8E5720BC2EF8905BF85F7919C65AC4A87A31CFC854BD77E6B5084C0D2DEBEF,,,,D000439,example_or_remark,reviewed_example_or_remark,,,The nonabelian degree-one extension and its holomorphic-matrix application have no labelled Stacks counterpart.
tohoku:remark:third-spectral-sequence-pathology,201,remark,tohoku:section:5.2,201,201,sem/r18/nodes.csv:850,8D632A04EE0FA987B40B721BEE6E64BB3E641D6A1CE02335556213F1564C9A53,limits;spectral-sequence,categories-section-directed-colimits;categories-section-limits;cohomology-section-limits;homology-section-spectral-sequence,002D;011M;01FE;04AX,D000547,example_or_remark,reviewed_example_or_remark,,,The assessment that the third spectral sequence is pathological outside the next proposition's hypotheses is authorial commentary with no standalone target.
tohoku:remarks:two-additional-spectral-sequences,218,remark,tohoku:section:5.6,218,218,sem/r18/nodes.csv:851,8D632A04EE0FA987B40B721BEE6E64BB3E641D6A1CE02335556213F1564C9A53,ext;spectral-sequence,cohomology-section-ext;derived-section-ext;homology-section-spectral-sequence,011M;06XP;0BQP,D000638,example_or_remark,reviewed_example_or_remark,more-algebra-section-spectral-sequence-ext;sites-cohomology-section-spectral-sequence-ext,0AVG;07A9,The two additional special-case equivariant Ext spectral sequences are recorded as remarks; Stacks has related general Ext spectral sequences but not these formulas.
tohoku:result:3.10.2:preliminary,182,result,tohoku:section:3.10,182,182,sem/r18/nodes.csv:852,5A8E5720BC2EF8905BF85F7919C65AC4A87A31CFC854BD77E6B5084C0D2DEBEF,,,,D000821,existing_equivalent,integrated_source_stacks_and_independent_review,cohomology-lemma-cohomology-limit-relatively-compact-opens,,"Stacks now constructs the canonical restriction maps from global cohomology to the inverse limit over relatively compact open subsets, proves the degree-zero map is an isomorphism, and records functoriality and compatibility with connecting maps."
tohoku:result:abelian-g-sheaves-additive,196,result,tohoku:section:5.1,196,196,sem/r18/nodes.csv:853,8D632A04EE0FA987B40B721BEE6E64BB3E641D6A1CE02335556213F1564C9A53,additive,homology-section-additive-categories,09SE,D000840,existing_equivalent,integrated_source_stacks_and_independent_review,modules-definition-G-O-module;modules-lemma-AB5-AB3-star-generator-G-O-modules,,"Specializing the new G-O-module category to the constant integer sheaf, Stacks now obtains the additive and in fact abelian category of abelian G-sheaves asserted by the source."
tohoku:result:equivariant-cohomology-universality,200,result,tohoku:section:5.2,200,200,sem/r18/nodes.csv:854,8D632A04EE0FA987B40B721BEE6E64BB3E641D6A1CE02335556213F1564C9A53,,,,D000867,existing_equivalent,integrated_source_stacks_and_independent_review,cohomology-definition-orbit-space-equivariant-cohomology;cohomology-lemma-localize-higher-invariant-direct-image,,"Stacks now defines moving-base equivariant cohomology and the higher invariant direct images as right derived functors, proves that both are universal cohomological delta functors with the stated degree-zero terms, recovers the fixed-base definitions when G acts trivially on X, and proves that restriction to q^{-1}(U) preserves injectives."
tohoku:result:five-term-exact-sequences-5.2,201,result,tohoku:section:5.2,201,201,sem/r18/nodes.csv:855,8D632A04EE0FA987B40B721BEE6E64BB3E641D6A1CE02335556213F1564C9A53,spectral-sequence,homology-section-spectral-sequence,011M,D000875,existing_equivalent,integrated_source_stacks_and_independent_review,cohomology-lemma-orbit-space-equivariant-spectral-sequence-edges,,Stacks now states the two explicit functorial five-term exact sequences (5.2.8) and (5.2.9) obtained from the two equivariant quotient spectral sequences.
tohoku:result:fixed-point-free-equivalence,199,result,tohoku:section:5.1,199,199,sem/r18/nodes.csv:856,8D632A04EE0FA987B40B721BEE6E64BB3E641D6A1CE02335556213F1564C9A53,,,,D000865,existing_equivalent,integrated_source_stacks_and_independent_review,sheaves-lemma-free-discontinuous-sheaf-descent,,"Stacks now proves, with condition (D) explicitly retained, that a free discontinuous action yields mutually quasi-inverse equivalences between sheaves on X/G and G-sheaves on X, including the stated algebraic variants."
tohoku:result:generator-family-g-o-modules,196,result,tohoku:section:5.1,196,196,sem/r18/nodes.csv:857,8D632A04EE0FA987B40B721BEE6E64BB3E641D6A1CE02335556213F1564C9A53,grothendieck-category,injectives-section-grothendieck-categories;injectives-section-grothendieck-conditions,05AB;079A,D000845,existing_equivalent,integrated_source_stacks_and_independent_review,modules-lemma-generator-G-O-modules,,Stacks now proves that the objects L(U) form a generating family and that their direct sum over all open U is a single generator of the G-O-module category.
tohoku:section:1.1,121;122,section,tohoku:chapter:I,121,122,sem/r18/nodes.csv:858,5A8E5720BC2EF8905BF85F7919C65AC4A87A31CFC854BD77E6B5084C0D2DEBEF,,,,D000067,structural_only,reviewed_structural,categories-section-definition-categories,0013,Container for the source's basic category definitions; candidate mappings and boundaries are recorded on its descendant units.
tohoku:section:1.10,121;135,section,tohoku:chapter:I,121,135,sem/r18/nodes.csv:859,5A8E5720BC2EF8905BF85F7919C65AC4A87A31CFC854BD77E6B5084C0D2DEBEF,injectives,derived-section-injective-resolutions;homology-section-injectives,0134;013G,D000068,structural_only,reviewed_structural,homology-section-injectives;homology-section-projectives;injectives-section-grothendieck-categories,0134;013A;05AB,Container for injective/projective definitions and the Grothendieck enough-injectives theorem; descendants carry the exact claim mappings.
tohoku:section:1.11,121;137,section,tohoku:chapter:I,121,137,sem/r18/nodes.csv:860,5A8E5720BC2EF8905BF85F7919C65AC4A87A31CFC854BD77E6B5084C0D2DEBEF,,,,D000069,structural_only,reviewed_structural,homology-section-serre-subcategories,02MN,Container for weak Serre/Serre subcategories and the Serre quotient; source terminology 'full/thick' differs from current Stacks terminology.
tohoku:section:1.1:p1,122,section,tohoku:section:1.1,122,122,sem/r18/nodes.csv:861,5A8E5720BC2EF8905BF85F7919C65AC4A87A31CFC854BD77E6B5084C0D2DEBEF,,,,D001048,existing_equivalent,integrated_source_stacks_and_independent_review,categories-definition-category;categories-remark-category-convention-boundary,0014,"Stacks gives the shared category axioms and now records the exact convention boundary: Tohoku requires a nonempty possibly proper object class and pairwise-disjoint Hom sets, whereas the default Stacks convention is set-sized and permits the empty category. The tagged-arrow construction proves that the disjoint-Hom convention is implemented by an explicitly isomorphic category without changing the mathematical content. Selected big categories remain governed by the existing Stacks universe convention; no unrestricted proper-class foundation is claimed."
tohoku:section:1.1:p2,122,section,tohoku:section:1.1,122,122,sem/r18/nodes.csv:862,5A8E5720BC2EF8905BF85F7919C65AC4A87A31CFC854BD77E6B5084C0D2DEBEF,,,,D000071,existing_equivalent,reviewed_equivalent,categories-definition-opposite,001M,"Same objects, reversed morphisms, and reversed composition agree exactly; source writes dual category C^o where Stacks writes C^opp."
tohoku:section:1.1:p3,122,section,tohoku:section:1.1,122,122,sem/r18/nodes.csv:863,5A8E5720BC2EF8905BF85F7919C65AC4A87A31CFC854BD77E6B5084C0D2DEBEF,injectives,derived-section-injective-resolutions;homology-section-injectives,0134;013G,D001050,existing_equivalent,integrated_source_stacks_and_independent_review,categories-definition-mono-epi;categories-lemma-mono-epi-composition,003B,"The definition supplies the source cancellation conditions, while the revised bounded history records injective, surjective, and bijective as the source's terminology with explicit guards against underlying-set and balanced-category overclaims."
tohoku:section:1.1:p4,122;123,section,tohoku:section:1.1,122,123,sem/r18/nodes.csv:864,5A8E5720BC2EF8905BF85F7919C65AC4A87A31CFC854BD77E6B5084C0D2DEBEF,,,,D000681,existing_equivalent,integrated_source_stacks_and_independent_review,categories-definition-isomorphism;categories-lemma-mono-epi-composition;categories-example-mono-epi-not-isomorphism,0017,"Stacks defines inverses and isomorphisms, proves the split mono/epi implications and that isomorphisms are both monomorphisms and epimorphisms, and gives a two-object ordered-category counterexample to the converse. This covers the source while avoiding its ambiguous term 'bijective'."
tohoku:section:1.1:p5,123,section,tohoku:section:1.1,123,123,sem/r18/nodes.csv:865,5A8E5720BC2EF8905BF85F7919C65AC4A87A31CFC854BD77E6B5084C0D2DEBEF,,,,D000682,existing_equivalent,integrated_source_stacks_and_independent_review,categories-lemma-mono-epi-composition,,"Stacks now proves closure under composition for monomorphisms, epimorphisms, morphisms having both properties, and isomorphisms, together with the source's one-sided cancellation statements."
tohoku:section:1.1:p6,123,section,tohoku:section:1.1,123,123,sem/r18/nodes.csv:866,5A8E5720BC2EF8905BF85F7919C65AC4A87A31CFC854BD77E6B5084C0D2DEBEF,,,,D000683,existing_equivalent,integrated_source_stacks_and_independent_review,categories-definition-subobjects-quotient-objects;categories-lemma-order-subobjects-quotient-objects;categories-lemma-subobjects-of-subobject,,"Stacks now defines subobjects as equivalence classes of monomorphisms into an object, proves that factorization induces a partial order with unique isomorphisms between mutually factoring representatives, and identifies the subobjects below a fixed subobject with the subobjects of its source. This covers the source without making a global choice of representatives."
tohoku:section:1.1:p7,123,section,tohoku:section:1.1,123,123,sem/r18/nodes.csv:867,5A8E5720BC2EF8905BF85F7919C65AC4A87A31CFC854BD77E6B5084C0D2DEBEF,,,,D000684,existing_equivalent,integrated_source_stacks_and_independent_review,categories-definition-subobjects-quotient-objects;categories-lemma-order-subobjects-quotient-objects;categories-lemma-subobjects-of-subobject,,"Stacks now gives the dual definition of quotient objects as equivalence classes of epimorphisms from an object, proves the induced partial order, and identifies quotients below a fixed quotient with quotients of its target."
tohoku:section:1.1:p8,123;124,section,tohoku:section:1.1,123,124,sem/r18/nodes.csv:868,5A8E5720BC2EF8905BF85F7919C65AC4A87A31CFC854BD77E6B5084C0D2DEBEF,,,,D000685,existing_equivalent,integrated_source_stacks_and_independent_review,categories-definition-product;categories-lemma-products-coproducts-morphisms;categories-remark-products-epimorphisms-coproducts-monomorphisms,002I,"Stacks defines products by their universal property, constructs the morphism induced by a family of component maps, and proves that products preserve monomorphisms and isomorphisms. It also records that products need not preserve epimorphisms in a general category."
tohoku:section:1.1:p9,124,section,tohoku:section:1.1,124,124,sem/r18/nodes.csv:869,5A8E5720BC2EF8905BF85F7919C65AC4A87A31CFC854BD77E6B5084C0D2DEBEF,,,,D000686,existing_equivalent,integrated_source_stacks_and_independent_review,categories-definition-coproduct;categories-lemma-products-coproducts-morphisms;categories-remark-products-epimorphisms-coproducts-monomorphisms,002J,"Stacks defines coproducts and their coprojections, constructs the morphism induced by a family of component maps, and proves that coproducts preserve epimorphisms and isomorphisms. A commutative-ring example shows that coproducts need not preserve monomorphisms and that coprojections need not be monic."
tohoku:section:1.2,121;124,section,tohoku:chapter:I,121,124,sem/r18/nodes.csv:870,5A8E5720BC2EF8905BF85F7919C65AC4A87A31CFC854BD77E6B5084C0D2DEBEF,,,,D000079,structural_only,reviewed_structural,categories-definition-functor,001B,"Container for functors, natural transformations, and equivalences; exact mappings are given on the three descendant units."
tohoku:section:1.2:p1,124,section,tohoku:section:1.2,124,124,sem/r18/nodes.csv:871,5A8E5720BC2EF8905BF85F7919C65AC4A87A31CFC854BD77E6B5084C0D2DEBEF,,,,D000080,existing_equivalent,reviewed_equivalent,categories-definition-functor;categories-definition-contravariant,001B;001N,"Covariant functors agree exactly, and both define contravariant functors through the opposite category; the source's multifunctor aside is not separately labelled."
tohoku:section:1.2:p2,124;125,section,tohoku:section:1.2,124,125,sem/r18/nodes.csv:872,5A8E5720BC2EF8905BF85F7919C65AC4A87A31CFC854BD77E6B5084C0D2DEBEF,,,,D000081,existing_equivalent,reviewed_equivalent,categories-definition-transformation-functors,001I,"The component maps, naturality square, identity, and vertical composition agree; both obtain a functor category when size permits."
tohoku:section:1.2:p3,125,section,tohoku:section:1.2,125,125,sem/r18/nodes.csv:873,5A8E5720BC2EF8905BF85F7919C65AC4A87A31CFC854BD77E6B5084C0D2DEBEF,,,,D000082,existing_equivalent,reviewed_equivalent,categories-definition-equivalence-categories;categories-lemma-equivalence-categories,001J;02C3,"The notions are mathematically equivalent, but the source chooses quasi-inverse data satisfying triangle identities whereas the Stacks definition only asks for inverse-up-to-isomorphism and separately characterizes fully faithful plus essentially surjective."
tohoku:section:1.3,121;126,section,tohoku:chapter:I,121,126,sem/r18/nodes.csv:874,5A8E5720BC2EF8905BF85F7919C65AC4A87A31CFC854BD77E6B5084C0D2DEBEF,additive,homology-section-additive-categories,09SE,D000083,structural_only,reviewed_structural,homology-definition-preadditive;homology-definition-additive-category,00ZY;0104,Container for Grothendieck's older additive-category package; Stacks separates the Hom-group condition as preadditive from the finite-biproduct/zero condition as additive.
tohoku:section:1.3:footnote:1ter,126,section,tohoku:section:1.3,126,126,sem/r18/nodes.csv:875,5A8E5720BC2EF8905BF85F7919C65AC4A87A31CFC854BD77E6B5084C0D2DEBEF,,,,D000084,existing_equivalent,reviewed_equivalent,homology-definition-kernel;homology-lemma-coim-im-map,0106;0107,"The image, coimage, and canonical factorization Coim(u)→Im(u) agree with the labelled local definition and lemma."
tohoku:section:1.3:footnote:1ter:text,126,section,tohoku:section:1.3,126,126,sem/r18/nodes.csv:876,5A8E5720BC2EF8905BF85F7919C65AC4A87A31CFC854BD77E6B5084C0D2DEBEF,abelian,homology-section-abelian-categories,00ZX,D000963,existing_equivalent,integrated_source_stacks_and_independent_review,homology-definition-kernel;homology-lemma-coim-im-map;homology-example-not-abelian;homology-definition-abelian-category;homology-lemma-direct-inverse-images-subobjects-quotients,0106;0107;0108;0109,"In an abelian category, direct image identifies Im(u)=u(A), and the direct/inverse-image adjunction makes this the least subobject through which u factors. The filtered-vector-space example demonstrates failure outside the abelian case, exactly matching the footnote."
tohoku:section:1.3:p1,126,section,tohoku:section:1.3,126,126,sem/r18/nodes.csv:877,5A8E5720BC2EF8905BF85F7919C65AC4A87A31CFC854BD77E6B5084C0D2DEBEF,,,,D000086,existing_equivalent,reviewed_equivalent,homology-lemma-preadditive-direct-sum;homology-lemma-preadditive-zero;homology-definition-additive-category,0101;00ZZ;0104,"Stacks proves product iff coproduct for pairs in a preadditive category, defines the resulting biproduct, and gives the same zero-object characterizations."
tohoku:section:1.3:p2,126,section,tohoku:section:1.3,126,126,sem/r18/nodes.csv:878,5A8E5720BC2EF8905BF85F7919C65AC4A87A31CFC854BD77E6B5084C0D2DEBEF,additive,homology-section-additive-categories,09SE,D000087,existing_equivalent,reviewed_equivalent,homology-lemma-abelian-opposite,010A,The first part of the local lemma states exactly that the opposite of a preadditive/additive category is again preadditive/additive.
tohoku:section:1.3:p3,126,section,tohoku:section:1.3,126,126,sem/r18/nodes.csv:879,5A8E5720BC2EF8905BF85F7919C65AC4A87A31CFC854BD77E6B5084C0D2DEBEF,additive;injectives,derived-section-injective-resolutions;homology-section-additive-categories;homology-section-injectives,0134;013G;09SE,D000957,existing_equivalent,integrated_source_stacks_and_independent_review,homology-definition-preadditive;categories-definition-mono-epi;homology-definition-kernel;homology-lemma-kernel-mono;homology-lemma-coim-im-map,00ZY;003B;0106;0E43;0107,"In a preadditive category, the categorical cancellation definition of a monomorphism or epimorphism is equivalent, by subtraction in the Hom groups, to the source's absence of a nonzero right or left zero-divisor. Stacks also gives the same universal definitions of kernel and cokernel, proves their canonical arrows monic or epic, defines image and coimage, and constructs the unique factorization through Coim(u) and Im(u)."
tohoku:section:1.3:p4,126,section,tohoku:section:1.3,126,126,sem/r18/nodes.csv:880,5A8E5720BC2EF8905BF85F7919C65AC4A87A31CFC854BD77E6B5084C0D2DEBEF,additive,homology-section-additive-categories,09SE,D000089,existing_equivalent,reviewed_equivalent,homology-definition-preadditive;homology-lemma-additive-additive,00ZY;0105,Stacks uses the same Hom-group definition of additive functor and proves that such functors preserve zero objects and finite direct sums.
tohoku:section:1.4,121;127,section,tohoku:chapter:I,121,127,sem/r18/nodes.csv:881,5A8E5720BC2EF8905BF85F7919C65AC4A87A31CFC854BD77E6B5084C0D2DEBEF,abelian;additive,homology-section-abelian-categories;homology-section-additive-categories,00ZX;09SE,D000090,structural_only,reviewed_structural,homology-section-abelian-categories;homology-definition-abelian-category,00ZX;0109,Container for AB1/AB2 and elementary abelian-category exactness; descendant units carry claim-level mappings.
tohoku:section:1.4:AB1,127,section,tohoku:section:1.4,127,127,sem/r18/nodes.csv:882,5A8E5720BC2EF8905BF85F7919C65AC4A87A31CFC854BD77E6B5084C0D2DEBEF,,,,D000091,existing_equivalent,reviewed_equivalent,homology-definition-abelian-category,0109,The local definition includes exactly the existence of all kernels and cokernels; it bundles this source axiom with AB2.
tohoku:section:1.4:AB2,127,section,tohoku:section:1.4,127,127,sem/r18/nodes.csv:883,5A8E5720BC2EF8905BF85F7919C65AC4A87A31CFC854BD77E6B5084C0D2DEBEF,,,,D000092,existing_equivalent,reviewed_equivalent,homology-definition-abelian-category,0109,The local definition includes exactly that every canonical Coim(f)→Im(f) is an isomorphism; it bundles this source axiom with AB1.
tohoku:section:1.4:exact-functor,128,section,tohoku:section:1.4,128,128,sem/r18/nodes.csv:884,5A8E5720BC2EF8905BF85F7919C65AC4A87A31CFC854BD77E6B5084C0D2DEBEF,abelian;exact-functor,categories-section-exact-functor;homology-section-abelian-categories,0033;00ZX,D000948,existing_equivalent,integrated_source_stacks_and_independent_review,homology-definition-half-exact-functor;homology-lemma-exact-functor,010N,"Stacks now defines a half-exact additive functor by exactness at the middle term for every short exact sequence, gives the contravariant definition through the opposite category, and relates half-exactness to the established left exact, right exact, and exact functor criteria."
tohoku:section:1.4:exact-sequence,128,section,tohoku:section:1.4,128,128,sem/r18/nodes.csv:885,5A8E5720BC2EF8905BF85F7919C65AC4A87A31CFC854BD77E6B5084C0D2DEBEF,,,,D000094,existing_equivalent,reviewed_equivalent,homology-definition-exact;homology-lemma-check-exactness,010E;05AA,"Exactness as image equals kernel, the short exact sequence, and both Hom criteria agree; source 'generalized cokernel' is current cokernel universal-property terminology."
tohoku:section:1.4:p1,127,section,tohoku:section:1.4,127,127,sem/r18/nodes.csv:886,5A8E5720BC2EF8905BF85F7919C65AC4A87A31CFC854BD77E6B5084C0D2DEBEF,additive,homology-section-additive-categories,09SE,D000095,example_or_remark,reviewed_example_or_remark,homology-lemma-characterize-injective;homology-example-not-abelian,010C;0108,Stacks proves mono plus epi iff isomorphism in an abelian category and gives the filtered-vector-space nonabelian example; the source lists additional topological and analytic examples absent from these targets.
tohoku:section:1.4:p2,127,section,tohoku:section:1.4,127,127,sem/r18/nodes.csv:887,5A8E5720BC2EF8905BF85F7919C65AC4A87A31CFC854BD77E6B5084C0D2DEBEF,abelian,homology-section-abelian-categories,00ZX,D000096,example_or_remark,reviewed_example_or_remark,,,This is a broad methodological assertion that all finite-character abelian-group diagram formalism transfers to any abelian category; no single labelled local theorem has that scope.
tohoku:section:1.4:p3,127,section,tohoku:section:1.4,127,127,sem/r18/nodes.csv:888,5A8E5720BC2EF8905BF85F7919C65AC4A87A31CFC854BD77E6B5084C0D2DEBEF,abelian,homology-section-abelian-categories,00ZX,D000942,existing_equivalent,integrated_source_stacks_and_independent_review,homology-lemma-subobjects-quotients-lattice,,"Stacks now states the factorization-order anti-correspondence between subobjects and quotient objects of an object in an abelian category, proves the lattice formulas A' + A'' = Im(A' direct-sum A'' -> A) and A' intersect A'' = Ker(A -> A/A' direct-sum A/A''), and identifies the quotient lattice as the order dual."
tohoku:section:1.4:p4,127;128,section,tohoku:section:1.4,127,128,sem/r18/nodes.csv:889,5A8E5720BC2EF8905BF85F7919C65AC4A87A31CFC854BD77E6B5084C0D2DEBEF,,,,D000943,existing_equivalent,integrated_source_stacks_and_independent_review,homology-lemma-direct-inverse-images-subobjects-quotients,,"Stacks now defines direct and inverse images for subobjects under an arbitrary morphism, proves the adjunction f(A') subset B' if and only if A' subset f^{-1}(B'), derives preservation of finite suprema and infima, gives the dual constructions for quotient objects, and proves compatibility with identities and composition."
tohoku:section:1.5,121;128,section,tohoku:chapter:I,121,128,sem/r18/nodes.csv:890,5A8E5720BC2EF8905BF85F7919C65AC4A87A31CFC854BD77E6B5084C0D2DEBEF,,,,D000714,structural_only,integrated_source_stacks_and_independent_review,injectives-section-grothendieck-conditions;injectives-definition-grothendieck-conditions,079A;079B,"This remains a structural container, but its Stacks target now records AB3 through AB6 and every dual condition AB3* through AB6*; the former AB6 omission is closed while descendant rows retain their own dispositions."
tohoku:section:1.5:AB3,128,section,tohoku:section:1.5,128,128,sem/r18/nodes.csv:891,5A8E5720BC2EF8905BF85F7919C65AC4A87A31CFC854BD77E6B5084C0D2DEBEF,grothendieck-category,injectives-section-grothendieck-categories;injectives-section-grothendieck-conditions,05AB;079A,D000100,existing_equivalent,reviewed_equivalent,injectives-definition-grothendieck-conditions,079B,Both define AB3 as existence of arbitrary direct sums in an abelian category.
tohoku:section:1.5:AB4,129,section,tohoku:section:1.5,129,129,sem/r18/nodes.csv:892,5A8E5720BC2EF8905BF85F7919C65AC4A87A31CFC854BD77E6B5084C0D2DEBEF,grothendieck-category,injectives-section-grothendieck-categories;injectives-section-grothendieck-conditions,05AB;079A,D000101,existing_equivalent,reviewed_equivalent,injectives-definition-grothendieck-conditions,079B,"Source AB4 asks sums of monomorphisms to be monic; Stacks says direct sums are exact. Under AB3 coproducts are already right exact, so these formulations agree."
tohoku:section:1.5:AB5,129,section,tohoku:section:1.5,129,129,sem/r18/nodes.csv:893,5A8E5720BC2EF8905BF85F7919C65AC4A87A31CFC854BD77E6B5084C0D2DEBEF,grothendieck-category,injectives-section-grothendieck-categories;injectives-section-grothendieck-conditions,05AB;079A,D000102,existing_equivalent,reviewed_equivalent,injectives-definition-grothendieck-conditions,079B,"Source gives the directed-subobject distributivity form; Stacks defines AB5 as exactness of filtered colimits. These are the standard equivalent formulations in an AB3 abelian category, though the equivalence is not proved at this label."
tohoku:section:1.5:AB5:equivalent,129,section,tohoku:section:1.5,129,129,sem/r18/nodes.csv:894,5A8E5720BC2EF8905BF85F7919C65AC4A87A31CFC854BD77E6B5084C0D2DEBEF,grothendieck-category,injectives-section-grothendieck-categories;injectives-section-grothendieck-conditions,05AB;079A,D000718,existing_equivalent,integrated_source_stacks_and_independent_review,injectives-definition-grothendieck-conditions;injectives-lemma-AB5-directed-unions,079B,Stacks now proves that a directed increasing family whose supremum is A has colimit A and therefore that every compatible family of maps from its members extends uniquely to A. This is exactly the source's second AB5 formulation.
tohoku:section:1.5:AB6,129,section,tohoku:section:1.5,129,129,sem/r18/nodes.csv:895,5A8E5720BC2EF8905BF85F7919C65AC4A87A31CFC854BD77E6B5084C0D2DEBEF,grothendieck-category,injectives-section-grothendieck-categories;injectives-section-grothendieck-conditions,05AB;079A,D000713,existing_equivalent,integrated_source_stacks_and_independent_review,injectives-definition-grothendieck-conditions,079B,Stacks now states AB6 exactly as the arbitrary-intersection distributivity identity for directed increasing families of subobjects and defines AB6* by passage to the opposite category.
tohoku:section:1.5:p1,128;129,section,tohoku:section:1.5,128,129,sem/r18/nodes.csv:896,5A8E5720BC2EF8905BF85F7919C65AC4A87A31CFC854BD77E6B5084C0D2DEBEF,,,,D000105,existing_equivalent,reviewed_equivalent,injectives-definition-grothendieck-conditions;categories-lemma-colimits-coproducts-coequalizers,079B;002P,The local discussion records that AB3 gives all colimits and that direct sums/colimits are right exact before AB4/AB5; the source also writes the supremum-of-subobjects construction explicitly.
tohoku:section:1.5:p2,129,section,tohoku:section:1.5,129,129,sem/r18/nodes.csv:897,5A8E5720BC2EF8905BF85F7919C65AC4A87A31CFC854BD77E6B5084C0D2DEBEF,,,,D000106,example_or_remark,reviewed_example_or_remark,,,"No single labelled local result reproduces the combined dual-axiom examples, independence statements, Pontryagin-duality example, sheaf-product failure, and AB5-plus-AB5* triviality claim."
tohoku:section:1.5:p3,129;130,section,tohoku:section:1.5,129,130,sem/r18/nodes.csv:898,5A8E5720BC2EF8905BF85F7919C65AC4A87A31CFC854BD77E6B5084C0D2DEBEF,limits,categories-section-directed-colimits;categories-section-limits;cohomology-section-limits,002D;01FE;04AX,D000107,structural_only,reviewed_structural,,,Transition from AB axioms to limits and injective/projective objects; it contains no independent mathematical claim needing a target.
tohoku:section:1.6,121;130,section,tohoku:chapter:I,121,130,sem/r18/nodes.csv:899,5A8E5720BC2EF8905BF85F7919C65AC4A87A31CFC854BD77E6B5084C0D2DEBEF,,,,D000717,existing_equivalent,integrated_source_stacks_and_independent_review,homology-section-additive-diagrams-relations;homology-definition-additive-diagram-relations;homology-lemma-additive-diagram-category;homology-lemma-postcompose-additive-diagrams;homology-remark-dual-additive-diagram-scheme,,"Stacks now covers the complete section: graph-shaped diagrams, ordinary and additive path relations, representation categories, pointwise structural and AB3--AB6 permanence with duals, additive postcomposition, and opposite diagram schemes."
tohoku:section:1.7,121;131,section,tohoku:chapter:I,121,131,sem/r18/nodes.csv:900,5A8E5720BC2EF8905BF85F7919C65AC4A87A31CFC854BD77E6B5084C0D2DEBEF,,,,D000712,existing_equivalent,integrated_source_stacks_and_independent_review,homology-examples-additive-diagrams-relations,,"Stacks now gives a single coherent example block covering annihilator categories, products, arrow categories, functor and additive-functor categories, complexes, group actions, ring actions, systems, inverse systems and presheaves from the relation-diagram formalism."
tohoku:section:1.8,121;133,section,tohoku:chapter:I,121,133,sem/r18/nodes.csv:901,5A8E5720BC2EF8905BF85F7919C65AC4A87A31CFC854BD77E6B5084C0D2DEBEF,limits,categories-section-directed-colimits;categories-section-limits;cohomology-section-limits,002D;01FE;04AX,D000110,structural_only,reviewed_structural,categories-section-posets-limits;categories-definition-colimit;categories-definition-limit,002Z;002F;002E,Container for systems over preorders and their inductive/projective limits; proposition-level AB exactness boundaries are recorded below.
tohoku:section:1.9,121;134,section,tohoku:chapter:I,121,134,sem/r18/nodes.csv:902,5A8E5720BC2EF8905BF85F7919C65AC4A87A31CFC854BD77E6B5084C0D2DEBEF,grothendieck-category;injectives,derived-section-injective-resolutions;homology-section-injectives;injectives-section-grothendieck-categories;injectives-section-grothendieck-conditions,0134;013G;05AB;079A,D001053,existing_equivalent,integrated_parent_child_inheritance_and_live_label_audit,injectives-definition-grothendieck-conditions;injectives-lemma-set-of-subobjects;injectives-lemma-generator-family;injectives-lemma-grothendieck-cogenerator;injectives-lemma-cogenerators-abelian-groups,079B;0E8N,"The section-level generator-family definition and set-of-subobjects assertion are already represented by the live Grothendieck-conditions and set-of-subobjects anchors. Its remaining substantive content is exhausted by the eight direct children: D000721 and D000722 cover cogenerator and generator terminology, D000949 covers cogenerator families and the abelian-group cogenerator examples, D000724 and structural proof row D000725 cover the AB3 family/direct-sum/quotient equivalence, D000063 and D000064 preserve the authority-confirmed false Proposition 1.9.2 and its invalid proof as history/structure, and D000112 separately dispositions the module and sheaf examples. No direct child remains in a gap class, so the aggregate row may replace only D000726 as existing_equivalent without a source edit."
tohoku:section:1.9:examples:p1,134,section,tohoku:section:1.9,134,134,sem/r18/nodes.csv:903,5A8E5720BC2EF8905BF85F7919C65AC4A87A31CFC854BD77E6B5084C0D2DEBEF,abelian;grothendieck-category,homology-section-abelian-categories;injectives-section-grothendieck-categories;injectives-section-grothendieck-conditions,00ZX;05AB;079A,D000112,example_or_remark,reviewed_example_or_remark,,,"The module and topological-space sheaf generator examples are standard, but no exact labelled local unit states this combined family in the source's extension-by-zero notation."
tohoku:section:2.1,121;139,section,tohoku:chapter:II,121,139,sem/r18/nodes.csv:904,5A8E5720BC2EF8905BF85F7919C65AC4A87A31CFC854BD77E6B5084C0D2DEBEF,,,,D001054,structural_only,integrated_parent_child_inheritance_and_live_label_audit,homology-definition-graded-connecting-functor;homology-definition-exact-graded-connecting-functor;homology-definition-morphism-graded-connecting-functors;homology-lemma-graded-connecting-functor-dualities;homology-remark-one-sided-two-sided-delta-functors;homology-definition-cohomological-delta-functor;homology-definition-morphism-delta-functors,010Q;010R,"This row is the heading and aggregate container for Section 2.1, not a further theorem. D000987 now covers arbitrary-interval graded connecting functors, D000985 covers both variances and both degree steps, D000986 covers exactness and the cohomological/homological conventions, and D000988 covers morphisms; the axiom and diagram children retain their exact stronger/equivalent/structural decisions. All eleven direct children are non-gap. The former parent-level complaint about nonexact delta/delta-star data and variance is therefore exhausted by descendants, so only D000207 may be replaced by a structural_only decision without a source edit."
tohoku:section:2.2,121;140,section,tohoku:chapter:II,121,140,sem/r18/nodes.csv:905,5A8E5720BC2EF8905BF85F7919C65AC4A87A31CFC854BD77E6B5084C0D2DEBEF,,,,D001055,structural_only,integrated_parent_child_inheritance_and_live_label_audit,homology-definition-universal-graded-connecting-functor;homology-lemma-uniqueness-universal-graded-connecting-functor;homology-definition-right-left-satellite-functors;homology-lemma-satellite-functors-independent-truncation;homology-definition-effaceable-functor;homology-lemma-characterize-effaceable-functor;homology-lemma-efface-implies-universal;homology-lemma-finite-effaceability-universality;homology-lemma-first-right-satellite-injective-effacements;homology-lemma-right-satellites-injective-effacements;homology-lemma-left-satellites-projective-effacements;homology-lemma-right-satellites-exactness-criterion;homology-lemma-half-exact-nested-subobjects-enough-injectives;homology-lemma-graded-connecting-functor-dualities,010T,"This row is the Section 2.2 heading and aggregate container. The direct children now carry the universal graded-connecting-functor definition and uniqueness, conditional right/left satellite definitions and coherent truncation independence, effaceability and co-effaceability, the finite universality criterion, injective/projective satellite constructions, and the half-exactness criterion. The four general satellite-existence/small-skeleton comments remain explicitly nonblocking example_or_remark rows, the contents-title variant and proof fragments remain structural, and all eighteen direct children are non-gap. Thus only D000208 may be replaced by structural_only without a source edit."
tohoku:section:2.3,121;143,section,tohoku:chapter:II,121,143,sem/r18/nodes.csv:906,5A8E5720BC2EF8905BF85F7919C65AC4A87A31CFC854BD77E6B5084C0D2DEBEF,abelian;derived-functor;injectives,cohomology-section-derived-functors;derived-section-injective-resolutions;derived-section-right-derived-functor;homology-section-abelian-categories;homology-section-injectives,00ZX;0134;013G;0156;0716,D001056,structural_only,integrated_parent_child_inheritance_and_live_label_audit,derived-definition-derived-functor;derived-definition-higher-derived-functors;derived-definition-injective-resolution;derived-lemma-injective-resolutions-exist;derived-lemma-enough-injectives-right-derived;derived-lemma-injective-acyclic;derived-definition-projective-resolution;derived-lemma-projective-resolutions-exist;derived-lemma-partial-right-derived-bifunctor;derived-definition-right-balanced-bifunctor;derived-lemma-right-balanced-bifunctor;derived-lemma-right-satellites-to-right-derived-functors;derived-definition-ext;derived-lemma-compute-ext-resolutions;derived-lemma-ext-1;derived-lemma-representable-homological;derived-lemma-negative-exts;injectives-theorem-sheaves-modules-injectives,013I;013K;0149;0157;015A;01DU;05TH;05TI;0644;0646;06XQ;06XR;06XS;06XV,"This row is the Section 2.3 heading and aggregate container. Its direct children now cover one-variable right derived functors, the mixed-variance partial right-derived bifunctor and its source-order long exact sequence, right-balanced bifunctors, and the satellite-to-derived comparison; the Ext and sheaf-Ext examples retain their example_or_remark decisions. All ten direct children are non-gap, including the former mixed-variance omission. Only D000209 may therefore be replaced by structural_only without a source edit."
tohoku:section:2.4,121;144,section,tohoku:chapter:II,121,144,sem/r18/nodes.csv:907,5A8E5720BC2EF8905BF85F7919C65AC4A87A31CFC854BD77E6B5084C0D2DEBEF,spectral-sequence,homology-section-spectral-sequence,011M,D001057,structural_only,integrated_parent_child_inheritance_and_live_label_audit,homology-definition-spectral-sequence-with-filtered-abutment;homology-definition-first-quadrant-spectral-sequence-with-filtered-abutment;homology-lemma-first-quadrant-spectral-sequence-with-filtered-abutment;homology-definition-morphism-spectral-sequence-with-filtered-abutment;homology-lemma-spectral-sequences-with-filtered-abutment-additive;homology-remark-spectral-sequences-with-filtered-abutment-not-abelian;homology-definition-spectral-functor-with-filtered-abutment;homology-definition-filtered;homology-lemma-filtered;homology-lemma-associated-graded-cofiltration;homology-definition-spectral-sequence;homology-remark-allow-translation-functors;homology-definition-filtered-complex-ss-converges;homology-definition-double-complex;homology-lemma-ss-double-complex;homology-lemma-first-quadrant-ss;homology-lemma-injectives-nonnegative-cochain-complexes;derived-definition-cartan-eilenberg;derived-lemma-cartan-eilenberg;derived-lemma-two-ss-complex-functor;derived-remark-functorial-ss;derived-lemma-hypercohomology-derived-H0;derived-lemma-composite-functor-spectral-sequences;derived-lemma-compose-derived-functors;derived-lemma-grothendieck-spectral-sequence;derived-lemma-leray-acyclicity;derived-lemma-F-acyclic;derived-lemma-unbounded-right-derived;derived-lemma-unbounded-left-derived;homology-lemma-efface-implies-universal,010T;011N;0121;0122;012U;012Y;0130;0132;015C;015E;015H;015I;015J;015K;015M;015N;07K7;07K8;0AMI,"This row is the Section 2.4 heading and aggregate container. The twenty-five direct children now separately cover the unified spectral-sequence object, morphism and spectral-functor packages, first-quadrant stabilization and filtered abutment, filtered objects and associated gradeds, double-complex spectral sequences, both hyperderived spectral sequences and their resolution methods, and the composite-functor/Grothendieck spectral sequence. The introductory history and five remarks/examples retain their nonblocking dispositions, and every direct child is non-gap. The former parent-level spectral-functor and unified-convention omissions are therefore exhausted by descendants, so only D000210 may be replaced by structural_only without a source edit."
tohoku:section:2.4:intro,145,section,tohoku:section:2.4,145,145,sem/r18/nodes.csv:908,5A8E5720BC2EF8905BF85F7919C65AC4A87A31CFC854BD77E6B5084C0D2DEBEF,spectral-sequence,homology-section-spectral-sequence,011M,D000211,historical_reference,reviewed_historical,,,This prose only announces terminology and selected constructions; the mathematical definitions and theorems are mapped in their own rows.
tohoku:section:2.5,121;149,section,tohoku:chapter:II,121,149,sem/r18/nodes.csv:909,5A8E5720BC2EF8905BF85F7919C65AC4A87A31CFC854BD77E6B5084C0D2DEBEF,,,,D000964,structural_only,integrated_source_stacks_and_independent_review,derived-definition-resolving-functor;derived-lemma-resolving-functor-computes-derived;derived-lemma-resolving-functor-spectral-sequences;derived-lemma-composite-resolving-functor-spectral-sequence;derived-lemma-four-functor-resolving-spectral-sequences,,"This heading is a structural container, not another theorem. Stacks now defines resolving functors and proves derived-functor computation, acyclic-resolution comparison, the two spectral sequences, composite resolving functors, and the four-functor comparison. All 28 descendants are non-gap."
tohoku:section:3.1,121;153,section,tohoku:chapter:III,121,153,sem/r18/nodes.csv:910,5A8E5720BC2EF8905BF85F7919C65AC4A87A31CFC854BD77E6B5084C0D2DEBEF,,,,D000320,structural_only,reviewed_structural,sheaves-section-sheaves-basic;modules-section-kernels;injectives-section-sheaves-modules-space,006C;01AF;01DH,"This section container spans basic sheaves, the abelian module-sheaf category, and enough injectives. The three labels mark its verified components without pretending the container is one theorem."
tohoku:section:3.10,121;181,section,tohoku:chapter:III,121,181,sem/r18/nodes.csv:911,5A8E5720BC2EF8905BF85F7919C65AC4A87A31CFC854BD77E6B5084C0D2DEBEF,limits;sheaf-cohomology,categories-section-directed-colimits;categories-section-limits;cohomology-section-cohomology-sheaves;cohomology-section-limits,002D;01DZ;01FE;04AX,D000321,structural_only,reviewed_structural,cohomology-section-limits,01FE,The section is an organizational unit for two limit theorems in sheaf cohomology; the tagged Stacks limits section is its direct thematic counterpart.
tohoku:section:3.2,121;156,section,tohoku:chapter:III,121,156,sem/r18/nodes.csv:912,5A8E5720BC2EF8905BF85F7919C65AC4A87A31CFC854BD77E6B5084C0D2DEBEF,abelian,homology-section-abelian-categories,00ZX,D000965,structural_only,integrated_source_stacks_and_independent_review,cohomology-section-cohomology-family-supports,,"This heading is structural. The family-supports section covers the definitions, universal cohomological functor, acyclic computation, pullback, and restriction. With D000966, all nine descendants are non-gap."
tohoku:section:3.3,121;158,section,tohoku:chapter:III,121,158,sem/r18/nodes.csv:913,5A8E5720BC2EF8905BF85F7919C65AC4A87A31CFC854BD77E6B5084C0D2DEBEF,derived-functor,cohomology-section-derived-functors;derived-section-right-derived-functor,0156;0716,D001058,structural_only,integrated_parent_child_inheritance_and_live_label_audit,cohomology-definition-fine-abelian-sheaf;cohomology-definition-flasque;cohomology-definition-soft-family-supports;cohomology-lemma-cartan-resolution-fine-torsion-free;cohomology-lemma-family-supports-acyclic-classes;cohomology-lemma-family-supports-flasque-soft-acyclic;cohomology-lemma-fine-phi-soft-and-tensor;cohomology-lemma-flasque-soft-family-supports;cohomology-lemma-godement-resolution;cohomology-lemma-injective-flasque;cohomology-lemma-section-closed-paracompact-neighbourhood;derived-lemma-leray-acyclicity;derived-lemma-subcategory-right-acyclics-injectives;injectives-lemma-abelian-sheaves-space;injectives-lemma-sheaves-modules-space;sheaves-example-sheaf-product-pointwise;sheaves-lemma-sheaf-subset-stalks,006X;0079;015E;01DG;01DI;09SW;09SX;0FKS,"This row is the Section 3.3 heading and historical introduction, not an additional theorem. Its twelve direct children now exhaust the mathematics: flasque, soft and Phi-soft sheaves for paracompactifying support families; the Godement and Cartan resolutions; the acyclicity criterion; Leray acyclicity; and family-support acyclic classes. The acyclicity term remains structural and the three fine-sheaf or irreducible-space comments remain example_or_remark. Every direct child is non-gap, including the former Phi-soft/paracompactifying omission, so only D000323 may be replaced by structural_only without a source edit."
tohoku:section:3.4,121;160,section,tohoku:chapter:III,121,160,sem/r18/nodes.csv:914,5A8E5720BC2EF8905BF85F7919C65AC4A87A31CFC854BD77E6B5084C0D2DEBEF,,,,D001065,existing_equivalent,integrated_source_stacks_and_independent_review,cohomology-lemma-cech-always;cohomology-lemma-crossed-homomorphism-affine-action;cohomology-lemma-crossed-homomorphism-torsor-obstruction;cohomology-lemma-flasque-group-torsors-trivial;cohomology-lemma-holomorphic-logarithmic-derivative-obstruction;cohomology-lemma-pointwise-envelope-crossed-homomorphism;cohomology-lemma-pointwise-envelope-degree-two-boundary;cohomology-lemma-pointwise-envelope-torsor-bijection;cohomology-lemma-pointwise-flasque-envelope-groups;cohomology-section-h1-torsors;divisors-definition-sheaf-Weil-divisors;divisors-lemma-locally-UFD-divisor-resolution;divisors-lemma-locally-UFD-projective-linear-torsors-lift;divisors-lemma-meromorphic-quotient-divisor-germs;divisors-lemma-sheaf-Weil-divisors-flasque;divisors-section-Weil-divisors;divisors-section-meromorphic-functions,01X1;02FN;09V1;0BE0,"All 53 direct sem/r18 children are closed once D1030 seals: Proposition 3.4.1, the sole remaining gap-class child, is then represented by the locally-UFD divisor resolution and the bounded PGL_n-to-GL_n lifting lemma; the other substantive children are already existing_equivalent or example_or_remark, and all diagram, equation, footnote, proof, and other internal children remain structural_only with their existing or inherited decisions. The sorted parent/child label union covers the section's divisor resolution, Cech H^1 comparison, crossed-homomorphism and nonabelian torsor obstructions, structure-group lifting, and geometric applications. No etale/fppf lifting or general Brauer-vanishing claim is made."
tohoku:section:3.5,121;166,section,tohoku:chapter:III,121,166,sem/r18/nodes.csv:915,5A8E5720BC2EF8905BF85F7919C65AC4A87A31CFC854BD77E6B5084C0D2DEBEF,,,,D001059,existing_equivalent,integrated_parent_child_inheritance_and_live_label_audit,cohomology-lemma-extension-by-zero-locally-closed;cohomology-lemma-family-supports-extension-by-zero;cohomology-lemma-induced-family-supports,,"The parent row itself begins the substantive locally-closed extension-by-zero construction, and the direct children now cover it completely. D000792 and D000793 give the factorization-independent exact extension, uniqueness characterization, transitivity, restriction-extension notation and the canonical closed/open exact sequence; D000794 gives the induced paracompactifying support family; D000795 gives the supported-cohomology comparison with its exact closed/open hypotheses. The remaining thirteen direct children are embedded or structural equations, proof and comparison components. All seventeen direct children are non-gap, so only D000325 may be replaced by existing_equivalent without a source edit."
tohoku:section:3.6,121;167,section,tohoku:chapter:III,121,167,sem/r18/nodes.csv:916,5A8E5720BC2EF8905BF85F7919C65AC4A87A31CFC854BD77E6B5084C0D2DEBEF,,,,D001060,structural_only,integrated_parent_child_inheritance_and_live_label_audit,cohomology-definition-cohomological-dimension;cohomology-lemma-cohomological-dimension-open-generators;cohomology-lemma-cohomological-functor-local-generators;cohomology-lemma-colimit-soft-flasque;cohomology-lemma-family-supports-colimit;cohomology-lemma-vanishing-generated-one-section;cohomology-proposition-vanishing-Noetherian;derived-lemma-right-derived-functor-commutes-filtered-colimits;injectives-lemma-filtered-diagram-injective-resolutions;modules-definition-generated-by-local-sections;modules-definition-locally-generated;topology-definition-Krull;topology-definition-noetherian,0051;0055;01AQ;01B2;02UX;02UZ,"This row is only the Section 3.6 heading. Its fifty-eight direct children now carry the definitions and bounds: cohomological dimension; local-generator reductions and open-generator tests; colimits of soft/flasque sheaves and family-support cohomology; filtered-diagram injective resolutions and derived-functor commutation with filtered colimits; the combinatorial and Noetherian topological hypotheses; and the final Noetherian vanishing theorem. Thirty-six equation/proof/subitem children remain embedded structural components and three examples or remarks retain their nonblocking dispositions. Every direct child is non-gap, so only D000326 may be replaced by structural_only without a source edit."
tohoku:section:3.7,121;171,section,tohoku:chapter:III,121,171,sem/r18/nodes.csv:917,5A8E5720BC2EF8905BF85F7919C65AC4A87A31CFC854BD77E6B5084C0D2DEBEF,spectral-sequence,homology-section-spectral-sequence,011M,D000327,structural_only,reviewed_structural,cohomology-section-Leray;cohomology-lemma-Leray,01EY;01F2,This container is devoted to the same Leray spectral sequence established in the tagged Stacks section and lemma; its individual source results remain separate units.
tohoku:section:3.8,121;174,section,tohoku:chapter:III,121,174,sem/r18/nodes.csv:918,5A8E5720BC2EF8905BF85F7919C65AC4A87A31CFC854BD77E6B5084C0D2DEBEF,cech,cohomology-section-cech;cohomology-section-cech-cohomology-cohomology,01ED;01EO,D000328,structural_only,reviewed_structural,cohomology-section-cech;cohomology-section-refinements-cech,01ED;09UY,"This section container organizes the comparison with Čech cohomology, directly corresponding to the two verified Stacks Čech sections."
tohoku:section:3.9,121;179,section,tohoku:chapter:III,121,179,sem/r18/nodes.csv:919,5A8E5720BC2EF8905BF85F7919C65AC4A87A31CFC854BD77E6B5084C0D2DEBEF,cech;derived-functor,cohomology-section-cech;cohomology-section-cech-cohomology-cohomology;cohomology-section-derived-functors;derived-section-right-derived-functor,0156;01ED;01EO;0716,D001036,existing_equivalent,integrated_source_stacks_and_independent_review,cohomology-section-covering-acyclicity-criteria,,"The new Stacks section on acyclicity criteria by coverings collects the open, finite-closed, and paracompact locally-finite-closed Leray--Cartan spectral sequence together with the repaired local-killing theorem and its three corollaries. Proposition 3.9.2, its application, and the nonabelian remark remain separately tracked subordinate units. No official tag is claimed."
tohoku:section:4.1,121;185,section,tohoku:chapter:IV,121,185,sem/r18/nodes.csv:920,5A8E5720BC2EF8905BF85F7919C65AC4A87A31CFC854BD77E6B5084C0D2DEBEF;8D632A04EE0FA987B40B721BEE6E64BB3E641D6A1CE02335556213F1564C9A53,,,,D000330,structural_only,reviewed_structural,modules-section-internal-hom,01CM,"The section container develops local sheaf Hom and global Hom; the tagged internal-Hom section is the verified common structure, while child units carry exact claims."
tohoku:section:4.2,121;122;187,section,tohoku:chapter:IV,121,187,sem/r18/nodes.csv:921,5A8E5720BC2EF8905BF85F7919C65AC4A87A31CFC854BD77E6B5084C0D2DEBEF;8D632A04EE0FA987B40B721BEE6E64BB3E641D6A1CE02335556213F1564C9A53,ext;spectral-sequence,cohomology-section-ext;derived-section-ext;homology-section-spectral-sequence,011M;06XP;0BQP,D000331,structural_only,reviewed_structural,cohomology-section-ext;cohomology-section-global-RHom,0BQP;0B6A,"This container introduces local and global Ext and their fundamental spectral sequence, whose two endpoints are the verified tagged Stacks sections."
tohoku:section:4.3,122;191,section,tohoku:chapter:IV,122,191,sem/r18/nodes.csv:922,5A8E5720BC2EF8905BF85F7919C65AC4A87A31CFC854BD77E6B5084C0D2DEBEF;8D632A04EE0FA987B40B721BEE6E64BB3E641D6A1CE02335556213F1564C9A53,,,,D001030,existing_equivalent,integrated_source_stacks_and_independent_review,cohomology-section-ext,0BQP,"The existing Stacks Ext section, together with the p. 191--192 constant-sheaf Ext lemmas already mapped and the new D1011 stalk lemmas, now covers the remaining substantive section-level content: the neighbourhood spectral sequences, their conditional stalk comparison, and the left-Noetherian finite-Tor case. The HLC and failure illustrations remain nonblocking example_or_remark units, and no unconditional Ext-colimit comparison is claimed."
tohoku:section:4.4,122;193,section,tohoku:chapter:IV,122,193,sem/r18/nodes.csv:923,5A8E5720BC2EF8905BF85F7919C65AC4A87A31CFC854BD77E6B5084C0D2DEBEF;8D632A04EE0FA987B40B721BEE6E64BB3E641D6A1CE02335556213F1564C9A53,,,,D000967,structural_only,integrated_source_stacks_and_independent_review,cohomology-section-cohomology-group-actions;cohomology-lemma-sheaf-group-operator-spectral-sequences,,"This heading is structural. The group-action cohomology section defines invariant subsheaves and equivariant cohomology and proves restriction, change of coefficients, and the operator spectral sequences. All 16 descendants are non-gap."
tohoku:section:5.1,122;195,section,tohoku:chapter:V,122,195,sem/r18/nodes.csv:924,5A8E5720BC2EF8905BF85F7919C65AC4A87A31CFC854BD77E6B5084C0D2DEBEF;8D632A04EE0FA987B40B721BEE6E64BB3E641D6A1CE02335556213F1564C9A53,,,,D000968,structural_only,integrated_source_stacks_and_independent_review,sheaves-section-sheaves-group-actions;modules-section-G-modules-space;injectives-section-equivariant-modules-space,,"This heading is structural. The three cited sections cover G-sheaves, G-O-modules, generators and enough injectives, direct/inverse and invariant direct images, and free-discontinuous descent. All 39 descendants are non-gap."
tohoku:section:5.2,122;199,section,tohoku:chapter:V,122,199,sem/r18/nodes.csv:925,5A8E5720BC2EF8905BF85F7919C65AC4A87A31CFC854BD77E6B5084C0D2DEBEF;8D632A04EE0FA987B40B721BEE6E64BB3E641D6A1CE02335556213F1564C9A53,spectral-sequence,homology-section-spectral-sequence,011M,D001061,structural_only,integrated_parent_child_inheritance_and_live_label_audit,cohomology-definition-equivariant-ext;cohomology-definition-orbit-space-equivariant-cohomology;cohomology-lemma-equivariant-ext-locally-free;cohomology-lemma-higher-invariant-direct-image-slice;cohomology-lemma-localize-higher-invariant-direct-image;cohomology-lemma-orbit-space-equivariant-cohomology-degeneration;cohomology-lemma-orbit-space-equivariant-cohomology-finite-group;cohomology-lemma-orbit-space-equivariant-cohomology-global-acyclic;cohomology-lemma-orbit-space-equivariant-pushforward-acyclic;cohomology-lemma-orbit-space-equivariant-spectral-sequence-edges;cohomology-lemma-orbit-space-equivariant-spectral-sequences;cohomology-lemma-orbit-space-equivariant-third-spectral-sequence;homology-lemma-common-middle-five-term-comparison,,"This row is the Section 5.2 heading and aggregate container. Its forty-seven direct children now define moving-base equivariant cohomology and higher invariant direct images, prove universality and localization/slice results, construct the two fundamental spectral sequences and the third spectral sequence, identify edge maps and five-term comparisons, and prove the stated degeneration, global-acyclic and finite-group consequences. Embedded equations, diagrams, proofs and setup remain structural, while the seven applications or contextual remarks remain example_or_remark. Every direct child is non-gap, so the former new-section gap is exhausted and only D000335 may be replaced by structural_only without a source edit."
tohoku:section:5.3,122;203,section,tohoku:chapter:V,122,203,sem/r18/nodes.csv:926,5A8E5720BC2EF8905BF85F7919C65AC4A87A31CFC854BD77E6B5084C0D2DEBEF;8D632A04EE0FA987B40B721BEE6E64BB3E641D6A1CE02335556213F1564C9A53,,,,D000970,structural_only,integrated_source_stacks_and_independent_review,sheaves-definition-discontinuous-group-action;cohomology-lemma-higher-invariant-direct-image-stalk;cohomology-lemma-orbit-space-equivariant-cohomology-stabilizer-orders;cohomology-lemma-orbit-space-equivariant-cohomology-modulo-stabilizer-primes,,"This heading is structural. Stacks defines condition D, proves the stabilizer-stalk computation, and derives the invertible-stabilizer-order and modulo-prime consequences. All 13 descendants are non-gap."
tohoku:section:5.4,122;205,section,tohoku:chapter:V,122,205,sem/r18/nodes.csv:927,5A8E5720BC2EF8905BF85F7919C65AC4A87A31CFC854BD77E6B5084C0D2DEBEF;8D632A04EE0FA987B40B721BEE6E64BB3E641D6A1CE02335556213F1564C9A53,spectral-sequence,homology-section-spectral-sequence,011M,D000971,structural_only,integrated_source_stacks_and_independent_review,cohomology-lemma-orbit-space-equivariant-cohomology-support-filtration;cohomology-lemma-orbit-space-equivariant-cohomology-trivial-fixed-part,,"This heading is structural. The support-filtration lemma supplies the exact sequences, comparison diagram, proposition, and corollary. All ten descendants are non-gap."
tohoku:section:5.5,122;207,section,tohoku:chapter:V,122,207,sem/r18/nodes.csv:928,5A8E5720BC2EF8905BF85F7919C65AC4A87A31CFC854BD77E6B5084C0D2DEBEF;8D632A04EE0FA987B40B721BEE6E64BB3E641D6A1CE02335556213F1564C9A53,cech,cohomology-section-cech;cohomology-section-cech-cohomology-cohomology,01ED;01EO,D001062,structural_only,integrated_parent_child_inheritance_and_live_label_audit,cohomology-definition-equivariant-cech-closed-covering;cohomology-definition-equivariant-cech-cohomology;cohomology-definition-equivariant-cech-cohomology-space;cohomology-definition-equivariant-torsor;cohomology-definition-nonabelian-equivariant-cech-h1;cohomology-definition-nonabelian-equivariant-cech-h1-cover;cohomology-lemma-equivariant-cech-comparison-discontinuous;cohomology-lemma-equivariant-cech-comparison-low-degree;cohomology-lemma-equivariant-cech-free-coverings-cofinal;cohomology-lemma-equivariant-cech-free-index;cohomology-lemma-equivariant-cech-nonhomogeneous-cochains;cohomology-lemma-equivariant-cech-refinements;cohomology-lemma-equivariant-cech-spectral-sequence;cohomology-lemma-equivariant-cech-spectral-sequence-acyclic-cover;cohomology-lemma-equivariant-cech-spectral-sequence-closed-acyclic-cover;cohomology-lemma-equivariant-cech-spectral-sequence-closed-covering;cohomology-lemma-equivariant-cech-zero-associated-sheaf;cohomology-lemma-global-equivariant-cech-spectral-sequence;cohomology-lemma-nonabelian-equivariant-cech-h1-torsors;cohomology-lemma-nonabelian-equivariant-cech-refinements;derived-lemma-complex-valued-functor-spectral-sequence;derived-lemma-hyperderived-composite-functor-spectral-sequence;derived-lemma-hyperderived-composite-functor-spectral-sequence-resolution,,"This row is the Section 5.5 heading and introductory transition. Its fifty-five direct children now cover equivariant Cech coverings and cohomology, refinement and free-covering cofinality, the equivariant Cech spectral sequence and its open and closed acyclic-cover cases, nonhomogeneous cochains, low-degree and discontinuous-action comparisons, and the nonabelian H1/torsor interpretation. Twenty-six equations, proofs and conclusions remain embedded structural components; three remarks or special cases remain example_or_remark. Every direct child is non-gap, so the former distinct-section gap is exhausted and only D000338 may be replaced by structural_only without a source edit."
tohoku:section:5.6,122,section,tohoku:chapter:V,122,122,sem/r18/nodes.csv:929,5A8E5720BC2EF8905BF85F7919C65AC4A87A31CFC854BD77E6B5084C0D2DEBEF,abelian;ext,cohomology-section-ext;derived-section-ext;homology-section-abelian-categories,00ZX;06XP;0BQP,D000339,structural_only,reviewed_structural,cohomology-section-ext,0BQP,"This node is bound only to the contents-page section marker in the admitted source surface; body-level equivariant Ext statements are represented by separate units, so the row must not claim the whole result."
tohoku:section:5.6-equivariant-ext,213,section,tohoku:section:5.6,213,213,sem/r18/nodes.csv:930,8D632A04EE0FA987B40B721BEE6E64BB3E641D6A1CE02335556213F1564C9A53,abelian;ext,cohomology-section-ext;derived-section-ext;homology-section-abelian-categories,00ZX;06XP;0BQP,D001031,existing_equivalent,integrated_source_stacks_and_independent_review,cohomology-section-ext;cohomology-lemma-equivariant-internal-hom;cohomology-lemma-equivariant-hom-functors;cohomology-definition-equivariant-ext;cohomology-lemma-equivariant-ext-properties;cohomology-lemma-localize-equivariant-ext;cohomology-lemma-equivariant-ext-slice;cohomology-lemma-equivariant-hom-injective-stalk;cohomology-lemma-equivariant-ext-stalk;cohomology-lemma-skew-group-hom-injective-acyclic;cohomology-lemma-equivariant-product-internal-hom;cohomology-lemma-equivariant-hom-injective-acyclic;cohomology-lemma-equivariant-higher-invariant-direct-image-modules;cohomology-lemma-equivariant-underlying-ext;cohomology-lemma-equivariant-ext-spectral-sequences;cohomology-lemma-equivariant-sheaf-ext-spectral-sequence;cohomology-lemma-equivariant-ext-locally-free;cohomology-lemma-equivariant-ext-crossed-product-spectral-sequence;cohomology-lemma-equivariant-ext-trivial-action-spectral-sequence,0BQP,"The integrated Stacks cohomology chapter now contains the p. 213--218 abstract equivariant Hom/Ext theory: the four degree-zero Hom functors and their factorizations; derived global and sheaf Ext in the abelian category of G-O-modules; locality, slice restriction, and stalk comparison; the injective-acyclicity lemmas required for invariant direct image, invariants, and equivariant global sections; the underlying Ext identifications; spectral sequences I--V and the sheaf-valued Grothendieck spectral sequence; and the locally-free degeneration. The p. 219 complex-analytic applications remain separately open and are not used for this section-level closure. Only the existing Ext-sheaves aggregate carries authoritative official tag 0BQP; the integrated local labels carry no official tags."
tohoku:section:5.7,122;219,section,tohoku:chapter:V,122,219,sem/r18/nodes.csv:931,5A8E5720BC2EF8905BF85F7919C65AC4A87A31CFC854BD77E6B5084C0D2DEBEF;8D632A04EE0FA987B40B721BEE6E64BB3E641D6A1CE02335556213F1564C9A53,,,,D001019,existing_equivalent,integrated_source_stacks_and_independent_review,cohomology-section-equivariant-cohomology-supports,,"The local Stacks chapter now contains a dedicated section developing equivariant cohomology with families of supports for abelian G-sheaves, so the source section heading and its organizing formalism are represented directly. The mapping is limited to the admitted abelian-sheaf setting and makes no module-valued extension claim."
tohoku:sequence:5.4-support-exact-sequences,205,sequence,tohoku:section:5.4,205,205,sem/r18/nodes.csv:932,8D632A04EE0FA987B40B721BEE6E64BB3E641D6A1CE02335556213F1564C9A53,support,cohomology-section-cohomology-support,0A39,D000886,existing_equivalent,integrated_source_stacks_and_independent_review,cohomology-lemma-orbit-space-equivariant-cohomology-support-filtration,,"Stacks now states the two extension-by-zero short exact sequences and their commutative long exact cohomology diagram, identifies the invariant open-support term with the corresponding quotient-space term, and proves that the outer comparison maps are isomorphisms under the stated support hypothesis."
tohoku:sequence:5.4.2,206,sequence,tohoku:section:5.4,206,206,sem/r18/nodes.csv:933,8D632A04EE0FA987B40B721BEE6E64BB3E641D6A1CE02335556213F1564C9A53,,,,D000887,existing_equivalent,integrated_source_stacks_and_independent_review,cohomology-lemma-orbit-space-equivariant-cohomology-support-filtration,,"Stacks now constructs alpha^n, beta^n, and partial, proves that the complex (5.4.2) is exact away from H^n(Y,q_*^G A), and canonically identifies Ker(alpha^n)/Im(partial) with the kernel of the fixed-support comparison map."
tohoku:sequence:left-hereditary-k,192,sequence,tohoku:section:4.3,192,192,sem/r18/nodes.csv:934,8D632A04EE0FA987B40B721BEE6E64BB3E641D6A1CE02335556213F1564C9A53,ext,cohomology-section-ext;derived-section-ext,06XP;0BQP,D000829,existing_equivalent,integrated_source_stacks_and_independent_review,cohomology-lemma-constant-sheaf-ext-hereditary-quotient,,"Stacks now states exactly the source sequence, with the Ext_S^1(Tor,H)-sum as kernel and the Hom_S(Tor,H)-sum as quotient, canonically obtained from the two-column filtration."
tohoku:sequence:partial-derived-long-exact,144,sequence,tohoku:section:2.3,144,144,sem/r18/nodes.csv:935,5A8E5720BC2EF8905BF85F7919C65AC4A87A31CFC854BD77E6B5084C0D2DEBEF,,,,D000741,existing_equivalent,integrated_source_stacks_and_independent_review,derived-lemma-partial-right-derived-bifunctor,,"Stacks now gives the source-order long exact sequence in the contravariant first variable, with boundary maps independent of the injective resolution and natural in morphisms of short exact sequences; morphisms in the second variable induce morphisms of these delta functors."
tohoku:setup:acyclicity-cover-families,179,setup,tohoku:section:3.9,179,179,sem/r18/nodes.csv:936,5A8E5720BC2EF8905BF85F7919C65AC4A87A31CFC854BD77E6B5084C0D2DEBEF,cech;derived-functor,cohomology-section-cech;cohomology-section-cech-cohomology-cohomology;cohomology-section-derived-functors;derived-section-right-derived-functor,0156;01ED;01EO;0716,,structural_only,inherits_parent,,,Embedded source component; inherit the parent disposition.
tohoku:setup:constant-ring-sheaf,191,setup,tohoku:section:4.3,191,191,sem/r18/nodes.csv:937,8D632A04EE0FA987B40B721BEE6E64BB3E641D6A1CE02335556213F1564C9A53,,,,,structural_only,inherits_parent,,,Embedded source component; inherit the parent disposition.
tohoku:setup:equivariant-derived-functors,200,setup,tohoku:section:5.2,200,200,sem/r18/nodes.csv:938,8D632A04EE0FA987B40B721BEE6E64BB3E641D6A1CE02335556213F1564C9A53,exact-functor,categories-section-exact-functor,0033,,structural_only,inherits_parent,,,Embedded source component; inherit the parent disposition.
tohoku:setup:functors-h-constant-module,191,setup,tohoku:section:4.3,191,191,sem/r18/nodes.csv:939,8D632A04EE0FA987B40B721BEE6E64BB3E641D6A1CE02335556213F1564C9A53,,,,,structural_only,inherits_parent,,,Embedded source component; inherit the parent disposition.
tohoku:setup:g-module-sheaf-notation,193;194,setup,tohoku:section:4.4,193,194,sem/r18/nodes.csv:940,8D632A04EE0FA987B40B721BEE6E64BB3E641D6A1CE02335556213F1564C9A53,ext,cohomology-section-ext;derived-section-ext,06XP;0BQP,,structural_only,inherits_parent,,,Embedded source component; inherit the parent disposition.
tohoku:setup:g-space-and-orbit-space,195,setup,tohoku:section:5.1,195,195,sem/r18/nodes.csv:941,8D632A04EE0FA987B40B721BEE6E64BB3E641D6A1CE02335556213F1564C9A53,,,,,structural_only,inherits_parent,,,Embedded source component; inherit the parent disposition.
tohoku:setup:group-operator-sheaves,193,setup,tohoku:section:4.4,193,193,sem/r18/nodes.csv:942,8D632A04EE0FA987B40B721BEE6E64BB3E641D6A1CE02335556213F1564C9A53,,,,,structural_only,inherits_parent,,,Embedded source component; inherit the parent disposition.
tohoku:setup:transformation-first-spectral-sequence,205,setup,tohoku:section:5.4,205,205,sem/r18/nodes.csv:943,8D632A04EE0FA987B40B721BEE6E64BB3E641D6A1CE02335556213F1564C9A53,support,cohomology-section-cohomology-support,0A39,,structural_only,inherits_parent,,,Embedded source component; inherit the parent disposition.
tohoku:special-case:single-orbit-covering,210,special_case,tohoku:section:5.5,210,210,sem/r18/nodes.csv:944,8D632A04EE0FA987B40B721BEE6E64BB3E641D6A1CE02335556213F1564C9A53,cech,cohomology-section-cech;cohomology-section-cech-cohomology-cohomology,01ED;01EO,D000909,example_or_remark,integrated_source_stacks_and_independent_review,cohomology-lemma-equivariant-cech-nonhomogeneous-cochains,,"Stacks now records the source's single-orbit specialization: for the covering by the translates gD, invariant Cech cochains are the families indexed by tuples of group elements with the explicit nonhomogeneous differential."
tohoku:specialization:ordinary-leray,173,specialization,tohoku:section:3.7,173,173,sem/r18/nodes.csv:945,5A8E5720BC2EF8905BF85F7919C65AC4A87A31CFC854BD77E6B5084C0D2DEBEF,,,,D000441,existing_stronger,reviewed_stronger,cohomology-lemma-Leray,01F2,"The all-closed-support specialization is the ordinary Leray spectral sequence; Stacks states it for ringed spaces and bounded-below complexes, hence in greater generality."
tohoku:specialization:theorem-5.6.3,217,specialization,tohoku:section:5.6,217,217,sem/r18/nodes.csv:946,8D632A04EE0FA987B40B721BEE6E64BB3E641D6A1CE02335556213F1564C9A53,spectral-sequence,homology-section-spectral-sequence,011M,D000643,example_or_remark,reviewed_example_or_remark,more-algebra-section-spectral-sequence-ext;sites-cohomology-section-spectral-sequence-ext,0AVG;07A9,The specialization compares the three source equivariant Ext spectral sequences with earlier source sequences when O=A or G is trivial; local material does not state those identifications.
tohoku:specialization:trivial-action-on-m,218,specialization,tohoku:section:5.6,218,218,sem/r18/nodes.csv:947,8D632A04EE0FA987B40B721BEE6E64BB3E641D6A1CE02335556213F1564C9A53,,,,D000976,existing_equivalent,integrated_source_stacks_and_independent_review,cohomology-lemma-equivariant-ext-trivial-action-spectral-sequence,,"After the no-overwrite p.218 source and semantic successors add the missing hypothesis that G acts trivially on R as well as M, Stacks identifies U with R[G] and proves the corrected identity Hom_{R,G}(M,B)=Hom_R(M,Gamma_X^G(B)) using the constant-sheaf adjunction and the exact trivial-action/invariants adjunction. This makes no claim for a nontrivial action on R."
tohoku:spectral-sequence:5.7-i-supported-equivariant,220,spectral_sequence,tohoku:section:5.7,220,220,sem/r18/nodes.csv:948,8D632A04EE0FA987B40B721BEE6E64BB3E641D6A1CE02335556213F1564C9A53,derived-functor;injectives;support,cohomology-section-cohomology-support;cohomology-section-derived-functors;derived-section-injective-resolutions;derived-section-right-derived-functor;homology-section-injectives,0134;013G;0156;0716;0A39,D001022,existing_equivalent,integrated_source_stacks_and_independent_review,cohomology-lemma-orbit-space-equivariant-support-spectral-sequence,,"Stacks now proves the first-quadrant Grothendieck spectral sequence from supported cohomology of the group-cohomology sheaves to supported equivariant cohomology, including additivity, functoriality, and the finite abutment filtration. The orbit-space support family uses closure of q(Z), so no closed-image property of the orbit map is assumed."
tohoku:spectral-sequence:equivariant-cech-cohomology,212,spectral_sequence,tohoku:section:5.5,212,212,sem/r18/nodes.csv:949,8D632A04EE0FA987B40B721BEE6E64BB3E641D6A1CE02335556213F1564C9A53,cech,cohomology-section-cech;cohomology-section-cech-cohomology-cohomology,01ED;01EO,D000915,existing_equivalent,integrated_source_stacks_and_independent_review,cohomology-lemma-global-equivariant-cech-spectral-sequence,,"Stacks now proves the functorial first-quadrant global spectral sequence with E_2 equal to equivariant Cech cohomology of the presheaf of local higher cohomology, converging to equivariant sheaf cohomology with a finite filtered abutment."
tohoku:spectral-sequence:equivariant-ext-composite-functors,215,spectral_sequence,tohoku:section:5.6,215,215,sem/r18/nodes.csv:950,8D632A04EE0FA987B40B721BEE6E64BB3E641D6A1CE02335556213F1564C9A53,ext;spectral-sequence,cohomology-section-ext;derived-section-ext;homology-section-spectral-sequence,011M;06XP;0BQP,D000939,existing_equivalent,integrated_source_stacks_and_independent_review,cohomology-lemma-equivariant-higher-invariant-direct-image-modules;cohomology-lemma-equivariant-sheaf-ext-spectral-sequence;cohomology-lemma-equivariant-ext-spectral-sequences,,"Stacks now constructs all Grothendieck spectral sequences supplied by the two equivariant Hom factorizations (5.6.4) and (5.6.5): the three global sequences were integrated earlier, while the new module-valued comparison and acyclicity lemma gives the remaining sheaf sequence from higher invariant direct images of ordinary sheaf Ext to equivariant sheaf Ext. This exactly closes the source's p. 215 composite-functor assertion; the separately numbered p. 218 sequences IV and V are not included."
tohoku:spectral-sequence:ii-a-u,220,spectral_sequence,tohoku:section:5.7,220,220,sem/r18/nodes.csv:951,8D632A04EE0FA987B40B721BEE6E64BB3E641D6A1CE02335556213F1564C9A53,spectral-sequence,homology-section-spectral-sequence,011M,D001025,existing_equivalent,integrated_source_stacks_and_independent_review,cohomology-lemma-equivariant-support-filtered-second-spectral-sequence,,"Stacks now constructs the additive first-quadrant filtered second spectral sequence for abelian G-sheaves, with the displayed colimit E_2-page and finite abutment filtration. The abutment identification uses the explicit extension-by-zero acyclicity condition; the usual H^p(G,H^q_Phi) page additionally requires Phi to be paracompactifying and one of the three alternative interchange criteria."
tohoku:spectral-sequence:iv,218,spectral_sequence,tohoku:section:5.6,218,218,sem/r18/nodes.csv:952,8D632A04EE0FA987B40B721BEE6E64BB3E641D6A1CE02335556213F1564C9A53,ext;injectives,cohomology-section-ext;derived-section-ext;derived-section-injective-resolutions;homology-section-injectives,0134;013G;06XP;0BQP,D000941,existing_equivalent,integrated_source_stacks_and_independent_review,cohomology-lemma-equivariant-ext-crossed-product-spectral-sequence,,"Stacks now applies the Grothendieck spectral sequence to equivariant global sections followed by Hom_U(M,-), proves the injective-acyclicity hypothesis, identifies the inner derived functors with H^q(X,B) carrying its U-action, and obtains the functorial first-quadrant sequence IV with E_2^{p,q}=Ext_U^p(M,H^q(X,B)) converging with finite filtrations to Ext_{R,G}^{p+q}(X;M,B). The separately stated sequence V is not included."
tohoku:spectral-sequence:three-equivariant-ext-sequences,216,spectral_sequence,tohoku:section:5.6,216,216,sem/r18/nodes.csv:953,8D632A04EE0FA987B40B721BEE6E64BB3E641D6A1CE02335556213F1564C9A53,derived-functor;ext;spectral-sequence,cohomology-section-derived-functors;cohomology-section-ext;derived-section-ext;derived-section-right-derived-functor;homology-section-spectral-sequence,011M;0156;06XP;0716;0BQP,D000934,existing_equivalent,integrated_source_stacks_and_independent_review,cohomology-lemma-equivariant-underlying-ext;cohomology-lemma-equivariant-ext-spectral-sequences,,"Stacks now constructs from the three factorizations (5.6.5) the additive first-quadrant spectral sequences I--III, functorial in B from E_2 onward, identifies their nonequivariant inner derived functors with global Ext and sheaf Ext carrying their induced G-actions, and proves that all three converge to Ext_{O,G}^{p+q}(X;A,B). This exactly covers the p. 216 unit; spectral sequence I uses the authority-correct quotient space Y."
tohoku:spectral-sequence:v,218,spectral_sequence,tohoku:section:5.6,218,218,sem/r18/nodes.csv:954,8D632A04EE0FA987B40B721BEE6E64BB3E641D6A1CE02335556213F1564C9A53,injectives,derived-section-injective-resolutions;homology-section-injectives,0134;013G,D000977,existing_equivalent,integrated_source_stacks_and_independent_review,cohomology-lemma-equivariant-ext-trivial-action-spectral-sequence,,"Under the corrected hypotheses that G acts trivially on R and M, Stacks proves that invariant global sections take injective equivariant constant-R-module sheaves to injective R-modules, verifies through equivariant quotient spectral sequence II and Leray acyclicity that their R-linear derived functors are H^q(X;G,B), and obtains the functorial first-quadrant sequence V with E_2^{p,q}=Ext_R^p(M,H^q(X;G,B)) and finite filtered abutment Ext_{R,G}^{p+q}(X;M,B). The printed A in (5.6.11 ter) is the separately adjudicated B correction."
tohoku:subitem:3.6.2:a,169,subitem,tohoku:section:3.6,169,169,sem/r18/nodes.csv:955,5A8E5720BC2EF8905BF85F7919C65AC4A87A31CFC854BD77E6B5084C0D2DEBEF,limits,categories-section-directed-colimits;categories-section-limits;cohomology-section-limits,002D;01FE;04AX,,structural_only,inherits_parent,,,Embedded source component; inherit the parent disposition.
tohoku:subitem:3.6.2:b,169,subitem,tohoku:section:3.6,169,169,sem/r18/nodes.csv:956,5A8E5720BC2EF8905BF85F7919C65AC4A87A31CFC854BD77E6B5084C0D2DEBEF,derived-functor;grothendieck-category;injectives,cohomology-section-derived-functors;derived-section-injective-resolutions;derived-section-right-derived-functor;homology-section-injectives;injectives-section-grothendieck-categories;injectives-section-grothendieck-conditions,0134;013G;0156;05AB;0716;079A,,structural_only,inherits_parent,,,Embedded source component; inherit the parent disposition.
tohoku:subitem:3.6.3:1,170,subitem,tohoku:section:3.6,170,170,sem/r18/nodes.csv:957,5A8E5720BC2EF8905BF85F7919C65AC4A87A31CFC854BD77E6B5084C0D2DEBEF,,,,,structural_only,inherits_parent,,,Embedded source component; inherit the parent disposition.
tohoku:subitem:3.6.3:2,170,subitem,tohoku:section:3.6,170,170,sem/r18/nodes.csv:958,5A8E5720BC2EF8905BF85F7919C65AC4A87A31CFC854BD77E6B5084C0D2DEBEF,,,,,structural_only,inherits_parent,,,Embedded source component; inherit the parent disposition.
tohoku:subitem:3.7.1:1,172,subitem,tohoku:section:3.7,172,172,sem/r18/nodes.csv:959,5A8E5720BC2EF8905BF85F7919C65AC4A87A31CFC854BD77E6B5084C0D2DEBEF,injectives,derived-section-injective-resolutions;homology-section-injectives,0134;013G,,structural_only,inherits_parent,,,Embedded source component; inherit the parent disposition.
tohoku:subitem:3.7.1:2,172,subitem,tohoku:section:3.7,172,172,sem/r18/nodes.csv:960,5A8E5720BC2EF8905BF85F7919C65AC4A87A31CFC854BD77E6B5084C0D2DEBEF,,,,,structural_only,inherits_parent,,,Embedded source component; inherit the parent disposition.
tohoku:theorem:3.5.1,167,theorem,tohoku:section:3.5,167,167,sem/r18/nodes.csv:961,5A8E5720BC2EF8905BF85F7919C65AC4A87A31CFC854BD77E6B5084C0D2DEBEF,,,,D000795,existing_equivalent,integrated_source_stacks_and_independent_review,cohomology-lemma-family-supports-extension-by-zero,,"Stacks now constructs the canonical supported-cohomology comparison for locally closed extension by zero and proves it is an isomorphism exactly when the subspace is closed or when it is open and the support family is paracompactifying, by the source's effacement argument."
tohoku:theorem:3.6.5,170,theorem,tohoku:section:3.6,170,170,sem/r18/nodes.csv:962,5A8E5720BC2EF8905BF85F7919C65AC4A87A31CFC854BD77E6B5084C0D2DEBEF,,,,D000443,existing_equivalent,reviewed_equivalent,cohomology-proposition-vanishing-Noetherian,02UZ,The Stacks proposition explicitly cites this theorem and proves the same vanishing above Krull dimension for every abelian sheaf on a Noetherian topological space.
tohoku:theorem:3.7.3,173,theorem,tohoku:section:3.7,173,173,sem/r18/nodes.csv:963,5A8E5720BC2EF8905BF85F7919C65AC4A87A31CFC854BD77E6B5084C0D2DEBEF,,,,D000816,existing_equivalent,integrated_source_stacks_and_independent_review,cohomology-lemma-relative-Leray-family-supports,,"Stacks now states and proves the full relative-support Leray theorem for the two source hypotheses, with E_2^{p,q}=H^p_Phi(X,R^qf_Psi F) abutting to H^{p+q}_{Psi'}(Y,F)."
tohoku:theorem:3.8.1,175,theorem,tohoku:section:3.8,175,175,sem/r18/nodes.csv:964,5A8E5720BC2EF8905BF85F7919C65AC4A87A31CFC854BD77E6B5084C0D2DEBEF,cech,cohomology-section-cech;cohomology-section-cech-cohomology-cohomology,01ED;01EO,D000445,existing_equivalent,reviewed_equivalent,cohomology-lemma-cech-spectral-sequence,01ES,"The Stacks lemma has the same E2 page, convergence, and functoriality for the Cech-to-derived spectral sequence of an arbitrary open covering."
tohoku:theorem:3.9.1,179,theorem,tohoku:section:3.9,179,179,sem/r18/nodes.csv:965,5A8E5720BC2EF8905BF85F7919C65AC4A87A31CFC854BD77E6B5084C0D2DEBEF,,,,D001032,existing_equivalent,integrated_source_stacks_and_independent_review,cohomology-lemma-covering-acyclicity-local-killing,,"Stacks now proves the covering-family local-killing theorem under the corrected cross-cover trace axiom: for any two assigned coverings R and R' of A and any member B of R, the trace of R' on B is assigned to B. The finite-closed and paracompact locally-finite-closed Leray--Cartan spectral sequences supply the required edge sequence; the two inductions give vanishing through degree n-1 and the exact degree-n local-killing criterion. Source defect D1012-R001 is preserved diplomatically and corrected by TOH-P179-COR-002 and TOH-SRC-P179-009."
tohoku:theorem:4.2.1,188,theorem,tohoku:section:4.2,188,188,sem/r18/nodes.csv:966,8D632A04EE0FA987B40B721BEE6E64BB3E641D6A1CE02335556213F1564C9A53,ext,cohomology-section-ext;derived-section-ext,06XP;0BQP,D000554,existing_stronger,reviewed_stronger,cohomology-section-ext,0BQP,Stacks' local-to-global Ext spectral sequence is formulated using derived internal Hom and applies in greater derived generality than the source theorem.
tohoku:theorem:4.2.2,189,theorem,tohoku:section:4.2,189,189,sem/r18/nodes.csv:967,8D632A04EE0FA987B40B721BEE6E64BB3E641D6A1CE02335556213F1564C9A53,,,,D000555,existing_stronger,reviewed_stronger,cohomology-lemma-stalk-internal-hom,0GM8,Stacks proves the full derived stalk comparison for a pseudo-coherent first argument; the source's coherent left-Noetherian hypotheses supply that local finiteness case.
tohoku:theorem:4.3.1,191,theorem,tohoku:section:4.3,191,191,sem/r18/nodes.csv:968,8D632A04EE0FA987B40B721BEE6E64BB3E641D6A1CE02335556213F1564C9A53,ext,cohomology-section-ext;derived-section-ext,06XP;0BQP,D000556,existing_stronger,reviewed_stronger,derived-lemma-grothendieck-spectral-sequence;sites-modules-lemma-constant-exact;homology-lemma-adjoint-preserve-injectives,015N;093J;015Z,"Stacks combines the general composite-functor spectral sequence with exactness of constant sheafification and preservation of injectives by its adjoint, covering the constant-sheaf Ext sequence more generally."
tohoku:theorem:4.4.1,194,theorem,tohoku:section:4.4,194,194,sem/r18/nodes.csv:969,8D632A04EE0FA987B40B721BEE6E64BB3E641D6A1CE02335556213F1564C9A53,,,,D000834,existing_equivalent,integrated_source_stacks_and_independent_review,cohomology-lemma-sheaf-group-operator-spectral-sequences,,"Stacks now proves the two functorial first-quadrant spectral sequences H^p(X,mathcal H^q(G,A)) and H^p(G,H^q(X,A)) with their common equivariant-cohomology abutment and finite filtrations, and proves the canonical trivial-action formulas over a field and over Z through the group-resolution--Godement complex."
tohoku:theorem:5.2.1,200,theorem,tohoku:section:5.2,200,200,sem/r18/nodes.csv:970,8D632A04EE0FA987B40B721BEE6E64BB3E641D6A1CE02335556213F1564C9A53,,,,D000872,existing_equivalent,integrated_source_stacks_and_independent_review,cohomology-lemma-orbit-space-equivariant-spectral-sequences,,"Stacks now proves Theorem 5.2.1: the two additive functorial first-quadrant spectral sequences have E_2-pages H^p(Y, H^q(G, A)) and H^p(G, H^q(X, A)) and converge with finite filtrations to H^(p+q)(X; G, A)."
tohoku:theorem:5.3.1,204,theorem,tohoku:section:5.3,204,204,sem/r18/nodes.csv:971,8D632A04EE0FA987B40B721BEE6E64BB3E641D6A1CE02335556213F1564C9A53,,,,D000870,existing_equivalent,integrated_source_stacks_and_independent_review,cohomology-lemma-higher-invariant-direct-image-stalk,,"Stacks now proves Theorem 5.3.1: under condition (D), for every y in X/G and x above y there are canonical functorial isomorphisms between the stalk of R^nq_*^G(A) at y and H^n(G_x,A_x) for all n."
tohoku:theorem:5.5.3,208,theorem,tohoku:section:5.5,208,208,sem/r18/nodes.csv:972,8D632A04EE0FA987B40B721BEE6E64BB3E641D6A1CE02335556213F1564C9A53,cech,cohomology-section-cech;cohomology-section-cech-cohomology-cohomology,01ED;01EO,D000901,existing_equivalent,integrated_source_stacks_and_independent_review,cohomology-lemma-equivariant-cech-spectral-sequence,,"Stacks now proves Theorem 5.5.3 with E_2^(p,q) equal to equivariant Cech cohomology of the presheaf V maps to H^q(V,A), converging functorially to equivariant sheaf cohomology H^(p+q)(X;G,A), and states the associated five-term sequence."
tohoku:theorem:5.5.6,213,theorem,tohoku:section:5.5,213,213,sem/r18/nodes.csv:973,8D632A04EE0FA987B40B721BEE6E64BB3E641D6A1CE02335556213F1564C9A53,,,,D000917,existing_equivalent,integrated_source_stacks_and_independent_review,cohomology-lemma-equivariant-cech-comparison-discontinuous,,"Stacks now proves the proof-supported condition-(D) form of Theorem 5.5.6: if G acts discontinuously and X/G is paracompact, then X is automatically Hausdorff and the canonical equivariant Cech-to-sheaf-cohomology maps are functorial isomorphisms in every nonnegative degree for every abelian G-sheaf."
tohoku:theorem:5.6.3,217,theorem,tohoku:section:5.6,217,217,sem/r18/nodes.csv:974,8D632A04EE0FA987B40B721BEE6E64BB3E641D6A1CE02335556213F1564C9A53,ext,cohomology-section-ext;derived-section-ext,06XP;0BQP,D000953,existing_equivalent,integrated_source_stacks_and_independent_review,cohomology-lemma-equivariant-underlying-ext;cohomology-lemma-equivariant-ext-spectral-sequences,,"With sem/r11 restoring the authority's type-correct quotient space Y in spectral sequence I, Stacks identifies the underlying derived Hom functors and proves the theorem's three functorial first-quadrant equivariant Ext spectral sequences, including their E_2 terms, common Ext_{O,G} abutment, and finite filtrations."
tohoku:thm:1.10.1:construction:M1,136,theorem,tohoku:section:1.10,136,136,sem/r18/nodes.csv:975,5A8E5720BC2EF8905BF85F7919C65AC4A87A31CFC854BD77E6B5084C0D2DEBEF,,,,D000113,existing_equivalent,reviewed_equivalent,injectives-theorem-injective-embedding-grothendieck,079H,The local proof performs the same functorial first-stage attachment using all maps from subobjects of a generator; its pushout is the source cokernel construction in abelian notation.
tohoku:thm:1.10.1:construction:transfinite:p1,136,theorem,tohoku:section:1.10,136,136,sem/r18/nodes.csv:976,5A8E5720BC2EF8905BF85F7919C65AC4A87A31CFC854BD77E6B5084C0D2DEBEF,injectives,derived-section-injective-resolutions;homology-section-injectives,0134;013G,D000114,existing_equivalent,reviewed_equivalent,injectives-theorem-injective-embedding-grothendieck,079H,Both iterate the first-stage functor by transfinite recursion and take colimits at limit ordinals.
tohoku:thm:1.10.1:construction:transfinite:p2,137,theorem,tohoku:section:1.10,137,137,sem/r18/nodes.csv:977,5A8E5720BC2EF8905BF85F7919C65AC4A87A31CFC854BD77E6B5084C0D2DEBEF,injectives;limits,categories-section-directed-colimits;categories-section-limits;cohomology-section-limits;derived-section-injective-resolutions;homology-section-injectives,002D;0134;013G;01FE;04AX,D000115,existing_equivalent,reviewed_equivalent,injectives-theorem-injective-embedding-grothendieck,079H,Both stop at a sufficiently large-cofinality ordinal and use the generator-subobject criterion. Stacks explicitly chooses cofinality greater than |U|; the source chooses the least ordinal of larger cardinality and argues via its subobject cardinal.
tohoku:thm:1.10.1:p1,135,theorem,tohoku:section:1.10,135,135,sem/r18/nodes.csv:978,5A8E5720BC2EF8905BF85F7919C65AC4A87A31CFC854BD77E6B5084C0D2DEBEF,grothendieck-category;injectives,derived-section-injective-resolutions;homology-section-injectives;injectives-section-grothendieck-categories;injectives-section-grothendieck-conditions,0134;013G;05AB;079A,D000116,existing_stronger,reviewed_stronger,injectives-theorem-injective-embedding-grothendieck;homology-definition-enough-injectives,079H;0138,Both prove that AB5 plus a generator gives enough injectives; the Stacks theorem states the stronger functorial embedding conclusion already at theorem level.
tohoku:thm:1.10.1:p2,136,theorem,tohoku:section:1.10,136,136,sem/r18/nodes.csv:979,5A8E5720BC2EF8905BF85F7919C65AC4A87A31CFC854BD77E6B5084C0D2DEBEF,injectives,derived-section-injective-resolutions;homology-section-injectives,0134;013G,D000117,existing_equivalent,reviewed_equivalent,injectives-theorem-injective-embedding-grothendieck;homology-definition-functorial-injective-embedding,079H;0139,The source's functor M and natural monomorphism A→M(A) with injective targets are exactly Stacks' functorial injective embeddings.
tohoku:thm:1.10.1:remark:1,137,theorem,tohoku:section:1.10,137,137,sem/r18/nodes.csv:980,5A8E5720BC2EF8905BF85F7919C65AC4A87A31CFC854BD77E6B5084C0D2DEBEF,grothendieck-category;injectives,derived-section-injective-resolutions;homology-section-injectives;injectives-section-grothendieck-categories;injectives-section-grothendieck-conditions,0134;013G;05AB;079A,D000118,example_or_remark,reviewed_example_or_remark,,,"No labelled local theorem gives injective effacements from AB3, AB4, AB3*, and a cogenerator; Stacks does not define this effacement notion."
tohoku:thm:1.10.1:remark:2,137,theorem,tohoku:section:1.10,137,137,sem/r18/nodes.csv:981,5A8E5720BC2EF8905BF85F7919C65AC4A87A31CFC854BD77E6B5084C0D2DEBEF,injectives,derived-section-injective-resolutions;homology-section-injectives,0134;013G,D000119,example_or_remark,reviewed_example_or_remark,,,"No labelled local target states that a G-object injective in the operator category is injective after forgetting the action, under the source's functorial construction."
tohoku:thm:1.10.1:remark:3,137,theorem,tohoku:section:1.10,137,137,sem/r18/nodes.csv:982,5A8E5720BC2EF8905BF85F7919C65AC4A87A31CFC854BD77E6B5084C0D2DEBEF,injectives,derived-section-injective-resolutions;homology-section-injectives,0134;013G,D000120,historical_reference,reviewed_historical,,,"The remark's claimed stability of the generator hypothesis for the cited diagram categories depends on the false last assertion of Proposition 1.9.2. It is retained as a dependency-qualified historical statement, with no valid Stacks coverage asserted."
tohoku:thm:1.10.1:remark:4,137,theorem,tohoku:section:1.10,137,137,sem/r18/nodes.csv:983,5A8E5720BC2EF8905BF85F7919C65AC4A87A31CFC854BD77E6B5084C0D2DEBEF,,,,D001066,existing_equivalent,integrated_source_stacks_and_independent_review,homology-definition-projective;homology-definition-projective-effacement;homology-lemma-projective-effacement;homology-lemma-characterize-projectives;homology-lemma-projective-effacement-opposite-category,013B;013C,"Stacks defines projective objects and projective effacements, characterizes projective objects, and the new lemma makes explicit their formal opposite-category correspondence with injective effacements and enough injectives. When A^opp is Grothendieck, it dualizes the functorial injective-embedding theorem to natural epimorphisms from projectives. It does not assert that A^opp is Grothendieck when A is, that every abelian category has enough projectives, or any projective-cover minimality."
tohoku:thm:2.2.2:dual,142,theorem,tohoku:section:2.2,142,142,sem/r18/nodes.csv:984,5A8E5720BC2EF8905BF85F7919C65AC4A87A31CFC854BD77E6B5084C0D2DEBEF,delta-functor,homology-section-cohomological-delta-functor,010P,D000996,existing_equivalent,integrated_source_stacks_and_independent_review,homology-lemma-left-satellites-projective-effacements,,"Stacks now proves the repaired p. 142 dual statement under the stated effacement hypotheses. Projective effacements construct the left satellites as a universal step -1 system with the terminal extension property and co-effaceable positive components; their exactness is governed by half-exactness and the same nested-subobject condition, with enough projectives reducing the criterion to half-exactness. The contravariant form exchanges the relevant projective and injective effacements. When both halves exist, the degree-reversed left half and the right half glue to an all-integer graded connecting functor, exact exactly under the stated half-exactness and nested-subobject criterion. For each a>0, the finite right restriction on {0,...,a} has the initial extension property, while the degree-reversed finite left restriction on {-a,...,0} has the terminal extension property. The glued system is exact, but no global all-Z universality is asserted."
tohoku:thm:2.2.2:p1,141,theorem,tohoku:section:2.2,141,141,sem/r18/nodes.csv:985,5A8E5720BC2EF8905BF85F7919C65AC4A87A31CFC854BD77E6B5084C0D2DEBEF,abelian;delta-functor;injectives,derived-section-injective-resolutions;homology-section-abelian-categories;homology-section-cohomological-delta-functor;homology-section-injectives,00ZX;010P;0134;013G,D000992,existing_equivalent,integrated_source_stacks_and_independent_review,homology-lemma-first-right-satellite-injective-effacements;homology-lemma-right-satellites-injective-effacements,,"Stacks now proves the first assertion of Tohoku Theorem 2.2.2 under the same hypotheses. If every object of the abelian source category has an injective effacement, every covariant additive functor to an abelian category admits a universal graded connecting functor of step +1 in all nonnegative degrees with degree-zero functor F, and every positive component is effaceable. The construction forms the first satellite as the cokernel of F(E_A) to F(Q_A), proves independence of the chosen lifts, functoriality, boundary naturality, the complex identities, universality, and effaceability, and then iterates it. No exactness of the satellite system, exactness criterion, negative or left satellites, contravariant version, or derived-functor identification is asserted."
tohoku:thm:2.2.2:p2,142,theorem,tohoku:section:2.2,142,142,sem/r18/nodes.csv:986,5A8E5720BC2EF8905BF85F7919C65AC4A87A31CFC854BD77E6B5084C0D2DEBEF,,,,D000994,existing_equivalent,integrated_source_stacks_and_independent_review,homology-lemma-right-satellites-exactness-criterion,,"Under exactly the source hypothesis that every object admits an injective effacement, Stacks proves that the universal nonnegative right-satellite system is exact if and only if F is half-exact and, for every P subset Q subset R, the kernel of F(Q/P) to F(R/P) is contained in the image of F(Q) to F(Q/P). It also proves that left exactness or right exactness implies these conditions. The proof propagates the criterion through successive right satellites and does not substitute enough injectives, derived functors, or an all-degree padded convention. The separately targeted proof-stage footnote is not included in this decision."
tohoku:thm:2.2.2:proof:p1,142,theorem,tohoku:section:2.2,142,142,sem/r18/nodes.csv:987,5A8E5720BC2EF8905BF85F7919C65AC4A87A31CFC854BD77E6B5084C0D2DEBEF,injectives,derived-section-injective-resolutions;homology-section-injectives,0134;013G,D000217,structural_only,reviewed_structural,,,The explicit S^1F(A)=F(A')/Im(F(M)) construction from an injective effacement and its independence proof are absent from the local modern derived-functor treatment.
tohoku:thm:2.4.1,148,theorem,tohoku:section:2.4,148,148,sem/r18/nodes.csv:988,5A8E5720BC2EF8905BF85F7919C65AC4A87A31CFC854BD77E6B5084C0D2DEBEF,abelian;derived-functor;injectives,cohomology-section-derived-functors;derived-section-injective-resolutions;derived-section-right-derived-functor;homology-section-abelian-categories;homology-section-injectives,00ZX;0134;013G;0156;0716,D000750,existing_equivalent,integrated_source_stacks_and_independent_review,derived-lemma-compose-derived-functors;derived-lemma-grothendieck-spectral-sequence,015M;015N,"Under the source's exact hypotheses—additive F, left exact G, enough injectives, and F carrying injectives to right G-acyclic objects—Stacks now proves the functorial additive first-quadrant Grothendieck spectral sequence, its finite filtered abutment, and convergence to the right derived functors of the composite."
tohoku:transition:degeneration-case,217;218,transition,tohoku:section:5.6,217,218,sem/r18/nodes.csv:989,8D632A04EE0FA987B40B721BEE6E64BB3E641D6A1CE02335556213F1564C9A53,,,,,structural_only,inherits_parent,,,Embedded source component; inherit the parent disposition.
tohoku:transition:final-particular-case-5.2,202,semantic_unit,tohoku:section:5.2,202,202,sem/r18/nodes.csv:990,8D632A04EE0FA987B40B721BEE6E64BB3E641D6A1CE02335556213F1564C9A53,,,,D000559,structural_only,reviewed_structural,,,This is only a transition announcing the final special case and contains no mathematical assertion to map.
tohoku:transition:main-equivariant-ext-result,217,transition,tohoku:section:5.6,217,217,sem/r18/nodes.csv:991,8D632A04EE0FA987B40B721BEE6E64BB3E641D6A1CE02335556213F1564C9A53,ext,cohomology-section-ext;derived-section-ext,06XP;0BQP,,structural_only,inherits_parent,,,Embedded source component; inherit the parent disposition.
tohoku:transition:section-5.7-functorial-formulas,219;220,transition,tohoku:section:5.7,219,220,sem/r18/nodes.csv:992,8D632A04EE0FA987B40B721BEE6E64BB3E641D6A1CE02335556213F1564C9A53,,,,,structural_only,inherits_parent,,,Embedded source component; inherit the parent disposition.
