unit_id,item,unit_type,parent_id,source_start,source_end,source_loc,authority_sha256,source_topics,topic_evidence_labels,topic_evidence_tags,decision_id,disposition,review_state,stacks_labels,stacks_tags,rationale
tohoku:term:abelian-category,121;127,term,tohoku:section:1.4,121,127,sem/r7/nodes.csv:2,5A8E5720BC2EF8905BF85F7919C65AC4A87A31CFC854BD77E6B5084C0D2DEBEF,abelian,homology-section-abelian-categories,00ZX,,needs_review,generated_intake,,,Requires statement-level mathematical comparison.
tohoku:term:acyclicity-criterion,121;158,term,tohoku:section:3.3,121,158,sem/r7/nodes.csv:3,5A8E5720BC2EF8905BF85F7919C65AC4A87A31CFC854BD77E6B5084C0D2DEBEF,derived-functor,cohomology-section-derived-functors;derived-section-right-derived-functor,0156;0716,,needs_review,generated_intake,,,Requires statement-level mathematical comparison.
tohoku:term:additive-category,121;126,term,tohoku:section:1.3,121,126,sem/r7/nodes.csv:4,5A8E5720BC2EF8905BF85F7919C65AC4A87A31CFC854BD77E6B5084C0D2DEBEF,additive,homology-section-additive-categories,09SE,,needs_review,generated_intake,,,Requires statement-level mathematical comparison.
tohoku:term:category,121;122,term,tohoku:section:1.1,121,122,sem/r7/nodes.csv:5,5A8E5720BC2EF8905BF85F7919C65AC4A87A31CFC854BD77E6B5084C0D2DEBEF,,,,,needs_review,generated_intake,,,Requires statement-level mathematical comparison.
tohoku:term:cech-cohomology,121;174,term,tohoku:section:3.8,121,174,sem/r7/nodes.csv:6,5A8E5720BC2EF8905BF85F7919C65AC4A87A31CFC854BD77E6B5084C0D2DEBEF,cech,cohomology-section-cech;cohomology-section-cech-cohomology-cohomology,01ED;01EO,,needs_review,generated_intake,,,Requires statement-level mathematical comparison.
tohoku:term:closed-subspace-exact-sequence,121;166,term,tohoku:section:3.5,121,166,sem/r7/nodes.csv:7,5A8E5720BC2EF8905BF85F7919C65AC4A87A31CFC854BD77E6B5084C0D2DEBEF,,,,,needs_review,generated_intake,,,Requires statement-level mathematical comparison.
tohoku:term:cogenerator,121;134,term,tohoku:section:1.9,121,134,sem/r7/nodes.csv:8,5A8E5720BC2EF8905BF85F7919C65AC4A87A31CFC854BD77E6B5084C0D2DEBEF,grothendieck-category;injectives,derived-section-injective-resolutions;homology-section-injectives;injectives-section-grothendieck-categories;injectives-section-grothendieck-conditions,0134;013G;05AB;079A,,needs_review,generated_intake,,,Requires statement-level mathematical comparison.
tohoku:term:cohomological-dimension,121;167,term,tohoku:section:3.6,121,167,sem/r7/nodes.csv:9,5A8E5720BC2EF8905BF85F7919C65AC4A87A31CFC854BD77E6B5084C0D2DEBEF,,,,,needs_review,generated_intake,,,Requires statement-level mathematical comparison.
tohoku:term:cohomology-with-supports,121;156,term,tohoku:section:3.2,121,156,sem/r7/nodes.csv:10,5A8E5720BC2EF8905BF85F7919C65AC4A87A31CFC854BD77E6B5084C0D2DEBEF,support,cohomology-section-cohomology-support,0A39,,needs_review,generated_intake,,,Requires statement-level mathematical comparison.
tohoku:term:covering-method,121;179,term,tohoku:section:3.9,121,179,sem/r7/nodes.csv:11,5A8E5720BC2EF8905BF85F7919C65AC4A87A31CFC854BD77E6B5084C0D2DEBEF,cech,cohomology-section-cech;cohomology-section-cech-cohomology-cohomology,01ED;01EO,,needs_review,generated_intake,,,Requires statement-level mathematical comparison.
tohoku:term:delta-functor,121;139,term,tohoku:section:2.1,121,139,sem/r7/nodes.csv:12,5A8E5720BC2EF8905BF85F7919C65AC4A87A31CFC854BD77E6B5084C0D2DEBEF,delta-functor,homology-section-cohomological-delta-functor,010P,,needs_review,generated_intake,,,Requires statement-level mathematical comparison.
tohoku:term:delta-star-functor,121;139,term,tohoku:section:2.1,121,139,sem/r7/nodes.csv:13,5A8E5720BC2EF8905BF85F7919C65AC4A87A31CFC854BD77E6B5084C0D2DEBEF,,,,,needs_review,generated_intake,,,Requires statement-level mathematical comparison.
tohoku:term:derived-delta-functor,121;140,term,tohoku:section:2.2,121,140,sem/r7/nodes.csv:14,5A8E5720BC2EF8905BF85F7919C65AC4A87A31CFC854BD77E6B5084C0D2DEBEF,delta-functor,homology-section-cohomological-delta-functor,010P,,needs_review,generated_intake,,,Requires statement-level mathematical comparison.
tohoku:term:derived-functor,121;143,term,tohoku:section:2.3,121,143,sem/r7/nodes.csv:15,5A8E5720BC2EF8905BF85F7919C65AC4A87A31CFC854BD77E6B5084C0D2DEBEF,derived-functor,cohomology-section-derived-functors;derived-section-right-derived-functor,0156;0716,,needs_review,generated_intake,,,Requires statement-level mathematical comparison.
tohoku:term:diagram-category,121;130,term,tohoku:section:1.6,121,130,sem/r7/nodes.csv:16,5A8E5720BC2EF8905BF85F7919C65AC4A87A31CFC854BD77E6B5084C0D2DEBEF,,,,,needs_review,generated_intake,,,Requires statement-level mathematical comparison.
tohoku:term:diagram-scheme,121;131,term,tohoku:section:1.7,121,131,sem/r7/nodes.csv:17,5A8E5720BC2EF8905BF85F7919C65AC4A87A31CFC854BD77E6B5084C0D2DEBEF,,,,,needs_review,generated_intake,,,Requires statement-level mathematical comparison.
tohoku:term:functor,121;124,term,tohoku:section:1.2,121,124,sem/r7/nodes.csv:18,5A8E5720BC2EF8905BF85F7919C65AC4A87A31CFC854BD77E6B5084C0D2DEBEF,,,,,needs_review,generated_intake,,,Requires statement-level mathematical comparison.
tohoku:term:generator,121;134,term,tohoku:section:1.9,121,134,sem/r7/nodes.csv:19,5A8E5720BC2EF8905BF85F7919C65AC4A87A31CFC854BD77E6B5084C0D2DEBEF,grothendieck-category,injectives-section-grothendieck-categories;injectives-section-grothendieck-conditions,05AB;079A,,needs_review,generated_intake,,,Requires statement-level mathematical comparison.
tohoku:term:global-ext,121;187,term,tohoku:section:4.2,121,187,sem/r7/nodes.csv:20,5A8E5720BC2EF8905BF85F7919C65AC4A87A31CFC854BD77E6B5084C0D2DEBEF;8D632A04EE0FA987B40B721BEE6E64BB3E641D6A1CE02335556213F1564C9A53,ext,cohomology-section-ext;derived-section-ext,06XP;0BQP,,needs_review,generated_intake,,,Requires statement-level mathematical comparison.
tohoku:term:global-hom,121;185,term,tohoku:section:4.1,121,185,sem/r7/nodes.csv:21,5A8E5720BC2EF8905BF85F7919C65AC4A87A31CFC854BD77E6B5084C0D2DEBEF;8D632A04EE0FA987B40B721BEE6E64BB3E641D6A1CE02335556213F1564C9A53,,,,,needs_review,generated_intake,,,Requires statement-level mathematical comparison.
tohoku:term:homological-algebra,121;139,term,tohoku:chapter:II,121,139,sem/r7/nodes.csv:22,5A8E5720BC2EF8905BF85F7919C65AC4A87A31CFC854BD77E6B5084C0D2DEBEF,,,,,needs_review,generated_intake,,,Requires statement-level mathematical comparison.
tohoku:term:inductive-limit,121;133,term,tohoku:section:1.8,121,133,sem/r7/nodes.csv:23,5A8E5720BC2EF8905BF85F7919C65AC4A87A31CFC854BD77E6B5084C0D2DEBEF,limits,categories-section-directed-colimits;categories-section-limits;cohomology-section-limits,002D;01FE;04AX,,needs_review,generated_intake,,,Requires statement-level mathematical comparison.
tohoku:term:infinite-product,121;128,term,tohoku:section:1.5,121,128,sem/r7/nodes.csv:24,5A8E5720BC2EF8905BF85F7919C65AC4A87A31CFC854BD77E6B5084C0D2DEBEF,,,,,needs_review,generated_intake,,,Requires statement-level mathematical comparison.
tohoku:term:infinite-sum,121;128,term,tohoku:section:1.5,121,128,sem/r7/nodes.csv:25,5A8E5720BC2EF8905BF85F7919C65AC4A87A31CFC854BD77E6B5084C0D2DEBEF,,,,,needs_review,generated_intake,,,Requires statement-level mathematical comparison.
tohoku:term:injective-object,121;135,term,tohoku:section:1.10,121,135,sem/r7/nodes.csv:26,5A8E5720BC2EF8905BF85F7919C65AC4A87A31CFC854BD77E6B5084C0D2DEBEF,injectives,derived-section-injective-resolutions;homology-section-injectives,0134;013G,,needs_review,generated_intake,,,Requires statement-level mathematical comparison.
tohoku:term:leray-spectral-sequence,121;171,term,tohoku:section:3.7,121,171,sem/r7/nodes.csv:27,5A8E5720BC2EF8905BF85F7919C65AC4A87A31CFC854BD77E6B5084C0D2DEBEF,spectral-sequence,homology-section-spectral-sequence,011M,,needs_review,generated_intake,,,Requires statement-level mathematical comparison.
tohoku:term:limit-in-sheaf-cohomology,121;181,term,tohoku:section:3.10,121,181,sem/r7/nodes.csv:28,5A8E5720BC2EF8905BF85F7919C65AC4A87A31CFC854BD77E6B5084C0D2DEBEF,limits;sheaf-cohomology,categories-section-directed-colimits;categories-section-limits;cohomology-section-cohomology-sheaves;cohomology-section-limits,002D;01DZ;01FE;04AX,,needs_review,generated_intake,,,Requires statement-level mathematical comparison.
tohoku:term:local-ext,121;187,term,tohoku:section:4.2,121,187,sem/r7/nodes.csv:29,5A8E5720BC2EF8905BF85F7919C65AC4A87A31CFC854BD77E6B5084C0D2DEBEF;8D632A04EE0FA987B40B721BEE6E64BB3E641D6A1CE02335556213F1564C9A53,ext,cohomology-section-ext;derived-section-ext,06XP;0BQP,,needs_review,generated_intake,,,Requires statement-level mathematical comparison.
tohoku:term:multiplicative-structure,121;120,term,tohoku:introduction:footnote:1bis,121,120,sem/r7/nodes.csv:30,5A8E5720BC2EF8905BF85F7919C65AC4A87A31CFC854BD77E6B5084C0D2DEBEF,,,,,needs_review,generated_intake,,,Requires statement-level mathematical comparison.
tohoku:term:permanence-property,121;130,term,tohoku:section:1.6,121,130,sem/r7/nodes.csv:31,5A8E5720BC2EF8905BF85F7919C65AC4A87A31CFC854BD77E6B5084C0D2DEBEF,,,,,needs_review,generated_intake,,,Requires statement-level mathematical comparison.
tohoku:term:projective-limit,121;133,term,tohoku:section:1.8,121,133,sem/r7/nodes.csv:32,5A8E5720BC2EF8905BF85F7919C65AC4A87A31CFC854BD77E6B5084C0D2DEBEF,limits,categories-section-directed-colimits;categories-section-limits;cohomology-section-limits,002D;01FE;04AX,,needs_review,generated_intake,,,Requires statement-level mathematical comparison.
tohoku:term:projective-object,121;135,term,tohoku:section:1.10,121,135,sem/r7/nodes.csv:33,5A8E5720BC2EF8905BF85F7919C65AC4A87A31CFC854BD77E6B5084C0D2DEBEF,,,,,needs_review,generated_intake,,,Requires statement-level mathematical comparison.
tohoku:term:quotient-category,121;137,term,tohoku:section:1.11,121,137,sem/r7/nodes.csv:34,5A8E5720BC2EF8905BF85F7919C65AC4A87A31CFC854BD77E6B5084C0D2DEBEF,,,,,needs_review,generated_intake,,,Requires statement-level mathematical comparison.
tohoku:term:resolving-functor,121;149,term,tohoku:section:2.5,121,149,sem/r7/nodes.csv:35,5A8E5720BC2EF8905BF85F7919C65AC4A87A31CFC854BD77E6B5084C0D2DEBEF,,,,,needs_review,generated_intake,,,Requires statement-level mathematical comparison.
tohoku:term:sheaf,121;153,term,tohoku:section:3.1,121,153,sem/r7/nodes.csv:36,5A8E5720BC2EF8905BF85F7919C65AC4A87A31CFC854BD77E6B5084C0D2DEBEF,,,,,needs_review,generated_intake,,,Requires statement-level mathematical comparison.
tohoku:term:sheaf-ext,121;185,term,tohoku:chapter:IV,121,185,sem/r7/nodes.csv:37,5A8E5720BC2EF8905BF85F7919C65AC4A87A31CFC854BD77E6B5084C0D2DEBEF;8D632A04EE0FA987B40B721BEE6E64BB3E641D6A1CE02335556213F1564C9A53,ext,cohomology-section-ext;derived-section-ext,06XP;0BQP,,needs_review,generated_intake,,,Requires statement-level mathematical comparison.
tohoku:term:sheaf-hom,121;185,term,tohoku:section:4.1,121,185,sem/r7/nodes.csv:38,5A8E5720BC2EF8905BF85F7919C65AC4A87A31CFC854BD77E6B5084C0D2DEBEF;8D632A04EE0FA987B40B721BEE6E64BB3E641D6A1CE02335556213F1564C9A53,,,,,needs_review,generated_intake,,,Requires statement-level mathematical comparison.
tohoku:term:spectral-functor,121;144,term,tohoku:section:2.4,121,144,sem/r7/nodes.csv:39,5A8E5720BC2EF8905BF85F7919C65AC4A87A31CFC854BD77E6B5084C0D2DEBEF,,,,,needs_review,generated_intake,,,Requires statement-level mathematical comparison.
tohoku:term:spectral-sequence,121;144,term,tohoku:section:2.4,121,144,sem/r7/nodes.csv:40,5A8E5720BC2EF8905BF85F7919C65AC4A87A31CFC854BD77E6B5084C0D2DEBEF,spectral-sequence,homology-section-spectral-sequence,011M,,needs_review,generated_intake,,,Requires statement-level mathematical comparison.
tohoku:term:structure-group-lifting,121;160,term,tohoku:section:3.4,121,160,sem/r7/nodes.csv:41,5A8E5720BC2EF8905BF85F7919C65AC4A87A31CFC854BD77E6B5084C0D2DEBEF,,,,,needs_review,generated_intake,,,Requires statement-level mathematical comparison.
tohoku:action:3.4.2:P-actions,163,action,tohoku:section:3.4,163,163,sem/r7/nodes.csv:42,5A8E5720BC2EF8905BF85F7919C65AC4A87A31CFC854BD77E6B5084C0D2DEBEF,,,,,needs_review,generated_intake,,,Requires statement-level mathematical comparison.
tohoku:analogue:abstract-algebraic-geometry,219,analogue,tohoku:section:5.6,219,219,sem/r7/nodes.csv:43,8D632A04EE0FA987B40B721BEE6E64BB3E641D6A1CE02335556213F1564C9A53,,,,,needs_review,generated_intake,,,Requires statement-level mathematical comparison.
tohoku:application:affine-zariski-coherent-sheaf,177,application,tohoku:section:3.8,177,177,sem/r7/nodes.csv:44,5A8E5720BC2EF8905BF85F7919C65AC4A87A31CFC854BD77E6B5084C0D2DEBEF,,,,,needs_review,generated_intake,,,Requires statement-level mathematical comparison.
tohoku:application:classical-spaces-with-operators,202,application,tohoku:section:5.2,202,202,sem/r7/nodes.csv:45,8D632A04EE0FA987B40B721BEE6E64BB3E641D6A1CE02335556213F1564C9A53,ext,cohomology-section-ext;derived-section-ext,06XP;0BQP,,needs_review,generated_intake,,,Requires statement-level mathematical comparison.
tohoku:application:corollary-3.9.1-3:cubes,181,application,tohoku:section:3.9,181,181,sem/r7/nodes.csv:46,5A8E5720BC2EF8905BF85F7919C65AC4A87A31CFC854BD77E6B5084C0D2DEBEF,cech,cohomology-section-cech;cohomology-section-cech-cohomology-cohomology,01ED;01EO,,needs_review,generated_intake,,,Requires statement-level mathematical comparison.
tohoku:application:finite-group-algebraic-variety,203,application,tohoku:section:5.2,203,203,sem/r7/nodes.csv:47,8D632A04EE0FA987B40B721BEE6E64BB3E641D6A1CE02335556213F1564C9A53,,,,,needs_review,generated_intake,,,Requires statement-level mathematical comparison.
tohoku:application:fixed-point-free-case-5.3,205,application,tohoku:section:5.3,205,205,sem/r7/nodes.csv:48,8D632A04EE0FA987B40B721BEE6E64BB3E641D6A1CE02335556213F1564C9A53,,,,,needs_review,generated_intake,,,Requires statement-level mathematical comparison.
tohoku:application:leray-algebraic-varieties:p1,173,application,tohoku:section:3.7,173,173,sem/r7/nodes.csv:49,5A8E5720BC2EF8905BF85F7919C65AC4A87A31CFC854BD77E6B5084C0D2DEBEF,,,,,needs_review,generated_intake,,,Requires statement-level mathematical comparison.
tohoku:application:leray-algebraic-varieties:p2,174,application,tohoku:section:3.7,174,174,sem/r7/nodes.csv:50,5A8E5720BC2EF8905BF85F7919C65AC4A87A31CFC854BD77E6B5084C0D2DEBEF,,,,,needs_review,generated_intake,,,Requires statement-level mathematical comparison.
tohoku:application:modular-group-cohomology,202,application,tohoku:section:5.2,202,202,sem/r7/nodes.csv:51,8D632A04EE0FA987B40B721BEE6E64BB3E641D6A1CE02335556213F1564C9A53,,,,,needs_review,generated_intake,,,Requires statement-level mathematical comparison.
tohoku:axiom:delta-functor:1,139,axiom,tohoku:section:2.1,139,139,sem/r7/nodes.csv:52,5A8E5720BC2EF8905BF85F7919C65AC4A87A31CFC854BD77E6B5084C0D2DEBEF,delta-functor,homology-section-cohomological-delta-functor,010P,,needs_review,generated_intake,,,Requires statement-level mathematical comparison.
tohoku:axiom:delta-functor:2:p1,139,axiom,tohoku:section:2.1,139,139,sem/r7/nodes.csv:53,5A8E5720BC2EF8905BF85F7919C65AC4A87A31CFC854BD77E6B5084C0D2DEBEF,delta-functor,homology-section-cohomological-delta-functor,010P,,needs_review,generated_intake,,,Requires statement-level mathematical comparison.
tohoku:axiom:delta-functor:2:p2,140,axiom,tohoku:section:2.1,140,140,sem/r7/nodes.csv:54,5A8E5720BC2EF8905BF85F7919C65AC4A87A31CFC854BD77E6B5084C0D2DEBEF,delta-functor,homology-section-cohomological-delta-functor,010P,,needs_review,generated_intake,,,Requires statement-level mathematical comparison.
tohoku:bib:1,221,bibliography_entry,tohoku:bibliography,221,221,sem/r7/nodes.csv:55,8D632A04EE0FA987B40B721BEE6E64BB3E641D6A1CE02335556213F1564C9A53,,,,,historical_reference,needs_link_review,,,Historical or bibliographic unit requiring source linkage.
tohoku:bib:10,221,bibliography_entry,tohoku:bibliography,221,221,sem/r7/nodes.csv:56,8D632A04EE0FA987B40B721BEE6E64BB3E641D6A1CE02335556213F1564C9A53,,,,,historical_reference,needs_link_review,,,Historical or bibliographic unit requiring source linkage.
tohoku:bib:11,221,bibliography_entry,tohoku:bibliography,221,221,sem/r7/nodes.csv:57,8D632A04EE0FA987B40B721BEE6E64BB3E641D6A1CE02335556213F1564C9A53,,,,,historical_reference,needs_link_review,,,Historical or bibliographic unit requiring source linkage.
tohoku:bib:12,221,bibliography_entry,tohoku:bibliography,221,221,sem/r7/nodes.csv:58,8D632A04EE0FA987B40B721BEE6E64BB3E641D6A1CE02335556213F1564C9A53,ext,cohomology-section-ext;derived-section-ext,06XP;0BQP,,historical_reference,needs_link_review,,,Historical or bibliographic unit requiring source linkage.
tohoku:bib:13,221,bibliography_entry,tohoku:bibliography,221,221,sem/r7/nodes.csv:59,8D632A04EE0FA987B40B721BEE6E64BB3E641D6A1CE02335556213F1564C9A53,ext,cohomology-section-ext;derived-section-ext,06XP;0BQP,,historical_reference,needs_link_review,,,Historical or bibliographic unit requiring source linkage.
tohoku:bib:14,221,bibliography_entry,tohoku:bibliography,221,221,sem/r7/nodes.csv:60,8D632A04EE0FA987B40B721BEE6E64BB3E641D6A1CE02335556213F1564C9A53,,,,,historical_reference,needs_link_review,,,Historical or bibliographic unit requiring source linkage.
tohoku:bib:15,221,bibliography_entry,tohoku:bibliography,221,221,sem/r7/nodes.csv:61,8D632A04EE0FA987B40B721BEE6E64BB3E641D6A1CE02335556213F1564C9A53,,,,,historical_reference,needs_link_review,,,Historical or bibliographic unit requiring source linkage.
tohoku:bib:16,221,bibliography_entry,tohoku:bibliography,221,221,sem/r7/nodes.csv:62,8D632A04EE0FA987B40B721BEE6E64BB3E641D6A1CE02335556213F1564C9A53,,,,,historical_reference,needs_link_review,,,Historical or bibliographic unit requiring source linkage.
tohoku:bib:17,221,bibliography_entry,tohoku:bibliography,221,221,sem/r7/nodes.csv:63,8D632A04EE0FA987B40B721BEE6E64BB3E641D6A1CE02335556213F1564C9A53,,,,,historical_reference,needs_link_review,,,Historical or bibliographic unit requiring source linkage.
tohoku:bib:18,221,bibliography_entry,tohoku:bibliography,221,221,sem/r7/nodes.csv:64,8D632A04EE0FA987B40B721BEE6E64BB3E641D6A1CE02335556213F1564C9A53,,,,,historical_reference,needs_link_review,,,Historical or bibliographic unit requiring source linkage.
tohoku:bib:19,221,bibliography_entry,tohoku:bibliography,221,221,sem/r7/nodes.csv:65,8D632A04EE0FA987B40B721BEE6E64BB3E641D6A1CE02335556213F1564C9A53,,,,,historical_reference,needs_link_review,,,Historical or bibliographic unit requiring source linkage.
tohoku:bib:2,221,bibliography_entry,tohoku:bibliography,221,221,sem/r7/nodes.csv:66,8D632A04EE0FA987B40B721BEE6E64BB3E641D6A1CE02335556213F1564C9A53,,,,,historical_reference,needs_link_review,,,Historical or bibliographic unit requiring source linkage.
tohoku:bib:20,221,bibliography_entry,tohoku:bibliography,221,221,sem/r7/nodes.csv:67,8D632A04EE0FA987B40B721BEE6E64BB3E641D6A1CE02335556213F1564C9A53,,,,,historical_reference,needs_link_review,,,Historical or bibliographic unit requiring source linkage.
tohoku:bib:21,221,bibliography_entry,tohoku:bibliography,221,221,sem/r7/nodes.csv:68,8D632A04EE0FA987B40B721BEE6E64BB3E641D6A1CE02335556213F1564C9A53,,,,,historical_reference,needs_link_review,,,Historical or bibliographic unit requiring source linkage.
tohoku:bib:3,221,bibliography_entry,tohoku:bibliography,221,221,sem/r7/nodes.csv:69,8D632A04EE0FA987B40B721BEE6E64BB3E641D6A1CE02335556213F1564C9A53,,,,,historical_reference,needs_link_review,,,Historical or bibliographic unit requiring source linkage.
tohoku:bib:4,221,bibliography_entry,tohoku:bibliography,221,221,sem/r7/nodes.csv:70,8D632A04EE0FA987B40B721BEE6E64BB3E641D6A1CE02335556213F1564C9A53,,,,,historical_reference,needs_link_review,,,Historical or bibliographic unit requiring source linkage.
tohoku:bib:5,221,bibliography_entry,tohoku:bibliography,221,221,sem/r7/nodes.csv:71,8D632A04EE0FA987B40B721BEE6E64BB3E641D6A1CE02335556213F1564C9A53,,,,,historical_reference,needs_link_review,,,Historical or bibliographic unit requiring source linkage.
tohoku:bib:5-bis,221,bibliography_entry,tohoku:bibliography,221,221,sem/r7/nodes.csv:72,8D632A04EE0FA987B40B721BEE6E64BB3E641D6A1CE02335556213F1564C9A53,,,,,historical_reference,needs_link_review,,,Historical or bibliographic unit requiring source linkage.
tohoku:bib:6,221,bibliography_entry,tohoku:bibliography,221,221,sem/r7/nodes.csv:73,8D632A04EE0FA987B40B721BEE6E64BB3E641D6A1CE02335556213F1564C9A53,,,,,historical_reference,needs_link_review,,,Historical or bibliographic unit requiring source linkage.
tohoku:bib:7,221,bibliography_entry,tohoku:bibliography,221,221,sem/r7/nodes.csv:74,8D632A04EE0FA987B40B721BEE6E64BB3E641D6A1CE02335556213F1564C9A53,,,,,historical_reference,needs_link_review,,,Historical or bibliographic unit requiring source linkage.
tohoku:bib:8,221,bibliography_entry,tohoku:bibliography,221,221,sem/r7/nodes.csv:75,8D632A04EE0FA987B40B721BEE6E64BB3E641D6A1CE02335556213F1564C9A53,,,,,historical_reference,needs_link_review,,,Historical or bibliographic unit requiring source linkage.
tohoku:bib:9,221,bibliography_entry,tohoku:bibliography,221,221,sem/r7/nodes.csv:76,8D632A04EE0FA987B40B721BEE6E64BB3E641D6A1CE02335556213F1564C9A53,,,,,historical_reference,needs_link_review,,,Historical or bibliographic unit requiring source linkage.
tohoku:bibliography,221,bibliography,tohoku:paper,221,221,sem/r7/nodes.csv:77,8D632A04EE0FA987B40B721BEE6E64BB3E641D6A1CE02335556213F1564C9A53,,,,,historical_reference,needs_link_review,,,Historical or bibliographic unit requiring source linkage.
tohoku:calculation:H1-union-cokernel,178,calculation,tohoku:section:3.8,178,178,sem/r7/nodes.csv:78,5A8E5720BC2EF8905BF85F7919C65AC4A87A31CFC854BD77E6B5084C0D2DEBEF,,,,,needs_review,generated_intake,,,Requires statement-level mathematical comparison.
tohoku:calculation:fixed-point-free-g-cover-cochains,209,calculation,tohoku:section:5.5,209,209,sem/r7/nodes.csv:79,8D632A04EE0FA987B40B721BEE6E64BB3E641D6A1CE02335556213F1564C9A53,ext,cohomology-section-ext;derived-section-ext,06XP;0BQP,,needs_review,generated_intake,,,Requires statement-level mathematical comparison.
tohoku:calculation:nonhomogeneous-equivariant-cochains,210,calculation,tohoku:section:5.5,210,210,sem/r7/nodes.csv:80,8D632A04EE0FA987B40B721BEE6E64BB3E641D6A1CE02335556213F1564C9A53,cech,cohomology-section-cech;cohomology-section-cech-cohomology-cohomology,01ED;01EO,,needs_review,generated_intake,,,Requires statement-level mathematical comparison.
tohoku:chapter:2,139,chapter,tohoku:paper,139,139,sem/r7/nodes.csv:81,5A8E5720BC2EF8905BF85F7919C65AC4A87A31CFC854BD77E6B5084C0D2DEBEF,abelian,homology-section-abelian-categories,00ZX,,structural_only,classified,,,Source structure; no independent Stacks object.
tohoku:chapter:I,121;122,chapter,tohoku:paper,121,122,sem/r7/nodes.csv:82,5A8E5720BC2EF8905BF85F7919C65AC4A87A31CFC854BD77E6B5084C0D2DEBEF,abelian,homology-section-abelian-categories,00ZX,,structural_only,classified,,,Source structure; no independent Stacks object.
tohoku:chapter:II,121,chapter,tohoku:paper,121,121,sem/r7/nodes.csv:83,5A8E5720BC2EF8905BF85F7919C65AC4A87A31CFC854BD77E6B5084C0D2DEBEF,abelian,homology-section-abelian-categories,00ZX,,structural_only,classified,,,Source structure; no independent Stacks object.
tohoku:chapter:III,121;153,chapter,tohoku:paper,121,153,sem/r7/nodes.csv:84,5A8E5720BC2EF8905BF85F7919C65AC4A87A31CFC854BD77E6B5084C0D2DEBEF,,,,,structural_only,classified,,,Source structure; no independent Stacks object.
tohoku:chapter:IV,121;185,chapter,tohoku:paper,121,185,sem/r7/nodes.csv:85,5A8E5720BC2EF8905BF85F7919C65AC4A87A31CFC854BD77E6B5084C0D2DEBEF;8D632A04EE0FA987B40B721BEE6E64BB3E641D6A1CE02335556213F1564C9A53,ext,cohomology-section-ext;derived-section-ext,06XP;0BQP,,structural_only,classified,,,Source structure; no independent Stacks object.
tohoku:chapter:V,122;195,chapter,tohoku:paper,122,195,sem/r7/nodes.csv:86,5A8E5720BC2EF8905BF85F7919C65AC4A87A31CFC854BD77E6B5084C0D2DEBEF;8D632A04EE0FA987B40B721BEE6E64BB3E641D6A1CE02335556213F1564C9A53,,,,,structural_only,classified,,,Source structure; no independent Stacks object.
tohoku:claim:3.4.2:H1-bijection,162,claim,tohoku:section:3.4,162,162,sem/r7/nodes.csv:87,5A8E5720BC2EF8905BF85F7919C65AC4A87A31CFC854BD77E6B5084C0D2DEBEF,,,,,needs_review,generated_intake,,,Requires statement-level mathematical comparison.
tohoku:claim:3.4.2:H1-bijection:surjectivity,163,claim,tohoku:section:3.4,163,163,sem/r7/nodes.csv:88,5A8E5720BC2EF8905BF85F7919C65AC4A87A31CFC854BD77E6B5084C0D2DEBEF,cech,cohomology-section-cech;cohomology-section-cech-cohomology-cohomology,01ED;01EO,,needs_review,generated_intake,,,Requires statement-level mathematical comparison.
tohoku:claim:3.4.2:u-properties,163,claim,tohoku:section:3.4,163,163,sem/r7/nodes.csv:89,5A8E5720BC2EF8905BF85F7919C65AC4A87A31CFC854BD77E6B5084C0D2DEBEF,,,,,needs_review,generated_intake,,,Requires statement-level mathematical comparison.
tohoku:claim:cech-H2-counterexample-sheaf,178,claim,tohoku:section:3.8,178,178,sem/r7/nodes.csv:90,5A8E5720BC2EF8905BF85F7919C65AC4A87A31CFC854BD77E6B5084C0D2DEBEF,cech,cohomology-section-cech;cohomology-section-cech-cohomology-cohomology,01ED;01EO,,needs_review,generated_intake,,,Requires statement-level mathematical comparison.
tohoku:claim:closed-cover-star-neighborhood,180,claim,tohoku:section:3.9,180,180,sem/r7/nodes.csv:91,5A8E5720BC2EF8905BF85F7919C65AC4A87A31CFC854BD77E6B5084C0D2DEBEF,cech,cohomology-section-cech;cohomology-section-cech-cohomology-cohomology,01ED;01EO,,needs_review,generated_intake,,,Requires statement-level mathematical comparison.
tohoku:classification:coherent-extension-classes,219,classification,tohoku:section:5.6,219,219,sem/r7/nodes.csv:92,8D632A04EE0FA987B40B721BEE6E64BB3E641D6A1CE02335556213F1564C9A53,ext,cohomology-section-ext;derived-section-ext,06XP;0BQP,,needs_review,generated_intake,,,Requires statement-level mathematical comparison.
tohoku:classification:equivariant-bundle-extensions,219,classification,tohoku:section:5.6,219,219,sem/r7/nodes.csv:93,8D632A04EE0FA987B40B721BEE6E64BB3E641D6A1CE02335556213F1564C9A53,ext,cohomology-section-ext;derived-section-ext,06XP;0BQP,,needs_review,generated_intake,,,Requires statement-level mathematical comparison.
tohoku:comparison:cech-and-derived-cohomology,174,comparison,tohoku:section:3.8,174,174,sem/r7/nodes.csv:94,5A8E5720BC2EF8905BF85F7919C65AC4A87A31CFC854BD77E6B5084C0D2DEBEF,cech,cohomology-section-cech;cohomology-section-cech-cohomology-cohomology,01ED;01EO,,needs_review,generated_intake,,,Requires statement-level mathematical comparison.
tohoku:comparison:cech-derived-h1,162,comparison,tohoku:section:3.4,162,162,sem/r7/nodes.csv:95,5A8E5720BC2EF8905BF85F7919C65AC4A87A31CFC854BD77E6B5084C0D2DEBEF,cech,cohomology-section-cech;cohomology-section-cech-cohomology-cohomology,01ED;01EO,,needs_review,generated_intake,,,Requires statement-level mathematical comparison.
tohoku:comparison:cech-h2-injection,213,comparison,tohoku:section:5.5,213,213,sem/r7/nodes.csv:96,8D632A04EE0FA987B40B721BEE6E64BB3E641D6A1CE02335556213F1564C9A53,cech;injectives,cohomology-section-cech;cohomology-section-cech-cohomology-cohomology;derived-section-injective-resolutions;homology-section-injectives,0134;013G;01ED;01EO,,needs_review,generated_intake,,,Requires statement-level mathematical comparison.
tohoku:comparison:cech-to-equivariant-cohomology,212,comparison,tohoku:section:5.5,212,212,sem/r7/nodes.csv:97,8D632A04EE0FA987B40B721BEE6E64BB3E641D6A1CE02335556213F1564C9A53,cech,cohomology-section-cech;cohomology-section-cech-cohomology-cohomology,01ED;01EO,,needs_review,generated_intake,,,Requires statement-level mathematical comparison.
tohoku:comparison:cohomology-and-filtered-limit,220,comparison,tohoku:section:5.7,220,220,sem/r7/nodes.csv:98,8D632A04EE0FA987B40B721BEE6E64BB3E641D6A1CE02335556213F1564C9A53,limits;spectral-sequence,categories-section-directed-colimits;categories-section-limits;cohomology-section-limits;homology-section-spectral-sequence,002D;011M;01FE;04AX,,needs_review,generated_intake,,,Requires statement-level mathematical comparison.
tohoku:comparison:equivariant-ext-stalk-to-fiber,215,comparison,tohoku:section:5.6,215,215,sem/r7/nodes.csv:99,8D632A04EE0FA987B40B721BEE6E64BB3E641D6A1CE02335556213F1564C9A53,ext,cohomology-section-ext;derived-section-ext,06XP;0BQP,,needs_review,generated_intake,,,Requires statement-level mathematical comparison.
tohoku:comparison:equivariant-hom-stalk-to-fiber,214;215,comparison,tohoku:section:5.6,214,215,sem/r7/nodes.csv:100,8D632A04EE0FA987B40B721BEE6E64BB3E641D6A1CE02335556213F1564C9A53,,,,,needs_review,generated_intake,,,Requires statement-level mathematical comparison.
tohoku:comparison:first-and-second-spectral-sequences-5.4,206,comparison,tohoku:section:5.4,206,206,sem/r7/nodes.csv:101,8D632A04EE0FA987B40B721BEE6E64BB3E641D6A1CE02335556213F1564C9A53,spectral-sequence,homology-section-spectral-sequence,011M,,needs_review,generated_intake,,,Requires statement-level mathematical comparison.
tohoku:comparison:hom-to-p-a,197,comparison,tohoku:section:5.1,197,197,sem/r7/nodes.csv:102,8D632A04EE0FA987B40B721BEE6E64BB3E641D6A1CE02335556213F1564C9A53,,,,,needs_review,generated_intake,,,Requires statement-level mathematical comparison.
tohoku:comparison:spectral-sequences-iv-v,218,comparison,tohoku:section:5.6,218,218,sem/r7/nodes.csv:103,8D632A04EE0FA987B40B721BEE6E64BB3E641D6A1CE02335556213F1564C9A53,spectral-sequence,homology-section-spectral-sequence,011M,,needs_review,generated_intake,,,Requires statement-level mathematical comparison.
tohoku:comparison:trivial-action-g-o-modules,196,comparison,tohoku:section:5.1,196,196,sem/r7/nodes.csv:104,8D632A04EE0FA987B40B721BEE6E64BB3E641D6A1CE02335556213F1564C9A53,,,,,needs_review,generated_intake,,,Requires statement-level mathematical comparison.
tohoku:conclusion:3.9.1,179,conclusion,tohoku:section:3.9,179,179,sem/r7/nodes.csv:105,5A8E5720BC2EF8905BF85F7919C65AC4A87A31CFC854BD77E6B5084C0D2DEBEF,,,,,structural_only,inherits_parent,,,Embedded source component; inherit the parent disposition.
tohoku:conclusion:coinduced-hom-acyclicity,216,conclusion,tohoku:section:5.6,216,216,sem/r7/nodes.csv:106,8D632A04EE0FA987B40B721BEE6E64BB3E641D6A1CE02335556213F1564C9A53,derived-functor,cohomology-section-derived-functors;derived-section-right-derived-functor,0156;0716,,structural_only,inherits_parent,,,Embedded source component; inherit the parent disposition.
tohoku:conclusion:injective-g-o-embedding:p1,196;197,conclusion,tohoku:section:5.1,196,197,sem/r7/nodes.csv:107,8D632A04EE0FA987B40B721BEE6E64BB3E641D6A1CE02335556213F1564C9A53,injectives,derived-section-injective-resolutions;homology-section-injectives,0134;013G,,structural_only,inherits_parent,,,Embedded source component; inherit the parent disposition.
tohoku:conclusion:lemma-5.6.2,217,conclusion,tohoku:section:5.6,217,217,sem/r7/nodes.csv:108,8D632A04EE0FA987B40B721BEE6E64BB3E641D6A1CE02335556213F1564C9A53,,,,,structural_only,inherits_parent,,,Embedded source component; inherit the parent disposition.
tohoku:conclusion:theorem-5.5.3:p1,208;209,conclusion,tohoku:section:5.5,208,209,sem/r7/nodes.csv:109,8D632A04EE0FA987B40B721BEE6E64BB3E641D6A1CE02335556213F1564C9A53,,,,,structural_only,inherits_parent,,,Embedded source component; inherit the parent disposition.
tohoku:condition:3.9.1:A-n,179,condition,tohoku:section:3.9,179,179,sem/r7/nodes.csv:110,5A8E5720BC2EF8905BF85F7919C65AC4A87A31CFC854BD77E6B5084C0D2DEBEF,,,,,needs_review,generated_intake,,,Requires statement-level mathematical comparison.
tohoku:condition:3.9.1:B-n-minus-1,179,condition,tohoku:section:3.9,179,179,sem/r7/nodes.csv:111,5A8E5720BC2EF8905BF85F7919C65AC4A87A31CFC854BD77E6B5084C0D2DEBEF,cech,cohomology-section-cech;cohomology-section-cech-cohomology-cohomology,01ED;01EO,,needs_review,generated_intake,,,Requires statement-level mathematical comparison.
tohoku:condition:5.3:D,203,condition,tohoku:section:5.3,203,203,sem/r7/nodes.csv:112,8D632A04EE0FA987B40B721BEE6E64BB3E641D6A1CE02335556213F1564C9A53,,,,,needs_review,generated_intake,,,Requires statement-level mathematical comparison.
tohoku:condition:5.7.7-bis-essentially-constant,220,condition,tohoku:section:5.7,220,220,sem/r7/nodes.csv:113,8D632A04EE0FA987B40B721BEE6E64BB3E641D6A1CE02335556213F1564C9A53,,,,,needs_review,generated_intake,,,Requires statement-level mathematical comparison.
tohoku:condition:5.7.7-bis-finite-group,220,condition,tohoku:section:5.7,220,220,sem/r7/nodes.csv:114,8D632A04EE0FA987B40B721BEE6E64BB3E641D6A1CE02335556213F1564C9A53,,,,,needs_review,generated_intake,,,Requires statement-level mathematical comparison.
tohoku:condition:5.7.7-bis-trivial-action,220,condition,tohoku:section:5.7,220,220,sem/r7/nodes.csv:115,8D632A04EE0FA987B40B721BEE6E64BB3E641D6A1CE02335556213F1564C9A53,,,,,needs_review,generated_intake,,,Requires statement-level mathematical comparison.
tohoku:conditions:acyclicity-cover-families,179,conditions,tohoku:section:3.9,179,179,sem/r7/nodes.csv:116,5A8E5720BC2EF8905BF85F7919C65AC4A87A31CFC854BD77E6B5084C0D2DEBEF,cech;derived-functor;spectral-sequence,cohomology-section-cech;cohomology-section-cech-cohomology-cohomology;cohomology-section-derived-functors;derived-section-right-derived-functor;homology-section-spectral-sequence,011M;0156;01ED;01EO;0716,,needs_review,generated_intake,,,Requires statement-level mathematical comparison.
tohoku:conditions:validity-5.7.7-bis,220,conditions,tohoku:section:5.7,220,220,sem/r7/nodes.csv:117,8D632A04EE0FA987B40B721BEE6E64BB3E641D6A1CE02335556213F1564C9A53,,,,,needs_review,generated_intake,,,Requires statement-level mathematical comparison.
tohoku:consequence:edge-homomorphisms-five-term,217,consequence,tohoku:section:5.6,217,217,sem/r7/nodes.csv:118,8D632A04EE0FA987B40B721BEE6E64BB3E641D6A1CE02335556213F1564C9A53,spectral-sequence,homology-section-spectral-sequence,011M,,needs_review,generated_intake,,,Requires statement-level mathematical comparison.
tohoku:construction:3.4.2:P-Fprime,162,construction,tohoku:section:3.4,162,162,sem/r7/nodes.csv:119,5A8E5720BC2EF8905BF85F7919C65AC4A87A31CFC854BD77E6B5084C0D2DEBEF,,,,,needs_review,generated_intake,,,Requires statement-level mathematical comparison.
tohoku:construction:3.4.2:associated-P-bundle,163,construction,tohoku:section:3.4,163,163,sem/r7/nodes.csv:120,5A8E5720BC2EF8905BF85F7919C65AC4A87A31CFC854BD77E6B5084C0D2DEBEF,,,,,needs_review,generated_intake,,,Requires statement-level mathematical comparison.
tohoku:construction:3.4.2:dQ-obstruction,163,construction,tohoku:section:3.4,163,163,sem/r7/nodes.csv:121,5A8E5720BC2EF8905BF85F7919C65AC4A87A31CFC854BD77E6B5084C0D2DEBEF,,,,,needs_review,generated_intake,,,Requires statement-level mathematical comparison.
tohoku:construction:R-filtration,168,construction,tohoku:section:3.6,168,168,sem/r7/nodes.csv:122,5A8E5720BC2EF8905BF85F7919C65AC4A87A31CFC854BD77E6B5084C0D2DEBEF,,,,,needs_review,generated_intake,,,Requires statement-level mathematical comparison.
tohoku:construction:Vm-Ym,168,construction,tohoku:section:3.6,168,168,sem/r7/nodes.csv:123,5A8E5720BC2EF8905BF85F7919C65AC4A87A31CFC854BD77E6B5084C0D2DEBEF,,,,,needs_review,generated_intake,,,Requires statement-level mathematical comparison.
tohoku:construction:associated-rho-torsor,164,construction,tohoku:section:3.4,164,164,sem/r7/nodes.csv:124,5A8E5720BC2EF8905BF85F7919C65AC4A87A31CFC854BD77E6B5084C0D2DEBEF,,,,,needs_review,generated_intake,,,Requires statement-level mathematical comparison.
tohoku:construction:auxiliary-ring-u-x,197,construction,tohoku:section:5.1,197,197,sem/r7/nodes.csv:125,8D632A04EE0FA987B40B721BEE6E64BB3E641D6A1CE02335556213F1564C9A53,,,,,needs_review,generated_intake,,,Requires statement-level mathematical comparison.
tohoku:construction:canonical-map-inverse-direct:p1,198;199,construction,tohoku:section:5.1,198,199,sem/r7/nodes.csv:126,8D632A04EE0FA987B40B721BEE6E64BB3E641D6A1CE02335556213F1564C9A53,,,,,needs_review,generated_intake,,,Requires statement-level mathematical comparison.
tohoku:construction:canonical-resolvent-spectral-sequence,190,construction,tohoku:section:4.2,190,190,sem/r7/nodes.csv:127,8D632A04EE0FA987B40B721BEE6E64BB3E641D6A1CE02335556213F1564C9A53,spectral-sequence,homology-section-spectral-sequence,011M,,needs_review,generated_intake,,,Requires statement-level mathematical comparison.
tohoku:construction:cartan-leray-fixed-cover:p1,174,construction,tohoku:section:3.8,174,174,sem/r7/nodes.csv:128,5A8E5720BC2EF8905BF85F7919C65AC4A87A31CFC854BD77E6B5084C0D2DEBEF,cech;exact-functor;spectral-sequence,categories-section-exact-functor;cohomology-section-cech;cohomology-section-cech-cohomology-cohomology;homology-section-spectral-sequence,0033;011M;01ED;01EO,,needs_review,generated_intake,,,Requires statement-level mathematical comparison.
tohoku:construction:cartan-leray-fixed-cover:p2,175,construction,tohoku:section:3.8,175,175,sem/r7/nodes.csv:129,5A8E5720BC2EF8905BF85F7919C65AC4A87A31CFC854BD77E6B5084C0D2DEBEF,,,,,needs_review,generated_intake,,,Requires statement-level mathematical comparison.
tohoku:construction:cartan-resolution,160,construction,tohoku:section:3.3,160,160,sem/r7/nodes.csv:130,5A8E5720BC2EF8905BF85F7919C65AC4A87A31CFC854BD77E6B5084C0D2DEBEF,,,,,needs_review,generated_intake,,,Requires statement-level mathematical comparison.
tohoku:construction:cech-cochain-complex,174,construction,tohoku:section:3.8,174,174,sem/r7/nodes.csv:131,5A8E5720BC2EF8905BF85F7919C65AC4A87A31CFC854BD77E6B5084C0D2DEBEF,cech,cohomology-section-cech;cohomology-section-cech-cohomology-cohomology,01ED;01EO,,needs_review,generated_intake,,,Requires statement-level mathematical comparison.
tohoku:construction:cech-delta-functor,174,construction,tohoku:section:3.8,174,174,sem/r7/nodes.csv:132,5A8E5720BC2EF8905BF85F7919C65AC4A87A31CFC854BD77E6B5084C0D2DEBEF,cech;delta-functor,cohomology-section-cech;cohomology-section-cech-cohomology-cohomology;homology-section-cohomological-delta-functor,010P;01ED;01EO,,needs_review,generated_intake,,,Requires statement-level mathematical comparison.
tohoku:construction:cohomology-support-comparison:p1,166,construction,tohoku:section:3.5,166,166,sem/r7/nodes.csv:133,5A8E5720BC2EF8905BF85F7919C65AC4A87A31CFC854BD77E6B5084C0D2DEBEF,support,cohomology-section-cohomology-support,0A39,,needs_review,generated_intake,,,Requires statement-level mathematical comparison.
tohoku:construction:cohomology-support-comparison:p2,167,construction,tohoku:section:3.5,167,167,sem/r7/nodes.csv:134,5A8E5720BC2EF8905BF85F7919C65AC4A87A31CFC854BD77E6B5084C0D2DEBEF,support,cohomology-section-cohomology-support,0A39,,needs_review,generated_intake,,,Requires statement-level mathematical comparison.
tohoku:construction:coinduced-hom-module,215,construction,tohoku:section:5.6,215,215,sem/r7/nodes.csv:135,8D632A04EE0FA987B40B721BEE6E64BB3E641D6A1CE02335556213F1564C9A53,derived-functor;ext,cohomology-section-derived-functors;cohomology-section-ext;derived-section-ext;derived-section-right-derived-functor,0156;06XP;0716;0BQP,,needs_review,generated_intake,,,Requires statement-level mathematical comparison.
tohoku:construction:coinduced-u-module-b-prime,216,construction,tohoku:section:5.6,216,216,sem/r7/nodes.csv:136,8D632A04EE0FA987B40B721BEE6E64BB3E641D6A1CE02335556213F1564C9A53,injectives,derived-section-injective-resolutions;homology-section-injectives,0134;013G,,needs_review,generated_intake,,,Requires statement-level mathematical comparison.
tohoku:construction:complex-from-local-composition-data,210;211,construction,tohoku:section:5.5,210,211,sem/r7/nodes.csv:137,8D632A04EE0FA987B40B721BEE6E64BB3E641D6A1CE02335556213F1564C9A53,,,,,needs_review,generated_intake,,,Requires statement-level mathematical comparison.
tohoku:construction:composite-functor-spectral-sequences:p1,147,construction,tohoku:section:2.4,147,147,sem/r7/nodes.csv:138,5A8E5720BC2EF8905BF85F7919C65AC4A87A31CFC854BD77E6B5084C0D2DEBEF,abelian;derived-functor;injectives,cohomology-section-derived-functors;derived-section-injective-resolutions;derived-section-right-derived-functor;homology-section-abelian-categories;homology-section-injectives,00ZX;0134;013G;0156;0716,,needs_review,generated_intake,,,Requires statement-level mathematical comparison.
tohoku:construction:composite-functor-spectral-sequences:p2,148,construction,tohoku:section:2.4,148,148,sem/r7/nodes.csv:139,5A8E5720BC2EF8905BF85F7919C65AC4A87A31CFC854BD77E6B5084C0D2DEBEF,spectral-sequence,homology-section-spectral-sequence,011M,,needs_review,generated_intake,,,Requires statement-level mathematical comparison.
tohoku:construction:composite-resolving-functor-spectral-sequence,152,construction,tohoku:section:2.5,152,152,sem/r7/nodes.csv:140,5A8E5720BC2EF8905BF85F7919C65AC4A87A31CFC854BD77E6B5084C0D2DEBEF,abelian;exact-functor;injectives;spectral-sequence,categories-section-exact-functor;derived-section-injective-resolutions;homology-section-abelian-categories;homology-section-injectives;homology-section-spectral-sequence,0033;00ZX;011M;0134;013G,,needs_review,generated_intake,,,Requires statement-level mathematical comparison.
tohoku:construction:compute-cohomology-with-supports,157,construction,tohoku:section:3.2,157,157,sem/r7/nodes.csv:141,5A8E5720BC2EF8905BF85F7919C65AC4A87A31CFC854BD77E6B5084C0D2DEBEF,derived-functor;injectives;support,cohomology-section-cohomology-support;cohomology-section-derived-functors;derived-section-injective-resolutions;derived-section-right-derived-functor;homology-section-injectives,0134;013G;0156;0716;0A39,,needs_review,generated_intake,,,Requires statement-level mathematical comparison.
tohoku:construction:computing-constant-sheaf-spectral-functor,191,construction,tohoku:section:4.3,191,191,sem/r7/nodes.csv:142,8D632A04EE0FA987B40B721BEE6E64BB3E641D6A1CE02335556213F1564C9A53,,,,,needs_review,generated_intake,,,Requires statement-level mathematical comparison.
tohoku:construction:computing-spectral-sequence,189,construction,tohoku:section:4.2,189,189,sem/r7/nodes.csv:143,8D632A04EE0FA987B40B721BEE6E64BB3E641D6A1CE02335556213F1564C9A53,spectral-sequence,homology-section-spectral-sequence,011M,,needs_review,generated_intake,,,Requires statement-level mathematical comparison.
tohoku:construction:constant-equivariant-crossed-product,218,construction,tohoku:section:5.6,218,218,sem/r7/nodes.csv:144,8D632A04EE0FA987B40B721BEE6E64BB3E641D6A1CE02335556213F1564C9A53,,,,,needs_review,generated_intake,,,Requires statement-level mathematical comparison.
tohoku:construction:constant-section-generators,168,construction,tohoku:section:3.6,168,168,sem/r7/nodes.csv:145,5A8E5720BC2EF8905BF85F7919C65AC4A87A31CFC854BD77E6B5084C0D2DEBEF,grothendieck-category,injectives-section-grothendieck-categories;injectives-section-grothendieck-conditions,05AB;079A,,needs_review,generated_intake,,,Requires statement-level mathematical comparison.
tohoku:construction:constant-transition-reduction:p1,165,construction,tohoku:section:3.4,165,165,sem/r7/nodes.csv:146,5A8E5720BC2EF8905BF85F7919C65AC4A87A31CFC854BD77E6B5084C0D2DEBEF,,,,,needs_review,generated_intake,,,Requires statement-level mathematical comparison.
tohoku:construction:cover-stars-and-neighborhoods,180,construction,tohoku:section:3.9,180,180,sem/r7/nodes.csv:147,5A8E5720BC2EF8905BF85F7919C65AC4A87A31CFC854BD77E6B5084C0D2DEBEF,cech,cohomology-section-cech;cohomology-section-cech-cohomology-cohomology,01ED;01EO,,needs_review,generated_intake,,,Requires statement-level mathematical comparison.
tohoku:construction:crossed-homomorphism-general,164,construction,tohoku:section:3.4,164,164,sem/r7/nodes.csv:148,5A8E5720BC2EF8905BF85F7919C65AC4A87A31CFC854BD77E6B5084C0D2DEBEF,,,,,needs_review,generated_intake,,,Requires statement-level mathematical comparison.
tohoku:construction:derived-bifunctor:cohomological-first-variable,144,construction,tohoku:section:2.3,144,144,sem/r7/nodes.csv:149,5A8E5720BC2EF8905BF85F7919C65AC4A87A31CFC854BD77E6B5084C0D2DEBEF,injectives,derived-section-injective-resolutions;homology-section-injectives,0134;013G,,needs_review,generated_intake,,,Requires statement-level mathematical comparison.
tohoku:construction:derived-bifunctor:p1,143,construction,tohoku:section:2.3,143,143,sem/r7/nodes.csv:150,5A8E5720BC2EF8905BF85F7919C65AC4A87A31CFC854BD77E6B5084C0D2DEBEF,abelian;injectives,derived-section-injective-resolutions;homology-section-abelian-categories;homology-section-injectives,00ZX;0134;013G,,needs_review,generated_intake,,,Requires statement-level mathematical comparison.
tohoku:construction:derived-bifunctor:p2,144,construction,tohoku:section:2.3,144,144,sem/r7/nodes.csv:151,5A8E5720BC2EF8905BF85F7919C65AC4A87A31CFC854BD77E6B5084C0D2DEBEF,derived-functor;injectives,cohomology-section-derived-functors;derived-section-injective-resolutions;derived-section-right-derived-functor;homology-section-injectives,0134;013G;0156;0716,,needs_review,generated_intake,,,Requires statement-level mathematical comparison.
tohoku:construction:diagram-category-resolution,169,construction,tohoku:section:3.6,169,169,sem/r7/nodes.csv:152,5A8E5720BC2EF8905BF85F7919C65AC4A87A31CFC854BD77E6B5084C0D2DEBEF,injectives,derived-section-injective-resolutions;homology-section-injectives,0134;013G,,needs_review,generated_intake,,,Requires statement-level mathematical comparison.
tohoku:construction:direct-image-g-o-module,198,construction,tohoku:section:5.1,198,198,sem/r7/nodes.csv:153,8D632A04EE0FA987B40B721BEE6E64BB3E641D6A1CE02335556213F1564C9A53,,,,,needs_review,generated_intake,,,Requires statement-level mathematical comparison.
tohoku:construction:direct-image-g-sheaf:p1,197;198,construction,tohoku:section:5.1,197,198,sem/r7/nodes.csv:154,8D632A04EE0FA987B40B721BEE6E64BB3E641D6A1CE02335556213F1564C9A53,,,,,needs_review,generated_intake,,,Requires statement-level mathematical comparison.
tohoku:construction:divisor-sequence:p1,160,construction,tohoku:section:3.4,160,160,sem/r7/nodes.csv:155,5A8E5720BC2EF8905BF85F7919C65AC4A87A31CFC854BD77E6B5084C0D2DEBEF,,,,,needs_review,generated_intake,,,Requires statement-level mathematical comparison.
tohoku:construction:divisor-sequence:p2,161,construction,tohoku:section:3.4,161,161,sem/r7/nodes.csv:156,5A8E5720BC2EF8905BF85F7919C65AC4A87A31CFC854BD77E6B5084C0D2DEBEF,,,,,needs_review,generated_intake,,,Requires statement-level mathematical comparison.
tohoku:construction:edge-homomorphisms-5.2,201,construction,tohoku:section:5.2,201,201,sem/r7/nodes.csv:157,8D632A04EE0FA987B40B721BEE6E64BB3E641D6A1CE02335556213F1564C9A53,spectral-sequence,homology-section-spectral-sequence,011M,,needs_review,generated_intake,,,Requires statement-level mathematical comparison.
tohoku:construction:edge-map-interpretation,201,construction,tohoku:section:5.2,201,201,sem/r7/nodes.csv:158,8D632A04EE0FA987B40B721BEE6E64BB3E641D6A1CE02335556213F1564C9A53,,,,,needs_review,generated_intake,,,Requires statement-level mathematical comparison.
tohoku:construction:equivariant-cech-bicomplex,208,construction,tohoku:section:5.5,208,208,sem/r7/nodes.csv:159,8D632A04EE0FA987B40B721BEE6E64BB3E641D6A1CE02335556213F1564C9A53,cech,cohomology-section-cech;cohomology-section-cech-cohomology-cohomology,01ED;01EO,,needs_review,generated_intake,,,Requires statement-level mathematical comparison.
tohoku:construction:equivariant-cech-refinement-maps,211,construction,tohoku:section:5.5,211,211,sem/r7/nodes.csv:160,8D632A04EE0FA987B40B721BEE6E64BB3E641D6A1CE02335556213F1564C9A53,cech,cohomology-section-cech;cohomology-section-cech-cohomology-cohomology,01ED;01EO,,needs_review,generated_intake,,,Requires statement-level mathematical comparison.
tohoku:construction:equivariant-injective-envelope,216;217,construction,tohoku:section:5.6,216,217,sem/r7/nodes.csv:161,8D632A04EE0FA987B40B721BEE6E64BB3E641D6A1CE02335556213F1564C9A53,injectives,derived-section-injective-resolutions;homology-section-injectives,0134;013G,,needs_review,generated_intake,,,Requires statement-level mathematical comparison.
tohoku:construction:ext-restriction-maps,187,construction,tohoku:section:4.2,187,187,sem/r7/nodes.csv:162,8D632A04EE0FA987B40B721BEE6E64BB3E641D6A1CE02335556213F1564C9A53,derived-functor;ext,cohomology-section-derived-functors;cohomology-section-ext;derived-section-ext;derived-section-right-derived-functor,0156;06XP;0716;0BQP,,needs_review,generated_intake,,,Requires statement-level mathematical comparison.
tohoku:construction:extension-by-zero-support-limit,220,construction,tohoku:section:5.7,220,220,sem/r7/nodes.csv:163,8D632A04EE0FA987B40B721BEE6E64BB3E641D6A1CE02335556213F1564C9A53,ext;limits;support,categories-section-directed-colimits;categories-section-limits;cohomology-section-cohomology-support;cohomology-section-ext;cohomology-section-limits;derived-section-ext,002D;01FE;04AX;06XP;0A39;0BQP,,needs_review,generated_intake,,,Requires statement-level mathematical comparison.
tohoku:construction:finite-generator-filtration,168,construction,tohoku:section:3.6,168,168,sem/r7/nodes.csv:164,5A8E5720BC2EF8905BF85F7919C65AC4A87A31CFC854BD77E6B5084C0D2DEBEF,grothendieck-category,injectives-section-grothendieck-categories;injectives-section-grothendieck-conditions,05AB;079A,,needs_review,generated_intake,,,Requires statement-level mathematical comparison.
tohoku:construction:finite-generator-reduction,168,construction,tohoku:section:3.6,168,168,sem/r7/nodes.csv:165,5A8E5720BC2EF8905BF85F7919C65AC4A87A31CFC854BD77E6B5084C0D2DEBEF,grothendieck-category;limits,categories-section-directed-colimits;categories-section-limits;cohomology-section-limits;injectives-section-grothendieck-categories;injectives-section-grothendieck-conditions,002D;01FE;04AX;05AB;079A,,needs_review,generated_intake,,,Requires statement-level mathematical comparison.
tohoku:construction:five-term-comparison-maps,203,construction,tohoku:section:5.2,203,203,sem/r7/nodes.csv:166,8D632A04EE0FA987B40B721BEE6E64BB3E641D6A1CE02335556213F1564C9A53,,,,,needs_review,generated_intake,,,Requires statement-level mathematical comparison.
tohoku:construction:fixed-point-free-refinement,211;212,construction,tohoku:section:5.5,211,212,sem/r7/nodes.csv:167,8D632A04EE0FA987B40B721BEE6E64BB3E641D6A1CE02335556213F1564C9A53,cech,cohomology-section-cech;cohomology-section-cech-cohomology-cohomology,01ED;01EO,,needs_review,generated_intake,,,Requires statement-level mathematical comparison.
tohoku:construction:flabby-envelope,162,construction,tohoku:section:3.4,162,162,sem/r7/nodes.csv:168,5A8E5720BC2EF8905BF85F7919C65AC4A87A31CFC854BD77E6B5084C0D2DEBEF,,,,,needs_review,generated_intake,,,Requires statement-level mathematical comparison.
tohoku:construction:flabby-extension-section,172,construction,tohoku:section:3.7,172,172,sem/r7/nodes.csv:169,5A8E5720BC2EF8905BF85F7919C65AC4A87A31CFC854BD77E6B5084C0D2DEBEF,ext;support,cohomology-section-cohomology-support;cohomology-section-ext;derived-section-ext,06XP;0A39;0BQP,,needs_review,generated_intake,,,Requires statement-level mathematical comparison.
tohoku:construction:four-functor-square:p1,152,construction,tohoku:section:2.5,152,152,sem/r7/nodes.csv:170,5A8E5720BC2EF8905BF85F7919C65AC4A87A31CFC854BD77E6B5084C0D2DEBEF,abelian;injectives,derived-section-injective-resolutions;homology-section-abelian-categories;homology-section-injectives,00ZX;0134;013G,,needs_review,generated_intake,,,Requires statement-level mathematical comparison.
tohoku:construction:four-functor-square:p2,153,construction,tohoku:section:2.5,153,153,sem/r7/nodes.csv:171,5A8E5720BC2EF8905BF85F7919C65AC4A87A31CFC854BD77E6B5084C0D2DEBEF,derived-functor,cohomology-section-derived-functors;derived-section-right-derived-functor,0156;0716,,needs_review,generated_intake,,,Requires statement-level mathematical comparison.
tohoku:construction:gcd-refinement,168,construction,tohoku:section:3.6,168,168,sem/r7/nodes.csv:172,5A8E5720BC2EF8905BF85F7919C65AC4A87A31CFC854BD77E6B5084C0D2DEBEF,grothendieck-category,injectives-section-grothendieck-categories;injectives-section-grothendieck-conditions,05AB;079A,,needs_review,generated_intake,,,Requires statement-level mathematical comparison.
tohoku:construction:generator-family,167,construction,tohoku:section:3.6,167,167,sem/r7/nodes.csv:173,5A8E5720BC2EF8905BF85F7919C65AC4A87A31CFC854BD77E6B5084C0D2DEBEF,grothendieck-category,injectives-section-grothendieck-categories;injectives-section-grothendieck-conditions,05AB;079A,,needs_review,generated_intake,,,Requires statement-level mathematical comparison.
tohoku:construction:generator-l-u,196,construction,tohoku:section:5.1,196,196,sem/r7/nodes.csv:174,8D632A04EE0FA987B40B721BEE6E64BB3E641D6A1CE02335556213F1564C9A53,grothendieck-category,injectives-section-grothendieck-categories;injectives-section-grothendieck-conditions,05AB;079A,,needs_review,generated_intake,,,Requires statement-level mathematical comparison.
tohoku:construction:global-ext-o,187,construction,tohoku:section:4.2,187,187,sem/r7/nodes.csv:175,8D632A04EE0FA987B40B721BEE6E64BB3E641D6A1CE02335556213F1564C9A53,derived-functor;ext,cohomology-section-derived-functors;cohomology-section-ext;derived-section-ext;derived-section-right-derived-functor,0156;06XP;0716;0BQP,,needs_review,generated_intake,,,Requires statement-level mathematical comparison.
tohoku:construction:godement-injective-product,156,construction,tohoku:section:3.1,156,156,sem/r7/nodes.csv:176,5A8E5720BC2EF8905BF85F7919C65AC4A87A31CFC854BD77E6B5084C0D2DEBEF,injectives,derived-section-injective-resolutions;homology-section-injectives,0134;013G,,needs_review,generated_intake,,,Requires statement-level mathematical comparison.
tohoku:construction:godement-resolution,160,construction,tohoku:section:3.3,160,160,sem/r7/nodes.csv:177,5A8E5720BC2EF8905BF85F7919C65AC4A87A31CFC854BD77E6B5084C0D2DEBEF,injectives,derived-section-injective-resolutions;homology-section-injectives,0134;013G,,needs_review,generated_intake,,,Requires statement-level mathematical comparison.
tohoku:construction:hom-composite-functors,188,construction,tohoku:section:4.2,188,188,sem/r7/nodes.csv:178,8D632A04EE0FA987B40B721BEE6E64BB3E641D6A1CE02335556213F1564C9A53,,,,,needs_review,generated_intake,,,Requires statement-level mathematical comparison.
tohoku:construction:hyperhomology-identification,147,construction,tohoku:section:2.4,147,147,sem/r7/nodes.csv:179,5A8E5720BC2EF8905BF85F7919C65AC4A87A31CFC854BD77E6B5084C0D2DEBEF,exact-functor;injectives,categories-section-exact-functor;derived-section-injective-resolutions;homology-section-injectives,0033;0134;013G,,needs_review,generated_intake,,,Requires statement-level mathematical comparison.
tohoku:construction:hyperhomology-resolution:a:p1,146,construction,tohoku:section:2.4,146,146,sem/r7/nodes.csv:180,5A8E5720BC2EF8905BF85F7919C65AC4A87A31CFC854BD77E6B5084C0D2DEBEF,,,,,needs_review,generated_intake,,,Requires statement-level mathematical comparison.
tohoku:construction:hyperhomology-resolution:a:p2,147,construction,tohoku:section:2.4,147,147,sem/r7/nodes.csv:181,5A8E5720BC2EF8905BF85F7919C65AC4A87A31CFC854BD77E6B5084C0D2DEBEF,injectives,derived-section-injective-resolutions;homology-section-injectives,0134;013G,,needs_review,generated_intake,,,Requires statement-level mathematical comparison.
tohoku:construction:hyperhomology-resolution:b,147,construction,tohoku:section:2.4,147,147,sem/r7/nodes.csv:182,5A8E5720BC2EF8905BF85F7919C65AC4A87A31CFC854BD77E6B5084C0D2DEBEF,injectives,derived-section-injective-resolutions;homology-section-injectives,0134;013G,,needs_review,generated_intake,,,Requires statement-level mathematical comparison.
tohoku:construction:induced-a-bar-y,197,construction,tohoku:section:5.1,197,197,sem/r7/nodes.csv:183,8D632A04EE0FA987B40B721BEE6E64BB3E641D6A1CE02335556213F1564C9A53,ext,cohomology-section-ext;derived-section-ext,06XP;0BQP,,needs_review,generated_intake,,,Requires statement-level mathematical comparison.
tohoku:construction:induced-o-bar-y,197,construction,tohoku:section:5.1,197,197,sem/r7/nodes.csv:184,8D632A04EE0FA987B40B721BEE6E64BB3E641D6A1CE02335556213F1564C9A53,,,,,needs_review,generated_intake,,,Requires statement-level mathematical comparison.
tohoku:construction:inductive-injective-resolutions,169,construction,tohoku:section:3.6,169,169,sem/r7/nodes.csv:185,5A8E5720BC2EF8905BF85F7919C65AC4A87A31CFC854BD77E6B5084C0D2DEBEF,injectives,derived-section-injective-resolutions;homology-section-injectives,0134;013G,,needs_review,generated_intake,,,Requires statement-level mathematical comparison.
tohoku:construction:inductive-system-of-spectral-sequences,220,construction,tohoku:section:5.7,220,220,sem/r7/nodes.csv:186,8D632A04EE0FA987B40B721BEE6E64BB3E641D6A1CE02335556213F1564C9A53,spectral-sequence,homology-section-spectral-sequence,011M,,needs_review,generated_intake,,,Requires statement-level mathematical comparison.
tohoku:construction:invariant-support-antifilter,219,construction,tohoku:section:5.7,219,219,sem/r7/nodes.csv:187,8D632A04EE0FA987B40B721BEE6E64BB3E641D6A1CE02335556213F1564C9A53,support,cohomology-section-cohomology-support,0A39,,needs_review,generated_intake,,,Requires statement-level mathematical comparison.
tohoku:construction:inverse-image-comparison:p1,157,construction,tohoku:section:3.2,157,157,sem/r7/nodes.csv:188,5A8E5720BC2EF8905BF85F7919C65AC4A87A31CFC854BD77E6B5084C0D2DEBEF,,,,,needs_review,generated_intake,,,Requires statement-level mathematical comparison.
tohoku:construction:inverse-image-comparison:p2,158,construction,tohoku:section:3.2,158,158,sem/r7/nodes.csv:189,5A8E5720BC2EF8905BF85F7919C65AC4A87A31CFC854BD77E6B5084C0D2DEBEF,ext,cohomology-section-ext;derived-section-ext,06XP;0BQP,,needs_review,generated_intake,,,Requires statement-level mathematical comparison.
tohoku:construction:inverse-image-g-sheaf,198,construction,tohoku:section:5.1,198,198,sem/r7/nodes.csv:190,8D632A04EE0FA987B40B721BEE6E64BB3E641D6A1CE02335556213F1564C9A53,,,,,needs_review,generated_intake,,,Requires statement-level mathematical comparison.
tohoku:construction:open-g-cover-spectral-functor,208,construction,tohoku:section:5.5,208,208,sem/r7/nodes.csv:191,8D632A04EE0FA987B40B721BEE6E64BB3E641D6A1CE02335556213F1564C9A53,cech;derived-functor;injectives,cohomology-section-cech;cohomology-section-cech-cohomology-cohomology;cohomology-section-derived-functors;derived-section-injective-resolutions;derived-section-right-derived-functor;homology-section-injectives,0134;013G;0156;01ED;01EO;0716,,needs_review,generated_intake,,,Requires statement-level mathematical comparison.
tohoku:construction:operator-complex-spectral-sequences,194,construction,tohoku:section:4.4,194,194,sem/r7/nodes.csv:192,8D632A04EE0FA987B40B721BEE6E64BB3E641D6A1CE02335556213F1564C9A53,spectral-sequence,homology-section-spectral-sequence,011M,,needs_review,generated_intake,,,Requires statement-level mathematical comparison.
tohoku:construction:orbit-representative-u-y,197,construction,tohoku:section:5.1,197,197,sem/r7/nodes.csv:193,8D632A04EE0FA987B40B721BEE6E64BB3E641D6A1CE02335556213F1564C9A53,,,,,needs_review,generated_intake,,,Requires statement-level mathematical comparison.
tohoku:construction:p-a-g-o-sheaf,197,construction,tohoku:section:5.1,197,197,sem/r7/nodes.csv:194,8D632A04EE0FA987B40B721BEE6E64BB3E641D6A1CE02335556213F1564C9A53,,,,,needs_review,generated_intake,,,Requires statement-level mathematical comparison.
tohoku:construction:pointwise-g-o-action,197,construction,tohoku:section:5.1,197,197,sem/r7/nodes.csv:195,8D632A04EE0FA987B40B721BEE6E64BB3E641D6A1CE02335556213F1564C9A53,,,,,needs_review,generated_intake,,,Requires statement-level mathematical comparison.
tohoku:construction:product-hom-sheaf,215,construction,tohoku:section:5.6,215,215,sem/r7/nodes.csv:196,8D632A04EE0FA987B40B721BEE6E64BB3E641D6A1CE02335556213F1564C9A53,,,,,needs_review,generated_intake,,,Requires statement-level mathematical comparison.
tohoku:construction:relative-k-hyperhomology-spectral-sequences,192,construction,tohoku:section:4.3,192,192,sem/r7/nodes.csv:197,8D632A04EE0FA987B40B721BEE6E64BB3E641D6A1CE02335556213F1564C9A53,spectral-sequence,homology-section-spectral-sequence,011M,,needs_review,generated_intake,,,Requires statement-level mathematical comparison.
tohoku:construction:relative-leray-spectral-functor,173,construction,tohoku:section:3.7,173,173,sem/r7/nodes.csv:198,5A8E5720BC2EF8905BF85F7919C65AC4A87A31CFC854BD77E6B5084C0D2DEBEF,,,,,needs_review,generated_intake,,,Requires statement-level mathematical comparison.
tohoku:construction:resolving-functor-spectral-sequences:p1,150,construction,tohoku:section:2.5,150,150,sem/r7/nodes.csv:199,5A8E5720BC2EF8905BF85F7919C65AC4A87A31CFC854BD77E6B5084C0D2DEBEF,exact-functor;spectral-sequence,categories-section-exact-functor;homology-section-spectral-sequence,0033;011M,,needs_review,generated_intake,,,Requires statement-level mathematical comparison.
tohoku:construction:resolving-functor-spectral-sequences:p2,151,construction,tohoku:section:2.5,151,151,sem/r7/nodes.csv:200,5A8E5720BC2EF8905BF85F7919C65AC4A87A31CFC854BD77E6B5084C0D2DEBEF,spectral-sequence,homology-section-spectral-sequence,011M,,needs_review,generated_intake,,,Requires statement-level mathematical comparison.
tohoku:construction:restriction-homomorphisms,158,construction,tohoku:section:3.2,158,158,sem/r7/nodes.csv:201,5A8E5720BC2EF8905BF85F7919C65AC4A87A31CFC854BD77E6B5084C0D2DEBEF,,,,,needs_review,generated_intake,,,Requires statement-level mathematical comparison.
tohoku:construction:right-derived-functors:p1,143,construction,tohoku:section:2.3,143,143,sem/r7/nodes.csv:202,5A8E5720BC2EF8905BF85F7919C65AC4A87A31CFC854BD77E6B5084C0D2DEBEF,derived-functor;injectives,cohomology-section-derived-functors;derived-section-injective-resolutions;derived-section-right-derived-functor;homology-section-injectives,0134;013G;0156;0716,,needs_review,generated_intake,,,Requires statement-level mathematical comparison.
tohoku:construction:right-derived-spectral-functors:p1,146,construction,tohoku:section:2.4,146,146,sem/r7/nodes.csv:203,5A8E5720BC2EF8905BF85F7919C65AC4A87A31CFC854BD77E6B5084C0D2DEBEF,abelian;injectives;spectral-sequence,derived-section-injective-resolutions;homology-section-abelian-categories;homology-section-injectives;homology-section-spectral-sequence,00ZX;011M;0134;013G,,needs_review,generated_intake,,,Requires statement-level mathematical comparison.
tohoku:construction:sheafification:p1,154,construction,tohoku:section:3.1,154,154,sem/r7/nodes.csv:204,5A8E5720BC2EF8905BF85F7919C65AC4A87A31CFC854BD77E6B5084C0D2DEBEF,,,,,needs_review,generated_intake,,,Requires statement-level mathematical comparison.
tohoku:construction:sheafification:p2,155,construction,tohoku:section:3.1,155,155,sem/r7/nodes.csv:205,5A8E5720BC2EF8905BF85F7919C65AC4A87A31CFC854BD77E6B5084C0D2DEBEF,,,,,needs_review,generated_intake,,,Requires statement-level mathematical comparison.
tohoku:construction:special-point-indexed-coverings,178,construction,tohoku:section:3.8,178,178,sem/r7/nodes.csv:206,5A8E5720BC2EF8905BF85F7919C65AC4A87A31CFC854BD77E6B5084C0D2DEBEF,cech,cohomology-section-cech;cohomology-section-cech-cohomology-cohomology,01ED;01EO,,needs_review,generated_intake,,,Requires statement-level mathematical comparison.
tohoku:construction:stalk-ext-comparison,188,construction,tohoku:section:4.2,188,188,sem/r7/nodes.csv:207,8D632A04EE0FA987B40B721BEE6E64BB3E641D6A1CE02335556213F1564C9A53,ext;spectral-sequence,cohomology-section-ext;derived-section-ext;homology-section-spectral-sequence,011M;06XP;0BQP,,needs_review,generated_intake,,,Requires statement-level mathematical comparison.
tohoku:construction:stalk-spectral-sequence-limits,193,construction,tohoku:section:4.3,193,193,sem/r7/nodes.csv:208,8D632A04EE0FA987B40B721BEE6E64BB3E641D6A1CE02335556213F1564C9A53,ext;limits;spectral-sequence,categories-section-directed-colimits;categories-section-limits;cohomology-section-ext;cohomology-section-limits;derived-section-ext;homology-section-spectral-sequence,002D;011M;01FE;04AX;06XP;0BQP,,needs_review,generated_intake,,,Requires statement-level mathematical comparison.
tohoku:construction:third-spectral-sequence,201,construction,tohoku:section:5.2,201,201,sem/r7/nodes.csv:209,8D632A04EE0FA987B40B721BEE6E64BB3E641D6A1CE02335556213F1564C9A53,spectral-sequence,homology-section-spectral-sequence,011M,,needs_review,generated_intake,,,Requires statement-level mathematical comparison.
tohoku:construction:two-coinduced-g-actions,216,construction,tohoku:section:5.6,216,216,sem/r7/nodes.csv:210,8D632A04EE0FA987B40B721BEE6E64BB3E641D6A1CE02335556213F1564C9A53,,,,,needs_review,generated_intake,,,Requires statement-level mathematical comparison.
tohoku:construction:two-compositions-of-gamma-x-g,200,construction,tohoku:section:5.2,200,200,sem/r7/nodes.csv:211,8D632A04EE0FA987B40B721BEE6E64BB3E641D6A1CE02335556213F1564C9A53,,,,,needs_review,generated_intake,,,Requires statement-level mathematical comparison.
tohoku:contents,121;122,contents,tohoku:paper,121,122,sem/r7/nodes.csv:212,5A8E5720BC2EF8905BF85F7919C65AC4A87A31CFC854BD77E6B5084C0D2DEBEF,,,,,structural_only,classified,,,Source structure; no independent Stacks object.
tohoku:cor:2.5.5,153,corollary,tohoku:section:2.5,153,153,sem/r7/nodes.csv:213,5A8E5720BC2EF8905BF85F7919C65AC4A87A31CFC854BD77E6B5084C0D2DEBEF,derived-functor;injectives,cohomology-section-derived-functors;derived-section-injective-resolutions;derived-section-right-derived-functor;homology-section-injectives,0134;013G;0156;0716,,needs_review,generated_intake,,,Requires statement-level mathematical comparison.
tohoku:cor:3.1.1,156,corollary,tohoku:section:3.1,156,156,sem/r7/nodes.csv:214,5A8E5720BC2EF8905BF85F7919C65AC4A87A31CFC854BD77E6B5084C0D2DEBEF,injectives,derived-section-injective-resolutions;homology-section-injectives,0134;013G,,needs_review,generated_intake,,,Requires statement-level mathematical comparison.
tohoku:cor:3.3.1,158,corollary,tohoku:section:3.3,158,158,sem/r7/nodes.csv:215,5A8E5720BC2EF8905BF85F7919C65AC4A87A31CFC854BD77E6B5084C0D2DEBEF,derived-functor,cohomology-section-derived-functors;derived-section-right-derived-functor,0156;0716,,needs_review,generated_intake,,,Requires statement-level mathematical comparison.
tohoku:cor:3.3.2,159,corollary,tohoku:section:3.3,159,159,sem/r7/nodes.csv:216,5A8E5720BC2EF8905BF85F7919C65AC4A87A31CFC854BD77E6B5084C0D2DEBEF,,,,,needs_review,generated_intake,,,Requires statement-level mathematical comparison.
tohoku:cor:3.4.2,162,corollary,tohoku:section:3.4,162,162,sem/r7/nodes.csv:217,5A8E5720BC2EF8905BF85F7919C65AC4A87A31CFC854BD77E6B5084C0D2DEBEF,,,,,needs_review,generated_intake,,,Requires statement-level mathematical comparison.
tohoku:corollary:1-theorem-5.5.3,209,corollary,tohoku:section:5.5,209,209,sem/r7/nodes.csv:218,8D632A04EE0FA987B40B721BEE6E64BB3E641D6A1CE02335556213F1564C9A53,derived-functor,cohomology-section-derived-functors;derived-section-right-derived-functor,0156;0716,,needs_review,generated_intake,,,Requires statement-level mathematical comparison.
tohoku:corollary:2-theorem-5.5.3,209,corollary,tohoku:section:5.5,209,209,sem/r7/nodes.csv:219,8D632A04EE0FA987B40B721BEE6E64BB3E641D6A1CE02335556213F1564C9A53,cech,cohomology-section-cech;cohomology-section-cech-cohomology-cohomology,01ED;01EO,,needs_review,generated_intake,,,Requires statement-level mathematical comparison.
tohoku:corollary:3.10.1:1,182,corollary,tohoku:section:3.10,182,182,sem/r7/nodes.csv:220,5A8E5720BC2EF8905BF85F7919C65AC4A87A31CFC854BD77E6B5084C0D2DEBEF,,,,,needs_review,generated_intake,,,Requires statement-level mathematical comparison.
tohoku:corollary:3.10.1:2,182,corollary,tohoku:section:3.10,182,182,sem/r7/nodes.csv:221,5A8E5720BC2EF8905BF85F7919C65AC4A87A31CFC854BD77E6B5084C0D2DEBEF,,,,,needs_review,generated_intake,,,Requires statement-level mathematical comparison.
tohoku:corollary:3.8.1:1:p1,175,corollary,tohoku:section:3.8,175,175,sem/r7/nodes.csv:222,5A8E5720BC2EF8905BF85F7919C65AC4A87A31CFC854BD77E6B5084C0D2DEBEF,,,,,needs_review,generated_intake,,,Requires statement-level mathematical comparison.
tohoku:corollary:3.8.1:1:p2,176,corollary,tohoku:section:3.8,176,176,sem/r7/nodes.csv:223,5A8E5720BC2EF8905BF85F7919C65AC4A87A31CFC854BD77E6B5084C0D2DEBEF,derived-functor,cohomology-section-derived-functors;derived-section-right-derived-functor,0156;0716,,needs_review,generated_intake,,,Requires statement-level mathematical comparison.
tohoku:corollary:3.8.1:2,176,corollary,tohoku:section:3.8,176,176,sem/r7/nodes.csv:224,5A8E5720BC2EF8905BF85F7919C65AC4A87A31CFC854BD77E6B5084C0D2DEBEF,,,,,needs_review,generated_intake,,,Requires statement-level mathematical comparison.
tohoku:corollary:3.8.1:3,176,corollary,tohoku:section:3.8,176,176,sem/r7/nodes.csv:225,5A8E5720BC2EF8905BF85F7919C65AC4A87A31CFC854BD77E6B5084C0D2DEBEF,,,,,needs_review,generated_intake,,,Requires statement-level mathematical comparison.
tohoku:corollary:3.8.1:4:p1,176,corollary,tohoku:section:3.8,176,176,sem/r7/nodes.csv:226,5A8E5720BC2EF8905BF85F7919C65AC4A87A31CFC854BD77E6B5084C0D2DEBEF,,,,,needs_review,generated_intake,,,Requires statement-level mathematical comparison.
tohoku:corollary:3.8.1:4:p2,177,corollary,tohoku:section:3.8,177,177,sem/r7/nodes.csv:227,5A8E5720BC2EF8905BF85F7919C65AC4A87A31CFC854BD77E6B5084C0D2DEBEF,,,,,needs_review,generated_intake,,,Requires statement-level mathematical comparison.
tohoku:corollary:3.9.1:1,179,corollary,tohoku:section:3.9,179,179,sem/r7/nodes.csv:228,5A8E5720BC2EF8905BF85F7919C65AC4A87A31CFC854BD77E6B5084C0D2DEBEF,,,,,needs_review,generated_intake,,,Requires statement-level mathematical comparison.
tohoku:corollary:3.9.1:2,179,corollary,tohoku:section:3.9,179,179,sem/r7/nodes.csv:229,5A8E5720BC2EF8905BF85F7919C65AC4A87A31CFC854BD77E6B5084C0D2DEBEF,cech,cohomology-section-cech;cohomology-section-cech-cohomology-cohomology,01ED;01EO,,needs_review,generated_intake,,,Requires statement-level mathematical comparison.
tohoku:corollary:3.9.1:3,180,corollary,tohoku:section:3.9,180,180,sem/r7/nodes.csv:230,5A8E5720BC2EF8905BF85F7919C65AC4A87A31CFC854BD77E6B5084C0D2DEBEF,cech,cohomology-section-cech;cohomology-section-cech-cohomology-cohomology,01ED;01EO,,needs_review,generated_intake,,,Requires statement-level mathematical comparison.
tohoku:corollary:4.2.3,189,corollary,tohoku:section:4.2,189,189,sem/r7/nodes.csv:231,8D632A04EE0FA987B40B721BEE6E64BB3E641D6A1CE02335556213F1564C9A53,ext,cohomology-section-ext;derived-section-ext,06XP;0BQP,,needs_review,generated_intake,,,Requires statement-level mathematical comparison.
tohoku:corollary:4.2.4:1,189;190,corollary,tohoku:section:4.2,189,190,sem/r7/nodes.csv:232,8D632A04EE0FA987B40B721BEE6E64BB3E641D6A1CE02335556213F1564C9A53,,,,,needs_review,generated_intake,,,Requires statement-level mathematical comparison.
tohoku:corollary:4.2.4:2,190,corollary,tohoku:section:4.2,190,190,sem/r7/nodes.csv:233,8D632A04EE0FA987B40B721BEE6E64BB3E641D6A1CE02335556213F1564C9A53,ext,cohomology-section-ext;derived-section-ext,06XP;0BQP,,needs_review,generated_intake,,,Requires statement-level mathematical comparison.
tohoku:corollary:4.2.4:3,190,corollary,tohoku:section:4.2,190,190,sem/r7/nodes.csv:234,8D632A04EE0FA987B40B721BEE6E64BB3E641D6A1CE02335556213F1564C9A53,spectral-sequence,homology-section-spectral-sequence,011M,,needs_review,generated_intake,,,Requires statement-level mathematical comparison.
tohoku:corollary:4.3.2:1,192,corollary,tohoku:section:4.3,192,192,sem/r7/nodes.csv:235,8D632A04EE0FA987B40B721BEE6E64BB3E641D6A1CE02335556213F1564C9A53,ext;spectral-sequence,cohomology-section-ext;derived-section-ext;homology-section-spectral-sequence,011M;06XP;0BQP,,needs_review,generated_intake,,,Requires statement-level mathematical comparison.
tohoku:corollary:4.3.2:2,192,corollary,tohoku:section:4.3,192,192,sem/r7/nodes.csv:236,8D632A04EE0FA987B40B721BEE6E64BB3E641D6A1CE02335556213F1564C9A53,ext,cohomology-section-ext;derived-section-ext,06XP;0BQP,,needs_review,generated_intake,,,Requires statement-level mathematical comparison.
tohoku:corollary:5.1.3,198,corollary,tohoku:section:5.1,198,198,sem/r7/nodes.csv:237,8D632A04EE0FA987B40B721BEE6E64BB3E641D6A1CE02335556213F1564C9A53,injectives,derived-section-injective-resolutions;homology-section-injectives,0134;013G,,needs_review,generated_intake,,,Requires statement-level mathematical comparison.
tohoku:corollary:5.2.1,200,corollary,tohoku:section:5.2,200,200,sem/r7/nodes.csv:238,8D632A04EE0FA987B40B721BEE6E64BB3E641D6A1CE02335556213F1564C9A53,,,,,needs_review,generated_intake,,,Requires statement-level mathematical comparison.
tohoku:corollary:5.2.3,202,corollary,tohoku:section:5.2,202,202,sem/r7/nodes.csv:239,8D632A04EE0FA987B40B721BEE6E64BB3E641D6A1CE02335556213F1564C9A53,,,,,needs_review,generated_intake,,,Requires statement-level mathematical comparison.
tohoku:corollary:5.3.1:1,204,corollary,tohoku:section:5.3,204,204,sem/r7/nodes.csv:240,8D632A04EE0FA987B40B721BEE6E64BB3E641D6A1CE02335556213F1564C9A53,spectral-sequence,homology-section-spectral-sequence,011M,,needs_review,generated_intake,,,Requires statement-level mathematical comparison.
tohoku:corollary:5.3.1:2,204,corollary,tohoku:section:5.3,204,204,sem/r7/nodes.csv:241,8D632A04EE0FA987B40B721BEE6E64BB3E641D6A1CE02335556213F1564C9A53,,,,,needs_review,generated_intake,,,Requires statement-level mathematical comparison.
tohoku:corollary:5.3.1:3,205,corollary,tohoku:section:5.3,205,205,sem/r7/nodes.csv:242,8D632A04EE0FA987B40B721BEE6E64BB3E641D6A1CE02335556213F1564C9A53,spectral-sequence,homology-section-spectral-sequence,011M,,needs_review,generated_intake,,,Requires statement-level mathematical comparison.
tohoku:corollary:5.4.1,206,corollary,tohoku:section:5.4,206,206,sem/r7/nodes.csv:243,8D632A04EE0FA987B40B721BEE6E64BB3E641D6A1CE02335556213F1564C9A53,,,,,needs_review,generated_intake,,,Requires statement-level mathematical comparison.
tohoku:corollary:cohomological-dimension-test,170,corollary,tohoku:section:3.6,170,170,sem/r7/nodes.csv:244,5A8E5720BC2EF8905BF85F7919C65AC4A87A31CFC854BD77E6B5084C0D2DEBEF,,,,,needs_review,generated_intake,,,Requires statement-level mathematical comparison.
tohoku:corollary:coinduced-hom-acyclicity,215,corollary,tohoku:section:5.6,215,215,sem/r7/nodes.csv:245,8D632A04EE0FA987B40B721BEE6E64BB3E641D6A1CE02335556213F1564C9A53,derived-functor;injectives,cohomology-section-derived-functors;derived-section-injective-resolutions;derived-section-right-derived-functor;homology-section-injectives,0134;013G;0156;0716,,needs_review,generated_intake,,,Requires statement-level mathematical comparison.
tohoku:corollary:fixed-point-free-g-covering,210,corollary,tohoku:section:5.5,210,210,sem/r7/nodes.csv:246,8D632A04EE0FA987B40B721BEE6E64BB3E641D6A1CE02335556213F1564C9A53,cech,cohomology-section-cech;cohomology-section-cech-cohomology-cohomology,01ED;01EO,,needs_review,generated_intake,,,Requires statement-level mathematical comparison.
tohoku:corollary:left-hereditary-k,192,corollary,tohoku:section:4.3,192,192,sem/r7/nodes.csv:247,8D632A04EE0FA987B40B721BEE6E64BB3E641D6A1CE02335556213F1564C9A53,,,,,needs_review,generated_intake,,,Requires statement-level mathematical comparison.
tohoku:corollary:lemma-5.5.2,208,corollary,tohoku:section:5.5,208,208,sem/r7/nodes.csv:248,8D632A04EE0FA987B40B721BEE6E64BB3E641D6A1CE02335556213F1564C9A53,spectral-sequence,homology-section-spectral-sequence,011M,,needs_review,generated_intake,,,Requires statement-level mathematical comparison.
tohoku:corollary:theorem-5.6.3-locally-free,218,corollary,tohoku:section:5.6,218,218,sem/r7/nodes.csv:249,8D632A04EE0FA987B40B721BEE6E64BB3E641D6A1CE02335556213F1564C9A53,,,,,needs_review,generated_intake,,,Requires statement-level mathematical comparison.
tohoku:corollary:theorem-5.6.3-structure-sheaf,218,corollary,tohoku:section:5.6,218,218,sem/r7/nodes.csv:250,8D632A04EE0FA987B40B721BEE6E64BB3E641D6A1CE02335556213F1564C9A53,,,,,needs_review,generated_intake,,,Requires statement-level mathematical comparison.
tohoku:criterion:cech-H2-example-reduction:p1,177,criterion,tohoku:section:3.8,177,177,sem/r7/nodes.csv:251,5A8E5720BC2EF8905BF85F7919C65AC4A87A31CFC854BD77E6B5084C0D2DEBEF,cech,cohomology-section-cech;cohomology-section-cech-cohomology-cohomology,01ED;01EO,,needs_review,generated_intake,,,Requires statement-level mathematical comparison.
tohoku:criterion:cech-H2-example-reduction:p2,178,criterion,tohoku:section:3.8,178,178,sem/r7/nodes.csv:252,5A8E5720BC2EF8905BF85F7919C65AC4A87A31CFC854BD77E6B5084C0D2DEBEF,cech,cohomology-section-cech;cohomology-section-cech-cohomology-cohomology,01ED;01EO,,needs_review,generated_intake,,,Requires statement-level mathematical comparison.
tohoku:criterion:global-cech-edge-range,176,criterion,tohoku:section:3.8,176,176,sem/r7/nodes.csv:253,5A8E5720BC2EF8905BF85F7919C65AC4A87A31CFC854BD77E6B5084C0D2DEBEF,cech,cohomology-section-cech;cohomology-section-cech-cohomology-cohomology,01ED;01EO,,needs_review,generated_intake,,,Requires statement-level mathematical comparison.
tohoku:criterion:inverse-direct-essential-image,199,criterion,tohoku:section:5.1,199,199,sem/r7/nodes.csv:254,8D632A04EE0FA987B40B721BEE6E64BB3E641D6A1CE02335556213F1564C9A53,,,,,needs_review,generated_intake,,,Requires statement-level mathematical comparison.
tohoku:criterion:local-H1-two-components,178,criterion,tohoku:section:3.8,178,178,sem/r7/nodes.csv:255,5A8E5720BC2EF8905BF85F7919C65AC4A87A31CFC854BD77E6B5084C0D2DEBEF,,,,,needs_review,generated_intake,,,Requires statement-level mathematical comparison.
tohoku:criterion:stalk-ext-limit-transfer,193,criterion,tohoku:section:4.3,193,193,sem/r7/nodes.csv:256,8D632A04EE0FA987B40B721BEE6E64BB3E641D6A1CE02335556213F1564C9A53,ext;limits;spectral-sequence,categories-section-directed-colimits;categories-section-limits;cohomology-section-ext;cohomology-section-limits;derived-section-ext;homology-section-spectral-sequence,002D;011M;01FE;04AX;06XP;0BQP,,needs_review,generated_intake,,,Requires statement-level mathematical comparison.
tohoku:def:adapted-antifilters,172,definition,tohoku:section:3.7,172,172,sem/r7/nodes.csv:257,5A8E5720BC2EF8905BF85F7919C65AC4A87A31CFC854BD77E6B5084C0D2DEBEF,,,,,needs_review,generated_intake,,,Requires statement-level mathematical comparison.
tohoku:def:additive-diagram-relations:p1,130,definition,tohoku:section:1.6,130,130,sem/r7/nodes.csv:258,5A8E5720BC2EF8905BF85F7919C65AC4A87A31CFC854BD77E6B5084C0D2DEBEF,,,,,needs_review,generated_intake,,,Requires statement-level mathematical comparison.
tohoku:def:additive-diagram-relations:p2,131,definition,tohoku:section:1.6,131,131,sem/r7/nodes.csv:259,5A8E5720BC2EF8905BF85F7919C65AC4A87A31CFC854BD77E6B5084C0D2DEBEF,additive,homology-section-additive-categories,09SE,,needs_review,generated_intake,,,Requires statement-level mathematical comparison.
tohoku:def:adjoint-obstruction-class,165,definition,tohoku:section:3.4,165,165,sem/r7/nodes.csv:260,5A8E5720BC2EF8905BF85F7919C65AC4A87A31CFC854BD77E6B5084C0D2DEBEF,,,,,needs_review,generated_intake,,,Requires statement-level mathematical comparison.
tohoku:def:associated-graded,145,definition,tohoku:section:2.4,145,145,sem/r7/nodes.csv:261,5A8E5720BC2EF8905BF85F7919C65AC4A87A31CFC854BD77E6B5084C0D2DEBEF,,,,,needs_review,generated_intake,,,Requires statement-level mathematical comparison.
tohoku:def:canonical-diagram-extension,131,definition,tohoku:section:1.6,131,131,sem/r7/nodes.csv:262,5A8E5720BC2EF8905BF85F7919C65AC4A87A31CFC854BD77E6B5084C0D2DEBEF,additive;ext,cohomology-section-ext;derived-section-ext;homology-section-additive-categories,06XP;09SE;0BQP,,needs_review,generated_intake,,,Requires statement-level mathematical comparison.
tohoku:def:cech-cohomology,174,definition,tohoku:section:3.8,174,174,sem/r7/nodes.csv:263,5A8E5720BC2EF8905BF85F7919C65AC4A87A31CFC854BD77E6B5084C0D2DEBEF,cech,cohomology-section-cech;cohomology-section-cech-cohomology-cohomology,01ED;01EO,,needs_review,generated_intake,,,Requires statement-level mathematical comparison.
tohoku:def:cogenerator-family,135,definition,tohoku:section:1.9,135,135,sem/r7/nodes.csv:264,5A8E5720BC2EF8905BF85F7919C65AC4A87A31CFC854BD77E6B5084C0D2DEBEF,abelian;grothendieck-category;injectives,derived-section-injective-resolutions;homology-section-abelian-categories;homology-section-injectives;injectives-section-grothendieck-categories;injectives-section-grothendieck-conditions,00ZX;0134;013G;05AB;079A,,needs_review,generated_intake,,,Requires statement-level mathematical comparison.
tohoku:def:cohomological-dimension,170,definition,tohoku:section:3.6,170,170,sem/r7/nodes.csv:265,5A8E5720BC2EF8905BF85F7919C65AC4A87A31CFC854BD77E6B5084C0D2DEBEF,,,,,needs_review,generated_intake,,,Requires statement-level mathematical comparison.
tohoku:def:cohomological-spectral-sequence,145,definition,tohoku:section:2.4,145,145,sem/r7/nodes.csv:266,5A8E5720BC2EF8905BF85F7919C65AC4A87A31CFC854BD77E6B5084C0D2DEBEF,spectral-sequence,homology-section-spectral-sequence,011M,,needs_review,generated_intake,,,Requires statement-level mathematical comparison.
tohoku:def:cohomology-presheaf,175,definition,tohoku:section:3.8,175,175,sem/r7/nodes.csv:267,5A8E5720BC2EF8905BF85F7919C65AC4A87A31CFC854BD77E6B5084C0D2DEBEF,,,,,needs_review,generated_intake,,,Requires statement-level mathematical comparison.
tohoku:def:cohomology-with-supports,157,definition,tohoku:section:3.2,157,157,sem/r7/nodes.csv:268,5A8E5720BC2EF8905BF85F7919C65AC4A87A31CFC854BD77E6B5084C0D2DEBEF,derived-functor;support,cohomology-section-cohomology-support;cohomology-section-derived-functors;derived-section-right-derived-functor,0156;0716;0A39,,needs_review,generated_intake,,,Requires statement-level mathematical comparison.
tohoku:def:combinatorial-dimension,170,definition,tohoku:section:3.6,170,170,sem/r7/nodes.csv:269,5A8E5720BC2EF8905BF85F7919C65AC4A87A31CFC854BD77E6B5084C0D2DEBEF,,,,,needs_review,generated_intake,,,Requires statement-level mathematical comparison.
tohoku:def:commutation-relations,130,definition,tohoku:section:1.6,130,130,sem/r7/nodes.csv:270,5A8E5720BC2EF8905BF85F7919C65AC4A87A31CFC854BD77E6B5084C0D2DEBEF,,,,,needs_review,generated_intake,,,Requires statement-level mathematical comparison.
tohoku:def:commutative-diagram,130,definition,tohoku:section:1.6,130,130,sem/r7/nodes.csv:271,5A8E5720BC2EF8905BF85F7919C65AC4A87A31CFC854BD77E6B5084C0D2DEBEF,,,,,needs_review,generated_intake,,,Requires statement-level mathematical comparison.
tohoku:def:complete-subcategory,138,definition,tohoku:section:1.11,138,138,sem/r7/nodes.csv:272,5A8E5720BC2EF8905BF85F7919C65AC4A87A31CFC854BD77E6B5084C0D2DEBEF,abelian,homology-section-abelian-categories,00ZX,,needs_review,generated_intake,,,Requires statement-level mathematical comparison.
tohoku:def:composite-arrow,130,definition,tohoku:section:1.6,130,130,sem/r7/nodes.csv:273,5A8E5720BC2EF8905BF85F7919C65AC4A87A31CFC854BD77E6B5084C0D2DEBEF,ext,cohomology-section-ext;derived-section-ext,06XP;0BQP,,needs_review,generated_intake,,,Requires statement-level mathematical comparison.
tohoku:def:cover-cohomology,174,definition,tohoku:section:3.8,174,174,sem/r7/nodes.csv:274,5A8E5720BC2EF8905BF85F7919C65AC4A87A31CFC854BD77E6B5084C0D2DEBEF,,,,,needs_review,generated_intake,,,Requires statement-level mathematical comparison.
tohoku:def:dE-obstruction,164,definition,tohoku:section:3.4,164,164,sem/r7/nodes.csv:275,5A8E5720BC2EF8905BF85F7919C65AC4A87A31CFC854BD77E6B5084C0D2DEBEF,,,,,needs_review,generated_intake,,,Requires statement-level mathematical comparison.
tohoku:def:delta-functor-morphism,140,definition,tohoku:section:2.1,140,140,sem/r7/nodes.csv:276,5A8E5720BC2EF8905BF85F7919C65AC4A87A31CFC854BD77E6B5084C0D2DEBEF,delta-functor,homology-section-cohomological-delta-functor,010P,,needs_review,generated_intake,,,Requires statement-level mathematical comparison.
tohoku:def:delta-functor:p1,139,definition,tohoku:section:2.1,139,139,sem/r7/nodes.csv:277,5A8E5720BC2EF8905BF85F7919C65AC4A87A31CFC854BD77E6B5084C0D2DEBEF,abelian;additive;delta-functor,homology-section-abelian-categories;homology-section-additive-categories;homology-section-cohomological-delta-functor,00ZX;010P;09SE,,needs_review,generated_intake,,,Requires statement-level mathematical comparison.
tohoku:def:delta-star-and-variance,140,definition,tohoku:section:2.1,140,140,sem/r7/nodes.csv:278,5A8E5720BC2EF8905BF85F7919C65AC4A87A31CFC854BD77E6B5084C0D2DEBEF,,,,,needs_review,generated_intake,,,Requires statement-level mathematical comparison.
tohoku:def:diagram-category,130,definition,tohoku:section:1.6,130,130,sem/r7/nodes.csv:279,5A8E5720BC2EF8905BF85F7919C65AC4A87A31CFC854BD77E6B5084C0D2DEBEF,,,,,needs_review,generated_intake,,,Requires statement-level mathematical comparison.
tohoku:def:dual-diagram-scheme,131,definition,tohoku:section:1.6,131,131,sem/r7/nodes.csv:280,5A8E5720BC2EF8905BF85F7919C65AC4A87A31CFC854BD77E6B5084C0D2DEBEF,,,,,needs_review,generated_intake,,,Requires statement-level mathematical comparison.
tohoku:def:effaceable-coeffaceable,141,definition,tohoku:section:2.2,141,141,sem/r7/nodes.csv:281,5A8E5720BC2EF8905BF85F7919C65AC4A87A31CFC854BD77E6B5084C0D2DEBEF,delta-functor;injectives,derived-section-injective-resolutions;homology-section-cohomological-delta-functor;homology-section-injectives,010P;0134;013G,,needs_review,generated_intake,,,Requires statement-level mathematical comparison.
tohoku:def:etale-space-from-presheaf,154,definition,tohoku:section:3.1,154,154,sem/r7/nodes.csv:282,5A8E5720BC2EF8905BF85F7919C65AC4A87A31CFC854BD77E6B5084C0D2DEBEF,limits,categories-section-directed-colimits;categories-section-limits;cohomology-section-limits,002D;01FE;04AX,,needs_review,generated_intake,,,Requires statement-level mathematical comparison.
tohoku:def:exact-delta-functor,140,definition,tohoku:section:2.1,140,140,sem/r7/nodes.csv:283,5A8E5720BC2EF8905BF85F7919C65AC4A87A31CFC854BD77E6B5084C0D2DEBEF,abelian;delta-functor,homology-section-abelian-categories;homology-section-cohomological-delta-functor,00ZX;010P,,needs_review,generated_intake,,,Requires statement-level mathematical comparison.
tohoku:def:extension-by-zero-locally-closed,166,definition,tohoku:section:3.5,166,166,sem/r7/nodes.csv:284,5A8E5720BC2EF8905BF85F7919C65AC4A87A31CFC854BD77E6B5084C0D2DEBEF,exact-functor;ext,categories-section-exact-functor;cohomology-section-ext;derived-section-ext,0033;06XP;0BQP,,needs_review,generated_intake,,,Requires statement-level mathematical comparison.
tohoku:def:filtered-object,145,definition,tohoku:section:2.4,145,145,sem/r7/nodes.csv:285,5A8E5720BC2EF8905BF85F7919C65AC4A87A31CFC854BD77E6B5084C0D2DEBEF,abelian,homology-section-abelian-categories,00ZX,,needs_review,generated_intake,,,Requires statement-level mathematical comparison.
tohoku:def:flasque-and-soft-sheaves,159,definition,tohoku:section:3.3,159,159,sem/r7/nodes.csv:286,5A8E5720BC2EF8905BF85F7919C65AC4A87A31CFC854BD77E6B5084C0D2DEBEF,,,,,needs_review,generated_intake,,,Requires statement-level mathematical comparison.
tohoku:def:induced-support-antifilter,166,definition,tohoku:section:3.5,166,166,sem/r7/nodes.csv:287,5A8E5720BC2EF8905BF85F7919C65AC4A87A31CFC854BD77E6B5084C0D2DEBEF,support,cohomology-section-cohomology-support,0A39,,needs_review,generated_intake,,,Requires statement-level mathematical comparison.
tohoku:def:inductive-limit,133,definition,tohoku:section:1.8,133,133,sem/r7/nodes.csv:288,5A8E5720BC2EF8905BF85F7919C65AC4A87A31CFC854BD77E6B5084C0D2DEBEF,limits,categories-section-directed-colimits;categories-section-limits;cohomology-section-limits,002D;01FE;04AX,,needs_review,generated_intake,,,Requires statement-level mathematical comparison.
tohoku:def:inductive-limit:functor,133,definition,tohoku:section:1.8,133,133,sem/r7/nodes.csv:289,5A8E5720BC2EF8905BF85F7919C65AC4A87A31CFC854BD77E6B5084C0D2DEBEF,limits,categories-section-directed-colimits;categories-section-limits;cohomology-section-limits,002D;01FE;04AX,,needs_review,generated_intake,,,Requires statement-level mathematical comparison.
tohoku:def:inductive-limit:functoriality,133,definition,tohoku:section:1.8,133,133,sem/r7/nodes.csv:290,5A8E5720BC2EF8905BF85F7919C65AC4A87A31CFC854BD77E6B5084C0D2DEBEF,limits,categories-section-directed-colimits;categories-section-limits;cohomology-section-limits,002D;01FE;04AX,,needs_review,generated_intake,,,Requires statement-level mathematical comparison.
tohoku:def:injective-effacement,135,definition,tohoku:section:1.10,135,135,sem/r7/nodes.csv:291,5A8E5720BC2EF8905BF85F7919C65AC4A87A31CFC854BD77E6B5084C0D2DEBEF,injectives,derived-section-injective-resolutions;homology-section-injectives,0134;013G,,needs_review,generated_intake,,,Requires statement-level mathematical comparison.
tohoku:def:injective-object,135,definition,tohoku:section:1.10,135,135,sem/r7/nodes.csv:292,5A8E5720BC2EF8905BF85F7919C65AC4A87A31CFC854BD77E6B5084C0D2DEBEF,abelian;ext;injectives,cohomology-section-ext;derived-section-ext;derived-section-injective-resolutions;homology-section-abelian-categories;homology-section-injectives,00ZX;0134;013G;06XP;0BQP,,needs_review,generated_intake,,,Requires statement-level mathematical comparison.
tohoku:def:morphism-spectral-sequence,145,definition,tohoku:section:2.4,145,145,sem/r7/nodes.csv:293,5A8E5720BC2EF8905BF85F7919C65AC4A87A31CFC854BD77E6B5084C0D2DEBEF,additive;spectral-sequence,homology-section-additive-categories;homology-section-spectral-sequence,011M;09SE,,needs_review,generated_intake,,,Requires statement-level mathematical comparison.
tohoku:def:ordered-zariski-example,171,definition,tohoku:section:3.6,171,171,sem/r7/nodes.csv:294,5A8E5720BC2EF8905BF85F7919C65AC4A87A31CFC854BD77E6B5084C0D2DEBEF,,,,,needs_review,generated_intake,,,Requires statement-level mathematical comparison.
tohoku:def:ordinary-direct-image,171,definition,tohoku:section:3.7,171,171,sem/r7/nodes.csv:295,5A8E5720BC2EF8905BF85F7919C65AC4A87A31CFC854BD77E6B5084C0D2DEBEF,,,,,needs_review,generated_intake,,,Requires statement-level mathematical comparison.
tohoku:def:phi-soft-and-paracompactifying,159,definition,tohoku:section:3.3,159,159,sem/r7/nodes.csv:296,5A8E5720BC2EF8905BF85F7919C65AC4A87A31CFC854BD77E6B5084C0D2DEBEF,,,,,needs_review,generated_intake,,,Requires statement-level mathematical comparison.
tohoku:def:point-indexed-cover-system,176,definition,tohoku:section:3.8,176,176,sem/r7/nodes.csv:297,5A8E5720BC2EF8905BF85F7919C65AC4A87A31CFC854BD77E6B5084C0D2DEBEF,cech,cohomology-section-cech;cohomology-section-cech-cohomology-cohomology,01ED;01EO,,needs_review,generated_intake,,,Requires statement-level mathematical comparison.
tohoku:def:presheaf-and-sheaf:p1,153,definition,tohoku:section:3.1,153,153,sem/r7/nodes.csv:298,5A8E5720BC2EF8905BF85F7919C65AC4A87A31CFC854BD77E6B5084C0D2DEBEF,,,,,needs_review,generated_intake,,,Requires statement-level mathematical comparison.
tohoku:def:presheaf-and-sheaf:p2,154,definition,tohoku:section:3.1,154,154,sem/r7/nodes.csv:299,5A8E5720BC2EF8905BF85F7919C65AC4A87A31CFC854BD77E6B5084C0D2DEBEF,,,,,needs_review,generated_intake,,,Requires statement-level mathematical comparison.
tohoku:def:product-direct-image-sheaf,172,definition,tohoku:section:3.7,172,172,sem/r7/nodes.csv:300,5A8E5720BC2EF8905BF85F7919C65AC4A87A31CFC854BD77E6B5084C0D2DEBEF,injectives,derived-section-injective-resolutions;homology-section-injectives,0134;013G,,needs_review,generated_intake,,,Requires statement-level mathematical comparison.
tohoku:def:pushforward-adapted-support-antifilter,172,definition,tohoku:section:3.7,172,172,sem/r7/nodes.csv:301,5A8E5720BC2EF8905BF85F7919C65AC4A87A31CFC854BD77E6B5084C0D2DEBEF,support,cohomology-section-cohomology-support,0A39,,needs_review,generated_intake,,,Requires statement-level mathematical comparison.
tohoku:def:quasi-equal,138,definition,tohoku:section:1.11,138,138,sem/r7/nodes.csv:302,5A8E5720BC2EF8905BF85F7919C65AC4A87A31CFC854BD77E6B5084C0D2DEBEF,,,,,needs_review,generated_intake,,,Requires statement-level mathematical comparison.
tohoku:def:quotient-category,138,definition,tohoku:section:1.11,138,138,sem/r7/nodes.csv:303,5A8E5720BC2EF8905BF85F7919C65AC4A87A31CFC854BD77E6B5084C0D2DEBEF,abelian,homology-section-abelian-categories,00ZX,,needs_review,generated_intake,,,Requires statement-level mathematical comparison.
tohoku:def:quotient-composition:p1,138,definition,tohoku:section:1.11,138,138,sem/r7/nodes.csv:304,5A8E5720BC2EF8905BF85F7919C65AC4A87A31CFC854BD77E6B5084C0D2DEBEF,,,,,needs_review,generated_intake,,,Requires statement-level mathematical comparison.
tohoku:def:quotient-composition:p2,139,definition,tohoku:section:1.11,139,139,sem/r7/nodes.csv:305,5A8E5720BC2EF8905BF85F7919C65AC4A87A31CFC854BD77E6B5084C0D2DEBEF,,,,,needs_review,generated_intake,,,Requires statement-level mathematical comparison.
tohoku:def:quotient-hom,138,definition,tohoku:section:1.11,138,138,sem/r7/nodes.csv:306,5A8E5720BC2EF8905BF85F7919C65AC4A87A31CFC854BD77E6B5084C0D2DEBEF,limits,categories-section-directed-colimits;categories-section-limits;cohomology-section-limits,002D;01FE;04AX,,needs_review,generated_intake,,,Requires statement-level mathematical comparison.
tohoku:def:quotient-morphism,138,definition,tohoku:section:1.11,138,138,sem/r7/nodes.csv:307,5A8E5720BC2EF8905BF85F7919C65AC4A87A31CFC854BD77E6B5084C0D2DEBEF,,,,,needs_review,generated_intake,,,Requires statement-level mathematical comparison.
tohoku:def:relative-derived-direct-image,173,definition,tohoku:section:3.7,173,173,sem/r7/nodes.csv:308,5A8E5720BC2EF8905BF85F7919C65AC4A87A31CFC854BD77E6B5084C0D2DEBEF,,,,,needs_review,generated_intake,,,Requires statement-level mathematical comparison.
tohoku:def:relative-direct-image,171,definition,tohoku:section:3.7,171,171,sem/r7/nodes.csv:309,5A8E5720BC2EF8905BF85F7919C65AC4A87A31CFC854BD77E6B5084C0D2DEBEF,,,,,needs_review,generated_intake,,,Requires statement-level mathematical comparison.
tohoku:def:relative-support-antifilter,171,definition,tohoku:section:3.7,171,171,sem/r7/nodes.csv:310,5A8E5720BC2EF8905BF85F7919C65AC4A87A31CFC854BD77E6B5084C0D2DEBEF,support,cohomology-section-cohomology-support,0A39,,needs_review,generated_intake,,,Requires statement-level mathematical comparison.
tohoku:def:resolving-functor,149,definition,tohoku:section:2.5,149,149,sem/r7/nodes.csv:311,5A8E5720BC2EF8905BF85F7919C65AC4A87A31CFC854BD77E6B5084C0D2DEBEF,abelian;exact-functor;injectives,categories-section-exact-functor;derived-section-injective-resolutions;homology-section-abelian-categories;homology-section-injectives,0033;00ZX;0134;013G,,needs_review,generated_intake,,,Requires statement-level mathematical comparison.
tohoku:def:restriction-extension-FY,166,definition,tohoku:section:3.5,166,166,sem/r7/nodes.csv:312,5A8E5720BC2EF8905BF85F7919C65AC4A87A31CFC854BD77E6B5084C0D2DEBEF,exact-functor;ext,categories-section-exact-functor;cohomology-section-ext;derived-section-ext,0033;06XP;0BQP,,needs_review,generated_intake,,,Requires statement-level mathematical comparison.
tohoku:def:right-balanced,144,definition,tohoku:section:2.3,144,144,sem/r7/nodes.csv:313,5A8E5720BC2EF8905BF85F7919C65AC4A87A31CFC854BD77E6B5084C0D2DEBEF,derived-functor,cohomology-section-derived-functors;derived-section-right-derived-functor,0156;0716,,needs_review,generated_intake,,,Requires statement-level mathematical comparison.
tohoku:def:right-left-satellites,140,definition,tohoku:section:2.2,140,140,sem/r7/nodes.csv:314,5A8E5720BC2EF8905BF85F7919C65AC4A87A31CFC854BD77E6B5084C0D2DEBEF,,,,,needs_review,generated_intake,,,Requires statement-level mathematical comparison.
tohoku:def:sections-and-supports,157,definition,tohoku:section:3.2,157,157,sem/r7/nodes.csv:315,5A8E5720BC2EF8905BF85F7919C65AC4A87A31CFC854BD77E6B5084C0D2DEBEF,support,cohomology-section-cohomology-support,0A39,,needs_review,generated_intake,,,Requires statement-level mathematical comparison.
tohoku:def:sheaf-of-modules,155,definition,tohoku:section:3.1,155,155,sem/r7/nodes.csv:316,5A8E5720BC2EF8905BF85F7919C65AC4A87A31CFC854BD77E6B5084C0D2DEBEF,,,,,needs_review,generated_intake,,,Requires statement-level mathematical comparison.
tohoku:def:singular-locus-union,171,definition,tohoku:section:3.6,171,171,sem/r7/nodes.csv:317,5A8E5720BC2EF8905BF85F7919C65AC4A87A31CFC854BD77E6B5084C0D2DEBEF,,,,,needs_review,generated_intake,,,Requires statement-level mathematical comparison.
tohoku:def:spectral-functor,145,definition,tohoku:section:2.4,145,145,sem/r7/nodes.csv:318,5A8E5720BC2EF8905BF85F7919C65AC4A87A31CFC854BD77E6B5084C0D2DEBEF,abelian;spectral-sequence,homology-section-abelian-categories;homology-section-spectral-sequence,00ZX;011M,,needs_review,generated_intake,,,Requires statement-level mathematical comparison.
tohoku:def:spectral-sequence,145,definition,tohoku:section:2.4,145,145,sem/r7/nodes.csv:319,5A8E5720BC2EF8905BF85F7919C65AC4A87A31CFC854BD77E6B5084C0D2DEBEF,spectral-sequence,homology-section-spectral-sequence,011M,,needs_review,generated_intake,,,Requires statement-level mathematical comparison.
tohoku:def:subcategory:p1,137,definition,tohoku:section:1.11,137,137,sem/r7/nodes.csv:320,5A8E5720BC2EF8905BF85F7919C65AC4A87A31CFC854BD77E6B5084C0D2DEBEF,,,,,needs_review,generated_intake,,,Requires statement-level mathematical comparison.
tohoku:def:subcategory:p2,138,definition,tohoku:section:1.11,138,138,sem/r7/nodes.csv:321,5A8E5720BC2EF8905BF85F7919C65AC4A87A31CFC854BD77E6B5084C0D2DEBEF,,,,,needs_review,generated_intake,,,Requires statement-level mathematical comparison.
tohoku:def:system-of-generators,167,definition,tohoku:section:3.6,167,167,sem/r7/nodes.csv:322,5A8E5720BC2EF8905BF85F7919C65AC4A87A31CFC854BD77E6B5084C0D2DEBEF,grothendieck-category;limits,categories-section-directed-colimits;categories-section-limits;cohomology-section-limits;injectives-section-grothendieck-categories;injectives-section-grothendieck-conditions,002D;01FE;04AX;05AB;079A,,needs_review,generated_intake,,,Requires statement-level mathematical comparison.
tohoku:def:thick-subcategory,138,definition,tohoku:section:1.11,138,138,sem/r7/nodes.csv:323,5A8E5720BC2EF8905BF85F7919C65AC4A87A31CFC854BD77E6B5084C0D2DEBEF,abelian,homology-section-abelian-categories,00ZX,,needs_review,generated_intake,,,Requires statement-level mathematical comparison.
tohoku:def:universal-delta-functor,140,definition,tohoku:section:2.2,140,140,sem/r7/nodes.csv:324,5A8E5720BC2EF8905BF85F7919C65AC4A87A31CFC854BD77E6B5084C0D2DEBEF,delta-functor,homology-section-cohomological-delta-functor,010P,,needs_review,generated_intake,,,Requires statement-level mathematical comparison.
tohoku:def:zariski-space,170,definition,tohoku:section:3.6,170,170,sem/r7/nodes.csv:325,5A8E5720BC2EF8905BF85F7919C65AC4A87A31CFC854BD77E6B5084C0D2DEBEF,,,,,needs_review,generated_intake,,,Requires statement-level mathematical comparison.
tohoku:definition:category-g-o-modules,196,definition,tohoku:section:5.1,196,196,sem/r7/nodes.csv:326,8D632A04EE0FA987B40B721BEE6E64BB3E641D6A1CE02335556213F1564C9A53,additive,homology-section-additive-categories,09SE,,needs_review,generated_intake,,,Requires statement-level mathematical comparison.
tohoku:definition:category-g-sheaves,195,definition,tohoku:section:5.1,195,195,sem/r7/nodes.csv:327,8D632A04EE0FA987B40B721BEE6E64BB3E641D6A1CE02335556213F1564C9A53,,,,,needs_review,generated_intake,,,Requires statement-level mathematical comparison.
tohoku:definition:coinduced-module-b-prime,215;216,definition,tohoku:section:5.6,215,216,sem/r7/nodes.csv:328,8D632A04EE0FA987B40B721BEE6E64BB3E641D6A1CE02335556213F1564C9A53,,,,,needs_review,generated_intake,,,Requires statement-level mathematical comparison.
tohoku:definition:conjugation-action-on-hom,216,definition,tohoku:section:5.6,216,216,sem/r7/nodes.csv:329,8D632A04EE0FA987B40B721BEE6E64BB3E641D6A1CE02335556213F1564C9A53,,,,,needs_review,generated_intake,,,Requires statement-level mathematical comparison.
tohoku:definition:equivariant-cech-cohomology,212,definition,tohoku:section:5.5,212,212,sem/r7/nodes.csv:330,8D632A04EE0FA987B40B721BEE6E64BB3E641D6A1CE02335556213F1564C9A53,cech,cohomology-section-cech;cohomology-section-cech-cohomology-cohomology,01ED;01EO,,needs_review,generated_intake,,,Requires statement-level mathematical comparison.
tohoku:definition:equivariant-cohomology,194,definition,tohoku:section:4.4,194,194,sem/r7/nodes.csv:331,8D632A04EE0FA987B40B721BEE6E64BB3E641D6A1CE02335556213F1564C9A53,,,,,needs_review,generated_intake,,,Requires statement-level mathematical comparison.
tohoku:definition:equivariant-ext,214,definition,tohoku:section:5.6,214,214,sem/r7/nodes.csv:332,8D632A04EE0FA987B40B721BEE6E64BB3E641D6A1CE02335556213F1564C9A53,ext,cohomology-section-ext;derived-section-ext,06XP;0BQP,,needs_review,generated_intake,,,Requires statement-level mathematical comparison.
tohoku:definition:equivariant-hom-sheaf,214,definition,tohoku:section:5.6,214,214,sem/r7/nodes.csv:333,8D632A04EE0FA987B40B721BEE6E64BB3E641D6A1CE02335556213F1564C9A53,,,,,needs_review,generated_intake,,,Requires statement-level mathematical comparison.
tohoku:definition:equivariant-o-homomorphisms,213;214,definition,tohoku:section:5.6,213,214,sem/r7/nodes.csv:334,8D632A04EE0FA987B40B721BEE6E64BB3E641D6A1CE02335556213F1564C9A53,,,,,needs_review,generated_intake,,,Requires statement-level mathematical comparison.
tohoku:definition:ext-presheaf,187,definition,tohoku:section:4.2,187,187,sem/r7/nodes.csv:335,8D632A04EE0FA987B40B721BEE6E64BB3E641D6A1CE02335556213F1564C9A53,ext,cohomology-section-ext;derived-section-ext,06XP;0BQP,,needs_review,generated_intake,,,Requires statement-level mathematical comparison.
tohoku:definition:finite-type-at-x,185,definition,tohoku:section:4.1,185,185,sem/r7/nodes.csv:336,8D632A04EE0FA987B40B721BEE6E64BB3E641D6A1CE02335556213F1564C9A53,,,,,needs_review,generated_intake,,,Requires statement-level mathematical comparison.
tohoku:definition:fixed-point-free-g-cover,209,definition,tohoku:section:5.5,209,209,sem/r7/nodes.csv:337,8D632A04EE0FA987B40B721BEE6E64BB3E641D6A1CE02335556213F1564C9A53,cech,cohomology-section-cech;cohomology-section-cech-cohomology-cohomology,01ED;01EO,,needs_review,generated_intake,,,Requires statement-level mathematical comparison.
tohoku:definition:four-equivariant-hom-functors,214,definition,tohoku:section:5.6,214,214,sem/r7/nodes.csv:338,8D632A04EE0FA987B40B721BEE6E64BB3E641D6A1CE02335556213F1564C9A53,,,,,needs_review,generated_intake,,,Requires statement-level mathematical comparison.
tohoku:definition:g-cover,208,definition,tohoku:section:5.5,208,208,sem/r7/nodes.csv:339,8D632A04EE0FA987B40B721BEE6E64BB3E641D6A1CE02335556213F1564C9A53,cech,cohomology-section-cech;cohomology-section-cech-cohomology-cohomology,01ED;01EO,,needs_review,generated_intake,,,Requires statement-level mathematical comparison.
tohoku:definition:g-homomorphism,195,definition,tohoku:section:5.1,195,195,sem/r7/nodes.csv:340,8D632A04EE0FA987B40B721BEE6E64BB3E641D6A1CE02335556213F1564C9A53,,,,,needs_review,generated_intake,,,Requires statement-level mathematical comparison.
tohoku:definition:g-invariant-sections-sheaf,194,definition,tohoku:section:4.4,194,194,sem/r7/nodes.csv:341,8D632A04EE0FA987B40B721BEE6E64BB3E641D6A1CE02335556213F1564C9A53,grothendieck-category,injectives-section-grothendieck-categories;injectives-section-grothendieck-conditions,05AB;079A,,needs_review,generated_intake,,,Requires statement-level mathematical comparison.
tohoku:definition:g-o-module,196,definition,tohoku:section:5.1,196,196,sem/r7/nodes.csv:342,8D632A04EE0FA987B40B721BEE6E64BB3E641D6A1CE02335556213F1564C9A53,,,,,needs_review,generated_intake,,,Requires statement-level mathematical comparison.
tohoku:definition:g-sheaf,195,definition,tohoku:section:5.1,195,195,sem/r7/nodes.csv:343,8D632A04EE0FA987B40B721BEE6E64BB3E641D6A1CE02335556213F1564C9A53,,,,,needs_review,generated_intake,,,Requires statement-level mathematical comparison.
tohoku:definition:hom-o-and-local-hom,185,definition,tohoku:section:4.1,185,185,sem/r7/nodes.csv:344,8D632A04EE0FA987B40B721BEE6E64BB3E641D6A1CE02335556213F1564C9A53,abelian,homology-section-abelian-categories,00ZX,,needs_review,generated_intake,,,Requires statement-level mathematical comparison.
tohoku:definition:invariant-direct-image,198,definition,tohoku:section:5.1,198,198,sem/r7/nodes.csv:345,8D632A04EE0FA987B40B721BEE6E64BB3E641D6A1CE02335556213F1564C9A53,,,,,needs_review,generated_intake,,,Requires statement-level mathematical comparison.
tohoku:definition:pseudo-coherent-at-x,185,definition,tohoku:section:4.1,185,185,sem/r7/nodes.csv:346,8D632A04EE0FA987B40B721BEE6E64BB3E641D6A1CE02335556213F1564C9A53,,,,,needs_review,generated_intake,,,Requires statement-level mathematical comparison.
tohoku:definition:quasi-compact,180,definition,tohoku:section:3.9,180,180,sem/r7/nodes.csv:347,5A8E5720BC2EF8905BF85F7919C65AC4A87A31CFC854BD77E6B5084C0D2DEBEF,,,,,needs_review,generated_intake,,,Requires statement-level mathematical comparison.
tohoku:definition:section-invariant-functors,199,definition,tohoku:section:5.2,199,199,sem/r7/nodes.csv:348,8D632A04EE0FA987B40B721BEE6E64BB3E641D6A1CE02335556213F1564C9A53,,,,,needs_review,generated_intake,,,Requires statement-level mathematical comparison.
tohoku:definition:sheaf-ext-o,187,definition,tohoku:section:4.2,187,187,sem/r7/nodes.csv:349,8D632A04EE0FA987B40B721BEE6E64BB3E641D6A1CE02335556213F1564C9A53,derived-functor;ext,cohomology-section-derived-functors;cohomology-section-ext;derived-section-ext;derived-section-right-derived-functor,0156;06XP;0716;0BQP,,needs_review,generated_intake,,,Requires statement-level mathematical comparison.
tohoku:definition:sheaf-group-cohomology,194,definition,tohoku:section:4.4,194,194,sem/r7/nodes.csv:350,8D632A04EE0FA987B40B721BEE6E64BB3E641D6A1CE02335556213F1564C9A53,,,,,needs_review,generated_intake,,,Requires statement-level mathematical comparison.
tohoku:definition:sheaf-hom-o,185,definition,tohoku:section:4.1,185,185,sem/r7/nodes.csv:351,8D632A04EE0FA987B40B721BEE6E64BB3E641D6A1CE02335556213F1564C9A53,,,,,needs_review,generated_intake,,,Requires statement-level mathematical comparison.
tohoku:definition:support-antifilter,219,definition,tohoku:section:5.7,219,219,sem/r7/nodes.csv:352,8D632A04EE0FA987B40B721BEE6E64BB3E641D6A1CE02335556213F1564C9A53,support,cohomology-section-cohomology-support,0A39,,needs_review,generated_intake,,,Requires statement-level mathematical comparison.
tohoku:descent:discontinuous-action-characteristic-zero,219,descent,tohoku:section:5.6,219,219,sem/r7/nodes.csv:353,8D632A04EE0FA987B40B721BEE6E64BB3E641D6A1CE02335556213F1564C9A53,,,,,needs_review,generated_intake,,,Requires statement-level mathematical comparison.
tohoku:diagram:2.5:functor-square,152,diagram,tohoku:section:2.5,152,152,sem/r7/nodes.csv:354,5A8E5720BC2EF8905BF85F7919C65AC4A87A31CFC854BD77E6B5084C0D2DEBEF,,,,,structural_only,inherits_parent,,,Embedded source component; inherit the parent disposition.
tohoku:diagram:3.4.2:H1-square,164,diagram,tohoku:section:3.4,164,164,sem/r7/nodes.csv:355,5A8E5720BC2EF8905BF85F7919C65AC4A87A31CFC854BD77E6B5084C0D2DEBEF,,,,,structural_only,inherits_parent,,,Embedded source component; inherit the parent disposition.
tohoku:diagram:3.4.2:boundary-anticommutative-square,165,diagram,tohoku:section:3.4,165,165,sem/r7/nodes.csv:356,5A8E5720BC2EF8905BF85F7919C65AC4A87A31CFC854BD77E6B5084C0D2DEBEF,,,,,structural_only,inherits_parent,,,Embedded source component; inherit the parent disposition.
tohoku:diagram:3.4.2:exact-sequence-grid,165,diagram,tohoku:section:3.4,165,165,sem/r7/nodes.csv:357,5A8E5720BC2EF8905BF85F7919C65AC4A87A31CFC854BD77E6B5084C0D2DEBEF,,,,,structural_only,inherits_parent,,,Embedded source component; inherit the parent disposition.
tohoku:diagram:3.4.2:flabby-embedding,162,diagram,tohoku:section:3.4,162,162,sem/r7/nodes.csv:358,5A8E5720BC2EF8905BF85F7919C65AC4A87A31CFC854BD77E6B5084C0D2DEBEF,,,,,structural_only,inherits_parent,,,Embedded source component; inherit the parent disposition.
tohoku:diagram:4.1.1:finite-type-stalk-hom,186,diagram,tohoku:section:4.1,186,186,sem/r7/nodes.csv:359,8D632A04EE0FA987B40B721BEE6E64BB3E641D6A1CE02335556213F1564C9A53,,,,,structural_only,inherits_parent,,,Embedded source component; inherit the parent disposition.
tohoku:diagram:4.1.1:pseudo-coherent-stalk-hom,186,diagram,tohoku:section:4.1,186,186,sem/r7/nodes.csv:360,8D632A04EE0FA987B40B721BEE6E64BB3E641D6A1CE02335556213F1564C9A53,,,,,structural_only,inherits_parent,,,Embedded source component; inherit the parent disposition.
tohoku:diagram:5.4.1,205,diagram,tohoku:section:5.4,205,205,sem/r7/nodes.csv:361,8D632A04EE0FA987B40B721BEE6E64BB3E641D6A1CE02335556213F1564C9A53,,,,,structural_only,inherits_parent,,,Embedded source component; inherit the parent disposition.
tohoku:diagram:delta-morphism,140,diagram,tohoku:section:2.1,140,140,sem/r7/nodes.csv:362,5A8E5720BC2EF8905BF85F7919C65AC4A87A31CFC854BD77E6B5084C0D2DEBEF,,,,,structural_only,inherits_parent,,,Embedded source component; inherit the parent disposition.
tohoku:diagram:delta-naturality,139,diagram,tohoku:section:2.1,139,139,sem/r7/nodes.csv:363,5A8E5720BC2EF8905BF85F7919C65AC4A87A31CFC854BD77E6B5084C0D2DEBEF,,,,,structural_only,inherits_parent,,,Embedded source component; inherit the parent disposition.
tohoku:diagram:diagram-morphism-square,130,diagram,tohoku:section:1.6,130,130,sem/r7/nodes.csv:364,5A8E5720BC2EF8905BF85F7919C65AC4A87A31CFC854BD77E6B5084C0D2DEBEF,,,,,structural_only,inherits_parent,,,Embedded source component; inherit the parent disposition.
tohoku:diagram:five-term-comparison-5.2,203,diagram,tohoku:section:5.2,203,203,sem/r7/nodes.csv:365,8D632A04EE0FA987B40B721BEE6E64BB3E641D6A1CE02335556213F1564C9A53,,,,,structural_only,inherits_parent,,,Embedded source component; inherit the parent disposition.
tohoku:diagram:injective-effacement,135,diagram,tohoku:section:1.10,135,135,sem/r7/nodes.csv:366,5A8E5720BC2EF8905BF85F7919C65AC4A87A31CFC854BD77E6B5084C0D2DEBEF,injectives,derived-section-injective-resolutions;homology-section-injectives,0134;013G,,structural_only,inherits_parent,,,Embedded source component; inherit the parent disposition.
tohoku:diagram:prop-2.2.1,141,diagram,tohoku:section:2.2,141,141,sem/r7/nodes.csv:367,5A8E5720BC2EF8905BF85F7919C65AC4A87A31CFC854BD77E6B5084C0D2DEBEF,,,,,structural_only,inherits_parent,,,Embedded source component; inherit the parent disposition.
tohoku:eq:2.4.1,146,equation,tohoku:section:2.4,146,146,sem/r7/nodes.csv:368,5A8E5720BC2EF8905BF85F7919C65AC4A87A31CFC854BD77E6B5084C0D2DEBEF,spectral-sequence,homology-section-spectral-sequence,011M,,structural_only,inherits_parent,,,Embedded source component; inherit the parent disposition.
tohoku:eq:2.4.2,146,equation,tohoku:section:2.4,146,146,sem/r7/nodes.csv:369,5A8E5720BC2EF8905BF85F7919C65AC4A87A31CFC854BD77E6B5084C0D2DEBEF,spectral-sequence,homology-section-spectral-sequence,011M,,structural_only,inherits_parent,,,Embedded source component; inherit the parent disposition.
tohoku:eq:2.4.3,148,equation,tohoku:section:2.4,148,148,sem/r7/nodes.csv:370,5A8E5720BC2EF8905BF85F7919C65AC4A87A31CFC854BD77E6B5084C0D2DEBEF,,,,,structural_only,inherits_parent,,,Embedded source component; inherit the parent disposition.
tohoku:eq:2.5.1,149,equation,tohoku:section:2.5,149,149,sem/r7/nodes.csv:371,5A8E5720BC2EF8905BF85F7919C65AC4A87A31CFC854BD77E6B5084C0D2DEBEF,,,,,structural_only,inherits_parent,,,Embedded source component; inherit the parent disposition.
tohoku:eq:2.5.2,149,equation,tohoku:section:2.5,149,149,sem/r7/nodes.csv:372,5A8E5720BC2EF8905BF85F7919C65AC4A87A31CFC854BD77E6B5084C0D2DEBEF,,,,,structural_only,inherits_parent,,,Embedded source component; inherit the parent disposition.
tohoku:eq:2.5.3,150,equation,tohoku:section:2.5,150,150,sem/r7/nodes.csv:373,5A8E5720BC2EF8905BF85F7919C65AC4A87A31CFC854BD77E6B5084C0D2DEBEF,,,,,structural_only,inherits_parent,,,Embedded source component; inherit the parent disposition.
tohoku:eq:2.5.4,151,equation,tohoku:section:2.5,151,151,sem/r7/nodes.csv:374,5A8E5720BC2EF8905BF85F7919C65AC4A87A31CFC854BD77E6B5084C0D2DEBEF,,,,,structural_only,inherits_parent,,,Embedded source component; inherit the parent disposition.
tohoku:eq:2.5.5,151,equation,tohoku:section:2.5,151,151,sem/r7/nodes.csv:375,5A8E5720BC2EF8905BF85F7919C65AC4A87A31CFC854BD77E6B5084C0D2DEBEF,ext,cohomology-section-ext;derived-section-ext,06XP;0BQP,,structural_only,inherits_parent,,,Embedded source component; inherit the parent disposition.
tohoku:eq:2.5.6,152,equation,tohoku:section:2.5,152,152,sem/r7/nodes.csv:376,5A8E5720BC2EF8905BF85F7919C65AC4A87A31CFC854BD77E6B5084C0D2DEBEF,spectral-sequence,homology-section-spectral-sequence,011M,,structural_only,inherits_parent,,,Embedded source component; inherit the parent disposition.
tohoku:eq:3.10.1,181,equation,tohoku:section:3.10,181,181,sem/r7/nodes.csv:377,5A8E5720BC2EF8905BF85F7919C65AC4A87A31CFC854BD77E6B5084C0D2DEBEF,limits,categories-section-directed-colimits;categories-section-limits;cohomology-section-limits,002D;01FE;04AX,,structural_only,inherits_parent,,,Embedded source component; inherit the parent disposition.
tohoku:eq:3.10.2,182,equation,tohoku:section:3.10,182,182,sem/r7/nodes.csv:378,5A8E5720BC2EF8905BF85F7919C65AC4A87A31CFC854BD77E6B5084C0D2DEBEF,,,,,structural_only,inherits_parent,,,Embedded source component; inherit the parent disposition.
tohoku:eq:3.4.2:P-extension,162,equation,tohoku:section:3.4,162,162,sem/r7/nodes.csv:379,5A8E5720BC2EF8905BF85F7919C65AC4A87A31CFC854BD77E6B5084C0D2DEBEF,ext,cohomology-section-ext;derived-section-ext,06XP;0BQP,,structural_only,inherits_parent,,,Embedded source component; inherit the parent disposition.
tohoku:eq:3.4.2:boundary-as-minus-dQ,164,equation,tohoku:section:3.4,164,164,sem/r7/nodes.csv:380,5A8E5720BC2EF8905BF85F7919C65AC4A87A31CFC854BD77E6B5084C0D2DEBEF,,,,,structural_only,inherits_parent,,,Embedded source component; inherit the parent disposition.
tohoku:eq:3.4.2:crossed-extension,163,equation,tohoku:section:3.4,163,163,sem/r7/nodes.csv:381,5A8E5720BC2EF8905BF85F7919C65AC4A87A31CFC854BD77E6B5084C0D2DEBEF,ext,cohomology-section-ext;derived-section-ext,06XP;0BQP,,structural_only,inherits_parent,,,Embedded source component; inherit the parent disposition.
tohoku:eq:3.4.2:dQ-minus-boundary-cE,165,equation,tohoku:section:3.4,165,165,sem/r7/nodes.csv:382,5A8E5720BC2EF8905BF85F7919C65AC4A87A31CFC854BD77E6B5084C0D2DEBEF,,,,,structural_only,inherits_parent,,,Embedded source component; inherit the parent disposition.
tohoku:eq:3.4.2:obstruction-cohomology,164,equation,tohoku:section:3.4,164,164,sem/r7/nodes.csv:383,5A8E5720BC2EF8905BF85F7919C65AC4A87A31CFC854BD77E6B5084C0D2DEBEF,,,,,structural_only,inherits_parent,,,Embedded source component; inherit the parent disposition.
tohoku:eq:3.4.2:quotients,162,equation,tohoku:section:3.4,162,162,sem/r7/nodes.csv:384,5A8E5720BC2EF8905BF85F7919C65AC4A87A31CFC854BD77E6B5084C0D2DEBEF,,,,,structural_only,inherits_parent,,,Embedded source component; inherit the parent disposition.
tohoku:eq:3.4.2:twisted-flabby-sequence,164,equation,tohoku:section:3.4,164,164,sem/r7/nodes.csv:385,5A8E5720BC2EF8905BF85F7919C65AC4A87A31CFC854BD77E6B5084C0D2DEBEF,,,,,structural_only,inherits_parent,,,Embedded source component; inherit the parent disposition.
tohoku:eq:3.8.1-E2,175,equation,tohoku:section:3.8,175,175,sem/r7/nodes.csv:386,5A8E5720BC2EF8905BF85F7919C65AC4A87A31CFC854BD77E6B5084C0D2DEBEF,,,,,structural_only,inherits_parent,,,Embedded source component; inherit the parent disposition.
tohoku:eq:4.1.1,185,equation,tohoku:section:4.1,185,185,sem/r7/nodes.csv:387,8D632A04EE0FA987B40B721BEE6E64BB3E641D6A1CE02335556213F1564C9A53,,,,,structural_only,inherits_parent,,,Embedded source component; inherit the parent disposition.
tohoku:eq:4.1.2,185,equation,tohoku:section:4.1,185,185,sem/r7/nodes.csv:388,8D632A04EE0FA987B40B721BEE6E64BB3E641D6A1CE02335556213F1564C9A53,,,,,structural_only,inherits_parent,,,Embedded source component; inherit the parent disposition.
tohoku:eq:4.1.3,185,equation,tohoku:section:4.1,185,185,sem/r7/nodes.csv:389,8D632A04EE0FA987B40B721BEE6E64BB3E641D6A1CE02335556213F1564C9A53,,,,,structural_only,inherits_parent,,,Embedded source component; inherit the parent disposition.
tohoku:eq:4.1.4,186,equation,tohoku:section:4.1,186,186,sem/r7/nodes.csv:390,8D632A04EE0FA987B40B721BEE6E64BB3E641D6A1CE02335556213F1564C9A53,,,,,structural_only,inherits_parent,,,Embedded source component; inherit the parent disposition.
tohoku:eq:4.2.1,187,equation,tohoku:section:4.2,187,187,sem/r7/nodes.csv:391,8D632A04EE0FA987B40B721BEE6E64BB3E641D6A1CE02335556213F1564C9A53,ext,cohomology-section-ext;derived-section-ext,06XP;0BQP,,structural_only,inherits_parent,,,Embedded source component; inherit the parent disposition.
tohoku:eq:4.2.10,190,equation,tohoku:section:4.2,190,190,sem/r7/nodes.csv:392,8D632A04EE0FA987B40B721BEE6E64BB3E641D6A1CE02335556213F1564C9A53,ext,cohomology-section-ext;derived-section-ext,06XP;0BQP,,structural_only,inherits_parent,,,Embedded source component; inherit the parent disposition.
tohoku:eq:4.2.10-bis,190,equation,tohoku:section:4.2,190,190,sem/r7/nodes.csv:393,8D632A04EE0FA987B40B721BEE6E64BB3E641D6A1CE02335556213F1564C9A53,ext,cohomology-section-ext;derived-section-ext,06XP;0BQP,,structural_only,inherits_parent,,,Embedded source component; inherit the parent disposition.
tohoku:eq:4.2.11,190,equation,tohoku:section:4.2,190,190,sem/r7/nodes.csv:394,8D632A04EE0FA987B40B721BEE6E64BB3E641D6A1CE02335556213F1564C9A53,,,,,structural_only,inherits_parent,,,Embedded source component; inherit the parent disposition.
tohoku:eq:4.2.12,190,equation,tohoku:section:4.2,190,190,sem/r7/nodes.csv:395,8D632A04EE0FA987B40B721BEE6E64BB3E641D6A1CE02335556213F1564C9A53,,,,,structural_only,inherits_parent,,,Embedded source component; inherit the parent disposition.
tohoku:eq:4.2.2,187,equation,tohoku:section:4.2,187,187,sem/r7/nodes.csv:396,8D632A04EE0FA987B40B721BEE6E64BB3E641D6A1CE02335556213F1564C9A53,ext,cohomology-section-ext;derived-section-ext,06XP;0BQP,,structural_only,inherits_parent,,,Embedded source component; inherit the parent disposition.
tohoku:eq:4.2.3,187,equation,tohoku:section:4.2,187,187,sem/r7/nodes.csv:397,8D632A04EE0FA987B40B721BEE6E64BB3E641D6A1CE02335556213F1564C9A53,ext,cohomology-section-ext;derived-section-ext,06XP;0BQP,,structural_only,inherits_parent,,,Embedded source component; inherit the parent disposition.
tohoku:eq:4.2.4,188,equation,tohoku:section:4.2,188,188,sem/r7/nodes.csv:398,8D632A04EE0FA987B40B721BEE6E64BB3E641D6A1CE02335556213F1564C9A53,,,,,structural_only,inherits_parent,,,Embedded source component; inherit the parent disposition.
tohoku:eq:4.2.5,188,equation,tohoku:section:4.2,188,188,sem/r7/nodes.csv:399,8D632A04EE0FA987B40B721BEE6E64BB3E641D6A1CE02335556213F1564C9A53,ext,cohomology-section-ext;derived-section-ext,06XP;0BQP,,structural_only,inherits_parent,,,Embedded source component; inherit the parent disposition.
tohoku:eq:4.2.6,188,equation,tohoku:section:4.2,188,188,sem/r7/nodes.csv:400,8D632A04EE0FA987B40B721BEE6E64BB3E641D6A1CE02335556213F1564C9A53,ext,cohomology-section-ext;derived-section-ext,06XP;0BQP,,structural_only,inherits_parent,,,Embedded source component; inherit the parent disposition.
tohoku:eq:4.2.7,188,equation,tohoku:section:4.2,188,188,sem/r7/nodes.csv:401,8D632A04EE0FA987B40B721BEE6E64BB3E641D6A1CE02335556213F1564C9A53,ext,cohomology-section-ext;derived-section-ext,06XP;0BQP,,structural_only,inherits_parent,,,Embedded source component; inherit the parent disposition.
tohoku:eq:4.2.8,188;189,equation,tohoku:section:4.2,188,189,sem/r7/nodes.csv:402,8D632A04EE0FA987B40B721BEE6E64BB3E641D6A1CE02335556213F1564C9A53,ext,cohomology-section-ext;derived-section-ext,06XP;0BQP,,structural_only,inherits_parent,,,Embedded source component; inherit the parent disposition.
tohoku:eq:4.2.9,189,equation,tohoku:section:4.2,189,189,sem/r7/nodes.csv:403,8D632A04EE0FA987B40B721BEE6E64BB3E641D6A1CE02335556213F1564C9A53,ext,cohomology-section-ext;derived-section-ext,06XP;0BQP,,structural_only,inherits_parent,,,Embedded source component; inherit the parent disposition.
tohoku:eq:4.3.1,191,equation,tohoku:section:4.3,191,191,sem/r7/nodes.csv:404,8D632A04EE0FA987B40B721BEE6E64BB3E641D6A1CE02335556213F1564C9A53,,,,,structural_only,inherits_parent,,,Embedded source component; inherit the parent disposition.
tohoku:eq:4.3.2,191,equation,tohoku:section:4.3,191,191,sem/r7/nodes.csv:405,8D632A04EE0FA987B40B721BEE6E64BB3E641D6A1CE02335556213F1564C9A53,,,,,structural_only,inherits_parent,,,Embedded source component; inherit the parent disposition.
tohoku:eq:4.3.3,191,equation,tohoku:section:4.3,191,191,sem/r7/nodes.csv:406,8D632A04EE0FA987B40B721BEE6E64BB3E641D6A1CE02335556213F1564C9A53,ext,cohomology-section-ext;derived-section-ext,06XP;0BQP,,structural_only,inherits_parent,,,Embedded source component; inherit the parent disposition.
tohoku:eq:4.3.4,192,equation,tohoku:section:4.3,192,192,sem/r7/nodes.csv:407,8D632A04EE0FA987B40B721BEE6E64BB3E641D6A1CE02335556213F1564C9A53,ext,cohomology-section-ext;derived-section-ext,06XP;0BQP,,structural_only,inherits_parent,,,Embedded source component; inherit the parent disposition.
tohoku:eq:4.3.5,192,equation,tohoku:section:4.3,192,192,sem/r7/nodes.csv:408,8D632A04EE0FA987B40B721BEE6E64BB3E641D6A1CE02335556213F1564C9A53,,,,,structural_only,inherits_parent,,,Embedded source component; inherit the parent disposition.
tohoku:eq:4.3.6,192,equation,tohoku:section:4.3,192,192,sem/r7/nodes.csv:409,8D632A04EE0FA987B40B721BEE6E64BB3E641D6A1CE02335556213F1564C9A53,ext,cohomology-section-ext;derived-section-ext,06XP;0BQP,,structural_only,inherits_parent,,,Embedded source component; inherit the parent disposition.
tohoku:eq:4.4.1,194,equation,tohoku:section:4.4,194,194,sem/r7/nodes.csv:410,8D632A04EE0FA987B40B721BEE6E64BB3E641D6A1CE02335556213F1564C9A53,,,,,structural_only,inherits_parent,,,Embedded source component; inherit the parent disposition.
tohoku:eq:4.4.2,194,equation,tohoku:section:4.4,194,194,sem/r7/nodes.csv:411,8D632A04EE0FA987B40B721BEE6E64BB3E641D6A1CE02335556213F1564C9A53,,,,,structural_only,inherits_parent,,,Embedded source component; inherit the parent disposition.
tohoku:eq:4.4.3,194,equation,tohoku:section:4.4,194,194,sem/r7/nodes.csv:412,8D632A04EE0FA987B40B721BEE6E64BB3E641D6A1CE02335556213F1564C9A53,ext,cohomology-section-ext;derived-section-ext,06XP;0BQP,,structural_only,inherits_parent,,,Embedded source component; inherit the parent disposition.
tohoku:eq:R-filtration-reduction,168,equation,tohoku:section:3.6,168,168,sem/r7/nodes.csv:413,5A8E5720BC2EF8905BF85F7919C65AC4A87A31CFC854BD77E6B5084C0D2DEBEF,,,,,structural_only,inherits_parent,,,Embedded source component; inherit the parent disposition.
tohoku:eq:R-quotient-ZYm,168,equation,tohoku:section:3.6,168,168,sem/r7/nodes.csv:414,5A8E5720BC2EF8905BF85F7919C65AC4A87A31CFC854BD77E6B5084C0D2DEBEF,,,,,structural_only,inherits_parent,,,Embedded source component; inherit the parent disposition.
tohoku:eq:T-acyclic-computation,169,equation,tohoku:section:3.6,169,169,sem/r7/nodes.csv:415,5A8E5720BC2EF8905BF85F7919C65AC4A87A31CFC854BD77E6B5084C0D2DEBEF,derived-functor,cohomology-section-derived-functors;derived-section-right-derived-functor,0156;0716,,structural_only,inherits_parent,,,Embedded source component; inherit the parent disposition.
tohoku:eq:T-colimit-complex,169,equation,tohoku:section:3.6,169,169,sem/r7/nodes.csv:416,5A8E5720BC2EF8905BF85F7919C65AC4A87A31CFC854BD77E6B5084C0D2DEBEF,limits,categories-section-directed-colimits;categories-section-limits;cohomology-section-limits,002D;01FE;04AX,,structural_only,inherits_parent,,,Embedded source component; inherit the parent disposition.
tohoku:eq:adapted-support-functor-factorization,172,equation,tohoku:section:3.7,172,172,sem/r7/nodes.csv:417,5A8E5720BC2EF8905BF85F7919C65AC4A87A31CFC854BD77E6B5084C0D2DEBEF,derived-functor;injectives;support,cohomology-section-cohomology-support;cohomology-section-derived-functors;derived-section-injective-resolutions;derived-section-right-derived-functor;homology-section-injectives,0134;013G;0156;0716;0A39,,structural_only,inherits_parent,,,Embedded source component; inherit the parent disposition.
tohoku:eq:adapted-support-sections,172,equation,tohoku:section:3.7,172,172,sem/r7/nodes.csv:418,5A8E5720BC2EF8905BF85F7919C65AC4A87A31CFC854BD77E6B5084C0D2DEBEF,support,cohomology-section-cohomology-support,0A39,,structural_only,inherits_parent,,,Embedded source component; inherit the parent disposition.
tohoku:eq:adjoint-logarithmic-derivative,165,equation,tohoku:section:3.4,165,165,sem/r7/nodes.csv:419,5A8E5720BC2EF8905BF85F7919C65AC4A87A31CFC854BD77E6B5084C0D2DEBEF,,,,,structural_only,inherits_parent,,,Embedded source component; inherit the parent disposition.
tohoku:eq:affine-cech-derived-comparison,177,equation,tohoku:section:3.8,177,177,sem/r7/nodes.csv:420,5A8E5720BC2EF8905BF85F7919C65AC4A87A31CFC854BD77E6B5084C0D2DEBEF,cech,cohomology-section-cech;cohomology-section-cech-cohomology-cohomology,01ED;01EO,,structural_only,inherits_parent,,,Embedded source component; inherit the parent disposition.
tohoku:eq:associated-quotient-monomorphism,164,equation,tohoku:section:3.4,164,164,sem/r7/nodes.csv:421,5A8E5720BC2EF8905BF85F7919C65AC4A87A31CFC854BD77E6B5084C0D2DEBEF,,,,,structural_only,inherits_parent,,,Embedded source component; inherit the parent disposition.
tohoku:eq:canonical-support-comparison,166,equation,tohoku:section:3.5,166,166,sem/r7/nodes.csv:422,5A8E5720BC2EF8905BF85F7919C65AC4A87A31CFC854BD77E6B5084C0D2DEBEF,support,cohomology-section-cohomology-support,0A39,,structural_only,inherits_parent,,,Embedded source component; inherit the parent disposition.
tohoku:eq:canonical-support-comparison-FZ,167,equation,tohoku:section:3.5,167,167,sem/r7/nodes.csv:423,5A8E5720BC2EF8905BF85F7919C65AC4A87A31CFC854BD77E6B5084C0D2DEBEF,support,cohomology-section-cohomology-support,0A39,,structural_only,inherits_parent,,,Embedded source component; inherit the parent disposition.
tohoku:eq:cartan-leray-E2,175,equation,tohoku:section:3.8,175,175,sem/r7/nodes.csv:424,5A8E5720BC2EF8905BF85F7919C65AC4A87A31CFC854BD77E6B5084C0D2DEBEF,derived-functor;spectral-sequence,cohomology-section-derived-functors;derived-section-right-derived-functor;homology-section-spectral-sequence,011M;0156;0716,,structural_only,inherits_parent,,,Embedded source component; inherit the parent disposition.
tohoku:eq:cartan-leray-abstract-E2,175,equation,tohoku:section:3.8,175,175,sem/r7/nodes.csv:425,5A8E5720BC2EF8905BF85F7919C65AC4A87A31CFC854BD77E6B5084C0D2DEBEF,,,,,structural_only,inherits_parent,,,Embedded source component; inherit the parent disposition.
tohoku:eq:cech-H2-comparison-exact-sequence,177,equation,tohoku:section:3.8,177,177,sem/r7/nodes.csv:426,5A8E5720BC2EF8905BF85F7919C65AC4A87A31CFC854BD77E6B5084C0D2DEBEF,cech,cohomology-section-cech;cohomology-section-cech-cohomology-cohomology,01ED;01EO,,structural_only,inherits_parent,,,Embedded source component; inherit the parent disposition.
tohoku:eq:cech-cochain-complex-total,174,equation,tohoku:section:3.8,174,174,sem/r7/nodes.csv:427,5A8E5720BC2EF8905BF85F7919C65AC4A87A31CFC854BD77E6B5084C0D2DEBEF,cech,cohomology-section-cech;cohomology-section-cech-cohomology-cohomology,01ED;01EO,,structural_only,inherits_parent,,,Embedded source component; inherit the parent disposition.
tohoku:eq:cech-cohomology-direct-limit,174,equation,tohoku:section:3.8,174,174,sem/r7/nodes.csv:428,5A8E5720BC2EF8905BF85F7919C65AC4A87A31CFC854BD77E6B5084C0D2DEBEF,cech;limits,categories-section-directed-colimits;categories-section-limits;cohomology-section-cech;cohomology-section-cech-cohomology-cohomology;cohomology-section-limits,002D;01ED;01EO;01FE;04AX,,structural_only,inherits_parent,,,Embedded source component; inherit the parent disposition.
tohoku:eq:central-extension,161,equation,tohoku:section:3.4,161,161,sem/r7/nodes.csv:429,5A8E5720BC2EF8905BF85F7919C65AC4A87A31CFC854BD77E6B5084C0D2DEBEF,ext,cohomology-section-ext;derived-section-ext,06XP;0BQP,,structural_only,inherits_parent,,,Embedded source component; inherit the parent disposition.
tohoku:eq:closed-complement-constant-sheaf,178,equation,tohoku:section:3.8,178,178,sem/r7/nodes.csv:430,5A8E5720BC2EF8905BF85F7919C65AC4A87A31CFC854BD77E6B5084C0D2DEBEF,,,,,structural_only,inherits_parent,,,Embedded source component; inherit the parent disposition.
tohoku:eq:closed-open-support-long-exact-sequence,167,equation,tohoku:section:3.5,167,167,sem/r7/nodes.csv:431,5A8E5720BC2EF8905BF85F7919C65AC4A87A31CFC854BD77E6B5084C0D2DEBEF,support,cohomology-section-cohomology-support,0A39,,structural_only,inherits_parent,,,Embedded source component; inherit the parent disposition.
tohoku:eq:closed-subspace-exact-sequence,166,equation,tohoku:section:3.5,166,166,sem/r7/nodes.csv:432,5A8E5720BC2EF8905BF85F7919C65AC4A87A31CFC854BD77E6B5084C0D2DEBEF,support,cohomology-section-cohomology-support,0A39,,structural_only,inherits_parent,,,Embedded source component; inherit the parent disposition.
tohoku:eq:cohomology-colimit-comparison,169,equation,tohoku:section:3.6,169,169,sem/r7/nodes.csv:433,5A8E5720BC2EF8905BF85F7919C65AC4A87A31CFC854BD77E6B5084C0D2DEBEF,limits,categories-section-directed-colimits;categories-section-limits;cohomology-section-limits,002D;01FE;04AX,,structural_only,inherits_parent,,,Embedded source component; inherit the parent disposition.
tohoku:eq:cohomology-component-sequence,171,equation,tohoku:section:3.6,171,171,sem/r7/nodes.csv:434,5A8E5720BC2EF8905BF85F7919C65AC4A87A31CFC854BD77E6B5084C0D2DEBEF,,,,,structural_only,inherits_parent,,,Embedded source component; inherit the parent disposition.
tohoku:eq:colimit-resolution,169,equation,tohoku:section:3.6,169,169,sem/r7/nodes.csv:435,5A8E5720BC2EF8905BF85F7919C65AC4A87A31CFC854BD77E6B5084C0D2DEBEF,limits,categories-section-directed-colimits;categories-section-limits;cohomology-section-limits,002D;01FE;04AX,,structural_only,inherits_parent,,,Embedded source component; inherit the parent disposition.
tohoku:eq:component-cohomology-identification,171,equation,tohoku:section:3.6,171,171,sem/r7/nodes.csv:436,5A8E5720BC2EF8905BF85F7919C65AC4A87A31CFC854BD77E6B5084C0D2DEBEF,,,,,structural_only,inherits_parent,,,Embedded source component; inherit the parent disposition.
tohoku:eq:component-injective-complex,169,equation,tohoku:section:3.6,169,169,sem/r7/nodes.csv:437,5A8E5720BC2EF8905BF85F7919C65AC4A87A31CFC854BD77E6B5084C0D2DEBEF,injectives,derived-section-injective-resolutions;homology-section-injectives,0134;013G,,structural_only,inherits_parent,,,Embedded source component; inherit the parent disposition.
tohoku:eq:corollary-3.10.1-1:support-limit,182,equation,tohoku:section:3.10,182,182,sem/r7/nodes.csv:438,5A8E5720BC2EF8905BF85F7919C65AC4A87A31CFC854BD77E6B5084C0D2DEBEF,limits;support,categories-section-directed-colimits;categories-section-limits;cohomology-section-cohomology-support;cohomology-section-limits,002D;01FE;04AX;0A39,,structural_only,inherits_parent,,,Embedded source component; inherit the parent disposition.
tohoku:eq:corollary-3.10.1-2:neighborhood-limit,182,equation,tohoku:section:3.10,182,182,sem/r7/nodes.csv:439,5A8E5720BC2EF8905BF85F7919C65AC4A87A31CFC854BD77E6B5084C0D2DEBEF,limits,categories-section-directed-colimits;categories-section-limits;cohomology-section-limits,002D;01FE;04AX,,structural_only,inherits_parent,,,Embedded source component; inherit the parent disposition.
tohoku:eq:corollary-4-cech-limit-vanishing,177,equation,tohoku:section:3.8,177,177,sem/r7/nodes.csv:440,5A8E5720BC2EF8905BF85F7919C65AC4A87A31CFC854BD77E6B5084C0D2DEBEF,cech;limits,categories-section-directed-colimits;categories-section-limits;cohomology-section-cech;cohomology-section-cech-cohomology-cohomology;cohomology-section-limits,002D;01ED;01EO;01FE;04AX,,structural_only,inherits_parent,,,Embedded source component; inherit the parent disposition.
tohoku:eq:corollary-4-cover-cohomology-vanishing,177,equation,tohoku:section:3.8,177,177,sem/r7/nodes.csv:441,5A8E5720BC2EF8905BF85F7919C65AC4A87A31CFC854BD77E6B5084C0D2DEBEF,,,,,structural_only,inherits_parent,,,Embedded source component; inherit the parent disposition.
tohoku:eq:corollary-4-cover-complex-vanishing,177,equation,tohoku:section:3.8,177,177,sem/r7/nodes.csv:442,5A8E5720BC2EF8905BF85F7919C65AC4A87A31CFC854BD77E6B5084C0D2DEBEF,,,,,structural_only,inherits_parent,,,Embedded source component; inherit the parent disposition.
tohoku:eq:corollary-4-induction-conclusion,177,equation,tohoku:section:3.8,177,177,sem/r7/nodes.csv:443,5A8E5720BC2EF8905BF85F7919C65AC4A87A31CFC854BD77E6B5084C0D2DEBEF,,,,,structural_only,inherits_parent,,,Embedded source component; inherit the parent disposition.
tohoku:eq:counterexample-H2-is-Z,178,equation,tohoku:section:3.8,178,178,sem/r7/nodes.csv:444,5A8E5720BC2EF8905BF85F7919C65AC4A87A31CFC854BD77E6B5084C0D2DEBEF,,,,,structural_only,inherits_parent,,,Embedded source component; inherit the parent disposition.
tohoku:eq:cover-cochains-product,175,equation,tohoku:section:3.8,175,175,sem/r7/nodes.csv:445,5A8E5720BC2EF8905BF85F7919C65AC4A87A31CFC854BD77E6B5084C0D2DEBEF,cech;ext,cohomology-section-cech;cohomology-section-cech-cohomology-cohomology;cohomology-section-ext;derived-section-ext,01ED;01EO;06XP;0BQP,,structural_only,inherits_parent,,,Embedded source component; inherit the parent disposition.
tohoku:eq:cover-star-inclusions,180,equation,tohoku:section:3.9,180,180,sem/r7/nodes.csv:446,5A8E5720BC2EF8905BF85F7919C65AC4A87A31CFC854BD77E6B5084C0D2DEBEF,,,,,structural_only,inherits_parent,,,Embedded source component; inherit the parent disposition.
tohoku:eq:derived-colimit-comparison,169,equation,tohoku:section:3.6,169,169,sem/r7/nodes.csv:447,5A8E5720BC2EF8905BF85F7919C65AC4A87A31CFC854BD77E6B5084C0D2DEBEF,limits,categories-section-directed-colimits;categories-section-limits;cohomology-section-limits,002D;01FE;04AX,,structural_only,inherits_parent,,,Embedded source component; inherit the parent disposition.
tohoku:eq:derived-colimit-isomorphism,170,equation,tohoku:section:3.6,170,170,sem/r7/nodes.csv:448,5A8E5720BC2EF8905BF85F7919C65AC4A87A31CFC854BD77E6B5084C0D2DEBEF,limits,categories-section-directed-colimits;categories-section-limits;cohomology-section-limits,002D;01FE;04AX,,structural_only,inherits_parent,,,Embedded source component; inherit the parent disposition.
tohoku:eq:derived-cover-cochains-presheaf,175,equation,tohoku:section:3.8,175,175,sem/r7/nodes.csv:449,5A8E5720BC2EF8905BF85F7919C65AC4A87A31CFC854BD77E6B5084C0D2DEBEF,,,,,structural_only,inherits_parent,,,Embedded source component; inherit the parent disposition.
tohoku:eq:derived-cover-cochains-product,175,equation,tohoku:section:3.8,175,175,sem/r7/nodes.csv:450,5A8E5720BC2EF8905BF85F7919C65AC4A87A31CFC854BD77E6B5084C0D2DEBEF,,,,,structural_only,inherits_parent,,,Embedded source component; inherit the parent disposition.
tohoku:eq:derived-direct-image-presheaf,173,equation,tohoku:section:3.7,173,173,sem/r7/nodes.csv:451,5A8E5720BC2EF8905BF85F7919C65AC4A87A31CFC854BD77E6B5084C0D2DEBEF,derived-functor,cohomology-section-derived-functors;derived-section-right-derived-functor,0156;0716,,structural_only,inherits_parent,,,Embedded source component; inherit the parent disposition.
tohoku:eq:diagram-injective-resolution,169,equation,tohoku:section:3.6,169,169,sem/r7/nodes.csv:452,5A8E5720BC2EF8905BF85F7919C65AC4A87A31CFC854BD77E6B5084C0D2DEBEF,injectives,derived-section-injective-resolutions;homology-section-injectives,0134;013G,,structural_only,inherits_parent,,,Embedded source component; inherit the parent disposition.
tohoku:eq:direct-image-sections,171,equation,tohoku:section:3.7,171,171,sem/r7/nodes.csv:453,5A8E5720BC2EF8905BF85F7919C65AC4A87A31CFC854BD77E6B5084C0D2DEBEF,,,,,structural_only,inherits_parent,,,Embedded source component; inherit the parent disposition.
tohoku:eq:direct-image-support,172,equation,tohoku:section:3.7,172,172,sem/r7/nodes.csv:454,5A8E5720BC2EF8905BF85F7919C65AC4A87A31CFC854BD77E6B5084C0D2DEBEF,support,cohomology-section-cohomology-support,0A39,,structural_only,inherits_parent,,,Embedded source component; inherit the parent disposition.
tohoku:eq:divisor-class-cohomology,161,equation,tohoku:section:3.4,161,161,sem/r7/nodes.csv:455,5A8E5720BC2EF8905BF85F7919C65AC4A87A31CFC854BD77E6B5084C0D2DEBEF,cech;ext,cohomology-section-cech;cohomology-section-cech-cohomology-cohomology;cohomology-section-ext;derived-section-ext,01ED;01EO;06XP;0BQP,,structural_only,inherits_parent,,,Embedded source component; inherit the parent disposition.
tohoku:eq:divisor-resolution,161,equation,tohoku:section:3.4,161,161,sem/r7/nodes.csv:456,5A8E5720BC2EF8905BF85F7919C65AC4A87A31CFC854BD77E6B5084C0D2DEBEF,,,,,structural_only,inherits_parent,,,Embedded source component; inherit the parent disposition.
tohoku:eq:extension-by-zero-transitivity,166,equation,tohoku:section:3.5,166,166,sem/r7/nodes.csv:457,5A8E5720BC2EF8905BF85F7919C65AC4A87A31CFC854BD77E6B5084C0D2DEBEF,ext,cohomology-section-ext;derived-section-ext,06XP;0BQP,,structural_only,inherits_parent,,,Embedded source component; inherit the parent disposition.
tohoku:eq:finite-generator-quotient-reduction,168,equation,tohoku:section:3.6,168,168,sem/r7/nodes.csv:458,5A8E5720BC2EF8905BF85F7919C65AC4A87A31CFC854BD77E6B5084C0D2DEBEF,grothendieck-category,injectives-section-grothendieck-categories;injectives-section-grothendieck-conditions,05AB;079A,,structural_only,inherits_parent,,,Embedded source component; inherit the parent disposition.
tohoku:eq:generator-epimorphism,167,equation,tohoku:section:3.6,167,167,sem/r7/nodes.csv:459,5A8E5720BC2EF8905BF85F7919C65AC4A87A31CFC854BD77E6B5084C0D2DEBEF,grothendieck-category,injectives-section-grothendieck-categories;injectives-section-grothendieck-conditions,05AB;079A,,structural_only,inherits_parent,,,Embedded source component; inherit the parent disposition.
tohoku:eq:global-cech-E201,176,equation,tohoku:section:3.8,176,176,sem/r7/nodes.csv:460,5A8E5720BC2EF8905BF85F7919C65AC4A87A31CFC854BD77E6B5084C0D2DEBEF,cech,cohomology-section-cech;cohomology-section-cech-cohomology-cohomology,01ED;01EO,,structural_only,inherits_parent,,,Embedded source component; inherit the parent disposition.
tohoku:eq:global-cech-spectral-E2,176,equation,tohoku:section:3.8,176,176,sem/r7/nodes.csv:461,5A8E5720BC2EF8905BF85F7919C65AC4A87A31CFC854BD77E6B5084C0D2DEBEF,cech,cohomology-section-cech;cohomology-section-cech-cohomology-cohomology,01ED;01EO,,structural_only,inherits_parent,,,Embedded source component; inherit the parent disposition.
tohoku:eq:global-cech-spectral-E20q,176,equation,tohoku:section:3.8,176,176,sem/r7/nodes.csv:462,5A8E5720BC2EF8905BF85F7919C65AC4A87A31CFC854BD77E6B5084C0D2DEBEF,cech,cohomology-section-cech;cohomology-section-cech-cohomology-cohomology,01ED;01EO,,structural_only,inherits_parent,,,Embedded source component; inherit the parent disposition.
tohoku:eq:irreducible-components-resolution,171,equation,tohoku:section:3.6,171,171,sem/r7/nodes.csv:463,5A8E5720BC2EF8905BF85F7919C65AC4A87A31CFC854BD77E6B5084C0D2DEBEF,support,cohomology-section-cohomology-support,0A39,,structural_only,inherits_parent,,,Embedded source component; inherit the parent disposition.
tohoku:eq:local-H1-reduced-H0,178,equation,tohoku:section:3.8,178,178,sem/r7/nodes.csv:464,5A8E5720BC2EF8905BF85F7919C65AC4A87A31CFC854BD77E6B5084C0D2DEBEF,,,,,structural_only,inherits_parent,,,Embedded source component; inherit the parent disposition.
tohoku:eq:open-complement-sequence,171,equation,tohoku:section:3.6,171,171,sem/r7/nodes.csv:465,5A8E5720BC2EF8905BF85F7919C65AC4A87A31CFC854BD77E6B5084C0D2DEBEF,,,,,structural_only,inherits_parent,,,Embedded source component; inherit the parent disposition.
tohoku:eq:open-sections-derived,175,equation,tohoku:section:3.8,175,175,sem/r7/nodes.csv:466,5A8E5720BC2EF8905BF85F7919C65AC4A87A31CFC854BD77E6B5084C0D2DEBEF,,,,,structural_only,inherits_parent,,,Embedded source component; inherit the parent disposition.
tohoku:eq:open-support-cohomology-reduction,171,equation,tohoku:section:3.6,171,171,sem/r7/nodes.csv:467,5A8E5720BC2EF8905BF85F7919C65AC4A87A31CFC854BD77E6B5084C0D2DEBEF,support,cohomology-section-cohomology-support,0A39,,structural_only,inherits_parent,,,Embedded source component; inherit the parent disposition.
tohoku:eq:open-support-identification,167,equation,tohoku:section:3.5,167,167,sem/r7/nodes.csv:468,5A8E5720BC2EF8905BF85F7919C65AC4A87A31CFC854BD77E6B5084C0D2DEBEF,support,cohomology-section-cohomology-support,0A39,,structural_only,inherits_parent,,,Embedded source component; inherit the parent disposition.
tohoku:eq:ordinary-leray-E2,173,equation,tohoku:section:3.7,173,173,sem/r7/nodes.csv:469,5A8E5720BC2EF8905BF85F7919C65AC4A87A31CFC854BD77E6B5084C0D2DEBEF,,,,,structural_only,inherits_parent,,,Embedded source component; inherit the parent disposition.
tohoku:eq:paracompact-global-cech-E2-vanishing,176,equation,tohoku:section:3.8,176,176,sem/r7/nodes.csv:470,5A8E5720BC2EF8905BF85F7919C65AC4A87A31CFC854BD77E6B5084C0D2DEBEF,cech,cohomology-section-cech;cohomology-section-cech-cohomology-cohomology,01ED;01EO,,structural_only,inherits_parent,,,Embedded source component; inherit the parent disposition.
tohoku:eq:pgl-lift-map,161,equation,tohoku:section:3.4,161,161,sem/r7/nodes.csv:471,5A8E5720BC2EF8905BF85F7919C65AC4A87A31CFC854BD77E6B5084C0D2DEBEF,,,,,structural_only,inherits_parent,,,Embedded source component; inherit the parent disposition.
tohoku:eq:relative-direct-image-sections,171,equation,tohoku:section:3.7,171,171,sem/r7/nodes.csv:472,5A8E5720BC2EF8905BF85F7919C65AC4A87A31CFC854BD77E6B5084C0D2DEBEF,,,,,structural_only,inherits_parent,,,Embedded source component; inherit the parent disposition.
tohoku:eq:relative-leray-E2,173,equation,tohoku:section:3.7,173,173,sem/r7/nodes.csv:473,5A8E5720BC2EF8905BF85F7919C65AC4A87A31CFC854BD77E6B5084C0D2DEBEF,,,,,structural_only,inherits_parent,,,Embedded source component; inherit the parent disposition.
tohoku:eq:relative-leray-preliminary-E2,173,equation,tohoku:section:3.7,173,173,sem/r7/nodes.csv:474,5A8E5720BC2EF8905BF85F7919C65AC4A87A31CFC854BD77E6B5084C0D2DEBEF,,,,,structural_only,inherits_parent,,,Embedded source component; inherit the parent disposition.
tohoku:eq:restricted-complement-constant-sheaf,178,equation,tohoku:section:3.8,178,178,sem/r7/nodes.csv:475,5A8E5720BC2EF8905BF85F7919C65AC4A87A31CFC854BD77E6B5084C0D2DEBEF,,,,,structural_only,inherits_parent,,,Embedded source component; inherit the parent disposition.
tohoku:eq:restriction-extension-transitivity,166,equation,tohoku:section:3.5,166,166,sem/r7/nodes.csv:476,5A8E5720BC2EF8905BF85F7919C65AC4A87A31CFC854BD77E6B5084C0D2DEBEF,ext,cohomology-section-ext;derived-section-ext,06XP;0BQP,,structural_only,inherits_parent,,,Embedded source component; inherit the parent disposition.
tohoku:eq:rho-action,164,equation,tohoku:section:3.4,164,164,sem/r7/nodes.csv:477,5A8E5720BC2EF8905BF85F7919C65AC4A87A31CFC854BD77E6B5084C0D2DEBEF,,,,,structural_only,inherits_parent,,,Embedded source component; inherit the parent disposition.
tohoku:eq:rho-product-compatibility,164,equation,tohoku:section:3.4,164,164,sem/r7/nodes.csv:478,5A8E5720BC2EF8905BF85F7919C65AC4A87A31CFC854BD77E6B5084C0D2DEBEF,,,,,structural_only,inherits_parent,,,Embedded source component; inherit the parent disposition.
tohoku:eq:sections-extension-by-zero,166,equation,tohoku:section:3.5,166,166,sem/r7/nodes.csv:479,5A8E5720BC2EF8905BF85F7919C65AC4A87A31CFC854BD77E6B5084C0D2DEBEF,ext,cohomology-section-ext;derived-section-ext,06XP;0BQP,,structural_only,inherits_parent,,,Embedded source component; inherit the parent disposition.
tohoku:eq:sections-support-restriction,166,equation,tohoku:section:3.5,166,166,sem/r7/nodes.csv:480,5A8E5720BC2EF8905BF85F7919C65AC4A87A31CFC854BD77E6B5084C0D2DEBEF,support,cohomology-section-cohomology-support,0A39,,structural_only,inherits_parent,,,Embedded source component; inherit the parent disposition.
tohoku:eq:sheaf-central-extension,161,equation,tohoku:section:3.4,161,161,sem/r7/nodes.csv:481,5A8E5720BC2EF8905BF85F7919C65AC4A87A31CFC854BD77E6B5084C0D2DEBEF,ext,cohomology-section-ext;derived-section-ext,06XP;0BQP,,structural_only,inherits_parent,,,Embedded source component; inherit the parent disposition.
tohoku:eq:single-generator-cohomology,168,equation,tohoku:section:3.6,168,168,sem/r7/nodes.csv:482,5A8E5720BC2EF8905BF85F7919C65AC4A87A31CFC854BD77E6B5084C0D2DEBEF,grothendieck-category,injectives-section-grothendieck-categories;injectives-section-grothendieck-conditions,05AB;079A,,structural_only,inherits_parent,,,Embedded source component; inherit the parent disposition.
tohoku:eq:single-generator-presentation,168,equation,tohoku:section:3.6,168,168,sem/r7/nodes.csv:483,5A8E5720BC2EF8905BF85F7919C65AC4A87A31CFC854BD77E6B5084C0D2DEBEF,grothendieck-category,injectives-section-grothendieck-categories;injectives-section-grothendieck-conditions,05AB;079A,,structural_only,inherits_parent,,,Embedded source component; inherit the parent disposition.
tohoku:eq:special-cover-C0-vanishing,178,equation,tohoku:section:3.8,178,178,sem/r7/nodes.csv:484,5A8E5720BC2EF8905BF85F7919C65AC4A87A31CFC854BD77E6B5084C0D2DEBEF,,,,,structural_only,inherits_parent,,,Embedded source component; inherit the parent disposition.
tohoku:eq:special-cover-C1-is-Z2,178,equation,tohoku:section:3.8,178,178,sem/r7/nodes.csv:485,5A8E5720BC2EF8905BF85F7919C65AC4A87A31CFC854BD77E6B5084C0D2DEBEF,,,,,structural_only,inherits_parent,,,Embedded source component; inherit the parent disposition.
tohoku:eq:special-cover-H1-is-Z,178,equation,tohoku:section:3.8,178,178,sem/r7/nodes.csv:486,5A8E5720BC2EF8905BF85F7919C65AC4A87A31CFC854BD77E6B5084C0D2DEBEF,limits,categories-section-directed-colimits;categories-section-limits;cohomology-section-limits,002D;01FE;04AX,,structural_only,inherits_parent,,,Embedded source component; inherit the parent disposition.
tohoku:eq:special-cover-H1-is-Z:p2,179,equation,tohoku:section:3.8,179,179,sem/r7/nodes.csv:487,5A8E5720BC2EF8905BF85F7919C65AC4A87A31CFC854BD77E6B5084C0D2DEBEF,,,,,structural_only,inherits_parent,,,Embedded source component; inherit the parent disposition.
tohoku:eq:special-cover-intersection-sections,178,equation,tohoku:section:3.8,178,178,sem/r7/nodes.csv:488,5A8E5720BC2EF8905BF85F7919C65AC4A87A31CFC854BD77E6B5084C0D2DEBEF,,,,,structural_only,inherits_parent,,,Embedded source component; inherit the parent disposition.
tohoku:eq:theorem-3.9.1-edge-sequence,180,equation,tohoku:section:3.9,180,180,sem/r7/nodes.csv:489,5A8E5720BC2EF8905BF85F7919C65AC4A87A31CFC854BD77E6B5084C0D2DEBEF,injectives,derived-section-injective-resolutions;homology-section-injectives,0134;013G,,structural_only,inherits_parent,,,Embedded source component; inherit the parent disposition.
tohoku:eq:union-components-constant-sheaves,178,equation,tohoku:section:3.8,178,178,sem/r7/nodes.csv:490,5A8E5720BC2EF8905BF85F7919C65AC4A87A31CFC854BD77E6B5084C0D2DEBEF,,,,,structural_only,inherits_parent,,,Embedded source component; inherit the parent disposition.
tohoku:equation:5.1.1,198,equation,tohoku:section:5.1,198,198,sem/r7/nodes.csv:491,8D632A04EE0FA987B40B721BEE6E64BB3E641D6A1CE02335556213F1564C9A53,,,,,structural_only,inherits_parent,,,Embedded source component; inherit the parent disposition.
tohoku:equation:5.1.2,199,equation,tohoku:section:5.1,199,199,sem/r7/nodes.csv:492,8D632A04EE0FA987B40B721BEE6E64BB3E641D6A1CE02335556213F1564C9A53,,,,,structural_only,inherits_parent,,,Embedded source component; inherit the parent disposition.
tohoku:equation:5.2.1,199,equation,tohoku:section:5.2,199,199,sem/r7/nodes.csv:493,8D632A04EE0FA987B40B721BEE6E64BB3E641D6A1CE02335556213F1564C9A53,,,,,structural_only,inherits_parent,,,Embedded source component; inherit the parent disposition.
tohoku:equation:5.2.10,201,equation,tohoku:section:5.2,201,201,sem/r7/nodes.csv:494,8D632A04EE0FA987B40B721BEE6E64BB3E641D6A1CE02335556213F1564C9A53,spectral-sequence,homology-section-spectral-sequence,011M,,structural_only,inherits_parent,,,Embedded source component; inherit the parent disposition.
tohoku:equation:5.2.11,201,equation,tohoku:section:5.2,201,201,sem/r7/nodes.csv:495,8D632A04EE0FA987B40B721BEE6E64BB3E641D6A1CE02335556213F1564C9A53,,,,,structural_only,inherits_parent,,,Embedded source component; inherit the parent disposition.
tohoku:equation:5.2.11-bis,203,equation,tohoku:section:5.2,203,203,sem/r7/nodes.csv:496,8D632A04EE0FA987B40B721BEE6E64BB3E641D6A1CE02335556213F1564C9A53,,,,,structural_only,inherits_parent,,,Embedded source component; inherit the parent disposition.
tohoku:equation:5.2.12,203,equation,tohoku:section:5.2,203,203,sem/r7/nodes.csv:497,8D632A04EE0FA987B40B721BEE6E64BB3E641D6A1CE02335556213F1564C9A53,,,,,structural_only,inherits_parent,,,Embedded source component; inherit the parent disposition.
tohoku:equation:5.2.2,199,equation,tohoku:section:5.2,199,199,sem/r7/nodes.csv:498,8D632A04EE0FA987B40B721BEE6E64BB3E641D6A1CE02335556213F1564C9A53,,,,,structural_only,inherits_parent,,,Embedded source component; inherit the parent disposition.
tohoku:equation:5.2.3,200,equation,tohoku:section:5.2,200,200,sem/r7/nodes.csv:499,8D632A04EE0FA987B40B721BEE6E64BB3E641D6A1CE02335556213F1564C9A53,,,,,structural_only,inherits_parent,,,Embedded source component; inherit the parent disposition.
tohoku:equation:5.2.4,200,equation,tohoku:section:5.2,200,200,sem/r7/nodes.csv:500,8D632A04EE0FA987B40B721BEE6E64BB3E641D6A1CE02335556213F1564C9A53,,,,,structural_only,inherits_parent,,,Embedded source component; inherit the parent disposition.
tohoku:equation:5.2.5,200,equation,tohoku:section:5.2,200,200,sem/r7/nodes.csv:501,8D632A04EE0FA987B40B721BEE6E64BB3E641D6A1CE02335556213F1564C9A53,,,,,structural_only,inherits_parent,,,Embedded source component; inherit the parent disposition.
tohoku:equation:5.2.6,201,equation,tohoku:section:5.2,201,201,sem/r7/nodes.csv:502,8D632A04EE0FA987B40B721BEE6E64BB3E641D6A1CE02335556213F1564C9A53,,,,,structural_only,inherits_parent,,,Embedded source component; inherit the parent disposition.
tohoku:equation:5.2.7,201,equation,tohoku:section:5.2,201,201,sem/r7/nodes.csv:503,8D632A04EE0FA987B40B721BEE6E64BB3E641D6A1CE02335556213F1564C9A53,,,,,structural_only,inherits_parent,,,Embedded source component; inherit the parent disposition.
tohoku:equation:5.2.8,201,equation,tohoku:section:5.2,201,201,sem/r7/nodes.csv:504,8D632A04EE0FA987B40B721BEE6E64BB3E641D6A1CE02335556213F1564C9A53,,,,,structural_only,inherits_parent,,,Embedded source component; inherit the parent disposition.
tohoku:equation:5.2.9,201,equation,tohoku:section:5.2,201,201,sem/r7/nodes.csv:505,8D632A04EE0FA987B40B721BEE6E64BB3E641D6A1CE02335556213F1564C9A53,,,,,structural_only,inherits_parent,,,Embedded source component; inherit the parent disposition.
tohoku:equation:5.3.1,204,equation,tohoku:section:5.3,204,204,sem/r7/nodes.csv:506,8D632A04EE0FA987B40B721BEE6E64BB3E641D6A1CE02335556213F1564C9A53,,,,,structural_only,inherits_parent,,,Embedded source component; inherit the parent disposition.
tohoku:equation:5.3.1-stalk-limit,204,equation,tohoku:section:5.3,204,204,sem/r7/nodes.csv:507,8D632A04EE0FA987B40B721BEE6E64BB3E641D6A1CE02335556213F1564C9A53,limits,categories-section-directed-colimits;categories-section-limits;cohomology-section-limits,002D;01FE;04AX,,structural_only,inherits_parent,,,Embedded source component; inherit the parent disposition.
tohoku:equation:5.5.1,207,equation,tohoku:section:5.5,207,207,sem/r7/nodes.csv:508,8D632A04EE0FA987B40B721BEE6E64BB3E641D6A1CE02335556213F1564C9A53,,,,,structural_only,inherits_parent,,,Embedded source component; inherit the parent disposition.
tohoku:equation:5.5.10,210,equation,tohoku:section:5.5,210,210,sem/r7/nodes.csv:509,8D632A04EE0FA987B40B721BEE6E64BB3E641D6A1CE02335556213F1564C9A53,,,,,structural_only,inherits_parent,,,Embedded source component; inherit the parent disposition.
tohoku:equation:5.5.11,210,equation,tohoku:section:5.5,210,210,sem/r7/nodes.csv:510,8D632A04EE0FA987B40B721BEE6E64BB3E641D6A1CE02335556213F1564C9A53,,,,,structural_only,inherits_parent,,,Embedded source component; inherit the parent disposition.
tohoku:equation:5.5.11bis,210,equation,tohoku:section:5.5,210,210,sem/r7/nodes.csv:511,8D632A04EE0FA987B40B721BEE6E64BB3E641D6A1CE02335556213F1564C9A53,,,,,structural_only,inherits_parent,,,Embedded source component; inherit the parent disposition.
tohoku:equation:5.5.12,211,equation,tohoku:section:5.5,211,211,sem/r7/nodes.csv:512,8D632A04EE0FA987B40B721BEE6E64BB3E641D6A1CE02335556213F1564C9A53,,,,,structural_only,inherits_parent,,,Embedded source component; inherit the parent disposition.
tohoku:equation:5.5.13,212,equation,tohoku:section:5.5,212,212,sem/r7/nodes.csv:513,8D632A04EE0FA987B40B721BEE6E64BB3E641D6A1CE02335556213F1564C9A53,cech;limits,categories-section-directed-colimits;categories-section-limits;cohomology-section-cech;cohomology-section-cech-cohomology-cohomology;cohomology-section-limits,002D;01ED;01EO;01FE;04AX,,structural_only,inherits_parent,,,Embedded source component; inherit the parent disposition.
tohoku:equation:5.5.14,212;213,equation,tohoku:section:5.5,212,213,sem/r7/nodes.csv:514,8D632A04EE0FA987B40B721BEE6E64BB3E641D6A1CE02335556213F1564C9A53,limits;spectral-sequence,categories-section-directed-colimits;categories-section-limits;cohomology-section-limits;homology-section-spectral-sequence,002D;011M;01FE;04AX,,structural_only,inherits_parent,,,Embedded source component; inherit the parent disposition.
tohoku:equation:5.5.15,212,equation,tohoku:section:5.5,212,212,sem/r7/nodes.csv:515,8D632A04EE0FA987B40B721BEE6E64BB3E641D6A1CE02335556213F1564C9A53,spectral-sequence,homology-section-spectral-sequence,011M,,structural_only,inherits_parent,,,Embedded source component; inherit the parent disposition.
tohoku:equation:5.5.2,207,equation,tohoku:section:5.5,207,207,sem/r7/nodes.csv:516,8D632A04EE0FA987B40B721BEE6E64BB3E641D6A1CE02335556213F1564C9A53,,,,,structural_only,inherits_parent,,,Embedded source component; inherit the parent disposition.
tohoku:equation:5.5.3,208,equation,tohoku:section:5.5,208,208,sem/r7/nodes.csv:517,8D632A04EE0FA987B40B721BEE6E64BB3E641D6A1CE02335556213F1564C9A53,,,,,structural_only,inherits_parent,,,Embedded source component; inherit the parent disposition.
tohoku:equation:5.5.3-bis,208,equation,tohoku:section:5.5,208,208,sem/r7/nodes.csv:518,8D632A04EE0FA987B40B721BEE6E64BB3E641D6A1CE02335556213F1564C9A53,,,,,structural_only,inherits_parent,,,Embedded source component; inherit the parent disposition.
tohoku:equation:5.5.4,208,equation,tohoku:section:5.5,208,208,sem/r7/nodes.csv:519,8D632A04EE0FA987B40B721BEE6E64BB3E641D6A1CE02335556213F1564C9A53,,,,,structural_only,inherits_parent,,,Embedded source component; inherit the parent disposition.
tohoku:equation:5.5.6,209,equation,tohoku:section:5.5,209,209,sem/r7/nodes.csv:520,8D632A04EE0FA987B40B721BEE6E64BB3E641D6A1CE02335556213F1564C9A53,,,,,structural_only,inherits_parent,,,Embedded source component; inherit the parent disposition.
tohoku:equation:5.5.7,209,equation,tohoku:section:5.5,209,209,sem/r7/nodes.csv:521,8D632A04EE0FA987B40B721BEE6E64BB3E641D6A1CE02335556213F1564C9A53,,,,,structural_only,inherits_parent,,,Embedded source component; inherit the parent disposition.
tohoku:equation:5.5.9,210,equation,tohoku:section:5.5,210,210,sem/r7/nodes.csv:522,8D632A04EE0FA987B40B721BEE6E64BB3E641D6A1CE02335556213F1564C9A53,,,,,structural_only,inherits_parent,,,Embedded source component; inherit the parent disposition.
tohoku:equation:5.6.1,214,equation,tohoku:section:5.6,214,214,sem/r7/nodes.csv:523,8D632A04EE0FA987B40B721BEE6E64BB3E641D6A1CE02335556213F1564C9A53,,,,,structural_only,inherits_parent,,,Embedded source component; inherit the parent disposition.
tohoku:equation:5.6.10,215,equation,tohoku:section:5.6,215,215,sem/r7/nodes.csv:524,8D632A04EE0FA987B40B721BEE6E64BB3E641D6A1CE02335556213F1564C9A53,ext,cohomology-section-ext;derived-section-ext,06XP;0BQP,,structural_only,inherits_parent,,,Embedded source component; inherit the parent disposition.
tohoku:equation:5.6.11,217,equation,tohoku:section:5.6,217,217,sem/r7/nodes.csv:525,8D632A04EE0FA987B40B721BEE6E64BB3E641D6A1CE02335556213F1564C9A53,ext,cohomology-section-ext;derived-section-ext,06XP;0BQP,,structural_only,inherits_parent,,,Embedded source component; inherit the parent disposition.
tohoku:equation:5.6.11-bis,218,equation,tohoku:section:5.6,218,218,sem/r7/nodes.csv:526,8D632A04EE0FA987B40B721BEE6E64BB3E641D6A1CE02335556213F1564C9A53,ext,cohomology-section-ext;derived-section-ext,06XP;0BQP,,structural_only,inherits_parent,,,Embedded source component; inherit the parent disposition.
tohoku:equation:5.6.11-ter,218,equation,tohoku:section:5.6,218,218,sem/r7/nodes.csv:527,8D632A04EE0FA987B40B721BEE6E64BB3E641D6A1CE02335556213F1564C9A53,ext,cohomology-section-ext;derived-section-ext,06XP;0BQP,,structural_only,inherits_parent,,,Embedded source component; inherit the parent disposition.
tohoku:equation:5.6.12,218,equation,tohoku:section:5.6,218,218,sem/r7/nodes.csv:528,8D632A04EE0FA987B40B721BEE6E64BB3E641D6A1CE02335556213F1564C9A53,ext,cohomology-section-ext;derived-section-ext,06XP;0BQP,,structural_only,inherits_parent,,,Embedded source component; inherit the parent disposition.
tohoku:equation:5.6.14,218,equation,tohoku:section:5.6,218,218,sem/r7/nodes.csv:529,8D632A04EE0FA987B40B721BEE6E64BB3E641D6A1CE02335556213F1564C9A53,ext,cohomology-section-ext;derived-section-ext,06XP;0BQP,,structural_only,inherits_parent,,,Embedded source component; inherit the parent disposition.
tohoku:equation:5.6.2,214,equation,tohoku:section:5.6,214,214,sem/r7/nodes.csv:530,8D632A04EE0FA987B40B721BEE6E64BB3E641D6A1CE02335556213F1564C9A53,,,,,structural_only,inherits_parent,,,Embedded source component; inherit the parent disposition.
tohoku:equation:5.6.3,214,equation,tohoku:section:5.6,214,214,sem/r7/nodes.csv:531,8D632A04EE0FA987B40B721BEE6E64BB3E641D6A1CE02335556213F1564C9A53,,,,,structural_only,inherits_parent,,,Embedded source component; inherit the parent disposition.
tohoku:equation:5.6.4,214,equation,tohoku:section:5.6,214,214,sem/r7/nodes.csv:532,8D632A04EE0FA987B40B721BEE6E64BB3E641D6A1CE02335556213F1564C9A53,,,,,structural_only,inherits_parent,,,Embedded source component; inherit the parent disposition.
tohoku:equation:5.6.5,214,equation,tohoku:section:5.6,214,214,sem/r7/nodes.csv:533,8D632A04EE0FA987B40B721BEE6E64BB3E641D6A1CE02335556213F1564C9A53,,,,,structural_only,inherits_parent,,,Embedded source component; inherit the parent disposition.
tohoku:equation:5.6.5-bis,218,equation,tohoku:section:5.6,218,218,sem/r7/nodes.csv:534,8D632A04EE0FA987B40B721BEE6E64BB3E641D6A1CE02335556213F1564C9A53,,,,,structural_only,inherits_parent,,,Embedded source component; inherit the parent disposition.
tohoku:equation:5.6.5-ter,218,equation,tohoku:section:5.6,218,218,sem/r7/nodes.csv:535,8D632A04EE0FA987B40B721BEE6E64BB3E641D6A1CE02335556213F1564C9A53,,,,,structural_only,inherits_parent,,,Embedded source component; inherit the parent disposition.
tohoku:equation:5.6.6,214,equation,tohoku:section:5.6,214,214,sem/r7/nodes.csv:536,8D632A04EE0FA987B40B721BEE6E64BB3E641D6A1CE02335556213F1564C9A53,ext,cohomology-section-ext;derived-section-ext,06XP;0BQP,,structural_only,inherits_parent,,,Embedded source component; inherit the parent disposition.
tohoku:equation:5.6.7,214,equation,tohoku:section:5.6,214,214,sem/r7/nodes.csv:537,8D632A04EE0FA987B40B721BEE6E64BB3E641D6A1CE02335556213F1564C9A53,ext,cohomology-section-ext;derived-section-ext,06XP;0BQP,,structural_only,inherits_parent,,,Embedded source component; inherit the parent disposition.
tohoku:equation:5.6.8,214,equation,tohoku:section:5.6,214,214,sem/r7/nodes.csv:538,8D632A04EE0FA987B40B721BEE6E64BB3E641D6A1CE02335556213F1564C9A53,ext,cohomology-section-ext;derived-section-ext,06XP;0BQP,,structural_only,inherits_parent,,,Embedded source component; inherit the parent disposition.
tohoku:equation:5.6.9,214;215,equation,tohoku:section:5.6,214,215,sem/r7/nodes.csv:539,8D632A04EE0FA987B40B721BEE6E64BB3E641D6A1CE02335556213F1564C9A53,,,,,structural_only,inherits_parent,,,Embedded source component; inherit the parent disposition.
tohoku:equation:5.7.1,219,equation,tohoku:section:5.7,219,219,sem/r7/nodes.csv:540,8D632A04EE0FA987B40B721BEE6E64BB3E641D6A1CE02335556213F1564C9A53,,,,,structural_only,inherits_parent,,,Embedded source component; inherit the parent disposition.
tohoku:equation:5.7.2,219,equation,tohoku:section:5.7,219,219,sem/r7/nodes.csv:541,8D632A04EE0FA987B40B721BEE6E64BB3E641D6A1CE02335556213F1564C9A53,,,,,structural_only,inherits_parent,,,Embedded source component; inherit the parent disposition.
tohoku:equation:5.7.3,220,equation,tohoku:section:5.7,220,220,sem/r7/nodes.csv:542,8D632A04EE0FA987B40B721BEE6E64BB3E641D6A1CE02335556213F1564C9A53,,,,,structural_only,inherits_parent,,,Embedded source component; inherit the parent disposition.
tohoku:equation:5.7.4,220,equation,tohoku:section:5.7,220,220,sem/r7/nodes.csv:543,8D632A04EE0FA987B40B721BEE6E64BB3E641D6A1CE02335556213F1564C9A53,,,,,structural_only,inherits_parent,,,Embedded source component; inherit the parent disposition.
tohoku:equation:5.7.5,220,equation,tohoku:section:5.7,220,220,sem/r7/nodes.csv:544,8D632A04EE0FA987B40B721BEE6E64BB3E641D6A1CE02335556213F1564C9A53,,,,,structural_only,inherits_parent,,,Embedded source component; inherit the parent disposition.
tohoku:equation:5.7.6,220,equation,tohoku:section:5.7,220,220,sem/r7/nodes.csv:545,8D632A04EE0FA987B40B721BEE6E64BB3E641D6A1CE02335556213F1564C9A53,,,,,structural_only,inherits_parent,,,Embedded source component; inherit the parent disposition.
tohoku:equation:5.7.7,220,equation,tohoku:section:5.7,220,220,sem/r7/nodes.csv:546,8D632A04EE0FA987B40B721BEE6E64BB3E641D6A1CE02335556213F1564C9A53,,,,,structural_only,inherits_parent,,,Embedded source component; inherit the parent disposition.
tohoku:equation:5.7.7-bis,220,equation,tohoku:section:5.7,220,220,sem/r7/nodes.csv:547,8D632A04EE0FA987B40B721BEE6E64BB3E641D6A1CE02335556213F1564C9A53,,,,,structural_only,inherits_parent,,,Embedded source component; inherit the parent disposition.
tohoku:equation:cech-h1-identification,213,equation,tohoku:section:5.5,213,213,sem/r7/nodes.csv:548,8D632A04EE0FA987B40B721BEE6E64BB3E641D6A1CE02335556213F1564C9A53,cech,cohomology-section-cech;cohomology-section-cech-cohomology-cohomology,01ED;01EO,,structural_only,inherits_parent,,,Embedded source component; inherit the parent disposition.
tohoku:equation:coinduced-action-intertwiner,216,equation,tohoku:section:5.6,216,216,sem/r7/nodes.csv:549,8D632A04EE0FA987B40B721BEE6E64BB3E641D6A1CE02335556213F1564C9A53,,,,,structural_only,inherits_parent,,,Embedded source component; inherit the parent disposition.
tohoku:equation:coinduced-u-actions,216,equation,tohoku:section:5.6,216,216,sem/r7/nodes.csv:550,8D632A04EE0FA987B40B721BEE6E64BB3E641D6A1CE02335556213F1564C9A53,,,,,structural_only,inherits_parent,,,Embedded source component; inherit the parent disposition.
tohoku:equation:coinduced-u-embedding,216,equation,tohoku:section:5.6,216,216,sem/r7/nodes.csv:551,8D632A04EE0FA987B40B721BEE6E64BB3E641D6A1CE02335556213F1564C9A53,,,,,structural_only,inherits_parent,,,Embedded source component; inherit the parent disposition.
tohoku:equation:equivariant-hom-cohomology-vanishing,215,equation,tohoku:section:5.6,215,215,sem/r7/nodes.csv:552,8D632A04EE0FA987B40B721BEE6E64BB3E641D6A1CE02335556213F1564C9A53,,,,,structural_only,inherits_parent,,,Embedded source component; inherit the parent disposition.
tohoku:equation:fixed-point-free-g-covering-cohomology,210,equation,tohoku:section:5.5,210,210,sem/r7/nodes.csv:553,8D632A04EE0FA987B40B721BEE6E64BB3E641D6A1CE02335556213F1564C9A53,cech,cohomology-section-cech;cohomology-section-cech-cohomology-cohomology,01ED;01EO,,structural_only,inherits_parent,,,Embedded source component; inherit the parent disposition.
tohoku:equation:fixed-point-free-refinement-map,211,equation,tohoku:section:5.5,211,211,sem/r7/nodes.csv:554,8D632A04EE0FA987B40B721BEE6E64BB3E641D6A1CE02335556213F1564C9A53,,,,,structural_only,inherits_parent,,,Embedded source component; inherit the parent disposition.
tohoku:equation:global-hom-product,215,equation,tohoku:section:5.6,215,215,sem/r7/nodes.csv:555,8D632A04EE0FA987B40B721BEE6E64BB3E641D6A1CE02335556213F1564C9A53,derived-functor;spectral-sequence,cohomology-section-derived-functors;derived-section-right-derived-functor;homology-section-spectral-sequence,011M;0156;0716,,structural_only,inherits_parent,,,Embedded source component; inherit the parent disposition.
tohoku:equation:holomorphic-equivariant-ext-h1,219,equation,tohoku:section:5.6,219,219,sem/r7/nodes.csv:556,8D632A04EE0FA987B40B721BEE6E64BB3E641D6A1CE02335556213F1564C9A53,ext,cohomology-section-ext;derived-section-ext,06XP;0BQP,,structural_only,inherits_parent,,,Embedded source component; inherit the parent disposition.
tohoku:equation:hom-coinduction-isomorphism,216,equation,tohoku:section:5.6,216,216,sem/r7/nodes.csv:557,8D632A04EE0FA987B40B721BEE6E64BB3E641D6A1CE02335556213F1564C9A53,,,,,structural_only,inherits_parent,,,Embedded source component; inherit the parent disposition.
tohoku:equation:ii-a-u-initial-term,220,equation,tohoku:section:5.7,220,220,sem/r7/nodes.csv:558,8D632A04EE0FA987B40B721BEE6E64BB3E641D6A1CE02335556213F1564C9A53,,,,,structural_only,inherits_parent,,,Embedded source component; inherit the parent disposition.
tohoku:equation:product-stalk-invariants,215,equation,tohoku:section:5.6,215,215,sem/r7/nodes.csv:559,8D632A04EE0FA987B40B721BEE6E64BB3E641D6A1CE02335556213F1564C9A53,derived-functor;ext,cohomology-section-derived-functors;cohomology-section-ext;derived-section-ext;derived-section-right-derived-functor,0156;06XP;0716;0BQP,,structural_only,inherits_parent,,,Embedded source component; inherit the parent disposition.
tohoku:equation:single-orbit-cochain-domain,210,equation,tohoku:section:5.5,210,210,sem/r7/nodes.csv:560,8D632A04EE0FA987B40B721BEE6E64BB3E641D6A1CE02335556213F1564C9A53,,,,,structural_only,inherits_parent,,,Embedded source component; inherit the parent disposition.
tohoku:equivalence:equivariant-holomorphic-bundles,219,equivalence,tohoku:section:5.6,219,219,sem/r7/nodes.csv:561,8D632A04EE0FA987B40B721BEE6E64BB3E641D6A1CE02335556213F1564C9A53,,,,,needs_review,generated_intake,,,Requires statement-level mathematical comparison.
tohoku:equivalence:holomorphic-bundles-locally-free-sheaves,219,equivalence,tohoku:section:5.6,219,219,sem/r7/nodes.csv:562,8D632A04EE0FA987B40B721BEE6E64BB3E641D6A1CE02335556213F1564C9A53,,,,,needs_review,generated_intake,,,Requires statement-level mathematical comparison.
tohoku:example:1.7:a,131,example,tohoku:section:1.7,131,131,sem/r7/nodes.csv:563,5A8E5720BC2EF8905BF85F7919C65AC4A87A31CFC854BD77E6B5084C0D2DEBEF,,,,,needs_review,generated_intake,,,Requires statement-level mathematical comparison.
tohoku:example:1.7:b:p1,131,example,tohoku:section:1.7,131,131,sem/r7/nodes.csv:564,5A8E5720BC2EF8905BF85F7919C65AC4A87A31CFC854BD77E6B5084C0D2DEBEF,,,,,needs_review,generated_intake,,,Requires statement-level mathematical comparison.
tohoku:example:1.7:b:p2,132,example,tohoku:section:1.7,132,132,sem/r7/nodes.csv:565,5A8E5720BC2EF8905BF85F7919C65AC4A87A31CFC854BD77E6B5084C0D2DEBEF,,,,,needs_review,generated_intake,,,Requires statement-level mathematical comparison.
tohoku:example:1.7:c,132,example,tohoku:section:1.7,132,132,sem/r7/nodes.csv:566,5A8E5720BC2EF8905BF85F7919C65AC4A87A31CFC854BD77E6B5084C0D2DEBEF,,,,,needs_review,generated_intake,,,Requires statement-level mathematical comparison.
tohoku:example:1.7:d,132,example,tohoku:section:1.7,132,132,sem/r7/nodes.csv:567,5A8E5720BC2EF8905BF85F7919C65AC4A87A31CFC854BD77E6B5084C0D2DEBEF,,,,,needs_review,generated_intake,,,Requires statement-level mathematical comparison.
tohoku:example:1.7:e,132,example,tohoku:section:1.7,132,132,sem/r7/nodes.csv:568,5A8E5720BC2EF8905BF85F7919C65AC4A87A31CFC854BD77E6B5084C0D2DEBEF,,,,,needs_review,generated_intake,,,Requires statement-level mathematical comparison.
tohoku:example:1.7:f,132,example,tohoku:section:1.7,132,132,sem/r7/nodes.csv:569,5A8E5720BC2EF8905BF85F7919C65AC4A87A31CFC854BD77E6B5084C0D2DEBEF,,,,,needs_review,generated_intake,,,Requires statement-level mathematical comparison.
tohoku:example:1.7:g,132,example,tohoku:section:1.7,132,132,sem/r7/nodes.csv:570,5A8E5720BC2EF8905BF85F7919C65AC4A87A31CFC854BD77E6B5084C0D2DEBEF,additive,homology-section-additive-categories,09SE,,needs_review,generated_intake,,,Requires statement-level mathematical comparison.
tohoku:example:1.7:h:p1,132,example,tohoku:section:1.7,132,132,sem/r7/nodes.csv:571,5A8E5720BC2EF8905BF85F7919C65AC4A87A31CFC854BD77E6B5084C0D2DEBEF,,,,,needs_review,generated_intake,,,Requires statement-level mathematical comparison.
tohoku:example:1.7:h:p2,133,example,tohoku:section:1.7,133,133,sem/r7/nodes.csv:572,5A8E5720BC2EF8905BF85F7919C65AC4A87A31CFC854BD77E6B5084C0D2DEBEF,,,,,needs_review,generated_intake,,,Requires statement-level mathematical comparison.
tohoku:example:2.5:hom-projective-resolution,150,example,tohoku:section:2.5,150,150,sem/r7/nodes.csv:573,5A8E5720BC2EF8905BF85F7919C65AC4A87A31CFC854BD77E6B5084C0D2DEBEF,,,,,needs_review,generated_intake,,,Requires statement-level mathematical comparison.
tohoku:example:2.5:identity-resolution,150,example,tohoku:section:2.5,150,150,sem/r7/nodes.csv:574,5A8E5720BC2EF8905BF85F7919C65AC4A87A31CFC854BD77E6B5084C0D2DEBEF,,,,,needs_review,generated_intake,,,Requires statement-level mathematical comparison.
tohoku:example:bicomplex-spectral-sequences,146,example,tohoku:section:2.4,146,146,sem/r7/nodes.csv:575,5A8E5720BC2EF8905BF85F7919C65AC4A87A31CFC854BD77E6B5084C0D2DEBEF,,,,,needs_review,generated_intake,,,Requires statement-level mathematical comparison.
tohoku:example:cech-H2-comparison-failure:p1,177,example,tohoku:section:3.8,177,177,sem/r7/nodes.csv:576,5A8E5720BC2EF8905BF85F7919C65AC4A87A31CFC854BD77E6B5084C0D2DEBEF,cech,cohomology-section-cech;cohomology-section-cech-cohomology-cohomology,01ED;01EO,,needs_review,generated_intake,,,Requires statement-level mathematical comparison.
tohoku:example:cech-H2-counterexample-construction,178,example,tohoku:section:3.8,178,178,sem/r7/nodes.csv:577,5A8E5720BC2EF8905BF85F7919C65AC4A87A31CFC854BD77E6B5084C0D2DEBEF,cech,cohomology-section-cech;cohomology-section-cech-cohomology-cohomology,01ED;01EO,,needs_review,generated_intake,,,Requires statement-level mathematical comparison.
tohoku:example:constant-direct-image,199,example,tohoku:section:5.1,199,199,sem/r7/nodes.csv:578,8D632A04EE0FA987B40B721BEE6E64BB3E641D6A1CE02335556213F1564C9A53,,,,,needs_review,generated_intake,,,Requires statement-level mathematical comparison.
tohoku:example:constant-sheaf-hlc,193,example,tohoku:section:4.3,193,193,sem/r7/nodes.csv:579,8D632A04EE0FA987B40B721BEE6E64BB3E641D6A1CE02335556213F1564C9A53,spectral-sequence,homology-section-spectral-sequence,011M,,needs_review,generated_intake,,,Requires statement-level mathematical comparison.
tohoku:example:ext-bifunctor,144,example,tohoku:section:2.3,144,144,sem/r7/nodes.csv:580,5A8E5720BC2EF8905BF85F7919C65AC4A87A31CFC854BD77E6B5084C0D2DEBEF,abelian;ext;injectives,cohomology-section-ext;derived-section-ext;derived-section-injective-resolutions;homology-section-abelian-categories;homology-section-injectives,00ZX;0134;013G;06XP;0BQP,,needs_review,generated_intake,,,Requires statement-level mathematical comparison.
tohoku:example:five-term-comparison,203,example,tohoku:section:5.2,203,203,sem/r7/nodes.csv:581,8D632A04EE0FA987B40B721BEE6E64BB3E641D6A1CE02335556213F1564C9A53,,,,,needs_review,generated_intake,,,Requires statement-level mathematical comparison.
tohoku:example:g-sheaves,195,example,tohoku:section:5.1,195,195,sem/r7/nodes.csv:582,8D632A04EE0FA987B40B721BEE6E64BB3E641D6A1CE02335556213F1564C9A53,,,,,needs_review,generated_intake,,,Requires statement-level mathematical comparison.
tohoku:example:germ-function-direct-images,199,example,tohoku:section:5.1,199,199,sem/r7/nodes.csv:583,8D632A04EE0FA987B40B721BEE6E64BB3E641D6A1CE02335556213F1564C9A53,,,,,needs_review,generated_intake,,,Requires statement-level mathematical comparison.
tohoku:example:holomorphic-equivariant-sheaves,219,example,tohoku:section:5.6,219,219,sem/r7/nodes.csv:584,8D632A04EE0FA987B40B721BEE6E64BB3E641D6A1CE02335556213F1564C9A53,,,,,needs_review,generated_intake,,,Requires statement-level mathematical comparison.
tohoku:example:irreducible-constant-sheaves,160,example,tohoku:section:3.3,160,160,sem/r7/nodes.csv:585,5A8E5720BC2EF8905BF85F7919C65AC4A87A31CFC854BD77E6B5084C0D2DEBEF,,,,,needs_review,generated_intake,,,Requires statement-level mathematical comparison.
tohoku:example:noetherian-quotient,193,example,tohoku:section:4.3,193,193,sem/r7/nodes.csv:586,8D632A04EE0FA987B40B721BEE6E64BB3E641D6A1CE02335556213F1564C9A53,,,,,needs_review,generated_intake,,,Requires statement-level mathematical comparison.
tohoku:example:projective-bundle-vector-lift,165,example,tohoku:section:3.4,165,165,sem/r7/nodes.csv:587,5A8E5720BC2EF8905BF85F7919C65AC4A87A31CFC854BD77E6B5084C0D2DEBEF,,,,,needs_review,generated_intake,,,Requires statement-level mathematical comparison.
tohoku:example:sheaf-ext,144,example,tohoku:section:2.3,144,144,sem/r7/nodes.csv:588,5A8E5720BC2EF8905BF85F7919C65AC4A87A31CFC854BD77E6B5084C0D2DEBEF,abelian;ext;injectives,cohomology-section-ext;derived-section-ext;derived-section-injective-resolutions;homology-section-abelian-categories;homology-section-injectives,00ZX;0134;013G;06XP;0BQP,,needs_review,generated_intake,,,Requires statement-level mathematical comparison.
tohoku:example:theorem-4.2.2-stalk-failure,193,example,tohoku:section:4.3,193,193,sem/r7/nodes.csv:589,8D632A04EE0FA987B40B721BEE6E64BB3E641D6A1CE02335556213F1564C9A53,ext,cohomology-section-ext;derived-section-ext,06XP;0BQP,,needs_review,generated_intake,,,Requires statement-level mathematical comparison.
tohoku:finiteness:compact-quotient-extension-classes,219,finiteness,tohoku:section:5.6,219,219,sem/r7/nodes.csv:590,8D632A04EE0FA987B40B721BEE6E64BB3E641D6A1CE02335556213F1564C9A53,ext;spectral-sequence,cohomology-section-ext;derived-section-ext;homology-section-spectral-sequence,011M;06XP;0BQP,,needs_review,generated_intake,,,Requires statement-level mathematical comparison.
tohoku:footnote:10,199,footnote,tohoku:section:5.2,199,199,sem/r7/nodes.csv:591,8D632A04EE0FA987B40B721BEE6E64BB3E641D6A1CE02335556213F1564C9A53,,,,,structural_only,inherits_parent,,,Embedded source component; inherit the parent disposition.
tohoku:footnote:11,217,footnote,tohoku:section:5.6,217,217,sem/r7/nodes.csv:592,8D632A04EE0FA987B40B721BEE6E64BB3E641D6A1CE02335556213F1564C9A53,ext;spectral-sequence,cohomology-section-ext;derived-section-ext;homology-section-spectral-sequence,011M;06XP;0BQP,,structural_only,inherits_parent,,,Embedded source component; inherit the parent disposition.
tohoku:footnote:12,218,footnote,tohoku:section:5.6,218,218,sem/r7/nodes.csv:593,8D632A04EE0FA987B40B721BEE6E64BB3E641D6A1CE02335556213F1564C9A53,ext;spectral-sequence,cohomology-section-ext;derived-section-ext;homology-section-spectral-sequence,011M;06XP;0BQP,,structural_only,inherits_parent,,,Embedded source component; inherit the parent disposition.
tohoku:footnote:2,135,footnote,tohoku:section:1.10,135,135,sem/r7/nodes.csv:594,5A8E5720BC2EF8905BF85F7919C65AC4A87A31CFC854BD77E6B5084C0D2DEBEF,,,,,structural_only,inherits_parent,,,Embedded source component; inherit the parent disposition.
tohoku:footnote:8,160;167,footnote,tohoku:section:3.4,160,167,sem/r7/nodes.csv:595,5A8E5720BC2EF8905BF85F7919C65AC4A87A31CFC854BD77E6B5084C0D2DEBEF,,,,,structural_only,inherits_parent,,,Embedded source component; inherit the parent disposition.
tohoku:footnote:9,196,footnote,tohoku:section:5.1,196,196,sem/r7/nodes.csv:596,8D632A04EE0FA987B40B721BEE6E64BB3E641D6A1CE02335556213F1564C9A53,ext,cohomology-section-ext;derived-section-ext,06XP;0BQP,,structural_only,inherits_parent,,,Embedded source component; inherit the parent disposition.
tohoku:formula:bilinear-equivariant-cohomology,195,formula,tohoku:section:4.4,195,195,sem/r7/nodes.csv:597,8D632A04EE0FA987B40B721BEE6E64BB3E641D6A1CE02335556213F1564C9A53,,,,,structural_only,inherits_parent,,,Embedded source component; inherit the parent disposition.
tohoku:formula:constant-sheaf-ext-presheaf,193,formula,tohoku:section:4.3,193,193,sem/r7/nodes.csv:598,8D632A04EE0FA987B40B721BEE6E64BB3E641D6A1CE02335556213F1564C9A53,ext,cohomology-section-ext;derived-section-ext,06XP;0BQP,,structural_only,inherits_parent,,,Embedded source component; inherit the parent disposition.
tohoku:formula:first-relative-k-initial-term,192,formula,tohoku:section:4.3,192,192,sem/r7/nodes.csv:599,8D632A04EE0FA987B40B721BEE6E64BB3E641D6A1CE02335556213F1564C9A53,ext;spectral-sequence,cohomology-section-ext;derived-section-ext;homology-section-spectral-sequence,011M;06XP;0BQP,,structural_only,inherits_parent,,,Embedded source component; inherit the parent disposition.
tohoku:formula:second-relative-k-initial-term,192,formula,tohoku:section:4.3,192,192,sem/r7/nodes.csv:600,8D632A04EE0FA987B40B721BEE6E64BB3E641D6A1CE02335556213F1564C9A53,ext,cohomology-section-ext;derived-section-ext,06XP;0BQP,,structural_only,inherits_parent,,,Embedded source component; inherit the parent disposition.
tohoku:formula:stalk-ext-filtered-colimit,193,formula,tohoku:section:4.3,193,193,sem/r7/nodes.csv:601,8D632A04EE0FA987B40B721BEE6E64BB3E641D6A1CE02335556213F1564C9A53,ext;limits,categories-section-directed-colimits;categories-section-limits;cohomology-section-ext;cohomology-section-limits;derived-section-ext,002D;01FE;04AX;06XP;0BQP,,structural_only,inherits_parent,,,Embedded source component; inherit the parent disposition.
tohoku:formula:stalk-spectral-ii-initial-term,193,formula,tohoku:section:4.3,193,193,sem/r7/nodes.csv:602,8D632A04EE0FA987B40B721BEE6E64BB3E641D6A1CE02335556213F1564C9A53,ext,cohomology-section-ext;derived-section-ext,06XP;0BQP,,structural_only,inherits_parent,,,Embedded source component; inherit the parent disposition.
tohoku:formula:stalk-spectral-iii-initial-term,193,formula,tohoku:section:4.3,193,193,sem/r7/nodes.csv:603,8D632A04EE0FA987B40B721BEE6E64BB3E641D6A1CE02335556213F1564C9A53,ext;spectral-sequence,cohomology-section-ext;derived-section-ext;homology-section-spectral-sequence,011M;06XP;0BQP,,structural_only,inherits_parent,,,Embedded source component; inherit the parent disposition.
tohoku:formula:third-spectral-initial-term,201,formula,tohoku:section:5.2,201,201,sem/r7/nodes.csv:604,8D632A04EE0FA987B40B721BEE6E64BB3E641D6A1CE02335556213F1564C9A53,,,,,structural_only,inherits_parent,,,Embedded source component; inherit the parent disposition.
tohoku:functor:relative-direct-image-left-exact,172,functor,tohoku:section:3.7,172,172,sem/r7/nodes.csv:605,5A8E5720BC2EF8905BF85F7919C65AC4A87A31CFC854BD77E6B5084C0D2DEBEF,exact-functor,categories-section-exact-functor,0033,,needs_review,generated_intake,,,Requires statement-level mathematical comparison.
tohoku:goal:counterexample-cech-H1-is-Z,178,goal,tohoku:section:3.8,178,178,sem/r7/nodes.csv:606,5A8E5720BC2EF8905BF85F7919C65AC4A87A31CFC854BD77E6B5084C0D2DEBEF,cech,cohomology-section-cech;cohomology-section-cech-cohomology-cohomology,01ED;01EO,,needs_review,generated_intake,,,Requires statement-level mathematical comparison.
tohoku:interpretation:g-a-bundles,213,interpretation,tohoku:section:5.5,213,213,sem/r7/nodes.csv:607,8D632A04EE0FA987B40B721BEE6E64BB3E641D6A1CE02335556213F1564C9A53,,,,,needs_review,generated_intake,,,Requires statement-level mathematical comparison.
tohoku:introduction,119,introduction,tohoku:paper,119,119,sem/r7/nodes.csv:608,5A8E5720BC2EF8905BF85F7919C65AC4A87A31CFC854BD77E6B5084C0D2DEBEF,,,,,needs_review,generated_intake,,,Requires statement-level mathematical comparison.
tohoku:introduction:I,119,introduction,tohoku:introduction,119,119,sem/r7/nodes.csv:609,5A8E5720BC2EF8905BF85F7919C65AC4A87A31CFC854BD77E6B5084C0D2DEBEF,,,,,needs_review,generated_intake,,,Requires statement-level mathematical comparison.
tohoku:introduction:I:p1,119,introduction,tohoku:introduction,119,119,sem/r7/nodes.csv:610,5A8E5720BC2EF8905BF85F7919C65AC4A87A31CFC854BD77E6B5084C0D2DEBEF,derived-functor,cohomology-section-derived-functors;derived-section-right-derived-functor,0156;0716,,needs_review,generated_intake,,,Requires statement-level mathematical comparison.
tohoku:introduction:I:p2,119,introduction,tohoku:introduction,119,119,sem/r7/nodes.csv:611,5A8E5720BC2EF8905BF85F7919C65AC4A87A31CFC854BD77E6B5084C0D2DEBEF,abelian;injectives,derived-section-injective-resolutions;homology-section-abelian-categories;homology-section-injectives,00ZX;0134;013G,,needs_review,generated_intake,,,Requires statement-level mathematical comparison.
tohoku:introduction:I:p3,119,introduction,tohoku:introduction,119,119,sem/r7/nodes.csv:612,5A8E5720BC2EF8905BF85F7919C65AC4A87A31CFC854BD77E6B5084C0D2DEBEF,abelian,homology-section-abelian-categories,00ZX,,needs_review,generated_intake,,,Requires statement-level mathematical comparison.
tohoku:introduction:I:p4,119,introduction,tohoku:introduction,119,119,sem/r7/nodes.csv:613,5A8E5720BC2EF8905BF85F7919C65AC4A87A31CFC854BD77E6B5084C0D2DEBEF,spectral-sequence,homology-section-spectral-sequence,011M,,needs_review,generated_intake,,,Requires statement-level mathematical comparison.
tohoku:introduction:I:p4:cont:p120,120,introduction,tohoku:introduction,120,120,sem/r7/nodes.csv:614,5A8E5720BC2EF8905BF85F7919C65AC4A87A31CFC854BD77E6B5084C0D2DEBEF,,,,,needs_review,generated_intake,,,Requires statement-level mathematical comparison.
tohoku:introduction:I:p5,120,introduction,tohoku:introduction,120,120,sem/r7/nodes.csv:615,5A8E5720BC2EF8905BF85F7919C65AC4A87A31CFC854BD77E6B5084C0D2DEBEF,ext;spectral-sequence,cohomology-section-ext;derived-section-ext;homology-section-spectral-sequence,011M;06XP;0BQP,,needs_review,generated_intake,,,Requires statement-level mathematical comparison.
tohoku:introduction:I:p6,120,introduction,tohoku:introduction,120,120,sem/r7/nodes.csv:616,5A8E5720BC2EF8905BF85F7919C65AC4A87A31CFC854BD77E6B5084C0D2DEBEF,,,,,needs_review,generated_intake,,,Requires statement-level mathematical comparison.
tohoku:introduction:II,120,introduction,tohoku:introduction,120,120,sem/r7/nodes.csv:617,5A8E5720BC2EF8905BF85F7919C65AC4A87A31CFC854BD77E6B5084C0D2DEBEF,,,,,needs_review,generated_intake,,,Requires statement-level mathematical comparison.
tohoku:introduction:II:a,120,introduction,tohoku:introduction,120,120,sem/r7/nodes.csv:618,5A8E5720BC2EF8905BF85F7919C65AC4A87A31CFC854BD77E6B5084C0D2DEBEF,ext,cohomology-section-ext;derived-section-ext,06XP;0BQP,,needs_review,generated_intake,,,Requires statement-level mathematical comparison.
tohoku:introduction:II:b,120,introduction,tohoku:introduction,120,120,sem/r7/nodes.csv:619,5A8E5720BC2EF8905BF85F7919C65AC4A87A31CFC854BD77E6B5084C0D2DEBEF,ext,cohomology-section-ext;derived-section-ext,06XP;0BQP,,needs_review,generated_intake,,,Requires statement-level mathematical comparison.
tohoku:introduction:II:c,120,introduction,tohoku:introduction,120,120,sem/r7/nodes.csv:620,5A8E5720BC2EF8905BF85F7919C65AC4A87A31CFC854BD77E6B5084C0D2DEBEF,,,,,needs_review,generated_intake,,,Requires statement-level mathematical comparison.
tohoku:introduction:II:p1,120,introduction,tohoku:introduction,120,120,sem/r7/nodes.csv:621,5A8E5720BC2EF8905BF85F7919C65AC4A87A31CFC854BD77E6B5084C0D2DEBEF,,,,,needs_review,generated_intake,,,Requires statement-level mathematical comparison.
tohoku:introduction:III,120,introduction,tohoku:introduction,120,120,sem/r7/nodes.csv:622,5A8E5720BC2EF8905BF85F7919C65AC4A87A31CFC854BD77E6B5084C0D2DEBEF,,,,,needs_review,generated_intake,,,Requires statement-level mathematical comparison.
tohoku:introduction:III:p1,120;121,introduction,tohoku:introduction:III,120,121,sem/r7/nodes.csv:623,5A8E5720BC2EF8905BF85F7919C65AC4A87A31CFC854BD77E6B5084C0D2DEBEF,,,,,needs_review,generated_intake,,,Requires statement-level mathematical comparison.
tohoku:introduction:III:p2,121,introduction,tohoku:introduction:III,121,121,sem/r7/nodes.csv:624,5A8E5720BC2EF8905BF85F7919C65AC4A87A31CFC854BD77E6B5084C0D2DEBEF,,,,,needs_review,generated_intake,,,Requires statement-level mathematical comparison.
tohoku:introduction:footnote:1,119,introduction,tohoku:introduction,119,119,sem/r7/nodes.csv:625,5A8E5720BC2EF8905BF85F7919C65AC4A87A31CFC854BD77E6B5084C0D2DEBEF,,,,,needs_review,generated_intake,,,Requires statement-level mathematical comparison.
tohoku:introduction:footnote:1bis,120;121,introduction,tohoku:introduction:III:p1,120,121,sem/r7/nodes.csv:626,5A8E5720BC2EF8905BF85F7919C65AC4A87A31CFC854BD77E6B5084C0D2DEBEF,,,,,needs_review,generated_intake,,,Requires statement-level mathematical comparison.
tohoku:lemma:1.10.1:1,136,lemma,tohoku:section:1.10,136,136,sem/r7/nodes.csv:627,5A8E5720BC2EF8905BF85F7919C65AC4A87A31CFC854BD77E6B5084C0D2DEBEF,ext;grothendieck-category;injectives,cohomology-section-ext;derived-section-ext;derived-section-injective-resolutions;homology-section-injectives;injectives-section-grothendieck-categories;injectives-section-grothendieck-conditions,0134;013G;05AB;06XP;079A;0BQP,,needs_review,generated_intake,,,Requires statement-level mathematical comparison.
tohoku:lemma:1.10.1:1:proof,136,lemma,tohoku:section:1.10,136,136,sem/r7/nodes.csv:628,5A8E5720BC2EF8905BF85F7919C65AC4A87A31CFC854BD77E6B5084C0D2DEBEF,ext;grothendieck-category,cohomology-section-ext;derived-section-ext;injectives-section-grothendieck-categories;injectives-section-grothendieck-conditions,05AB;06XP;079A;0BQP,,needs_review,generated_intake,,,Requires statement-level mathematical comparison.
tohoku:lemma:3.3.1,158,lemma,tohoku:section:3.3,158,158,sem/r7/nodes.csv:629,5A8E5720BC2EF8905BF85F7919C65AC4A87A31CFC854BD77E6B5084C0D2DEBEF,abelian;injectives,derived-section-injective-resolutions;homology-section-abelian-categories;homology-section-injectives,00ZX;0134;013G,,needs_review,generated_intake,,,Requires statement-level mathematical comparison.
tohoku:lemma:3.6.4,170,lemma,tohoku:section:3.6,170,170,sem/r7/nodes.csv:630,5A8E5720BC2EF8905BF85F7919C65AC4A87A31CFC854BD77E6B5084C0D2DEBEF,limits,categories-section-directed-colimits;categories-section-limits;cohomology-section-limits,002D;01FE;04AX,,needs_review,generated_intake,,,Requires statement-level mathematical comparison.
tohoku:lemma:3.7.1,172,lemma,tohoku:section:3.7,172,172,sem/r7/nodes.csv:631,5A8E5720BC2EF8905BF85F7919C65AC4A87A31CFC854BD77E6B5084C0D2DEBEF,,,,,needs_review,generated_intake,,,Requires statement-level mathematical comparison.
tohoku:lemma:3.7.2,173,lemma,tohoku:section:3.7,173,173,sem/r7/nodes.csv:632,5A8E5720BC2EF8905BF85F7919C65AC4A87A31CFC854BD77E6B5084C0D2DEBEF,abelian;derived-functor;injectives,cohomology-section-derived-functors;derived-section-injective-resolutions;derived-section-right-derived-functor;homology-section-abelian-categories;homology-section-injectives,00ZX;0134;013G;0156;0716,,needs_review,generated_intake,,,Requires statement-level mathematical comparison.
tohoku:lemma:3.8.2,176,lemma,tohoku:section:3.8,176,176,sem/r7/nodes.csv:633,5A8E5720BC2EF8905BF85F7919C65AC4A87A31CFC854BD77E6B5084C0D2DEBEF,,,,,needs_review,generated_intake,,,Requires statement-level mathematical comparison.
tohoku:lemma:4.1.1,186,lemma,tohoku:section:4.1,186,186,sem/r7/nodes.csv:634,8D632A04EE0FA987B40B721BEE6E64BB3E641D6A1CE02335556213F1564C9A53,,,,,needs_review,generated_intake,,,Requires statement-level mathematical comparison.
tohoku:lemma:4.3:gamma-injective,191,lemma,tohoku:section:4.3,191,191,sem/r7/nodes.csv:635,8D632A04EE0FA987B40B721BEE6E64BB3E641D6A1CE02335556213F1564C9A53,injectives,derived-section-injective-resolutions;homology-section-injectives,0134;013G,,needs_review,generated_intake,,,Requires statement-level mathematical comparison.
tohoku:lemma:5.5.1,207,lemma,tohoku:section:5.5,207,207,sem/r7/nodes.csv:636,8D632A04EE0FA987B40B721BEE6E64BB3E641D6A1CE02335556213F1564C9A53,abelian;derived-functor;injectives,cohomology-section-derived-functors;derived-section-injective-resolutions;derived-section-right-derived-functor;homology-section-abelian-categories;homology-section-injectives,00ZX;0134;013G;0156;0716,,needs_review,generated_intake,,,Requires statement-level mathematical comparison.
tohoku:lemma:5.5.2,207,lemma,tohoku:section:5.5,207,207,sem/r7/nodes.csv:637,8D632A04EE0FA987B40B721BEE6E64BB3E641D6A1CE02335556213F1564C9A53,,,,,needs_review,generated_intake,,,Requires statement-level mathematical comparison.
tohoku:lemma:5.5.5,212,lemma,tohoku:section:5.5,212,212,sem/r7/nodes.csv:638,8D632A04EE0FA987B40B721BEE6E64BB3E641D6A1CE02335556213F1564C9A53,,,,,needs_review,generated_intake,,,Requires statement-level mathematical comparison.
tohoku:lemma:5.6.1,215,lemma,tohoku:section:5.6,215,215,sem/r7/nodes.csv:639,8D632A04EE0FA987B40B721BEE6E64BB3E641D6A1CE02335556213F1564C9A53,derived-functor;injectives,cohomology-section-derived-functors;derived-section-injective-resolutions;derived-section-right-derived-functor;homology-section-injectives,0134;013G;0156;0716,,needs_review,generated_intake,,,Requires statement-level mathematical comparison.
tohoku:lemma:5.6.2,216,lemma,tohoku:section:5.6,216,216,sem/r7/nodes.csv:640,8D632A04EE0FA987B40B721BEE6E64BB3E641D6A1CE02335556213F1564C9A53,injectives,derived-section-injective-resolutions;homology-section-injectives,0134;013G,,needs_review,generated_intake,,,Requires statement-level mathematical comparison.
tohoku:lemma:open-sections-derived,175,lemma,tohoku:section:3.8,175,175,sem/r7/nodes.csv:641,5A8E5720BC2EF8905BF85F7919C65AC4A87A31CFC854BD77E6B5084C0D2DEBEF,derived-functor;injectives,cohomology-section-derived-functors;derived-section-injective-resolutions;derived-section-right-derived-functor;homology-section-injectives,0134;013G;0156;0716,,needs_review,generated_intake,,,Requires statement-level mathematical comparison.
tohoku:lemma:product-sheaf-cech-acyclic,174,lemma,tohoku:section:3.8,174,174,sem/r7/nodes.csv:642,5A8E5720BC2EF8905BF85F7919C65AC4A87A31CFC854BD77E6B5084C0D2DEBEF,cech;derived-functor,cohomology-section-cech;cohomology-section-cech-cohomology-cohomology;cohomology-section-derived-functors;derived-section-right-derived-functor,0156;01ED;01EO;0716,,needs_review,generated_intake,,,Requires statement-level mathematical comparison.
tohoku:map:3.4.2:u,163,map,tohoku:section:3.4,163,163,sem/r7/nodes.csv:643,5A8E5720BC2EF8905BF85F7919C65AC4A87A31CFC854BD77E6B5084C0D2DEBEF,,,,,needs_review,generated_intake,,,Requires statement-level mathematical comparison.
tohoku:map:5.5.5,208,map,tohoku:section:5.5,208,208,sem/r7/nodes.csv:644,8D632A04EE0FA987B40B721BEE6E64BB3E641D6A1CE02335556213F1564C9A53,,,,,needs_review,generated_intake,,,Requires statement-level mathematical comparison.
tohoku:map:cech-to-derived-cohomology,175,map,tohoku:section:3.8,175,175,sem/r7/nodes.csv:645,5A8E5720BC2EF8905BF85F7919C65AC4A87A31CFC854BD77E6B5084C0D2DEBEF,cech,cohomology-section-cech;cohomology-section-cech-cohomology-cohomology,01ED;01EO,,needs_review,generated_intake,,,Requires statement-level mathematical comparison.
tohoku:map:global-cech-to-derived-cohomology,176,map,tohoku:section:3.8,176,176,sem/r7/nodes.csv:646,5A8E5720BC2EF8905BF85F7919C65AC4A87A31CFC854BD77E6B5084C0D2DEBEF,cech,cohomology-section-cech;cohomology-section-cech-cohomology-cohomology,01ED;01EO,,needs_review,generated_intake,,,Requires statement-level mathematical comparison.
tohoku:map:group-cohomology-stalk,194,map,tohoku:section:4.4,194,194,sem/r7/nodes.csv:647,8D632A04EE0FA987B40B721BEE6E64BB3E641D6A1CE02335556213F1564C9A53,,,,,needs_review,generated_intake,,,Requires statement-level mathematical comparison.
tohoku:map:point-cover-refinement-complexes,176,map,tohoku:section:3.8,176,176,sem/r7/nodes.csv:648,5A8E5720BC2EF8905BF85F7919C65AC4A87A31CFC854BD77E6B5084C0D2DEBEF,limits,categories-section-directed-colimits;categories-section-limits;cohomology-section-limits,002D;01FE;04AX,,needs_review,generated_intake,,,Requires statement-level mathematical comparison.
tohoku:morphism:satellite-to-derived,143,morphism,tohoku:section:2.3,143,143,sem/r7/nodes.csv:649,5A8E5720BC2EF8905BF85F7919C65AC4A87A31CFC854BD77E6B5084C0D2DEBEF,derived-functor,cohomology-section-derived-functors;derived-section-right-derived-functor,0156;0716,,needs_review,generated_intake,,,Requires statement-level mathematical comparison.
tohoku:obstruction:cech-not-cohomological,174,obstruction,tohoku:section:3.8,174,174,sem/r7/nodes.csv:650,5A8E5720BC2EF8905BF85F7919C65AC4A87A31CFC854BD77E6B5084C0D2DEBEF,cech,cohomology-section-cech;cohomology-section-cech-cohomology-cohomology,01ED;01EO,,needs_review,generated_intake,,,Requires statement-level mathematical comparison.
tohoku:obstruction:second-spectral-sequence-with-supports,220,obstruction,tohoku:section:5.7,220,220,sem/r7/nodes.csv:651,8D632A04EE0FA987B40B721BEE6E64BB3E641D6A1CE02335556213F1564C9A53,derived-functor;injectives;spectral-sequence;support,cohomology-section-cohomology-support;cohomology-section-derived-functors;derived-section-injective-resolutions;derived-section-right-derived-functor;homology-section-injectives;homology-section-spectral-sequence,011M;0134;013G;0156;0716;0A39,,needs_review,generated_intake,,,Requires statement-level mathematical comparison.
tohoku:paper,119,paper,tohoku,119,119,sem/r7/nodes.csv:652,5A8E5720BC2EF8905BF85F7919C65AC4A87A31CFC854BD77E6B5084C0D2DEBEF,,,,,structural_only,classified,,,Source structure; no independent Stacks object.
tohoku:proof:3.1.1:p1,155,proof,tohoku:section:3.1,155,155,sem/r7/nodes.csv:653,5A8E5720BC2EF8905BF85F7919C65AC4A87A31CFC854BD77E6B5084C0D2DEBEF,,,,,structural_only,inherits_parent,,,Embedded source component; inherit the parent disposition.
tohoku:proof:3.1.1:p2,156,proof,tohoku:section:3.1,156,156,sem/r7/nodes.csv:654,5A8E5720BC2EF8905BF85F7919C65AC4A87A31CFC854BD77E6B5084C0D2DEBEF,,,,,structural_only,inherits_parent,,,Embedded source component; inherit the parent disposition.
tohoku:proof:3.4.1,161,proof,tohoku:section:3.4,161,161,sem/r7/nodes.csv:655,5A8E5720BC2EF8905BF85F7919C65AC4A87A31CFC854BD77E6B5084C0D2DEBEF,,,,,structural_only,inherits_parent,,,Embedded source component; inherit the parent disposition.
tohoku:proof:3.4.2:closure,164,proof,tohoku:section:3.4,164,164,sem/r7/nodes.csv:656,5A8E5720BC2EF8905BF85F7919C65AC4A87A31CFC854BD77E6B5084C0D2DEBEF,,,,,structural_only,inherits_parent,,,Embedded source component; inherit the parent disposition.
tohoku:proof:3.4.2:p1,162,proof,tohoku:section:3.4,162,162,sem/r7/nodes.csv:657,5A8E5720BC2EF8905BF85F7919C65AC4A87A31CFC854BD77E6B5084C0D2DEBEF,,,,,structural_only,inherits_parent,,,Embedded source component; inherit the parent disposition.
tohoku:proof:3.5.1,167,proof,tohoku:section:3.5,167,167,sem/r7/nodes.csv:658,5A8E5720BC2EF8905BF85F7919C65AC4A87A31CFC854BD77E6B5084C0D2DEBEF,delta-functor;injectives,derived-section-injective-resolutions;homology-section-cohomological-delta-functor;homology-section-injectives,010P;0134;013G,,structural_only,inherits_parent,,,Embedded source component; inherit the parent disposition.
tohoku:proof:3.6.1:p1,167,proof,tohoku:section:3.6,167,167,sem/r7/nodes.csv:659,5A8E5720BC2EF8905BF85F7919C65AC4A87A31CFC854BD77E6B5084C0D2DEBEF,,,,,structural_only,inherits_parent,,,Embedded source component; inherit the parent disposition.
tohoku:proof:3.6.1:p2,168,proof,tohoku:section:3.6,168,168,sem/r7/nodes.csv:660,5A8E5720BC2EF8905BF85F7919C65AC4A87A31CFC854BD77E6B5084C0D2DEBEF,grothendieck-category,injectives-section-grothendieck-categories;injectives-section-grothendieck-conditions,05AB;079A,,structural_only,inherits_parent,,,Embedded source component; inherit the parent disposition.
tohoku:proof:3.6.1:p3,169,proof,tohoku:section:3.6,169,169,sem/r7/nodes.csv:661,5A8E5720BC2EF8905BF85F7919C65AC4A87A31CFC854BD77E6B5084C0D2DEBEF,,,,,structural_only,inherits_parent,,,Embedded source component; inherit the parent disposition.
tohoku:proof:3.6.2:p1,169,proof,tohoku:section:3.6,169,169,sem/r7/nodes.csv:662,5A8E5720BC2EF8905BF85F7919C65AC4A87A31CFC854BD77E6B5084C0D2DEBEF,limits,categories-section-directed-colimits;categories-section-limits;cohomology-section-limits,002D;01FE;04AX,,structural_only,inherits_parent,,,Embedded source component; inherit the parent disposition.
tohoku:proof:3.6.2:p2,170,proof,tohoku:section:3.6,170,170,sem/r7/nodes.csv:663,5A8E5720BC2EF8905BF85F7919C65AC4A87A31CFC854BD77E6B5084C0D2DEBEF,injectives,derived-section-injective-resolutions;homology-section-injectives,0134;013G,,structural_only,inherits_parent,,,Embedded source component; inherit the parent disposition.
tohoku:proof:3.6.3,170,proof,tohoku:section:3.6,170,170,sem/r7/nodes.csv:664,5A8E5720BC2EF8905BF85F7919C65AC4A87A31CFC854BD77E6B5084C0D2DEBEF,,,,,structural_only,inherits_parent,,,Embedded source component; inherit the parent disposition.
tohoku:proof:3.6.4,170,proof,tohoku:section:3.6,170,170,sem/r7/nodes.csv:665,5A8E5720BC2EF8905BF85F7919C65AC4A87A31CFC854BD77E6B5084C0D2DEBEF,limits,categories-section-directed-colimits;categories-section-limits;cohomology-section-limits,002D;01FE;04AX,,structural_only,inherits_parent,,,Embedded source component; inherit the parent disposition.
tohoku:proof:3.6.5:p1,170,proof,tohoku:section:3.6,170,170,sem/r7/nodes.csv:666,5A8E5720BC2EF8905BF85F7919C65AC4A87A31CFC854BD77E6B5084C0D2DEBEF,,,,,structural_only,inherits_parent,,,Embedded source component; inherit the parent disposition.
tohoku:proof:3.6.5:p2,171,proof,tohoku:section:3.6,171,171,sem/r7/nodes.csv:667,5A8E5720BC2EF8905BF85F7919C65AC4A87A31CFC854BD77E6B5084C0D2DEBEF,,,,,structural_only,inherits_parent,,,Embedded source component; inherit the parent disposition.
tohoku:proof:3.7.1:1,172,proof,tohoku:section:3.7,172,172,sem/r7/nodes.csv:668,5A8E5720BC2EF8905BF85F7919C65AC4A87A31CFC854BD77E6B5084C0D2DEBEF,injectives,derived-section-injective-resolutions;homology-section-injectives,0134;013G,,structural_only,inherits_parent,,,Embedded source component; inherit the parent disposition.
tohoku:proof:3.7.1:2:p1,172,proof,tohoku:section:3.7,172,172,sem/r7/nodes.csv:669,5A8E5720BC2EF8905BF85F7919C65AC4A87A31CFC854BD77E6B5084C0D2DEBEF,,,,,structural_only,inherits_parent,,,Embedded source component; inherit the parent disposition.
tohoku:proof:3.7.1:2:p2,173,proof,tohoku:section:3.7,173,173,sem/r7/nodes.csv:670,5A8E5720BC2EF8905BF85F7919C65AC4A87A31CFC854BD77E6B5084C0D2DEBEF,support,cohomology-section-cohomology-support,0A39,,structural_only,inherits_parent,,,Embedded source component; inherit the parent disposition.
tohoku:proof:3.7.2,173,proof,tohoku:section:3.7,173,173,sem/r7/nodes.csv:671,5A8E5720BC2EF8905BF85F7919C65AC4A87A31CFC854BD77E6B5084C0D2DEBEF,injectives,derived-section-injective-resolutions;homology-section-injectives,0134;013G,,structural_only,inherits_parent,,,Embedded source component; inherit the parent disposition.
tohoku:proof:3.8.1:corollary-4:fixed-cover,177,proof,tohoku:section:3.8,177,177,sem/r7/nodes.csv:672,5A8E5720BC2EF8905BF85F7919C65AC4A87A31CFC854BD77E6B5084C0D2DEBEF,cech,cohomology-section-cech;cohomology-section-cech-cohomology-cohomology,01ED;01EO,,structural_only,inherits_parent,,,Embedded source component; inherit the parent disposition.
tohoku:proof:3.8.1:corollary-4:induction,177,proof,tohoku:section:3.8,177,177,sem/r7/nodes.csv:673,5A8E5720BC2EF8905BF85F7919C65AC4A87A31CFC854BD77E6B5084C0D2DEBEF,cech,cohomology-section-cech;cohomology-section-cech-cohomology-cohomology,01ED;01EO,,structural_only,inherits_parent,,,Embedded source component; inherit the parent disposition.
tohoku:proof:3.8.2,176,proof,tohoku:section:3.8,176,176,sem/r7/nodes.csv:674,5A8E5720BC2EF8905BF85F7919C65AC4A87A31CFC854BD77E6B5084C0D2DEBEF,derived-functor;injectives,cohomology-section-derived-functors;derived-section-injective-resolutions;derived-section-right-derived-functor;homology-section-injectives,0134;013G;0156;0716,,structural_only,inherits_parent,,,Embedded source component; inherit the parent disposition.
tohoku:proof:5.1.1:p1,196,proof,tohoku:section:5.1,196,196,sem/r7/nodes.csv:675,8D632A04EE0FA987B40B721BEE6E64BB3E641D6A1CE02335556213F1564C9A53,grothendieck-category,injectives-section-grothendieck-categories;injectives-section-grothendieck-conditions,05AB;079A,,structural_only,inherits_parent,,,Embedded source component; inherit the parent disposition.
tohoku:proof:5.1.2,197,proof,tohoku:section:5.1,197,197,sem/r7/nodes.csv:676,8D632A04EE0FA987B40B721BEE6E64BB3E641D6A1CE02335556213F1564C9A53,injectives,derived-section-injective-resolutions;homology-section-injectives,0134;013G,,structural_only,inherits_parent,,,Embedded source component; inherit the parent disposition.
tohoku:proof:5.1.3,198,proof,tohoku:section:5.1,198,198,sem/r7/nodes.csv:677,8D632A04EE0FA987B40B721BEE6E64BB3E641D6A1CE02335556213F1564C9A53,injectives,derived-section-injective-resolutions;homology-section-injectives,0134;013G,,structural_only,inherits_parent,,,Embedded source component; inherit the parent disposition.
tohoku:proof:R-quotient-ZYm:p1,168,proof,tohoku:section:3.6,168,168,sem/r7/nodes.csv:678,5A8E5720BC2EF8905BF85F7919C65AC4A87A31CFC854BD77E6B5084C0D2DEBEF,,,,,structural_only,inherits_parent,,,Embedded source component; inherit the parent disposition.
tohoku:proof:R-quotient-ZYm:p2,169,proof,tohoku:section:3.6,169,169,sem/r7/nodes.csv:679,5A8E5720BC2EF8905BF85F7919C65AC4A87A31CFC854BD77E6B5084C0D2DEBEF,,,,,structural_only,inherits_parent,,,Embedded source component; inherit the parent disposition.
tohoku:proof:cartan-leray-derived-functor,175,proof,tohoku:section:3.8,175,175,sem/r7/nodes.csv:680,5A8E5720BC2EF8905BF85F7919C65AC4A87A31CFC854BD77E6B5084C0D2DEBEF,exact-functor;injectives;spectral-sequence,categories-section-exact-functor;derived-section-injective-resolutions;homology-section-injectives;homology-section-spectral-sequence,0033;011M;0134;013G,,structural_only,inherits_parent,,,Embedded source component; inherit the parent disposition.
tohoku:proof:coinduced-hom-acyclicity,215;216,proof,tohoku:section:5.6,215,216,sem/r7/nodes.csv:681,8D632A04EE0FA987B40B721BEE6E64BB3E641D6A1CE02335556213F1564C9A53,derived-functor,cohomology-section-derived-functors;derived-section-right-derived-functor,0156;0716,,structural_only,inherits_parent,,,Embedded source component; inherit the parent disposition.
tohoku:proof:corollary-2-theorem-5.5.3,209,proof,tohoku:section:5.5,209,209,sem/r7/nodes.csv:682,8D632A04EE0FA987B40B721BEE6E64BB3E641D6A1CE02335556213F1564C9A53,,,,,structural_only,inherits_parent,,,Embedded source component; inherit the parent disposition.
tohoku:proof:corollary-3.10.1-1,182,proof,tohoku:section:3.10,182,182,sem/r7/nodes.csv:683,5A8E5720BC2EF8905BF85F7919C65AC4A87A31CFC854BD77E6B5084C0D2DEBEF,,,,,structural_only,inherits_parent,,,Embedded source component; inherit the parent disposition.
tohoku:proof:corollary-3.10.1-2,182,proof,tohoku:section:3.10,182,182,sem/r7/nodes.csv:684,5A8E5720BC2EF8905BF85F7919C65AC4A87A31CFC854BD77E6B5084C0D2DEBEF,derived-functor,cohomology-section-derived-functors;derived-section-right-derived-functor,0156;0716,,structural_only,inherits_parent,,,Embedded source component; inherit the parent disposition.
tohoku:proof:corollary-3.9.1-1:necessity,179,proof,tohoku:section:3.9,179,179,sem/r7/nodes.csv:685,5A8E5720BC2EF8905BF85F7919C65AC4A87A31CFC854BD77E6B5084C0D2DEBEF,cech;spectral-sequence,cohomology-section-cech;cohomology-section-cech-cohomology-cohomology;homology-section-spectral-sequence,011M;01ED;01EO,,structural_only,inherits_parent,,,Embedded source component; inherit the parent disposition.
tohoku:proof:corollary-3.9.1-1:sufficiency,179,proof,tohoku:section:3.9,179,179,sem/r7/nodes.csv:686,5A8E5720BC2EF8905BF85F7919C65AC4A87A31CFC854BD77E6B5084C0D2DEBEF,,,,,structural_only,inherits_parent,,,Embedded source component; inherit the parent disposition.
tohoku:proof:corollary-3.9.1-2,179,proof,tohoku:section:3.9,179,179,sem/r7/nodes.csv:687,5A8E5720BC2EF8905BF85F7919C65AC4A87A31CFC854BD77E6B5084C0D2DEBEF,,,,,structural_only,inherits_parent,,,Embedded source component; inherit the parent disposition.
tohoku:proof:corollary-3.9.1-3,180,proof,tohoku:section:3.9,180,180,sem/r7/nodes.csv:688,5A8E5720BC2EF8905BF85F7919C65AC4A87A31CFC854BD77E6B5084C0D2DEBEF,,,,,structural_only,inherits_parent,,,Embedded source component; inherit the parent disposition.
tohoku:proof:corollary-4.2.3,189,proof,tohoku:section:4.2,189,189,sem/r7/nodes.csv:689,8D632A04EE0FA987B40B721BEE6E64BB3E641D6A1CE02335556213F1564C9A53,spectral-sequence,homology-section-spectral-sequence,011M,,structural_only,inherits_parent,,,Embedded source component; inherit the parent disposition.
tohoku:proof:corollary-4.2.4:1,190,proof,tohoku:section:4.2,190,190,sem/r7/nodes.csv:690,8D632A04EE0FA987B40B721BEE6E64BB3E641D6A1CE02335556213F1564C9A53,,,,,structural_only,inherits_parent,,,Embedded source component; inherit the parent disposition.
tohoku:proof:corollary-4.3.2:1,192,proof,tohoku:section:4.3,192,192,sem/r7/nodes.csv:691,8D632A04EE0FA987B40B721BEE6E64BB3E641D6A1CE02335556213F1564C9A53,,,,,structural_only,inherits_parent,,,Embedded source component; inherit the parent disposition.
tohoku:proof:corollary-5.1.3,198,proof,tohoku:section:5.1,198,198,sem/r7/nodes.csv:692,8D632A04EE0FA987B40B721BEE6E64BB3E641D6A1CE02335556213F1564C9A53,,,,,structural_only,inherits_parent,,,Embedded source component; inherit the parent disposition.
tohoku:proof:corollary-5.2.1,200,proof,tohoku:section:5.2,200,200,sem/r7/nodes.csv:693,8D632A04EE0FA987B40B721BEE6E64BB3E641D6A1CE02335556213F1564C9A53,,,,,structural_only,inherits_parent,,,Embedded source component; inherit the parent disposition.
tohoku:proof:corollary-5.3.1:1,204,proof,tohoku:section:5.3,204,204,sem/r7/nodes.csv:694,8D632A04EE0FA987B40B721BEE6E64BB3E641D6A1CE02335556213F1564C9A53,,,,,structural_only,inherits_parent,,,Embedded source component; inherit the parent disposition.
tohoku:proof:corollary-5.3.1:2:p1,204;205,proof,tohoku:section:5.3,204,205,sem/r7/nodes.csv:695,8D632A04EE0FA987B40B721BEE6E64BB3E641D6A1CE02335556213F1564C9A53,spectral-sequence,homology-section-spectral-sequence,011M,,structural_only,inherits_parent,,,Embedded source component; inherit the parent disposition.
tohoku:proof:corollary-5.4.1,206,proof,tohoku:section:5.4,206,206,sem/r7/nodes.csv:696,8D632A04EE0FA987B40B721BEE6E64BB3E641D6A1CE02335556213F1564C9A53,injectives,derived-section-injective-resolutions;homology-section-injectives,0134;013G,,structural_only,inherits_parent,,,Embedded source component; inherit the parent disposition.
tohoku:proof:corollary-lemma-5.5.2,208,proof,tohoku:section:5.5,208,208,sem/r7/nodes.csv:697,8D632A04EE0FA987B40B721BEE6E64BB3E641D6A1CE02335556213F1564C9A53,,,,,structural_only,inherits_parent,,,Embedded source component; inherit the parent disposition.
tohoku:proof:equations-4.2.11-4.2.12,190,proof,tohoku:section:4.2,190,190,sem/r7/nodes.csv:698,8D632A04EE0FA987B40B721BEE6E64BB3E641D6A1CE02335556213F1564C9A53,,,,,structural_only,inherits_parent,,,Embedded source component; inherit the parent disposition.
tohoku:proof:independence-of-equation-5.5.12,211,proof,tohoku:section:5.5,211,211,sem/r7/nodes.csv:699,8D632A04EE0FA987B40B721BEE6E64BB3E641D6A1CE02335556213F1564C9A53,,,,,structural_only,inherits_parent,,,Embedded source component; inherit the parent disposition.
tohoku:proof:kunneth-collapse-4.3.4,192,proof,tohoku:section:4.3,192,192,sem/r7/nodes.csv:700,8D632A04EE0FA987B40B721BEE6E64BB3E641D6A1CE02335556213F1564C9A53,spectral-sequence,homology-section-spectral-sequence,011M,,structural_only,inherits_parent,,,Embedded source component; inherit the parent disposition.
tohoku:proof:lemma-4.1.1,186;187,proof,tohoku:section:4.1,186,187,sem/r7/nodes.csv:701,8D632A04EE0FA987B40B721BEE6E64BB3E641D6A1CE02335556213F1564C9A53,grothendieck-category,injectives-section-grothendieck-categories;injectives-section-grothendieck-conditions,05AB;079A,,structural_only,inherits_parent,,,Embedded source component; inherit the parent disposition.
tohoku:proof:lemma-4.3-gamma-injective,191,proof,tohoku:section:4.3,191,191,sem/r7/nodes.csv:702,8D632A04EE0FA987B40B721BEE6E64BB3E641D6A1CE02335556213F1564C9A53,derived-functor;exact-functor;injectives,categories-section-exact-functor;cohomology-section-derived-functors;derived-section-injective-resolutions;derived-section-right-derived-functor;homology-section-injectives,0033;0134;013G;0156;0716,,structural_only,inherits_parent,,,Embedded source component; inherit the parent disposition.
tohoku:proof:lemma-5.5.1,207,proof,tohoku:section:5.5,207,207,sem/r7/nodes.csv:703,8D632A04EE0FA987B40B721BEE6E64BB3E641D6A1CE02335556213F1564C9A53,derived-functor;injectives,cohomology-section-derived-functors;derived-section-injective-resolutions;derived-section-right-derived-functor;homology-section-injectives,0134;013G;0156;0716,,structural_only,inherits_parent,,,Embedded source component; inherit the parent disposition.
tohoku:proof:lemma-5.5.2:p1,207;208,proof,tohoku:section:5.5,207,208,sem/r7/nodes.csv:704,8D632A04EE0FA987B40B721BEE6E64BB3E641D6A1CE02335556213F1564C9A53,derived-functor;ext;injectives,cohomology-section-derived-functors;cohomology-section-ext;derived-section-ext;derived-section-injective-resolutions;derived-section-right-derived-functor;homology-section-injectives,0134;013G;0156;06XP;0716;0BQP,,structural_only,inherits_parent,,,Embedded source component; inherit the parent disposition.
tohoku:proof:lemma-5.5.5,212;213,proof,tohoku:section:5.5,212,213,sem/r7/nodes.csv:705,8D632A04EE0FA987B40B721BEE6E64BB3E641D6A1CE02335556213F1564C9A53,cech,cohomology-section-cech;cohomology-section-cech-cohomology-cohomology,01ED;01EO,,structural_only,inherits_parent,,,Embedded source component; inherit the parent disposition.
tohoku:proof:lemma-5.6.1,215,proof,tohoku:section:5.6,215,215,sem/r7/nodes.csv:706,8D632A04EE0FA987B40B721BEE6E64BB3E641D6A1CE02335556213F1564C9A53,injectives,derived-section-injective-resolutions;homology-section-injectives,0134;013G,,structural_only,inherits_parent,,,Embedded source component; inherit the parent disposition.
tohoku:proof:lemma-5.6.2,216;217,proof,tohoku:section:5.6,216,217,sem/r7/nodes.csv:707,8D632A04EE0FA987B40B721BEE6E64BB3E641D6A1CE02335556213F1564C9A53,injectives,derived-section-injective-resolutions;homology-section-injectives,0134;013G,,structural_only,inherits_parent,,,Embedded source component; inherit the parent disposition.
tohoku:proof:proposition-3.10.1:p1,181,proof,tohoku:section:3.10,181,181,sem/r7/nodes.csv:708,5A8E5720BC2EF8905BF85F7919C65AC4A87A31CFC854BD77E6B5084C0D2DEBEF,injectives,derived-section-injective-resolutions;homology-section-injectives,0134;013G,,structural_only,inherits_parent,,,Embedded source component; inherit the parent disposition.
tohoku:proof:proposition-3.10.1:p2,182,proof,tohoku:section:3.10,182,182,sem/r7/nodes.csv:709,5A8E5720BC2EF8905BF85F7919C65AC4A87A31CFC854BD77E6B5084C0D2DEBEF,,,,,structural_only,inherits_parent,,,Embedded source component; inherit the parent disposition.
tohoku:proof:proposition-3.9.2:finite-intersection:p1,180,proof,tohoku:section:3.9,180,180,sem/r7/nodes.csv:710,5A8E5720BC2EF8905BF85F7919C65AC4A87A31CFC854BD77E6B5084C0D2DEBEF,cech,cohomology-section-cech;cohomology-section-cech-cohomology-cohomology,01ED;01EO,,structural_only,inherits_parent,,,Embedded source component; inherit the parent disposition.
tohoku:proof:proposition-3.9.2:finite-intersection:p2,181,proof,tohoku:section:3.9,181,181,sem/r7/nodes.csv:711,5A8E5720BC2EF8905BF85F7919C65AC4A87A31CFC854BD77E6B5084C0D2DEBEF,cech,cohomology-section-cech;cohomology-section-cech-cohomology-cohomology,01ED;01EO,,structural_only,inherits_parent,,,Embedded source component; inherit the parent disposition.
tohoku:proof:proposition-4.1.1:p1,185;186,proof,tohoku:section:4.1,185,186,sem/r7/nodes.csv:712,8D632A04EE0FA987B40B721BEE6E64BB3E641D6A1CE02335556213F1564C9A53,,,,,structural_only,inherits_parent,,,Embedded source component; inherit the parent disposition.
tohoku:proof:proposition-4.1.1:p2,186,proof,tohoku:section:4.1,186,186,sem/r7/nodes.csv:713,8D632A04EE0FA987B40B721BEE6E64BB3E641D6A1CE02335556213F1564C9A53,,,,,structural_only,inherits_parent,,,Embedded source component; inherit the parent disposition.
tohoku:proof:proposition-4.1.1:p3,186,proof,tohoku:section:4.1,186,186,sem/r7/nodes.csv:714,8D632A04EE0FA987B40B721BEE6E64BB3E641D6A1CE02335556213F1564C9A53,,,,,structural_only,inherits_parent,,,Embedded source component; inherit the parent disposition.
tohoku:proof:proposition-4.1.3,187,proof,tohoku:section:4.1,187,187,sem/r7/nodes.csv:715,8D632A04EE0FA987B40B721BEE6E64BB3E641D6A1CE02335556213F1564C9A53,ext;injectives,cohomology-section-ext;derived-section-ext;derived-section-injective-resolutions;homology-section-injectives,0134;013G;06XP;0BQP,,structural_only,inherits_parent,,,Embedded source component; inherit the parent disposition.
tohoku:proof:proposition-4.2.3,189,proof,tohoku:section:4.2,189,189,sem/r7/nodes.csv:716,8D632A04EE0FA987B40B721BEE6E64BB3E641D6A1CE02335556213F1564C9A53,exact-functor;ext,categories-section-exact-functor;cohomology-section-ext;derived-section-ext,0033;06XP;0BQP,,structural_only,inherits_parent,,,Embedded source component; inherit the parent disposition.
tohoku:proof:proposition-4.2.4,189,proof,tohoku:section:4.2,189,189,sem/r7/nodes.csv:717,8D632A04EE0FA987B40B721BEE6E64BB3E641D6A1CE02335556213F1564C9A53,derived-functor;injectives,cohomology-section-derived-functors;derived-section-injective-resolutions;derived-section-right-derived-functor;homology-section-injectives,0134;013G;0156;0716,,structural_only,inherits_parent,,,Embedded source component; inherit the parent disposition.
tohoku:proof:proposition-4.3.2,191,proof,tohoku:section:4.3,191,191,sem/r7/nodes.csv:718,8D632A04EE0FA987B40B721BEE6E64BB3E641D6A1CE02335556213F1564C9A53,,,,,structural_only,inherits_parent,,,Embedded source component; inherit the parent disposition.
tohoku:proof:proposition-5.2.2:p1,201;202,proof,tohoku:section:5.2,201,202,sem/r7/nodes.csv:719,8D632A04EE0FA987B40B721BEE6E64BB3E641D6A1CE02335556213F1564C9A53,injectives;spectral-sequence,derived-section-injective-resolutions;homology-section-injectives;homology-section-spectral-sequence,011M;0134;013G,,structural_only,inherits_parent,,,Embedded source component; inherit the parent disposition.
tohoku:proof:proposition-5.2.3,202,proof,tohoku:section:5.2,202,202,sem/r7/nodes.csv:720,8D632A04EE0FA987B40B721BEE6E64BB3E641D6A1CE02335556213F1564C9A53,spectral-sequence,homology-section-spectral-sequence,011M,,structural_only,inherits_parent,,,Embedded source component; inherit the parent disposition.
tohoku:proof:remark-4.4.1:1,194;195,proof,tohoku:section:4.4,194,195,sem/r7/nodes.csv:721,8D632A04EE0FA987B40B721BEE6E64BB3E641D6A1CE02335556213F1564C9A53,ext;injectives;spectral-sequence,cohomology-section-ext;derived-section-ext;derived-section-injective-resolutions;homology-section-injectives;homology-section-spectral-sequence,011M;0134;013G;06XP;0BQP,,structural_only,inherits_parent,,,Embedded source component; inherit the parent disposition.
tohoku:proof:theorem-3.9.1:base-k-one,180,proof,tohoku:section:3.9,180,180,sem/r7/nodes.csv:722,5A8E5720BC2EF8905BF85F7919C65AC4A87A31CFC854BD77E6B5084C0D2DEBEF,spectral-sequence,homology-section-spectral-sequence,011M,,structural_only,inherits_parent,,,Embedded source component; inherit the parent disposition.
tohoku:proof:theorem-3.9.1:induction-on-k,180,proof,tohoku:section:3.9,180,180,sem/r7/nodes.csv:723,5A8E5720BC2EF8905BF85F7919C65AC4A87A31CFC854BD77E6B5084C0D2DEBEF,,,,,structural_only,inherits_parent,,,Embedded source component; inherit the parent disposition.
tohoku:proof:theorem-3.9.1:induction-on-n,180,proof,tohoku:section:3.9,180,180,sem/r7/nodes.csv:724,5A8E5720BC2EF8905BF85F7919C65AC4A87A31CFC854BD77E6B5084C0D2DEBEF,,,,,structural_only,inherits_parent,,,Embedded source component; inherit the parent disposition.
tohoku:proof:theorem-4.2.2,189,proof,tohoku:section:4.2,189,189,sem/r7/nodes.csv:725,8D632A04EE0FA987B40B721BEE6E64BB3E641D6A1CE02335556213F1564C9A53,ext;injectives,cohomology-section-ext;derived-section-ext;derived-section-injective-resolutions;homology-section-injectives,0134;013G;06XP;0BQP,,structural_only,inherits_parent,,,Embedded source component; inherit the parent disposition.
tohoku:proof:theorem-5.2.1:p1,200;201,proof,tohoku:section:5.2,200,201,sem/r7/nodes.csv:726,8D632A04EE0FA987B40B721BEE6E64BB3E641D6A1CE02335556213F1564C9A53,derived-functor,cohomology-section-derived-functors;derived-section-right-derived-functor,0156;0716,,structural_only,inherits_parent,,,Embedded source component; inherit the parent disposition.
tohoku:proof:theorem-5.3.1,204,proof,tohoku:section:5.3,204,204,sem/r7/nodes.csv:727,8D632A04EE0FA987B40B721BEE6E64BB3E641D6A1CE02335556213F1564C9A53,,,,,structural_only,inherits_parent,,,Embedded source component; inherit the parent disposition.
tohoku:proof:theorem-5.6.3-locally-free-corollary,218,proof,tohoku:section:5.6,218,218,sem/r7/nodes.csv:728,8D632A04EE0FA987B40B721BEE6E64BB3E641D6A1CE02335556213F1564C9A53,ext;spectral-sequence,cohomology-section-ext;derived-section-ext;homology-section-spectral-sequence,011M;06XP;0BQP,,structural_only,inherits_parent,,,Embedded source component; inherit the parent disposition.
tohoku:proof:transformation-first-spectral-sequence:p1,205;206,proof,tohoku:section:5.4,205,206,sem/r7/nodes.csv:729,8D632A04EE0FA987B40B721BEE6E64BB3E641D6A1CE02335556213F1564C9A53,,,,,structural_only,inherits_parent,,,Embedded source component; inherit the parent disposition.
tohoku:prop:1.6.1,131,proposition,tohoku:section:1.6,131,131,sem/r7/nodes.csv:730,5A8E5720BC2EF8905BF85F7919C65AC4A87A31CFC854BD77E6B5084C0D2DEBEF,additive,homology-section-additive-categories,09SE,,needs_review,generated_intake,,,Requires statement-level mathematical comparison.
tohoku:prop:1.6.1:proof,131,proposition,tohoku:section:1.6,131,131,sem/r7/nodes.csv:731,5A8E5720BC2EF8905BF85F7919C65AC4A87A31CFC854BD77E6B5084C0D2DEBEF,,,,,needs_review,generated_intake,,,Requires statement-level mathematical comparison.
tohoku:prop:1.8,133,proposition,tohoku:section:1.8,133,133,sem/r7/nodes.csv:732,5A8E5720BC2EF8905BF85F7919C65AC4A87A31CFC854BD77E6B5084C0D2DEBEF,abelian;limits,categories-section-directed-colimits;categories-section-limits;cohomology-section-limits;homology-section-abelian-categories,002D;00ZX;01FE;04AX,,needs_review,generated_intake,,,Requires statement-level mathematical comparison.
tohoku:prop:1.8:proof:p1,133,proposition,tohoku:section:1.8,133,133,sem/r7/nodes.csv:733,5A8E5720BC2EF8905BF85F7919C65AC4A87A31CFC854BD77E6B5084C0D2DEBEF,limits,categories-section-directed-colimits;categories-section-limits;cohomology-section-limits,002D;01FE;04AX,,needs_review,generated_intake,,,Requires statement-level mathematical comparison.
tohoku:prop:1.8:proof:p2,134,proposition,tohoku:section:1.8,134,134,sem/r7/nodes.csv:734,5A8E5720BC2EF8905BF85F7919C65AC4A87A31CFC854BD77E6B5084C0D2DEBEF,limits,categories-section-directed-colimits;categories-section-limits;cohomology-section-limits,002D;01FE;04AX,,needs_review,generated_intake,,,Requires statement-level mathematical comparison.
tohoku:prop:1.9.1,134,proposition,tohoku:section:1.9,134,134,sem/r7/nodes.csv:735,5A8E5720BC2EF8905BF85F7919C65AC4A87A31CFC854BD77E6B5084C0D2DEBEF,abelian;grothendieck-category,homology-section-abelian-categories;injectives-section-grothendieck-categories;injectives-section-grothendieck-conditions,00ZX;05AB;079A,,needs_review,generated_intake,,,Requires statement-level mathematical comparison.
tohoku:prop:1.9.1:proof,134,proposition,tohoku:section:1.9,134,134,sem/r7/nodes.csv:736,5A8E5720BC2EF8905BF85F7919C65AC4A87A31CFC854BD77E6B5084C0D2DEBEF,,,,,needs_review,generated_intake,,,Requires statement-level mathematical comparison.
tohoku:prop:1.9.2,135,proposition,tohoku:section:1.9,135,135,sem/r7/nodes.csv:737,5A8E5720BC2EF8905BF85F7919C65AC4A87A31CFC854BD77E6B5084C0D2DEBEF,abelian;grothendieck-category,homology-section-abelian-categories;injectives-section-grothendieck-categories;injectives-section-grothendieck-conditions,00ZX;05AB;079A,,needs_review,generated_intake,,,Requires statement-level mathematical comparison.
tohoku:prop:1.9.2:proof,135,proposition,tohoku:section:1.9,135,135,sem/r7/nodes.csv:738,5A8E5720BC2EF8905BF85F7919C65AC4A87A31CFC854BD77E6B5084C0D2DEBEF,,,,,needs_review,generated_intake,,,Requires statement-level mathematical comparison.
tohoku:prop:2.2.1,141,proposition,tohoku:section:2.2,141,141,sem/r7/nodes.csv:739,5A8E5720BC2EF8905BF85F7919C65AC4A87A31CFC854BD77E6B5084C0D2DEBEF,abelian;delta-functor;injectives,derived-section-injective-resolutions;homology-section-abelian-categories;homology-section-cohomological-delta-functor;homology-section-injectives,00ZX;010P;0134;013G,,needs_review,generated_intake,,,Requires statement-level mathematical comparison.
tohoku:prop:2.2.1:proof:p1,141,proposition,tohoku:section:2.2,141,141,sem/r7/nodes.csv:740,5A8E5720BC2EF8905BF85F7919C65AC4A87A31CFC854BD77E6B5084C0D2DEBEF,,,,,needs_review,generated_intake,,,Requires statement-level mathematical comparison.
tohoku:prop:2.2.1:proof:p2,141,proposition,tohoku:section:2.2,141,141,sem/r7/nodes.csv:741,5A8E5720BC2EF8905BF85F7919C65AC4A87A31CFC854BD77E6B5084C0D2DEBEF,,,,,needs_review,generated_intake,,,Requires statement-level mathematical comparison.
tohoku:prop:2.5.1,149,proposition,tohoku:section:2.5,149,149,sem/r7/nodes.csv:742,5A8E5720BC2EF8905BF85F7919C65AC4A87A31CFC854BD77E6B5084C0D2DEBEF,,,,,needs_review,generated_intake,,,Requires statement-level mathematical comparison.
tohoku:prop:2.5.2,149,proposition,tohoku:section:2.5,149,149,sem/r7/nodes.csv:743,5A8E5720BC2EF8905BF85F7919C65AC4A87A31CFC854BD77E6B5084C0D2DEBEF,derived-functor,cohomology-section-derived-functors;derived-section-right-derived-functor,0156;0716,,needs_review,generated_intake,,,Requires statement-level mathematical comparison.
tohoku:prop:2.5.2:proof:p1,149,proposition,tohoku:section:2.5,149,149,sem/r7/nodes.csv:744,5A8E5720BC2EF8905BF85F7919C65AC4A87A31CFC854BD77E6B5084C0D2DEBEF,derived-functor;spectral-sequence,cohomology-section-derived-functors;derived-section-right-derived-functor;homology-section-spectral-sequence,011M;0156;0716,,needs_review,generated_intake,,,Requires statement-level mathematical comparison.
tohoku:prop:2.5.2:proof:p2,150,proposition,tohoku:section:2.5,150,150,sem/r7/nodes.csv:745,5A8E5720BC2EF8905BF85F7919C65AC4A87A31CFC854BD77E6B5084C0D2DEBEF,injectives,derived-section-injective-resolutions;homology-section-injectives,0134;013G,,needs_review,generated_intake,,,Requires statement-level mathematical comparison.
tohoku:prop:2.5.3,151,proposition,tohoku:section:2.5,151,151,sem/r7/nodes.csv:746,5A8E5720BC2EF8905BF85F7919C65AC4A87A31CFC854BD77E6B5084C0D2DEBEF,spectral-sequence,homology-section-spectral-sequence,011M,,needs_review,generated_intake,,,Requires statement-level mathematical comparison.
tohoku:prop:2.5.3:proof:p1,151,proposition,tohoku:section:2.5,151,151,sem/r7/nodes.csv:747,5A8E5720BC2EF8905BF85F7919C65AC4A87A31CFC854BD77E6B5084C0D2DEBEF,injectives,derived-section-injective-resolutions;homology-section-injectives,0134;013G,,needs_review,generated_intake,,,Requires statement-level mathematical comparison.
tohoku:prop:2.5.3:proof:p2,152,proposition,tohoku:section:2.5,152,152,sem/r7/nodes.csv:748,5A8E5720BC2EF8905BF85F7919C65AC4A87A31CFC854BD77E6B5084C0D2DEBEF,injectives,derived-section-injective-resolutions;homology-section-injectives,0134;013G,,needs_review,generated_intake,,,Requires statement-level mathematical comparison.
tohoku:prop:2.5.4,152,proposition,tohoku:section:2.5,152,152,sem/r7/nodes.csv:749,5A8E5720BC2EF8905BF85F7919C65AC4A87A31CFC854BD77E6B5084C0D2DEBEF,spectral-sequence,homology-section-spectral-sequence,011M,,needs_review,generated_intake,,,Requires statement-level mathematical comparison.
tohoku:prop:2.5.4:proof,152,proposition,tohoku:section:2.5,152,152,sem/r7/nodes.csv:750,5A8E5720BC2EF8905BF85F7919C65AC4A87A31CFC854BD77E6B5084C0D2DEBEF,injectives;spectral-sequence,derived-section-injective-resolutions;homology-section-injectives;homology-section-spectral-sequence,011M;0134;013G,,needs_review,generated_intake,,,Requires statement-level mathematical comparison.
tohoku:prop:2.5.5,153,proposition,tohoku:section:2.5,153,153,sem/r7/nodes.csv:751,5A8E5720BC2EF8905BF85F7919C65AC4A87A31CFC854BD77E6B5084C0D2DEBEF,spectral-sequence,homology-section-spectral-sequence,011M,,needs_review,generated_intake,,,Requires statement-level mathematical comparison.
tohoku:prop:2.5.5:proof,153,proposition,tohoku:section:2.5,153,153,sem/r7/nodes.csv:752,5A8E5720BC2EF8905BF85F7919C65AC4A87A31CFC854BD77E6B5084C0D2DEBEF,injectives;spectral-sequence,derived-section-injective-resolutions;homology-section-injectives;homology-section-spectral-sequence,011M;0134;013G,,needs_review,generated_intake,,,Requires statement-level mathematical comparison.
tohoku:prop:3.1.1,155,proposition,tohoku:section:3.1,155,155,sem/r7/nodes.csv:753,5A8E5720BC2EF8905BF85F7919C65AC4A87A31CFC854BD77E6B5084C0D2DEBEF,abelian;additive;grothendieck-category,homology-section-abelian-categories;homology-section-additive-categories;injectives-section-grothendieck-categories;injectives-section-grothendieck-conditions,00ZX;05AB;079A;09SE,,needs_review,generated_intake,,,Requires statement-level mathematical comparison.
tohoku:prop:3.1.2,156,proposition,tohoku:section:3.1,156,156,sem/r7/nodes.csv:754,5A8E5720BC2EF8905BF85F7919C65AC4A87A31CFC854BD77E6B5084C0D2DEBEF,injectives,derived-section-injective-resolutions;homology-section-injectives,0134;013G,,needs_review,generated_intake,,,Requires statement-level mathematical comparison.
tohoku:prop:3.1.3,156,proposition,tohoku:section:3.1,156,156,sem/r7/nodes.csv:755,5A8E5720BC2EF8905BF85F7919C65AC4A87A31CFC854BD77E6B5084C0D2DEBEF,injectives,derived-section-injective-resolutions;homology-section-injectives,0134;013G,,needs_review,generated_intake,,,Requires statement-level mathematical comparison.
tohoku:prop:3.1.4,156,proposition,tohoku:section:3.1,156,156,sem/r7/nodes.csv:756,5A8E5720BC2EF8905BF85F7919C65AC4A87A31CFC854BD77E6B5084C0D2DEBEF,injectives,derived-section-injective-resolutions;homology-section-injectives,0134;013G,,needs_review,generated_intake,,,Requires statement-level mathematical comparison.
tohoku:prop:3.2.1,157,proposition,tohoku:section:3.2,157,157,sem/r7/nodes.csv:757,5A8E5720BC2EF8905BF85F7919C65AC4A87A31CFC854BD77E6B5084C0D2DEBEF,delta-functor;injectives,derived-section-injective-resolutions;homology-section-cohomological-delta-functor;homology-section-injectives,010P;0134;013G,,needs_review,generated_intake,,,Requires statement-level mathematical comparison.
tohoku:prop:3.2.2,158,proposition,tohoku:section:3.2,158,158,sem/r7/nodes.csv:758,5A8E5720BC2EF8905BF85F7919C65AC4A87A31CFC854BD77E6B5084C0D2DEBEF,,,,,needs_review,generated_intake,,,Requires statement-level mathematical comparison.
tohoku:prop:3.3.2,159,proposition,tohoku:section:3.3,159,159,sem/r7/nodes.csv:759,5A8E5720BC2EF8905BF85F7919C65AC4A87A31CFC854BD77E6B5084C0D2DEBEF,,,,,needs_review,generated_intake,,,Requires statement-level mathematical comparison.
tohoku:prop:3.4.1,161,proposition,tohoku:section:3.4,161,161,sem/r7/nodes.csv:760,5A8E5720BC2EF8905BF85F7919C65AC4A87A31CFC854BD77E6B5084C0D2DEBEF,,,,,needs_review,generated_intake,,,Requires statement-level mathematical comparison.
tohoku:prop:3.4.2:p1,161,proposition,tohoku:section:3.4,161,161,sem/r7/nodes.csv:761,5A8E5720BC2EF8905BF85F7919C65AC4A87A31CFC854BD77E6B5084C0D2DEBEF,,,,,needs_review,generated_intake,,,Requires statement-level mathematical comparison.
tohoku:prop:3.4.2:p2,162,proposition,tohoku:section:3.4,162,162,sem/r7/nodes.csv:762,5A8E5720BC2EF8905BF85F7919C65AC4A87A31CFC854BD77E6B5084C0D2DEBEF,,,,,needs_review,generated_intake,,,Requires statement-level mathematical comparison.
tohoku:prop:quotient-category-properties,139,proposition,tohoku:section:1.11,139,139,sem/r7/nodes.csv:763,5A8E5720BC2EF8905BF85F7919C65AC4A87A31CFC854BD77E6B5084C0D2DEBEF,abelian,homology-section-abelian-categories,00ZX,,needs_review,generated_intake,,,Requires statement-level mathematical comparison.
tohoku:prop:satellites-uniqueness,140,proposition,tohoku:section:2.2,140,140,sem/r7/nodes.csv:764,5A8E5720BC2EF8905BF85F7919C65AC4A87A31CFC854BD77E6B5084C0D2DEBEF,,,,,needs_review,generated_intake,,,Requires statement-level mathematical comparison.
tohoku:prop:sheaves-etale-spaces-equivalence,154,proposition,tohoku:section:3.1,154,154,sem/r7/nodes.csv:765,5A8E5720BC2EF8905BF85F7919C65AC4A87A31CFC854BD77E6B5084C0D2DEBEF,,,,,needs_review,generated_intake,,,Requires statement-level mathematical comparison.
tohoku:property:equivariant-ext-functoriality,214,property,tohoku:section:5.6,214,214,sem/r7/nodes.csv:766,8D632A04EE0FA987B40B721BEE6E64BB3E641D6A1CE02335556213F1564C9A53,ext,cohomology-section-ext;derived-section-ext,06XP;0BQP,,needs_review,generated_intake,,,Requires statement-level mathematical comparison.
tohoku:proposition:3.10.1,181,proposition,tohoku:section:3.10,181,181,sem/r7/nodes.csv:767,5A8E5720BC2EF8905BF85F7919C65AC4A87A31CFC854BD77E6B5084C0D2DEBEF,abelian;injectives;limits,categories-section-directed-colimits;categories-section-limits;cohomology-section-limits;derived-section-injective-resolutions;homology-section-abelian-categories;homology-section-injectives,002D;00ZX;0134;013G;01FE;04AX,,needs_review,generated_intake,,,Requires statement-level mathematical comparison.
tohoku:proposition:3.10.2,183,proposition,tohoku:section:3.10,183,183,sem/r7/nodes.csv:768,5A8E5720BC2EF8905BF85F7919C65AC4A87A31CFC854BD77E6B5084C0D2DEBEF,limits,categories-section-directed-colimits;categories-section-limits;cohomology-section-limits,002D;01FE;04AX,,needs_review,generated_intake,,,Requires statement-level mathematical comparison.
tohoku:proposition:3.6.1,167,proposition,tohoku:section:3.6,167,167,sem/r7/nodes.csv:769,5A8E5720BC2EF8905BF85F7919C65AC4A87A31CFC854BD77E6B5084C0D2DEBEF,limits,categories-section-directed-colimits;categories-section-limits;cohomology-section-limits,002D;01FE;04AX,,needs_review,generated_intake,,,Requires statement-level mathematical comparison.
tohoku:proposition:3.6.2,169,proposition,tohoku:section:3.6,169,169,sem/r7/nodes.csv:770,5A8E5720BC2EF8905BF85F7919C65AC4A87A31CFC854BD77E6B5084C0D2DEBEF,abelian;derived-functor;grothendieck-category;limits,categories-section-directed-colimits;categories-section-limits;cohomology-section-derived-functors;cohomology-section-limits;derived-section-right-derived-functor;homology-section-abelian-categories;injectives-section-grothendieck-categories;injectives-section-grothendieck-conditions,002D;00ZX;0156;01FE;04AX;05AB;0716;079A,,needs_review,generated_intake,,,Requires statement-level mathematical comparison.
tohoku:proposition:3.6.3,170,proposition,tohoku:section:3.6,170,170,sem/r7/nodes.csv:771,5A8E5720BC2EF8905BF85F7919C65AC4A87A31CFC854BD77E6B5084C0D2DEBEF,limits,categories-section-directed-colimits;categories-section-limits;cohomology-section-limits,002D;01FE;04AX,,needs_review,generated_intake,,,Requires statement-level mathematical comparison.
tohoku:proposition:3.9.2,180,proposition,tohoku:section:3.9,180,180,sem/r7/nodes.csv:772,5A8E5720BC2EF8905BF85F7919C65AC4A87A31CFC854BD77E6B5084C0D2DEBEF,cech,cohomology-section-cech;cohomology-section-cech-cohomology-cohomology,01ED;01EO,,needs_review,generated_intake,,,Requires statement-level mathematical comparison.
tohoku:proposition:4.1.1,185,proposition,tohoku:section:4.1,185,185,sem/r7/nodes.csv:773,8D632A04EE0FA987B40B721BEE6E64BB3E641D6A1CE02335556213F1564C9A53,,,,,needs_review,generated_intake,,,Requires statement-level mathematical comparison.
tohoku:proposition:4.1.2,187,proposition,tohoku:section:4.1,187,187,sem/r7/nodes.csv:774,8D632A04EE0FA987B40B721BEE6E64BB3E641D6A1CE02335556213F1564C9A53,injectives,derived-section-injective-resolutions;homology-section-injectives,0134;013G,,needs_review,generated_intake,,,Requires statement-level mathematical comparison.
tohoku:proposition:4.1.3,187,proposition,tohoku:section:4.1,187,187,sem/r7/nodes.csv:775,8D632A04EE0FA987B40B721BEE6E64BB3E641D6A1CE02335556213F1564C9A53,injectives,derived-section-injective-resolutions;homology-section-injectives,0134;013G,,needs_review,generated_intake,,,Requires statement-level mathematical comparison.
tohoku:proposition:4.2.3,189,proposition,tohoku:section:4.2,189,189,sem/r7/nodes.csv:776,8D632A04EE0FA987B40B721BEE6E64BB3E641D6A1CE02335556213F1564C9A53,ext,cohomology-section-ext;derived-section-ext,06XP;0BQP,,needs_review,generated_intake,,,Requires statement-level mathematical comparison.
tohoku:proposition:4.2.4,189,proposition,tohoku:section:4.2,189,189,sem/r7/nodes.csv:777,8D632A04EE0FA987B40B721BEE6E64BB3E641D6A1CE02335556213F1564C9A53,,,,,needs_review,generated_intake,,,Requires statement-level mathematical comparison.
tohoku:proposition:4.3.2,191,proposition,tohoku:section:4.3,191,191,sem/r7/nodes.csv:778,8D632A04EE0FA987B40B721BEE6E64BB3E641D6A1CE02335556213F1564C9A53,spectral-sequence,homology-section-spectral-sequence,011M,,needs_review,generated_intake,,,Requires statement-level mathematical comparison.
tohoku:proposition:5.1.1,196,proposition,tohoku:section:5.1,196,196,sem/r7/nodes.csv:779,8D632A04EE0FA987B40B721BEE6E64BB3E641D6A1CE02335556213F1564C9A53,abelian;additive;grothendieck-category,homology-section-abelian-categories;homology-section-additive-categories;injectives-section-grothendieck-categories;injectives-section-grothendieck-conditions,00ZX;05AB;079A;09SE,,needs_review,generated_intake,,,Requires statement-level mathematical comparison.
tohoku:proposition:5.1.2,197,proposition,tohoku:section:5.1,197,197,sem/r7/nodes.csv:780,8D632A04EE0FA987B40B721BEE6E64BB3E641D6A1CE02335556213F1564C9A53,injectives,derived-section-injective-resolutions;homology-section-injectives,0134;013G,,needs_review,generated_intake,,,Requires statement-level mathematical comparison.
tohoku:proposition:5.1.3,198,proposition,tohoku:section:5.1,198,198,sem/r7/nodes.csv:781,8D632A04EE0FA987B40B721BEE6E64BB3E641D6A1CE02335556213F1564C9A53,injectives,derived-section-injective-resolutions;homology-section-injectives,0134;013G,,needs_review,generated_intake,,,Requires statement-level mathematical comparison.
tohoku:proposition:5.2.1,200,proposition,tohoku:section:5.2,200,200,sem/r7/nodes.csv:782,8D632A04EE0FA987B40B721BEE6E64BB3E641D6A1CE02335556213F1564C9A53,,,,,needs_review,generated_intake,,,Requires statement-level mathematical comparison.
tohoku:proposition:5.2.2,201,proposition,tohoku:section:5.2,201,201,sem/r7/nodes.csv:783,8D632A04EE0FA987B40B721BEE6E64BB3E641D6A1CE02335556213F1564C9A53,spectral-sequence,homology-section-spectral-sequence,011M,,needs_review,generated_intake,,,Requires statement-level mathematical comparison.
tohoku:proposition:5.2.3,202,proposition,tohoku:section:5.2,202,202,sem/r7/nodes.csv:784,8D632A04EE0FA987B40B721BEE6E64BB3E641D6A1CE02335556213F1564C9A53,spectral-sequence,homology-section-spectral-sequence,011M,,needs_review,generated_intake,,,Requires statement-level mathematical comparison.
tohoku:proposition:5.2.4,202,proposition,tohoku:section:5.2,202,202,sem/r7/nodes.csv:785,8D632A04EE0FA987B40B721BEE6E64BB3E641D6A1CE02335556213F1564C9A53,spectral-sequence,homology-section-spectral-sequence,011M,,needs_review,generated_intake,,,Requires statement-level mathematical comparison.
tohoku:proposition:5.4.1,206,proposition,tohoku:section:5.4,206,206,sem/r7/nodes.csv:786,8D632A04EE0FA987B40B721BEE6E64BB3E641D6A1CE02335556213F1564C9A53,,,,,needs_review,generated_intake,,,Requires statement-level mathematical comparison.
tohoku:proposition:5.5.4,209;210,proposition,tohoku:section:5.5,209,210,sem/r7/nodes.csv:787,8D632A04EE0FA987B40B721BEE6E64BB3E641D6A1CE02335556213F1564C9A53,cech,cohomology-section-cech;cohomology-section-cech-cohomology-cohomology,01ED;01EO,,needs_review,generated_intake,,,Requires statement-level mathematical comparison.
tohoku:question:injectivity-of-stalk,186,question,tohoku:section:4.1,186,186,sem/r7/nodes.csv:788,8D632A04EE0FA987B40B721BEE6E64BB3E641D6A1CE02335556213F1564C9A53,abelian;ext;injectives,cohomology-section-ext;derived-section-ext;derived-section-injective-resolutions;homology-section-abelian-categories;homology-section-injectives,00ZX;0134;013G;06XP;0BQP,,needs_review,generated_intake,,,Requires statement-level mathematical comparison.
tohoku:reduction:3.4.2:E-via-Q,163,reduction,tohoku:section:3.4,163,163,sem/r7/nodes.csv:789,5A8E5720BC2EF8905BF85F7919C65AC4A87A31CFC854BD77E6B5084C0D2DEBEF,,,,,needs_review,generated_intake,,,Requires statement-level mathematical comparison.
tohoku:reduction:equivariant-injective-underlying,216,reduction,tohoku:section:5.6,216,216,sem/r7/nodes.csv:790,8D632A04EE0FA987B40B721BEE6E64BB3E641D6A1CE02335556213F1564C9A53,abelian;injectives,derived-section-injective-resolutions;homology-section-abelian-categories;homology-section-injectives,00ZX;0134;013G,,needs_review,generated_intake,,,Requires statement-level mathematical comparison.
tohoku:reduction:hom-direct-summand-acyclicity,216,reduction,tohoku:section:5.6,216,216,sem/r7/nodes.csv:791,8D632A04EE0FA987B40B721BEE6E64BB3E641D6A1CE02335556213F1564C9A53,derived-functor;injectives,cohomology-section-derived-functors;derived-section-injective-resolutions;derived-section-right-derived-functor;homology-section-injectives,0134;013G;0156;0716,,needs_review,generated_intake,,,Requires statement-level mathematical comparison.
tohoku:reduction:kunneth-for-constant-sheaves,191,reduction,tohoku:section:4.3,191,191,sem/r7/nodes.csv:792,8D632A04EE0FA987B40B721BEE6E64BB3E641D6A1CE02335556213F1564C9A53,ext;spectral-sequence,cohomology-section-ext;derived-section-ext;homology-section-spectral-sequence,011M;06XP;0BQP,,needs_review,generated_intake,,,Requires statement-level mathematical comparison.
tohoku:relation:derived-hom-functors,216,relation,tohoku:section:5.6,216,216,sem/r7/nodes.csv:793,8D632A04EE0FA987B40B721BEE6E64BB3E641D6A1CE02335556213F1564C9A53,derived-functor;ext,cohomology-section-derived-functors;cohomology-section-ext;derived-section-ext;derived-section-right-derived-functor,0156;06XP;0716;0BQP,,needs_review,generated_intake,,,Requires statement-level mathematical comparison.
tohoku:relation:equivariant-hom-functors,214,relation,tohoku:section:5.6,214,214,sem/r7/nodes.csv:794,8D632A04EE0FA987B40B721BEE6E64BB3E641D6A1CE02335556213F1564C9A53,exact-functor,categories-section-exact-functor,0033,,needs_review,generated_intake,,,Requires statement-level mathematical comparison.
tohoku:remark:1a-local-composition-computation,211,remark,tohoku:section:5.5,211,211,sem/r7/nodes.csv:795,8D632A04EE0FA987B40B721BEE6E64BB3E641D6A1CE02335556213F1564C9A53,derived-functor,cohomology-section-derived-functors;derived-section-right-derived-functor,0156;0716,,needs_review,generated_intake,,,Requires statement-level mathematical comparison.
tohoku:remark:1b-spectral-sequence-comparison,211,remark,tohoku:section:5.5,211,211,sem/r7/nodes.csv:796,8D632A04EE0FA987B40B721BEE6E64BB3E641D6A1CE02335556213F1564C9A53,spectral-sequence,homology-section-spectral-sequence,011M,,needs_review,generated_intake,,,Requires statement-level mathematical comparison.
tohoku:remark:2-low-degree-cech-consequences,213,remark,tohoku:section:5.5,213,213,sem/r7/nodes.csv:797,8D632A04EE0FA987B40B721BEE6E64BB3E641D6A1CE02335556213F1564C9A53,cech;spectral-sequence,cohomology-section-cech;cohomology-section-cech-cohomology-cohomology;homology-section-spectral-sequence,011M;01ED;01EO,,needs_review,generated_intake,,,Requires statement-level mathematical comparison.
tohoku:remark:2.4.1:1,148,remark,tohoku:section:2.4,148,148,sem/r7/nodes.csv:798,5A8E5720BC2EF8905BF85F7919C65AC4A87A31CFC854BD77E6B5084C0D2DEBEF,delta-functor,homology-section-cohomological-delta-functor,010P,,needs_review,generated_intake,,,Requires statement-level mathematical comparison.
tohoku:remark:2.4.1:2,148,remark,tohoku:section:2.4,148,148,sem/r7/nodes.csv:799,5A8E5720BC2EF8905BF85F7919C65AC4A87A31CFC854BD77E6B5084C0D2DEBEF,derived-functor;injectives;spectral-sequence,cohomology-section-derived-functors;derived-section-injective-resolutions;derived-section-right-derived-functor;homology-section-injectives;homology-section-spectral-sequence,011M;0134;013G;0156;0716,,needs_review,generated_intake,,,Requires statement-level mathematical comparison.
tohoku:remark:2.4.1:3,148,remark,tohoku:section:2.4,148,148,sem/r7/nodes.csv:800,5A8E5720BC2EF8905BF85F7919C65AC4A87A31CFC854BD77E6B5084C0D2DEBEF,spectral-sequence,homology-section-spectral-sequence,011M,,needs_review,generated_intake,,,Requires statement-level mathematical comparison.
tohoku:remark:3.4.2:1:p1,164,remark,tohoku:section:3.4,164,164,sem/r7/nodes.csv:801,5A8E5720BC2EF8905BF85F7919C65AC4A87A31CFC854BD77E6B5084C0D2DEBEF,,,,,needs_review,generated_intake,,,Requires statement-level mathematical comparison.
tohoku:remark:3.4.2:1:p2,165,remark,tohoku:section:3.4,165,165,sem/r7/nodes.csv:802,5A8E5720BC2EF8905BF85F7919C65AC4A87A31CFC854BD77E6B5084C0D2DEBEF,,,,,needs_review,generated_intake,,,Requires statement-level mathematical comparison.
tohoku:remark:3.4.2:2:local-triviality,165,remark,tohoku:section:3.4,165,165,sem/r7/nodes.csv:803,5A8E5720BC2EF8905BF85F7919C65AC4A87A31CFC854BD77E6B5084C0D2DEBEF,,,,,needs_review,generated_intake,,,Requires statement-level mathematical comparison.
tohoku:remark:3.4.2:3:p1,165,remark,tohoku:section:3.4,165,165,sem/r7/nodes.csv:804,5A8E5720BC2EF8905BF85F7919C65AC4A87A31CFC854BD77E6B5084C0D2DEBEF,,,,,needs_review,generated_intake,,,Requires statement-level mathematical comparison.
tohoku:remark:3.4.2:3:p2,166,remark,tohoku:section:3.4,166,166,sem/r7/nodes.csv:805,5A8E5720BC2EF8905BF85F7919C65AC4A87A31CFC854BD77E6B5084C0D2DEBEF,,,,,needs_review,generated_intake,,,Requires statement-level mathematical comparison.
tohoku:remark:3.6.5:1,171,remark,tohoku:section:3.6,171,171,sem/r7/nodes.csv:806,5A8E5720BC2EF8905BF85F7919C65AC4A87A31CFC854BD77E6B5084C0D2DEBEF,,,,,needs_review,generated_intake,,,Requires statement-level mathematical comparison.
tohoku:remark:3.6.5:2,171,remark,tohoku:section:3.6,171,171,sem/r7/nodes.csv:807,5A8E5720BC2EF8905BF85F7919C65AC4A87A31CFC854BD77E6B5084C0D2DEBEF,,,,,needs_review,generated_intake,,,Requires statement-level mathematical comparison.
tohoku:remark:3.8.1-no-hypotheses,175,remark,tohoku:section:3.8,175,175,sem/r7/nodes.csv:808,5A8E5720BC2EF8905BF85F7919C65AC4A87A31CFC854BD77E6B5084C0D2DEBEF,spectral-sequence,homology-section-spectral-sequence,011M,,needs_review,generated_intake,,,Requires statement-level mathematical comparison.
tohoku:remark:4.3.2:1,192;193,remark,tohoku:section:4.3,192,193,sem/r7/nodes.csv:809,8D632A04EE0FA987B40B721BEE6E64BB3E641D6A1CE02335556213F1564C9A53,spectral-sequence,homology-section-spectral-sequence,011M,,needs_review,generated_intake,,,Requires statement-level mathematical comparison.
tohoku:remark:4.3.2:2,193,remark,tohoku:section:4.3,193,193,sem/r7/nodes.csv:810,8D632A04EE0FA987B40B721BEE6E64BB3E641D6A1CE02335556213F1564C9A53,,,,,needs_review,generated_intake,,,Requires statement-level mathematical comparison.
tohoku:remark:4.4.1:1,194,remark,tohoku:section:4.4,194,194,sem/r7/nodes.csv:811,8D632A04EE0FA987B40B721BEE6E64BB3E641D6A1CE02335556213F1564C9A53,,,,,needs_review,generated_intake,,,Requires statement-level mathematical comparison.
tohoku:remark:4.4.1:2,195,remark,tohoku:section:4.4,195,195,sem/r7/nodes.csv:812,8D632A04EE0FA987B40B721BEE6E64BB3E641D6A1CE02335556213F1564C9A53,,,,,needs_review,generated_intake,,,Requires statement-level mathematical comparison.
tohoku:remark:5.2.4:1,202,remark,tohoku:section:5.2,202,202,sem/r7/nodes.csv:813,8D632A04EE0FA987B40B721BEE6E64BB3E641D6A1CE02335556213F1564C9A53,derived-functor;injectives,cohomology-section-derived-functors;derived-section-injective-resolutions;derived-section-right-derived-functor;homology-section-injectives,0134;013G;0156;0716,,needs_review,generated_intake,,,Requires statement-level mathematical comparison.
tohoku:remark:5.2.4:2,202;203,remark,tohoku:section:5.2,202,203,sem/r7/nodes.csv:814,8D632A04EE0FA987B40B721BEE6E64BB3E641D6A1CE02335556213F1564C9A53,,,,,needs_review,generated_intake,,,Requires statement-level mathematical comparison.
tohoku:remark:5.2.4:3,203,remark,tohoku:section:5.2,203,203,sem/r7/nodes.csv:815,8D632A04EE0FA987B40B721BEE6E64BB3E641D6A1CE02335556213F1564C9A53,,,,,needs_review,generated_intake,,,Requires statement-level mathematical comparison.
tohoku:remark:closed-cover-leray-spectral-sequences,177,remark,tohoku:section:3.8,177,177,sem/r7/nodes.csv:816,5A8E5720BC2EF8905BF85F7919C65AC4A87A31CFC854BD77E6B5084C0D2DEBEF,cech;spectral-sequence,cohomology-section-cech;cohomology-section-cech-cohomology-cohomology;homology-section-spectral-sequence,011M;01ED;01EO,,needs_review,generated_intake,,,Requires statement-level mathematical comparison.
tohoku:remark:cohomological-hypotheses-5.2,202,remark,tohoku:section:5.2,202,202,sem/r7/nodes.csv:817,8D632A04EE0FA987B40B721BEE6E64BB3E641D6A1CE02335556213F1564C9A53,,,,,needs_review,generated_intake,,,Requires statement-level mathematical comparison.
tohoku:remark:cohomology-as-ext,189,remark,tohoku:section:4.2,189,189,sem/r7/nodes.csv:818,8D632A04EE0FA987B40B721BEE6E64BB3E641D6A1CE02335556213F1564C9A53,derived-functor;ext,cohomology-section-derived-functors;cohomology-section-ext;derived-section-ext;derived-section-right-derived-functor,0156;06XP;0716;0BQP,,needs_review,generated_intake,,,Requires statement-level mathematical comparison.
tohoku:remark:condition-D-basic-properties:p1,203;204,remark,tohoku:section:5.3,203,204,sem/r7/nodes.csv:819,8D632A04EE0FA987B40B721BEE6E64BB3E641D6A1CE02335556213F1564C9A53,,,,,needs_review,generated_intake,,,Requires statement-level mathematical comparison.
tohoku:remark:corollary-3.10.1-1:cartan,182,remark,tohoku:section:3.10,182,182,sem/r7/nodes.csv:820,5A8E5720BC2EF8905BF85F7919C65AC4A87A31CFC854BD77E6B5084C0D2DEBEF,support,cohomology-section-cohomology-support,0A39,,needs_review,generated_intake,,,Requires statement-level mathematical comparison.
tohoku:remark:derived-spectral-functor-scope,147,remark,tohoku:section:2.4,147,147,sem/r7/nodes.csv:821,5A8E5720BC2EF8905BF85F7919C65AC4A87A31CFC854BD77E6B5084C0D2DEBEF,injectives;spectral-sequence,derived-section-injective-resolutions;homology-section-injectives;homology-section-spectral-sequence,011M;0134;013G,,needs_review,generated_intake,,,Requires statement-level mathematical comparison.
tohoku:remark:edge-maps-and-five-term-sequence-4.3.1,191,remark,tohoku:section:4.3,191,191,sem/r7/nodes.csv:822,8D632A04EE0FA987B40B721BEE6E64BB3E641D6A1CE02335556213F1564C9A53,,,,,needs_review,generated_intake,,,Requires statement-level mathematical comparison.
tohoku:remark:ext-bifunctoriality:p1,187;188,remark,tohoku:section:4.2,187,188,sem/r7/nodes.csv:823,8D632A04EE0FA987B40B721BEE6E64BB3E641D6A1CE02335556213F1564C9A53,ext;injectives,cohomology-section-ext;derived-section-ext;derived-section-injective-resolutions;homology-section-injectives,0134;013G;06XP;0BQP,,needs_review,generated_intake,,,Requires statement-level mathematical comparison.
tohoku:remark:ext-center-modules,188,remark,tohoku:section:4.2,188,188,sem/r7/nodes.csv:824,8D632A04EE0FA987B40B721BEE6E64BB3E641D6A1CE02335556213F1564C9A53,ext,cohomology-section-ext;derived-section-ext,06XP;0BQP,,needs_review,generated_intake,,,Requires statement-level mathematical comparison.
tohoku:remark:ext-with-supports,190,remark,tohoku:section:4.2,190,190,sem/r7/nodes.csv:825,8D632A04EE0FA987B40B721BEE6E64BB3E641D6A1CE02335556213F1564C9A53,derived-functor;ext;support,cohomology-section-cohomology-support;cohomology-section-derived-functors;cohomology-section-ext;derived-section-ext;derived-section-right-derived-functor,0156;06XP;0716;0A39;0BQP,,needs_review,generated_intake,,,Requires statement-level mathematical comparison.
tohoku:remark:ext1-extension-classes,188,remark,tohoku:section:4.2,188,188,sem/r7/nodes.csv:826,8D632A04EE0FA987B40B721BEE6E64BB3E641D6A1CE02335556213F1564C9A53,ext,cohomology-section-ext;derived-section-ext,06XP;0BQP,,needs_review,generated_intake,,,Requires statement-level mathematical comparison.
tohoku:remark:fine-sheaves-are-soft,159,remark,tohoku:section:3.3,159,159,sem/r7/nodes.csv:827,5A8E5720BC2EF8905BF85F7919C65AC4A87A31CFC854BD77E6B5084C0D2DEBEF,,,,,needs_review,generated_intake,,,Requires statement-level mathematical comparison.
tohoku:remark:fine-sheaves-are-soft:p2,160,remark,tohoku:section:3.3,160,160,sem/r7/nodes.csv:828,5A8E5720BC2EF8905BF85F7919C65AC4A87A31CFC854BD77E6B5084C0D2DEBEF,,,,,needs_review,generated_intake,,,Requires statement-level mathematical comparison.
tohoku:remark:finiteness-in-theorem-4.2.2,190,remark,tohoku:section:4.2,190,190,sem/r7/nodes.csv:829,8D632A04EE0FA987B40B721BEE6E64BB3E641D6A1CE02335556213F1564C9A53,ext,cohomology-section-ext;derived-section-ext,06XP;0BQP,,needs_review,generated_intake,,,Requires statement-level mathematical comparison.
tohoku:remark:hom-o:left-exactness,185,remark,tohoku:section:4.1,185,185,sem/r7/nodes.csv:830,8D632A04EE0FA987B40B721BEE6E64BB3E641D6A1CE02335556213F1564C9A53,exact-functor,categories-section-exact-functor,0033,,needs_review,generated_intake,,,Requires statement-level mathematical comparison.
tohoku:remark:local-nature-of-sheaf-ext,187,remark,tohoku:section:4.2,187,187,sem/r7/nodes.csv:831,8D632A04EE0FA987B40B721BEE6E64BB3E641D6A1CE02335556213F1564C9A53,ext,cohomology-section-ext;derived-section-ext,06XP;0BQP,,needs_review,generated_intake,,,Requires statement-level mathematical comparison.
tohoku:remark:locality-group-cohomology,194,remark,tohoku:section:4.4,194,194,sem/r7/nodes.csv:832,8D632A04EE0FA987B40B721BEE6E64BB3E641D6A1CE02335556213F1564C9A53,,,,,needs_review,generated_intake,,,Requires statement-level mathematical comparison.
tohoku:remark:locally-free-ext-vanishing,189,remark,tohoku:section:4.2,189,189,sem/r7/nodes.csv:833,8D632A04EE0FA987B40B721BEE6E64BB3E641D6A1CE02335556213F1564C9A53,ext,cohomology-section-ext;derived-section-ext,06XP;0BQP,,needs_review,generated_intake,,,Requires statement-level mathematical comparison.
tohoku:remark:paracompact-cech-comparison,176,remark,tohoku:section:3.8,176,176,sem/r7/nodes.csv:834,5A8E5720BC2EF8905BF85F7919C65AC4A87A31CFC854BD77E6B5084C0D2DEBEF,cech,cohomology-section-cech;cohomology-section-cech-cohomology-cohomology,01ED;01EO,,needs_review,generated_intake,,,Requires statement-level mathematical comparison.
tohoku:remark:proposition-3.10.2:approximation,183,remark,tohoku:section:3.10,183,183,sem/r7/nodes.csv:835,5A8E5720BC2EF8905BF85F7919C65AC4A87A31CFC854BD77E6B5084C0D2DEBEF,,,,,needs_review,generated_intake,,,Requires statement-level mathematical comparison.
tohoku:remark:quotient-spectral-sequences,139,remark,tohoku:section:1.11,139,139,sem/r7/nodes.csv:836,5A8E5720BC2EF8905BF85F7919C65AC4A87A31CFC854BD77E6B5084C0D2DEBEF,spectral-sequence,homology-section-spectral-sequence,011M,,needs_review,generated_intake,,,Requires statement-level mathematical comparison.
tohoku:remark:relative-leray-scope,174,remark,tohoku:section:3.7,174,174,sem/r7/nodes.csv:837,5A8E5720BC2EF8905BF85F7919C65AC4A87A31CFC854BD77E6B5084C0D2DEBEF,spectral-sequence,homology-section-spectral-sequence,011M,,needs_review,generated_intake,,,Requires statement-level mathematical comparison.
tohoku:remark:satellites-existence:p1,140,remark,tohoku:section:2.2,140,140,sem/r7/nodes.csv:838,5A8E5720BC2EF8905BF85F7919C65AC4A87A31CFC854BD77E6B5084C0D2DEBEF,,,,,needs_review,generated_intake,,,Requires statement-level mathematical comparison.
tohoku:remark:satellites-existence:p2,141,remark,tohoku:section:2.2,141,141,sem/r7/nodes.csv:839,5A8E5720BC2EF8905BF85F7919C65AC4A87A31CFC854BD77E6B5084C0D2DEBEF,,,,,needs_review,generated_intake,,,Requires statement-level mathematical comparison.
tohoku:remark:satellites-small-skeleton:p1,142,remark,tohoku:section:2.2,142,142,sem/r7/nodes.csv:840,5A8E5720BC2EF8905BF85F7919C65AC4A87A31CFC854BD77E6B5084C0D2DEBEF,abelian,homology-section-abelian-categories,00ZX,,needs_review,generated_intake,,,Requires statement-level mathematical comparison.
tohoku:remark:satellites-small-skeleton:p2,143,remark,tohoku:section:2.2,143,143,sem/r7/nodes.csv:841,5A8E5720BC2EF8905BF85F7919C65AC4A87A31CFC854BD77E6B5084C0D2DEBEF,limits,categories-section-directed-colimits;categories-section-limits;cohomology-section-limits,002D;01FE;04AX,,needs_review,generated_intake,,,Requires statement-level mathematical comparison.
tohoku:remark:sheaf-group-cohomology-notation,200,remark,tohoku:section:5.2,200,200,sem/r7/nodes.csv:842,8D632A04EE0FA987B40B721BEE6E64BB3E641D6A1CE02335556213F1564C9A53,,,,,needs_review,generated_intake,,,Requires statement-level mathematical comparison.
tohoku:remark:sheaf-hom-o:center-module,185,remark,tohoku:section:4.1,185,185,sem/r7/nodes.csv:843,8D632A04EE0FA987B40B721BEE6E64BB3E641D6A1CE02335556213F1564C9A53,,,,,needs_review,generated_intake,,,Requires statement-level mathematical comparison.
tohoku:remark:sheaves-vs-presheaves-abelian,154,remark,tohoku:section:3.1,154,154,sem/r7/nodes.csv:844,5A8E5720BC2EF8905BF85F7919C65AC4A87A31CFC854BD77E6B5084C0D2DEBEF,,,,,needs_review,generated_intake,,,Requires statement-level mathematical comparison.
tohoku:remark:smith-fixed-point-application:p1,206;207,remark,tohoku:section:5.4,206,207,sem/r7/nodes.csv:845,8D632A04EE0FA987B40B721BEE6E64BB3E641D6A1CE02335556213F1564C9A53,,,,,needs_review,generated_intake,,,Requires statement-level mathematical comparison.
tohoku:remark:spectral-sequence-construction-5.3,205,remark,tohoku:section:5.3,205,205,sem/r7/nodes.csv:846,8D632A04EE0FA987B40B721BEE6E64BB3E641D6A1CE02335556213F1564C9A53,derived-functor;spectral-sequence,cohomology-section-derived-functors;derived-section-right-derived-functor;homology-section-spectral-sequence,011M;0156;0716,,needs_review,generated_intake,,,Requires statement-level mathematical comparison.
tohoku:remark:stalkwise-exactness,155,remark,tohoku:section:3.1,155,155,sem/r7/nodes.csv:847,5A8E5720BC2EF8905BF85F7919C65AC4A87A31CFC854BD77E6B5084C0D2DEBEF,,,,,needs_review,generated_intake,,,Requires statement-level mathematical comparison.
tohoku:remark:theorem-3.9.1:nonabelian-n-one,181,remark,tohoku:section:3.9,181,181,sem/r7/nodes.csv:848,5A8E5720BC2EF8905BF85F7919C65AC4A87A31CFC854BD77E6B5084C0D2DEBEF,,,,,needs_review,generated_intake,,,Requires statement-level mathematical comparison.
tohoku:remark:third-spectral-sequence-pathology,201,remark,tohoku:section:5.2,201,201,sem/r7/nodes.csv:849,8D632A04EE0FA987B40B721BEE6E64BB3E641D6A1CE02335556213F1564C9A53,limits;spectral-sequence,categories-section-directed-colimits;categories-section-limits;cohomology-section-limits;homology-section-spectral-sequence,002D;011M;01FE;04AX,,needs_review,generated_intake,,,Requires statement-level mathematical comparison.
tohoku:remarks:two-additional-spectral-sequences,218,remark,tohoku:section:5.6,218,218,sem/r7/nodes.csv:850,8D632A04EE0FA987B40B721BEE6E64BB3E641D6A1CE02335556213F1564C9A53,ext;spectral-sequence,cohomology-section-ext;derived-section-ext;homology-section-spectral-sequence,011M;06XP;0BQP,,needs_review,generated_intake,,,Requires statement-level mathematical comparison.
tohoku:result:3.10.2:preliminary,182,result,tohoku:section:3.10,182,182,sem/r7/nodes.csv:851,5A8E5720BC2EF8905BF85F7919C65AC4A87A31CFC854BD77E6B5084C0D2DEBEF,,,,,needs_review,generated_intake,,,Requires statement-level mathematical comparison.
tohoku:result:abelian-g-sheaves-additive,196,result,tohoku:section:5.1,196,196,sem/r7/nodes.csv:852,8D632A04EE0FA987B40B721BEE6E64BB3E641D6A1CE02335556213F1564C9A53,additive,homology-section-additive-categories,09SE,,needs_review,generated_intake,,,Requires statement-level mathematical comparison.
tohoku:result:equivariant-cohomology-universality,200,result,tohoku:section:5.2,200,200,sem/r7/nodes.csv:853,8D632A04EE0FA987B40B721BEE6E64BB3E641D6A1CE02335556213F1564C9A53,,,,,needs_review,generated_intake,,,Requires statement-level mathematical comparison.
tohoku:result:five-term-exact-sequences-5.2,201,result,tohoku:section:5.2,201,201,sem/r7/nodes.csv:854,8D632A04EE0FA987B40B721BEE6E64BB3E641D6A1CE02335556213F1564C9A53,spectral-sequence,homology-section-spectral-sequence,011M,,needs_review,generated_intake,,,Requires statement-level mathematical comparison.
tohoku:result:fixed-point-free-equivalence,199,result,tohoku:section:5.1,199,199,sem/r7/nodes.csv:855,8D632A04EE0FA987B40B721BEE6E64BB3E641D6A1CE02335556213F1564C9A53,,,,,needs_review,generated_intake,,,Requires statement-level mathematical comparison.
tohoku:result:generator-family-g-o-modules,196,result,tohoku:section:5.1,196,196,sem/r7/nodes.csv:856,8D632A04EE0FA987B40B721BEE6E64BB3E641D6A1CE02335556213F1564C9A53,grothendieck-category,injectives-section-grothendieck-categories;injectives-section-grothendieck-conditions,05AB;079A,,needs_review,generated_intake,,,Requires statement-level mathematical comparison.
tohoku:section:1.1,121;122,section,tohoku:chapter:I,121,122,sem/r7/nodes.csv:857,5A8E5720BC2EF8905BF85F7919C65AC4A87A31CFC854BD77E6B5084C0D2DEBEF,,,,,structural_only,classified,,,Source structure; no independent Stacks object.
tohoku:section:1.10,121;135,section,tohoku:chapter:I,121,135,sem/r7/nodes.csv:858,5A8E5720BC2EF8905BF85F7919C65AC4A87A31CFC854BD77E6B5084C0D2DEBEF,injectives,derived-section-injective-resolutions;homology-section-injectives,0134;013G,,structural_only,classified,,,Source structure; no independent Stacks object.
tohoku:section:1.11,121;137,section,tohoku:chapter:I,121,137,sem/r7/nodes.csv:859,5A8E5720BC2EF8905BF85F7919C65AC4A87A31CFC854BD77E6B5084C0D2DEBEF,,,,,structural_only,classified,,,Source structure; no independent Stacks object.
tohoku:section:1.1:p1,122,section,tohoku:section:1.1,122,122,sem/r7/nodes.csv:860,5A8E5720BC2EF8905BF85F7919C65AC4A87A31CFC854BD77E6B5084C0D2DEBEF,,,,,structural_only,classified,,,Source structure; no independent Stacks object.
tohoku:section:1.1:p2,122,section,tohoku:section:1.1,122,122,sem/r7/nodes.csv:861,5A8E5720BC2EF8905BF85F7919C65AC4A87A31CFC854BD77E6B5084C0D2DEBEF,,,,,structural_only,classified,,,Source structure; no independent Stacks object.
tohoku:section:1.1:p3,122,section,tohoku:section:1.1,122,122,sem/r7/nodes.csv:862,5A8E5720BC2EF8905BF85F7919C65AC4A87A31CFC854BD77E6B5084C0D2DEBEF,injectives,derived-section-injective-resolutions;homology-section-injectives,0134;013G,,structural_only,classified,,,Source structure; no independent Stacks object.
tohoku:section:1.1:p4,122;123,section,tohoku:section:1.1,122,123,sem/r7/nodes.csv:863,5A8E5720BC2EF8905BF85F7919C65AC4A87A31CFC854BD77E6B5084C0D2DEBEF,,,,,structural_only,classified,,,Source structure; no independent Stacks object.
tohoku:section:1.1:p5,123,section,tohoku:section:1.1,123,123,sem/r7/nodes.csv:864,5A8E5720BC2EF8905BF85F7919C65AC4A87A31CFC854BD77E6B5084C0D2DEBEF,,,,,structural_only,classified,,,Source structure; no independent Stacks object.
tohoku:section:1.1:p6,123,section,tohoku:section:1.1,123,123,sem/r7/nodes.csv:865,5A8E5720BC2EF8905BF85F7919C65AC4A87A31CFC854BD77E6B5084C0D2DEBEF,,,,,structural_only,classified,,,Source structure; no independent Stacks object.
tohoku:section:1.1:p7,123,section,tohoku:section:1.1,123,123,sem/r7/nodes.csv:866,5A8E5720BC2EF8905BF85F7919C65AC4A87A31CFC854BD77E6B5084C0D2DEBEF,,,,,structural_only,classified,,,Source structure; no independent Stacks object.
tohoku:section:1.1:p8,123;124,section,tohoku:section:1.1,123,124,sem/r7/nodes.csv:867,5A8E5720BC2EF8905BF85F7919C65AC4A87A31CFC854BD77E6B5084C0D2DEBEF,,,,,structural_only,classified,,,Source structure; no independent Stacks object.
tohoku:section:1.1:p9,124,section,tohoku:section:1.1,124,124,sem/r7/nodes.csv:868,5A8E5720BC2EF8905BF85F7919C65AC4A87A31CFC854BD77E6B5084C0D2DEBEF,,,,,structural_only,classified,,,Source structure; no independent Stacks object.
tohoku:section:1.2,121;124,section,tohoku:chapter:I,121,124,sem/r7/nodes.csv:869,5A8E5720BC2EF8905BF85F7919C65AC4A87A31CFC854BD77E6B5084C0D2DEBEF,,,,,structural_only,classified,,,Source structure; no independent Stacks object.
tohoku:section:1.2:p1,124,section,tohoku:section:1.2,124,124,sem/r7/nodes.csv:870,5A8E5720BC2EF8905BF85F7919C65AC4A87A31CFC854BD77E6B5084C0D2DEBEF,,,,,structural_only,classified,,,Source structure; no independent Stacks object.
tohoku:section:1.2:p2,124;125,section,tohoku:section:1.2,124,125,sem/r7/nodes.csv:871,5A8E5720BC2EF8905BF85F7919C65AC4A87A31CFC854BD77E6B5084C0D2DEBEF,,,,,structural_only,classified,,,Source structure; no independent Stacks object.
tohoku:section:1.2:p3,125,section,tohoku:section:1.2,125,125,sem/r7/nodes.csv:872,5A8E5720BC2EF8905BF85F7919C65AC4A87A31CFC854BD77E6B5084C0D2DEBEF,,,,,structural_only,classified,,,Source structure; no independent Stacks object.
tohoku:section:1.3,121;126,section,tohoku:chapter:I,121,126,sem/r7/nodes.csv:873,5A8E5720BC2EF8905BF85F7919C65AC4A87A31CFC854BD77E6B5084C0D2DEBEF,additive,homology-section-additive-categories,09SE,,structural_only,classified,,,Source structure; no independent Stacks object.
tohoku:section:1.3:footnote:1ter,126,section,tohoku:section:1.3,126,126,sem/r7/nodes.csv:874,5A8E5720BC2EF8905BF85F7919C65AC4A87A31CFC854BD77E6B5084C0D2DEBEF,,,,,structural_only,classified,,,Source structure; no independent Stacks object.
tohoku:section:1.3:footnote:1ter:text,126,section,tohoku:section:1.3,126,126,sem/r7/nodes.csv:875,5A8E5720BC2EF8905BF85F7919C65AC4A87A31CFC854BD77E6B5084C0D2DEBEF,abelian;ext,cohomology-section-ext;derived-section-ext;homology-section-abelian-categories,00ZX;06XP;0BQP,,structural_only,classified,,,Source structure; no independent Stacks object.
tohoku:section:1.3:p1,126,section,tohoku:section:1.3,126,126,sem/r7/nodes.csv:876,5A8E5720BC2EF8905BF85F7919C65AC4A87A31CFC854BD77E6B5084C0D2DEBEF,,,,,structural_only,classified,,,Source structure; no independent Stacks object.
tohoku:section:1.3:p2,126,section,tohoku:section:1.3,126,126,sem/r7/nodes.csv:877,5A8E5720BC2EF8905BF85F7919C65AC4A87A31CFC854BD77E6B5084C0D2DEBEF,additive,homology-section-additive-categories,09SE,,structural_only,classified,,,Source structure; no independent Stacks object.
tohoku:section:1.3:p3,126,section,tohoku:section:1.3,126,126,sem/r7/nodes.csv:878,5A8E5720BC2EF8905BF85F7919C65AC4A87A31CFC854BD77E6B5084C0D2DEBEF,additive;injectives,derived-section-injective-resolutions;homology-section-additive-categories;homology-section-injectives,0134;013G;09SE,,structural_only,classified,,,Source structure; no independent Stacks object.
tohoku:section:1.3:p4,126,section,tohoku:section:1.3,126,126,sem/r7/nodes.csv:879,5A8E5720BC2EF8905BF85F7919C65AC4A87A31CFC854BD77E6B5084C0D2DEBEF,additive,homology-section-additive-categories,09SE,,structural_only,classified,,,Source structure; no independent Stacks object.
tohoku:section:1.4,121;127,section,tohoku:chapter:I,121,127,sem/r7/nodes.csv:880,5A8E5720BC2EF8905BF85F7919C65AC4A87A31CFC854BD77E6B5084C0D2DEBEF,abelian;additive,homology-section-abelian-categories;homology-section-additive-categories,00ZX;09SE,,structural_only,classified,,,Source structure; no independent Stacks object.
tohoku:section:1.4:AB1,127,section,tohoku:section:1.4,127,127,sem/r7/nodes.csv:881,5A8E5720BC2EF8905BF85F7919C65AC4A87A31CFC854BD77E6B5084C0D2DEBEF,,,,,structural_only,classified,,,Source structure; no independent Stacks object.
tohoku:section:1.4:AB2,127,section,tohoku:section:1.4,127,127,sem/r7/nodes.csv:882,5A8E5720BC2EF8905BF85F7919C65AC4A87A31CFC854BD77E6B5084C0D2DEBEF,,,,,structural_only,classified,,,Source structure; no independent Stacks object.
tohoku:section:1.4:exact-functor,128,section,tohoku:section:1.4,128,128,sem/r7/nodes.csv:883,5A8E5720BC2EF8905BF85F7919C65AC4A87A31CFC854BD77E6B5084C0D2DEBEF,abelian;exact-functor,categories-section-exact-functor;homology-section-abelian-categories,0033;00ZX,,structural_only,classified,,,Source structure; no independent Stacks object.
tohoku:section:1.4:exact-sequence,128,section,tohoku:section:1.4,128,128,sem/r7/nodes.csv:884,5A8E5720BC2EF8905BF85F7919C65AC4A87A31CFC854BD77E6B5084C0D2DEBEF,,,,,structural_only,classified,,,Source structure; no independent Stacks object.
tohoku:section:1.4:p1,127,section,tohoku:section:1.4,127,127,sem/r7/nodes.csv:885,5A8E5720BC2EF8905BF85F7919C65AC4A87A31CFC854BD77E6B5084C0D2DEBEF,additive,homology-section-additive-categories,09SE,,structural_only,classified,,,Source structure; no independent Stacks object.
tohoku:section:1.4:p2,127,section,tohoku:section:1.4,127,127,sem/r7/nodes.csv:886,5A8E5720BC2EF8905BF85F7919C65AC4A87A31CFC854BD77E6B5084C0D2DEBEF,abelian,homology-section-abelian-categories,00ZX,,structural_only,classified,,,Source structure; no independent Stacks object.
tohoku:section:1.4:p3,127,section,tohoku:section:1.4,127,127,sem/r7/nodes.csv:887,5A8E5720BC2EF8905BF85F7919C65AC4A87A31CFC854BD77E6B5084C0D2DEBEF,abelian,homology-section-abelian-categories,00ZX,,structural_only,classified,,,Source structure; no independent Stacks object.
tohoku:section:1.4:p4,127;128,section,tohoku:section:1.4,127,128,sem/r7/nodes.csv:888,5A8E5720BC2EF8905BF85F7919C65AC4A87A31CFC854BD77E6B5084C0D2DEBEF,,,,,structural_only,classified,,,Source structure; no independent Stacks object.
tohoku:section:1.5,121;128,section,tohoku:chapter:I,121,128,sem/r7/nodes.csv:889,5A8E5720BC2EF8905BF85F7919C65AC4A87A31CFC854BD77E6B5084C0D2DEBEF,,,,,structural_only,classified,,,Source structure; no independent Stacks object.
tohoku:section:1.5:AB3,128,section,tohoku:section:1.5,128,128,sem/r7/nodes.csv:890,5A8E5720BC2EF8905BF85F7919C65AC4A87A31CFC854BD77E6B5084C0D2DEBEF,grothendieck-category,injectives-section-grothendieck-categories;injectives-section-grothendieck-conditions,05AB;079A,,structural_only,classified,,,Source structure; no independent Stacks object.
tohoku:section:1.5:AB4,129,section,tohoku:section:1.5,129,129,sem/r7/nodes.csv:891,5A8E5720BC2EF8905BF85F7919C65AC4A87A31CFC854BD77E6B5084C0D2DEBEF,grothendieck-category,injectives-section-grothendieck-categories;injectives-section-grothendieck-conditions,05AB;079A,,structural_only,classified,,,Source structure; no independent Stacks object.
tohoku:section:1.5:AB5,129,section,tohoku:section:1.5,129,129,sem/r7/nodes.csv:892,5A8E5720BC2EF8905BF85F7919C65AC4A87A31CFC854BD77E6B5084C0D2DEBEF,grothendieck-category,injectives-section-grothendieck-categories;injectives-section-grothendieck-conditions,05AB;079A,,structural_only,classified,,,Source structure; no independent Stacks object.
tohoku:section:1.5:AB5:equivalent,129,section,tohoku:section:1.5,129,129,sem/r7/nodes.csv:893,5A8E5720BC2EF8905BF85F7919C65AC4A87A31CFC854BD77E6B5084C0D2DEBEF,grothendieck-category,injectives-section-grothendieck-categories;injectives-section-grothendieck-conditions,05AB;079A,,structural_only,classified,,,Source structure; no independent Stacks object.
tohoku:section:1.5:AB6,129,section,tohoku:section:1.5,129,129,sem/r7/nodes.csv:894,5A8E5720BC2EF8905BF85F7919C65AC4A87A31CFC854BD77E6B5084C0D2DEBEF,grothendieck-category,injectives-section-grothendieck-categories;injectives-section-grothendieck-conditions,05AB;079A,,structural_only,classified,,,Source structure; no independent Stacks object.
tohoku:section:1.5:p1,128;129,section,tohoku:section:1.5,128,129,sem/r7/nodes.csv:895,5A8E5720BC2EF8905BF85F7919C65AC4A87A31CFC854BD77E6B5084C0D2DEBEF,,,,,structural_only,classified,,,Source structure; no independent Stacks object.
tohoku:section:1.5:p2,129,section,tohoku:section:1.5,129,129,sem/r7/nodes.csv:896,5A8E5720BC2EF8905BF85F7919C65AC4A87A31CFC854BD77E6B5084C0D2DEBEF,,,,,structural_only,classified,,,Source structure; no independent Stacks object.
tohoku:section:1.5:p3,129;130,section,tohoku:section:1.5,129,130,sem/r7/nodes.csv:897,5A8E5720BC2EF8905BF85F7919C65AC4A87A31CFC854BD77E6B5084C0D2DEBEF,limits,categories-section-directed-colimits;categories-section-limits;cohomology-section-limits,002D;01FE;04AX,,structural_only,classified,,,Source structure; no independent Stacks object.
tohoku:section:1.6,121;130,section,tohoku:chapter:I,121,130,sem/r7/nodes.csv:898,5A8E5720BC2EF8905BF85F7919C65AC4A87A31CFC854BD77E6B5084C0D2DEBEF,,,,,structural_only,classified,,,Source structure; no independent Stacks object.
tohoku:section:1.7,121;131,section,tohoku:chapter:I,121,131,sem/r7/nodes.csv:899,5A8E5720BC2EF8905BF85F7919C65AC4A87A31CFC854BD77E6B5084C0D2DEBEF,,,,,structural_only,classified,,,Source structure; no independent Stacks object.
tohoku:section:1.8,121;133,section,tohoku:chapter:I,121,133,sem/r7/nodes.csv:900,5A8E5720BC2EF8905BF85F7919C65AC4A87A31CFC854BD77E6B5084C0D2DEBEF,limits,categories-section-directed-colimits;categories-section-limits;cohomology-section-limits,002D;01FE;04AX,,structural_only,classified,,,Source structure; no independent Stacks object.
tohoku:section:1.9,121;134,section,tohoku:chapter:I,121,134,sem/r7/nodes.csv:901,5A8E5720BC2EF8905BF85F7919C65AC4A87A31CFC854BD77E6B5084C0D2DEBEF,grothendieck-category;injectives,derived-section-injective-resolutions;homology-section-injectives;injectives-section-grothendieck-categories;injectives-section-grothendieck-conditions,0134;013G;05AB;079A,,structural_only,classified,,,Source structure; no independent Stacks object.
tohoku:section:1.9:examples:p1,134,section,tohoku:section:1.9,134,134,sem/r7/nodes.csv:902,5A8E5720BC2EF8905BF85F7919C65AC4A87A31CFC854BD77E6B5084C0D2DEBEF,abelian;grothendieck-category,homology-section-abelian-categories;injectives-section-grothendieck-categories;injectives-section-grothendieck-conditions,00ZX;05AB;079A,,structural_only,classified,,,Source structure; no independent Stacks object.
tohoku:section:2.1,121;139,section,tohoku:chapter:II,121,139,sem/r7/nodes.csv:903,5A8E5720BC2EF8905BF85F7919C65AC4A87A31CFC854BD77E6B5084C0D2DEBEF,,,,,structural_only,classified,,,Source structure; no independent Stacks object.
tohoku:section:2.2,121;140,section,tohoku:chapter:II,121,140,sem/r7/nodes.csv:904,5A8E5720BC2EF8905BF85F7919C65AC4A87A31CFC854BD77E6B5084C0D2DEBEF,,,,,structural_only,classified,,,Source structure; no independent Stacks object.
tohoku:section:2.3,121;143,section,tohoku:chapter:II,121,143,sem/r7/nodes.csv:905,5A8E5720BC2EF8905BF85F7919C65AC4A87A31CFC854BD77E6B5084C0D2DEBEF,abelian;derived-functor;injectives,cohomology-section-derived-functors;derived-section-injective-resolutions;derived-section-right-derived-functor;homology-section-abelian-categories;homology-section-injectives,00ZX;0134;013G;0156;0716,,structural_only,classified,,,Source structure; no independent Stacks object.
tohoku:section:2.4,121;144,section,tohoku:chapter:II,121,144,sem/r7/nodes.csv:906,5A8E5720BC2EF8905BF85F7919C65AC4A87A31CFC854BD77E6B5084C0D2DEBEF,spectral-sequence,homology-section-spectral-sequence,011M,,structural_only,classified,,,Source structure; no independent Stacks object.
tohoku:section:2.4:intro,145,section,tohoku:section:2.4,145,145,sem/r7/nodes.csv:907,5A8E5720BC2EF8905BF85F7919C65AC4A87A31CFC854BD77E6B5084C0D2DEBEF,spectral-sequence,homology-section-spectral-sequence,011M,,structural_only,classified,,,Source structure; no independent Stacks object.
tohoku:section:2.5,121;149,section,tohoku:chapter:II,121,149,sem/r7/nodes.csv:908,5A8E5720BC2EF8905BF85F7919C65AC4A87A31CFC854BD77E6B5084C0D2DEBEF,,,,,structural_only,classified,,,Source structure; no independent Stacks object.
tohoku:section:3.1,121;153,section,tohoku:chapter:III,121,153,sem/r7/nodes.csv:909,5A8E5720BC2EF8905BF85F7919C65AC4A87A31CFC854BD77E6B5084C0D2DEBEF,,,,,structural_only,classified,,,Source structure; no independent Stacks object.
tohoku:section:3.10,121;181,section,tohoku:chapter:III,121,181,sem/r7/nodes.csv:910,5A8E5720BC2EF8905BF85F7919C65AC4A87A31CFC854BD77E6B5084C0D2DEBEF,limits;sheaf-cohomology,categories-section-directed-colimits;categories-section-limits;cohomology-section-cohomology-sheaves;cohomology-section-limits,002D;01DZ;01FE;04AX,,structural_only,classified,,,Source structure; no independent Stacks object.
tohoku:section:3.2,121;156,section,tohoku:chapter:III,121,156,sem/r7/nodes.csv:911,5A8E5720BC2EF8905BF85F7919C65AC4A87A31CFC854BD77E6B5084C0D2DEBEF,abelian,homology-section-abelian-categories,00ZX,,structural_only,classified,,,Source structure; no independent Stacks object.
tohoku:section:3.3,121;158,section,tohoku:chapter:III,121,158,sem/r7/nodes.csv:912,5A8E5720BC2EF8905BF85F7919C65AC4A87A31CFC854BD77E6B5084C0D2DEBEF,derived-functor,cohomology-section-derived-functors;derived-section-right-derived-functor,0156;0716,,structural_only,classified,,,Source structure; no independent Stacks object.
tohoku:section:3.4,121;160,section,tohoku:chapter:III,121,160,sem/r7/nodes.csv:913,5A8E5720BC2EF8905BF85F7919C65AC4A87A31CFC854BD77E6B5084C0D2DEBEF,,,,,structural_only,classified,,,Source structure; no independent Stacks object.
tohoku:section:3.5,121;166,section,tohoku:chapter:III,121,166,sem/r7/nodes.csv:914,5A8E5720BC2EF8905BF85F7919C65AC4A87A31CFC854BD77E6B5084C0D2DEBEF,,,,,structural_only,classified,,,Source structure; no independent Stacks object.
tohoku:section:3.6,121;167,section,tohoku:chapter:III,121,167,sem/r7/nodes.csv:915,5A8E5720BC2EF8905BF85F7919C65AC4A87A31CFC854BD77E6B5084C0D2DEBEF,,,,,structural_only,classified,,,Source structure; no independent Stacks object.
tohoku:section:3.7,121;171,section,tohoku:chapter:III,121,171,sem/r7/nodes.csv:916,5A8E5720BC2EF8905BF85F7919C65AC4A87A31CFC854BD77E6B5084C0D2DEBEF,spectral-sequence,homology-section-spectral-sequence,011M,,structural_only,classified,,,Source structure; no independent Stacks object.
tohoku:section:3.8,121;174,section,tohoku:chapter:III,121,174,sem/r7/nodes.csv:917,5A8E5720BC2EF8905BF85F7919C65AC4A87A31CFC854BD77E6B5084C0D2DEBEF,cech,cohomology-section-cech;cohomology-section-cech-cohomology-cohomology,01ED;01EO,,structural_only,classified,,,Source structure; no independent Stacks object.
tohoku:section:3.9,121;179,section,tohoku:chapter:III,121,179,sem/r7/nodes.csv:918,5A8E5720BC2EF8905BF85F7919C65AC4A87A31CFC854BD77E6B5084C0D2DEBEF,cech;derived-functor,cohomology-section-cech;cohomology-section-cech-cohomology-cohomology;cohomology-section-derived-functors;derived-section-right-derived-functor,0156;01ED;01EO;0716,,structural_only,classified,,,Source structure; no independent Stacks object.
tohoku:section:4.1,121;185,section,tohoku:chapter:IV,121,185,sem/r7/nodes.csv:919,5A8E5720BC2EF8905BF85F7919C65AC4A87A31CFC854BD77E6B5084C0D2DEBEF;8D632A04EE0FA987B40B721BEE6E64BB3E641D6A1CE02335556213F1564C9A53,,,,,structural_only,classified,,,Source structure; no independent Stacks object.
tohoku:section:4.2,121;122;187,section,tohoku:chapter:IV,121,187,sem/r7/nodes.csv:920,5A8E5720BC2EF8905BF85F7919C65AC4A87A31CFC854BD77E6B5084C0D2DEBEF;8D632A04EE0FA987B40B721BEE6E64BB3E641D6A1CE02335556213F1564C9A53,ext;spectral-sequence,cohomology-section-ext;derived-section-ext;homology-section-spectral-sequence,011M;06XP;0BQP,,structural_only,classified,,,Source structure; no independent Stacks object.
tohoku:section:4.3,122;191,section,tohoku:chapter:IV,122,191,sem/r7/nodes.csv:921,5A8E5720BC2EF8905BF85F7919C65AC4A87A31CFC854BD77E6B5084C0D2DEBEF;8D632A04EE0FA987B40B721BEE6E64BB3E641D6A1CE02335556213F1564C9A53,,,,,structural_only,classified,,,Source structure; no independent Stacks object.
tohoku:section:4.4,122;193,section,tohoku:chapter:IV,122,193,sem/r7/nodes.csv:922,5A8E5720BC2EF8905BF85F7919C65AC4A87A31CFC854BD77E6B5084C0D2DEBEF;8D632A04EE0FA987B40B721BEE6E64BB3E641D6A1CE02335556213F1564C9A53,,,,,structural_only,classified,,,Source structure; no independent Stacks object.
tohoku:section:5.1,122;195,section,tohoku:chapter:V,122,195,sem/r7/nodes.csv:923,5A8E5720BC2EF8905BF85F7919C65AC4A87A31CFC854BD77E6B5084C0D2DEBEF;8D632A04EE0FA987B40B721BEE6E64BB3E641D6A1CE02335556213F1564C9A53,,,,,structural_only,classified,,,Source structure; no independent Stacks object.
tohoku:section:5.2,122;199,section,tohoku:chapter:V,122,199,sem/r7/nodes.csv:924,5A8E5720BC2EF8905BF85F7919C65AC4A87A31CFC854BD77E6B5084C0D2DEBEF;8D632A04EE0FA987B40B721BEE6E64BB3E641D6A1CE02335556213F1564C9A53,spectral-sequence,homology-section-spectral-sequence,011M,,structural_only,classified,,,Source structure; no independent Stacks object.
tohoku:section:5.3,122;203,section,tohoku:chapter:V,122,203,sem/r7/nodes.csv:925,5A8E5720BC2EF8905BF85F7919C65AC4A87A31CFC854BD77E6B5084C0D2DEBEF;8D632A04EE0FA987B40B721BEE6E64BB3E641D6A1CE02335556213F1564C9A53,,,,,structural_only,classified,,,Source structure; no independent Stacks object.
tohoku:section:5.4,122;205,section,tohoku:chapter:V,122,205,sem/r7/nodes.csv:926,5A8E5720BC2EF8905BF85F7919C65AC4A87A31CFC854BD77E6B5084C0D2DEBEF;8D632A04EE0FA987B40B721BEE6E64BB3E641D6A1CE02335556213F1564C9A53,spectral-sequence,homology-section-spectral-sequence,011M,,structural_only,classified,,,Source structure; no independent Stacks object.
tohoku:section:5.5,122;207,section,tohoku:chapter:V,122,207,sem/r7/nodes.csv:927,5A8E5720BC2EF8905BF85F7919C65AC4A87A31CFC854BD77E6B5084C0D2DEBEF;8D632A04EE0FA987B40B721BEE6E64BB3E641D6A1CE02335556213F1564C9A53,cech,cohomology-section-cech;cohomology-section-cech-cohomology-cohomology,01ED;01EO,,structural_only,classified,,,Source structure; no independent Stacks object.
tohoku:section:5.6,122,section,tohoku:chapter:V,122,122,sem/r7/nodes.csv:928,5A8E5720BC2EF8905BF85F7919C65AC4A87A31CFC854BD77E6B5084C0D2DEBEF,abelian;ext,cohomology-section-ext;derived-section-ext;homology-section-abelian-categories,00ZX;06XP;0BQP,,structural_only,classified,,,Source structure; no independent Stacks object.
tohoku:section:5.6-equivariant-ext,213,section,tohoku:section:5.6,213,213,sem/r7/nodes.csv:929,8D632A04EE0FA987B40B721BEE6E64BB3E641D6A1CE02335556213F1564C9A53,abelian;ext,cohomology-section-ext;derived-section-ext;homology-section-abelian-categories,00ZX;06XP;0BQP,,structural_only,classified,,,Source structure; no independent Stacks object.
tohoku:section:5.7,122;219,section,tohoku:chapter:V,122,219,sem/r7/nodes.csv:930,5A8E5720BC2EF8905BF85F7919C65AC4A87A31CFC854BD77E6B5084C0D2DEBEF;8D632A04EE0FA987B40B721BEE6E64BB3E641D6A1CE02335556213F1564C9A53,,,,,structural_only,classified,,,Source structure; no independent Stacks object.
tohoku:sequence:5.4-support-exact-sequences,205,sequence,tohoku:section:5.4,205,205,sem/r7/nodes.csv:931,8D632A04EE0FA987B40B721BEE6E64BB3E641D6A1CE02335556213F1564C9A53,support,cohomology-section-cohomology-support,0A39,,needs_review,generated_intake,,,Requires statement-level mathematical comparison.
tohoku:sequence:5.4.2,206,sequence,tohoku:section:5.4,206,206,sem/r7/nodes.csv:932,8D632A04EE0FA987B40B721BEE6E64BB3E641D6A1CE02335556213F1564C9A53,,,,,needs_review,generated_intake,,,Requires statement-level mathematical comparison.
tohoku:sequence:left-hereditary-k,192,sequence,tohoku:section:4.3,192,192,sem/r7/nodes.csv:933,8D632A04EE0FA987B40B721BEE6E64BB3E641D6A1CE02335556213F1564C9A53,ext,cohomology-section-ext;derived-section-ext,06XP;0BQP,,needs_review,generated_intake,,,Requires statement-level mathematical comparison.
tohoku:sequence:partial-derived-long-exact,144,sequence,tohoku:section:2.3,144,144,sem/r7/nodes.csv:934,5A8E5720BC2EF8905BF85F7919C65AC4A87A31CFC854BD77E6B5084C0D2DEBEF,,,,,needs_review,generated_intake,,,Requires statement-level mathematical comparison.
tohoku:setup:acyclicity-cover-families,179,setup,tohoku:section:3.9,179,179,sem/r7/nodes.csv:935,5A8E5720BC2EF8905BF85F7919C65AC4A87A31CFC854BD77E6B5084C0D2DEBEF,cech;derived-functor,cohomology-section-cech;cohomology-section-cech-cohomology-cohomology;cohomology-section-derived-functors;derived-section-right-derived-functor,0156;01ED;01EO;0716,,structural_only,inherits_parent,,,Embedded source component; inherit the parent disposition.
tohoku:setup:constant-ring-sheaf,191,setup,tohoku:section:4.3,191,191,sem/r7/nodes.csv:936,8D632A04EE0FA987B40B721BEE6E64BB3E641D6A1CE02335556213F1564C9A53,,,,,structural_only,inherits_parent,,,Embedded source component; inherit the parent disposition.
tohoku:setup:equivariant-derived-functors,200,setup,tohoku:section:5.2,200,200,sem/r7/nodes.csv:937,8D632A04EE0FA987B40B721BEE6E64BB3E641D6A1CE02335556213F1564C9A53,exact-functor,categories-section-exact-functor,0033,,structural_only,inherits_parent,,,Embedded source component; inherit the parent disposition.
tohoku:setup:functors-h-constant-module,191,setup,tohoku:section:4.3,191,191,sem/r7/nodes.csv:938,8D632A04EE0FA987B40B721BEE6E64BB3E641D6A1CE02335556213F1564C9A53,,,,,structural_only,inherits_parent,,,Embedded source component; inherit the parent disposition.
tohoku:setup:g-module-sheaf-notation,193;194,setup,tohoku:section:4.4,193,194,sem/r7/nodes.csv:939,8D632A04EE0FA987B40B721BEE6E64BB3E641D6A1CE02335556213F1564C9A53,ext,cohomology-section-ext;derived-section-ext,06XP;0BQP,,structural_only,inherits_parent,,,Embedded source component; inherit the parent disposition.
tohoku:setup:g-space-and-orbit-space,195,setup,tohoku:section:5.1,195,195,sem/r7/nodes.csv:940,8D632A04EE0FA987B40B721BEE6E64BB3E641D6A1CE02335556213F1564C9A53,,,,,structural_only,inherits_parent,,,Embedded source component; inherit the parent disposition.
tohoku:setup:group-operator-sheaves,193,setup,tohoku:section:4.4,193,193,sem/r7/nodes.csv:941,8D632A04EE0FA987B40B721BEE6E64BB3E641D6A1CE02335556213F1564C9A53,,,,,structural_only,inherits_parent,,,Embedded source component; inherit the parent disposition.
tohoku:setup:transformation-first-spectral-sequence,205,setup,tohoku:section:5.4,205,205,sem/r7/nodes.csv:942,8D632A04EE0FA987B40B721BEE6E64BB3E641D6A1CE02335556213F1564C9A53,support,cohomology-section-cohomology-support,0A39,,structural_only,inherits_parent,,,Embedded source component; inherit the parent disposition.
tohoku:special-case:single-orbit-covering,210,special_case,tohoku:section:5.5,210,210,sem/r7/nodes.csv:943,8D632A04EE0FA987B40B721BEE6E64BB3E641D6A1CE02335556213F1564C9A53,cech,cohomology-section-cech;cohomology-section-cech-cohomology-cohomology,01ED;01EO,,needs_review,generated_intake,,,Requires statement-level mathematical comparison.
tohoku:specialization:ordinary-leray,173,specialization,tohoku:section:3.7,173,173,sem/r7/nodes.csv:944,5A8E5720BC2EF8905BF85F7919C65AC4A87A31CFC854BD77E6B5084C0D2DEBEF,,,,,needs_review,generated_intake,,,Requires statement-level mathematical comparison.
tohoku:specialization:theorem-5.6.3,217,specialization,tohoku:section:5.6,217,217,sem/r7/nodes.csv:945,8D632A04EE0FA987B40B721BEE6E64BB3E641D6A1CE02335556213F1564C9A53,spectral-sequence,homology-section-spectral-sequence,011M,,needs_review,generated_intake,,,Requires statement-level mathematical comparison.
tohoku:specialization:trivial-action-on-m,218,specialization,tohoku:section:5.6,218,218,sem/r7/nodes.csv:946,8D632A04EE0FA987B40B721BEE6E64BB3E641D6A1CE02335556213F1564C9A53,,,,,needs_review,generated_intake,,,Requires statement-level mathematical comparison.
tohoku:spectral-sequence:5.7-i-supported-equivariant,220,spectral_sequence,tohoku:section:5.7,220,220,sem/r7/nodes.csv:947,8D632A04EE0FA987B40B721BEE6E64BB3E641D6A1CE02335556213F1564C9A53,derived-functor;injectives;support,cohomology-section-cohomology-support;cohomology-section-derived-functors;derived-section-injective-resolutions;derived-section-right-derived-functor;homology-section-injectives,0134;013G;0156;0716;0A39,,needs_review,generated_intake,,,Requires statement-level mathematical comparison.
tohoku:spectral-sequence:equivariant-cech-cohomology,212,spectral_sequence,tohoku:section:5.5,212,212,sem/r7/nodes.csv:948,8D632A04EE0FA987B40B721BEE6E64BB3E641D6A1CE02335556213F1564C9A53,cech,cohomology-section-cech;cohomology-section-cech-cohomology-cohomology,01ED;01EO,,needs_review,generated_intake,,,Requires statement-level mathematical comparison.
tohoku:spectral-sequence:equivariant-ext-composite-functors,215,spectral_sequence,tohoku:section:5.6,215,215,sem/r7/nodes.csv:949,8D632A04EE0FA987B40B721BEE6E64BB3E641D6A1CE02335556213F1564C9A53,ext;spectral-sequence,cohomology-section-ext;derived-section-ext;homology-section-spectral-sequence,011M;06XP;0BQP,,needs_review,generated_intake,,,Requires statement-level mathematical comparison.
tohoku:spectral-sequence:ii-a-u,220,spectral_sequence,tohoku:section:5.7,220,220,sem/r7/nodes.csv:950,8D632A04EE0FA987B40B721BEE6E64BB3E641D6A1CE02335556213F1564C9A53,spectral-sequence,homology-section-spectral-sequence,011M,,needs_review,generated_intake,,,Requires statement-level mathematical comparison.
tohoku:spectral-sequence:iv,218,spectral_sequence,tohoku:section:5.6,218,218,sem/r7/nodes.csv:951,8D632A04EE0FA987B40B721BEE6E64BB3E641D6A1CE02335556213F1564C9A53,ext;injectives,cohomology-section-ext;derived-section-ext;derived-section-injective-resolutions;homology-section-injectives,0134;013G;06XP;0BQP,,needs_review,generated_intake,,,Requires statement-level mathematical comparison.
tohoku:spectral-sequence:three-equivariant-ext-sequences,216,spectral_sequence,tohoku:section:5.6,216,216,sem/r7/nodes.csv:952,8D632A04EE0FA987B40B721BEE6E64BB3E641D6A1CE02335556213F1564C9A53,derived-functor;ext;spectral-sequence,cohomology-section-derived-functors;cohomology-section-ext;derived-section-ext;derived-section-right-derived-functor;homology-section-spectral-sequence,011M;0156;06XP;0716;0BQP,,needs_review,generated_intake,,,Requires statement-level mathematical comparison.
tohoku:spectral-sequence:v,218,spectral_sequence,tohoku:section:5.6,218,218,sem/r7/nodes.csv:953,8D632A04EE0FA987B40B721BEE6E64BB3E641D6A1CE02335556213F1564C9A53,injectives,derived-section-injective-resolutions;homology-section-injectives,0134;013G,,needs_review,generated_intake,,,Requires statement-level mathematical comparison.
tohoku:subitem:3.6.2:a,169,subitem,tohoku:section:3.6,169,169,sem/r7/nodes.csv:954,5A8E5720BC2EF8905BF85F7919C65AC4A87A31CFC854BD77E6B5084C0D2DEBEF,limits,categories-section-directed-colimits;categories-section-limits;cohomology-section-limits,002D;01FE;04AX,,structural_only,inherits_parent,,,Embedded source component; inherit the parent disposition.
tohoku:subitem:3.6.2:b,169,subitem,tohoku:section:3.6,169,169,sem/r7/nodes.csv:955,5A8E5720BC2EF8905BF85F7919C65AC4A87A31CFC854BD77E6B5084C0D2DEBEF,derived-functor;injectives,cohomology-section-derived-functors;derived-section-injective-resolutions;derived-section-right-derived-functor;homology-section-injectives,0134;013G;0156;0716,,structural_only,inherits_parent,,,Embedded source component; inherit the parent disposition.
tohoku:subitem:3.6.3:1,170,subitem,tohoku:section:3.6,170,170,sem/r7/nodes.csv:956,5A8E5720BC2EF8905BF85F7919C65AC4A87A31CFC854BD77E6B5084C0D2DEBEF,,,,,structural_only,inherits_parent,,,Embedded source component; inherit the parent disposition.
tohoku:subitem:3.6.3:2,170,subitem,tohoku:section:3.6,170,170,sem/r7/nodes.csv:957,5A8E5720BC2EF8905BF85F7919C65AC4A87A31CFC854BD77E6B5084C0D2DEBEF,,,,,structural_only,inherits_parent,,,Embedded source component; inherit the parent disposition.
tohoku:subitem:3.7.1:1,172,subitem,tohoku:section:3.7,172,172,sem/r7/nodes.csv:958,5A8E5720BC2EF8905BF85F7919C65AC4A87A31CFC854BD77E6B5084C0D2DEBEF,injectives,derived-section-injective-resolutions;homology-section-injectives,0134;013G,,structural_only,inherits_parent,,,Embedded source component; inherit the parent disposition.
tohoku:subitem:3.7.1:2,172,subitem,tohoku:section:3.7,172,172,sem/r7/nodes.csv:959,5A8E5720BC2EF8905BF85F7919C65AC4A87A31CFC854BD77E6B5084C0D2DEBEF,,,,,structural_only,inherits_parent,,,Embedded source component; inherit the parent disposition.
tohoku:theorem:3.5.1,167,theorem,tohoku:section:3.5,167,167,sem/r7/nodes.csv:960,5A8E5720BC2EF8905BF85F7919C65AC4A87A31CFC854BD77E6B5084C0D2DEBEF,,,,,needs_review,generated_intake,,,Requires statement-level mathematical comparison.
tohoku:theorem:3.6.5,170,theorem,tohoku:section:3.6,170,170,sem/r7/nodes.csv:961,5A8E5720BC2EF8905BF85F7919C65AC4A87A31CFC854BD77E6B5084C0D2DEBEF,,,,,needs_review,generated_intake,,,Requires statement-level mathematical comparison.
tohoku:theorem:3.7.3,173,theorem,tohoku:section:3.7,173,173,sem/r7/nodes.csv:962,5A8E5720BC2EF8905BF85F7919C65AC4A87A31CFC854BD77E6B5084C0D2DEBEF,,,,,needs_review,generated_intake,,,Requires statement-level mathematical comparison.
tohoku:theorem:3.8.1,175,theorem,tohoku:section:3.8,175,175,sem/r7/nodes.csv:963,5A8E5720BC2EF8905BF85F7919C65AC4A87A31CFC854BD77E6B5084C0D2DEBEF,cech,cohomology-section-cech;cohomology-section-cech-cohomology-cohomology,01ED;01EO,,needs_review,generated_intake,,,Requires statement-level mathematical comparison.
tohoku:theorem:3.9.1,179,theorem,tohoku:section:3.9,179,179,sem/r7/nodes.csv:964,5A8E5720BC2EF8905BF85F7919C65AC4A87A31CFC854BD77E6B5084C0D2DEBEF,,,,,needs_review,generated_intake,,,Requires statement-level mathematical comparison.
tohoku:theorem:4.2.1,188,theorem,tohoku:section:4.2,188,188,sem/r7/nodes.csv:965,8D632A04EE0FA987B40B721BEE6E64BB3E641D6A1CE02335556213F1564C9A53,ext,cohomology-section-ext;derived-section-ext,06XP;0BQP,,needs_review,generated_intake,,,Requires statement-level mathematical comparison.
tohoku:theorem:4.2.2,189,theorem,tohoku:section:4.2,189,189,sem/r7/nodes.csv:966,8D632A04EE0FA987B40B721BEE6E64BB3E641D6A1CE02335556213F1564C9A53,,,,,needs_review,generated_intake,,,Requires statement-level mathematical comparison.
tohoku:theorem:4.3.1,191,theorem,tohoku:section:4.3,191,191,sem/r7/nodes.csv:967,8D632A04EE0FA987B40B721BEE6E64BB3E641D6A1CE02335556213F1564C9A53,ext,cohomology-section-ext;derived-section-ext,06XP;0BQP,,needs_review,generated_intake,,,Requires statement-level mathematical comparison.
tohoku:theorem:4.4.1,194,theorem,tohoku:section:4.4,194,194,sem/r7/nodes.csv:968,8D632A04EE0FA987B40B721BEE6E64BB3E641D6A1CE02335556213F1564C9A53,,,,,needs_review,generated_intake,,,Requires statement-level mathematical comparison.
tohoku:theorem:5.2.1,200,theorem,tohoku:section:5.2,200,200,sem/r7/nodes.csv:969,8D632A04EE0FA987B40B721BEE6E64BB3E641D6A1CE02335556213F1564C9A53,,,,,needs_review,generated_intake,,,Requires statement-level mathematical comparison.
tohoku:theorem:5.3.1,204,theorem,tohoku:section:5.3,204,204,sem/r7/nodes.csv:970,8D632A04EE0FA987B40B721BEE6E64BB3E641D6A1CE02335556213F1564C9A53,,,,,needs_review,generated_intake,,,Requires statement-level mathematical comparison.
tohoku:theorem:5.5.3,208,theorem,tohoku:section:5.5,208,208,sem/r7/nodes.csv:971,8D632A04EE0FA987B40B721BEE6E64BB3E641D6A1CE02335556213F1564C9A53,cech,cohomology-section-cech;cohomology-section-cech-cohomology-cohomology,01ED;01EO,,needs_review,generated_intake,,,Requires statement-level mathematical comparison.
tohoku:theorem:5.5.6,213,theorem,tohoku:section:5.5,213,213,sem/r7/nodes.csv:972,8D632A04EE0FA987B40B721BEE6E64BB3E641D6A1CE02335556213F1564C9A53,,,,,needs_review,generated_intake,,,Requires statement-level mathematical comparison.
tohoku:theorem:5.6.3,217,theorem,tohoku:section:5.6,217,217,sem/r7/nodes.csv:973,8D632A04EE0FA987B40B721BEE6E64BB3E641D6A1CE02335556213F1564C9A53,ext,cohomology-section-ext;derived-section-ext,06XP;0BQP,,needs_review,generated_intake,,,Requires statement-level mathematical comparison.
tohoku:thm:1.10.1:construction:M1,136,theorem,tohoku:section:1.10,136,136,sem/r7/nodes.csv:974,5A8E5720BC2EF8905BF85F7919C65AC4A87A31CFC854BD77E6B5084C0D2DEBEF,,,,,needs_review,generated_intake,,,Requires statement-level mathematical comparison.
tohoku:thm:1.10.1:construction:transfinite:p1,136,theorem,tohoku:section:1.10,136,136,sem/r7/nodes.csv:975,5A8E5720BC2EF8905BF85F7919C65AC4A87A31CFC854BD77E6B5084C0D2DEBEF,injectives,derived-section-injective-resolutions;homology-section-injectives,0134;013G,,needs_review,generated_intake,,,Requires statement-level mathematical comparison.
tohoku:thm:1.10.1:construction:transfinite:p2,137,theorem,tohoku:section:1.10,137,137,sem/r7/nodes.csv:976,5A8E5720BC2EF8905BF85F7919C65AC4A87A31CFC854BD77E6B5084C0D2DEBEF,injectives;limits,categories-section-directed-colimits;categories-section-limits;cohomology-section-limits;derived-section-injective-resolutions;homology-section-injectives,002D;0134;013G;01FE;04AX,,needs_review,generated_intake,,,Requires statement-level mathematical comparison.
tohoku:thm:1.10.1:p1,135,theorem,tohoku:section:1.10,135,135,sem/r7/nodes.csv:977,5A8E5720BC2EF8905BF85F7919C65AC4A87A31CFC854BD77E6B5084C0D2DEBEF,grothendieck-category;injectives,derived-section-injective-resolutions;homology-section-injectives;injectives-section-grothendieck-categories;injectives-section-grothendieck-conditions,0134;013G;05AB;079A,,needs_review,generated_intake,,,Requires statement-level mathematical comparison.
tohoku:thm:1.10.1:p2,136,theorem,tohoku:section:1.10,136,136,sem/r7/nodes.csv:978,5A8E5720BC2EF8905BF85F7919C65AC4A87A31CFC854BD77E6B5084C0D2DEBEF,injectives,derived-section-injective-resolutions;homology-section-injectives,0134;013G,,needs_review,generated_intake,,,Requires statement-level mathematical comparison.
tohoku:thm:1.10.1:remark:1,137,theorem,tohoku:section:1.10,137,137,sem/r7/nodes.csv:979,5A8E5720BC2EF8905BF85F7919C65AC4A87A31CFC854BD77E6B5084C0D2DEBEF,grothendieck-category;injectives,derived-section-injective-resolutions;homology-section-injectives;injectives-section-grothendieck-categories;injectives-section-grothendieck-conditions,0134;013G;05AB;079A,,needs_review,generated_intake,,,Requires statement-level mathematical comparison.
tohoku:thm:1.10.1:remark:2,137,theorem,tohoku:section:1.10,137,137,sem/r7/nodes.csv:980,5A8E5720BC2EF8905BF85F7919C65AC4A87A31CFC854BD77E6B5084C0D2DEBEF,injectives,derived-section-injective-resolutions;homology-section-injectives,0134;013G,,needs_review,generated_intake,,,Requires statement-level mathematical comparison.
tohoku:thm:1.10.1:remark:3,137,theorem,tohoku:section:1.10,137,137,sem/r7/nodes.csv:981,5A8E5720BC2EF8905BF85F7919C65AC4A87A31CFC854BD77E6B5084C0D2DEBEF,injectives,derived-section-injective-resolutions;homology-section-injectives,0134;013G,,needs_review,generated_intake,,,Requires statement-level mathematical comparison.
tohoku:thm:1.10.1:remark:4,137,theorem,tohoku:section:1.10,137,137,sem/r7/nodes.csv:982,5A8E5720BC2EF8905BF85F7919C65AC4A87A31CFC854BD77E6B5084C0D2DEBEF,,,,,needs_review,generated_intake,,,Requires statement-level mathematical comparison.
tohoku:thm:2.2.2:dual,142,theorem,tohoku:section:2.2,142,142,sem/r7/nodes.csv:983,5A8E5720BC2EF8905BF85F7919C65AC4A87A31CFC854BD77E6B5084C0D2DEBEF,delta-functor;injectives,derived-section-injective-resolutions;homology-section-cohomological-delta-functor;homology-section-injectives,010P;0134;013G,,needs_review,generated_intake,,,Requires statement-level mathematical comparison.
tohoku:thm:2.2.2:p1,141,theorem,tohoku:section:2.2,141,141,sem/r7/nodes.csv:984,5A8E5720BC2EF8905BF85F7919C65AC4A87A31CFC854BD77E6B5084C0D2DEBEF,abelian;delta-functor;injectives,derived-section-injective-resolutions;homology-section-abelian-categories;homology-section-cohomological-delta-functor;homology-section-injectives,00ZX;010P;0134;013G,,needs_review,generated_intake,,,Requires statement-level mathematical comparison.
tohoku:thm:2.2.2:p2,142,theorem,tohoku:section:2.2,142,142,sem/r7/nodes.csv:985,5A8E5720BC2EF8905BF85F7919C65AC4A87A31CFC854BD77E6B5084C0D2DEBEF,,,,,needs_review,generated_intake,,,Requires statement-level mathematical comparison.
tohoku:thm:2.2.2:proof:p1,142,theorem,tohoku:section:2.2,142,142,sem/r7/nodes.csv:986,5A8E5720BC2EF8905BF85F7919C65AC4A87A31CFC854BD77E6B5084C0D2DEBEF,injectives,derived-section-injective-resolutions;homology-section-injectives,0134;013G,,needs_review,generated_intake,,,Requires statement-level mathematical comparison.
tohoku:thm:2.4.1,148,theorem,tohoku:section:2.4,148,148,sem/r7/nodes.csv:987,5A8E5720BC2EF8905BF85F7919C65AC4A87A31CFC854BD77E6B5084C0D2DEBEF,abelian;derived-functor;injectives,cohomology-section-derived-functors;derived-section-injective-resolutions;derived-section-right-derived-functor;homology-section-abelian-categories;homology-section-injectives,00ZX;0134;013G;0156;0716,,needs_review,generated_intake,,,Requires statement-level mathematical comparison.
tohoku:transition:degeneration-case,217;218,transition,tohoku:section:5.6,217,218,sem/r7/nodes.csv:988,8D632A04EE0FA987B40B721BEE6E64BB3E641D6A1CE02335556213F1564C9A53,,,,,structural_only,inherits_parent,,,Embedded source component; inherit the parent disposition.
tohoku:transition:final-particular-case-5.2,202,semantic_unit,tohoku:section:5.2,202,202,sem/r7/nodes.csv:989,8D632A04EE0FA987B40B721BEE6E64BB3E641D6A1CE02335556213F1564C9A53,,,,,needs_review,generated_intake,,,Requires statement-level mathematical comparison.
tohoku:transition:main-equivariant-ext-result,217,transition,tohoku:section:5.6,217,217,sem/r7/nodes.csv:990,8D632A04EE0FA987B40B721BEE6E64BB3E641D6A1CE02335556213F1564C9A53,ext,cohomology-section-ext;derived-section-ext,06XP;0BQP,,structural_only,inherits_parent,,,Embedded source component; inherit the parent disposition.
tohoku:transition:section-5.7-functorial-formulas,219;220,transition,tohoku:section:5.7,219,220,sem/r7/nodes.csv:991,8D632A04EE0FA987B40B721BEE6E64BB3E641D6A1CE02335556213F1564C9A53,,,,,structural_only,inherits_parent,,,Embedded source component; inherit the parent disposition.
