topic_id,score,hit_fields,tag,full_label,file,line,kind,section_title,snippet,status
additive,186,label;section;text,00ZY,homology-definition-preadditive,homology.tex,48,definition,Preadditive and additive categories,"egin definition A category A is called preadditive if each morphism set A (x, y) is endowed with the structure of an abelian group such that the compositions (x, y) imes (y, z) (x, z) are bilinear. A functor F : A o B of preadditive categories is called additive if and only if F ",lexical_candidate_only
additive,185,label;section;text,0101,homology-lemma-preadditive-direct-sum,homology.tex,107,lemma,Preadditive and additive categories,"egin lemma Let A be a preadditive category. Let x, y ( A ) . If the product x imes y exists, then so does the coproduct x y . If the coproduct x y exists, then so does the product x imes y . In this case also x y ong x imes y .",lexical_candidate_only
additive,185,label;section;text,00ZZ,homology-lemma-preadditive-zero,homology.tex,70,lemma,Preadditive and additive categories,"egin lemma Let A be a preadditive category. Let x be an object of A . The following are equivalent egin enumerate x is an initial object, x is a final object, and ext id x = 0 in A (x, x) . Furthermore, if such an object 0 exists, then a morphism : y o z factors through 0 if and ",lexical_candidate_only
additive,114,label;text,05QD,homology-lemma-localization-preadditive,homology.tex,1754,lemma,Localization,egin lemma Let C be a preadditive category. Let S be a left or right multiplicative system. There exists a unique preadditive structure on S -1 C such that the localization functor Q : C o S -1 C is additive.,lexical_candidate_only
additive,96,section;text,09SE,homology-section-additive-categories,homology.tex,42,section,Preadditive and additive categories,Preadditive and additive categories Here is the definition of a preadditive category. egin definition A category A is called preadditive,lexical_candidate_only
additive,94,section;text,0102,homology-definition-direct-sum,homology.tex,147,definition,Preadditive and additive categories,"egin definition Given a pair of objects x, y in a preadditive category A , the direct sum x y of x and y is the direct product x imes y endowed with the morphisms i, j, p, q as in Lemma ef lemma-preadditive-direct-sum above.",lexical_candidate_only
additive,94,section;text,0100,homology-definition-zero-object,homology.tex,100,definition,Preadditive and additive categories,"egin definition In a preadditive category A , we call an object that is both final and initial (as in Lemma ef lemma-preadditive-zero ) a zero object and denote it 0 .",lexical_candidate_only
additive,94,section;text,09QG,homology-lemma-additive-cat-biproduct-kernel,homology.tex,253,lemma,Preadditive and additive categories,"egin lemma Let C be a preadditive category. Let x y with morphisms i, j, p, q as in Lemma ef lemma-preadditive-direct-sum be a direct sum in C . Then i : x o x y is a kernel of q : x y ightarrow y . Dually, p is a cokernel for j .",lexical_candidate_only
additive,93,section;text,0104,homology-definition-additive-category,homology.tex,199,definition,Preadditive and additive categories,"egin definition A category A is called additive if it is preadditive and finite products exist, in other words it has a zero object and direct sums.",lexical_candidate_only
additive,93,section;text,0106,homology-definition-kernel,homology.tex,210,definition,Preadditive and additive categories,egin definition Let A be a preadditive category. Let f : x o y be a morphism. egin enumerate A kernel of f is a morphism i : z o x such that (a) f irc i = 0 and (b) for any i' : z' o x such that f irc i' = 0 there exists a unique morphism g : z' o z such that i' = i irc g . If th,lexical_candidate_only
additive,93,section;text,0105,homology-lemma-additive-additive,homology.tex,173,lemma,Preadditive and additive categories,"egin lemma Let A , B be preadditive categories. Let F : A o B be an additive functor. Then F transforms direct sums to direct sums and zero to zero.",lexical_candidate_only
additive,93,section;text,0107,homology-lemma-coim-im-map,homology.tex,298,lemma,Preadditive and additive categories,"egin lemma Let f : x o y be a morphism in a preadditive category such that the kernel, cokernel, image and coimage all exist. Then f can be factored uniquely as x o (f) o (f) o y .",lexical_candidate_only
additive,93,section;text,0H9P,homology-lemma-idempotent-kernel-cokernel,homology.tex,367,lemma,Preadditive and additive categories,"egin lemma Let A be a preadditive category, x be an object of A , and f : x o x be idempotent. Write g = ext id x - f and recall by Remark ef remark-idempotent-symmetry that f irc g = g irc f = 0 . egin enumerate If f has kernel i : (f) o x and p is the unique morphism such that ",lexical_candidate_only
additive,93,section;text,0H9Q,homology-lemma-idempotent-splitting,homology.tex,422,lemma,Preadditive and additive categories,"egin lemma Let A be a preadditive category, x be an object of A , and f : x o x be idempotent. Write g = ext id x - f . If each of f and g have at least one of a kernel or cokernel and in turn morphisms i , j , p , q are constructed as in the statement of Lemma ef lemma-idempoten",lexical_candidate_only
additive,93,section;text,0E43,homology-lemma-kernel-mono,homology.tex,275,lemma,Preadditive and additive categories,"egin lemma Let C be a preadditive category. Let f : x o y be a morphism in C . egin enumerate If a kernel of f exists, then this kernel is a monomorphism. If a cokernel of f exists, then this cokernel is an epimorphism. If a kernel and coimage of f exist, then the coimage is an e",lexical_candidate_only
additive,93,section;text,0H9R,homology-lemma-split-morphism-kernel-cokernel,homology.tex,450,lemma,Preadditive and additive categories,"egin lemma Let A be a preadditive category, x and y be objects of A , and j : y o x and q : x o y be morphisms satisfying q irc j = ext id y . Then egin enumerate ext id x - j irc q has kernel j . ext id x - j irc q has cokernel q .",lexical_candidate_only
additive,93,section;text,0H9S,homology-lemma-split-morphism-splitting,homology.tex,480,lemma,Preadditive and additive categories,"egin lemma Let A be a preadditive category, x and y be objects of A , and j : y o x and q : x o y be morphisms satisfying q irc j = ext id y . If j irc q has at least one of a kernel or cokernel, then both (co)kernels exist and egin align* x (j irc q) y \\ (j irc q) y with the st",lexical_candidate_only
additive,93,section;text,0103,homology-remark-direct-sum,homology.tex,155,remark,Preadditive and additive categories,"egin remark Note that the proof of Lemma ef lemma-preadditive-direct-sum shows that given p and q the morphisms i , j are uniquely determined by the rules p irc i = ext id x , q irc j = ext id y , p irc j = 0 , q irc i = 0 . Moreover, we automatically have i irc p + j irc q = ext",lexical_candidate_only
additive,93,section;text,0H9N,homology-remark-idempotent-symmetry,homology.tex,358,remark,Preadditive and additive categories,"egin remark Let A be a preadditive category, x an object of A , and f : x o x idempotent. Writing g = ext id x - f , one has f irc g = 0 , g irc f = 0 , and g irc g = g .",lexical_candidate_only
additive,72,section,0108,homology-example-not-abelian,homology.tex,319,example,Preadditive and additive categories,"egin example Let k be a field. Consider the category of filtered vector spaces over k . (See Definition ef definition-filtered .) Consider the filtered vector spaces (V, F) and (W, F) with V = W = k and F iV = \ egin matrix V ext if i < 0 \\ 0 ext if i 0 ight. ext and F iW = \ eg",lexical_candidate_only
additive,22,text,010A,homology-lemma-abelian-opposite,homology.tex,617,lemma,Abelian categories,"egin lemma Let A be a preadditive category. The additions on sets of morphisms make A opp into a preadditive category. Furthermore, A is additive if and only if A opp is additive, and A is abelian if and only if A opp is abelian.",lexical_candidate_only
additive,22,text,02MZ,homology-lemma-inverse-systems-abelian,homology.tex,7616,lemma,Inverse systems,"egin lemma Let C be a category. egin enumerate If C is an additive category, then the category of inverse systems with values in C is an additive category. If C is an abelian category, then the category of inverse systems with values in C is an abelian category. A sequence (K i) ",lexical_candidate_only
additive,22,text,05QE,homology-lemma-localization-additive,homology.tex,1866,lemma,Localization,egin lemma Let C be an additive category. Let S be a left or right multiplicative system. Then S -1 C is an additive category and the localization functor Q : C o S -1 C is additive.,lexical_candidate_only
additive,21,text,07LS,derived-definition-compact-object,derived.tex,11128,definition,Compact objects,"egin definition Let D be an additive category with arbitrary direct sums. A compact object of D is an object K such that the map igoplus i I om D (K, E i) om D (K, igoplus i I E i) is bijective for any set I and objects E i ( D ) parametrized by i I .",lexical_candidate_only
additive,21,text,013H,derived-definition-complexes-notation,derived.tex,2421,definition,The homotopy category,egin definition Let A be an additive category. egin enumerate We set ext Comp ( A ) = ext CoCh ( A ) be the category of (cochain) complexes . A complex K ullet is said to be bounded below if K n = 0 for all n 0 . A complex K ullet is said to be bounded above if K n = 0 for all n ,lexical_candidate_only
additive,21,text,014E,derived-definition-cone,derived.tex,2471,definition,Cones and termwise split sequences,egin definition Let A be an additive category. Let f : K ullet o L ullet be a morphism of complexes of A . The cone of f is the complex C(f) ullet given by C(f) n = L n K n + 1 and differential d C(f) n = ( egin matrix d n L f n + 1 \\ 0 -d K n + 1 ight) It comes equipped with ca,lexical_candidate_only
additive,21,text,014Q,derived-definition-distinguished-triangle,derived.tex,3236,definition,Distinguished triangles in the homotopy category,"egin definition Let A be an additive category. A triangle (X, Y, Z, f, g, h) of K( A ) is called a distinguished triangle of K( A ) if it is isomorphic to the triangle associated to a termwise split exact sequence of complexes, see Definition ef definition-split-ses . Same defini",lexical_candidate_only
additive,21,text,0FXB,derived-definition-orthogonal,derived.tex,11672,definition,Admissible subcategories,"egin definition Let D be an additive category. Let A D be a full subcategory. The right orthogonal A of A is the full subcategory consisting of the objects X of D such that om(A, X) = 0 for all A ( A ) . The left orthogonal A of A is the full subcategory consisting of the objects",lexical_candidate_only
additive,21,text,014I,derived-definition-split-ses,derived.tex,2819,definition,Cones and termwise split sequences,egin definition Let A be an additive category. A termwise split exact sequence of complexes of A is a complex of complexes 0 o A ullet B ullet eta C ullet o 0 together with given direct sum decompositions B n = A n C n compatible with n and eta n . We often write s n : C n o B n ,lexical_candidate_only
additive,21,text,014G,derived-definition-termwise-split-map,derived.tex,2580,definition,Cones and termwise split sequences,egin definition Let A be an additive category. A termwise split injection : A ullet o B ullet is a morphism of complexes such that each A n o B n is isomorphic to the inclusion of a direct summand. A termwise split surjection eta : B ullet o C ullet is a morphism of complexes suc,lexical_candidate_only
additive,21,text,0144,derived-definition-triangle,derived.tex,49,definition,The definition of a triangulated category,"egin definition Let D be an additive category. Let [1] : D o D , E E[1] be an additive functor which is an auto-equivalence of D . egin enumerate A triangle is a sextuple (X, Y, Z, f, g, h) where X, Y, Z ( D ) and f : X o Y , g : Y o Z and h : Z o X[1] are morphisms of D . A morp",lexical_candidate_only
additive,21,text,0145,derived-definition-triangulated-category,derived.tex,95,definition,The definition of a triangulated category,"egin definition A triangulated category consists of a triple ( D , \ [n]\ n Z , T ) where egin enumerate D is an additive category, [1] : D o D , E E[1] is an additive auto-equivalence and [n] for n Z is as discussed above, and T is a set of triangles (Definition ef definition-tr",lexical_candidate_only
additive,21,text,014X,derived-lemma-additive-exact-homotopy-category,derived.tex,3431,lemma,Distinguished triangles in the homotopy category,"egin lemma Let A , B be additive categories. Let F : A o B be an additive functor. The induced functors egin matrix F : K( A ) K( B ) \\ F : K + ( A ) K + ( B ) \\ F : K - ( A ) K - ( B ) \\ F : K b( A ) K b( B ) are exact functors of triangulated categories.",lexical_candidate_only
additive,21,text,05RQ,derived-lemma-bounded-triangulated-subcategories,derived.tex,3402,lemma,Distinguished triangles in the homotopy category,"egin lemma Let A be an additive category. The categories K + ( A ) , K - ( A ) , and K b( A ) are full triangulated subcategories of K( A ) .",lexical_candidate_only
additive,21,text,0G6C,derived-lemma-improve-distinguished-triangle-homotopy,derived.tex,3459,lemma,Distinguished triangles in the homotopy category,"egin lemma Let A be an additive category. Let (A ullet, B ullet, C ullet, a, b, c) be a distinguished triangle in K( A ) . Then there exists an isomorphic distinguished triangle (A ullet, (B') ullet, C ullet, a', b', c) such that 0 o A n o (B') n o C n o 0 is a split short exact ",lexical_candidate_only
additive,21,text,014H,derived-lemma-make-commute-map,derived.tex,2591,lemma,Cones and termwise split sequences,"egin lemma Let A be an additive category. Let A ullet f a B ullet b \\ C ullet g D ullet be a diagram of morphisms of complexes commuting up to homotopy. If f is a termwise split injection, then b is homotopic to a morphism which makes the diagram commute. If g is a termwise spli",lexical_candidate_only
additive,21,text,013N,derived-lemma-make-injective,derived.tex,2623,lemma,Cones and termwise split sequences,egin lemma Let A be an additive category. Let : K ullet o L ullet be a morphism of complexes of A . There exists a factorization K ullet ilde / 1pc/[rr] ilde L ullet L ullet such that egin enumerate ilde is a termwise split injection (see Definition ef definition-termwise-split-m,lexical_candidate_only
additive,21,text,0642,derived-lemma-make-surjective,derived.tex,2728,lemma,Cones and termwise split sequences,egin lemma Let A be an additive category. Let : K ullet o L ullet be a morphism of complexes of A . There exists a factorization K ullet i / 1pc/[rr] ilde K ullet ilde L ullet such that egin enumerate ilde is a termwise split surjection (see Definition ef definition-termwise-spli,lexical_candidate_only
additive,21,text,086L,derived-lemma-nilpotent,derived.tex,2903,lemma,Cones and termwise split sequences,"egin lemma Let A be an additive category. Let 0 o A i ullet o B i ullet o C i ullet o 0 , i = 1, 2, 3 be termwise split exact sequences of complexes. Let b : B 1 ullet o B 2 ullet and b' : B 2 ullet o B 3 ullet be morphisms of complexes such that center A 1 ullet 0 B 1 ullet b C ",lexical_candidate_only
additive,21,text,014O,derived-lemma-rotate-cone,derived.tex,3207,lemma,Cones and termwise split sequences,"egin lemma Let A be an additive category. Let f : K ullet o L ullet be a morphism of complexes. The triangle (L ullet, C(f) ullet, K ullet[1], i, p, f[1]) is the triangle associated to the termwise split sequence 0 o L ullet o C(f) ullet o K ullet[1] o 0 coming from the definitio",lexical_candidate_only
additive,21,text,014N,derived-lemma-rotate-triangle,derived.tex,3176,lemma,Cones and termwise split sequences,"egin lemma Let A be an additive category. Let ( : A ullet o B ullet, eta : B ullet o C ullet, s n, n) be a termwise split sequence of complexes. Let (A ullet, B ullet, C ullet, , eta, elta) be the associated triangle. Then the triangle (C ullet[-1], A ullet, B ullet, elta[-1], , ",lexical_candidate_only
additive,21,text,014M,derived-lemma-sequence-maps-split,derived.tex,3140,lemma,Cones and termwise split sequences,egin lemma Let A be an additive category. Let A 1 ullet o A 2 ullet o o A n ullet be a sequence of composable morphisms of complexes. There exists a commutative diagram A 1 ullet A 2 ullet A n ullet \\ B 1 ullet B 2 ullet B n ullet such that each morphism B i ullet o B i + 1 ulle,lexical_candidate_only
additive,21,text,014L,derived-lemma-the-same-up-to-isomorphisms,derived.tex,2996,lemma,Cones and termwise split sequences,"egin lemma Let A be an additive category. egin enumerate Given a termwise split sequence of complexes ( : A ullet o B ullet, eta : B ullet o C ullet, s n, n) there exists a homotopy equivalence C( ) ullet o C ullet such that the diagram A ullet B ullet C( ) ullet -p A ullet[1] \\",lexical_candidate_only
additive,21,text,014K,derived-lemma-third-isomorphism,derived.tex,2941,lemma,Cones and termwise split sequences,"egin lemma Let A be an additive category. Let f 1 : K 1 ullet o L 1 ullet and f 2 : K 2 ullet o L 2 ullet be morphisms of complexes. Let (a, b, c) : (K 1 ullet, L 1 ullet, C(f 1) ullet, f 1, i 1, p 1) (K 2 ullet, L 2 ullet, C(f 2) ullet, f 2, i 2, p 2) be any morphism of triangle",lexical_candidate_only
additive,21,text,05SS,derived-lemma-triangle-independent-splittings,derived.tex,2852,lemma,Cones and termwise split sequences,"egin lemma Let A be an additive category. Let 0 o A ullet o B ullet o C ullet o 0 be termwise split exact sequences as in Definition ef definition-split-ses . Let ( ') n , (s') n be a second collection of splittings. Denote elta' : C ullet A ullet[1] the morphism associated to th",lexical_candidate_only
additive,21,text,014R,derived-lemma-two-split-injections,derived.tex,3257,lemma,Distinguished triangles in the homotopy category,"egin lemma Let A be an additive category. Suppose that : A ullet o B ullet and eta : B ullet o C ullet are split injections of complexes. Then there exist distinguished triangles (A ullet, B ullet, Q 1 ullet, , p 1, d 1) , (A ullet, C ullet, Q 2 ullet, eta irc , p 2, d 2) and (B ",lexical_candidate_only
additive,21,text,014S,derived-proposition-homotopy-category-triangulated,derived.tex,3320,proposition,Distinguished triangles in the homotopy category,egin proposition Let A be an additive category. The category K( A ) of complexes up to homotopy with its natural translation functors and distinguished triangles as defined above is a triangulated category.,lexical_candidate_only
additive,21,text,05RP,derived-remark-boundedness-conditions-triangulated,derived.tex,3389,remark,Distinguished triangles in the homotopy category,"egin remark Let A be an additive category. Exactly the same proof as the proof of Proposition ef proposition-homotopy-category-triangulated shows that the categories K + ( A ) , K - ( A ) , and K b( A ) are triangulated categories. Namely, the cone of a morphism between bounded (",lexical_candidate_only
additive,21,text,0G6E,derived-remark-double-complex-as-tensor-product-of,derived.tex,3535,remark,Distinguished triangles in the homotopy category,"egin remark Let A , B , C be additive categories and assume C has countable direct sums. Suppose that : A imes B C , (X, Y) X Y is a functor which is bilinear on morphisms. This determines a functor ext Comp ( A ) imes ext Comp ( B ) ext DoubleComp ( C ), (X ullet, Y ullet) X ull",lexical_candidate_only
additive,21,text,0G6D,derived-remark-homotopy-double,derived.tex,3488,remark,Distinguished triangles in the homotopy category,"egin remark Let A be an additive category with countable direct sums. Let ext DoubleComp ( A ) denote the category of double complexes in A , see Homology, Section ef homology-section-double-complexes . We can use this category to construct two triangulated categories. egin enume",lexical_candidate_only
additive,21,text,014J,derived-remark-make-commute,derived.tex,2877,remark,Cones and termwise split sequences,"egin remark Let A be an additive category. Let 0 o A i ullet o B i ullet o C i ullet o 0 , i = 1, 2 be termwise split exact sequences. Suppose that a : A 1 ullet o A 2 ullet , b : B 1 ullet o B 2 ullet , and c : C 1 ullet o C 2 ullet are morphisms of complexes such that A 1 ullet",lexical_candidate_only
additive,21,text,09WA,derived-remark-special-triangles,derived.tex,456,remark,Elementary results on triangulated categories,"egin remark Let D be an additive category with translation functors [n] as in Definition ef definition-triangle . Let us call a triangle (X, Y, Z, f, g, h) special This is nonstandard notation. if for every object W of D the long sequence of abelian groups o om D (W, X) o om D (W",lexical_candidate_only
additive,21,text,0CQP,derived-section-admissible,derived.tex,11666,section,Admissible subcategories,Admissible subcategories A reference for this section is ite[Section 1] Bondal-Kapranov . egin definition Let D be an additive category. Le,lexical_candidate_only
additive,21,text,09SM,derived-section-compact,derived.tex,11122,section,Compact objects,Compact objects Here is the definition. egin definition Let D be an additive category with arbitrary direct sums. A compact ob,lexical_candidate_only
additive,21,text,014D,derived-section-cones,derived.tex,2458,section,Cones and termwise split sequences,"Cones and termwise split sequences Let A be an additive category, and let K( A ) denote the category of complexes of A with morphisms given by morphisms of complexes up",lexical_candidate_only
additive,21,text,05RN,derived-section-homotopy,derived.tex,2412,section,The homotopy category,The homotopy category Let A be an additive category. The homotopy category K( A ) of A is the category of complexes of A with morphisms give,lexical_candidate_only
additive,21,text,09L9,dga-example-category-complexes,dga.tex,3193,example,Differential graded categories,egin example [Differential graded category of complexes] Let B be an additive category. We will construct a differential graded category ext Comp dg ( B ) over R = Z whose associated category of complexes is ext Comp ( B ) and whose associated homotopy category is K( B ) . As obj,lexical_candidate_only
additive,21,text,09MM,dga-example-graded-category-graded-objects,dga.tex,2968,example,Graded categories,"egin example [Graded category of graded objects] Let B be an additive category. Recall that we have defined the category ext Gr ( B ) of graded objects of B in Homology, Definition ef homology-definition-graded . In this example, we will construct a graded category ext Gr gr ( B ",lexical_candidate_only
additive,21,text,09LB,dga-lemma-additive-functor-induces-dga-functor,dga.tex,3291,lemma,Differential graded categories,egin lemma Let F : B o B ' be an additive functor between additive categories. Then F induces a functor of differential graded categories F : ext Comp dg ( B ) o ext Comp dg ( B ') of Example ef example-category-complexes inducing the usual functors on the category of complexes a,lexical_candidate_only
additive,21,text,09QZ,dga-section-compact,dga.tex,6170,section,Characterizing compact objects,"Characterizing compact objects Compact objects of additive categories are defined in Derived Categories, Definition ef derived-definition-compact-object . In this section we characterize compact",lexical_candidate_only
additive,21,text,08Y6,dualizing-definition-indecomposable,dualizing.tex,552,definition,Injective hulls,"egin definition An object X of an additive category is called indecomposable if it is nonzero and if X = Y Z , then either Y = 0 or Z = 0 .",lexical_candidate_only
additive,21,text,057Y,exercises-exercise-filtered-vector-spaces,exercises.tex,267,exercise,Additive and abelian categories,"egin exercise Let k be a field. Let C be the category of filtered vector spaces over k , see Homology, Definition ef homology-definition-filtered for the definition of a filtered object of any category. egin enumerate Show that this is an additive category (explain carefully what",lexical_candidate_only
additive,21,text,057Z,exercises-exercise-torsion-free,exercises.tex,284,exercise,Additive and abelian categories,egin exercise Let R be a Noetherian domain. Let C be the category of finitely generated torsion free R -modules. egin enumerate Show that this is an additive category. Let f : N o M be a morphism of C . Show that f has a kernel and cokernel (make sure you define precisely what th,lexical_candidate_only
additive,21,text,0GNQ,functors-lemma-functor-on-modules,functors.tex,416,lemma,Functors on module categories,"egin lemma Let A be a ring. Let B be an additive category with arbitrary direct sums and cokernels. There is an equivalence of categories between egin enumerate the category of functors F : ext Mod A o B which are right exact and commute with arbitrary direct sums, and the catego",lexical_candidate_only
additive,21,text,0GNN,functors-lemma-functor-on-modules-fp,functors.tex,258,lemma,Functors on module categories,"egin lemma Let A be a ring. Let B be an additive category with cokernels. There is an equivalence of categories between egin enumerate the category of functors F : ext Mod fp A o B which are right exact, and the category of pairs (K, appa) where K ( B ) and appa : A o ext End B (",lexical_candidate_only
additive,21,text,0FNA,homology-definition-additive-monoidal,homology.tex,3980,definition,Additive monoidal categories,"egin definition An additive monoidal category is an additive category A endowed with a monoidal structure , (Categories, Definition ef categories-definition-monoidal-category ) such that is an additive functor in each variable.",lexical_candidate_only
additive,21,text,012Z,homology-definition-associated-simple-complex,homology.tex,4195,definition,Double complexes and associated total complexes,"egin definition Let A be an additive category. Let A ullet, ullet be a double complex. The associated simple complex , denoted sA ullet , also often called the associated total complex , denoted ext Tot (A ullet, ullet ) , is given by sA n = ext Tot n(A ullet, ullet ) = igoplus n",lexical_candidate_only
additive,21,text,012Y,homology-definition-double-complex,homology.tex,4121,definition,Double complexes and associated total complexes,"egin definition Let A be an additive category. A double complex in A is given by a system (\ A p, q , d 1 p, q , d 2 p, q \ p, q Z ) , where each A p, q is an object of A and d 1 p, q : A p, q o A p + 1, q and d 2 p, q : A p, q o A p, q + 1 are morphisms of A such that the follow",lexical_candidate_only
additive,21,text,010E,homology-definition-exact,homology.tex,716,definition,Abelian categories,egin definition Let A be an additive category. Consider a sequence of morphisms o x o y o z o or x 1 o x 2 o o x n in A . We say such a sequence is a complex if the composition of any two consecutive (drawn) arrows is zero. If A is abelian then we say a complex of the first type ,lexical_candidate_only
additive,21,text,0125,homology-definition-graded,homology.tex,3859,definition,Graded objects,"egin definition Let A be an additive category. The category of graded objects of A , denoted ext Gr ( A ) , is the category with egin enumerate objects A = (A i) are families of objects A i , i Z of objects of A , and morphisms f : A = (A i) o B = (B i) are families of morphisms ",lexical_candidate_only
additive,21,text,09MG,homology-definition-graded-shift,homology.tex,3933,definition,Graded objects,"egin definition Let A be an additive category. If A = (A i) is a graded object, then the k th shift A[k] is the graded object with A[k] i = A k + i .",lexical_candidate_only
additive,21,text,010X,homology-definition-homotopy-equivalent,homology.tex,2873,definition,Complexes,egin definition Let A be an additive category. We say a morphism a : A ullet o B ullet is a homotopy equivalence if there exists a morphism b : B ullet o A ullet such that there exists a homotopy between b irc a and ext id A and there exists a homotopy between a irc b and ext id ,lexical_candidate_only
additive,21,text,0113,homology-definition-homotopy-equivalent-cochain,homology.tex,3096,definition,Complexes,egin definition Let A be an additive category. We say a morphism a : A ullet o B ullet is a homotopy equivalence if there exists a morphism b : B ullet o A ullet such that there exists a homotopy between b irc a and ext id A and there exists a homotopy between a irc b and ext id ,lexical_candidate_only
additive,21,text,09SG,homology-definition-karoubian,homology.tex,514,definition,Karoubian categories,egin definition Let C be a preadditive category. We say C is Karoubian if every idempotent endomorphism of an object of C has a kernel.,lexical_candidate_only
additive,21,text,011A,homology-definition-shift,homology.tex,3268,definition,Homotopy and the shift functor,"egin definition Let A be an additive category. Let A ullet be a chain complex with boundary maps d A, n : A n o A n - 1 . For any k Z we define the k -shifted chain complex A[k] ullet as follows: egin enumerate we set A[k] n = A n + k , and we set d A[k], n : A[k] n o A[k] n - 1 ",lexical_candidate_only
additive,21,text,011G,homology-definition-shift-cochain,homology.tex,3427,definition,Homotopy and the shift functor,"egin definition Let A be an additive category. Let A ullet be a cochain complex with boundary maps d A n : A n o A n + 1 . For any k Z we define the k -shifted cochain complex A[k] ullet as follows: egin enumerate we set A[k] n = A n + k , and we set d A[k] n : A[k] n o A[k] n + ",lexical_candidate_only
additive,21,text,0A5J,homology-example-double-complex-as-tensor-product-of,homology.tex,4171,example,Double complexes and associated total complexes,"egin example Let A , B , C be additive categories. Suppose that : A imes B C , (X, Y) X Y is a functor which is bilinear on morphisms, see Categories, Definition ef categories-definition-product-category for the definition of A imes B . Given complexes X ullet of A and Y ullet of",lexical_candidate_only
additive,21,text,0DLP,homology-lemma-additive-functor,homology.tex,1470,lemma,Additive functors,"egin lemma Let A and B be additive categories. Let F : A o B be a functor. The following are equivalent egin enumerate F is additive, F(A) F(B) o F(A B) is an isomorphism for all A, B A , and F(A B) o F(A) F(B) is an isomorphism for all A, B A .",lexical_candidate_only
additive,21,text,03A3,homology-lemma-adjoint-get-abelian,homology.tex,1662,lemma,Additive functors,"egin lemma Let a : A o B and b : B o A be functors. Assume that egin enumerate A , B are additive categories, a , b are additive functors, and a is right adjoint to b , B is abelian and b is left exact, and ba ong ext id A . Then A is abelian.",lexical_candidate_only
additive,21,text,010W,homology-lemma-compose-homotopy,homology.tex,2848,lemma,Complexes,"egin lemma egin slogan Hom functors of ext Ch ( A ) respect the homotopy relation. Let A be an additive category. Let f, g : B ullet o C ullet be morphisms of chain complexes. Suppose given morphisms of chain complexes a : A ullet o B ullet , and c : C ullet o D ullet . If \ h i ",lexical_candidate_only
additive,21,text,0112,homology-lemma-compose-homotopy-cochain,homology.tex,3074,lemma,Complexes,"egin lemma Let A be an additive category. Let f, g : B ullet o C ullet be morphisms of cochain complexes. Suppose given morphisms of cochain complexes a : A ullet o B ullet , and c : C ullet o D ullet . If \ h i : B i o C i - 1 \ defines a homotopy between f and g , then \ c i - ",lexical_candidate_only
additive,21,text,0122,homology-lemma-filtered,homology.tex,4711,lemma,Filtrations,"egin lemma Let A be an abelian category. The category of filtered objects ext Fil ( A ) has the following properties: egin enumerate It is an additive category. It has a zero object. It has kernels and cokernels, images and coimages. In general it is not an abelian category.",lexical_candidate_only
additive,21,text,011C,homology-lemma-homotopy-shift,homology.tex,3343,lemma,Homotopy and the shift functor,"egin lemma Let A be an additive category. Suppose that A ullet and B ullet are chain complexes. Given any morphism of chain complexes a : A ullet o B ullet there is a bijection between the set of homotopies from a to a and ext Ch ( A ) (A ullet, B[1] ullet) . More generally, the ",lexical_candidate_only
additive,21,text,011I,homology-lemma-homotopy-shift-cochain,homology.tex,3501,lemma,Homotopy and the shift functor,"egin lemma Let A be an additive category. Suppose that A ullet and B ullet are cochain complexes. Given any morphism of cochain complexes a : A ullet o B ullet there is a bijection between the set of homotopies from a to a and ext CoCh ( A ) (A ullet, B[-1] ullet) . More generall",lexical_candidate_only
additive,21,text,09SH,homology-lemma-karoubian,homology.tex,526,lemma,Karoubian categories,"egin lemma Let C be a preadditive category. The following are equivalent egin enumerate C is Karoubian, every idempotent endomorphism of an object of C has a cokernel, and given an idempotent endomorphism p : z o z of C there exists a direct sum decomposition z = x y such that p ",lexical_candidate_only
additive,21,text,05QF,homology-lemma-kernel-localization,homology.tex,1885,lemma,Localization,"egin lemma Let C be an additive category. Let S be a multiplicative system. Let X be an object of C . The following are equivalent egin enumerate Q(X) = 0 in S -1 C , there exists Y ( C ) such that 0 : X o Y is an element of S , and there exists Z ( C ) such that 0 : Z o X is an ",lexical_candidate_only
additive,21,text,05QV,homology-lemma-projectors-have-images,homology.tex,545,lemma,Karoubian categories,"egin lemma Let D be a preadditive category. egin enumerate If D has countable products and kernels of maps which have a right inverse, then D is Karoubian. If D has countable coproducts and cokernels of maps which have a left inverse, then D is Karoubian.",lexical_candidate_only
additive,21,text,011J,homology-lemma-ses-termwise-split-cochain,homology.tex,3520,lemma,Homotopy and the shift functor,egin lemma Let A be an additive category. Let 0 o A ullet o B ullet o C ullet o 0 be a complex (!) of complexes. Suppose that we are given splittings B n = A n C n compatible with the maps in the displayed sequence. Let s n : C n o B n and n : B n o A n be the corresponding maps.,lexical_candidate_only
additive,21,text,0G6A,homology-remark-double-complex-complex-of-complexes-first,homology.tex,4305,remark,Double complexes and associated total complexes,"egin remark Let A be an additive category with countable direct sums. Let ext DoubleComp ( A ) denote the category of double complexes. We can consider an object A ullet, ullet of ext DoubleComp ( A ) as a complex of complexes as follows o A ullet, -1 o A ullet, 0 o A ullet, 1 o ",lexical_candidate_only
additive,21,text,0G6B,homology-remark-double-complex-complex-of-complexes-second,homology.tex,4478,remark,Double complexes and associated total complexes,"egin remark Let A be an additive category with countable direct sums. Let ext DoubleComp ( A ) denote the category of double complexes. We can consider an object A ullet, ullet of ext DoubleComp ( A ) as a complex of complexes as follows o A -1, ullet o A 0, ullet o A 1, ullet o ",lexical_candidate_only
additive,21,text,0FLG,homology-remark-shift-double-complex,homology.tex,4247,remark,Double complexes and associated total complexes,"egin remark Let A be an additive category. Let A ullet, ullet be a double complex with differentials d 1 p, q and d 2 p, q . Denote A ullet, ullet [a, b] the double complex with (A ullet, ullet [a, b]) p, q = A p + a, q + b and differentials d A ullet, ullet [a, b], 1 p, q = (-1)",lexical_candidate_only
additive,21,text,08BI,homology-remark-triple-complex,homology.tex,4220,remark,Double complexes and associated total complexes,"egin remark Let A be an additive category. Let A ullet, ullet, ullet be a triple complex. The associated total complex is the complex with terms ext Tot n(A ullet, ullet, ullet ) = igoplus p + q + r = n A p, q, r and differential d n ext Tot (A ullet, ullet, ullet ) = p + q + r =",lexical_candidate_only
additive,21,text,0FNB,homology-section-double-complexes,homology.tex,4115,section,Double complexes and associated total complexes,Double complexes and associated total complexes We discuss double complexes and associated total complexes. egin definition Let A be an additive category.,lexical_candidate_only
additive,21,text,0A2D,homology-section-essentially-constant,homology.tex,7460,section,Essentially constant systems,Essentially constant systems In this section we discuss essentially constant systems with values in additive categories. egin lemma lemma-essentially-constant-into-karoub,lexical_candidate_only
additive,21,text,010M,homology-section-functors,homology.tex,1463,section,Additive functors,Additive functors First a completely silly lemma characterizing additive functors between additive categories. egin lemma Let A and,lexical_candidate_only
additive,21,text,09MF,homology-section-graded,homology.tex,3853,section,Graded objects,Graded objects We make the following definition. egin definition Let A be an additive category. The category of graded objects of,lexical_candidate_only
additive,21,text,09SF,homology-section-karoubian,homology.tex,508,section,Karoubian categories,Karoubian categories Skip this section on a first reading. egin definition Let C be a preadditive category. We say C is Ka,lexical_candidate_only
additive,21,text,0G46,morphisms-remark-base-change-differential-operators,morphisms.tex,6947,remark,Finite order differential operators,"egin remark Let a : X o S and b : Y o S be morphisms of schemes. Denote p : X imes S Y o X and q : X imes S Y o Y the projections. In this remark, given an O X -module F and an O Y -module G let us set F oxtimes G = p * F O X imes S Y q * G Denote A X/S the additive category whos",lexical_candidate_only
additive,21,text,0F8I,perfect-proposition-perfect-resolution-property,perfect.tex,9773,proposition,The resolution property and perfect complexes,"egin proposition Let X be a quasi-compact and quasi-separated scheme with the resolution property. Denote egin enumerate A the additive category of finite locally free O X -modules, K b( A ) the homotopy category of bounded complexes in A , see Derived Categories, Section ef deri",lexical_candidate_only
additive,21,text,019T,simplicial-lemma-homotopy-equivalence-s-N,simplicial.tex,4934,lemma,Homotopies in abelian categories,"egin lemma Let A be an additive category. Let a : U o V be a morphism of simplicial objects of A . If a is a homotopy equivalence, then s(a) : s(U) o s(V) is a homotopy equivalence of chain complexes. If in addition A is abelian, then also N(a) : N(U) o N(V) is a homotopy equival",lexical_candidate_only
abelian,93,section;text,07JS,examples-section-big,examples.tex,4858,section,A big abelian category,"A big abelian category The purpose of this section is to give an example of a ``big'' abelian category A and objects M, N such that the collection of isomorphism classes of exten",lexical_candidate_only
abelian,93,section;text,00ZX,homology-section-abelian-categories,homology.tex,598,section,Abelian categories,Abelian categories An abelian category is a category satisfying just enough axioms so the snake lemma holds. An axiom (that is sometimes forgotten) is that the canonical map,lexical_candidate_only
abelian,93,section;text,08U1,injectives-lemma-RF-commutes-with-Rlim,injectives.tex,2066,lemma,Additional remarks on Grothendieck abelian categories,"egin lemma Let F : A o B be an additive functor of abelian categories. Assume egin enumerate A is a Grothendieck abelian category, B has exact countable products, and F commutes with countable products. Then RF : D( A ) o D( B ) commutes with derived limits.",lexical_candidate_only
abelian,93,section;text,079Q,injectives-remark-existence-D,injectives.tex,1985,remark,Additional remarks on Grothendieck abelian categories,egin remark In the chapter on derived categories we consistently work with ``small'' abelian categories (as is the convention in the Stacks project). For a ``big'' abelian category A it isn't clear that the derived category D( A ) exists because it isn't clear that morphisms in t,lexical_candidate_only
abelian,93,section;text,07D6,injectives-section-additional-Grothendieck,injectives.tex,1896,section,Additional remarks on Grothendieck abelian categories,Additional remarks on Grothendieck abelian categories In this section we put some results on Grothendieck abelian categories which are folklore. egin lemma Let,lexical_candidate_only
abelian,93,section;text,0F5W,injectives-section-brown,injectives.tex,2744,section,Brown representability and Grothendieck abelian categories,Brown representability and Grothendieck abelian categories In this section we quickly prove a representability theorem for derived categories of Grothendieck abelian categories. The reader should first read the case of compact,lexical_candidate_only
abelian,93,section;text,05PL,injectives-section-embedding,injectives.tex,1042,section,Embedding abelian categories,Embedding abelian categories In this section we show that an abelian category embeds in the category of abelian sheaves on a site having enough points. The site will be the one described in th,lexical_candidate_only
abelian,93,section;text,0AZ5,more-algebra-section-abelian-categories-modules,more-algebra.tex,13501,section,Abelian categories of modules,Abelian categories of modules Let R be a ring. The category ext Mod R of R -modules is an abelian category. Here are some examples of subcategories of ext Mod R wh,lexical_candidate_only
abelian,93,section;text,018Y,simplicial-section-abelian,simplicial.tex,3346,section,Simplicial objects in abelian categories,"Simplicial objects in abelian categories Recall that an abelian category is defined in Homology, Section ef homology-section-abelian-categories . egin lemma Let A be",lexical_candidate_only
abelian,93,section;text,01A1,simplicial-section-backwards-homotopy,simplicial.tex,5187,section,More homotopies in abelian categories,More homotopies in abelian categories Let A be an abelian category. In this section we show that a homotopy between morphisms in ext Ch 0 ( A ) always comes from,lexical_candidate_only
abelian,92,section;text,07JT,examples-lemma-big-abelian-category,examples.tex,4906,lemma,A big abelian category,egin lemma There exists a ``big'' abelian category A whose -groups are proper classes.,lexical_candidate_only
abelian,92,section;text,0ALF,examples-section-nonabelian-QCoh,examples.tex,941,section,Nonabelian category of quasi-coherent modules,"Nonabelian category of quasi-coherent modules In Sheaves on Stacks, Section ef stacks-sheaves-section-quasi-coherent we defined the category of quasi-coherent modules on a category fibred in groupoids",lexical_candidate_only
abelian,92,section;text,057X,exercises-section-additive,exercises.tex,264,section,Additive and abelian categories,"Additive and abelian categories egin exercise Let k be a field. Let C be the category of filtered vector spaces over k , see Homology, Definition",lexical_candidate_only
abelian,92,section;text,010B,homology-definition-injective-surjective,homology.tex,641,definition,Abelian categories,"egin definition Let f : x o y be a morphism in an abelian category. egin enumerate We say f is injective if (f) = 0 . We say f is surjective if (f) = 0 . If x o y is injective, then we say that x is a subobject of y and we use the notation x y . If x o y is surjective, then we sa",lexical_candidate_only
abelian,92,section;text,010F,homology-definition-ses-split,homology.tex,776,definition,Abelian categories,"egin definition Let A be an abelian category. Let i : A o B and q : B o C be morphisms of A such that 0 o A o B o C o 0 is a short exact sequence. We say the short exact sequence is split if there exist morphisms j : C o B and p : B o A such that (B, i, j, p, q) is the direct sum",lexical_candidate_only
abelian,92,section;text,05PJ,homology-example-fibre-product-pushouts,homology.tex,701,example,Abelian categories,"egin example Let A be an abelian category. Pushouts and fibre products in A have the following simple descriptions: egin enumerate If a : x o y , b : z o y are morphisms in A , then we have the fibre product: x imes y z = ((a, -b) : x z o y) . If a : y o x , b : y o z are morphis",lexical_candidate_only
abelian,92,section;text,08N4,homology-lemma-cartesian-cocartesian,homology.tex,887,lemma,Abelian categories,"egin lemma Let A be an abelian category. Let w f g y h\\ x k z be a commutative diagram. egin enumerate If the diagram is cartesian and k is an epimorphism, then the diagram is cocartesian and f is an epimorphism. If the diagram is cocartesian and g is a monomorphism, then the di",lexical_candidate_only
abelian,92,section;text,08N3,homology-lemma-cartesian-kernel,homology.tex,852,lemma,Abelian categories,"egin lemma Let A be an abelian category. Let w f g y h\\ x k z be a commutative diagram. egin enumerate If the diagram is cartesian, then the morphism (f)o (k) induced by g is an isomorphism. If the diagram is cocartesian, then the morphism (f)o (k) induced by h is an isomorphism",lexical_candidate_only
abelian,92,section;text,08N2,homology-lemma-characterize-cartesian,homology.tex,809,lemma,Abelian categories,"egin lemma Let A be an abelian category. Let w f g y h\\ x k z be a commutative diagram. egin enumerate The diagram is cartesian if and only if 0 o w (g, f) x y (k, -h) z is exact. The diagram is cocartesian if and only if w (g, -f) x y (k, h) z o 0 is exact.",lexical_candidate_only
abelian,92,section;text,010C,homology-lemma-characterize-injective,homology.tex,653,lemma,Abelian categories,"egin lemma Let f : x o y be a morphism in an abelian category A . Then egin enumerate f is injective if and only if f is a monomorphism, f is surjective if and only if f is an epimorphism, and f is an isomorphism if and only if f is injective and surjective.",lexical_candidate_only
abelian,92,section;text,05AA,homology-lemma-check-exactness,homology.tex,750,lemma,Abelian categories,"egin lemma Let A be an abelian category. Let 0 o M 1 o M 2 o M 3 o 0 be a complex of A . egin enumerate M 1 o M 2 o M 3 o 0 is exact if and only if 0 o om A (M 3, N) o om A (M 2, N) o om A (M 1, N) is an exact sequence of abelian groups for all objects N of A , and 0 o M 1 o M 2 ",lexical_candidate_only
abelian,92,section;text,08N5,homology-lemma-check-exactness-fibre-product,homology.tex,935,lemma,Abelian categories,"egin lemma Let A be an abelian category. Let f:xo y and g:yo z be morphisms with girc f=0 . Then, the following statements are equivalent: egin enumerate The sequence x f o y g o z is exact. For every h:wo y with girc h=0 there exist an object v , an epimorphism k:vo w and a morp",lexical_candidate_only
abelian,92,section;text,010D,homology-lemma-colimit-abelian-category,homology.tex,685,lemma,Abelian categories,egin lemma Let A be an abelian category. All finite limits and finite colimits exist in A .,lexical_candidate_only
abelian,92,section;text,05PK,homology-lemma-epimorphism-universal-abelian-category,homology.tex,919,lemma,Abelian categories,"egin lemma Let A be an abelian category. egin enumerate If x o y is surjective, then for every z o y the projection x imes y z o z is surjective. If x o y is injective, then for every x o z the morphism z o z x y is injective.",lexical_candidate_only
abelian,92,section;text,08N6,homology-lemma-exact-kernel-sequence,homology.tex,969,lemma,Abelian categories,"egin lemma Let A be an abelian category. Let x f y g eta z \\ u k v l w be a commutative diagram. egin enumerate If the first row is exact and k is a monomorphism, then the induced sequence ( ) o (eta) o ( ) is exact. If the second row is exact and g is an epimorphism, then the i",lexical_candidate_only
abelian,92,section;text,05QB,homology-lemma-five-lemma,homology.tex,1227,lemma,Abelian categories,"egin lemma egin reference ite[Lemma 4.5 page 16] Eilenberg-Steenrod Let A be an abelian category. Let v w eta x y elta z \\ v' w' x' y' z' be a commutative diagram with exact rows. If eta, elta are isomorphisms, is injective, and is surjective then is an isomorphism.",lexical_candidate_only
abelian,92,section;text,05QA,homology-lemma-four-lemma,homology.tex,1180,lemma,Abelian categories,"egin lemma Let A be an abelian category. Let w x eta y z elta \\ w' x' y' z' be a commutative diagram with exact rows. egin enumerate If , are surjective and elta is injective, then eta is surjective. If eta, elta are injective and is surjective, then is injective.",lexical_candidate_only
abelian,92,section;text,010G,homology-lemma-ses-split,homology.tex,788,lemma,Abelian categories,"egin lemma Let A be an abelian category. Let 0 o A o B o C o 0 be a short exact sequence. egin enumerate Given a morphism s : C o B right inverse to B o C , there exists a unique : B o A such that (s, ) splits the short exact sequence as in Definition ef definition-ses-split . Gi",lexical_candidate_only
abelian,92,section;text,010H,homology-lemma-snake,homology.tex,1012,lemma,Abelian categories,"egin lemma Let A be an abelian category. Let x f y g eta z 0 \\ 0 u k v l w be a commutative diagram with exact rows. egin enumerate There exists a unique morphism elta : ( ) o ( ) such that the diagram y eta y imes z ( ) ' ( ) elta \\ v ' ( ) u v ( ) commutes, where and ' are th",lexical_candidate_only
abelian,92,section;text,08N7,homology-lemma-snake-natural,homology.tex,1130,lemma,Abelian categories,"egin lemma Let A be an abelian category. Let x (.4) y (.4)eta z (.4) 0\\ x' (.4) ' y' (.4) eta' z' (.4) ' 0 \\ 0 u v w \\ 0 u' v' w' be a commutative diagram with exact rows. Then, the induced diagram =15pt ( ) (eta) ( ) (.45) elta ( ) (eta) ( ) \\ ( ') (eta') ( ') (.45) elta' ( ",lexical_candidate_only
abelian,92,section;text,0BKI,injectives-lemma-K-injective-embedding-filtration,injectives.tex,2108,lemma,Additional remarks on Grothendieck abelian categories,"egin lemma Let A be a Grothendieck abelian category. Let K ullet be a filtered complex of A , see Homology, Definition ef homology-definition-filtered-complex . Then there exists a morphism j : K ullet o J ullet of filtered complexes of A such that egin enumerate J n , F pJ n , J",lexical_candidate_only
abelian,92,section;text,0F5X,injectives-lemma-brown,injectives.tex,2758,lemma,Brown representability and Grothendieck abelian categories,egin lemma Let A be a Grothendieck abelian category. Let H : D( A ) o extit Ab be a contravariant cohomological functor which transforms direct sums into products. Then H is representable.,lexical_candidate_only
abelian,92,section;text,07D9,injectives-lemma-derived-products,injectives.tex,2009,lemma,Additional remarks on Grothendieck abelian categories,"egin lemma Let A be a Grothendieck abelian category. Then egin enumerate D( A ) has both direct sums and products, direct sums are obtained by taking termwise direct sums of any complexes, products are obtained by taking termwise products of K-injective complexes.",lexical_candidate_only
abelian,92,section;text,05PN,injectives-lemma-embedding,injectives.tex,1075,lemma,Embedding abelian categories,"egin lemma Let A be an abelian category. Let C = ( A , ext Cov ) be the site defined in Lemma ef lemma-site-abelian-category . Then X h X defines a fully faithful, exact functor A extit Ab ( C ). Moreover, the site C has enough points.",lexical_candidate_only
abelian,92,section;text,07D7,injectives-lemma-grothendieck-brown,injectives.tex,1903,lemma,Additional remarks on Grothendieck abelian categories,"egin lemma Let A be a Grothendieck abelian category. Let F : A opp o extit Sets be a functor. Then F is representable if and only if F commutes with colimits, i.e., F(olim i N i) = F(N i) for any diagram I o A , i I .",lexical_candidate_only
abelian,92,section;text,07D8,injectives-lemma-grothendieck-products,injectives.tex,1972,lemma,Additional remarks on Grothendieck abelian categories,egin lemma A Grothendieck abelian category has Ab3*.,lexical_candidate_only
abelian,92,section;text,0ESJ,injectives-lemma-represent-by-filtered-complex,injectives.tex,2385,lemma,Additional remarks on Grothendieck abelian categories,egin lemma Let A be a Grothendieck abelian category. Suppose given an object E D( A ) and an inverse system \ E i\ i Z of objects of D( A ) over Z together with a compatible system of maps E i o E . Picture: o E i + 1 o E i o E i - 1 o o E Then there exists a filtered complex K u,lexical_candidate_only
abelian,92,section;text,05PM,injectives-lemma-site-abelian-category,injectives.tex,1050,lemma,Embedding abelian categories,"egin lemma Let A be an abelian category. Let ext Cov = \ \ f : V o U\ fext is surjective \ . Then ( A , ext Cov ) is a site, see Sites, Definition ef sites-definition-site .",lexical_candidate_only
abelian,92,section;text,0F5Y,injectives-proposition-brown,injectives.tex,2804,proposition,Brown representability and Grothendieck abelian categories,egin proposition Let A be a Grothendieck abelian category. Let D be a triangulated category. Let F : D( A ) o D be an exact functor of triangulated categories which transforms direct sums into direct sums. Then F has an exact right adjoint.,lexical_candidate_only
abelian,92,section;text,05PP,injectives-remark-embedding,injectives.tex,1137,remark,Embedding abelian categories,egin remark The Freyd-Mitchell embedding theorem says there exists a fully faithful exact functor from any abelian category A to the category of modules over a ring. Lemma ef lemma-embedding is not quite as strong. But the result is suitable for the Stacks project as we have to u,lexical_candidate_only
abelian,92,section;text,05PQ,injectives-remark-embedding-big,injectives.tex,1154,remark,Embedding abelian categories,"egin remark If A is a ``big'' abelian category, i.e., if A has a class of objects, then Lemma ef lemma-embedding does not work. In this case, given any set of objects E ( A ) there exists an abelian full subcategory A ' A such that ( A ') is a set and E ( A ') . Then one can appl",lexical_candidate_only
abelian,92,section;text,0G1Z,injectives-remark-ext-from-filtered-complex,injectives.tex,2311,remark,Additional remarks on Grothendieck abelian categories,"egin remark Let A be a Grothendieck abelian category. Let K D( A ) . Let M ullet be a filtered complex of A , see Homology, Definition ef homology-definition-filtered-complex . For ease of notation denote M , M/F pM , ext gr pM the object of D( A ) represented by M ullet , M ulle",lexical_candidate_only
abelian,92,section;text,0G1X,injectives-remark-ext-into-filtered-complex,injectives.tex,2243,remark,Additional remarks on Grothendieck abelian categories,"egin remark Let A be a Grothendieck abelian category. Let K ullet be a filtered complex of A , see Homology, Definition ef homology-definition-filtered-complex . For ease of notation denote K , F pK , ext gr pK the object of D( A ) represented by K ullet , F pK ullet , ext gr pK ",lexical_candidate_only
abelian,92,section;text,0G1Y,injectives-remark-spectral-sequences-ext,injectives.tex,2282,remark,Additional remarks on Grothendieck abelian categories,"egin remark Let A be a Grothendieck abelian category. Let M, K be objects of D( A ) . For any choice of complex K ullet representing K we can use the filtration F pK ullet = au -p K ullet and the discussion in Remark ef remark-ext-into-filtered-complex to get a spectral sequence ",lexical_candidate_only
abelian,92,section;text,0G20,injectives-remark-spectral-sequences-ext-variant,injectives.tex,2356,remark,Additional remarks on Grothendieck abelian categories,"egin remark Let A be a Grothendieck abelian category. Let M, K be objects of D( A ) . For any choice of complex M ullet representing M we can use the filtration F pM ullet = au -p M ullet and the discussion in Remark ef remark-ext-into-filtered-complex to get a spectral sequence ",lexical_candidate_only
abelian,92,section;text,01AG,modules-lemma-abelian,modules.tex,149,lemma,The abelian category of sheaves of modules,"egin lemma Let (X, O X) be a ringed space. The category extit Mod ( O X) is an abelian category. Moreover a complex F o G o H is exact at G if and only if for all x X the complex F x o G x o H x is exact at G x .",lexical_candidate_only
abelian,92,section;text,01AF,modules-section-kernels,modules.tex,60,section,The abelian category of sheaves of modules,"The abelian category of sheaves of modules Let (X, O X) be a ringed space, see Sheaves, Definition ef sheaves-definition-ringed-space . Let F , G be sheaves of O",lexical_candidate_only
abelian,92,section;text,000Z,sets-section-abelian-categories-injectives,sets.tex,1125,section,Abelian categories and injectives,Abelian categories and injectives The following lemma applies to the category of modules over a sheaf of rings on a site. egin lemma Suppose,lexical_candidate_only
abelian,92,section;text,0191,simplicial-definition-eilenberg-maclane,simplicial.tex,3626,definition,Simplicial objects in abelian categories,"egin definition Let A be an abelian category. Let A be an object of A and let k be an integer 0 . The Eilenberg-Maclane object K(A, k) is given by the object K(A, k) = i k! U which is described in Lemma ef lemma-eilenberg-maclane-object above.",lexical_candidate_only
abelian,92,section;text,018Z,simplicial-lemma-abelian,simplicial.tex,3353,lemma,Simplicial objects in abelian categories,egin lemma Let A be an abelian category. egin enumerate The categories ext Simp ( A ) and ext CoSimp ( A ) are abelian. A morphism of (co)simplicial objects f : A o B is injective if and only if each f n : A n o B n is injective. A morphism of (co)simplicial objects f : A o B is ,lexical_candidate_only
abelian,92,section;text,0193,simplicial-lemma-abelian-limit-skeleta,simplicial.tex,3670,lemma,Simplicial objects in abelian categories,egin lemma Let A be an abelian category. For any simplicial object V of A we have V = olim n i n! ext sk n V where all the transition maps are injections.,lexical_candidate_only
abelian,92,section;text,01A4,simplicial-lemma-backwards-homotopy,simplicial.tex,5372,lemma,More homotopies in abelian categories,"egin lemma Let A be an abelian category. Let U , V be simplicial objects of A . Let a, b : U o V be a pair of morphisms. Assume the corresponding maps of chain complexes N(a), N(b) : N(U) o N(V) are homotopic by a homotopy \ N n : N(U) n o N(V) n + 1 \ . Then there exists a homot",lexical_candidate_only
abelian,92,section;text,0192,simplicial-lemma-extension,simplicial.tex,3638,lemma,Simplicial objects in abelian categories,"egin lemma Let A be an abelian category. Let A be an object of A and let k be an integer 0 . Consider the simplicial object E defined by the following rules egin enumerate E n = igoplus A , where the sum is over : [n] o [k + 1] whose image is either [k] or [k + 1] . Given arphi :",lexical_candidate_only
abelian,92,section;text,01A3,simplicial-lemma-map-into-diamond,simplicial.tex,5299,lemma,More homotopies in abelian categories,egin lemma Let A be an abelian category. Let 0 o A A o B o C o 0 be a short exact sequence of chain complexes of A . Suppose given in addition morphisms s n : C n o B n splitting the associated short exact sequence in degree n . Let elta(s) : C o (A A)[-1] = A[-1] A[-1] be the as,lexical_candidate_only
abelian,92,section;text,01A2,simplicial-lemma-represent-homotopy,simplicial.tex,5200,lemma,More homotopies in abelian categories,"egin lemma Let A be an abelian category. Let A be a chain complex. Consider the covariant functor B \ (a, b, h) a, b : A o Bext and hext a homotopy between a, b \ There exists a chain complex iamond A such that ext Ch ( A ) (iamond A, -) is isomorphic to the displayed functor. Th",lexical_candidate_only
abelian,92,section;text,019Q,simplicial-section-homotopy-abelian,simplicial.tex,4820,section,Homotopies in abelian categories,"Homotopies in abelian categories Let A be an additive category. Let U , V be simplicial objects of A . Let a, b : U o V be morphisms. Further, suppose that h",lexical_candidate_only
abelian,92,section;text,03DA,sites-modules-lemma-abelian,sites-modules.tex,1337,lemma,The abelian category of sheaves of modules,"egin lemma Let ( ( C ), O ) be a ringed topos. The category extit Mod ( O ) is an abelian category. The forgetful functor extit Mod ( O ) o extit Ab ( C ) is exact, hence kernels, cokernels and exactness of O -modules, correspond to the corresponding notions for abelian sheaves.",lexical_candidate_only
abelian,92,section;text,03D9,sites-modules-section-kernels,sites-modules.tex,1258,section,The abelian category of sheaves of modules,"The abelian category of sheaves of modules Let ( ( C ), O ) be a ringed topos. Let F , G be sheaves of O -modules, see Sheaves, Definition ef sheaves-d",lexical_candidate_only
abelian,71,section,0ALG,examples-lemma-quasi-coherent-not-abelian,examples.tex,987,lemma,Nonabelian category of quasi-coherent modules,"egin lemma The category of quasi-coherent With quasi-coherent modules as defined above. Due to how things are setup in the Stacks project, this is really the correct definition; as seen above our definition agrees with what one would naively have defined to be quasi-coherent modu",lexical_candidate_only
abelian,71,section,057Y,exercises-exercise-filtered-vector-spaces,exercises.tex,267,exercise,Additive and abelian categories,"egin exercise Let k be a field. Let C be the category of filtered vector spaces over k , see Homology, Definition ef homology-definition-filtered for the definition of a filtered object of any category. egin enumerate Show that this is an additive category (explain carefully what",lexical_candidate_only
abelian,71,section,0580,exercises-exercise-other,exercises.tex,299,exercise,Additive and abelian categories,egin exercise Give an example of a category which is additive and has kernels and cokernels but which is not as in Exercises ef exercise-filtered-vector-spaces and ef exercise-torsion-free .,lexical_candidate_only
abelian,71,section,057Z,exercises-exercise-torsion-free,exercises.tex,284,exercise,Additive and abelian categories,egin exercise Let R be a Noetherian domain. Let C be the category of finitely generated torsion free R -modules. egin enumerate Show that this is an additive category. Let f : N o M be a morphism of C . Show that f has a kernel and cokernel (make sure you define precisely what th,lexical_candidate_only
abelian,71,section,0109,homology-definition-abelian-category,homology.tex,608,definition,Abelian categories,"egin definition A category A is abelian if it is additive, if all kernels and cokernels exist, and if the natural map (f) o (f) is an isomorphism for all morphisms f of A .",lexical_candidate_only
abelian,71,section,010E,homology-definition-exact,homology.tex,716,definition,Abelian categories,egin definition Let A be an additive category. Consider a sequence of morphisms o x o y o z o or x 1 o x 2 o o x n in A . We say such a sequence is a complex if the composition of any two consecutive (drawn) arrows is zero. If A is abelian then we say a complex of the first type ,lexical_candidate_only
abelian,71,section,010A,homology-lemma-abelian-opposite,homology.tex,617,lemma,Abelian categories,"egin lemma Let A be a preadditive category. The additions on sets of morphisms make A opp into a preadditive category. Furthermore, A is additive if and only if A opp is additive, and A is abelian if and only if A opp is abelian.",lexical_candidate_only
abelian,71,section,0ESK,injectives-lemma-represent-by-filtered-complex-bis,injectives.tex,2489,lemma,Additional remarks on Grothendieck abelian categories,"egin lemma In the situation of Lemma ef lemma-represent-by-filtered-complex assume we have a second inverse system \ (E') i\ i Z and a compatible system of maps (E') i o E . Then there exists a bi-filtered complex K ullet of A such that K ullet represents E , F iK ullet represent",lexical_candidate_only
abelian,71,section,07DA,injectives-remark-direct-sum-product-derived,injectives.tex,2046,remark,Additional remarks on Grothendieck abelian categories,"egin remark Let R be a ring. Suppose that M n , n Z are R -modules. Denote E n = M n[-n] D(R) . We claim that E = igoplus M n[-n] is both the direct sum and the product of the objects E n in D(R) . To see that it is the direct sum, take a look at the proof of Lemma ef lemma-deriv",lexical_candidate_only
abelian,71,section,05SF,injectives-remark-embed-exact-category,injectives.tex,1200,remark,Embedding abelian categories,"egin remark The arguments proving Lemmas ef lemma-site-abelian-category and ef lemma-embedding work also for exact categories , see ite[Appendix A] Buhler and ite[1.1.4] BBD . We quickly review this here and we add more details if we ever need it in the Stacks project. Let A be a",lexical_candidate_only
abelian,71,section,05PR,injectives-remark-embedding-freyd,injectives.tex,1169,remark,Embedding abelian categories,"egin remark Let C be a site. Note that extit Ab ( C ) has enough injectives, see Theorem ef theorem-sheaves-injectives . (In the case that C has enough points this is straightforward because p *I is an injective sheaf if I is an injective Z -module and p is a point.) Also, extit ",lexical_candidate_only
abelian,71,section,01AJ,modules-lemma-exactness-pushforward-pullback,modules.tex,253,lemma,The abelian category of sheaves of modules,"egin lemma Let f : (X, O X) o (Y, O Y) be a morphism of ringed spaces. egin enumerate The functor f * : extit Mod ( O X) o extit Mod ( O Y) is left exact. In fact it commutes with all limits. The functor f * : extit Mod ( O Y) o extit Mod ( O X) is right exact. In fact it commute",lexical_candidate_only
abelian,71,section,01AK,modules-lemma-j-shriek-exact,modules.tex,281,lemma,The abelian category of sheaves of modules,egin lemma Let j : U o X be an open immersion of topological spaces. The functor j ! : extit Ab (U) o extit Ab (X) is exact.,lexical_candidate_only
abelian,71,section,01AH,modules-lemma-limits-colimits,modules.tex,204,lemma,The abelian category of sheaves of modules,"egin lemma Let (X, O X) be a ringed space. egin enumerate All limits exist in extit Mod ( O X) . Limits are the same as the corresponding limits of presheaves of O X -modules (i.e., commute with taking sections over opens). All colimits exist in extit Mod ( O X) . Colimits are th",lexical_candidate_only
abelian,71,section,01AI,modules-lemma-section-direct-sum-quasi-compact,modules.tex,293,lemma,The abelian category of sheaves of modules,"egin lemma Let (X, O X) be a ringed space. Let I be a set. For i I , let F i be a sheaf of O X -modules. For U X quasi-compact open the map igoplus i I F i(U) (igoplus i I F iight)(U) is bijective.",lexical_candidate_only
abelian,71,section,0010,sets-lemma-abelian-injectives,sets.tex,1132,lemma,Abelian categories and injectives,"egin lemma Suppose given a big category A (see Categories, Remark ef categories-remark-big-categories ). Assume A is abelian and has enough injectives. See Homology, Definitions ef homology-definition-abelian-category and ef homology-definition-enough-injectives . Then for any gi",lexical_candidate_only
abelian,71,section,019R,simplicial-equation-homotopy-to-homotopy,simplicial.tex,4836,equation,Homotopies in abelian categories,"egin equation s(h) n = i = 0 n (-1) i + 1 h n + 1, i + 1 irc s n i.",lexical_candidate_only
abelian,71,section,0190,simplicial-lemma-eilenberg-maclane-object,simplicial.tex,3402,lemma,Simplicial objects in abelian categories,"egin lemma With A , k and U as above, so U i = 0 , i < k and U k = A . egin enumerate Given a k -truncated simplicial object V we have (U, V) = \ f : A o V k d k i irc f = 0, \ i = 0, , k \ and (V, U) = \ f : V k o A f irc s k - 1 i = 0, \ i = 0, , k - 1 \ . The object i k! U has",lexical_candidate_only
abelian,71,section,019T,simplicial-lemma-homotopy-equivalence-s-N,simplicial.tex,4934,lemma,Homotopies in abelian categories,"egin lemma Let A be an additive category. Let a : U o V be a morphism of simplicial objects of A . If a is a homotopy equivalence, then s(a) : s(U) o s(V) is a homotopy equivalence of chain complexes. If in addition A is abelian, then also N(a) : N(U) o N(V) is a homotopy equival",lexical_candidate_only
abelian,71,section,019S,simplicial-lemma-homotopy-s-N,simplicial.tex,4899,lemma,Homotopies in abelian categories,"egin lemma Let A be an additive category. Let a, b : U o V be morphisms of simplicial objects of A . If a , b are homotopic, then s(a), s(b) : s(U) o s(V) are homotopic maps of chain complexes. If A is abelian, then also N(a), N(b) : N(U) o N(V) are homotopic maps of chain comple",lexical_candidate_only
abelian,71,section,05V3,sites-modules-lemma-check-exactness-stalks,sites-modules.tex,1432,lemma,The abelian category of sheaves of modules,"egin lemma Let C be a site. If \ p i\ i I is a conservative family of points, then we may check exactness of a sequence of abelian sheaves on the stalks at the points p i , i I . If C has enough points, then exactness of a sequence of abelian sheaves may be checked on stalks.",lexical_candidate_only
abelian,71,section,03DC,sites-modules-lemma-exactness-pushforward-pullback,sites-modules.tex,1412,lemma,The abelian category of sheaves of modules,"egin lemma Let f : ( ( C ), O C ) o ( ( D ), O D ) be a morphism of ringed topoi. egin enumerate The functor f * is left exact. In fact it commutes with all limits. The functor f * is right exact. In fact it commutes with all colimits.",lexical_candidate_only
abelian,71,section,03DB,sites-modules-lemma-limits-colimits,sites-modules.tex,1358,lemma,The abelian category of sheaves of modules,"egin lemma Let ( ( C ), O ) be a ringed topos. All limits and colimits exist in extit Mod ( O ) and the forgetful functor extit Mod ( O ) o extit Ab ( C ) commutes with them. Moreover, filtered colimits are exact.",lexical_candidate_only
abelian,23,text,011W,homology-lemma-differential-objects-abelian,homology.tex,5484,lemma,Spectral sequences: differential objects,egin lemma egin slogan The category of differential objects of an abelian category is itself an abelian category. Let A be an abelian category. The category of differential objects of A is abelian.,lexical_candidate_only
abelian,22,text,0147,derived-definition-homological,derived.tex,261,definition,The definition of a triangulated category,"egin definition Let D be a pre-triangulated category. Let A be an abelian category. An additive functor H : D o A is called homological if for every distinguished triangle (X, Y, Z, f, g, h) the sequence H(X) o H(Y) o H(Z) is exact in the abelian category A . An additive functor ",lexical_candidate_only
abelian,22,text,05TI,derived-lemma-enough-injectives-right-derived,derived.tex,6980,lemma,Right derived functors and injective resolutions,egin lemma Let A be an abelian category with enough injectives. egin enumerate For any exact functor F : K + ( A ) o D into a triangulated category D the right derived functor RF : D + ( A ) D is everywhere defined. For any additive functor F : A o B into an abelian category B th,lexical_candidate_only
abelian,22,text,05TN,derived-lemma-right-derived-functor,derived.tex,7779,lemma,Right derived functors via resolution functors,"egin lemma Let A be an abelian category with enough injectives Let F : A o B be an additive functor into an abelian category. Let (i, j) be a resolution functor, see Definition ef definition-localization-functor . The right derived functor RF of F fits into the following 2 -commu",lexical_candidate_only
abelian,22,text,05TA,derived-proposition-enough-acyclics,derived.tex,5810,proposition,Higher derived functors,egin proposition egin slogan A functor on Abelian categories is extended to the (bounded below or above) derived category by resolving with a complex that is acyclic for that functor. Let F : A o B be an additive functor of abelian categories. egin enumerate If every object of A ,lexical_candidate_only
abelian,22,text,09PA,derived-remark-existence-derived,derived.tex,3733,remark,Derived categories,"egin remark In this chapter, we consistently work with ``small'' abelian categories (as is the convention in the Stacks project). For a ``big'' abelian category A , it isn't clear that the derived category D( A ) exists, because it isn't clear that morphisms in the derived catego",lexical_candidate_only
abelian,22,text,0122,homology-lemma-filtered,homology.tex,4711,lemma,Filtrations,"egin lemma Let A be an abelian category. The category of filtered objects ext Fil ( A ) has the following properties: egin enumerate It is an additive category. It has a zero object. It has kernels and cokernels, images and coimages. In general it is not an abelian category.",lexical_candidate_only
abelian,22,text,02MZ,homology-lemma-inverse-systems-abelian,homology.tex,7616,lemma,Inverse systems,"egin lemma Let C be a category. egin enumerate If C is an additive category, then the category of inverse systems with values in C is an additive category. If C is an abelian category, then the category of inverse systems with values in C is an abelian category. A sequence (K i) ",lexical_candidate_only
abelian,22,text,02MS,homology-lemma-serre-subcategory-is-kernel,homology.tex,2198,lemma,Serre subcategories,egin lemma Let A be an abelian category. Let C A be a Serre subcategory. There exists an abelian category A / C and an exact functor F : A A / C which is essentially surjective and whose kernel is C . The category A / C and the functor F are characterized by the following univers,lexical_candidate_only
abelian,22,text,02MT,homology-section-K-groups,homology.tex,2328,section,K-groups,K-groups A tiny bit about K 0 of an abelian category. egin definition Let A be an abelian category. We denote K 0( A ),lexical_candidate_only
abelian,22,text,079P,injectives-theorem-K-injective-embedding-grothendieck,injectives.tex,1807,theorem,K-injectives in Grothendieck categories,egin theorem egin slogan Existence of K-injective complexes for Grothendieck abelian categories. Let A be a Grothendieck abelian category. For every complex M ullet there exists a quasi-isomorphism M ullet o I ullet such that M n o I n is injective and I n is an injective object ,lexical_candidate_only
abelian,22,text,03UR,trace-definition-torsion-l-adic-sheaf,trace.tex,2085,definition,On l-adic sheaves,"egin definition A Z -sheaf F is torsion if n : F o F is the zero map for some n . The abelian category of Q -sheaves on X is the quotient of the abelian category of Z -sheaves by the Serre subcategory of torsion sheaves. In other words, its objects are Z -sheaves on X , and if F ",lexical_candidate_only
abelian,22,text,03T3,trace-section-derived-categories,trace.tex,491,section,Derived categories,"Derived categories To set up notation, let A be an abelian category. Let ext Comp ( A ) be the abelian category of complexes in A . Let K",lexical_candidate_only
abelian,21,text,07AH,adequate-definition-category-adequate-modules,adequate.tex,1670,definition,Adequate modules,"egin definition Let S be a scheme. The category of adequate O -modules on ( /S) au is denoted extit Adeq ( O ) or extit Adeq (( /S) au, O ) . If we want to think just about the abelian category of adequate modules without choosing a topology we simply write extit Adeq (S) .",lexical_candidate_only
abelian,21,text,06Z2,adequate-section-introduction,adequate.tex,18,section,Introduction,Introduction For any scheme X the category ( O X) of quasi-coherent modules is abelian and a weak Serre subcategory of the abelian category of all,lexical_candidate_only
abelian,21,text,07JV,algebra-section-snake,algebra.tex,296,section,Snake lemma,"Snake lemma The snake lemma and its variants are discussed in the setting of abelian categories in Homology, Section ef homology-section-abelian-categories . egin lemma",lexical_candidate_only
abelian,21,text,02S8,chow-lemma-Serre-subcategories,chow.tex,3743,lemma,Chow groups and K-groups,"egin lemma Let (S, elta) be as in Situation ef situation-setup . Let X be a scheme locally of finite type over S . The categories extit Coh k (X) are Serre subcategories of the abelian category extit Coh (X) .",lexical_candidate_only
abelian,21,text,01EK,cohomology-lemma-cech-cohomology-delta-functor-presheaves,cohomology.tex,1066,lemma,Cech cohomology as a functor on presheaves,"egin lemma Let X be a ringed space. Let U : U = igcup i I U i be an open covering. The functors F heck H n( U , F ) form a elta -functor from the abelian category of presheaves of O X -modules to the category of O X(U) -modules (see Homology, Definition ef homology-definition-coh",lexical_candidate_only
abelian,21,text,0H3D,cohomology-lemma-stabilizes,cohomology.tex,10034,lemma,"Inverse systems and cohomology, III","egin lemma Let A be an abelian category. Let f : M o M be a morphism of A . If M[f n] = (f n : M o M) stabilizes, then the inverse systems (M f n M) and (f n : M o M) are pro-isomorphic in D( A ) .",lexical_candidate_only
exact-functor,93,section;text,0033,categories-section-exact-functor,categories.tex,3424,section,Exact functors,Exact functors In this section we define exact functors. egin definition Let F : A o B be a functor. egin enumerate,lexical_candidate_only
exact-functor,93,section;text,0A8D,derived-lemma-adjoint-is-exact,derived.tex,2290,lemma,Adjoints for exact functors,"egin lemma Let F : D o D ' be an exact functor between triangulated categories. If F admits a right adjoint G: D' o D , then G is also an exact functor.",lexical_candidate_only
exact-functor,92,section;text,09J1,derived-lemma-fully-faithful-adjoint-kernel-zero,derived.tex,2373,lemma,Adjoints for exact functors,"egin lemma Let D , D ' be triangulated categories. Let F : D o D ' and G : D ' o D be functors. Assume that egin enumerate F and G are exact functors, F is fully faithful, G is a right adjoint to F , and the kernel of G is zero. Then F is an equivalence of categories.",lexical_candidate_only
exact-functor,92,section;text,0A8C,derived-section-adjoints,derived.tex,2284,section,Adjoints for exact functors,Adjoints for exact functors Results on adjoint functors between triangulated categories. egin lemma Let F : D o D ' be an exact functo,lexical_candidate_only
exact-functor,91,label,0GP6,functors-lemma-functor-fp-modules-exact,functors.tex,740,lemma,Extending functors on categories of modules,"egin lemma With A , B , F , and F' as in Lemma ef lemma-functor-fp-modules . egin enumerate If F is additive, then F' is additive and commutes with arbitrary direct sums, and if F is right exact, then F' is right exact.",lexical_candidate_only
exact-functor,91,label,0GP8,functors-lemma-functor-fp-modules-left-exact,functors.tex,765,lemma,Extending functors on categories of modules,"egin lemma With A , B , F , and F' as in Lemma ef lemma-functor-fp-modules . Assume A is a coherent ring (Algebra, Definition ef algebra-definition-coherent ). If F is left exact, then F' is left exact.",lexical_candidate_only
exact-functor,91,label,0GNM,functors-lemma-functor-on-fp-modules-left-exact,functors.tex,187,lemma,Functors on module categories,"egin lemma Let A , B , F be as in Lemma ef lemma-functor-on-fp-modules . Assume A is a coherent ring (Algebra, Definition ef algebra-definition-coherent ), B is additive, has kernels, filtered colimits commute with taking kernels, and F is left exact. Then F' is additive, left ex",lexical_candidate_only
exact-functor,91,label,0GNL,functors-lemma-functor-on-fp-modules-right-exact,functors.tex,116,lemma,Functors on module categories,"egin lemma Let A , B , F be as in Lemma ef lemma-functor-on-fp-modules . Assume B is additive, has cokernels, and F is right exact. Then F' is additive, right exact, and commutes with arbitrary direct sums.",lexical_candidate_only
exact-functor,91,label,0GP7,functors-remark-monoidal-extension-exact,functors.tex,755,remark,Extending functors on categories of modules,egin remark Combining Remarks ef remark-monoidal and ef remark-monoidal-extension and Lemma ef lemma-functor-fp-modules-exact we find the following. Given rings A and B the set of ring maps A o B is in bijection with the set of isomorphism classes of functors of monoidal categori,lexical_candidate_only
exact-functor,71,section,0034,categories-definition-exact,categories.tex,3430,definition,Exact functors,egin definition Let F : A o B be a functor. egin enumerate Suppose all finite limits exist in A . We say F is left exact if it commutes with all finite limits. Suppose all finite colimits exist in A . We say F is right exact if it commutes with all finite colimits. We say F is ex,lexical_candidate_only
exact-functor,71,section,0035,categories-lemma-characterize-left-exact,categories.tex,3445,lemma,Exact functors,"egin lemma Let F : A o B be a functor. Suppose all finite limits exist in A , see Lemma ef lemma-finite-limits-exist . The following are equivalent: egin enumerate F is left exact, F commutes with finite products and equalizers, and F transforms a final object of A into a final o",lexical_candidate_only
exact-functor,71,section,0GMN,categories-lemma-characterize-right-exact,categories.tex,3471,lemma,Exact functors,"egin lemma Let F : A o B be a functor. Suppose all finite colimits exist in A , see Lemma ef lemma-colimits-exist . The following are equivalent: egin enumerate F is right exact, F commutes with finite coproducts and coequalizers, and F transforms an initial object of A into an i",lexical_candidate_only
exact-functor,22,text,0FCT,derived-lemma-bilinear-map-K,derived.tex,9179,lemma,K-groups,"egin lemma Let D , D ' , D '' be triangulated categories. Let : D imes D ' D '' be a functor such that for fixed X in D the functor X - : D ' o D '' is an exact functor and for fixed X' in D ' the functor - X' : D o D '' is an exact functor. Then induces a bilinear map K 0( D ) i",lexical_candidate_only
exact-functor,22,text,014Y,derived-lemma-composition-exact,derived.tex,939,lemma,Elementary results on triangulated categories,"egin lemma Let D , D ', D '' be pre-triangulated categories. Let F : D o D ' and F' : D ' o D '' be exact functors. Then F' irc F is an exact functor.",lexical_candidate_only
exact-functor,22,text,0159,derived-lemma-right-derived-properties,derived.tex,7012,lemma,Right derived functors and injective resolutions,egin lemma Let A be an abelian category with enough injectives. Let F : A o B be an additive functor. egin enumerate The functor RF is an exact functor D + ( A ) o D + ( B ) . The functor RF induces an exact functor K + ( A ) o D + ( B ) . The functor RF induces a elta -functor e,lexical_candidate_only
exact-functor,21,text,06VS,adequate-section-comparison,adequate.tex,2150,section,"Derived categories of adequate modules, I","Derived categories of adequate modules, I Let S be a scheme. We continue the discussion started in Section ef section-parasitic . The exact functor v induces a functor D(extit Adeq ( O",lexical_candidate_only
exact-functor,21,text,05CE,algebra-definition-projective,algebra.tex,18781,definition,Projective modules,"egin definition Let R be a ring. An R -module P is projective if and only if the functor om R(P, -) : ext Mod R o ext Mod R is an exact functor.",lexical_candidate_only
exact-functor,21,text,0FDR,chow-lemma-finite-cycles-k-group,chow.tex,3898,lemma,Chow groups and K-groups,"egin lemma Let : X o Y be a finite morphism of schemes locally of finite type over (S, elta) as in Situation ef situation-setup . Then * : extit Coh (X) o extit Coh (Y) is an exact functor which sends extit Coh k (X) into extit Coh k (Y) and induces homomorphisms on K 0 of these ",lexical_candidate_only
exact-functor,21,text,0887,coherent-lemma-inverse-systems-pullback,coherent.tex,6631,lemma,Coherent formal modules,"egin lemma Let f : X o Y be a morphism of Noetherian schemes. Let J O Y be a quasi-coherent sheaf of ideals and set I = f -1 J O X . Then there is a right exact functor f * : extit Coh (Y, J ) extit Coh (X, I ) which sends ( G n) to (f * G n) . If f is flat, then f * is an exact ",lexical_candidate_only
exact-functor,21,text,06YH,cohomology-definition-derived-tor,cohomology.tex,6145,definition,Flat resolutions,"egin definition Let (X, O X) be a ringed space. Let F ullet be an object of D( O X) . The derived tensor product - O X L F ullet : D( O X) D( O X) is the exact functor of triangulated categories described above.",lexical_candidate_only
exact-functor,21,text,0BX0,cohomology-example-datta,cohomology.tex,3619,example,Vanishing on Noetherian topological spaces,"egin example Let X = N endowed with the topology whose opens are , X , and U n = \ i i n\ for n 1 . An abelian sheaf F on X is the same as an inverse system of abelian groups A n = F (U n) and (X, F ) = A n . Since the inverse limit functor is not an exact functor on the category",lexical_candidate_only
exact-functor,21,text,01EJ,cohomology-lemma-cech-exact-presheaves,cohomology.tex,1049,lemma,Cech cohomology as a functor on presheaves,"egin lemma The functor given by Equation (ef equation-cech-functor ) is an exact functor (see Homology, Lemma ef homology-lemma-exact-functor ).",lexical_candidate_only
exact-functor,21,text,06YJ,cohomology-lemma-derived-base-change,cohomology.tex,6330,lemma,Derived pullback,egin lemma The construction above is independent of choices and defines an exact functor of triangulated categories Lf * : D( O Y) o D( O X) .,lexical_candidate_only
exact-functor,21,text,06Y8,cohomology-lemma-derived-tor-exact,cohomology.tex,5808,lemma,Flat resolutions,"egin lemma Let (X, O X) be a ringed space. Let G ullet be a complex of O X -modules. The functors K(extit Mod ( O X)) K(extit Mod ( O X)), F ullet ext Tot ( G ullet O X F ullet) and K(extit Mod ( O X)) K(extit Mod ( O X)), F ullet ext Tot ( F ullet O X G ullet) are exact functors",lexical_candidate_only
exact-functor,21,text,01ER,cohomology-lemma-include,cohomology.tex,1515,lemma,Cech cohomology and cohomology,"egin lemma Let X be a ringed space. Consider the functor i : extit Mod ( O X) o extit PMod ( O X) . It is a left exact functor with right derived functors given by R pi( F ) = nderline H p( F ) : U H p(U, F ) see discussion in Section ef section-locality .",lexical_candidate_only
exact-functor,21,text,014V,derived-definition-exact-functor-triangulated-categories,derived.tex,191,definition,The definition of a triangulated category,"egin definition Let D , D ' be pre-triangulated categories. An exact functor , or a triangulated functor from D to D ' is a functor F : D o D ' together with given functorial isomorphisms X : F(X[1]) o F(X)[1] such that for every distinguished triangle (X, Y, Z, f, g, h) of D the",lexical_candidate_only
exact-functor,21,text,05RF,derived-definition-kernel-category,derived.tex,1890,definition,Quotients of triangulated categories,egin definition Let D be a (pre-)triangulated category. egin enumerate Let F : D o D ' be an exact functor. The kernel of F is the strictly full saturated (pre-)triangulated subcategory described in Lemma ef lemma-triangle-functor-kernel . Let H : D o A be a homological functor. ,lexical_candidate_only
exact-functor,21,text,015D,derived-lemma-F-acyclic-ses,derived.tex,5644,lemma,Higher derived functors,egin lemma Let F : A o B be a left exact functor between abelian categories and assume RF : D + ( A ) o D + ( B ) is everywhere defined. Let 0 o A o B o C o 0 be a short exact sequence of A . egin enumerate If A and C are right acyclic for F then so is B . If A and B are right ac,lexical_candidate_only
exact-functor,21,text,070Y,derived-lemma-K-injective-defined,derived.tex,9747,lemma,K-injective complexes,"egin lemma Let A be an abelian category. Let F : K( A ) o D ' be an exact functor of triangulated categories. Then RF is defined at every complex in K( A ) which is quasi-isomorphic to a K-injective complex. In fact, every K-injective complex computes RF .",lexical_candidate_only
exact-functor,21,text,014X,derived-lemma-additive-exact-homotopy-category,derived.tex,3431,lemma,Distinguished triangles in the homotopy category,"egin lemma Let A , B be additive categories. Let F : A o B be an additive functor. The induced functors egin matrix F : K( A ) K( B ) \\ F : K + ( A ) K + ( B ) \\ F : K - ( A ) K - ( B ) \\ F : K b( A ) K b( B ) are exact functors of triangulated categories.",lexical_candidate_only
exact-functor,21,text,015M,derived-lemma-compose-derived-functors,derived.tex,7293,lemma,Composition of right derived functors,"egin lemma Let A , B , C be abelian categories. Let F : A o B and G : B o C be left exact functors. Assume A , B have enough injectives. The following are equivalent egin enumerate F(I) is right acyclic for G for each injective object I of A , and the canonical map t : R(G irc F)",lexical_candidate_only
exact-functor,21,text,05T2,derived-lemma-compose-derived-functors-general,derived.tex,5130,lemma,Derived functors in general,"egin lemma Let A , B , C be triangulated categories. Let S , resp.\ S' be a saturated multiplicative system in A , resp.\ B compatible with the triangulated structure. Let F : A o B and G : B o C be exact functors. Denote F' : A o (S') -1 B the composition of F with the localizat",lexical_candidate_only
exact-functor,21,text,070K,derived-lemma-enough-K-injectives-implies,derived.tex,9767,lemma,K-injective complexes,egin lemma Let A be an abelian category. Assume every complex has a quasi-isomorphism towards a K-injective complex. Then any exact functor F : K( A ) o D ' of triangulated categories has a right derived functor RF : D( A ) D ' and RF(I ullet) = F(I ullet) for K-injective complex,lexical_candidate_only
exact-functor,21,text,05TI,derived-lemma-enough-injectives-right-derived,derived.tex,6980,lemma,Right derived functors and injective resolutions,egin lemma Let A be an abelian category with enough injectives. egin enumerate For any exact functor F : K + ( A ) o D into a triangulated category D the right derived functor RF : D + ( A ) D is everywhere defined. For any additive functor F : A o B into an abelian category B th,lexical_candidate_only
exact-functor,21,text,0151,derived-lemma-exact-compose-delta-functor,derived.tex,970,lemma,Elementary results on triangulated categories,egin lemma Let D be a triangulated category. Let A be an abelian category. Let G : A o D be a elta -functor. egin enumerate Let D ' be a triangulated category. Let F : D o D ' be an exact functor. Then the composition F irc G is a elta -functor as well. Let A ' be an abelian cate,lexical_candidate_only
exact-functor,21,text,05QZ,derived-lemma-exact-compose-homological-functor,derived.tex,951,lemma,Elementary results on triangulated categories,egin lemma Let D be a pre-triangulated category. Let A be an abelian category. Let H : D o A be a homological functor. egin enumerate Let D ' be a pre-triangulated category. Let F : D ' o D be an exact functor. Then the composition H irc F is a homological functor as well. Let A ,lexical_candidate_only
exact-functor,21,text,05SQ,derived-lemma-exact-equivalence,derived.tex,916,lemma,Elementary results on triangulated categories,"egin lemma Let F : D o D ' be a fully faithful exact functor of pre-triangulated categories. Then a triangle (X, Y, Z, f, g, h) of D is distinguished if and only if (F(X), F(Y), F(Z), F(f), F(g), F(h)) is distinguished in D ' .",lexical_candidate_only
exact-functor,21,text,05QY,derived-lemma-exact-functor-additive,derived.tex,888,lemma,Elementary results on triangulated categories,egin lemma An exact functor of pre-triangulated categories is additive.,lexical_candidate_only
exact-functor,21,text,05S3,derived-lemma-filtered-derived-functors,derived.tex,4336,lemma,Filtered derived categories,"egin lemma The functors ext gr p, ext gr , (ext forget F) induce canonical exact functors ext gr p, (ext forget F): DF( A ) D( A ) and ext gr : DF( A ) D(ext Gr ( A )) which commute with the localization functors.",lexical_candidate_only
exact-functor,21,text,015B,derived-lemma-higher-derived-functors,derived.tex,7048,lemma,Right derived functors and injective resolutions,egin lemma Let A be an abelian category with enough injectives. Let F : A o B be a left exact functor. egin enumerate For any short exact sequence 0 o A ullet o B ullet o C ullet o 0 of complexes in ext Comp + ( A ) there is an associated long exact sequence o H i(RF(A ullet)) o ,lexical_candidate_only
exact-functor,21,text,05TH,derived-lemma-injective-acyclic,derived.tex,6948,lemma,Right derived functors and injective resolutions,egin lemma Let A be an abelian category. Let I ( A ) be an injective object. Let I ullet be a bounded below complex of injectives in A . egin enumerate I ullet computes RF relative to ext Qis + ( A ) for any exact functor F : K + ( A ) o D into any triangulated category D . I is ,lexical_candidate_only
exact-functor,21,text,0FCQ,derived-lemma-map-K,derived.tex,9127,lemma,K-groups,egin lemma Let F : D o D ' be an exact functor of triangulated categories. Then F induces a group homomorphism K 0( D ) o K 0( D ') .,lexical_candidate_only
exact-functor,21,text,015F,derived-lemma-right-derived-exact-functor,derived.tex,5884,lemma,Higher derived functors,"egin lemma Let F : A o B be an exact functor of abelian categories. Then egin enumerate every object of A is right acyclic for F , RF : D + ( A ) o D + ( B ) is everywhere defined, RF : D( A ) o D( B ) is everywhere defined, every complex computes RF , in other words, the canonic",lexical_candidate_only
exact-functor,21,text,015W,derived-lemma-ss-filtered-derived,derived.tex,8484,lemma,Filtered derived category and injective resolutions,"egin lemma Let A , B be abelian categories. Let T : A o B be a left exact functor. Assume A has enough injectives. Let (K ullet, F) be an object of ext Comp + (ext Fil f( A )) . There exists a spectral sequence (E r, d r) r 0 consisting of bigraded objects E r of B and d r of bid",lexical_candidate_only
exact-functor,21,text,05RC,derived-lemma-triangle-functor-kernel,derived.tex,1786,lemma,Quotients of triangulated categories,"egin lemma Let F : D o D ' be an exact functor of pre-triangulated categories. Let D '' be the full subcategory of D with objects ( D '') = \ X ( D ) F(X) = 0\ Then D '' is a strictly full saturated pre-triangulated subcategory of D . If D is a triangulated category, then D '' is",lexical_candidate_only
exact-functor,21,text,05R4,derived-lemma-triangle-functor-localize,derived.tex,1257,lemma,Localization of triangulated categories,"egin lemma Let F : D o D ' be an exact functor of pre-triangulated categories. Let S = \ f ext Arrows ( D ) F(f)ext is an isomorphism \ Then S is a saturated (see Categories, Definition ef categories-definition-saturated-multiplicative-system ) multiplicative system compatible wi",lexical_candidate_only
exact-functor,21,text,015J,derived-lemma-two-ss-complex-functor,derived.tex,7177,lemma,Cartan-Eilenberg resolutions,"egin lemma Let F : A o B be a left exact functor of abelian categories. Let K ullet be a bounded below complex of A . Let I ullet, ullet be a Cartan-Eilenberg resolution for K ullet . The spectral sequences ( 'E r, 'd r) r 0 and ( ''E r, ''d r) r 0 associated to the double comple",lexical_candidate_only
exact-functor,21,text,07K8,derived-lemma-unbounded-left-derived,derived.tex,10103,lemma,Bounded cohomological dimension,"egin lemma Let F : A o B be a right exact functor of abelian categories. If egin enumerate every object of A is a quotient of an object which is left acyclic for F , there exists an integer n 0 such that L nF = 0 , Then egin enumerate LF : D( A ) o D( B ) exists, any complex cons",lexical_candidate_only
exact-functor,21,text,07K7,derived-lemma-unbounded-right-derived,derived.tex,9977,lemma,Bounded cohomological dimension,"egin lemma Let F : A o B be a left exact functor of abelian categories. Assume egin enumerate every object of A is a subobject of an object which is right acyclic for F , there exists an integer n 0 such that R nF = 0 , Then egin enumerate RF : D( A ) o D( B ) exists, any complex",lexical_candidate_only
exact-functor,21,text,0A8G,derived-proposition-brown,derived.tex,11428,proposition,Brown representability,egin proposition egin reference ite[Theorem 4.1] Neeman-Grothendieck . Let D be a triangulated category with direct sums which is compactly generated. Let F : D o D ' be an exact functor of triangulated categories which transforms direct sums into direct sums. Then F has an exact,lexical_candidate_only
exact-functor,21,text,0GYH,derived-proposition-brown-bis,derived.tex,11634,proposition,"Brown representability, bis",egin proposition Let D be a triangulated category with direct sums. Assume there exists a set E of objects of D satisfying conditions (1) and (2) of Lemma ef lemma-brown-bis . Let F : D o D ' be an exact functor of triangulated categories which transforms direct sums into direct ,lexical_candidate_only
exact-functor,21,text,05SE,derived-proposition-derived-functor,derived.tex,4895,proposition,Derived functors in general,egin proposition Assumptions and notation as in Situation ef situation-derived-functor . egin enumerate The full subcategory E of D consisting of objects at which RF is defined is a strictly full triangulated subcategory of D . We obtain an exact functor RF : E D ' of triangulate,lexical_candidate_only
exact-functor,21,text,0794,derived-proposition-left-derived-exists,derived.tex,9333,proposition,Unbounded complexes,"egin proposition Let F : A o B be a right exact functor of abelian categories. Let P ( A ) be a subset. Assume egin enumerate P contains 0 , is closed under (finite) direct sums, and every object of A is a quotient of an element of P , for any bounded above acyclic complex P ulle",lexical_candidate_only
exact-functor,21,text,015X,derived-remark-final-functorial,derived.tex,8559,remark,Filtered derived category and injective resolutions,"egin remark As promised in Remark ef remark-functorial-ss we discuss the connection of the lemma above with the constructions using Cartan-Eilenberg resolutions. Namely, let T : A o B be a left exact functor of abelian categories, assume A has enough injectives, and let K ullet b",lexical_candidate_only
exact-functor,21,text,0FX5,derived-remark-operations-functor,derived.tex,10794,remark,Operations on full subcategories,"egin remark Let F : T o T ' be an exact functor of triangulated categories. Given a full subcategory A of T we denote F( A ) the full subcategory of T ' whose objects consists of all objects F(A) with A ( A ) . We have F( A [a, b]) = F( A )[a, b] F(smd( A )) smd(F( A )), F(add( A",lexical_candidate_only
exact-functor,21,text,0158,derived-remark-right-derived-functor,derived.tex,7804,remark,Right derived functors via resolution functors,egin remark In the situation of Lemma ef lemma-right-derived-functor we see that we have actually lifted the right derived functor to an exact functor F irc j' : D + ( A ) o K + ( B ) . It is occasionally useful to use such a factorization.,lexical_candidate_only
exact-functor,21,text,0FNC,derived-section-deriving-adjoints,derived.tex,9481,section,Deriving adjoints,"Deriving adjoints Let F : D o D ' and G : D ' o D be exact functors of triangulated categories. Let S , resp.\ S' be a multi",lexical_candidate_only
exact-functor,21,text,05T4,derived-situation-classical,derived.tex,5193,situation,Derived functors on derived categories,"egin situation Here F : A o B is an additive functor between abelian categories. This induces exact functors F : K( A ) o K( B ), K + ( A ) o K + ( B ), K - ( A ) o K - ( B ). See Lemma ef lemma-additive-exact-homotopy-category . We also denote F the composition K( A ) o D( B ) ,",lexical_candidate_only
exact-functor,21,text,05S8,derived-situation-derived-functor,derived.tex,4519,situation,Derived functors in general,egin situation Here F : D o D ' is an exact functor of triangulated categories and S is a saturated multiplicative system in D compatible with the structure of triangulated category on D .,lexical_candidate_only
exact-functor,21,text,09LR,dga-lemma-bc-homotopy,dga.tex,5291,lemma,Derived tensor product,"egin lemma The functor (ef equation-bc ) defines an exact functor of triangulated categories K(ext Mod (A, ext d ) ) o K(ext Mod (B, ext d ) ) .",lexical_candidate_only
exact-functor,21,text,09LK,dga-lemma-existence-of-derived,dga.tex,5220,lemma,Variant of derived Hom,"egin lemma In the situation above. If the right derived functor Rom(K ullet, -) of om(K ullet, -) : K( A ) o D(extit Ab ) is everywhere defined on D( A ) , then we obtain a canonical exact functor Rom(K ullet, -) : D( A ) D(E, ext d ) of triangulated categories which reduces to t",lexical_candidate_only
exact-functor,21,text,0FQF,dga-lemma-functor-between-ABC,dga.tex,4494,lemma,Obtaining triangulated categories,"egin lemma Let R be a ring. Let F : A o B be a functor between differential graded categories over R satisfying axioms (A), (B), and (C) such that F(x[1]) = F(x)[1] . Then F induces an exact functor K( A ) o K( B ) of triangulated categories.",lexical_candidate_only
exact-functor,21,text,09LH,dga-lemma-restriction-homotopy,dga.tex,5016,lemma,Derived Hom,"egin lemma The functor (ef equation-restriction ) defines an exact functor K(ext Mod (B, ext d ) ) o K(ext Mod (A, ext d ) ) of triangulated categories.",lexical_candidate_only
exact-functor,21,text,09LW,dga-lemma-tensor-with-complex-homotopy,dga.tex,5939,lemma,Variant of derived tensor product,"egin lemma The functor of Lemma ef lemma-tensor-with-complex defines an exact functor of triangulated categories K(ext Mod (E, ext d ) ) o K( O ) .",lexical_candidate_only
exact-functor,21,text,0FYQ,equiv-definition-fourier-mukai-functor,equiv.tex,923,definition,Fourier-Mukai functors,"egin definition Let S be a scheme. Let X and Y be schemes over S . Let K D( O X imes S Y ) . The exact functor K : D( O X) D( O Y), M Rext pr 2, * ( Lext pr 1 *M O X imes S Y L K) of triangulated categories is called a Fourier-Mukai functor and K is called a Fourier-Mukai kernel ",lexical_candidate_only
exact-functor,21,text,0FZT,equiv-definition-siblings,equiv.tex,1972,definition,Sibling functors,"egin definition Let A be an abelian category. Let D be a triangulated category. We say two exact functors of triangulated categories F, F' : D b( A ) D are siblings , or we say F' is a sibling of F , if the following two conditions are satisfied egin enumerate the functors F irc ",lexical_candidate_only
exact-functor,21,text,0FZZ,equiv-definition-siblings-geometric,equiv.tex,2749,definition,Special functors,"egin definition Let k be a field. Let X , Y be finite type schemes over k . Recall that D b extit Coh ( O X) = D b(extit Coh ( O X)) by Derived Categories of Schemes, Proposition ef perfect-proposition-DCoh . We say two k -linear exact functors F, F' : D b extit Coh ( O X) = D b(",lexical_candidate_only
exact-functor,21,text,0FY6,equiv-lemma-Serre-functor,equiv.tex,245,lemma,Serre functors,"egin lemma In the situation of Definition ef definition-Serre-functor . If a Serre functor exists, then it is unique up to unique isomorphism and it is an exact functor of triangulated categories.",lexical_candidate_only
exact-functor,21,text,0FYN,equiv-lemma-always-right-adjoints,equiv.tex,881,lemma,Existence of adjoints,"egin lemma Let k be a field. Let X and Y be proper schemes over k . If X is regular, then any k -linear exact functor F : D perf ( O X) o D perf ( O Y) has an exact right adjoint and an exact left adjoint.",lexical_candidate_only
exact-functor,21,text,0G00,equiv-lemma-exact-functor-preserving-Coh,equiv.tex,2772,lemma,Special functors,"egin lemma Let k be a field. Let X , Y be finite type schemes over k with X separated. Let F : D b extit Coh ( O X) o D b extit Coh ( O Y) be a k -linear exact functor sending extit Coh ( O X) D b extit Coh ( O X) into extit Coh ( O Y) D b extit Coh ( O Y) . Then there exists a F",lexical_candidate_only
exact-functor,21,text,0G24,equiv-lemma-get-fully-faithful,equiv.tex,2476,lemma,Deducing fully faithfulness,"egin lemma egin reference Variant of ite[Lemma 2.15] Orlov-K3 Let F : D o D ' be an exact functor of triangulated categories. Let S ( D ) be a set of objects. Assume egin enumerate F has both right and left adjoints, for K D if om(E, K[i]) = 0 for all E S and i Z then K = 0 , for",lexical_candidate_only
exact-functor,21,text,0G25,equiv-lemma-get-fully-faithful-geometric,equiv.tex,2651,lemma,Deducing fully faithfulness,"egin lemma Let k be a field. Let X and Y be proper schemes over k . Assume X is regular. Then a k -linear exact functor F : D perf ( O X) o D perf ( O Y) is fully faithful if and only if for any closed points x, x' X the maps F : i X( O x, O x' ) i Y(F( O x), F( O x' )) are isomo",lexical_candidate_only
exact-functor,21,text,0G27,equiv-lemma-noah,equiv.tex,2867,lemma,Special functors,"egin lemma egin reference Email from Noah Olander of Jun 8, 2020 Let k be a field. Let X be a proper scheme over k which is regular. Let F : D perf ( O X) o D perf ( O X) be a k -linear exact functor. Assume for every coherent O X -module F with im(ext Supp ( F )) = 0 there is an",lexical_candidate_only
exact-functor,21,text,0G26,equiv-lemma-noah-pre,equiv.tex,2675,lemma,Deducing fully faithfulness,"egin lemma egin reference Email from Noah Olander of Jun 9, 2020 Let k be a field. Let X be a proper scheme over k which is regular. Let F : D perf ( O X) o D perf ( O X) be a k -linear exact functor. Assume for every coherent O X -module F with im(ext Supp ( F )) = 0 there is an",lexical_candidate_only
exact-functor,21,text,0FZU,equiv-lemma-sibling-fully-faithful,equiv.tex,1991,lemma,Sibling functors,"egin lemma Let A be an abelian category. Let D be a triangulated category. Let F, F' : D b( A ) D be exact functors of triangulated categories. Assume egin enumerate the functors F irc i and F' irc i are isomorphic where i : A o D b( A ) is the inclusion functor, and for all X, Y",lexical_candidate_only
exact-functor,21,text,0G06,equiv-lemma-two-functors,equiv.tex,2947,lemma,Special functors,"egin lemma Let k be a field. Let X , Y be proper schemes over k . Assume X regular. Let F, G : D perf ( O X) o D perf ( O Y) be k -linear exact functors such that egin enumerate F( F ) ong G( F ) for any coherent O X -module F with im(ext Supp ( F )) = 0 , F is fully faithful, an",lexical_candidate_only
exact-functor,21,text,0GX0,equiv-lemma-two-functors-pre,equiv.tex,2822,lemma,Special functors,"egin lemma Let k be a field. Let X , Y be proper schemes over k . Assume X is regular. Let F, G : D perf ( O X) o D perf ( O Y) be k -linear exact functors such that egin enumerate F( F ) ong G( F ) for any coherent O X -module F with im(ext Supp ( F )) = 0 , F is fully faithful.",lexical_candidate_only
exact-functor,21,text,0G0C,equiv-theorem-fully-faithful,equiv.tex,3266,theorem,Fully faithful functors,egin theorem [Orlov] egin reference ite[Theorem 2.2] Orlov-K3 ; this is shown in ite Noah without the assumption that X be projective Let k be a field. Let X and Y be smooth proper schemes over k with X projective over k . Any k -linear fully faithful exact functor F : D perf ( O,lexical_candidate_only
exact-functor,21,text,03S5,etale-cohomology-proposition-describe-jshriek,etale-cohomology.tex,11425,proposition,Extension by zero,"egin proposition Let j : U o X be an etale morphism of schemes. Let F in extit Ab (U ) . If x : (k) o X is a geometric point of X , then (j ! F ) x = igoplus u : (k) o U,\ j( u ) = x F ar u . In particular, j ! is an exact functor.",lexical_candidate_only
exact-functor,21,text,05JG,examples-lemma-completion-not-exact,examples.tex,557,lemma,Completion is not exact,egin lemma egin slogan Completion is neither left nor right exact in general. Completion is not an exact functor in general; it is not even right exact in general. This holds even when I is finitely generated on the category of finitely presented modules.,lexical_candidate_only
injectives,93,section;text,013I,derived-definition-injective-resolution,derived.tex,6213,definition,Injective resolutions,egin definition Let A be an abelian category. Let A ( A ) . An injective resolution of A is a complex I ullet together with a map A o I 0 such that: egin enumerate We have I n = 0 for n < 0 . Each I n is an injective object of A . The map A o I 0 is an isomorphism onto (d 0) . We,lexical_candidate_only
injectives,93,section;text,013K,derived-lemma-injective-resolutions-exist,derived.tex,6280,lemma,Injective resolutions,"egin lemma Let A be an abelian category. Assume A has enough injectives. egin enumerate Any object of A has an injective resolution. If H n(K ullet) = 0 for all n 0 then K ullet has an injective resolution. If K ullet is a complex with K n = 0 for n < a , then there exists an inj",lexical_candidate_only
injectives,93,section;text,013G,derived-section-injective-resolutions,derived.tex,6206,section,Injective resolutions,Injective resolutions In this section we prove some lemmas regarding the existence of injective resolutions in abelian categories having enough injectives. egin definitio,lexical_candidate_only
injectives,92,section;text,0719,cohomology-section-K-injective,cohomology.tex,9834,section,Producing K-injective resolutions,"Producing K-injective resolutions Let (X, O X) be a ringed space. Let F ullet be a complex of O X -modules. The category extit Mod ( O X) has en",lexical_candidate_only
injectives,92,section;text,015P,derived-definition-filtered-complexes-notation,derived.tex,7844,definition,Filtered derived category and injective resolutions,egin definition Let A be an abelian category. We say an object I of ext Fil f( A ) is filtered injective if each ext gr p(I) is an injective object of A .,lexical_candidate_only
injectives,92,section;text,013R,derived-lemma-acyclic-is-zero,derived.tex,6308,lemma,Injective resolutions,egin lemma Let A be an abelian category. Let K ullet be an acyclic complex. Let I ullet be bounded below and consisting of injective objects. Any morphism K ullet o I ullet is homotopic to zero.,lexical_candidate_only
injectives,92,section;text,013J,derived-lemma-cohomology-bounded-below,derived.tex,6259,lemma,Injective resolutions,egin lemma Let A be an abelian category. Let K ullet be a complex of A . egin enumerate If K ullet has an injective resolution then H n(K ullet) = 0 for n 0 . If H n(K ullet) = 0 for all n 0 then there exists a quasi-isomorphism K ullet o L ullet with L ullet bounded below.,lexical_candidate_only
injectives,92,section;text,05TX,derived-lemma-filtered-acyclic-is-zero,derived.tex,8197,lemma,Filtered derived category and injective resolutions,"egin lemma Let A be an abelian category. Let K ullet, I ullet K(ext Fil f( A )) . Assume K ullet is filtered acyclic and I ullet bounded below and consisting of filtered injective objects. Any morphism K ullet o I ullet is homotopic to zero: om K(ext Fil f( A )) (K ullet, I ullet",lexical_candidate_only
injectives,92,section;text,05TP,derived-lemma-filtered-injective,derived.tex,7852,lemma,Filtered derived category and injective resolutions,"egin lemma Let A be an abelian category. An object I of ext Fil f( A ) is filtered injective if and only if there exist a b , injective objects I n , a n b of A and an isomorphism I ong igoplus a n b I n such that F pI = igoplus n p I n .",lexical_candidate_only
injectives,92,section;text,05TU,derived-lemma-filtered-injective-right-resolution-map,derived.tex,7960,lemma,Filtered derived category and injective resolutions,"egin lemma Let A be an abelian category with enough injectives. Let f : A o B be a morphism of ext Fil f( A ) . Given filtered quasi-isomorphisms A[0] o I ullet and B[0] o J ullet where I ullet, J ullet are complexes of filtered injective objects with I n = J n = 0 for n < 0 , th",lexical_candidate_only
injectives,92,section;text,05TV,derived-lemma-filtered-injective-right-resolution-ses,derived.tex,8015,lemma,Filtered derived category and injective resolutions,"egin lemma Let A be an abelian category with enough injectives. Let 0 o A o B o C o 0 be a short exact sequence in ext Fil f( A ) . Given filtered quasi-isomorphisms A[0] o I ullet and C[0] o J ullet where I ullet, J ullet are complexes of filtered injective objects with I n = J ",lexical_candidate_only
injectives,92,section;text,05TT,derived-lemma-filtered-injective-right-resolution-single-object,derived.tex,7932,lemma,Filtered derived category and injective resolutions,egin lemma Let A be an abelian category with enough injectives. For any object A of ext Fil f( A ) there exists a filtered quasi-isomorphism A[0] o I ullet where I ullet is a complex of filtered injective objects with I n = 0 for n < 0 .,lexical_candidate_only
injectives,92,section;text,015Q,derived-lemma-filtered-localization-functor,derived.tex,8309,lemma,Filtered derived category and injective resolutions,"egin lemma Let A be an abelian category with enough injectives. Let I f ext Fil f( A ) denote the strictly full additive subcategory whose objects are the filtered injective objects. The canonical functor K + ( I f) DF + ( A ) is exact, fully faithful and essentially surjective, ",lexical_candidate_only
injectives,92,section;text,05TH,derived-lemma-injective-acyclic,derived.tex,6948,lemma,Right derived functors and injective resolutions,egin lemma Let A be an abelian category. Let I ( A ) be an injective object. Let I ullet be a bounded below complex of injectives in A . egin enumerate I ullet computes RF relative to ext Qis + ( A ) for any exact functor F : K + ( A ) o D into any triangulated category D . I is ,lexical_candidate_only
injectives,92,section;text,05TR,derived-lemma-injective-property-filtered-injective,derived.tex,7896,lemma,Filtered derived category and injective resolutions,egin lemma Let A be an abelian category. Let u : A o B be a strict monomorphism of ext Fil f( A ) and f : A o I a morphism from A into a filtered injective object in ext Fil f( A ) . Then there exists a morphism g : B o I such that f = g irc u .,lexical_candidate_only
injectives,92,section;text,013S,derived-lemma-morphisms-equal-up-to-homotopy,derived.tex,6481,lemma,Injective resolutions,"egin lemma Let A be an abelian category. Consider a solid diagram K ullet L ullet --> [dl] eta i \\ I ullet where I ullet is bounded below and consists of injective objects, and is a quasi-isomorphism. Any two morphisms eta 1, eta 2 making the diagram commute up to homotopy are h",lexical_candidate_only
injectives,92,section;text,05TY,derived-lemma-morphisms-into-filtered-injective-complex,derived.tex,8241,lemma,Filtered derived category and injective resolutions,"egin lemma Let A be an abelian category. Let I ullet K(ext Fil f( A )) be a bounded below complex consisting of filtered injective objects. egin enumerate Let : K ullet o L ullet in K(ext Fil f( A )) be a filtered quasi-isomorphism. Then the map om K(ext Fil f( A )) (L ullet, I u",lexical_candidate_only
injectives,92,section;text,05TG,derived-lemma-morphisms-into-injective-complex,derived.tex,6541,lemma,Injective resolutions,"egin lemma Let A be an abelian category. Let I ullet be bounded below complex consisting of injective objects. Let L ullet K( A ) . Then K( A ) (L ullet, I ullet) = D( A ) (L ullet, I ullet).",lexical_candidate_only
injectives,92,section;text,013P,derived-lemma-morphisms-lift,derived.tex,6386,lemma,Injective resolutions,"egin lemma Let A be an abelian category. Consider a solid diagram K ullet L ullet --> [dl] eta \\ I ullet where I ullet is bounded below and consists of injective objects, and is a quasi-isomorphism. egin enumerate There exists a map of complexes eta making the diagram commute up",lexical_candidate_only
injectives,92,section;text,05TW,derived-lemma-right-resolution-by-filtered-injectives,derived.tex,8096,lemma,Filtered derived category and injective resolutions,"egin lemma Let A be an abelian category with enough injectives. For every K ullet K + (ext Fil f( A )) there exists a filtered quasi-isomorphism K ullet o I ullet with I ullet bounded below, each I n a filtered injective object, and each K n o I n a strict monomorphism.",lexical_candidate_only
injectives,92,section;text,05TQ,derived-lemma-split-strict-monomorphism,derived.tex,7867,lemma,Filtered derived category and injective resolutions,egin lemma Let A be an abelian category. Any strict monomorphism u : I o A of ext Fil f( A ) where I is a filtered injective object is a split injection.,lexical_candidate_only
injectives,92,section;text,05TS,derived-lemma-strict-monomorphism-into-filtered-injective,derived.tex,7914,lemma,Filtered derived category and injective resolutions,egin lemma Let A be an abelian category with enough injectives. For any object A of ext Fil f( A ) there exists a strict monomorphism A o I where I is a filtered injective object.,lexical_candidate_only
injectives,92,section;text,015O,derived-section-filtered-derived,derived.tex,7821,section,Filtered derived category and injective resolutions,"Filtered derived category and injective resolutions Let A be an abelian category. In this section we will show that if A has enough injectives, then so does the category ext Fil f(",lexical_candidate_only
injectives,92,section;text,0156,derived-section-right-derived-functor,derived.tex,6940,section,Right derived functors and injective resolutions,Right derived functors and injective resolutions At this point we can use the material above to define the right derived functors of an additive functor between an abelian category having enough injec,lexical_candidate_only
injectives,92,section;text,070N,sites-cohomology-section-K-injective,sites-cohomology.tex,5547,section,Producing K-injective resolutions,"Producing K-injective resolutions Let ( C , O ) be a ringed site. Let F ullet be a complex of O -modules. The category extit Mod ( O ) has",lexical_candidate_only
injectives,71,section,071A,cohomology-equation-into-candidate-K-injective,cohomology.tex,9867,equation,Producing K-injective resolutions,egin equation F ullet o I ullet,lexical_candidate_only
injectives,71,section,071B,cohomology-lemma-K-injective,cohomology.tex,9874,lemma,Producing K-injective resolutions,"egin lemma In the situation described above. Denote H m = H m( F ullet) the m th cohomology sheaf. Let B be a set of open subsets of X . Let d N . Assume egin enumerate every open in X has a covering whose members are elements of B , for every U B we have H p(U, H q) = 0 for p > ",lexical_candidate_only
injectives,71,section,08BY,cohomology-lemma-inverse-limit-complexes,cohomology.tex,9905,lemma,Producing K-injective resolutions,"egin lemma Let (X, O X) be a ringed space. Let ( F n ullet) be an inverse system of complexes of O X -modules. Let m Z . Assume there exist a set B of open subsets of X and an integer n 0 such that egin enumerate every open in X has a covering whose members are elements of B , fo",lexical_candidate_only
injectives,71,section,015V,derived-equation-commute-forget,derived.tex,8457,equation,Filtered derived category and injective resolutions,egin equation (ext forget F) irc RT ong RT irc (ext forget F),lexical_candidate_only
injectives,71,section,015U,derived-equation-commute-gr,derived.tex,8452,equation,Filtered derived category and injective resolutions,egin equation ext gr p irc RT ong RT irc ext gr p,lexical_candidate_only
injectives,71,section,015T,derived-equation-decompose,derived.tex,8418,equation,Filtered derived category and injective resolutions,"egin equation I ong igoplus p Z I p, with F pI = igoplus q p I q",lexical_candidate_only
injectives,71,section,05U2,derived-equation-definition-filtered-derived-functor,derived.tex,8442,equation,Filtered derived category and injective resolutions,egin equation RT = T ext irc j'.,lexical_candidate_only
injectives,71,section,05U0,derived-equation-extend-T,derived.tex,8428,equation,Filtered derived category and injective resolutions,egin equation T ext : I f o ext Fil f( B ),lexical_candidate_only
injectives,71,section,05U1,derived-equation-extend-T-complexes,derived.tex,8436,equation,Filtered derived category and injective resolutions,egin equation T ext : K + ( I f) o K + (ext Fil f( B )),lexical_candidate_only
injectives,71,section,015S,derived-equation-filtered-derived-functor,derived.tex,8399,equation,Filtered derived category and injective resolutions,egin equation RT : DF + ( A ) DF + ( B ),lexical_candidate_only
injectives,71,section,05TZ,derived-equation-induced-T-filtered,derived.tex,8382,equation,Filtered derived category and injective resolutions,egin equation T : K + (ext Fil f( A )) K + (ext Fil f( B )),lexical_candidate_only
injectives,71,section,013Q,derived-equation-qis,derived.tex,6448,equation,Injective resolutions,egin equation (d n - 1 (K n - 1 )) = (K n) ap d n - 1 (L n - 1 ),lexical_candidate_only
injectives,71,section,05TI,derived-lemma-enough-injectives-right-derived,derived.tex,6980,lemma,Right derived functors and injective resolutions,egin lemma Let A be an abelian category with enough injectives. egin enumerate For any exact functor F : K + ( A ) o D into a triangulated category D the right derived functor RF : D + ( A ) D is everywhere defined. For any additive functor F : A o B into an abelian category B th,lexical_candidate_only
injectives,71,section,015B,derived-lemma-higher-derived-functors,derived.tex,7048,lemma,Right derived functors and injective resolutions,egin lemma Let A be an abelian category with enough injectives. Let F : A o B be a left exact functor. egin enumerate For any short exact sequence 0 o A ullet o B ullet o C ullet o 0 of complexes in ext Comp + ( A ) there is an associated long exact sequence o H i(RF(A ullet)) o ,lexical_candidate_only
injectives,71,section,013T,derived-lemma-injective-resolution-ses,derived.tex,6571,lemma,Injective resolutions,egin lemma Let A be an abelian category. Assume A has enough injectives. For any short exact sequence 0 o A ullet o B ullet o C ullet o 0 of ext Comp + ( A ) there exists a commutative diagram in ext Comp + ( A ) 0 A ullet B ullet C ullet 0 \\ 0 I 1 ullet I 2 ullet I 3 ullet 0 wh,lexical_candidate_only
injectives,71,section,0159,derived-lemma-right-derived-properties,derived.tex,7012,lemma,Right derived functors and injective resolutions,egin lemma Let A be an abelian category with enough injectives. Let F : A o B be an additive functor. egin enumerate The functor RF is an exact functor D + ( A ) o D + ( B ) . The functor RF induces an exact functor K + ( A ) o D + ( B ) . The functor RF induces a elta -functor e,lexical_candidate_only
injectives,71,section,015W,derived-lemma-ss-filtered-derived,derived.tex,8484,lemma,Filtered derived category and injective resolutions,"egin lemma Let A , B be abelian categories. Let T : A o B be a left exact functor. Assume A has enough injectives. Let (K ullet, F) be an object of ext Comp + (ext Fil f( A )) . There exists a spectral sequence (E r, d r) r 0 consisting of bigraded objects E r of B and d r of bid",lexical_candidate_only
injectives,71,section,05TF,derived-remark-easier-proofs,derived.tex,6351,remark,Injective resolutions,"egin remark Let A be an abelian category. Using the fact that K( A ) is a triangulated category we may use Lemma ef lemma-acyclic-is-zero to obtain proofs of some of the lemmas below which are usually proved by chasing through diagrams. Namely, suppose that : K ullet o L ullet is",lexical_candidate_only
injectives,71,section,015R,derived-remark-filtered-localization-big,derived.tex,8353,remark,Filtered derived category and injective resolutions,"egin remark We can invert the arrow of the lemma only if A is a category in our sense, namely if it has a set of objects. However, suppose given a big abelian category A with enough injectives, such as extit Mod ( O X) for example. Then for any given set of objects \ A i\ i I the",lexical_candidate_only
injectives,71,section,015X,derived-remark-final-functorial,derived.tex,8559,remark,Filtered derived category and injective resolutions,"egin remark As promised in Remark ef remark-functorial-ss we discuss the connection of the lemma above with the constructions using Cartan-Eilenberg resolutions. Namely, let T : A o B be a left exact functor of abelian categories, assume A has enough injectives, and let K ullet b",lexical_candidate_only
injectives,71,section,070P,sites-cohomology-equation-into-candidate-K-injective,sites-cohomology.tex,5579,equation,Producing K-injective resolutions,egin equation F ullet o I ullet,lexical_candidate_only
injectives,71,section,070Q,sites-cohomology-lemma-K-injective,sites-cohomology.tex,5586,lemma,Producing K-injective resolutions,"egin lemma In the situation described above. Denote H m = H m( F ullet) the m th cohomology sheaf. Let B ( C ) be a subset. Let d N . Assume egin enumerate every object of C has a covering whose members are elements of B , for every U B we have H p(U, H q) = 0 for p > d and q < 0",lexical_candidate_only
injectives,71,section,08CT,sites-cohomology-lemma-inverse-limit-complexes,sites-cohomology.tex,5617,lemma,Producing K-injective resolutions,"egin lemma Let ( C , O ) be a ringed site. Let ( F n ullet) be an inverse system of complexes of O -modules. Let m Z . Suppose given B ( C ) and an integer n 0 such that egin enumerate every object of C has a covering whose members are elements of B , for every U B egin enumerate",lexical_candidate_only
injectives,22,text,0704,adequate-lemma-pure-injective-resolutions,adequate.tex,2644,lemma,Pure extensions,egin lemma Let A be a ring. egin enumerate Any A -module has a pure injective resolution. Let M o N be a map of A -modules. Let M o M ullet be a universally exact resolution and let N o I ullet be a pure injective resolution. egin enumerate There exists a map of complexes M ullet,lexical_candidate_only
injectives,22,text,09TK,spaces-perfect-lemma-flat-pullback-injective-quasi-coherent,spaces-perfect.tex,2681,lemma,The coherator for Noetherian spaces,"egin lemma Let S be a scheme. Let f : X o Y be a flat, quasi-compact, and quasi-separated morphism of algebraic spaces over S . If J is an injective object of ( O X) , then f * J is an injective object of ( O Y) .",lexical_candidate_only
injectives,21,text,0705,adequate-definition-pure-ext,adequate.tex,2682,definition,Pure extensions,"egin definition Let A be a ring and let M , N be A -modules. The i th pure extension module ext Pext i A(M, N) is the i th cohomology module of the complex om A(M, I ullet) where I ullet is a pure injective resolution of N .",lexical_candidate_only
injectives,21,text,0702,adequate-definition-pure-resolution,adequate.tex,2569,definition,Pure extensions,egin definition Let A be a ring. Let M be an A -module. egin enumerate A pure projective resolution P ullet o M is a universally exact sequence o P 1 o P 0 o M o 0 with each P i pure projective. A pure injective resolution M o I ullet is a universally exact sequence 0 o M o I 0 o,lexical_candidate_only
injectives,21,text,0708,adequate-lemma-pure-injective-injective-adequate,adequate.tex,2738,lemma,Higher exts of quasi-coherent sheaves on the big site,egin lemma Let A be a ring. Let A be the category of adequate functors on extit Alg A . The injective objects of A are exactly the functors nderline I where I is a pure injective A -module.,lexical_candidate_only
injectives,21,text,06ZA,adequate-lemma-tangent-injective,adequate.tex,978,lemma,Higher exts of adequate functors,"egin lemma Let A be a ring. Let I be an injective object of the category of module-valued functors. Then for any B (extit Alg A) and short exact sequence 0 o N 1 o N o N 2 o 0 of B -modules the sequence TI(B, N 1) o TI(B, N) o TI(B, N 2) o 0 is exact.",lexical_candidate_only
injectives,21,text,0707,adequate-section-big,adequate.tex,2727,section,Higher exts of quasi-coherent sheaves on the big site,Higher exts of quasi-coherent sheaves on the big site It turns out that the module-valued functor nderline I associated to a pure injective module I gives rise to an injective object in the category of adequate funct,lexical_candidate_only
injectives,21,text,01F0,cohomology-remark-elucidate-lemma,cohomology.tex,2147,remark,The Leray spectral sequence,"egin remark Here is a down-to-earth explanation of the meaning of Lemma ef lemma-before-Leray . It says that given f : X o Y and F extit Mod ( O X) and given an injective resolution F o I ullet we have egin matrix R (X, F ) ext is represented by (X, I ullet) \\ Rf * F ext is repr",lexical_candidate_only
injectives,21,text,015M,derived-lemma-compose-derived-functors,derived.tex,7293,lemma,Composition of right derived functors,"egin lemma Let A , B , C be abelian categories. Let F : A o B and G : B o C be left exact functors. Assume A , B have enough injectives. The following are equivalent egin enumerate F(I) is right acyclic for G for each injective object I of A , and the canonical map t : R(G irc F)",lexical_candidate_only
injectives,21,text,06XR,derived-lemma-compute-ext-resolutions,derived.tex,8682,lemma,Ext groups,"egin lemma Let A be an abelian category. Let X ullet, Y ullet (K( A )) . egin enumerate Let Y ullet o I ullet be an injective resolution (Definition ef definition-injective-resolution ). Then i A (X ullet, Y ullet) = om K( A ) (X ullet, I ullet[i]). Let P ullet o X ullet be a pro",lexical_candidate_only
injectives,21,text,013V,derived-proposition-derived-category,derived.tex,7378,proposition,Resolution functors,"egin proposition Let A be an abelian category. Assume A has enough injectives. Denote I A the strictly full additive subcategory whose objects are the injective objects of A . The functor K + ( I ) D + ( A ) is exact, fully faithful and essentially surjective, i.e., an equivalenc",lexical_candidate_only
injectives,21,text,03OR,etale-cohomology-lemma-hom-injective,etale-cohomology.tex,1702,lemma,Cech cohomology,"egin lemma Notation and assumptions as in Definition ef definition-cech-complex . If I is an injective object of extit PAb ( C ) , then heck H p( U , I ) = 0 for all p > 0 .",lexical_candidate_only
injectives,21,text,03QB,etale-cohomology-lemma-prepare-leray,etale-cohomology.tex,8146,lemma,The Leray spectral sequence,"egin lemma Let f: X o Y be a morphism and I an injective object of extit Ab (X ) . Let V (Y ) . Then egin enumerate for any covering V = \ V jo V\ j J we have heck H p( V , f * I ) = 0 for all p > 0 , f * I is acyclic for the functor (V, -) , and if g : Y o Z , then f * I is acyc",lexical_candidate_only
injectives,21,text,03QA,etale-cohomology-section-leray,etale-cohomology.tex,8143,section,The Leray spectral sequence,The Leray spectral sequence egin lemma Let f: X o Y be a morphism and I an injective object of extit Ab (X ) . Let V (Y ) . Then egin,lexical_candidate_only
injectives,21,text,028A,exercises-definition-injective-filtered,exercises.tex,2415,definition,Filtered derived category,egin definition Let A be an abelian category. Let I be a filtered object of A . Assume the filtration on I is finite. We say I is filtered injective if each ext gr p(I) is an injective object of A .,lexical_candidate_only
injectives,21,text,028J,exercises-exercise-acyclic-is-zero,exercises.tex,2537,exercise,Filtered derived category,"egin exercise Let A be an abelian category. Let K ullet , K ullet be complexes of ext Fil f( A ) . Assume egin enumerate K ullet bounded below and filtered acyclic, and I ullet bounded below and consisting of filtered injective objects. Then any morphism K ullet o I ullet is homo",lexical_candidate_only
injectives,21,text,028C,exercises-exercise-inject-into-injective,exercises.tex,2437,exercise,Filtered derived category,egin exercise Let A be an abelian category. Assume A has enough injectives. Let A be an object of ext Fil f( A ) . Show that there exists a strict monomorphism : A o I of A into a filtered injective object I of ext Fil f( A ) .,lexical_candidate_only
injectives,21,text,028K,exercises-exercise-morphisms-equal-up-to-homotopy,exercises.tex,2549,exercise,Filtered derived category,"egin exercise Let A be an abelian category. Consider a solid diagram K ullet L ullet --> [dl] eta i \\ I ullet of complexes of ext Fil f( A ) . Assume K ullet , L ullet and I ullet bounded below and each I n a filtered injective object. Also assume a filtered quasi-isomorphism. A",lexical_candidate_only
injectives,21,text,028I,exercises-exercise-morphisms-lift,exercises.tex,2515,exercise,Filtered derived category,"egin exercise Let A be an abelian category. Consider a solid diagram K ullet L ullet --> [dl] eta \\ I ullet of complexes of ext Fil f( A ) . Assume K ullet , L ullet and I ullet are bounded below and assume each I n is a filtered injective object. Also assume that is a filtered ",lexical_candidate_only
injectives,21,text,0288,exercises-exercise-split-injective,exercises.tex,2370,exercise,Filtered derived category,egin exercise Let A be an abelian category. Let I be a filtered object of A . Assume that the filtration on I is finite and that each ext gr p(I) is an injective object of A . Show that there exists an isomorphism I ong igoplus ext gr p(I) with filtration F p(I) corresponding to ,lexical_candidate_only
injectives,21,text,0138,homology-definition-enough-injectives,homology.tex,7130,definition,Injectives,egin definition Let A be an abelian category. We say A has enough injectives if every object A has an injective morphism A o J into an injective object J .,lexical_candidate_only
injectives,21,text,0137,homology-lemma-product-injectives,homology.tex,7118,lemma,Injectives,"egin lemma Let A be an abelian category. Suppose I , is a set of injective objects of A . If I exists then it is injective.",lexical_candidate_only
injectives,21,text,079P,injectives-theorem-K-injective-embedding-grothendieck,injectives.tex,1807,theorem,K-injectives in Grothendieck categories,egin theorem egin slogan Existence of K-injective complexes for Grothendieck abelian categories. Let A be a Grothendieck abelian category. For every complex M ullet there exists a quasi-isomorphism M ullet o I ullet such that M n o I n is injective and I n is an injective object ,lexical_candidate_only
injectives,21,text,01D7,more-algebra-lemma-injective-abelian,more-algebra.tex,13553,lemma,Injective abelian groups,egin lemma An abelian group J is an injective object in the category of abelian groups if and only if J is divisible.,lexical_candidate_only
injectives,21,text,09T2,perfect-lemma-injective-quasi-coherent-sheaf-Noetherian,perfect.tex,1735,lemma,The coherator for Noetherian schemes,egin lemma Let X be a Noetherian scheme. Let J be an injective object of ( O X) . Then J is a flasque sheaf of O X -modules.,lexical_candidate_only
injectives,21,text,0FSP,sdga-definition-graded-injective,sdga.tex,3503,definition,K-injective differential graded modules,"egin definition Let ( C , O ) be a ringed site. Let ( A , ext d ) be a sheaf of differential graded algebras on ( C , O ) . A diffential graded A -module I is said to be graded injective This may be nonstandard terminology. if M viewed as a graded A -module is an injective object",lexical_candidate_only
injectives,21,text,0FSW,sdga-lemma-first-property-dg-injective,sdga.tex,3778,lemma,K-injective differential graded modules,"egin lemma Let ( C , O ) be a ringed site. Let ( A , ext d ) be a sheaf of differential graded algebras on ( C , O ) . Let I be a K-injective and graded injective object of extit Mod ( A , ext d ) . For every solid diagram in extit Mod ( A , ext d ) M a b I \\ M ' ..> [ru] where ",lexical_candidate_only
injectives,21,text,0FSX,sdga-lemma-second-property-dg-injective,sdga.tex,3807,lemma,K-injective differential graded modules,"egin lemma Let ( C , O ) be a ringed site. Let ( A , ext d ) be a sheaf of differential graded algebras on ( C , O ) . Let I be a K-injective and graded injective object of extit Mod ( A , ext d ) . For every solid diagram in extit Mod ( A , ext d ) M a b I \\ M ' ..> [ru] where ",lexical_candidate_only
injectives,21,text,072Z,sites-cohomology-lemma-direct-image-injective-sheaf,sites-cohomology.tex,2212,lemma,The Leray spectral sequence,"egin lemma Let f : ( ( C ), O C ) o ( ( D ), O D ) be a morphism of ringed topoi. Then for any injective object I in extit Mod ( O C ) the pushforward f * I is totally acyclic.",lexical_candidate_only
injectives,21,text,03FC,sites-cohomology-lemma-injective-module-trivial-cech,sites-cohomology.tex,1816,lemma,Cohomology of modules,"egin lemma Let ( C , O ) be a ringed site. Let U = \ U i o U\ i I be a covering of C . Let I be an injective O -module, i.e., an injective object of extit Mod ( O ) . Then heck H p( U , I ) = \ egin matrix I (U) ext if p = 0 \\ 0 ext if p > 0 ight.",lexical_candidate_only
injectives,21,text,03AW,sites-cohomology-lemma-injective-trivial-cech,sites-cohomology.tex,1334,lemma,Cech cohomology and cohomology,"egin lemma Let C be a site. Let U = \ U i o U\ i I be a covering of C . Let I be an injective abelian sheaf, i.e., an injective object of extit Ab ( C ) . Then heck H p( U , I ) = \ egin matrix I (U) ext if p = 0 \\ 0 ext if p > 0 ight.",lexical_candidate_only
injectives,21,text,09TI,spaces-perfect-lemma-affine-injective-colimit-direct-sum-pushforwards-artin,spaces-perfect.tex,2614,lemma,The coherator for Noetherian spaces,egin lemma Let S be a Noetherian affine scheme. Every injective object of ( O S) is a filtered colimit olim i F i of quasi-coherent sheaves of the form F i = (Z i o S) * G i where Z i is the spectrum of an Artinian ring and G i is a coherent module on Z i .,lexical_candidate_only
injectives,21,text,09TJ,spaces-perfect-lemma-injective-colimit-direct-sum-pushforwards-artin,spaces-perfect.tex,2651,lemma,The coherator for Noetherian spaces,egin lemma Let S be an affine scheme. Let X be a Noetherian algebraic space over S . Every injective object of ( O X) is a direct summand of a filtered colimit olim i F i of quasi-coherent sheaves of the form F i = (Z i o X) * G i where Z i is the spectrum of an Artinian ring and,lexical_candidate_only
injectives,21,text,09TL,spaces-perfect-lemma-injective-pushforward,spaces-perfect.tex,2700,lemma,The coherator for Noetherian spaces,"egin lemma Let S be a scheme. Let X be a Noetherian algebraic space over S . If J is an injective object of ( O X) , then egin enumerate H p(U, J | U) = 0 for p > 0 and for every quasi-compact and quasi-separated algebraic space U etale over X , for any morphism f : X o Y of alge",lexical_candidate_only
injectives,21,text,03TB,trace-lemma-filtered-derived-category,trace.tex,664,lemma,Filtered derived category,"egin lemma If A has enough injectives, then DF +( A ) ong K +( I ) , where I is the full additive subcategory of ext Fil f( A ) consisting of filtered injective objects. Similarly, if A has enough projectives, then DF -( A ) ong K -( P ) , where P is the full additive subcategory",lexical_candidate_only
grothendieck-category,188,label;section;text,0FXA,derived-lemma-classical-generator-strong-generator,derived.tex,11069,lemma,Generators of triangulated categories,"egin lemma Let D be a triangulated category which has a strong generator. Let E be an object of D . If E is a classical generator of D , then E is a strong generator.",lexical_candidate_only
grothendieck-category,187,label;section;text,09SL,derived-lemma-classical-generator-generator,derived.tex,11053,lemma,Generators of triangulated categories,"egin lemma Let D be a triangulated category. Let E be an object of D . If E is a classical generator of D , then E is a generator.",lexical_candidate_only
grothendieck-category,185,label;section;text,09SI,derived-section-generators,derived.tex,10902,section,Generators of triangulated categories,Generators of triangulated categories In this section we briefly introduce a few of the different notions of a generator for a triangulated category. Our terminology is taken from ite BvdB (except,lexical_candidate_only
grothendieck-category,185,label;section;text,0FXM,more-algebra-proposition-regular-strong-generator,more-algebra.tex,20883,proposition,Strong generators and regular rings,"egin proposition Let R be a Noetherian ring. The following are equivalent egin enumerate R is regular of finite dimension, D perf (R) has a strong generator, and R is a strong generator for D perf (R) .",lexical_candidate_only
grothendieck-category,185,label;section;text,0A9V,perfect-lemma-generator-P1,perfect.tex,4155,lemma,An example generator,"egin lemma Let A be a ring. Let X = P n A . Then E = O X O X(-1) O X(-n) is a generator (Derived Categories, Definition ef derived-definition-generators ) of D (X) .",lexical_candidate_only
grothendieck-category,184,label;section;text,09SJ,derived-definition-generators,derived.tex,11013,definition,Generators of triangulated categories,"egin definition Let D be a triangulated category. Let E be an object of D . egin enumerate We say E is a classical generator of D if the smallest strictly full, saturated, triangulated subcategory of D containing E is equal to D , in other words, if E angle = D . We say E is a st",lexical_candidate_only
grothendieck-category,184,label;section;text,0FXL,more-algebra-lemma-regular-strong-generator,more-algebra.tex,20820,lemma,Strong generators and regular rings,egin lemma Let R be a Noetherian regular ring of finite dimension. Then R is a strong generator for the full subcategory D perf (R) D(R) of perfect objects.,lexical_candidate_only
grothendieck-category,184,label;section;text,0FXG,more-algebra-section-strong-generators-regular,more-algebra.tex,20650,section,Strong generators and regular rings,Strong generators and regular rings Let R be a ring. Denote D(R) c the saturated full triangulated subcategory of D(R) . We already know that R angle = D perf (R) =,lexical_candidate_only
grothendieck-category,184,label;section;text,0BQT,perfect-remark-pullback-generator,perfect.tex,4196,remark,An example generator,"egin remark Let f : X o Y be a morphism of quasi-compact and quasi-separated schemes. Let E D ( O Y) be a generator (see Theorem ef theorem-bondal-van-den-Bergh ). Then the following are equivalent egin enumerate for K D ( O X) we have Rf *K = 0 if and only if K = 0 , Rf * : D ( ",lexical_candidate_only
grothendieck-category,184,label;section;text,0BQQ,perfect-section-example-generator,perfect.tex,4056,section,An example generator,"An example generator In this section we prove that the derived category of projective space over a ring is generated by a vector bundle, in fact a direct sum of shifts of the s",lexical_candidate_only
grothendieck-category,163,label;section,0ATH,derived-remark-check-on-generator,derived.tex,11095,remark,Generators of triangulated categories,"egin remark Let D be a triangulated category. Let E be an object of D . Let T be a property of objects of D . Suppose that egin enumerate if K i D , i = 1, , r with T(K i) for i = 1, , r , then T(igoplus K i) , if K o L o M o K[1] is a distinguished triangle and T holds for two, ",lexical_candidate_only
grothendieck-category,116,label;text,09SR,derived-proposition-generator-versus-classical-generator,derived.tex,11278,proposition,Compact objects,"egin proposition Let D be a triangulated category with direct sums. Let E be a compact object of D . The following are equivalent egin enumerate E is a classical generator for D c and D is compactly generated, and E is a generator for D .",lexical_candidate_only
grothendieck-category,114,label;text,0GEG,perfect-remark-classical-generator-with-support,perfect.tex,4343,remark,Compact and perfect objects,"egin remark Let X be a quasi-compact and quasi-separated scheme. Let T X be a closed subset such that X T is quasi-compact. Let G be a perfect object of D , T ( O X) which is a generator for D , T ( O X) . By Lemma ef lemma-generator-with-support there is at least one of these. C",lexical_candidate_only
grothendieck-category,114,label;text,0GFD,spaces-perfect-remark-classical-generator-with-support,spaces-perfect.tex,3981,remark,Compact and perfect objects,"egin remark Let S be a scheme. Let X be a quasi-compact and quasi-separated algebraic space over S . Let T |X| be a closed subset such that |X| T is quasi-compact. Let G be a perfect object of D , T ( O X) which is a generator for D , T ( O X) . By Lemma ef lemma-generator-with-s",lexical_candidate_only
grothendieck-category,113,label;text,0EJN,algebraization-proposition-d-generators,algebraization.tex,7584,proposition,"Algebraization of coherent formal modules, V","egin proposition [Algebraization for ideals with few generators] In Situation ef situation-algebraize let ( F n) be an object of extit Coh (U, I O U) . Assume egin enumerate A has a dualizing complex, V(I) = V(f 1, , f d) for some d 1 and f 1, , f d A , one of the following is tr",lexical_candidate_only
grothendieck-category,113,label;text,07GP,dpa-lemma-check-on-generators,dpa.tex,151,lemma,Divided powers,"egin lemma Let A be a ring. Let I be an ideal of A . Let n : I o I , n 1 be a sequence of maps. Assume egin enumerate (1), (3), and (4) of Definition ef definition-divided-powers hold for all x, y I , and properties (2) and (5) hold for x in some set of generators of I as an idea",lexical_candidate_only
grothendieck-category,113,label;text,0FZ6,equiv-lemma-smooth-proper-strong-generator,equiv.tex,1778,lemma,Resolutions and bounds,egin lemma Let k be a field. Let X be a scheme proper and smooth over k . Then D perf ( O X) has a strong generator.,lexical_candidate_only
grothendieck-category,113,label;text,0ATI,more-algebra-lemma-perfect-ring-classical-generator,more-algebra.tex,20288,lemma,Characterizing perfect complexes,"egin lemma Let R be a ring. The full subcategory D perf (R) D(R) of perfect objects is the smallest strictly full, saturated, triangulated subcategory containing R = R[0] . In other words D perf (R) = R angle . In particular, R is a classical generator for D perf (R) .",lexical_candidate_only
grothendieck-category,113,label;text,0GEF,perfect-remark-classical-generator,perfect.tex,4289,remark,Compact and perfect objects,egin remark Let X be a quasi-compact and quasi-separated scheme. Let G be a perfect object of D( O X) which is a generator for D ( O X) . By Theorem ef theorem-bondal-van-den-Bergh there is at least one of these. Combining Lemma ef lemma-quasi-coherence-direct-sums with Propositi,lexical_candidate_only
grothendieck-category,113,label;text,0GFC,spaces-perfect-remark-classical-generator,spaces-perfect.tex,3924,remark,Compact and perfect objects,egin remark Let S be a scheme. Let X be a quasi-compact and quasi-separated algebraic space over S . Let G be a perfect object of D( O X) which is a generator for D ( O X) . By Theorem ef theorem-bondal-van-den-Bergh there is at least one of these. Combining Lemma ef lemma-quasi-,lexical_candidate_only
grothendieck-category,113,label;text,0E4R,spaces-perfect-remark-pullback-generator,spaces-perfect.tex,3747,remark,Generating derived categories,egin remark Let S be a scheme. Let f : X o Y be a morphism of quasi-compact and quasi-separated algebraic spaces over S . Let E D ( O Y) be a generator (see Theorem ef theorem-bondal-van-den-Bergh ). Then the following are equivalent egin enumerate for K D ( O X) we have Rf *K = ,lexical_candidate_only
grothendieck-category,93,section;text,079G,injectives-lemma-characterize-injective,injectives.tex,1454,lemma,Injectives in Grothendieck categories,"egin lemma egin slogan To check that an object is injective, one only needs to check that lifting holds for subobjects of a generator. Let A be a Grothendieck abelian category with generator U . An object I of A is injective if and only if in every commutative diagram M I \\ U --",lexical_candidate_only
grothendieck-category,93,section;text,05AB,injectives-section-grothendieck-categories,injectives.tex,1334,section,Injectives in Grothendieck categories,Injectives in Grothendieck categories The existence of a generator implies that given an object M of a Grothendieck abelian category A there is a set of subobjects. (This ma,lexical_candidate_only
grothendieck-category,92,label,07KI,crystalline-lemma-generator-completion,crystalline.tex,883,lemma,Affine crystalline site,"egin lemma In Situation ef situation-affine . Let P be a polynomial algebra over A and let P o C be a surjection of A -algebras with kernel J . Let (D, ar J, ar ) be the p -adic completion of D P, (J) . For every object (B o C, elta) of ext Cris (C/A) there exists a morphism D o ",lexical_candidate_only
grothendieck-category,92,label,07HP,crystalline-lemma-set-generators,crystalline.tex,864,lemma,Affine crystalline site,"egin lemma In Situation ef situation-affine . Let P be a polynomial algebra over A and let P o C be a surjection of A -algebras with kernel J . With (D e, ar J e, ar ) as in Lemma ef lemma-list-properties : for every object (B, J B, elta) of ext CRIS (C/A) there exists an e and a",lexical_candidate_only
grothendieck-category,92,label,0EVG,flat-example-one-generator,flat.tex,11474,example,Almost blow up squares and the h topology,egin example Let A be a ring. Let f A be an element. Let J A be a finitely generated ideal annihilated by a power of f . Then E = (A/fA + J) (A/J) = X' \\ Z = (A/fA) (A) = X is an almost blowup square.,lexical_candidate_only
grothendieck-category,92,label,0EVH,flat-example-two-generators,flat.tex,11488,example,Almost blow up squares and the h topology,"egin example Let A be a ring. Let f 1, f 2 A be elements. E = ext Proj (A/(f 1, f 2)[T 0, T 1]) ext Proj (A[T 0, T 1]/(f 2 T 0 - f 1 T 1) = X' \\ Z = (A/(f 1, f 2)) (A) = X is an almost blowup square.",lexical_candidate_only
grothendieck-category,92,section;text,079E,injectives-lemma-set-iso-classes-bounded-size,injectives.tex,1399,lemma,Injectives in Grothendieck categories,"egin lemma Let A be a Grothendieck abelian category with generator U . egin enumerate If |M| appa , then M is the quotient of a direct sum of at most appa copies of U . For every cardinal appa the isomorphism classes of objects M with |M| appa form a set.",lexical_candidate_only
grothendieck-category,92,section;text,0E8N,injectives-lemma-set-of-subobjects,injectives.tex,1342,lemma,Injectives in Grothendieck categories,"egin lemma Let A be an abelian category with a generator U and X an object of A . If appa is the cardinality of (U, X) then egin enumerate There does not exist a strictly increasing (or strictly decreasing) chain of subobjects of X indexed by a cardinal bigger than appa . If is a",lexical_candidate_only
grothendieck-category,92,section;text,079J,injectives-lemma-surjection-bounded-size,injectives.tex,1570,lemma,K-injectives in Grothendieck categories,egin lemma Let A be a Grothendieck abelian category with generator U . Let c be the function on cardinals defined by c(appa) = |igoplus appa U| . If : M o N is a surjection then there exists a subobject M' M which surjects onto N with |M'| c(|N|) .,lexical_candidate_only
grothendieck-category,92,section;text,079I,injectives-section-K-injective,injectives.tex,1558,section,K-injectives in Grothendieck categories,K-injectives in Grothendieck categories The material in this section is taken from the paper ite serpe authored by Serpe. This paper generalizes some of the results of ite Spaltenstein by Spalt,lexical_candidate_only
grothendieck-category,92,section;text,0FXH,more-algebra-lemma-ghost-lemma,more-algebra.tex,20664,lemma,Strong generators and regular rings,"egin lemma egin reference ite Kelly Let R be a ring. Let n 1 . Let K R angle n with notation as in Derived Categories, Section ef derived-section-generators . Consider maps K f 1 K 1 f 2 K 2 f 3 f n K n in D(R) . If H i(f j) = 0 for all i, j , then f n irc irc f 1 = 0 .",lexical_candidate_only
grothendieck-category,92,label,066A,more-algebra-lemma-independence-of-generators,more-algebra.tex,7712,lemma,Koszul regular sequences,"egin lemma Let R be a ring. Let I be an ideal generated by f 1, , f r R . egin enumerate If I can be generated by a quasi-regular sequence of length r , then f 1, , f r is a quasi-regular sequence. If I can be generated by an H 1 -regular sequence of length r , then f 1, , f r is",lexical_candidate_only
grothendieck-category,92,section;text,0FXI,more-algebra-lemma-not-regular-not-strong,more-algebra.tex,20711,lemma,Strong generators and regular rings,"egin lemma Let R be a Noetherian ring. If R is a strong generator for D perf (R) , then R is regular of finite dimension.",lexical_candidate_only
grothendieck-category,92,label,0CS8,perfect-equation-generator-Pn,perfect.tex,4703,equation,An example equivalence,egin equation P = O X O X(-1) O X(-n),lexical_candidate_only
grothendieck-category,92,label,0A9A,perfect-lemma-generator-with-support,perfect.tex,3968,lemma,Generating derived categories,"egin lemma egin reference ite[Theorem 6.8] Rouquier-dimensions Let X be a quasi-compact and quasi-separated scheme. Let T X be a closed subset such that X T is quasi-compact. With notation as above, the category D , T ( O X) is generated by a single perfect object.",lexical_candidate_only
grothendieck-category,92,label,,pione-lemma-fundamental-group-smooth-proper-curve-generators,pione.tex,7264,lemma,Specialization maps in the smooth proper case,"egin lemma egin reference ite[Expose 182, Corollaire 3, p. 217] FGA Let k be an algebraically closed field. Let X be a smooth proper connected curve over k of genus g . There exist elements a 1, b 1, , a g, b g 1(X) which topologically generate 1(X) and satisfy [a 1, b 1] dots [a",lexical_candidate_only
grothendieck-category,92,label,094B,sites-cohomology-lemma-compact-in-terms-of-generators,sites-cohomology.tex,13934,lemma,Compact objects,"egin lemma Let A be a Grothendieck abelian category. Let S ( A ) be a set of objects such that egin enumerate any object of A is a quotient of a direct sum of elements of S , and for any E S the functor om A (E, -) commutes with direct sums. Then every compact object of D( A ) is",lexical_candidate_only
grothendieck-category,92,label,07FL,smoothing-item-generators,smoothing.tex,2692,item,Inseparable residue fields,"k is a field of characteristic p > 0 , is Noetherian and geometrically regular over k , q is minimal over h A . Then k o A o q can be resolved. egin proof The lemma is proven by the following steps in the given order. We will justify each of these steps below. egin enumerate Pick",lexical_candidate_only
grothendieck-category,92,label,07EY,smoothing-lemma-standard-smooth-include-generators,smoothing.tex,694,lemma,Presentations of algebras,"egin lemma Let R o A be a standard smooth ring map. Let E A be a finite subset of order |E| = n . Then there exists a presentation A = R[x 1, , x n + m ]/(f 1, , f c) with c n , with et( f j/ x i) i, j = 1, , c invertible in A , and such that E is the set of congruence classes of",lexical_candidate_only
grothendieck-category,92,label,0780,spaces-groupoids-lemma-set-generators,spaces-groupoids.tex,1606,lemma,Crystals in quasi-coherent sheaves,"egin lemma Let B o S as in Section ef section-notation . Let (U, R, s, t, c) be a groupoid in algebraic spaces over B . If s , t are flat, then there exists a set T and a family of objects ( F t, t) t T of (U, R, s, t, c) such that every object ( F , ) is the directed colimit of ",lexical_candidate_only
grothendieck-category,92,label,0AEC,spaces-perfect-lemma-generator-with-support,spaces-perfect.tex,3780,lemma,Generating derived categories,"egin lemma Let S be a scheme. Let X be a quasi-compact and quasi-separated algebraic space over S . Let T |X| be a closed subset such that |X| T is quasi-compact. With notation as above, the category D , T ( O X) is generated by a single perfect object.",lexical_candidate_only
grothendieck-category,71,section,0ATG,derived-lemma-find-smallest-containing-E,derived.tex,10975,lemma,Generators of triangulated categories,"egin lemma Let D be a triangulated category. Let E be an object of D . The subcategory E angle = igcup n E angle n = igcup n, m 1 smd(add(E[-m, m]) n ) is a strictly full, saturated, triangulated subcategory of D and it is the smallest such subcategory of D containing the object ",lexical_candidate_only
grothendieck-category,71,section,0FX9,derived-lemma-generated-by-E-explicit,derived.tex,10949,lemma,Generators of triangulated categories,"egin lemma Let T be a triangulated category. Let E be an object of T . For n 1 we have E angle n = smd( E angle 1 E angle 1) = smd( E angle 1 n ) = igcup m 1 smd(add(E[-m, m]) n ) For n, n' 1 we have E angle n + n' = smd( E angle n E angle n' ) .",lexical_candidate_only
grothendieck-category,71,section,09SK,derived-lemma-right-orthogonal,derived.tex,11034,lemma,Generators of triangulated categories,"egin lemma Let D be a triangulated category. Let E, K be objects of D . The following are equivalent egin enumerate om(E, K[i]) = 0 for all i Z , om(E', K) = 0 for all E' E angle .",lexical_candidate_only
grothendieck-category,71,section,079C,injectives-definition-size,injectives.tex,1380,definition,Injectives in Grothendieck categories,egin definition Let A be a Grothendieck abelian category. Let M be an object of A . The size |M| of M is the cardinality of the set of subobjects of M .,lexical_candidate_only
grothendieck-category,71,section,079K,injectives-lemma-acyclic-quotient-complexes-bounded-size,injectives.tex,1591,lemma,K-injectives in Grothendieck categories,"egin lemma Let A be a Grothendieck abelian category. There exists a cardinal appa such that given any acyclic complex M ullet we have egin enumerate if M ullet is nonzero, there is a nonzero subcomplex N ullet which is bounded above, acyclic, and |N n| appa , there exists a surje",lexical_candidate_only
grothendieck-category,71,section,079L,injectives-lemma-characterize-K-injective,injectives.tex,1633,lemma,K-injectives in Grothendieck categories,"egin lemma Let A be a Grothendieck abelian category. Let appa be a cardinal as in Lemma ef lemma-acyclic-quotient-complexes-bounded-size . Suppose that I ullet is a complex such that egin enumerate each I j is injective, and for every bounded above acyclic complex M ullet such th",lexical_candidate_only
grothendieck-category,71,section,079M,injectives-lemma-functorial-homotopies,injectives.tex,1705,lemma,K-injectives in Grothendieck categories,egin lemma Let A be a Grothendieck abelian category. Let (K i ullet) i I be a set of acyclic complexes. There exists a functor M ullet M ullet(M ullet) and a natural transformation j M ullet : M ullet o M ullet(M ullet) such egin enumerate j M ullet is a (termwise) injective quas,lexical_candidate_only
grothendieck-category,71,section,079N,injectives-lemma-functorial-injective,injectives.tex,1743,lemma,K-injectives in Grothendieck categories,"egin lemma Let A be a Grothendieck abelian category. There exists a functor M ullet N ullet(M ullet) and a natural transformation j M ullet : M ullet o N ullet(M ullet) such egin enumerate j M ullet is a (termwise) injective quasi-isomorphism, and for every n Z the map M n o N n(",lexical_candidate_only
grothendieck-category,71,section,079D,injectives-lemma-size-goes-down,injectives.tex,1388,lemma,Injectives in Grothendieck categories,"egin lemma Let A be a Grothendieck abelian category. If 0 o M' o M o M'' o 0 is a short exact sequence of A , then |M'|, |M''| |M| .",lexical_candidate_only
grothendieck-category,71,section,079F,injectives-proposition-objects-are-small,injectives.tex,1417,proposition,Injectives in Grothendieck categories,"egin proposition Let A be a Grothendieck abelian category. Let M be an object of A . Let appa = |M| . If is an ordinal whose cofinality is bigger than appa , then M is -small with respect to injections.",lexical_candidate_only
grothendieck-category,71,section,079P,injectives-theorem-K-injective-embedding-grothendieck,injectives.tex,1807,theorem,K-injectives in Grothendieck categories,egin theorem egin slogan Existence of K-injective complexes for Grothendieck abelian categories. Let A be a Grothendieck abelian category. For every complex M ullet there exists a quasi-isomorphism M ullet o I ullet such that M n o I n is injective and I n is an injective object ,lexical_candidate_only
grothendieck-category,71,section,079H,injectives-theorem-injective-embedding-grothendieck,injectives.tex,1499,theorem,Injectives in Grothendieck categories,egin theorem Let A be a Grothendieck abelian category. Then A has functorial injective embeddings.,lexical_candidate_only
grothendieck-category,71,section,0FXJ,more-algebra-lemma-ext-regular,more-algebra.tex,20767,lemma,Strong generators and regular rings,"egin lemma Let R be a Noetherian regular ring of dimension d < . Let K, L D -(R) . Assume there exists an k such that H i(K) = 0 for i k and H i(L) = 0 for i k - d + 1 . Then om D(R) (K, L) = 0 .",lexical_candidate_only
grothendieck-category,71,section,0FXK,more-algebra-lemma-split-complex-regular,more-algebra.tex,20800,lemma,Strong generators and regular rings,"egin lemma Let R be a Noetherian regular ring of dimension 1 d < . Let K D(R) be perfect and let k Z such that H i(K) = 0 for i = k - d + 2, , k (empty condition if d = 1 ). Then K = au k - d + 1 K au k + 1 K .",lexical_candidate_only
grothendieck-category,71,section,0BQS,perfect-lemma-construct-the-next-one,perfect.tex,4110,lemma,An example generator,egin lemma Let A be a ring. Let X = P n A . For every a Z there exists an exact complex 0 o O X(a) o o O X(a + i) n + 1 hoose i o o O X(a + n + 1) o 0 of vector bundles on X .,lexical_candidate_only
grothendieck-category,71,section,0BQR,perfect-lemma-nonzero-some-cohomology,perfect.tex,4068,lemma,An example generator,"egin lemma Let X be a scheme and L an ample invertible O X -module. If K is a nonzero object of D ( O X) , then for some n 0 and p Z the cohomology group H p(X, K O X L L n ) is nonzero.",lexical_candidate_only
grothendieck-category,23,text,09SS,dga-remark-tilting-equivalence,dga.tex,6567,remark,Equivalences of derived categories,"egin remark In Lemma ef lemma-tilting-equivalence we can replace condition (2) by the condition that N is a classical generator for D compact (B, d) , see Derived Categories, Proposition ef derived-proposition-generator-versus-classical-generator . Moreover, if we knew that Rom(N",lexical_candidate_only
grothendieck-category,22,text,04VX,algebra-lemma-relations,algebra.tex,26023,lemma,Epimorphisms of rings,"egin lemma Let R be a ring. Let M , N be R -modules. Let \ x i\ i I be a set of generators of M . Let \ y j\ j J be a set of generators of N . Let \ m j\ j J be a family of elements of M with m j = 0 for all but finitely many j . Then j J m j y j = 0 ext in M R N is equivalent to",lexical_candidate_only
grothendieck-category,22,text,0EJQ,algebraization-remark-question,algebraization.tex,7687,remark,"Algebraization of coherent formal modules, V","egin remark We are unable to prove or disprove the analogue of Proposition ef proposition-d-generators where the assumption that I has d generators is replaced with the assumption ext cd (A, I) d . If you know a proof or have a counter example, please email mailto:stacks.project@",lexical_candidate_only
grothendieck-category,21,text,0G35,algebra-lemma-check-differential-operators,algebra.tex,34999,lemma,Finite order differential operators,"egin lemma Let A o B be a ring map. Let g i B , i I be a set of generators for B as an A -algebra. Let M, N be B -modules. Let D : M o N be an A -linear map. In order to show that D is a differential operator of order k it suffices to show that D irc g i - g i irc D is a differen",lexical_candidate_only
grothendieck-category,21,text,00DP,algebra-lemma-present-sym-wedge,algebra.tex,2271,lemma,Tensor algebra,"egin lemma Let R be a ring. Let M be an R -module. Let x i , i I be a given system of generators of M as an R -module. Let n 2 . There exists a canonical exact sequence igoplus 1 j 1 < j 2 n igoplus i 1, i 2 I ext T n - 2 (M) igoplus 1 j 1 < j 2 n igoplus i I ext T n - 2 (M) o ex",lexical_candidate_only
grothendieck-category,21,text,00NR,algebra-lemma-regular-quotient-regular,algebra.tex,25750,lemma,Regular local rings,"egin lemma Let R be a regular local ring. Let I R be an ideal such that R/I is a regular local ring as well. Then there exists a minimal set of generators x 1, , x d for the maximal ideal m of R such that I = (x 1, , x c) for some 0 c d .",lexical_candidate_only
grothendieck-category,21,text,00NQ,algebra-lemma-regular-ring-CM,algebra.tex,25732,lemma,Regular local rings,"egin lemma Let R be a regular local ring and let x 1, , x d be a minimal set of generators for the maximal ideal m . Then x 1, , x d is a regular sequence, and each R/(x 1, , x c) is a regular local ring of dimension d - c . In particular R is Cohen-Macaulay.",lexical_candidate_only
grothendieck-category,21,text,02PP,chow-example-dual-numbers,chow.tex,16852,example,Periodic complexes and determinants,"egin example Let k be a field. Consider the ring R = k[T]/(T 2) of dual numbers over k . Denote t the class of T in R . Let M = R and arphi = ut , = vt with u, v k * . In this case et k(M) has generator e = [t, 1] . We identify I arphi = K arphi = I = K = (t) . Then arphi(t t) = ",lexical_candidate_only
grothendieck-category,21,text,0FEM,chow-remark-chern-character-K,chow.tex,12887,remark,An Adams operator,"egin remark Let (S, elta) be as in Situation ef situation-setup . Let X be locally of finite type over S . The Chern character map defines a canonical ring map ch : K 0(extit Vect (X)) i 0 A i(X) Q by sending a generator [ E ] on the left hand side to ch( E ) and extending additi",lexical_candidate_only
grothendieck-category,21,text,0FEL,chow-remark-chern-classes-K,chow.tex,12871,remark,An Adams operator,"egin remark Let (S, elta) be as in Situation ef situation-setup . Let X be locally of finite type over S . The Chern class map defines a canonical map c : K 0(extit Vect (X)) i 0 A i(X) by sending a generator [ E ] on the left hand side to c( E ) = 1 + c 1( E ) + c 2( E ) + and e",lexical_candidate_only
grothendieck-category,21,text,0B5R,coherent-lemma-recover-tail-graded-module-general,coherent.tex,4081,lemma,"Coherent sheaves on Proj, II","egin lemma Let A be a Noetherian graded ring and let d be the lcm of generators of A over A 0 . Let M be a finite graded A -module. Set X = ext Proj (A) and let M be the quasi-coherent O X -module on X associated to M . Let k Z . egin enumerate N' = igoplus n k H 0(X, M(n) ) is a",lexical_candidate_only
grothendieck-category,21,text,0GT6,cohomology-lemma-eta-stalks,cohomology.tex,14267,lemma,An operator introduced by Berthelot and Ogus,"egin lemma In Situation ef situation-eta let F ullet be a complex of I -torsion free O X -modules. For x X choose a generator f I x . Then the stalk ( I F ullet) x is canonically isomorphic to the complex f F ullet x constructed in More on Algebra, Section ef more-algebra-section",lexical_candidate_only
grothendieck-category,21,text,09D7,cotangent-remark-functoriality-lichtenbaum-schlessinger,cotangent.tex,2663,remark,Comparison with Lichtenbaum-Schlessinger,"egin remark [Functoriality of the Lichtenbaum-Schlessinger complex] Consider a commutative square A' B' \\ A B of ring maps. Choose a factorization A' P' B' \\ A P B with P a polynomial algebra over A and P' a polynomial algebra over A' . Choose generators f t , t T for (P o B) .",lexical_candidate_only
grothendieck-category,21,text,0C4B,curves-lemma-fitting-ideal-well-defined,curves.tex,4065,lemma,Nodal curves,"egin lemma Let k be a field. Let A = k[[x 1, , x n]] . Let I = (f 1, , f m) A be an ideal. For any r 0 the ideal in A/I generated by the r imes r -minors of the matrix ( f j/ x i) is independent of the choice of the generators of I or the regular system of parameters x 1, , x n o",lexical_candidate_only
grothendieck-category,21,text,0GYF,derived-section-brown-bis,derived.tex,11461,section,"Brown representability, bis","Brown representability, bis In this section we explain a version of Brown representability for triangulated categories which have a suitable set of generators; for other versions, please see",lexical_candidate_only
grothendieck-category,21,text,0BZ9,dpa-lemma-tate-resoluton-pseudo-coherent-ring-map,dpa.tex,1302,lemma,Tate resolutions,"egin lemma Let R o S be a pseudo-coherent ring map (More on Algebra, Definition ef more-algebra-definition-pseudo-coherent-perfect ). Then Lemma ef lemma-tate-resolution holds, with the resolution A of S having finitely many generators in each degree.",lexical_candidate_only
grothendieck-category,21,text,0F4I,dpa-remark-adjoining-set-of-variables,dpa.tex,1061,remark,Tate resolutions,"egin remark We can also adjoin a set (possibly infinite) of exterior or divided power generators in a given degree d > 0 , rather than just one as in Examples ef example-adjoining-odd and ef example-adjoining-even . Namely, following Remark ef remark-divided-power-polynomial-alge",lexical_candidate_only
grothendieck-category,21,text,0FZ5,equiv-lemma-diagonal-trick,equiv.tex,1725,lemma,Resolutions and bounds,"egin lemma Let k be a field. Let X be a quasi-compact separated smooth scheme over k . There exist finite locally free O X -modules E and G such that O E oxtimes G angle in D( O X imes X ) where the notation is as in Derived Categories, Section ef derived-section-generators .",lexical_candidate_only
grothendieck-category,21,text,0EWR,etale-cohomology-lemma-refine-check-h,etale-cohomology.tex,23614,lemma,Almost blow up squares and the h topology,"egin lemma Let K be an object of D +(( /S) fppf ) . Then K is in the essential image of R * : D(( /S) h) o D(( /S) fppf ) if and only if c K X, X', Z, E is a quasi-isomorphism for every almost blow up square as in More on Flatness, Examples ef flat-example-one-generator and ef fl",lexical_candidate_only
grothendieck-category,21,text,02EL,exercises-exercise-embedding-2-dim-1,exercises.tex,2158,exercise,Cohen-Macaulay rings of dimension 1,"egin exercise Suppose that (A, m , k) is a Noetherian local ring of dimension 1 . Assume also that the embedding dimension of A is 2 , i.e., assume that im k m / m 2 = 2. Notation: f(n) = im k m n/ m n + 1 . Pick generators x, y m and write Gr m (A) = k[ar x, ar y]/I for some hom",lexical_candidate_only
grothendieck-category,21,text,02E1,exercises-exercise-fitting,exercises.tex,1757,exercise,Fitting ideals,"egin exercise Let R be a ring and let M be a finite R -module. Choose a presentation igoplus j J R R n M 0. of M . Note that the map R n o M is given by a sequence of elements x 1, , x n of M . The elements x i are generators of M . The map igoplus j J R o R n is given by a n ime",lexical_candidate_only
grothendieck-category,21,text,02CI,exercises-exercise-flat-ideals-pid,exercises.tex,43,exercise,Algebra,"egin exercise Suppose that (A, m , k) is a Noetherian local ring. For any finite A -module M define r(M) to be the minimum number of generators of M as an A -module. This number equals im k M/ m M = im k M A k by NAK. egin enumerate Show that r(M A N) = r(M)r(N) . Let I A be an i",lexical_candidate_only
grothendieck-category,21,text,09U5,exercises-exercise-surjective-map-a2-p2,exercises.tex,5871,exercise,"Schemes, Final Exam, Fall 2013",egin exercise Notation as in Situation ef situation-curve-in-the-plane . Let U P 2 k be the open subscheme whose complement is D . Describe the k -algebra A = O P 2 k (U) . Give an upper bound for the number of generators of A as a k -algebra.,lexical_candidate_only
grothendieck-category,21,text,09G0,fields-exercise-C-not-countably-generated,fields.tex,348,exercise,Field extensions,egin exercise Show that C does not have a countable set of generators over Q .,lexical_candidate_only
grothendieck-category,21,text,0EVJ,flat-lemma-funny-blow-up,flat.tex,11782,lemma,Absolute weak normalization and h coverings,"egin lemma Let Z, X, X', E be an almost blow up square as in Example ef example-two-generators . Then H p(X', O X' ) = 0 for p > 0 and (X, O X) o (X', O X' ) is a surjective map of rings whose kernel is an ideal of square zero.",lexical_candidate_only
grothendieck-category,21,text,0EXC,flat-lemma-vector-bundle-I,flat.tex,12235,lemma,Descent vector bundles in positive characteristic,"egin lemma Let p be a prime number. Consider an almost blowup square X, X', Z, E in characteristic p as in Example ef example-one-generator . Then the functor olim F extit Vect (X) olim F extit Vect (Z) imes olim F extit Vect (E) olim F extit Vect (X') is an equivalence.",lexical_candidate_only
grothendieck-category,21,text,0EXD,flat-lemma-vector-bundle-II,flat.tex,12303,lemma,Descent vector bundles in positive characteristic,"egin lemma Let p be a prime number. Consider an almost blowup square X, X', Z, E in characteristic p as in Example ef example-two-generators . Then the functor G : olim F extit Vect (X) olim F extit Vect (Z) imes olim F extit Vect (E) olim F extit Vect (X') is an equivalence.",lexical_candidate_only
grothendieck-category,21,text,0GA0,local-cohomology-lemma-annihilates,local-cohomology.tex,4426,lemma,"A bit of uniformity, II","egin lemma In the situation above, let t be an upper bound on the number of generators for I . There exists an integer c = c(A, I) 0 such that for any A -module M the cohomology sheaves H j(Lp * M ) are annihilated by I c for j -t .",lexical_candidate_only
grothendieck-category,21,text,0GA1,local-cohomology-lemma-annihilates-tors,local-cohomology.tex,4452,lemma,"A bit of uniformity, II","egin lemma In the situation above, let t be an upper bound on the number of generators for I . There exists an integer c = c(A, I) 0 such that for any A -module M the tor modules ext Tor i A(M, A/I q) are annihilated by I c for i > t and all q 0 .",lexical_candidate_only
grothendieck-category,21,text,0DX9,local-cohomology-lemma-bound-cd,local-cohomology.tex,474,lemma,Cohomological dimension,"egin lemma Let I A be a finitely generated ideal of a ring A . Then egin enumerate ext cd (A, I) is at most equal to the number of generators of I , ext cd (A, I) r if there exist f 1, , f r A such that V(f 1, , f r) = V(I) , ext cd (A, I) c if (A) V(I) can be covered by c affine",lexical_candidate_only
grothendieck-category,21,text,0GA2,local-cohomology-lemma-tor-maps-vanish,local-cohomology.tex,4497,lemma,"A bit of uniformity, II","egin lemma Let I be an ideal of a Noetherian ring A . Let t 0 be an upper bound on the number of generators of I . There exist N, c 0 such that the maps ext Tor t + 1 A(M, A/I n) o ext Tor t + 1 A(M, A/I n - c ) are zero for any A -module M and all n N .",lexical_candidate_only
grothendieck-category,21,text,0GA3,local-cohomology-proposition-uniform-artin-rees,local-cohomology.tex,4571,proposition,"A bit of uniformity, II","egin proposition Let I be an ideal of a Noetherian ring A . Let t 0 be an upper bound on the number of generators of I . There exist N, c 0 such that for n N the maps A/I n o A/I n - c satisfy the equivalent conditions of Lemma ef lemma-characterize-vanishing-tor-ext-above-e with",lexical_candidate_only
grothendieck-category,21,text,0FCU,more-algebra-lemma-perfect-to-K-group-universal,more-algebra.tex,36580,lemma,Perfect complexes and K-groups,"egin lemma Let R be a ring. Let D perf (R) be the derived category of perfect objects, see Lemma ef lemma-perfect-ring-classical-generator . The map c of Lemma ef lemma-perfect-to-K-group gives an isomorphism K 0(D perf (R)) = K 0(R) .",lexical_candidate_only
grothendieck-category,21,text,0AK9,obsolete-lemma-get-morphism-general,obsolete.tex,875,lemma,Formally smooth ring maps,egin lemma Let A be a Noetherian ring. Let I A be an ideal. Let t be the minimal number of generators for I . Let C be a Noetherian I -adically complete A -algebra. There exists an integer d 0 depending only on I A o C with the following property: given egin enumerate c 0 and B i,lexical_candidate_only
grothendieck-category,21,text,0BQU,perfect-lemma-Pn-module-category,perfect.tex,4744,lemma,An example equivalence,"egin lemma egin reference ite Beilinson Let A be a ring. Let X = P n A = ext Proj (S) where S = A[X 0, , X n] . With P as in (ef equation-generator-Pn ) and R as in (ef equation-algebra-for-Pn ) the functor - R L P : D(R) D ( O X) is an A -linear equivalence of triangulated categ",lexical_candidate_only
grothendieck-category,21,text,0GEI,perfect-section-detecting-boundedness,perfect.tex,10358,section,Detecting Boundedness,"Detecting Boundedness In this section, we show that compact generators of D of a quasi-compact, quasi-separated scheme, as constructed in Section ef section-genera",lexical_candidate_only
grothendieck-category,21,text,0CS7,perfect-section-example-equivalence,perfect.tex,4687,section,An example equivalence,An example equivalence In Section ef section-example-generator we proved that the derived category of projective space P n A over a ring A is generated by a vec,lexical_candidate_only
grothendieck-category,21,text,07FM,smoothing-item-dimension,smoothing.tex,2695,item,Inseparable residue fields,"q is minimal over h A . Then k o A o q can be resolved. egin proof The lemma is proven by the following steps in the given order. We will justify each of these steps below. egin enumerate Pick an integer N > 0 such that q N q H A/k q . Pick generators a 1, , a t A of the ideal H ",lexical_candidate_only
grothendieck-category,21,text,07FP,smoothing-item-elkik,smoothing.tex,2701,item,Inseparable residue fields,"The lemma is proven by the following steps in the given order. We will justify each of these steps below. egin enumerate Pick an integer N > 0 such that q N q H A/k q . Pick generators a 1, , a t A of the ideal H A/R . Set d = im( q) . Set B = A[x 1, , x d, z ij ]/(x i 2N - z ij ",lexical_candidate_only
grothendieck-category,21,text,07FR,smoothing-item-set-n,smoothing.tex,2711,item,Inseparable residue fields,"Pick generators a 1, , a t A of the ideal H A/R . Set d = im( q) . Set B = A[x 1, , x d, z ij ]/(x i 2N - z ij a j) . Consider B as a k[x 1, , x d] -algebra and let B o C be as in Lemma ef lemma-improve-presentation . We also obtain a section C o B . Choose c > 0 such that each x",lexical_candidate_only
grothendieck-category,21,text,07FN,smoothing-item-standardizer,smoothing.tex,2698,item,Inseparable residue fields,"Then k o A o q can be resolved. egin proof The lemma is proven by the following steps in the given order. We will justify each of these steps below. egin enumerate Pick an integer N > 0 such that q N q H A/k q . Pick generators a 1, , a t A of the ideal H A/R . Set d = im( q) . S",lexical_candidate_only
grothendieck-category,21,text,07FQ,smoothing-item-strictly-standard,smoothing.tex,2707,item,Inseparable residue fields,"q N q H A/k q . Pick generators a 1, , a t A of the ideal H A/R . Set d = im( q) . Set B = A[x 1, , x d, z ij ]/(x i 2N - z ij a j) . Consider B as a k[x 1, , x d] -algebra and let B o C be as in Lemma ef lemma-improve-presentation . We also obtain a section C o B . Choose c > 0 ",lexical_candidate_only
delta-functor,184,label;section;text,014Z,derived-section-canonical-delta-functor,derived.tex,3901,section,The canonical delta-functor,The canonical delta-functor The derived category should be the receptacle for the universal cohomology functor. In order to state the result we use the notion of a elta -func,lexical_candidate_only
delta-functor,184,label;section;text,09KZ,dga-section-canonical-delta-functor,dga.tex,2760,section,The canonical delta-functor,"The canonical delta-functor Let (A, ext d ) be a differential graded algebra. Consider the functor ext Mod (A, ext d ) o K(ext Mod (A, ext d ) ) . This funct",lexical_candidate_only
delta-functor,184,label;section;text,010P,homology-section-cohomological-delta-functor,homology.tex,2622,section,Cohomological delta-functors,"Cohomological delta-functors egin definition Let A , B be abelian categories. A cohomological elta -funct",lexical_candidate_only
delta-functor,184,label;section;text,0FTA,sdga-section-canonical-delta-functor,sdga.tex,4411,section,The canonical delta-functor,"The canonical delta-functor Let ( C , O ) be a ringed site. Let ( A , ext d ) be a sheaf of differential graded algebras on ( C ,",lexical_candidate_only
delta-functor,163,label;section,0152,derived-lemma-derived-canonical-delta-functor,derived.tex,3965,lemma,The canonical delta-functor,"egin lemma Let A be an abelian category. The functor ext Comp ( A ) o D( A ) defined has the natural structure of a elta -functor, with elta A ullet o B ullet o C ullet = - p irc q -1 with p and q as explained above. The same construction turns the functors ext Comp + ( A ) o D +",lexical_candidate_only
delta-functor,163,label;section,09L0,dga-lemma-derived-canonical-delta-functor,dga.tex,2805,lemma,The canonical delta-functor,"egin lemma Let (A, ext d ) be a differential graded algebra. The functor ext Mod (A, ext d ) o D(A, ext d ) defined has the natural structure of a elta -functor, with elta K o L o M = - p irc q -1 with p and q as explained above.",lexical_candidate_only
delta-functor,163,label;section,010Q,homology-definition-cohomological-delta-functor,homology.tex,2625,definition,Cohomological delta-functors,"egin definition Let A , B be abelian categories. A cohomological elta -functor or simply a elta -functor from A to B is given by the following data: egin enumerate a collection F n : A o B , n 0 of additive functors, and for every short exact sequence 0 o A o B o C o 0 of A a col",lexical_candidate_only
delta-functor,163,label;section,010R,homology-definition-morphism-delta-functors,homology.tex,2674,definition,Cohomological delta-functors,"egin definition Let A , B be abelian categories. Let (F n, elta F) and (G n, elta G) be elta -functors from A to B . A morphism of elta -functors from F to G is a collection of transformation of functors t n : F n o G n , n 0 such that for every short exact sequence 0 o A o B o C",lexical_candidate_only
delta-functor,163,label;section,010S,homology-definition-universal-delta-functor,homology.tex,2693,definition,Cohomological delta-functors,"egin definition Let A , B be abelian categories. Let F = (F n, elta F) be a elta -functor from A to B . We say F is a universal elta -functor if and only if for every elta -functor G = (G n, elta G) and any morphism of functors t : F 0 o G 0 there exists a unique morphism of elta",lexical_candidate_only
delta-functor,163,label;section,010U,homology-lemma-uniqueness-universal-delta-functor,homology.tex,2754,lemma,Cohomological delta-functors,"egin lemma Let A , B be abelian categories. Let F : A o B be a functor. If there exists a universal elta -functor (F n, elta F) from A to B with F 0 = F , then it is determined up to unique isomorphism of elta -functors.",lexical_candidate_only
delta-functor,163,label;section,0FTB,sdga-lemma-derived-canonical-delta-functor,sdga.tex,4474,lemma,The canonical delta-functor,"egin lemma Let ( C , O ) be a ringed site. Let ( A , ext d ) be a sheaf of differential graded algebras on ( C , O ) . The localization functor extit Mod ( A , ext d ) o D( A , ext d ) has the natural structure of a elta -functor, with elta K o L o M = - p irc q -1 with p and q a",lexical_candidate_only
delta-functor,92,label,0BDY,coherent-lemma-affine-diagonal-universal-delta-functor,coherent.tex,647,lemma,Quasi-coherence of higher direct images,"egin lemma Let X be a quasi-compact scheme with affine diagonal (for example if X is separated). Then egin enumerate given a quasi-coherent O X -module F there exists an embedding F o F ' of quasi-coherent O X -modules such that H p(X, F ') = 0 for all p 1 , and \ H n(X, -)\ n 0 ",lexical_candidate_only
delta-functor,92,label,01EK,cohomology-lemma-cech-cohomology-delta-functor-presheaves,cohomology.tex,1066,lemma,Cech cohomology as a functor on presheaves,"egin lemma Let X be a ringed space. Let U : U = igcup i I U i be an open covering. The functors F heck H n( U , F ) form a elta -functor from the abelian category of presheaves of O X -modules to the category of O X(U) -modules (see Homology, Definition ef homology-definition-coh",lexical_candidate_only
delta-functor,92,label,0150,derived-definition-delta-functor,derived.tex,299,definition,The definition of a triangulated category,egin definition Let A be an abelian category. Let D be a triangulated category. A elta -functor from A to D is given by a functor G : A o D and a rule which assigns to every short exact sequence 0 o A a B b C o 0 a morphism elta = elta A o B o C : G(C) o G(A)[1] such that egin en,lexical_candidate_only
delta-functor,92,label,05SR,derived-lemma-compose-delta-functor-homological,derived.tex,989,lemma,Elementary results on triangulated categories,"egin lemma Let D be a triangulated category. Let A and B be abelian categories. Let G : A o D be a elta -functor. Let H : D o B be a homological functor. Assume that H -1 (G(A)) = 0 for all A in A . Then the collection \ H n irc G, H n(elta A o B o C )\ n 0 is a elta -functor fro",lexical_candidate_only
delta-functor,92,label,0151,derived-lemma-exact-compose-delta-functor,derived.tex,970,lemma,Elementary results on triangulated categories,egin lemma Let D be a triangulated category. Let A be an abelian category. Let G : A o D be a elta -functor. egin enumerate Let D ' be a triangulated category. Let F : D o D ' be an exact functor. Then the composition F irc G is a elta -functor as well. Let A ' be an abelian cate,lexical_candidate_only
delta-functor,92,label,05TE,derived-lemma-right-derived-delta-functor,derived.tex,5681,lemma,Higher derived functors,"egin lemma Let F : A o B be an additive functor between abelian categories and assume RF : D + ( A ) o D + ( B ) is everywhere defined. egin enumerate The functors R iF , i 0 come equipped with a canonical structure of a elta -functor from A o B , see Homology, Definition ef homo",lexical_candidate_only
delta-functor,92,label,03AR,sites-cohomology-lemma-cech-cohomology-delta-functor-presheaves,sites-cohomology.tex,942,lemma,Cech cohomology as a functor on presheaves,"egin lemma Let C be a category. Let U = \ U i o U\ i I be a family of morphisms with fixed target such that all fibre products U i 0 imes U imes U U i p exist in C . The functors F heck H n( U , F ) form a elta -functor from the abelian category extit PAb ( C ) to the category of",lexical_candidate_only
delta-functor,71,section,0153,derived-lemma-derived-compare-triangles-ses,derived.tex,4009,lemma,The canonical delta-functor,"egin lemma Let A be an abelian category. Let 0 A ullet B ullet C ullet 0 \\ 0 D ullet E ullet F ullet 0 be a commutative diagram of morphisms of complexes such that the rows are short exact sequences of complexes, and the vertical arrows are quasi-isomorphisms. The elta -functor ",lexical_candidate_only
delta-functor,71,section,0154,derived-lemma-derived-compare-triangles-split-case,derived.tex,4045,lemma,The canonical delta-functor,"egin lemma Let A be an abelian category. Let 0 A ullet B ullet C ullet 0 be a short exact sequences of complexes. Assume this short exact sequence is termwise split. Let (A ullet, B ullet, C ullet, , eta, elta) be the distinguished triangle of K( A ) associated to the sequence. T",lexical_candidate_only
delta-functor,71,section,08Q2,derived-lemma-trick-vanishing-composition,derived.tex,4112,lemma,The canonical delta-functor,"egin lemma Let A be an abelian category. Let K 0 ullet o K 1 ullet o o K n ullet be maps of complexes such that egin enumerate H i(K 0 ullet) = 0 for i > 0 , H -j (K j ullet) o H -j (K j + 1 ullet) is zero. Then the composition K 0 ullet o K n ullet factors through au -n K n ulle",lexical_candidate_only
delta-functor,71,section,08J5,derived-remark-truncation-distinguished-triangle,derived.tex,4076,remark,The canonical delta-functor,"egin remark Let A be an abelian category. Let K ullet be a complex of A . Let a Z . We claim there is a canonical distinguished triangle au a K ullet o K ullet o au a + 1 K ullet o (au a K ullet)[1] in D( A ) . Here we have used the canonical truncation functors au from Homology,",lexical_candidate_only
delta-functor,71,section,0CRL,dga-lemma-homotopy-colimit,dga.tex,2826,lemma,The canonical delta-functor,"egin lemma Let (A, ext d ) be a differential graded algebra. Let M n be a system of differential graded modules. Then the derived colimit ext hocolim M n in D(A, ext d ) is represented by the differential graded module olim M n .",lexical_candidate_only
delta-functor,71,section,010T,homology-lemma-efface-implies-universal,homology.tex,2705,lemma,Cohomological delta-functors,"egin lemma Let A , B be abelian categories. Let F = (F n, elta F) be a elta -functor from A to B . Suppose that for every n > 0 and any A ( A ) there exists an injective morphism u : A o B (depending on A and n ) such that F n(u) : F n(A) o F n(B) is zero. Then F is a universal e",lexical_candidate_only
delta-functor,71,section,0FTC,sdga-lemma-homotopy-colimit,sdga.tex,4499,lemma,The canonical delta-functor,"egin lemma Let ( C , O ) be a ringed site. Let ( A , ext d ) be a sheaf of differential graded algebras on ( C , O ) . Let M n be a system of differential graded A -modules. Then the derived colimit ext hocolim M n in D( A , ext d ) is represented by the differential graded modul",lexical_candidate_only
derived-functor,94,section;text,0716,cohomology-section-derived-functors,cohomology.tex,93,section,Derived functors,"Derived functors We briefly explain how to get right derived functors using resolution functors. For the unbounded derived functors, please see Section ef section-unbounde",lexical_candidate_only
derived-functor,93,section;text,0157,derived-definition-derived-functor,derived.tex,5278,definition,Derived functors on derived categories,egin definition In Situation ef situation-classical . egin enumerate The right derived functors of F are the partial functors RF associated to cases (1) and (2) of Situation ef situation-classical . The left derived functors of F are the partial functors LF associated to cases (3,lexical_candidate_only
derived-functor,93,section;text,05T5,derived-lemma-irrelevant,derived.tex,5229,lemma,Derived functors on derived categories,"egin lemma In Situation ef situation-classical . egin enumerate Let X be an object of K + ( A ) . The right derived functor of K( A ) o D( B ) is defined at X if and only if the right derived functor of K + ( A ) o D + ( B ) is defined at X . Moreover, the values are canonically ",lexical_candidate_only
derived-functor,93,section;text,015L,derived-section-composition-right-derived-functors,derived.tex,7274,section,Composition of right derived functors,"Composition of right derived functors Sometimes we can compute the right derived functor of a composition. Suppose that A , B , C be abelian categ",lexical_candidate_only
derived-functor,93,section;text,05S7,derived-section-derived-functors,derived.tex,4509,section,Derived functors in general,Derived functors in general A reference for this section is Deligne's expose XVII in ite SGA4 . A very general notion of right and left derived functors exists where we have an exa,lexical_candidate_only
derived-functor,93,section;text,05T3,derived-section-derived-functors-classical,derived.tex,5186,section,Derived functors on derived categories,Derived functors on derived categories In practice derived functors come about most often when given an additive functor between abelian categories. egin situation situation-,lexical_candidate_only
derived-functor,93,section;text,05TB,derived-section-higher-derived,derived.tex,5490,section,Higher derived functors,Higher derived functors The following simple lemma shows that right derived functors ``move to the right''. egin lemma Let F : A o \,lexical_candidate_only
derived-functor,93,section;text,0156,derived-section-right-derived-functor,derived.tex,6940,section,Right derived functors and injective resolutions,Right derived functors and injective resolutions At this point we can use the material above to define the right derived functors of an additive functor between an abelian category having enough injec,lexical_candidate_only
derived-functor,93,section;text,071J,sites-cohomology-section-derived-functors,sites-cohomology.tex,140,section,Derived functors,"Derived functors We briefly explain an approach to right derived functors using resolution functors. Namely, suppose that ( C , O ) is a ringed site. In t",lexical_candidate_only
derived-functor,93,section;text,03TE,trace-proposition-compare-filtered-graded,trace.tex,714,proposition,Filtered derived functors,"egin proposition In the situation above, we have ext gr p irc RT = RT irc ext gr p where the RT on the left is the filtered derived functor while the one on the right is the total derived functor. That is, there is a commuting diagram DF +( A ) RT ext gr p DF +( B ) ext gr p \\ D",lexical_candidate_only
derived-functor,93,section;text,03TC,trace-section-filtered-derived-functors,trace.tex,682,section,Filtered derived functors,Filtered derived functors And then there are the filtered derived functors. egin definition Let T: A o,lexical_candidate_only
derived-functor,92,section;text,015A,derived-definition-higher-derived-functors,derived.tex,5545,definition,Higher derived functors,egin definition Let F : A o B be an additive functor between abelian categories. Assume RF : D + ( A ) o D + ( B ) is everywhere defined. Let i Z . The i th right derived functor R iF of F is the functor R iF = H i irc RF : A B,lexical_candidate_only
derived-functor,92,section;text,05S9,derived-definition-right-derived-functor-defined,derived.tex,4536,definition,Derived functors in general,"egin definition Assumptions and notation as in Situation ef situation-derived-functor . Let X ( D ) . egin enumerate we say the right derived functor RF is defined at X if the ind-object (X/S) D ', (s : X o X') F(X') is essentially constant For a discussion of when an ind-object ",lexical_candidate_only
derived-functor,92,section;text,05SU,derived-lemma-derived-shift,derived.tex,4657,lemma,Derived functors in general,egin lemma egin slogan Derived functors are compatible with shifts Assumptions and notation as in Situation ef situation-derived-functor . Let X be an object of D and n Z . egin enumerate RF is defined at X if and only if it is defined at X[n] . In this case there is a canonical ,lexical_candidate_only
derived-functor,92,section;text,05TI,derived-lemma-enough-injectives-right-derived,derived.tex,6980,lemma,Right derived functors and injective resolutions,egin lemma Let A be an abelian category with enough injectives. egin enumerate For any exact functor F : K + ( A ) o D into a triangulated category D the right derived functor RF : D + ( A ) D is everywhere defined. For any additive functor F : A o B into an abelian category B th,lexical_candidate_only
derived-functor,92,section;text,015E,derived-lemma-leray-acyclicity,derived.tex,5717,lemma,Higher derived functors,egin lemma [Leray's acyclicity lemma] Let F : A o B be an additive functor between abelian categories. Let A ullet be a bounded below complex of right F -acyclic objects such that RF is defined at A ullet For example this holds if RF : D + ( A ) o D + ( B ) is everywhere defined.,lexical_candidate_only
derived-functor,92,section;text,05TN,derived-lemma-right-derived-functor,derived.tex,7779,lemma,Right derived functors via resolution functors,"egin lemma Let A be an abelian category with enough injectives Let F : A o B be an additive functor into an abelian category. Let (i, j) be a resolution functor, see Definition ef definition-localization-functor . The right derived functor RF of F fits into the following 2 -commu",lexical_candidate_only
derived-functor,92,section;text,0158,derived-remark-right-derived-functor,derived.tex,7804,remark,Right derived functors via resolution functors,egin remark In the situation of Lemma ef lemma-right-derived-functor we see that we have actually lifted the right derived functor to an exact functor F irc j' : D + ( A ) o K + ( B ) . It is occasionally useful to use such a factorization.,lexical_candidate_only
derived-functor,92,section;text,05TM,derived-section-right-derived-functor-via-resolutions,derived.tex,7772,section,Right derived functors via resolution functors,Right derived functors via resolution functors The content of the following lemma is that we can simply define RF(K ullet) = F(j(K ullet)) if we are given a resolution functor,lexical_candidate_only
derived-functor,71,section,05U3,cohomology-equation-RF,cohomology.tex,134,equation,Derived functors,egin equation RF = F irc j X' : D + (X) D + ( B ),lexical_candidate_only
derived-functor,71,section,05U4,cohomology-equation-RFi,cohomology.tex,147,equation,Derived functors,egin equation R iF = H i irc RF : extit Mod ( O X) B,lexical_candidate_only
derived-functor,71,section,0717,cohomology-equation-total-derived-cohomology,cohomology.tex,167,equation,Derived functors,"egin equation R (U, -) : D + (X) D + ( O X(U))",lexical_candidate_only
derived-functor,71,section,0718,cohomology-equation-total-derived-direct-image,cohomology.tex,185,equation,Derived functors,egin equation Rf * : D + (X) D + (Y),lexical_candidate_only
derived-functor,71,section,05SX,derived-definition-computes,derived.tex,4990,definition,Derived functors in general,egin definition In Situation ef situation-derived-functor . egin enumerate An object X of D computes RF if RF is defined at X and the canonical map F(X) o RF(X) is an isomorphism. An object X of D computes LF if LF is defined at X and the canonical map LF(X) o F(X) is an isomorph,lexical_candidate_only
derived-functor,71,section,05SV,derived-definition-everywhere-defined,derived.tex,4962,definition,Derived functors in general,"egin definition In Situation ef situation-derived-functor . We say F is right derivable , or that RF everywhere defined if RF is defined at every object of D . We say F is left derivable , or that LF everywhere defined if LF is defined at every object of D .",lexical_candidate_only
derived-functor,71,section,05SW,derived-equation-everywhere,derived.tex,4974,equation,Derived functors in general,"egin equation RF : S -1 D D ', (resp. LF : S -1 D D '),",lexical_candidate_only
derived-functor,71,section,05SZ,derived-lemma-2-out-of-3-computes,derived.tex,5017,lemma,Derived functors in general,"egin lemma Assumptions and notation as in Situation ef situation-derived-functor . Let (X, Y, Z, f, g, h) be a distinguished triangle of D . If X, Y compute RF then so does Z . Similar for LF .",lexical_candidate_only
derived-functor,71,section,05SC,derived-lemma-2-out-of-3-defined,derived.tex,4679,lemma,Derived functors in general,"egin lemma Assumptions and notation as in Situation ef situation-derived-functor . Let (X, Y, Z, f, g, h) be a distinguished triangle of D . If RF is defined at two out of three of X, Y, Z , then it is defined at the third. Moreover, in this case (RF(X), RF(Y), RF(Z), RF(f), RF(g",lexical_candidate_only
derived-functor,71,section,015C,derived-lemma-F-acyclic,derived.tex,5619,lemma,Higher derived functors,egin lemma Let F : A o B be an additive functor between abelian categories and assume RF : D + ( A ) o D + ( B ) is everywhere defined. Let A be an object of A . egin enumerate A is right acyclic for F if and only if F(A) o R 0F(A) is an isomorphism and R iF(A) = 0 for all i > 0 ,lexical_candidate_only
derived-functor,71,section,015D,derived-lemma-F-acyclic-ses,derived.tex,5644,lemma,Higher derived functors,egin lemma Let F : A o B be a left exact functor between abelian categories and assume RF : D + ( A ) o D + ( B ) is everywhere defined. Let 0 o A o B o C o 0 be a short exact sequence of A . egin enumerate If A and C are right acyclic for F then so is B . If A and B are right ac,lexical_candidate_only
derived-functor,71,section,015M,derived-lemma-compose-derived-functors,derived.tex,7293,lemma,Composition of right derived functors,"egin lemma Let A , B , C be abelian categories. Let F : A o B and G : B o C be left exact functors. Assume A , B have enough injectives. The following are equivalent egin enumerate F(I) is right acyclic for G for each injective object I of A , and the canonical map t : R(G irc F)",lexical_candidate_only
derived-functor,71,section,05T2,derived-lemma-compose-derived-functors-general,derived.tex,5130,lemma,Derived functors in general,"egin lemma Let A , B , C be triangulated categories. Let S , resp.\ S' be a saturated multiplicative system in A , resp.\ B compatible with the triangulated structure. Let F : A o B and G : B o C be exact functors. Denote F' : A o (S') -1 B the composition of F with the localizat",lexical_candidate_only
derived-functor,71,section,05SY,derived-lemma-computes-shift,derived.tex,5002,lemma,Derived functors in general,egin lemma Assumptions and notation as in Situation ef situation-derived-functor . Let X be an object of D and n Z . egin enumerate X computes RF if and only if X[n] computes RF . X computes LF if and only if X[n] computes LF .,lexical_candidate_only
derived-functor,71,section,05SA,derived-lemma-derived-functor,derived.tex,4572,lemma,Derived functors in general,egin lemma Assumptions and notation as in Situation ef situation-derived-functor . Let f : X o Y be a morphism of D . egin enumerate If RF is defined at X and Y then there exists a unique morphism RF(f) : RF(X) o RF(Y) between the values such that for any commutative diagram X f ,lexical_candidate_only
derived-functor,71,section,05SB,derived-lemma-derived-inverts,derived.tex,4638,lemma,Derived functors in general,egin lemma Assumptions and notation as in Situation ef situation-derived-functor . Let s : X o Y be an element of S . egin enumerate RF is defined at X if and only if it is defined at Y . In this case the map RF(s) : RF(X) o RF(Y) between values is an isomorphism. LF is defined a,lexical_candidate_only
derived-functor,71,section,05T0,derived-lemma-direct-sum-computes,derived.tex,5040,lemma,Derived functors in general,"egin lemma Assumptions and notation as in Situation ef situation-derived-functor . Let X, Y be objects of D . If X Y computes RF , then X and Y compute RF . Similarly for LF .",lexical_candidate_only
derived-functor,71,section,05SD,derived-lemma-direct-sum-defined,derived.tex,4802,lemma,Derived functors in general,"egin lemma Assumptions and notation as in Situation ef situation-derived-functor . Let X, Y be objects of D . egin enumerate If RF is defined at X and Y , then RF is defined at X Y . If D ' is Karoubian and RF is defined at X Y , then RF is defined at both X and Y . In either cas",lexical_candidate_only
derived-functor,71,section,05T1,derived-lemma-existence-computes,derived.tex,5074,lemma,Derived functors in general,"egin lemma Assumptions and notation as in Situation ef situation-derived-functor . egin enumerate If for every object X ( D ) there exists an arrow s : X o X' in S such that X' computes RF , then RF is everywhere defined. If for every object X ( D ) there exists an arrow s : X' o",lexical_candidate_only
derived-functor,71,section,06XN,derived-lemma-find-existence-computes,derived.tex,5092,lemma,Derived functors in general,"egin lemma Assumptions and notation as in Situation ef situation-derived-functor . If there exists a subset I ( D ) such that egin enumerate for all X ( D ) there exists s : X o X' in S with X' I , and for every arrow s : X o X' in S with X, X' I the map F(s) : F(X) o F(X') is an",lexical_candidate_only
derived-functor,71,section,015N,derived-lemma-grothendieck-spectral-sequence,derived.tex,7329,lemma,Composition of right derived functors,"egin lemma [Grothendieck spectral sequence] With assumptions as in Lemma ef lemma-compose-derived-functors and assuming the equivalent conditions (1) and (2) hold. Let X be an object of D + ( A ) . There exists a spectral sequence (E r, d r) r 0 consisting of bigraded objects E r",lexical_candidate_only
derived-functor,71,section,015B,derived-lemma-higher-derived-functors,derived.tex,7048,lemma,Right derived functors and injective resolutions,egin lemma Let A be an abelian category with enough injectives. Let F : A o B be a left exact functor. egin enumerate For any short exact sequence 0 o A ullet o B ullet o C ullet o 0 of complexes in ext Comp + ( A ) there is an associated long exact sequence o H i(RF(A ullet)) o ,lexical_candidate_only
derived-functor,71,section,05TH,derived-lemma-injective-acyclic,derived.tex,6948,lemma,Right derived functors and injective resolutions,egin lemma Let A be an abelian category. Let I ( A ) be an injective object. Let I ullet be a bounded below complex of injectives in A . egin enumerate I ullet computes RF relative to ext Qis + ( A ) for any exact functor F : K + ( A ) o D into any triangulated category D . I is ,lexical_candidate_only
derived-functor,71,section,05TD,derived-lemma-left-exact-higher-derived,derived.tex,5565,lemma,Higher derived functors,"egin lemma Let F : A o B be an additive functor between abelian categories and assume RF : D + ( A ) o D + ( B ) is everywhere defined. egin enumerate We have R iF = 0 for i < 0 , R 0F is left exact, the map F o R 0F is an isomorphism if and only if F is left exact.",lexical_candidate_only
derived-functor,71,section,05TC,derived-lemma-negative-vanishing,derived.tex,5497,lemma,Higher derived functors,"egin lemma Let F : A o B be an additive functor between abelian categories. Let K ullet be a complex of A and a Z . egin enumerate If H i(K ullet) = 0 for all i < a and RF is defined at K ullet , then H i(RF(K ullet)) = 0 for all i < a . If RF is defined at K ullet and au a K ull",lexical_candidate_only
derived-functor,71,section,05TE,derived-lemma-right-derived-delta-functor,derived.tex,5681,lemma,Higher derived functors,"egin lemma Let F : A o B be an additive functor between abelian categories and assume RF : D + ( A ) o D + ( B ) is everywhere defined. egin enumerate The functors R iF , i 0 come equipped with a canonical structure of a elta -functor from A o B , see Homology, Definition ef homo",lexical_candidate_only
derived-functor,71,section,015F,derived-lemma-right-derived-exact-functor,derived.tex,5884,lemma,Higher derived functors,"egin lemma Let F : A o B be an exact functor of abelian categories. Then egin enumerate every object of A is right acyclic for F , RF : D + ( A ) o D + ( B ) is everywhere defined, RF : D( A ) o D( B ) is everywhere defined, every complex computes RF , in other words, the canonic",lexical_candidate_only
derived-functor,71,section,0159,derived-lemma-right-derived-properties,derived.tex,7012,lemma,Right derived functors and injective resolutions,egin lemma Let A be an abelian category with enough injectives. Let F : A o B be an additive functor. egin enumerate The functor RF is an exact functor D + ( A ) o D + ( B ) . The functor RF induces an exact functor K + ( A ) o D + ( B ) . The functor RF induces a elta -functor e,lexical_candidate_only
derived-functor,71,section,05T9,derived-lemma-subcategory-left-acyclics,derived.tex,5463,lemma,Derived functors on derived categories,"egin lemma In Situation ef situation-classical . Let P ( A ) be a subset with the following properties: egin enumerate every object of A is a quotient of an element of P , for any short exact sequence 0 o P o Q o R o 0 of A with Q, R P , then P P , and 0 o F(P) o F(Q) o F(R) o 0 ",lexical_candidate_only
derived-functor,71,section,05T7,derived-lemma-subcategory-left-resolution,derived.tex,5302,lemma,Derived functors on derived categories,egin lemma Let A be an abelian category. Let P ( A ) be a subset containing 0 such that every object of A is a quotient of an element of P . Let a Z . egin enumerate Given K ullet with K n = 0 for n > a there exists a quasi-isomorphism P ullet o K ullet with P n P and P n o K n s,lexical_candidate_only
derived-functor,71,section,05T8,derived-lemma-subcategory-right-acyclics,derived.tex,5408,lemma,Derived functors on derived categories,"egin lemma In Situation ef situation-classical . Let I ( A ) be a subset with the following properties: egin enumerate every object of A is a subobject of an element of I , for any short exact sequence 0 o P o Q o R o 0 of A with P, Q I , then R I , and 0 o F(P) o F(Q) o F(R) o 0",lexical_candidate_only
derived-functor,71,section,05T6,derived-lemma-subcategory-right-resolution,derived.tex,5387,lemma,Derived functors on derived categories,egin lemma Let A be an abelian category. Let I ( A ) be a subset containing 0 such that every object of A is a subobject of an element of I . Let a Z . egin enumerate Given K ullet with K n = 0 for n < a there exists a quasi-isomorphism K ullet o I ullet with K n o I n injective ,lexical_candidate_only
derived-functor,71,section,05SE,derived-proposition-derived-functor,derived.tex,4895,proposition,Derived functors in general,egin proposition Assumptions and notation as in Situation ef situation-derived-functor . egin enumerate The full subcategory E of D consisting of objects at which RF is defined is a strictly full triangulated subcategory of D . We obtain an exact functor RF : E D ' of triangulate,lexical_candidate_only
derived-functor,71,section,05TA,derived-proposition-enough-acyclics,derived.tex,5810,proposition,Higher derived functors,egin proposition egin slogan A functor on Abelian categories is extended to the (bounded below or above) derived category by resolving with a complex that is acyclic for that functor. Let F : A o B be an additive functor of abelian categories. egin enumerate If every object of A ,lexical_candidate_only
derived-functor,71,section,05T4,derived-situation-classical,derived.tex,5193,situation,Derived functors on derived categories,"egin situation Here F : A o B is an additive functor between abelian categories. This induces exact functors F : K( A ) o K( B ), K + ( A ) o K + ( B ), K - ( A ) o K - ( B ). See Lemma ef lemma-additive-exact-homotopy-category . We also denote F the composition K( A ) o D( B ) ,",lexical_candidate_only
derived-functor,71,section,05S8,derived-situation-derived-functor,derived.tex,4519,situation,Derived functors in general,egin situation Here F : D o D ' is an exact functor of triangulated categories and S is a saturated multiplicative system in D compatible with the structure of triangulated category on D .,lexical_candidate_only
derived-functor,71,section,05U5,sites-cohomology-equation-RF,sites-cohomology.tex,174,equation,Derived functors,egin equation RF = F irc j' : D + ( O ) D + ( B ),lexical_candidate_only
derived-functor,71,section,05U6,sites-cohomology-equation-RFi,sites-cohomology.tex,185,equation,Derived functors,egin equation R iF = H i irc RF : extit Mod ( O ) B,lexical_candidate_only
derived-functor,71,section,03TD,trace-definition-filtered-derived-functors,trace.tex,688,definition,Filtered derived functors,egin definition Let T: A o B be a left exact functor and assume that A has enough injectives. Define RT: DF +( A ) o D F +( B ) to fit in the diagram DF +( A ) RT DF +( B ) \\ K +( I ) T K +(ext Fil f( B )). This is well-defined by the previous lemma. Let G: A o B be a right exac,lexical_candidate_only
derived-functor,22,text,01F5,cohomology-lemma-higher-direct-images-compose,cohomology.tex,2273,lemma,The Leray spectral sequence,egin lemma egin slogan The total derived functor of a composition is the composition of the total derived functors. Let f : X o Y and g : Y o Z be morphisms of ringed spaces. In this case Rg * irc Rf * = R(g irc f) * as functors from D + (X) o D + (Z) .,lexical_candidate_only
derived-functor,21,text,01EN,cohomology-lemma-cech-cohomology-derived-presheaves,cohomology.tex,1287,lemma,Cech cohomology as a functor on presheaves,"egin lemma Let X be a ringed space. Let U : U = igcup i I U i be an open covering of U X . The Cech cohomology functors heck H p( U , -) are canonically isomorphic as a elta -functor to the right derived functors of the functor heck H 0( U , -) : extit PMod ( O X) ext Mod O X(U) ",lexical_candidate_only
derived-functor,21,text,01ER,cohomology-lemma-include,cohomology.tex,1515,lemma,Cech cohomology and cohomology,"egin lemma Let X be a ringed space. Consider the functor i : extit Mod ( O X) o extit PMod ( O X) . It is a left exact functor with right derived functors given by R pi( F ) = nderline H p( F ) : U H p(U, F ) see discussion in Section ef section-locality .",lexical_candidate_only
derived-functor,21,text,08HY,cohomology-remark-base-change,cohomology.tex,6646,remark,Cohomology of unbounded complexes,"egin remark The construction of unbounded derived functor Lf * and Rf * allows one to construct the base change map in full generality. Namely, suppose that X' g' f' X f \\ S' g S is a commutative diagram of ringed spaces. Let K be an object of D( O X) . Then there exists a canon",lexical_candidate_only
derived-functor,21,text,09T5,derived-lemma-derived-adjoint-functors,derived.tex,9596,lemma,Deriving adjoints,"egin lemma Let F : A o B and G : B o A be functors of abelian categories such that F is a right adjoint to G . If the derived functors RF : D( A ) o D( B ) and LG : D( B ) o D( A ) exist, then RF is a right adjoint to LG .",lexical_candidate_only
derived-functor,21,text,070K,derived-lemma-enough-K-injectives-implies,derived.tex,9767,lemma,K-injective complexes,egin lemma Let A be an abelian category. Assume every complex has a quasi-isomorphism towards a K-injective complex. Then any exact functor F : K( A ) o D ' of triangulated categories has a right derived functor RF : D( A ) D ' and RF(I ullet) = F(I ullet) for K-injective complex,lexical_candidate_only
derived-functor,21,text,070G,derived-section-K-injective,derived.tex,9613,section,K-injective complexes,K-injective complexes The following types of complexes can be used to compute right derived functors on the unbounded derived category. egin definition definition-K-injecti,lexical_candidate_only
derived-functor,21,text,07K5,derived-section-bounded,derived.tex,9885,section,Bounded cohomological dimension,"Bounded cohomological dimension There is another case where the unbounded derived functor exists. Namely, when the functor has bounded cohomological dimension. egin lemma lemma-replace-r",lexical_candidate_only
derived-functor,21,text,09LS,dga-lemma-derived-bc,dga.tex,5324,lemma,Derived tensor product,"egin lemma In the situation above, the left derived functor of F exists. We denote it - A L N : D(A, ext d ) o D(B, ext d ) .",lexical_candidate_only
derived-functor,21,text,09LI,dga-lemma-derived-restriction,dga.tex,5055,lemma,Derived Hom,"egin lemma In the situation above, the right derived functor of F exists. We denote it Rom(N, -) : D(B, ext d ) o D(A, ext d ) .",lexical_candidate_only
derived-functor,21,text,09LK,dga-lemma-existence-of-derived,dga.tex,5220,lemma,Variant of derived Hom,"egin lemma In the situation above. If the right derived functor Rom(K ullet, -) of om(K ullet, -) : K( A ) o D(extit Ab ) is everywhere defined on D( A ) , then we obtain a canonical exact functor Rom(K ullet, -) : D( A ) D(E, ext d ) of triangulated categories which reduces to t",lexical_candidate_only
derived-functor,21,text,04JR,etale-cohomology-definition-galois-cohomology,etale-cohomology.tex,8837,definition,Group cohomology,"egin definition Let G be a topological group. Let M be a discrete G -module with continuous G -action. In other words, M is an object of the category ext Mod G introduced in Definition ef definition-G-module-continuous . egin enumerate The right derived functors H i(G, M) of H 0(",lexical_candidate_only
derived-functor,21,text,04I2,etale-cohomology-definition-higher-direct-images,etale-cohomology.tex,4566,definition,Direct images,egin definition Let f: X o Y be a morphism of schemes. The right derived functors \ R pf *\ p 1 of f * : extit Ab (X ) o extit Ab (Y ) are called higher direct images .,lexical_candidate_only
derived-functor,21,text,03P3,etale-cohomology-remark-right-derived-global-sections,etale-cohomology.tex,2378,remark,Cohomology of quasi-coherent sheaves,"egin remark Comment on Theorem ef theorem-zariski-fpqc-quasi-coherent . Since S is a final object in the category C , the cohomology groups on the right-hand side are merely the right derived functors of the global sections functor. In fact the proof shows that H p(U, f * F ) = H",lexical_candidate_only
derived-functor,21,text,03OS,etale-cohomology-theorem-cech-derived,etale-cohomology.tex,1724,theorem,Cech cohomology,"egin theorem Notation and assumptions as in Definition ef definition-cech-complex . On extit PAb ( C ) the functors heck H p( U , -) are the right derived functors of heck H 0( U , -) .",lexical_candidate_only
derived-functor,21,text,0F5V,injectives-lemma-gabriel-popescu,injectives.tex,2705,lemma,The Gabriel-Popescu theorem,"egin lemma egin reference ite[Corollary 4.1] serpe Let A be a Grothendieck abelian category. Let R , F , G be as in the Gabriel-Popescu theorem (Theorem ef theorem-gabriel-popescu ). Then we obtain derived functors RG : D( A ) o D(ext Mod R) and F : D(ext Mod R) o D( A ) such tha",lexical_candidate_only
derived-functor,21,text,07KW,more-algebra-lemma-compute-Rlim,more-algebra.tex,22943,lemma,Rlim of abelian groups,"egin lemma The functor : extit Ab ( N ) o extit Ab has a right derived functor egin equation R : D(extit Ab ( N )) D(extit Ab ) As usual we set R p (K) = H p(R (K)) . Moreover, we have egin enumerate for any (A n) in extit Ab ( N ) we have R p A n = 0 for p > 1 , the object R A n",lexical_candidate_only
derived-functor,21,text,091D,more-algebra-lemma-compute-Rlim-modules,more-algebra.tex,23574,lemma,Rlim of modules,"egin lemma In the situation above. The functor : extit Mod ( N , (A n)) o ext Mod A has a right derived functor R : D(extit Mod ( N , (A n))) D(A) As usual we set R p (K) = H p(R (K)) . Moreover, we have egin enumerate for any (M n) in extit Mod ( N , (A n)) we have R p M n = 0 f",lexical_candidate_only
derived-functor,21,text,08D7,perfect-lemma-affine-pushforward,perfect.tex,1363,lemma,The coherator,egin lemma Let f : X o Y be an affine morphism of schemes. Then f * defines a derived functor f * : D( ( O X)) o D( ( O Y)) . This functor has the property that D( ( O X)) f * D ( O X) Rf * \\ D( ( O Y)) D ( O Y) commutes.,lexical_candidate_only
derived-functor,21,text,09T6,perfect-lemma-argument-proves,perfect.tex,1485,lemma,The coherator,egin lemma Let X be a quasi-compact and quasi-separated scheme. Suppose that for every affine open U X the right derived functor : D( ( O U)) o D( ( O X)) of the left exact functor j * : ( O U) o ( O X) fits into a commutative diagram D( ( O U)) i U D ( O U) Rj * \\ D( ( O X)) i ,lexical_candidate_only
derived-functor,21,text,0CRX,perfect-lemma-direct-image-coherator,perfect.tex,1604,lemma,The coherator,"egin lemma Let f : X o Y be a morphism of schemes. Assume X and Y are quasi-compact and have affine diagonal. Then, denoting : D( ( O X)) o D( ( O Y)) the right derived functor of f * : ( O X) o ( O Y) the diagram D( ( O X)) D ( O X) Rf * \\ D( ( O Y)) D ( O Y) is commutative.",lexical_candidate_only
derived-functor,21,text,08D8,perfect-lemma-flat-pushforward-coherator,perfect.tex,1392,lemma,The coherator,"egin lemma Let f : X o Y be a morphism of schemes. Assume f is quasi-compact, quasi-separated, and flat. Then, denoting : D( ( O X)) o D( ( O Y)) the right derived functor of f * : ( O X) o ( O Y) we have RQ Y irc Rf * = irc RQ X .",lexical_candidate_only
derived-functor,21,text,0FTM,sdga-section-derived-pushforward,sdga.tex,4873,section,Derived pushforward,Derived pushforward The existence of enough K-injective guarantees that we can take the right derived functor of any exact functor on the homotopy category. egin lemma \,lexical_candidate_only
derived-functor,21,text,03AY,sites-cohomology-lemma-include,sites-cohomology.tex,1448,lemma,Cech cohomology and cohomology,"egin lemma Let C be a site. Consider the functor i : extit Ab ( C ) o extit PAb ( C ) . It is a left exact functor with right derived functors given by R pi( F ) = nderline H p( F ) : U H p(U, F ) see discussion in Section ef section-locality .",lexical_candidate_only
derived-functor,21,text,06YK,sites-cohomology-lemma-include-modules,sites-cohomology.tex,1787,lemma,Cohomology of modules,"egin lemma Let ( C , O ) be a ringed site. Consider the functor i : extit Mod ( C ) o extit PMod ( C ) . It is a left exact functor with right derived functors given by R pi( F ) = nderline H p( F ) : U H p(U, F ) see discussion in Section ef section-locality .",lexical_candidate_only
derived-functor,21,text,07A7,sites-cohomology-remark-base-change,sites-cohomology.tex,4033,remark,Cohomology of unbounded complexes,"egin remark The construction of unbounded derived functor Lf * and Rf * allows one to construct the base change map in full generality. Namely, suppose that ( ( C '), O C ' ) g' f' ( ( C ), O C ) f \\ ( ( D '), O D ' ) g ( ( D ), O D ) is a commutative diagram of ringed topoi. Le",lexical_candidate_only
derived-functor,21,text,08RY,sites-cohomology-section-cohomology,sites-cohomology.tex,10885,section,Cohomology on a category,"Cohomology on a category In the situation of Example ef example-category-to-point in addition to the derived functor L ! , we also have the functor R * . For an abelian sheaf",lexical_candidate_only
derived-functor,21,text,07AB,sites-cohomology-section-derived-lower-shriek,sites-cohomology.tex,9271,section,Derived lower shriek,Derived lower shriek In this section we study morphisms g of ringed topoi where besides Lg * and Rg * there also exists a derived functor Lg ! . egin lemma,lexical_candidate_only
derived-functor,21,text,08GY,spaces-perfect-lemma-affine-pushforward,spaces-perfect.tex,2122,lemma,The coherator,egin lemma Let S be a scheme. Let f : X o Y be an affine morphism of algebraic spaces over S . Then f * defines a derived functor f * : D( ( O X)) o D( ( O Y)) . This functor has the property that D( ( O X)) f * D ( O X) Rf * \\ D( ( O Y)) D ( O Y) commutes.,lexical_candidate_only
derived-functor,21,text,09TG,spaces-perfect-lemma-argument-proves,spaces-perfect.tex,2273,lemma,The coherator,egin lemma Let S be a scheme. Let X be a quasi-compact and quasi-separated algebraic space over S . Suppose that for every etale morphism j : V o W with W X quasi-compact open and V affine the right derived functor : D( ( O U)) o D( ( O W)) of the left exact functor j * : ( O V) ,lexical_candidate_only
derived-functor,21,text,08GZ,spaces-perfect-lemma-flat-pushforward-coherator,spaces-perfect.tex,2161,lemma,The coherator,"egin lemma Let S be a scheme. Let f : X o Y be a morphism of algebraic spaces over S . Assume f is quasi-compact, quasi-separated, and flat. Then, denoting : D( ( O X)) o D( ( O Y)) the right derived functor of f * : ( O X) o ( O Y) we have RQ Y irc Rf * = irc RQ X .",lexical_candidate_only
derived-functor,21,text,07AS,stacks-perfect-lemma-shriek-derived,stacks-perfect.tex,69,lemma,The lisse-etale and the flat-fppf sites,"egin lemma Let X be an algebraic stack. Notation as in Cohomology of Stacks, Lemmas ef stacks-cohomology-lemma-lisse-etale and ef stacks-cohomology-lemma-lisse-etale-modules . egin enumerate The functor g ! : extit Ab ( X lisse, ) o extit Ab ( X ) has a left derived functor Lg ! ",lexical_candidate_only
derived-functor,21,text,03T7,trace-definition-derived-functor,trace.tex,583,definition,Derived categories,egin definition Let F: A o B be a left exact functor and assume that A has enough injectives. We define the total right derived functor of F as the functor RF: D +( A ) o D +( B ) fitting into the diagram D +( A ) RF D +( B ) \\ K +( I) F K +( B ). This is possible since the left,lexical_candidate_only
derived-functor,21,text,03VM,trace-proposition-curve-kpi1,trace.tex,3297,proposition,"Cohomology of curves, revisited","egin proposition Let X/k as before but X k P 1 k The functors (M, ho) H c 2-i (X k , F ho) are the left derived functor of (M, ho) H c 2(X k , F ho) so H c 2-i (X k , F ho) = H i( 1(X k , ), M)(-1) Moreover, there is a derived version, namely R c(X k , F ho) = LH 0( 1(X k , ), M(",lexical_candidate_only
ext,187,label;section;text,0H7K,fields-lemma-common-extension-field,fields.tex,395,lemma,Field extensions,"egin lemma Let k be a field and let E/k and F/k be field extensions. Then there exists a common field extension M/k , i.e., an extension field such that there exist maps E o M and F o M of extensions of k .",lexical_candidate_only
ext,186,label;section;text,030O,algebra-definition-separable-field-extension,algebra.tex,9915,definition,Separable extensions,egin definition Let K/k be a field extension. egin enumerate We say K is separably generated over k if there exists a transcendence basis \ x i; i I\ of K/k such that the extension K/k(x i; i I) is a separable algebraic extension. We say K is separable over k if for every subexte,lexical_candidate_only
ext,186,label;section;text,030P,algebra-lemma-subextensions-are-separable,algebra.tex,9934,lemma,Separable extensions,egin lemma Let K/k be a separable field extension. For any subextension K/K'/k the field extension K'/k is separable.,lexical_candidate_only
ext,186,label;section;text,09G7,fields-example-degree-simple-algebraic-extension,fields.tex,504,example,Finite extensions,"egin example [Degree of a simple algebraic extension] Consider a monogenic field extension E/k of the form discussed in Example ef example-monogenic-extension . In other words, E = k[t]/(P) for P k[t] an irreducible polynomial. Then the degree [E : k] is just the degree d = eg(P)",lexical_candidate_only
ext,186,label;section;text,09G1,fields-lemma-field-extension-generated-by-one-element,fields.tex,357,lemma,Field extensions,"egin lemma [Classification of simple extensions] If a field extension F/k is generated by one element, then it is k -isomorphic either to the rational function field k(t)/k or to one of the extensions k[t]/(P) for P k[t] irreducible.",lexical_candidate_only
ext,186,label;section;text,09GB,fields-section-algebraic-extensions,fields.tex,602,section,Algebraic extensions,Algebraic extensions An important class of extensions are those where every element generates a finite extension. egin definition Consider a,lexical_candidate_only
ext,186,label;section;text,010J,homology-definition-extension,homology.tex,1263,definition,Extensions,"egin definition Let A be an abelian category. Let A, B ( A ) . An extension E of B by A is a short exact sequence 0 o A o E o B o 0. A morphism of extensions between two extensions 0 o A o E o B o 0 and 0 o A o F o B o 0 means a morphism f : E o F in A making the diagram 0 A ext ",lexical_candidate_only
ext,186,label;section;text,09E9,more-algebra-definition-types-of-extensions,more-algebra.tex,33041,definition,Extensions of discrete valuation rings,"egin definition Let A be a discrete valuation ring with fraction field K . Let L/K be a finite separable extension. With B and m i , i = 1, , n as in Remark ef remark-finite-separable-extension we say the extension L/K is egin enumerate unramified with respect to A if e i = 1 and",lexical_candidate_only
ext,185,label;section;text,06XT,derived-definition-yoneda-extension,derived.tex,8775,definition,Ext groups,"egin definition Let A be an abelian category. Let A, B ( A ) . For i 1 a degree i Yoneda extension of B by A is an exact sequence E : 0 o A o Z i - 1 o Z i - 2 o o Z 0 o B o 0 in A . We say two Yoneda extensions E and E' of the same degree are equivalent if there exists a commuta",lexical_candidate_only
ext,185,label;section;text,06XU,derived-lemma-yoneda-extension,derived.tex,8831,lemma,Ext groups,"egin lemma Let A be an abelian category with objects A , B and let i 1 . Any element in i A (B, A) is elta(E) for some degree i Yoneda extension of B by A . Given two Yoneda extensions E , E' of the same degree then E is equivalent to E' if and only if elta(E) = elta(E') .",lexical_candidate_only
ext,185,label;section;text,09FV,fields-definition-extension,fields.tex,266,definition,Field extensions,"egin definition If F is a field contained in a field E , then E is said to be a field extension of F . We shall write E/F to indicate that E is an extension of F .",lexical_candidate_only
ext,185,label;section;text,09FT,fields-section-extensions,fields.tex,244,section,Field extensions,"Field extensions In general, though, we are interested not so much in fields by themselves but in field extensions . This is perhaps analogous to studying not rings but",lexical_candidate_only
ext,185,label;section;text,09G2,fields-section-finite-extensions,fields.tex,429,section,Finite extensions,"Finite extensions If F/E is a field extension, then evidently F is also a vector space over E (the scalar action is just multiplication in F ). egin definition",lexical_candidate_only
ext,185,label;section;text,010I,homology-section-extensions,homology.tex,1260,section,Extensions,"Extensions egin definition Let A be an abelian category. Let A, B ( A ) . An extension E of B by A is a short e",lexical_candidate_only
ext,185,label;section;text,0ASG,more-algebra-definition-extension-valuation-rings,more-algebra.tex,37306,definition,Extensions of valuation rings,egin definition We say that A o B or A B is an extension of valuation rings if A and B are valuation rings and A o B is injective and local. Such an extension induces a commutative diagram A \ 0\ v B \ 0\ v \\ A B where A and B are the value groups. We say that B is weakly unrami,lexical_candidate_only
ext,185,label;section;text,09E7,more-algebra-lemma-extension-dvrs-formally-smooth,more-algebra.tex,32989,lemma,Extensions of discrete valuation rings,"egin lemma Let A B be an extension of discrete valuation rings. The following are equivalent egin enumerate A o B is formally smooth in the m B -adic topology, and A o B is weakly unramified and appa B/appa A is a separable field extension.",lexical_candidate_only
ext,185,label;section;text,09E8,more-algebra-remark-finite-separable-extension,more-algebra.tex,33006,remark,Extensions of discrete valuation rings,"egin remark Let A be a discrete valuation ring with fraction field K . Let L/K be a finite separable field extension. Let B L be the integral closure of A in L . Picture: B L \\ A K By Algebra, Lemma ef algebra-lemma-Noetherian-normal-domain-finite-separable-extension the ring ex",lexical_candidate_only
ext,185,label;section;text,0B82,spaces-over-fields-section-schematic-and-field-extension,spaces-over-fields.tex,1569,section,Schematic locus and field extension,"Schematic locus and field extension It can happen that a nonrepresentable algebraic space over a field k becomes representable (i.e., a scheme) after base change to an extension",lexical_candidate_only
ext,184,label;section;text,030W,algebra-lemma-characterize-separable-field-extensions,algebra.tex,10360,lemma,"Separable extensions, continued","egin lemma Let k be a field of characteristic p > 0 . Let K/k be a field extension. The following are equivalent: egin enumerate K is separable over k , for every k -linearly independent subset \ a 1, , a m\ of K the set \ a p 1, , a m p\ is k -linearly independent, the ring K k ",lexical_candidate_only
ext,184,label;section;text,030Q,algebra-lemma-generating-finitely-generated-separable-field-extensions,algebra.tex,9945,lemma,Separable extensions,"egin lemma Let K/k be a separably generated, and finitely generated field extension. Set r = ext trdeg k(K) . Then there exist elements x 1, , x r + 1 of K such that egin enumerate x 1, , x r is a transcendence basis of K over k , K = k(x 1, , x r + 1 ) , and x r + 1 is separable",lexical_candidate_only
ext,184,label;section;text,030V,algebra-lemma-geometrically-reduced-finite-purely-inseparable-extension,algebra.tex,10425,lemma,"Separable extensions, continued","egin lemma Let k be a field. Let S be a k -algebra. The following are equivalent: egin enumerate k' k S is reduced for every finite purely inseparable extension k' of k , k 1/p k S is reduced, k perf k S is reduced, where k perf is the perfect closure of k , k k S is reduced, whe",lexical_candidate_only
ext,184,label;section;text,00GH,algebra-section-finite-ring-extensions,algebra.tex,7435,section,Finite and integral ring extensions,Finite and integral ring extensions Trivial lemmas concerning finite and integral ring maps. We recall the definition. egin definition Let arp,lexical_candidate_only
ext,184,label;section;text,0B3A,cohomology-lemma-h1-extensions,cohomology.tex,348,lemma,First cohomology and extensions,"egin lemma Let (X, O X) be a ringed space. Let F be a sheaf of O X -modules. There is a canonical bijection 1 extit Mod ( O X) ( O X, F ) H 1(X, F ) which associates to the extension 0 o F o E o O X o 0 the image of 1 (X, O X) in H 1(X, F ) .",lexical_candidate_only
ext,184,label;section;text,0B39,cohomology-section-h1-extensions,cohomology.tex,345,section,First cohomology and extensions,"First cohomology and extensions egin lemma Let (X, O X) be a ringed space. Let F be a sheaf of O X -modules. There is a canonical bijec",lexical_candidate_only
ext,184,label;section;text,0G4N,duality-remark-extension-by-zero,duality.tex,8121,remark,Extension by zero for coherent modules,egin remark Let j : U o X be an open immersion of Noetherian schemes. Sending K D b extit Coh ( O U) to a Deligne system whose restriction to U is K determines a functor Rj ! : D b extit Coh ( O U) ext Pro- D b extit Coh ( O X) which is ``exact'' by Lemma ef lemma-extension-by-ze,lexical_candidate_only
ext,184,label;section;text,0G2G,duality-section-extension-by-zero,duality.tex,7814,section,Extension by zero for coherent modules,Extension by zero for coherent modules The material in this section and the next few can be found in the appendix by Deligne of ite RD . In this section j : U o X will b,lexical_candidate_only
ext,184,label;section;text,03S2,etale-cohomology-section-extension-by-zero,etale-cohomology.tex,11353,section,Extension by zero,"Extension by zero The general material in Modules on Sites, Section ef sites-modules-section-localize allows us to make the following definition. egin definition",lexical_candidate_only
ext,184,label;section;text,09FY,fields-example-field-of-meromorphic-functions-extension-C,fields.tex,316,example,Field extensions,"egin example If X is a Riemann surface, then the field of meromorphic functions C (X) (Example ef example-field-of-meromorphic-functions ) is an extension field of C , because any element of C induces a meromorphic --- indeed, holomorphic --- constant function on X .",lexical_candidate_only
ext,184,label;section;text,09FX,fields-example-monogenic-extension,fields.tex,309,example,Field extensions,"egin example Let k be a field, and P k[x] an irreducible polynomial. We have seen that k[x]/(P) is a field (Example ef example-quotient-polymial-ring ). Since it is also a k -algebra in the obvious way, it is an extension of k .",lexical_candidate_only
ext,184,label;section;text,0BMD,fields-lemma-algebraic-extension-self-map,fields.tex,807,lemma,Algebraic extensions,egin lemma Let E/F an algebraic extension of fields. Any F -algebra map f : E o E is an automorphism.,lexical_candidate_only
ext,184,label;section;text,09GK,fields-lemma-size-algebraic-extension,fields.tex,769,lemma,Algebraic extensions,"egin lemma Let E/F be an algebraic extension of fields. Then the cardinality |E| of E is at most ( 0, |F|) .",lexical_candidate_only
ext,184,label;section;text,0BID,fields-lemma-subalgebra-algebraic-extension-field,fields.tex,786,lemma,Algebraic extensions,egin lemma Let E/F be a finite or more generally an algebraic extension of fields. Any subring F R E is a field.,lexical_candidate_only
ext,184,label;section;text,09GZ,fields-section-separable-extensions,fields.tex,1124,section,Separable algebraic extensions,Separable algebraic extensions In characteristic p something funny happens with irreducible polynomials over fields. We explain this in the following lemma. egin lemma le,lexical_candidate_only
ext,184,label;section;text,09E4,more-algebra-definition-extension-discrete-valuation-rings,more-algebra.tex,32912,definition,Extensions of discrete valuation rings,"egin definition We say that A o B or A B is an extension of discrete valuation rings if A and B are discrete valuation rings and A o B is injective and local. In particular, if A and B are uniformizers of A and B , then A = u B e for some e 1 and unit u of B . The integer e does ",lexical_candidate_only
ext,184,label;section;text,0ASJ,more-algebra-lemma-etale-extension-valuation-ring,more-algebra.tex,37480,lemma,Extensions of valuation rings,egin lemma Let A be a valuation ring. Let A o B be an etale ring map and let m B be a prime lying over the maximal ideal of A . Then A B m is an extension of valuation rings which is weakly unramified.,lexical_candidate_only
ext,184,label;section;text,0ASI,more-algebra-lemma-extension-normal-domains-and-roots,more-algebra.tex,37391,lemma,Extensions of valuation rings,egin lemma Let A o B be a flat local homomorphism of Noetherian local normal domains. Let f A and h B such that f = w h n for some n > 1 and some unit w of B . Assume that for every height 1 prime p A there is a height 1 prime q B lying over p such that the extension A p B q is w,lexical_candidate_only
ext,184,label;section;text,09AD,proetale-section-extension-by-zero,proetale.tex,5042,section,Extension by zero,"Extension by zero The general material in Modules on Sites, Section ef sites-modules-section-localize allows us to make the following definition. egin definition",lexical_candidate_only
ext,184,label;section;text,03F1,sites-cohomology-lemma-h1-extensions,sites-cohomology.tex,372,lemma,First cohomology and extensions,"egin lemma Let ( C , O ) be a ringed site. Let F be a sheaf of O -modules on C . There is a canonical bijection 1 extit Mod ( O ) ( O , F ) H 1( C , F ) which associates to the extension 0 o F o E o O o 0 the image of 1 ( C , O ) in H 1( C , F ) .",lexical_candidate_only
ext,184,label;section;text,03F0,sites-cohomology-section-h1-extensions,sites-cohomology.tex,369,section,First cohomology and extensions,"First cohomology and extensions egin lemma Let ( C , O ) be a ringed site. Let F be a sheaf of O -modules on C . Ther",lexical_candidate_only
ext,163,label;section,0564,algebra-lemma-finite-finitely-presented-extension,algebra.tex,7876,lemma,Finite and integral ring extensions,egin lemma Let R o S be a finite and finitely presented ring map. Let M be an S -module. Then M is finitely presented as an R -module if and only if M is finitely presented as an S -module.,lexical_candidate_only
ext,163,label;section,0G4T,duality-lemma-characterize-extension-by-zero,duality.tex,8276,lemma,Extension by zero for coherent modules,"egin lemma Let j : U o X be an open immersion of Noetherian schemes. Let (K n) be an inverse system in D b extit Coh ( O X) . Let X = W 1 up up W r be an open covering. The following are equivalent egin enumerate (K n) is pro-isomorphic to a Deligne system, for each i the restric",lexical_candidate_only
ext,163,label;section,0G4S,duality-lemma-characterize-extension-by-zero-algebra,duality.tex,8238,lemma,Extension by zero for coherent modules,"egin lemma Let j : U o X be an open immersion of Noetherian schemes. Let a b be integers. Let (K n) be an inverse system of D b extit Coh ( O X) such that H i(K n) = 0 for i [a, b] . The following are equivalent egin enumerate (K n) is pro-isomorphic to a Deligne system, for ever",lexical_candidate_only
ext,163,label;section,0G4L,duality-lemma-extension-by-zero,duality.tex,8021,lemma,Extension by zero for coherent modules,egin lemma Let j : U o X be an open immersion of Noetherian schemes. egin enumerate Let (K n) and (L n) be Deligne systems. Let K and L be the values of the constant systems (K n| U) and (L n| U) . Given a morphism : K o L of D( O U) there is a unique morphism of pro-systems (K n,lexical_candidate_only
ext,163,label;section,0G4M,duality-lemma-extension-by-zero-triangle,duality.tex,8063,lemma,Extension by zero for coherent modules,"egin lemma Let j : U o X be an open immersion of Noetherian schemes. Let K o L o M o K[1] be a distinguished triangle of D b extit Coh ( O U) . Then there exists an inverse system of distinguished triangles K n o L n o M n o K n[1] in D b extit Coh ( O X) such that (K n) , (L n) ",lexical_candidate_only
ext,163,label;section,0G4P,duality-remark-extension-by-zero-linear-pro-system,duality.tex,8139,remark,Extension by zero for coherent modules,"egin remark Let (A n) and (B n) be inverse systems of a category C . Let us say a linear-pro-morphism from (A n) to (B n) is given by a compatible family of morphisms arphi n : A cn + d o B n for all n 1 for some fixed integers c, d 1 . We'll say (arphi n : A cn + d o B n) and ( ",lexical_candidate_only
ext,163,label;section,03S3,etale-cohomology-definition-extension-zero,etale-cohomology.tex,11361,definition,Extension by zero,egin definition Let j : U o X be an etale morphism of schemes. egin enumerate The restriction functor j -1 : (X ) o (U ) has a left adjoint j ! Sh : (U ) o (X ) . The restriction functor j -1 : extit Ab (X ) o extit Ab (U ) has a left adjoint which is denoted j ! : extit Ab (U ) ,lexical_candidate_only
ext,163,label;section,09AE,proetale-definition-extension-zero,proetale.tex,5050,definition,Extension by zero,egin definition Let j : U o X be a weakly etale morphism of schemes. egin enumerate The restriction functor j -1 : (X ) o (U ) has a left adjoint j ! Sh : (X ) o (U ) . The restriction functor j -1 : extit Ab (X ) o extit Ab (U ) has a left adjoint which is denoted j ! : extit Ab,lexical_candidate_only
ext,116,label;text,0H4K,relative-cycles-lemma-specialization-extension,relative-cycles.tex,259,lemma,Specialization of cycles,"egin lemma Let R'/R be an extension of discrete valuation rings inducing fraction field extension K'/K and residue field extension appa'/appa (More on Algebra, Definition ef more-algebra-definition-extension-discrete-valuation-rings ). Let X be locally of finite type over R . Den",lexical_candidate_only
ext,114,label;text,00BA,algebra-item-field-extension,algebra.tex,106,item,Basic notions,"R is reduced , R is Noetherian , R is a principal ideal domain or a PID , R is a Euclidean domain , R is a unique factorization domain or a UFD , R is a discrete valuation ring or a dvr , K is a field , L/K is a field extension , L/K is an algebraic field extension , \ t i\ i I i",lexical_candidate_only
ext,114,label;text,00BB,algebra-item-field-extension-algebraic,algebra.tex,108,item,Basic notions,"R is a principal ideal domain or a PID , R is a Euclidean domain , R is a unique factorization domain or a UFD , R is a discrete valuation ring or a dvr , K is a field , L/K is a field extension , L/K is an algebraic field extension , \ t i\ i I is a transcendence basis for L ove",lexical_candidate_only
ext,114,label;text,090W,algebra-lemma-characterize-separable-algebraic-field-extensions,algebra.tex,44137,lemma,Formal smoothness of fields,"egin lemma Let K/k be a finitely generated field extension. The following are equivalent egin enumerate K is a finite separable field extension of k , K/k = 0 , K is formally unramified over k , K is unramified over k , K is formally etale over k , K is etale over k .",lexical_candidate_only
ext,114,label;text,02MJ,algebra-lemma-finite-extension-dim-1,algebra.tex,30038,lemma,Orders of vanishing,"egin lemma Let A o B be a ring map. Assume egin enumerate A is a Noetherian local domain of dimension 1 , A B is a finite extension of domains. Let L/K be the corresponding finite extension of fraction fields. Let y L * and x = ext Nm L/K (y) . In this situation B is semi-local. ",lexical_candidate_only
ext,114,label;text,07NE,algebra-lemma-finite-free-given-residue-field-extension,algebra.tex,44675,lemma,Constructing flat ring maps,egin lemma Let R be a ring. Let p R be a prime and let L/appa( p) be a finite extension of fields. Then there exists a finite free ring map R o S such that q = pS is prime and appa( q)/appa( p) is isomorphic to the given extension L/appa( p) .,lexical_candidate_only
ext,114,label;text,02MM,algebra-lemma-quasi-finite-extension-dim-1,algebra.tex,30964,lemma,Applications of Zariski's Main Theorem,"egin lemma Let A B be an extension of domains. Assume egin enumerate A is a local Noetherian ring of dimension 1 , A o B is of finite type, and the induced extension L/K of fraction fields is finite. Then B is semi-local. Let x m A , x = 0 . Let m i , i = 1, , n be the maximal id",lexical_candidate_only
ext,114,label;text,030U,algebra-lemma-separable-extension-preserves-reducedness,algebra.tex,10152,lemma,Geometrically reduced algebras,"egin lemma Let k be a field. Let S be a reduced k -algebra. Let K/k be either a separable field extension, or a separably generated field extension. Then K k S is reduced.",lexical_candidate_only
ext,114,label;text,0CBU,curves-remark-trivial-quadratic-extension,curves.tex,4332,remark,Nodal curves,"egin remark [Trivial quadratic extension] Let k be a field. Let (A, m, appa) be as in Remark ef remark-quadratic-extension and let appa'/appa be the associated separable algebra of degree 2 . Then the following are equivalent egin enumerate appa' ong appa imes appa as appa -algeb",lexical_candidate_only
ext,114,label;text,0GPW,defos-remark-extensions-of-algebras-functorial,defos.tex,309,remark,Deformations of rings and the naive cotangent complex,"egin remark Let A o B o C , M , N , c : M o N , 0 o M o B' o B o 0 , 1 B( B/A , M) , 0 o N o C' o C o 0 , and 1 C( C/A , N) be as in Lemma ef lemma-extensions-of-algebras-functorial . Using pushout along c : M o N we can construct an extension 0 N B' 1 B 0 \\ 0 M c B' B 0 by sett",lexical_candidate_only
ext,114,label;text,0GQ0,defos-remark-extensions-of-relative-ringed-spaces,defos.tex,2102,remark,Deformations of ringed spaces and the naive cotangent complex,"egin remark Let f : (X, O X) o (S, O S) and G be as in Lemma ef lemma-extensions-of-relative-ringed-spaces . Consider an extension 0 o G o O X' o O X o 0 as in the lemma. We can choose a sheaf of sets E and a commutative diagram E ' \\ O X' O X such that f -1 O S[ E ] o O X is su",lexical_candidate_only
ext,114,label;text,0GQ6,defos-remark-extensions-of-relative-ringed-topoi,defos.tex,4488,remark,Deformations of ringed topoi and the naive cotangent complex,"egin remark Let f : ( ( C ), O ) o ( B , O B ) and G be as in Lemma ef lemma-extensions-of-relative-ringed-topoi . Consider an extension 0 o G o O ' o O o 0 as in the lemma. We can choose a sheaf of sets E and a commutative diagram E ' \\ O ' O such that f -1 O B [ E ] o O is sur",lexical_candidate_only
ext,114,label;text,09EJ,more-algebra-lemma-approximate-separable-extension,more-algebra.tex,33814,lemma,Krasner's lemma,"egin lemma Let A be a discrete valuation ring with field of fractions K . Let A be the completion of A with fraction field K . If M/K is a finite separable extension, then there exists a finite separable extension L/K such that M = K K L .",lexical_candidate_only
ext,114,label;text,09IH,more-algebra-lemma-big-extension-is-ok,more-algebra.tex,35926,lemma,"Eliminating ramification, II",egin lemma Let A o B be an extension of discrete valuation rings with fraction fields K L . Assume B is essentially of finite type over A . Let K'/K be an algebraic extension of fields such that the integral closure A' of A in K' is Noetherian. Then the integral closure B' of B i,lexical_candidate_only
ext,114,label;text,07EQ,more-algebra-lemma-regular-field-extension,more-algebra.tex,10489,lemma,Regular ring maps,egin lemma Let K/k be a field extension. Then k o K is a regular ring map if and only if K is a separable field extension of k .,lexical_candidate_only
ext,114,label;text,02LF,more-morphisms-lemma-realize-prescribed-residue-field-extension-etale,more-morphisms.tex,11099,lemma,Etale neighbourhoods,"egin lemma Let S be a scheme. Let s S . Let k/appa(s) be a finite separable field extension. Then there exists an etale neighbourhood (U, u) o (S, s) such that the field extension appa(u)/appa(s) is isomorphic to k/appa(s) .",lexical_candidate_only
ext,114,label;text,0FVT,weil-lemma-check-over-extension,weil.tex,5228,lemma,"Weil cohomology theories, III","egin lemma Let k'/k be an extension of fields. Let F'/F be an extension of fields of characteristic 0 . Assume given egin enumerate data (D0), (D1), (D2') for k and F denoted F(1), H *, c 1 H , data (D0), (D1), (D2') for k' and F' denoted F'(1), (H') *, c 1 H' , and an isomorphis",lexical_candidate_only
ext,113,label;text,02HS,algebra-definition-small-extension,algebra.tex,38937,definition,Smooth ring maps in the Noetherian case,"egin definition Let arphi : B' o B be a ring map. We say arphi is a small extension if B' and B are local Artinian rings, arphi is surjective and I = (arphi) has length 1 as a B' -module.",lexical_candidate_only
ext,113,label;text,045I,algebra-lemma-Noetherian-field-extension,algebra.tex,6166,lemma,Noetherian rings,egin lemma Let k be a field and let R be a Noetherian k -algebra. If K/k is a finitely generated field extension then K k R is Noetherian.,lexical_candidate_only
ext,113,label;text,032L,algebra-lemma-Noetherian-normal-domain-finite-separable-extension,algebra.tex,45269,lemma,Japanese rings,egin lemma Let R be a Noetherian normal domain with fraction field K . Let L/K be a finite separable field extension. Then the integral closure of R in L is finite over R .,lexical_candidate_only
ext,113,label;text,031Z,algebra-lemma-characterize-formally-smooth-field-extension,algebra.tex,44397,lemma,Formal smoothness of fields,egin lemma Let K/k be an extension of fields. Then K is formally smooth over k if and only if H 1(L K/k ) = 0 .,lexical_candidate_only
ext,113,label;text,00P4,algebra-lemma-dimension-at-a-point-preserved-field-extension,algebra.tex,28307,lemma,"Dimension of finite type algebras over fields, reprise","egin lemma Let k be a field. Let S be a finite type k -algebra. Set X = (S) . Let K/k be a field extension. Set S K = K k S , and X K = (S K) . Let q S be a prime corresponding to x X and let q K S K be a prime corresponding to x K X K lying over q . Then im x X = im x K X K .",lexical_candidate_only
ext,113,label;text,00P3,algebra-lemma-dimension-preserved-field-extension,algebra.tex,28290,lemma,"Dimension of finite type algebras over fields, reprise",egin lemma Let k be a field. Let S be a finite type k -algebra. Let K/k be a field extension. Then im(S) = im(K k S) .,lexical_candidate_only
ext,113,label;text,037P,algebra-lemma-field-extension-geometrically-irreducible,algebra.tex,11297,lemma,Geometrically irreducible algebras,"egin lemma Let K/k be a field extension. If k is algebraically closed in K , then K is geometrically irreducible over k .",lexical_candidate_only
ext,113,label;text,032K,algebra-lemma-finite-extension-N-2,algebra.tex,45257,lemma,Japanese rings,"egin lemma Let R be a Noetherian domain, and let R S be a finite extension of domains. If S is N-1, then so is R . If S is N-2, then so is R .",lexical_candidate_only
ext,113,label;text,00GA,algebra-lemma-finite-residue-extension-closed,algebra.tex,6845,lemma,Jacobson rings,egin lemma Let R o S be a ring map. Let m R be a maximal ideal. Let q S be a prime ideal lying over m such that appa( q)/appa( m) is an algebraic field extension. Then q is a maximal ideal of S .,lexical_candidate_only
ext,113,label;text,0320,algebra-lemma-formally-smooth-extensions-easy,algebra.tex,44409,lemma,Formal smoothness of fields,"egin lemma Let K/k be an extension of fields. egin enumerate If K is purely transcendental over k , then K is formally smooth over k . If K is separable algebraic over k , then K is formally smooth over k . If K is separable over k , then K is formally smooth over k .",lexical_candidate_only
ext,113,label;text,0CWE,algebra-lemma-inequalities-under-field-extension,algebra.tex,28359,lemma,"Dimension of finite type algebras over fields, reprise",egin lemma Let k be a field. Let S be a finite type k -algebra. Let K/k be a field extension. Set S K = K k S . Let q S be a prime and let q K S K be a prime lying over q . Then im (S K S appa( q)) q K = im (S K) q K - im S q = ext trdeg k appa( q) - ext trdeg K appa( q K) Moreov,lexical_candidate_only
ext,113,label;text,0C30,algebra-lemma-separable-field-extension-geometrically-normal,algebra.tex,46975,lemma,Geometrically normal algebras,egin lemma Let k be a field. Let K/k be a separable field extension. Then K is geometrically normal over k .,lexical_candidate_only
ext,113,label;text,07DZ,algebra-lemma-size-extension-pth-roots,algebra.tex,44229,lemma,Formal smoothness of fields,"egin lemma Let k be a field of characteristic p > 0 . Let a 1, , a n k be elements such that ext d a 1, , ext d a n are linearly independent in k/ F p . Then the field extension k(a 1 1/p , , a n 1/p ) has degree p n over k .",lexical_candidate_only
ext,113,label;text,0322,algebra-proposition-characterize-separable-field-extensions,algebra.tex,44475,proposition,Formal smoothness of fields,"egin proposition Let K/k be a field extension. If the characteristic of k is zero then egin enumerate K is separable over k , K is geometrically reduced over k , K is formally smooth over k , H 1(L K/k ) = 0 , and the map K k k/ Z o K/ Z is injective. If the characteristic of k i",lexical_candidate_only
ext,113,label;text,0C56,curves-lemma-node-field-extension,curves.tex,4388,lemma,Nodal curves,"egin lemma Let K/k be an extension of fields. Let X be a locally algebraic k -scheme of dimension 1 . Let y X K be a point with image x X . The following are equivalent egin enumerate x is a closed point of X and a node, and y is a closed point of Y and a node.",lexical_candidate_only
ext,113,label;text,0CD6,curves-lemma-node-over-separable-extension,curves.tex,4467,lemma,Nodal curves,"egin lemma Let k'/k be a finite separable field extension. Let X be a locally algebraic k' -scheme of dimension 1 . Let x X be a closed point. The following are equivalent egin enumerate x is a node, and x is a node when X viewed as a locally algebraic k -scheme.",lexical_candidate_only
ext,113,label;text,0E65,curves-lemma-rational-bridge-field-extension,curves.tex,6124,lemma,Contracting rational bridges,"egin lemma Let k be a field. Let X be a proper scheme over k having dimension 1 and H 0(X, O X) = k . Assume the singularities of X are at-worst-nodal. Let C X be a rational bridge (Example ef example-rational-bridge ). For any field extension K/k the base change C K X K is a fin",lexical_candidate_only
ext,113,label;text,0E3I,curves-lemma-rational-tail-field-extension,curves.tex,5793,lemma,Contracting rational tails,"egin lemma Let k be a field. Let X be a proper scheme over k having dimension 1 and H 0(X, O X) = k . Assume the singularities of X are at-worst-nodal. Let C X be a rational tail (Example ef example-rational-tail ). For any field extension K/k the base change C K X K is a finite ",lexical_candidate_only
ext,113,label;text,0CBT,curves-remark-quadratic-extension,curves.tex,4304,remark,Nodal curves,"egin remark [The quadratic extension associated to a node] Let k be a field. Let (A, m, appa) be a Noetherian local k -algebra. Assume that either (A, m, appa) is as in Lemma ef lemma-nodal-algebraic , or A is Nagata as in Lemma ef lemma-2-branches-delta-1 , or A is complete and ",lexical_candidate_only
ext,113,label;text,08AL,decent-spaces-lemma-finite-residue-field-extension-finite,decent-spaces.tex,3386,lemma,Decent spaces,egin lemma Let S be a scheme. Let X be a decent algebraic space over S . Consider a commutative diagram (k) X \\ S Assume that the image point s S of (k) o S is a closed point and that the field extension k/appa(s) is finite. Then (k) o X is a finite morphism. If appa(s) = k then,lexical_candidate_only
ext,113,label;text,0GPT,defos-lemma-extensions-of-algebras,defos.tex,217,lemma,Deformations of rings and the naive cotangent complex,"egin lemma Let A be a ring. Let B be an A -algebra. Let N be a B -module. The set of isomorphism classes of extensions of A -algebras 0 o N o B' o B o 0 where N is an ideal of square zero is canonically bijective to 1 B( B/A , N) .",lexical_candidate_only
ext,113,label;text,0GPV,defos-lemma-extensions-of-algebras-functorial,defos.tex,263,lemma,Deformations of rings and the naive cotangent complex,"egin lemma Given ring maps A o B o C , a B -module M , a C -module N , a B -linear map c : M o N , and extensions of A -algebras with square zero kernels egin enumerate 0 o M o B' o B o 0 corresponding to 1 B( B/A , M) , and 0 o N o C' o C o 0 corresponding to 1 C( C/A , N) . See",lexical_candidate_only
ext,113,label;text,0GPZ,defos-lemma-extensions-of-relative-ringed-spaces,defos.tex,2064,lemma,Deformations of ringed spaces and the naive cotangent complex,"egin lemma Let f : (X, O X) o (S, O S) be a morphism of ringed spaces. Let G be a O X -module. The set of isomorphism classes of extensions of f -1 O S -algebras 0 o G o O X' o O X o 0 where G is an ideal of square zero In other words, the set of isomorphism classes of first orde",lexical_candidate_only
ext,113,label;text,0GQ1,defos-lemma-extensions-of-relative-ringed-spaces-functorial,defos.tex,2141,lemma,Deformations of ringed spaces and the naive cotangent complex,"egin lemma Let f : (X, O X) o (S, O S) and g : (Y, O Y) o (X, O X) be morphisms of ringed spaces. Let F be a O X -module. Let G be a O Y -module. Let c : F o G be a g -map. Finally, consider egin enumerate 0 o F o O X' o O X o 0 an extension of f -1 O S -algebras corresponding to",lexical_candidate_only
ext,113,label;text,0GQ5,defos-lemma-extensions-of-relative-ringed-topoi,defos.tex,4448,lemma,Deformations of ringed topoi and the naive cotangent complex,"egin lemma Let f : ( ( C ), O ) o ( ( B ), O B ) be a morphism of ringed topoi. Let G be an O -module. The set of isomorphism classes of extensions of f -1 O B -algebras 0 o G o O ' o O o 0 where G is an ideal of square zero In other words, the set of isomorphism classes of first",lexical_candidate_only
ext,113,label;text,0GQ7,defos-lemma-extensions-of-relative-ringed-topoi-functorial,defos.tex,4530,lemma,Deformations of ringed topoi and the naive cotangent complex,"egin lemma Let f : ( ( C ), O C ) o ( ( B ), O B ) and g : ( ( D ), O D ) o ( ( C ), O C ) be morphisms of ringed topoi. Let F be a O C -module. Let G be a O D -module. Let c : g * F o G be a O D -linear map. Finally, consider egin enumerate 0 o F o O C ' o O C o 0 an extension o",lexical_candidate_only
ext,113,label;text,0GPU,defos-remark-extensions-of-algebras,defos.tex,242,remark,Deformations of rings and the naive cotangent complex,"egin remark Let A o B and N be as in Lemma ef lemma-extensions-of-algebras . Let : P o B be a presentation of B over A , see Algebra, Section ef algebra-section-netherlander . With J = ( ) the naive cotangent complex ( ) associated to is the complex J/J 2 o P/A P B . We have 1 B(",lexical_candidate_only
ext,113,label;text,0GQ2,defos-remark-extensions-of-relative-ringed-spaces-functorial,defos.tex,2203,remark,Deformations of ringed spaces and the naive cotangent complex,"egin remark Let f : (X, O X) o (S, O S) , g : (Y, O Y) o (X, O X) , F , G , c : F o G , 0 o F o O X' o O X o 0 , 1 O X ( X/S , F ) , 0 o G o O Y' o O Y o 0 , and 1 O Y ( Y/S , G ) be as in Lemma ef lemma-extensions-of-relative-ringed-spaces-functorial . Using pushout along c : g ",lexical_candidate_only
ext,113,label;text,0GQ8,defos-remark-extensions-of-relative-ringed-topoi-functorial,defos.tex,4617,remark,Deformations of ringed topoi and the naive cotangent complex,"egin remark Let f : ( ( C ), O C ) o ( ( B ), O B ) , g : ( ( D ), O D ) o ( ( C ), O C ) , F , G , c : g * F o G , 0 o F o O C ' o O C o 0 , 1 O C ( O C / O B , F ) , 0 o G o O D ' o O D o 0 , and 1 O D ( O D / O B , G ) be as in Lemma ef lemma-extensions-of-relative-ringed-topo",lexical_candidate_only
ext,113,label;text,0CYC,defos-remark-obstruction-extension-functorial-ringed-topoi,defos.tex,3228,remark,Modules on first order thickenings of ringed topoi,"egin remark Let ( ( C ), O ) , ( ( C ), O ) o ( ( D i), O ' i) , I i , and h : ( ( D 1), O ' 1) o ( ( D 2), O ' 2) be as in Remark ef remark-extension-functorial-ringed-topoi . Observe that h : O ' 2 o O ' 1 in particular induces an O -module map I 2 o I 1 . Let F be an O -module",lexical_candidate_only
ext,113,label;text,08LD,defos-remark-trivial-extension-functorial,defos.tex,1027,remark,Modules on first order thickenings of ringed spaces,"egin remark Let (X, O X) , (X, O X) o (X' i, O X' i ) , I i , and h : (X' 1, O X' 1 ) o (X' 2, O X' 2 ) be as in Remark ef remark-extension-functorial . Assume that we are given trivializations i : X' i o X such that 1 = h irc 2 . In other words, assume h is a morphism of trivial",lexical_candidate_only
ext,113,label;text,08MK,defos-remark-trivial-extension-functorial-ringed-topoi,defos.tex,3180,remark,Modules on first order thickenings of ringed topoi,"egin remark Let ( ( C ), O ) , ( ( C ), O ) o ( ( D i), O ' i) , I i , and h : ( ( D 1), O ' 1) o ( ( D 2), O ' 2) be as in Remark ef remark-extension-functorial-ringed-topoi . Assume that we are given trivializations i : ( ( D i), O ' i) o ( ( C ), O ) such that 1 = h irc 2 . In",lexical_candidate_only
ext,113,label;text,08XM,dualizing-lemma-essential-extension,dualizing.tex,154,lemma,Essential surjections and injections,"egin lemma Let R be a ring. Let M N be R -modules. The following are equivalent egin enumerate M N is an essential extension, for all x N nonzero there exists an f R such that fx M and fx = 0 .",lexical_candidate_only
ext,113,label;text,0F1C,etale-cohomology-lemma-base-change-field-extension,etale-cohomology.tex,18032,lemma,Applications of smooth base change,egin lemma Let L/K be an extension of fields. Let g : T o S be a quasi-compact and quasi-separated morphism of schemes over K . Denote g L : T L o S L the base change of g to (L) . Let E D +(T ) have cohomology sheaves whose stalks are torsion of orders invertible in K . Let E L ,lexical_candidate_only
ext,113,label;text,0F0T,etale-cohomology-lemma-cd-field-extension,etale-cohomology.tex,19673,lemma,Cohomological dimension,egin lemma Let L/K be a field extension. Then we have ext cd (L) ext cd (K) + ext trdeg K(L) .,lexical_candidate_only
ext,113,label;text,0GY2,etale-cohomology-lemma-find-extension,etale-cohomology.tex,14523,lemma,Absolutely integrally closed vanishing,"egin lemma Let A be a ring. Let a, b A such that aA + bA = A and a mod bA is a root of unity. Then there exists a monogenic extension A B and an element y B such that u = a - by is a unit.",lexical_candidate_only
spectral-sequence,94,section;text,01F6,cohomology-lemma-relative-Leray,cohomology.tex,2296,lemma,The Leray spectral sequence,"egin lemma [Relative Leray spectral sequence] Let f : X o Y and g : Y o Z be morphisms of ringed spaces. Let F be an O X -module. There is a spectral sequence with E 2 p, q = R pg *(R qf * F ) converging to R p + q (g irc f) * F . This spectral sequence is functorial in F , and t",lexical_candidate_only
spectral-sequence,94,section;text,01F3,cohomology-remark-Leray-ss-more-structure,cohomology.tex,2237,remark,The Leray spectral sequence,"egin remark The Leray spectral sequence, the way we proved it in Lemma ef lemma-Leray is a spectral sequence of (Y, O Y) -modules. However, it is quite easy to see that it is in fact a spectral sequence of (X, O X) -modules. For example f gives rise to a morphism of ringed spaces",lexical_candidate_only
spectral-sequence,93,section;text,01F2,cohomology-lemma-Leray,cohomology.tex,2213,lemma,The Leray spectral sequence,"egin lemma [Leray spectral sequence] Let f : X o Y be a morphism of ringed spaces. Let F ullet be a bounded below complex of O X -modules. There is a spectral sequence E 2 p, q = H p(Y, R qf *( F ullet)) converging to H p + q (X, F ullet) .",lexical_candidate_only
spectral-sequence,93,section;text,08RC,cotangent-section-spectral-sequence,cotangent.tex,2058,section,A spectral sequence of Quillen,A spectral sequence of Quillen In this section we discuss a spectral sequence relating derived tensor product to the cotangent complex. egin lemma lemma-vanishing-symmetric-po,lexical_candidate_only
spectral-sequence,93,section;text,08RF,cotangent-theorem-quillen-spectral-sequence,cotangent.tex,2163,theorem,A spectral sequence of Quillen,"egin theorem [Quillen spectral sequence] Let A o B be a surjective ring map. Consider the sheaf = O /A O nderline B of nderline B -modules on C B/A , see Section ef section-compute-L-pi-shriek . Then there is a spectral sequence with E 1 -page E 1 p, q = H - p - q ( C B/A , ext S",lexical_candidate_only
spectral-sequence,93,section;text,03QC,etale-cohomology-proposition-leray,etale-cohomology.tex,8176,proposition,The Leray spectral sequence,"egin proposition [Leray spectral sequence] Let f: X o Y be a morphism of schemes and F an etale sheaf on X . Then there is a spectral sequence E 2 p, q = H p(Y, R qf * F ) H p+q (X, F ).",lexical_candidate_only
spectral-sequence,93,section;text,03OU,etale-cohomology-section-cech-ss,etale-cohomology.tex,1751,section,The Cech-to-cohomology spectral sequence,The Cech-to-cohomology spectral sequence This spectral sequence is fundamental in proving foundational results on cohomology of sheaves. egin lemma The forgetful functor,lexical_candidate_only
spectral-sequence,93,section;text,0BDU,homology-definition-bounded-ss,homology.tex,6262,definition,Spectral sequences: filtered complexes,"egin definition Let A be an abelian category. Let (E r, d r) r r 0 be a spectral sequence of bigraded objects of A with d r of bidegree (r, -r + 1) . We say such a spectral sequence is egin enumerate regular if for all p, q Z there is a b = b(p, q) such that the maps d r p, q : E",lexical_candidate_only
spectral-sequence,93,section;text,011Z,homology-definition-differential-object-selfmap,homology.tex,5584,definition,Spectral sequences: differential objects,"egin definition Let A be an abelian category. Let (A, d) be a differential object of A . Let : A o A be an injective selfmap of A which commutes with d . The spectral sequence associated to (A, d, ) is the spectral sequence (E r, d r) r 0 described above.",lexical_candidate_only
spectral-sequence,93,section;text,011S,homology-definition-spectral-sequence-associated-exact-couple,homology.tex,5345,definition,Spectral sequences: exact couples,"egin definition Let A be an abelian category. Let (A, E, , f, g) be an exact couple. The spectral sequence associated to the exact couple is the spectral sequence (E r, d r) r 1 with E 1 = E , d 1 = d , E 2 = E' , d 2 = d' = g' irc f' , E 3 = E'' , d 3 = d'' = g'' irc f'' , and s",lexical_candidate_only
spectral-sequence,93,section;text,012A,homology-section-filtered-differential,homology.tex,5663,section,Spectral sequences: filtered differential objects,Spectral sequences: filtered differential objects We can build a spectral sequence starting with a filtered differential object. egin definition Let,lexical_candidate_only
spectral-sequence,93,section;text,011M,homology-section-spectral-sequence,homology.tex,5157,section,Spectral sequences,"Spectral sequences A nice discussion of spectral sequences may be found in ite Eisenbud . See also ite McCleary , ite Lang , etc. egin definition definition-",lexical_candidate_only
spectral-sequence,93,section;text,0662,more-algebra-example-tor,more-algebra.tex,15243,example,Spectral sequences for Tor,"egin example Let K ullet, L ullet be objects of D - (R) . Then there is a spectral sequence with E 2 p, q = H p(K ullet R L H q(L ullet)) H p + q (K ullet R L L ullet) and another spectral sequence with E 2 p, q = H p(H q(K ullet) R L L ullet) H p + q (K ullet R L L ullet) Both s",lexical_candidate_only
spectral-sequence,93,section;text,0H7Z,more-algebra-lemma-kunneth-spectral-sequence,more-algebra.tex,15801,lemma,Kunneth spectral sequence,"egin lemma [Kunneth Spectral Sequence] Let R be a ring. Let K and L be objects of D b(R) . There exists a bigraded bounded spectral sequence \ E r\ r 2 with E 2 p, q = igoplus i + j = q ext Tor R -p (H i(K), H j(L)) and d r of bidegree (r, -r + 1) converging to H p + q (K R L L) ",lexical_candidate_only
spectral-sequence,93,section;text,0AVG,more-algebra-section-spectral-sequence-ext,more-algebra.tex,17354,section,Spectral sequences for Ext,"Spectral sequences for Ext In this section we collect various spectral sequences that come up when considering the Ext functors. For any pair of objects L , K of the derived c",lexical_candidate_only
spectral-sequence,93,section;text,061Y,more-algebra-section-spectral-sequence-tor,more-algebra.tex,15151,section,Spectral sequences for Tor,Spectral sequences for Tor In this section we collect various spectral sequences that come up when considering the Tor functors. egin example example-cohomology-compl,lexical_candidate_only
spectral-sequence,93,section;text,07AA,sites-cohomology-example-hom-complex-into-sheaf,sites-cohomology.tex,8172,example,Spectral sequences for Ext,"egin example Let ( C , O ) be a ringed site. Let K ullet be a bounded above complex of O -modules. Let F be an O -module. Then there is a spectral sequence with E 2 -page E 2 i, j = O i(H -j ( K ullet), F ) O i + j ( K ullet, F ) and another spectral sequence with E 1 -page E 1 i",lexical_candidate_only
spectral-sequence,93,section;text,0732,sites-cohomology-lemma-Leray,sites-cohomology.tex,2323,lemma,The Leray spectral sequence,"egin lemma [Leray spectral sequence] Let f : ( ( C ), O C ) o ( ( D ), O D ) be a morphism of ringed topoi. Let F ullet be a bounded below complex of O C -modules. There is a spectral sequence E 2 p, q = H p( D , R qf *( F ullet)) converging to H p + q ( C , F ullet) .",lexical_candidate_only
spectral-sequence,93,section;text,0734,sites-cohomology-lemma-relative-Leray,sites-cohomology.tex,2367,lemma,The Leray spectral sequence,"egin lemma [Relative Leray spectral sequence] Let f : ( ( C ), O C ) o ( ( D ), O D ) and g : ( ( D ), O D ) o ( ( E ), O E ) be morphisms of ringed topoi. Let F be an O C -module. There is a spectral sequence with E 2 p, q = R pg *(R qf * F ) converging to R p + q (g irc f) * F ",lexical_candidate_only
spectral-sequence,93,section;text,072X,sites-cohomology-section-leray,sites-cohomology.tex,2205,section,The Leray spectral sequence,The Leray spectral sequence The key to proving the existence of the Leray spectral sequence is the following lemma. egin lemma Let f : ( (,lexical_candidate_only
spectral-sequence,93,section;text,07A9,sites-cohomology-section-spectral-sequence-ext,sites-cohomology.tex,8156,section,Spectral sequences for Ext,"Spectral sequences for Ext In this section we collect various spectral sequences that come up when considering the Ext functors. For any pair of complexes G ullet, \",lexical_candidate_only
spectral-sequence,92,section;text,01EY,cohomology-section-Leray,cohomology.tex,2089,section,The Leray spectral sequence,"The Leray spectral sequence egin lemma Let f : X o Y be a morphism of ringed spaces. There is a commutative diagram D + (X) - R (X, -)",lexical_candidate_only
spectral-sequence,92,section;text,0FMM,derham-lemma-spectral-sequence-smooth,derham.tex,1723,lemma,The spectral sequence for a smooth morphism,"egin lemma Let f : X o Y be a quasi-compact, quasi-separated, and smooth morphism of schemes over a base scheme S . There is a bounded spectral sequence with first page E 1 p, q = H q( p Y/S O Y L Rf * ullet X/Y ) converging to R p + q f * ullet X/S .",lexical_candidate_only
spectral-sequence,92,section;text,0FM6,derham-section-hodge-to-de-rham,derham.tex,454,section,Two spectral sequences,Two spectral sequences Let p : X o S be a morphism of schemes. Since the category of p -1 O S -modules on X has enough injectives there exist a Cartan-Eilenberg,lexical_candidate_only
spectral-sequence,92,section;text,0FMK,derham-section-relative-spectral-sequence,derham.tex,1664,section,The spectral sequence for a smooth morphism,The spectral sequence for a smooth morphism Consider a commutative diagram of schemes X f p Y q \\ S where f is a smooth morphism. Then we,lexical_candidate_only
spectral-sequence,92,section;text,03OX,etale-cohomology-remark-grothendieck-ss,etale-cohomology.tex,1833,remark,The Cech-to-cohomology spectral sequence,egin remark This is a Grothendieck spectral sequence for the composition of functors extit Ab ( C ) extit PAb ( C ) heck H 0 extit Ab .,lexical_candidate_only
spectral-sequence,92,section;text,03QA,etale-cohomology-section-leray,etale-cohomology.tex,8143,section,The Leray spectral sequence,The Leray spectral sequence egin lemma Let f: X o Y be a morphism and I an injective object of extit Ab (X ) . Let V (Y ) . Then egin,lexical_candidate_only
spectral-sequence,92,section;text,03OW,etale-cohomology-theorem-cech-ss,etale-cohomology.tex,1771,theorem,The Cech-to-cohomology spectral sequence,"egin theorem Let C be a site. For any covering U = \ U i o U\ i I of U ( C ) and any abelian sheaf F on C there is a spectral sequence E 2 p, q = heck H p( U , nderline H q( F )) H p+q (U, F ), where nderline H q( F ) is the abelian presheaf V H q(V, F ) .",lexical_candidate_only
spectral-sequence,92,section;text,012U,homology-definition-filtered-complex-ss-converges,homology.tex,6317,definition,Spectral sequences: filtered complexes,"egin definition Let A be an abelian category. Let (K ullet, F) be a filtered complex of A . We say the spectral sequence associated to (K ullet, F) egin enumerate weakly converges to H *(K ullet) if ext gr pH n(K ullet) = E p, n - p via Lemma ef lemma-compute-cohomology-filtered-",lexical_candidate_only
spectral-sequence,92,section;text,012I,homology-definition-filtered-differential-ss-converges,homology.tex,5906,definition,Spectral sequences: filtered differential objects,"egin definition Let A be an abelian category. Let (K, F, d) be a filtered differential object of A . We say the spectral sequence associated to (K, F, d) egin enumerate weakly converges to H(K) if ext gr H(K) = E via Lemma ef lemma-compute-filtered-cohomology , abuts to H(K) if i",lexical_candidate_only
spectral-sequence,92,section;text,011O,homology-definition-limit-spectral-sequence,homology.tex,5219,definition,Spectral sequences,"egin definition Let A be an abelian category. Let (E r, d r) r 1 be a spectral sequence. egin enumerate If the subobjects Z = igcap Z r and B = igcup B r of E 1 exist then we define the limit This notation is not universally accepted. In some references an additional pair of subo",lexical_candidate_only
spectral-sequence,92,section;text,011N,homology-definition-spectral-sequence,homology.tex,5164,definition,Spectral sequences,"egin definition Let A be an abelian category. egin enumerate A spectral sequence in A is given by a system (E r, d r) r 1 where each E r is an object of A , each d r : E r o E r is a morphism such that d r irc d r = 0 and E r + 1 = (d r)/ (d r) for r 1 . A morphism of spectral se",lexical_candidate_only
spectral-sequence,92,section;text,0131,homology-definition-ss-double-complex-converge,homology.tex,6637,definition,Spectral sequences: double complexes,"egin definition Let A be an abelian category. Let K ullet, ullet be a double complex. We say the spectral sequence ( 'E r, 'd r) r 0 weakly converges to H n(ext Tot (K ullet, ullet )) , abuts to H n(ext Tot (K ullet, ullet )) , or converges to H n(ext Tot (K ullet, ullet )) if De",lexical_candidate_only
spectral-sequence,92,section;text,012W,homology-lemma-biregular-ss-converges,homology.tex,6362,lemma,Spectral sequences: filtered complexes,"egin lemma Let A be an abelian category. Let (K ullet, F) be a filtered complex of A . Assume that the filtration on each K n is finite (see Definition ef definition-filtered ). Then egin enumerate the spectral sequence associated to (K ullet, F) is bounded, the filtration on eac",lexical_candidate_only
spectral-sequence,92,section;text,012V,homology-lemma-filtered-complex-ss-converges,homology.tex,6342,lemma,Spectral sequences: filtered complexes,"egin lemma Let A be an abelian category. Let (K ullet, F) be a filtered complex of A . The associated spectral sequence egin enumerate weakly converges to H *(K ullet) if and only if for every p, q Z we have equality in equations (ef equation-at-bottom-bigraded ) and (ef equation",lexical_candidate_only
spectral-sequence,92,section;text,012J,homology-lemma-filtered-differential-ss-converges,homology.tex,5923,lemma,Spectral sequences: filtered differential objects,"egin lemma Let A be an abelian category. Let (K, F, d) be a filtered differential object of A . The associated spectral sequence egin enumerate weakly converges to H(K) if and only if for every p Z we have equality in equations (ef equation-at-bottom ) and (ef equation-on-top ), ",lexical_candidate_only
spectral-sequence,92,section;text,0132,homology-lemma-first-quadrant-ss,homology.tex,6672,lemma,Spectral sequences: double complexes,"egin lemma Let A be an abelian category. Let K ullet, ullet be a double complex. Assume that for every n Z there are only finitely many nonzero K p, q with p + q = n . Then egin enumerate the two spectral sequences associated to K ullet, ullet are bounded, the filtrations F I , F",lexical_candidate_only
spectral-sequence,92,section;text,0BDV,homology-lemma-relate-boundedness,homology.tex,6292,lemma,Spectral sequences: filtered complexes,"egin lemma In the situation of Definition ef definition-bounded-ss . Let Z r p, q , B r p, q E r 0 p, q be the (p, q) -graded parts of Z r, B r defined as in Section ef section-spectral-sequence . egin enumerate The spectral sequence is regular if and only if for all p, q there e",lexical_candidate_only
spectral-sequence,92,section;text,011T,homology-lemma-spectral-sequence-associated-exact-couple,homology.tex,5356,lemma,Spectral sequences: exact couples,"egin lemma Let A be an abelian category. Let (A, E, , f, g) be an exact couple. Let (E r, d r) r 1 be the spectral sequence associated to the exact couple. In this case we have 0 = B 1 B r + 1 = g( ( r)) Z r + 1 = f -1 ( ( r)) Z 1 = E and the map d r + 1 : E r + 1 o E r + 1 is de",lexical_candidate_only
spectral-sequence,92,section;text,012M,homology-lemma-spectral-sequence-filtered-complex,homology.tex,6049,lemma,Spectral sequences: filtered complexes,"egin lemma Let A be an abelian category. Let (K ullet, F) be a filtered complex of A . There is a spectral sequence (E r, d r) r 0 in the category of bigraded objects of A associated to (K ullet, F) such that d r has bidegree (r, - r + 1) and such that E r has bigraded pieces E r",lexical_candidate_only
spectral-sequence,92,section;text,012N,homology-lemma-spectral-sequence-filtered-complex-d1,homology.tex,6107,lemma,Spectral sequences: filtered complexes,"egin lemma Let A be an abelian category. Let (K ullet, F) be a filtered complex of A . Assume A has countable direct sums. Let (E r, d r) r 0 be the spectral sequence associated to (K ullet, F) . egin enumerate The map d 1 p, q : E 1 p, q = H p + q (ext gr p(K ullet)) E 1 p + 1, ",lexical_candidate_only
spectral-sequence,92,section;text,012O,homology-lemma-spectral-sequence-filtered-complex-functorial,homology.tex,6148,lemma,Spectral sequences: filtered complexes,"egin lemma Let A be an abelian category. Let : (K ullet, F) o (L ullet, F) be a morphism of filtered complexes of A . Let (E r(K), d r) r 0 , resp.\ (E r(L), d r) r 0 be the spectral sequence associated to (K ullet, F) , resp.\ (L ullet, F) . The morphism induces a canonical morp",lexical_candidate_only
spectral-sequence,92,section;text,012C,homology-lemma-spectral-sequence-filtered-differential,homology.tex,5749,lemma,Spectral sequences: filtered differential objects,"egin lemma Let A be an abelian category. Let (K, F, d) be a filtered differential object of A . There is a spectral sequence (E r, d r) r 0 in ext Gr ( A ) associated to (K, F, d) such that d r : E r o E r[r] for all r and such that the graded pieces E r p and maps d r p : E r p ",lexical_candidate_only
spectral-sequence,92,section;text,012D,homology-lemma-spectral-sequence-filtered-differential-d1,homology.tex,5798,lemma,Spectral sequences: filtered differential objects,"egin lemma Let A be an abelian category. Let (K, F, d) be a filtered differential object of A . The spectral sequence (E r, d r) r 0 associated to (K, F, d) has d 1 p : E 1 p = H(ext gr pK) H(ext gr p + 1 K) = E 1 p + 1 equal to the boundary map in homology associated to the shor",lexical_candidate_only
spectral-sequence,92,section;text,0130,homology-lemma-ss-double-complex,homology.tex,6608,lemma,Spectral sequences: double complexes,"egin lemma Let A be an abelian category. Let K ullet, ullet be a double complex. The spectral sequences associated to K ullet, ullet have the following terms: egin enumerate 'E 0 p, q = K p, q with 'd 0 p, q = (-1) p d 2 p, q : K p, q o K p, q + 1 , ''E 0 p, q = K q, p with ''d 0",lexical_candidate_only
spectral-sequence,92,section;text,0AMI,homology-remark-allow-translation-functors,homology.tex,5245,remark,Spectral sequences,"egin remark [Variant] It is often the case that the terms of a spectral sequence have additional structure, for example a grading or a bigrading. To accommodate this (and to get around certain technical issues) we introduce the following notion. Let A be an abelian category. Let ",lexical_candidate_only
spectral-sequence,92,section;text,011U,homology-section-differential-object,homology.tex,5469,section,Spectral sequences: differential objects,"Spectral sequences: differential objects egin definition Let A be an abelian category. A differential object of A is a pair (A, d)",lexical_candidate_only
spectral-sequence,92,section;text,012X,homology-section-double-complex,homology.tex,6566,section,Spectral sequences: double complexes,"Spectral sequences: double complexes Let K ullet, ullet be a double complex, see Section ef section-double-complexes . It is customary to denote H p I(K ullet, ullet ) the comple",lexical_candidate_only
spectral-sequence,92,section;text,011P,homology-section-exact-couple,homology.tex,5286,section,Spectral sequences: exact couples,"Spectral sequences: exact couples egin definition Let A be an abelian category. egin enumerate An exact couple is a datum (A, E, , f, g",lexical_candidate_only
spectral-sequence,92,section;text,012K,homology-section-filtered-complex,homology.tex,5955,section,Spectral sequences: filtered complexes,Spectral sequences: filtered complexes egin definition Let A be an abelian category. A filtered complex K ullet of A is a complex of,lexical_candidate_only
spectral-sequence,92,section;text,0H80,more-algebra-example-kunneth-dedekind,more-algebra.tex,15835,example,Kunneth spectral sequence,"egin example If R = Z or more generally if R is a Dedekind domain, then ext Tor i R(M, N) = 0 for i \ 0, 1\ for all R -modules M and N . Hence the spectral sequence of Lemma ef lemma-kunneth-spectral-sequence degenerates at the E 2 page and we get short exact sequences 0 o igoplu",lexical_candidate_only
spectral-sequence,92,section;text,0620,more-algebra-example-tor-base-change,more-algebra.tex,15209,example,Spectral sequences for Tor,"egin example Consider a commutative diagram B B' = B A A' \\ A A' and B -modules M, N . Set M' = M A A' = M B B' and N' = N A A' = N B B' . Assume that A o B is flat and that M and N are A -flat. Then there is a spectral sequence ext Tor A i(ext Tor j B(M, N), A') ext Tor B' i + ",lexical_candidate_only
spectral-sequence,92,section;text,068F,more-algebra-example-tor-change-rings,more-algebra.tex,15192,example,Spectral sequences for Tor,"egin example Let R o S be a ring map. Let M be an R -module and let N be an S -module. Then there is a spectral sequence ext Tor S n(ext Tor R m(M, S), N) ext Tor R n + m (M, N). To construct it choose a R -free resolution P ullet of M . Then we have M R L N = P ullet R N = (P ul",lexical_candidate_only
spectral-sequence,92,section;text,0H7Y,more-algebra-proposition-kunneth-filtered,more-algebra.tex,15767,proposition,Kunneth spectral sequence,"egin proposition Let R be a ring. Let K ullet and L ullet be filtered complexes of R -modules. Then there exists a filtered complex T ullet representing K ullet R L L ullet in D(R) such that the associated spectral sequence has E 1 -page E 1 p, q = igoplus i + j = p H p + q (ext ",lexical_candidate_only
spectral-sequence,92,section;text,0H7V,more-algebra-section-kunneth-spectral-sequence,more-algebra.tex,15427,section,Kunneth spectral sequence,"Kunneth spectral sequence Let R be a ring. Let K ullet and L ullet be filtered complexes of R -modules (see Homology, Definition ef homology-definition-filtered",lexical_candidate_only
spectral-sequence,71,section,01F4,cohomology-lemma-apply-Leray,cohomology.tex,2255,lemma,The Leray spectral sequence,"egin lemma Let f : X o Y be a morphism of ringed spaces. Let F be an O X -module. egin enumerate If R qf * F = 0 for q > 0 , then H p(X, F ) = H p(Y, f * F ) for all p . If H p(Y, R qf * F ) = 0 for all q and p > 0 , then H q(X, F ) = H 0(Y, R qf * F ) for all q .",lexical_candidate_only
spectral-sequence,71,section,01EZ,cohomology-lemma-before-Leray,cohomology.tex,2092,lemma,The Leray spectral sequence,"egin lemma Let f : X o Y be a morphism of ringed spaces. There is a commutative diagram D + (X) - R (X, -) Rf * D + ( O X(X)) ext restriction \\ D + (Y) - R (Y, -) D + ( O Y(Y)) More generally for any V Y open and U = f -1 (V) there is a commutative diagram D + (X) - R (U, -) Rf ",lexical_candidate_only
spectral-sequence,71,section,01F5,cohomology-lemma-higher-direct-images-compose,cohomology.tex,2273,lemma,The Leray spectral sequence,egin lemma egin slogan The total derived functor of a composition is the composition of the total derived functors. Let f : X o Y and g : Y o Z be morphisms of ringed spaces. In this case Rg * irc Rf * = R(g irc f) * as functors from D + (X) o D + (Z) .,lexical_candidate_only
spectral-sequence,71,section,01F1,cohomology-lemma-modules-abelian,cohomology.tex,2175,lemma,The Leray spectral sequence,"egin lemma Let X be a ringed space. Let F be an O X -module. egin enumerate The cohomology groups H i(U, F ) for U X open of F computed as an O X -module, or computed as an abelian sheaf are identical. Let f : X o Y be a morphism of ringed spaces. The higher direct images R if * ",lexical_candidate_only
spectral-sequence,71,section,01F0,cohomology-remark-elucidate-lemma,cohomology.tex,2147,remark,The Leray spectral sequence,"egin remark Here is a down-to-earth explanation of the meaning of Lemma ef lemma-before-Leray . It says that given f : X o Y and F extit Mod ( O X) and given an injective resolution F o I ullet we have egin matrix R (X, F ) ext is represented by (X, I ullet) \\ Rf * F ext is repr",lexical_candidate_only
spectral-sequence,71,section,,cotangent-lemma-conormal-ext-tor-maps,cotangent.tex,2346,lemma,A spectral sequence of Quillen,"egin lemma egin reference ite[Expose 149, Section 3, pp. 173--175] FGA . Let A o B be a surjective map of rings with kernel I . For every A -module M and every p 0 there are functorial maps A p(B, M) om B ( B p(I/I 2), M A Bight) and B p(I/I 2) B om A(B, M) ext Tor p A(B, M).",lexical_candidate_only
spectral-sequence,71,section,08RE,cotangent-lemma-map-tors-zero,cotangent.tex,2138,lemma,A spectral sequence of Quillen,"egin lemma Let A be a ring. Let P = A[E] be a polynomial ring. Set I = (e; e E) P . The maps ext Tor i P(A, I n + 1 ) o ext Tor i P(A, I n) are zero for all i and n .",lexical_candidate_only
spectral-sequence,71,section,08RD,cotangent-lemma-vanishing-symmetric-powers,cotangent.tex,2065,lemma,A spectral sequence of Quillen,"egin lemma Notation and assumptions as in Cohomology on Sites, Example ef sites-cohomology-example-category-to-point . Assume C has a cosimplicial object as in Cohomology on Sites, Lemma ef sites-cohomology-lemma-compute-by-cosimplicial-resolution . Let F be a flat nderline B -mo",lexical_candidate_only
spectral-sequence,71,section,09D6,cotangent-remark-elucidate-degree-two,cotangent.tex,2401,remark,A spectral sequence of Quillen,"egin remark Let A o B be a ring map. Let P ullet be a resolution of B over A (Remark ef remark-resolution ). Set J n = (P n o B) . Note that ext Tor 2 P n (B, B) = ext Tor 1 P n (J n, B) = (J n P n J n o J n 2). Hence H 2(L B/A ) is canonically equal to (ext Tor 2 P 1 (B, B) o ex",lexical_candidate_only
spectral-sequence,71,section,08RG,cotangent-remark-elucidate-ss,cotangent.tex,2313,remark,A spectral sequence of Quillen,"egin remark In the situation of Theorem ef theorem-quillen-spectral-sequence let I = (A o B) . Then H -1 (L B/A ) = H 1( C B/A , ) = I/I 2 , see Lemma ef lemma-surjection . Hence H k( C B/A , ext Sym k( )) = k B(I/I 2) by Remark ef remark-first-homology-symmetric-power . Thus the",lexical_candidate_only
spectral-sequence,71,section,08SG,cotangent-remark-first-homology-symmetric-power,cotangent.tex,2116,remark,A spectral sequence of Quillen,"egin remark In the situation of Lemma ef lemma-vanishing-symmetric-powers one can show that H k( C , ext Sym k( F )) = k B(H 1( C , F )) . Namely, it can be deduced from the proof that H k( C , ext Sym k( F )) is the S k -coinvariants of H -k (L !( F ) B L L !( F ) B L B L L !( F",lexical_candidate_only
spectral-sequence,71,section,0FMN,derham-remark-gauss-manin,derham.tex,1749,remark,The spectral sequence for a smooth morphism,egin remark In Lemma ef lemma-spectral-sequence-smooth consider the cohomology sheaves H q dR (X/Y) = H q(Rf * ullet X/Y ) If f is proper in addition to being smooth and S is a scheme over Q then H q dR (X/Y) is finite locally free (insert future reference here). If we only assum,lexical_candidate_only
spectral-sequence,71,section,03OV,etale-cohomology-lemma-forget-injectives,etale-cohomology.tex,1758,lemma,The Cech-to-cohomology spectral sequence,egin lemma The forgetful functor extit Ab ( C )o extit PAb ( C ) transforms injectives into injectives.,lexical_candidate_only
spectral-sequence,71,section,03QB,etale-cohomology-lemma-prepare-leray,etale-cohomology.tex,8146,lemma,The Leray spectral sequence,"egin lemma Let f: X o Y be a morphism and I an injective object of extit Ab (X ) . Let V (Y ) . Then egin enumerate for any covering V = \ V jo V\ j J we have heck H p( V , f * I ) = 0 for all p > 0 , f * I is acyclic for the functor (V, -) , and if g : Y o Z , then f * I is acyc",lexical_candidate_only
spectral-sequence,71,section,011V,homology-definition-differential-object,homology.tex,5472,definition,Spectral sequences: differential objects,"egin definition Let A be an abelian category. A differential object of A is a pair (A, d) consisting of an object A of A endowed with a selfmap d such that d irc d = 0 . A morphism of differential objects (A, d) o (B, d) is given by a morphism : A o B such that d irc = irc d .",lexical_candidate_only
spectral-sequence,71,section,011X,homology-definition-differential-object-homology,homology.tex,5498,definition,Spectral sequences: differential objects,"egin definition For a differential object (A, d) we denote H(A, d) = (d)/ (d) its homology .",lexical_candidate_only
spectral-sequence,71,section,011Q,homology-definition-exact-couple,homology.tex,5289,definition,Spectral sequences: exact couples,"egin definition Let A be an abelian category. egin enumerate An exact couple is a datum (A, E, , f, g) where A , E are objects of A and , f , g are morphisms as in the following diagram A A g \\ E f with the property that the kernel of each arrow is the image of its predecessor. ",lexical_candidate_only
spectral-sequence,71,section,012L,homology-definition-filtered-complex,homology.tex,5958,definition,Spectral sequences: filtered complexes,egin definition Let A be an abelian category. A filtered complex K ullet of A is a complex of ext Fil ( A ) (see Definition ef definition-filtered ).,lexical_candidate_only
spectral-sequence,71,section,012B,homology-definition-filtered-differential,homology.tex,5670,definition,Spectral sequences: filtered differential objects,"egin definition Let A be an abelian category. A filtered differential object (K, F, d) is a filtered object (K, F) of A endowed with an endomorphism d : (K, F) o (K, F) whose square is zero: d irc d = 0 .",lexical_candidate_only
spectral-sequence,71,section,012P,homology-definition-filtration-cohomology-filtered-complex,homology.tex,6165,definition,Spectral sequences: filtered complexes,"egin definition Let A be an abelian category. Let (K ullet, F) be a filtered complex of A . The induced filtration on H n(K ullet) is the filtration defined by F pH n(K ullet) = (H n(F pK ullet) o H n(K ullet)) .",lexical_candidate_only
spectral-sequence,71,section,012E,homology-definition-filtration-cohomology-filtered-differential,homology.tex,5821,definition,Spectral sequences: filtered differential objects,"egin definition Let A be an abelian category. Let (K, F, d) be a filtered differential object of A . The induced filtration on H(K, d) is the filtration defined by F pH(K, d) = (H(F pK, d) o H(K, d)) .",lexical_candidate_only
spectral-sequence,71,section,012H,homology-equation-at-bottom,homology.tex,5889,equation,Spectral sequences: filtered differential objects,egin equation igcup r (F pK ap d(F p - r + 1 K) + F p + 1 Kight) (d) ap F pK + F p + 1 K.,lexical_candidate_only
spectral-sequence,71,section,012T,homology-equation-at-bottom-bigraded,homology.tex,6244,equation,Spectral sequences: filtered complexes,egin equation igcup r ( F pK n ap d(F p - r + 1 K n - 1 ) + F p + 1 K n ight) (d) ap F pK n + F p + 1 K n .,lexical_candidate_only
spectral-sequence,71,section,012R,homology-equation-filtration-cohomology,homology.tex,6175,equation,Spectral sequences: filtered complexes,"egin equation F pH n(K ullet, d) = (d) ap F pK n + (d) ap K n (d) ap K n",lexical_candidate_only
spectral-sequence,71,section,0BDT,homology-equation-graded-cohomology,homology.tex,6181,equation,Spectral sequences: filtered complexes,egin equation ext gr p H n(K ullet) = (d) ap F pK n (d) ap F p + 1 K n + (d) ap F pK n,lexical_candidate_only
spectral-sequence,71,section,012G,homology-equation-on-top,homology.tex,5882,equation,Spectral sequences: filtered differential objects,egin equation (d) ap F pK + F p + 1 K igcap r (F pK ap d -1 (F p + r K) + F p + 1 Kight),lexical_candidate_only
spectral-sequence,71,section,012S,homology-equation-on-top-bigraded,homology.tex,6234,equation,Spectral sequences: filtered complexes,egin equation (d) ap F pK n + F p + 1 K n igcap r ( F pK n ap d -1 (F p + r K n + 1 ) + F p + 1 K n ight),lexical_candidate_only
spectral-sequence,71,section,0BDW,homology-lemma-biregular-ss-relation-in-K0,homology.tex,6413,lemma,Spectral sequences: filtered complexes,"egin lemma Let A be an abelian category. Let (K ullet, F) be a filtered complex of A . Assume that the filtration on each K n is finite (see Definition ef definition-filtered ) and that for some r we have only a finite number of nonzero E r p, q . Then only a finite number of H n",lexical_candidate_only
spectral-sequence,71,section,012Q,homology-lemma-compute-cohomology-filtered-complex,homology.tex,6188,lemma,Spectral sequences: filtered complexes,"egin lemma Let A be an abelian category. Let (K ullet, F) be a filtered complex of A . If Z p, q and B p, q exist (see proof), then egin enumerate the limit E exists and is a bigraded object having E p, q = Z p, q /B p, q in bidegree (p, q) , the p th graded part ext gr pH n(K ul",lexical_candidate_only
spectral-sequence,71,section,012F,homology-lemma-compute-filtered-cohomology,homology.tex,5842,lemma,Spectral sequences: filtered differential objects,"egin lemma Let A be an abelian category. Let (K, F, d) be a filtered differential object of A . If Z p and B p exist (see proof), then egin enumerate the limit E exists and is graded having E p = Z p/B p in degree p , and the associated graded ext gr (H(K)) of the cohomology of K",lexical_candidate_only
spectral-sequence,71,section,011R,homology-lemma-derived-exact-couple,homology.tex,5315,lemma,Spectral sequences: exact couples,"egin lemma Let (A, E, , f, g) be an exact couple in an abelian category A . Set egin enumerate d = g irc f : E o E so that d irc d = 0 , E' = (d)/ (d) , A' = ( ) , ' : A' o A' induced by , f' : E' o A' induced by f , g' : A' o E' induced by `` g irc -1 ''. Then we have egin enume",lexical_candidate_only
spectral-sequence,71,section,011W,homology-lemma-differential-objects-abelian,homology.tex,5484,lemma,Spectral sequences: differential objects,egin lemma egin slogan The category of differential objects of an abelian category is itself an abelian category. Let A be an abelian category. The category of differential objects of A is abelian.,lexical_candidate_only
spectral-sequence,71,section,011Y,homology-lemma-differential-objects-ses,homology.tex,5507,lemma,Spectral sequences: differential objects,"egin lemma Let A be an abelian category. Let 0 o (A, d) o (B, d) o (C, d) o 0 be a short exact sequence of differential objects. Then we get an exact homology sequence o H(C, d) o H(A, d) o H(B, d) o H(C, d) o",lexical_candidate_only
spectral-sequence,71,section,0133,homology-lemma-double-complex-gives-resolution,homology.tex,6699,lemma,Spectral sequences: double complexes,"egin lemma Let A be an abelian category. Let K ullet be a complex. Let A ullet, ullet be a double complex. Let p : K p o A p, 0 be morphisms. Assume that egin enumerate For every n Z there are only finitely many nonzero A p, q with p + q = n . We have A p, q = 0 if q < 0 . The mo",lexical_candidate_only
spectral-sequence,71,section,0FKH,homology-lemma-homotopy-complex-complexes,homology.tex,6746,lemma,Spectral sequences: double complexes,"egin lemma Let A be an abelian category. Let M ullet be a complex of A . Let a : M ullet[0] (A 0, ullet o A 1, ullet o A 2, ullet o ight) be a homotopy equivalence in the category of complexes of complexes of A . Then the map : M ullet o ext Tot (A ullet, ullet ) induced by M ull",lexical_candidate_only
spectral-sequence,71,section,0BK5,homology-lemma-ss-converges-trivial,homology.tex,6464,lemma,Spectral sequences: filtered complexes,"egin lemma Let A be an abelian category. Let (K ullet, F) be a filtered complex of A . Assume egin enumerate for every n there exist p 0(n) such that H n(F pK ullet) = 0 for p p 0(n) , for every n there exist p 1(n) such that H n(F pK ullet) o H n(K ullet) is an isomorphism for p",lexical_candidate_only
spectral-sequence,71,section,0AMK,homology-remark-differential-object-selfmap,homology.tex,5594,remark,Spectral sequences: differential objects,"egin remark [Variant] Let A be an abelian category and let S, T : A o A be shift functors, i.e., isomorphisms of categories. Assume that TS = ST as functors. Consider pairs (A, d) consisting of an object A of A and a morphism d : A o SA such that d irc S -1 d = 0 . The category o",lexical_candidate_only
spectral-sequence,71,section,0AMJ,homology-remark-shifted-exact-couple,homology.tex,5397,remark,Spectral sequences: exact couples,"egin remark [Variant] Let A be an abelian category. Let S, T : A o A be shift functors, i.e., isomorphisms of categories. We will indicate the n -fold compositions by S nA and T nA for A ( A ) and n Z . In this situation an exact couple is a datum (A, E, , f, g) where A , E are o",lexical_candidate_only
spectral-sequence,71,section,0AVH,more-algebra-equation-first-ss-ext,more-algebra.tex,17370,equation,Spectral sequences for Ext,"egin equation E 2 i, j = R i(M, H j(K)) R i + j (M, K)",lexical_candidate_only
spectral-sequence,71,section,0AVI,more-algebra-equation-second-ss-ext,more-algebra.tex,17376,equation,Spectral sequences for Ext,"egin equation E 1 i, j = R j(M, K i) R i + j (M, K)",lexical_candidate_only
spectral-sequence,71,section,061Z,more-algebra-example-cohomology-complex-tensored,more-algebra.tex,15159,example,Spectral sequences for Tor,"egin example Let R be a ring. Let K ullet be a chain complex of R -modules with K n = 0 for n 0 . Let M be an R -module. Choose a resolution P ullet o M of M by free R -modules. We obtain a double chain complex K ullet R P ullet . Applying the material in Homology, Section ef hom",lexical_candidate_only
spectral-sequence,71,section,0H7W,more-algebra-lemma-kunneth-converges,more-algebra.tex,15518,lemma,Kunneth spectral sequence,"egin lemma Under the assumptions above, if in addition egin enumerate the filtration on K ullet is finite and the filtration on L ullet is finite, or more generally the following are true egin enumerate F iK ullet is acyclic for i 0 , F iK ullet o K ullet is a quasi-isomorphism f",lexical_candidate_only
spectral-sequence,71,section,0H7X,more-algebra-lemma-resolution-filtered-complex,more-algebra.tex,15646,lemma,Kunneth spectral sequence,"egin lemma Let R be a ring. Let K ullet be a filtered complex. There exists a map f : P ullet o K ullet of filtered complexes such that egin enumerate each P n , F iP n , ext gr iP n is a free R -module, the complexes of R -modules P ullet , F iP ullet , and ext gr iP ullet are K",lexical_candidate_only
spectral-sequence,71,section,0733,sites-cohomology-lemma-apply-Leray,sites-cohomology.tex,2347,lemma,The Leray spectral sequence,"egin lemma Let f : ( ( C ), O C ) o ( ( D ), O D ) be a morphism of ringed topoi. Let F be an O C -module. egin enumerate If R qf * F = 0 for q > 0 , then H p( C , F ) = H p( D , f * F ) for all p . If H p( D , R qf * F ) = 0 for all q and p > 0 , then H q( C , F ) = H 0( D , R q",lexical_candidate_only
spectral-sequence,71,section,072Z,sites-cohomology-lemma-direct-image-injective-sheaf,sites-cohomology.tex,2212,lemma,The Leray spectral sequence,"egin lemma Let f : ( ( C ), O C ) o ( ( D ), O D ) be a morphism of ringed topoi. Then for any injective object I in extit Mod ( O C ) the pushforward f * I is totally acyclic.",lexical_candidate_only
spectral-sequence,71,section,0731,sites-cohomology-lemma-limp-acyclic,sites-cohomology.tex,2273,lemma,The Leray spectral sequence,"egin lemma Let ( ( C ), O C ) be a ringed topos. A totally acyclic sheaf is right acyclic for the following functors: egin enumerate the functor H 0(U, -) for any object U of C , the functor F F (K) for any presheaf of sets K , the functor ( C , -) of global sections, the functor",lexical_candidate_only
spectral-sequence,71,section,0730,sites-cohomology-lemma-pushforward-injective-flat,sites-cohomology.tex,2257,lemma,The Leray spectral sequence,"egin lemma Let f : ( ( C ), O C ) o ( ( D ), O D ) be a morphism of ringed topoi. If f is flat, then f * I is an injective O D -module for any injective O C -module I .",lexical_candidate_only
spectral-sequence,71,section,08J6,sites-cohomology-remark-before-Leray,sites-cohomology.tex,2305,remark,The Leray spectral sequence,"egin remark As a consequence of the results above we find that Derived Categories, Lemma ef derived-lemma-compose-derived-functors applies to a number of situations. For example, given a morphism f : ( ( C ), O C ) o ( ( D ), O D ) of ringed topoi we have R ( D , Rf * F ) = R ( C",lexical_candidate_only
spectral-sequence,22,text,01ES,cohomology-lemma-cech-spectral-sequence,cohomology.tex,1541,lemma,Cech cohomology and cohomology,"egin lemma Let X be a ringed space. Let U : U = igcup i I U i be an open covering. For any sheaf of O X -modules F there is a spectral sequence (E r, d r) r 0 with E 2 p, q = heck H p( U , nderline H q( F )) converging to H p + q (U, F ) . This spectral sequence is functorial in ",lexical_candidate_only
spectral-sequence,22,text,01E9,cohomology-section-mayer-vietoris,cohomology.tex,705,section,Mayer-Vietoris,"Mayer-Vietoris Below will construct the Cech-to-cohomology spectral sequence, see Lemma ef lemma-cech-spectral-sequence . A special case of that spectral sequence is",lexical_candidate_only
spectral-sequence,22,text,015N,derived-lemma-grothendieck-spectral-sequence,derived.tex,7329,lemma,Composition of right derived functors,"egin lemma [Grothendieck spectral sequence] With assumptions as in Lemma ef lemma-compose-derived-functors and assuming the equivalent conditions (1) and (2) hold. Let X be an object of D + ( A ) . There exists a spectral sequence (E r, d r) r 0 consisting of bigraded objects E r",lexical_candidate_only
spectral-sequence,22,text,015K,derived-remark-functorial-ss,derived.tex,7254,remark,Cartan-Eilenberg resolutions,"egin remark The spectral sequences of Lemma ef lemma-two-ss-complex-functor are functorial in the complex K ullet . This follows from functoriality properties of Cartan-Eilenberg resolutions. On the other hand, they are both examples of a more general spectral sequence which may ",lexical_candidate_only
spectral-sequence,22,text,03AZ,sites-cohomology-lemma-cech-spectral-sequence,sites-cohomology.tex,1475,lemma,Cech cohomology and cohomology,"egin lemma Let C be a site. Let U = \ U i o U\ i I be a covering of C . For any abelian sheaf F there is a spectral sequence (E r, d r) r 0 with E 2 p, q = heck H p( U , nderline H q( F )) converging to H p + q (U, F ) . This spectral sequence is functorial in F .",lexical_candidate_only
spectral-sequence,22,text,0D7F,spaces-simplicial-lemma-augmentation-spectral-sequence-modules,spaces-simplicial.tex,2178,lemma,Cohomology and augmentations of ringed simplicial sites,"egin lemma With notation as above for any K in D +( O ) there is a spectral sequence (E r, d r) r 0 in extit Mod ( O D ) with E 1 p, q = R qa p, * K p converging to R p + q a *K . This spectral sequence is functorial in K .",lexical_candidate_only
spectral-sequence,22,text,0D7E,spaces-simplicial-lemma-simplicial-module-cohomology-site,spaces-simplicial.tex,1944,lemma,Cohomology on ringed simplicial sites,"egin lemma In Situation ef situation-simplicial-site let O be a sheaf of rings. For K in D +( O ) there is a spectral sequence (E r, d r) r 0 with E 1 p, q = H q( C p, K p), d 1 p, q : E 1 p, q o E 1 p + 1, q converging to H p + q ( C total , K) . This spectral sequence is functo",lexical_candidate_only
spectral-sequence,22,text,09W6,spaces-simplicial-lemma-simplicial-sheaf-cohomology,spaces-simplicial.tex,407,lemma,Simplicial topological spaces,"egin lemma Let X be a simplicial topological space. Let F be an abelian sheaf on X . There is a spectral sequence (E r, d r) r 0 with E 1 p, q = H q(X p, F p) converging to H p + q (X Zar , F ) . This spectral sequence is functorial in F .",lexical_candidate_only
spectral-sequence,22,text,09WJ,spaces-simplicial-lemma-simplicial-sheaf-cohomology-site,spaces-simplicial.tex,1560,lemma,Cohomology on simplicial sites,"egin lemma In Situation ef situation-simplicial-site . For K in D +( C total ) there is a spectral sequence (E r, d r) r 0 with E 1 p, q = H q( C p, K p), d 1 p, q : E 1 p, q o E 1 p + 1, q converging to H p + q ( C total , K) . This spectral sequence is functorial in K .",lexical_candidate_only
spectral-sequence,21,text,0FLK,cohomology-example-spectral-sequence-bis,cohomology.tex,6925,example,Cohomology of filtered complexes,"egin example Let (X, O X) be a ringed space. Let F ullet be a complex of O X -modules. We can apply Lemma ef lemma-spectral-sequence-filtered-object with F p F ullet = p F ullet . Then we get a spectral sequence E 1 p, q = H p + q (X, F p[-p]) = H q(X, F p) If F ullet is bounded ",lexical_candidate_only
spectral-sequence,21,text,0FLL,cohomology-lemma-relative-spectral-sequence-filtered-object,cohomology.tex,6948,lemma,Cohomology of filtered complexes,"egin lemma Let f : (X, O X) o (Y, O Y) be a morphism of ringed spaces. Let F ullet be a filtered complex of O X -modules. There exists a canonical spectral sequence (E r, ext d r) r 1 of bigraded O Y -modules with d r of bidegree (r, -r + 1) and E 1 p, q = R p + q f *ext gr p F u",lexical_candidate_only
spectral-sequence,21,text,0BKK,cohomology-lemma-spectral-sequence-filtered-object,cohomology.tex,6822,lemma,Cohomology of filtered complexes,"egin lemma Let (X, O X) be a ringed space. Let F ullet be a filtered complex of O X -modules. There exists a canonical spectral sequence (E r, ext d r) r 1 of bigraded (X, O X) -modules with d r of bidegree (r, -r + 1) and E 1 p, q = H p + q (X, ext gr p F ullet) If for every n w",lexical_candidate_only
spectral-sequence,21,text,0BKL,cohomology-remark-spectral-sequence-filtered-object,cohomology.tex,6862,remark,Cohomology of filtered complexes,"egin remark Let (X, O X) be a ringed space. Let F ullet be a filtered complex of O X -modules. If F ullet is bounded from below and for each n the filtration on F n is finite, then there is a construction of the spectral sequence in Lemma ef lemma-spectral-sequence-filtered-objec",lexical_candidate_only
spectral-sequence,21,text,09D5,cotangent-remark-surjection,cotangent.tex,2020,remark,Comparison with the naive cotangent complex,"egin remark Adopt notation as in Remark ef remark-make-map . The arguments given there show that the differential H 2( C B/A , J / J 2) H 0( C B/A , ext Tor 1 O ( J , nderline B )) of the spectral sequence is an isomorphism. Let C ' B/A denote the full subcategory of C B/A consis",lexical_candidate_only
spectral-sequence,21,text,0FM7,derham-section-hodge-filtration,derham.tex,547,section,The Hodge filtration,The Hodge filtration Let X o S be a morphism of schemes. The Hodge filtration on H n dR (X/S) is the filtration induced by the Hodge-to-de Rham spectral sequence (Homolog,lexical_candidate_only
spectral-sequence,21,text,015W,derived-lemma-ss-filtered-derived,derived.tex,8484,lemma,Filtered derived category and injective resolutions,"egin lemma Let A , B be abelian categories. Let T : A o B be a left exact functor. Assume A has enough injectives. Let (K ullet, F) be an object of ext Comp + (ext Fil f( A )) . There exists a spectral sequence (E r, d r) r 0 consisting of bigraded objects E r of B and d r of bid",lexical_candidate_only
spectral-sequence,21,text,015J,derived-lemma-two-ss-complex-functor,derived.tex,7177,lemma,Cartan-Eilenberg resolutions,"egin lemma Let F : A o B be a left exact functor of abelian categories. Let K ullet be a bounded below complex of A . Let I ullet, ullet be a Cartan-Eilenberg resolution for K ullet . The spectral sequences ( 'E r, 'd r) r 0 and ( ''E r, ''d r) r 0 associated to the double comple",lexical_candidate_only
sheaf-cohomology,138,chapter;section;text,01DZ,cohomology-section-cohomology-sheaves,cohomology.tex,33,section,Cohomology of sheaves,"Cohomology of sheaves Let X be a topological space. Let F be an abelian sheaf. We know that the category of abelian sheaves on X has enough injectives, see Inje",lexical_candidate_only
sheaf-cohomology,137,label;chapter,0GT3,cohomology-lemma-invertible-ideal-sheaf,cohomology.tex,14112,lemma,An operator introduced by Berthelot and Ogus,"egin lemma Let (X, O X) be a ringed space. Let I O X be a sheaf of ideals. Consider the following two conditions egin enumerate for every x X there exists an open neighbourhood U X of x and f I (U) such that I | U = O U dot f and f : O U o O U is injective, and I is invertible as",lexical_candidate_only
sheaf-cohomology,137,label;chapter,0A38,cohomology-lemma-subsheaf-of-constant-sheaf,cohomology.tex,3480,lemma,Vanishing on Noetherian topological spaces,egin lemma egin reference ite[Page 168] Tohoku . Let X be a topological space such that the intersection of any two quasi-compact opens is quasi-compact. Let F nderline Z be a subsheaf generated by finitely many sections over quasi-compact opens. Then there exists a finite filtra,lexical_candidate_only
sheaf-cohomology,117,chapter;section,0712,cohomology-equation-cohomology,cohomology.tex,42,equation,Cohomology of sheaves,"egin equation H i(X, F ) = H i( (X, I ullet))",lexical_candidate_only
sheaf-cohomology,117,chapter;section,0714,cohomology-equation-cohomology-modules,cohomology.tex,69,equation,Cohomology of sheaves,"egin equation H i(X, F ) = H i( (X, I ullet))",lexical_candidate_only
sheaf-cohomology,117,chapter;section,0713,cohomology-equation-higher-direct-image,cohomology.tex,54,equation,Cohomology of sheaves,egin equation R if * F = H i(f * I ullet),lexical_candidate_only
sheaf-cohomology,117,chapter;section,0715,cohomology-equation-higher-direct-image-modules,cohomology.tex,81,equation,Cohomology of sheaves,egin equation R if * F = H i(f * I ullet),lexical_candidate_only
sheaf-cohomology,92,section;text,01FT,sites-cohomology-section-cohomology-sheaves,sites-cohomology.tex,32,section,Cohomology of sheaves,"Cohomology of sheaves Let C be a site, see Sites, Definition ef sites-definition-site . Let F be an abelian sheaf on C . We know that the c",lexical_candidate_only
sheaf-cohomology,71,section,071E,sites-cohomology-equation-cohomology,sites-cohomology.tex,69,equation,Cohomology of sheaves,"egin equation H i( C , F ) = H i( ( C , I ullet))",lexical_candidate_only
sheaf-cohomology,71,section,071H,sites-cohomology-equation-cohomology-modules,sites-cohomology.tex,109,equation,Cohomology of sheaves,"egin equation H i( C , F ) = H i( ( C , I ullet))",lexical_candidate_only
sheaf-cohomology,71,section,071C,sites-cohomology-equation-cohomology-object-site,sites-cohomology.tex,45,equation,Cohomology of sheaves,"egin equation H i(U, F ) = H i( (U, I ullet))",lexical_candidate_only
sheaf-cohomology,71,section,071G,sites-cohomology-equation-cohomology-object-site-modules,sites-cohomology.tex,102,equation,Cohomology of sheaves,"egin equation H i(U, F ) = H i( (U, I ullet))",lexical_candidate_only
sheaf-cohomology,71,section,071D,sites-cohomology-equation-global-sections,sites-cohomology.tex,60,equation,Cohomology of sheaves,"egin equation ( C , F ) = extit PSh ( C ) (e, F )",lexical_candidate_only
sheaf-cohomology,71,section,071F,sites-cohomology-equation-higher-direct-image,sites-cohomology.tex,83,equation,Cohomology of sheaves,egin equation R if * F = H i(f * I ullet),lexical_candidate_only
sheaf-cohomology,71,section,071I,sites-cohomology-equation-higher-direct-image-modules,sites-cohomology.tex,124,equation,Cohomology of sheaves,egin equation R if * F = H i(f * I ullet),lexical_candidate_only
sheaf-cohomology,68,chapter;text,01DW,cohomology-section-phantom,cohomology.tex,13,section,,preamble egin document itle Cohomology of Sheaves ableofcontents Introduction In this document we work out some topics on cohomology of sheaves on topological spaces. We mo,lexical_candidate_only
sheaf-cohomology,67,chapter;text,01DX,cohomology-section-introduction,cohomology.tex,18,section,Introduction,Introduction In this document we work out some topics on cohomology of sheaves on topological spaces. We mostly work in the generality of modules over a sheaf of rings and w,lexical_candidate_only
sheaf-cohomology,46,chapter,06Y9,cohomology-definition-K-flat,cohomology.tex,5838,definition,Flat resolutions,"egin definition Let (X, O X) be a ringed space. A complex K ullet of O X -modules is called K-flat if for every acyclic complex F ullet of O X -modules the complex ext Tot ( F ullet O X K ullet) is acyclic.",lexical_candidate_only
sheaf-cohomology,46,chapter,01FH,cohomology-definition-alternating-cech-complex,cohomology.tex,4103,definition,The alternating Cech complex,"egin definition Let X be a topological space. Let U : U = igcup i I U i be an open covering. Let F be an abelian presheaf on X . The complex heck C alt ullet( U , F ) is the alternating Cech complex associated to F and the open covering U .",lexical_candidate_only
sheaf-cohomology,46,chapter,01EF,cohomology-definition-cech-complex,cohomology.tex,913,definition,The Cech complex and Cech cohomology,"egin definition Let X be a topological space. Let U : U = igcup i I U i be an open covering. Let F be an abelian presheaf on X . The complex heck C ullet( U , F ) is the Cech complex associated to F and the open covering U . Its cohomology groups H i(heck C ullet( U , F )) are ca",lexical_candidate_only
sheaf-cohomology,46,chapter,02FS,cohomology-definition-covering-locally-finite,cohomology.tex,4697,definition,Alternative view of the Cech complex,egin definition Let X be a topological space. An open covering X = igcup i I U i is said to be locally finite if for every x X there exists an open neighbourhood W of x such that \ i I W ap U i = \ is finite.,lexical_candidate_only
sheaf-cohomology,46,chapter,06YH,cohomology-definition-derived-tor,cohomology.tex,6145,definition,Flat resolutions,"egin definition Let (X, O X) be a ringed space. Let F ullet be an object of D( O X) . The derived tensor product - O X L F ullet : D( O X) D( O X) is the exact functor of triangulated categories described above.",lexical_candidate_only
sheaf-cohomology,46,chapter,09SW,cohomology-definition-flasque,cohomology.tex,1888,definition,Flasque sheaves,egin definition Let X be a topological space. We say a presheaf of sets F is flasque or flabby if for every U V open in X the restriction map F (V) o F (U) is surjective.,lexical_candidate_only
sheaf-cohomology,46,chapter,01FI,cohomology-definition-ordered-cech-complex,cohomology.tex,4153,definition,The alternating Cech complex,"egin definition Let X be a topological space. Let U : U = igcup i I U i be an open covering. Assume given a total ordering on I . Let F be an abelian presheaf on X . The complex heck C ord ullet( U , F ) is the ordered Cech complex associated to F , the open covering U and the gi",lexical_candidate_only
sheaf-cohomology,46,chapter,08CM,cohomology-definition-perfect,cohomology.tex,12508,definition,Perfect complexes,"egin definition Let (X, O X) be a ringed space. Let E ullet be a complex of O X -modules. We say E ullet is perfect if there exists an open covering X = igcup U i such that for each i there exists a morphism of complexes E i ullet o E ullet| U i which is a quasi-isomorphism with ",lexical_candidate_only
sheaf-cohomology,46,chapter,08CB,cohomology-definition-pseudo-coherent,cohomology.tex,11958,definition,Pseudo-coherent modules,"egin definition Let (X, O X) be a ringed space. Let E ullet be a complex of O X -modules. Let m Z . egin enumerate We say E ullet is m -pseudo-coherent if there exists an open covering X = igcup U i and for each i a morphism of complexes i : E i ullet o E ullet| U i where E i ull",lexical_candidate_only
sheaf-cohomology,46,chapter,08C4,cohomology-definition-strictly-perfect,cohomology.tex,11602,definition,Strictly perfect complexes,"egin definition Let (X, O X) be a ringed space. Let E ullet be a complex of O X -modules. We say E ullet is strictly perfect if E i is zero for all but finitely many i and E i is a direct summand of a finite free O X -module for all i .",lexical_candidate_only
sheaf-cohomology,46,chapter,08BP,cohomology-definition-tor,cohomology.tex,6174,definition,Flat resolutions,"egin definition Let (X, O X) be a ringed space. Let F , G be O X -modules. The Tor 's of F and G are define by the formula ext Tor p O X ( F , G ) = H -p ( F O X L G ) with derived tensor product as defined above.",lexical_candidate_only
sheaf-cohomology,46,chapter,08CG,cohomology-definition-tor-amplitude,cohomology.tex,12295,definition,Tor dimension,"egin definition Let (X, O X) be a ringed space. Let E be an object of D( O X) . Let a, b Z with a b . egin enumerate We say E has tor-amplitude in [a, b] if H i(E O X L F ) = 0 for all O X -modules F and all i [a, b] . We say E has finite tor dimension if it has tor-amplitude in ",lexical_candidate_only
sheaf-cohomology,46,chapter,02FO,cohomology-definition-torsor,cohomology.tex,227,definition,First cohomology and torsors,"egin definition Let X be a topological space. Let G be a sheaf of (possibly non-commutative) groups on X . A pseudo torsor , or more precisely a pseudo G -torsor , is a sheaf of sets F on X endowed with an action G imes F o F such that egin enumerate whenever F (U) is nonempty th",lexical_candidate_only
sheaf-cohomology,46,chapter,05U3,cohomology-equation-RF,cohomology.tex,134,equation,Derived functors,egin equation RF = F irc j X' : D + (X) D + ( B ),lexical_candidate_only
sheaf-cohomology,46,chapter,05U4,cohomology-equation-RFi,cohomology.tex,147,equation,Derived functors,egin equation R iF = H i irc RF : extit Mod ( O X) B,lexical_candidate_only
sheaf-cohomology,46,chapter,01EI,cohomology-equation-cech-functor,cohomology.tex,1036,equation,Cech cohomology as a functor on presheaves,"egin equation heck C ullet( U , -) : extit PMod ( O X) ext Comp + (ext Mod O X(U) )",lexical_candidate_only
sheaf-cohomology,46,chapter,09UZ,cohomology-equation-cech-to-cohomology,cohomology.tex,2511,equation,Refinements and Cech cohomology,"egin equation heck H p(X, F ) = olim U heck H p( U , F ) H p(X, F )",lexical_candidate_only
sheaf-cohomology,46,chapter,01FC,cohomology-equation-choice,cohomology.tex,2405,equation,Functoriality of cohomology,egin equation G f * F f * I ullet \\ J ullet eta ( J ') ullet,lexical_candidate_only
sheaf-cohomology,46,chapter,0A8L,cohomology-equation-cohomology-hom-complex,cohomology.tex,10322,equation,Hom complexes,"egin equation H n( (U, ullet( L ullet, M ullet))) = om K( O U) ( L ullet, M ullet[n])",lexical_candidate_only
sheaf-cohomology,46,chapter,0GT8,cohomology-equation-complex-bocksteins,cohomology.tex,14451,equation,An operator introduced by Berthelot and Ogus,egin equation H ullet(M/ I ) =,lexical_candidate_only
sheaf-cohomology,46,chapter,01EE,cohomology-equation-d-cech,cohomology.tex,902,equation,The Cech complex and Cech cohomology,egin equation d(s) i 0 i p + 1 = j = 0 p + 1 (-1) j s i 0 i j i p + 1 | U i 0 i p + 1,lexical_candidate_only
sheaf-cohomology,46,chapter,07MA,cohomology-equation-differential-tensor-product-complexes,cohomology.tex,5248,equation,Cech cohomology of complexes,egin equation d( eta) = d( ) eta + (-1) eg( ) d(eta),lexical_candidate_only
sheaf-cohomology,46,chapter,08I2,cohomology-equation-eval,cohomology.tex,10789,equation,Internal hom in the derived category,"egin equation M L O X L ee R (L, M)",lexical_candidate_only
sheaf-cohomology,46,chapter,0GT7,cohomology-equation-factorization-bockstein,cohomology.tex,14436,equation,An operator introduced by Berthelot and Ogus,egin equation center H i(M L I i/ I i + 1 ) elta eta H i + 1 (M L I i + 1 ) \\ H i + 1 (M L I i + 1 / I i + 2 ),lexical_candidate_only
sheaf-cohomology,46,chapter,01FN,cohomology-equation-first-homotopy,cohomology.tex,4336,equation,The alternating Cech complex,egin equation h(s) i 0 i p = 0 a p (-1) a ext sign ( a) s i (0) i (a) i a(a) i a(p),lexical_candidate_only
sheaf-cohomology,46,chapter,01FA,cohomology-equation-functorial,cohomology.tex,2386,equation,Functoriality of cohomology,"egin equation arphi : H i(Y, G ) H i(X, F ).",lexical_candidate_only
sheaf-cohomology,46,chapter,01F9,cohomology-equation-functorial-derived,cohomology.tex,2370,equation,Functoriality of cohomology,"egin equation arphi : R (Y, G ) R (X, F )",lexical_candidate_only
sheaf-cohomology,46,chapter,08C0,cohomology-equation-global-sections-to-alternating-cech,cohomology.tex,10144,equation,Cech cohomology of unbounded complexes,"egin equation (X, F ullet) ext Tot (heck C ullet alt ( U , F ullet))",lexical_candidate_only
sheaf-cohomology,46,chapter,07M9,cohomology-equation-global-sections-to-cech,cohomology.tex,4811,equation,Cech cohomology of complexes,"egin equation (X, F ullet) ext Tot (heck C ullet( U , F ullet))",lexical_candidate_only
sheaf-cohomology,46,chapter,08DI,cohomology-equation-internal-hom,cohomology.tex,10551,equation,Internal hom in the derived category,"egin equation om D( O X) (K, R (L, M)) = om D( O X) (K O X L L, M)",lexical_candidate_only
sheaf-cohomology,46,chapter,071A,cohomology-equation-into-candidate-K-injective,cohomology.tex,9867,equation,Producing K-injective resolutions,egin equation F ullet o I ullet,lexical_candidate_only
sheaf-cohomology,46,chapter,07MB,cohomology-equation-needs-signs,cohomology.tex,5273,equation,Cech cohomology of complexes,"egin equation ext Tot ( ext Tot (heck C ullet( U , F ullet)) Z ext Tot (heck C ullet( U , G ullet)) ight) ext Tot ( heck C ullet( U , ext Tot ( F ullet G ullet) ))",lexical_candidate_only
sheaf-cohomology,46,chapter,0B53,cohomology-equation-projection-formula-map,cohomology.tex,13956,equation,Projection formula,egin equation Rf *E L O Y K Rf *(E L O X Lf *K),lexical_candidate_only
sheaf-cohomology,46,chapter,01E2,cohomology-equation-restriction-mapping,cohomology.tex,535,equation,Locality of cohomology,"egin equation H n(V, F ) H n(U, F ), | U",lexical_candidate_only
sheaf-cohomology,46,chapter,01FO,cohomology-equation-second-homotopy,cohomology.tex,4418,equation,The alternating Cech complex,egin equation h(s) i 0 i p = \ egin matrix 0 ext if i 0 < i 1 < < i p \\ (-1) a s i 0 i a - 1 i a i a i a + 1 i p ext if i 0 < i 1 < < i a - 1 < i a = i a + 1 ight.,lexical_candidate_only
sheaf-cohomology,46,chapter,0BKR,cohomology-equation-ses-Rlim-over-U,cohomology.tex,9540,equation,Derived limits,egin equation 0 o R 1 nderline H m - 1 n(U) o nderline H m(U) o nderline H m n(U) o 0,lexical_candidate_only
sheaf-cohomology,46,chapter,0717,cohomology-equation-total-derived-cohomology,cohomology.tex,167,equation,Derived functors,"egin equation R (U, -) : D + (X) D + ( O X(U))",lexical_candidate_only
sheaf-cohomology,46,chapter,0718,cohomology-equation-total-derived-direct-image,cohomology.tex,185,equation,Derived functors,egin equation Rf * : D + (X) D + (Y),lexical_candidate_only
sheaf-cohomology,46,chapter,08BM,cohomology-equation-transformation,cohomology.tex,4828,equation,Cech cohomology of complexes,"egin equation T t : ext Tot (heck C ullet( U , F ullet)) ext Tot (heck C ullet( V , F ullet)).",lexical_candidate_only
sheaf-cohomology,46,chapter,0BX0,cohomology-example-datta,cohomology.tex,3619,example,Vanishing on Noetherian topological spaces,"egin example Let X = N endowed with the topology whose opens are , X , and U n = \ i i n\ for n 1 . An abelian sheaf F on X is the same as an inverse system of abelian groups A n = F (U n) and (X, F ) = A n . Since the inverse limit functor is not an exact functor on the category",lexical_candidate_only
sheaf-cohomology,46,chapter,0FP9,cohomology-example-dual,cohomology.tex,12799,example,Duals,"egin example Let (X, O X) be a ringed space. Let F ullet be a locally bounded complex of O X -modules such that each F n is locally a direct summand of a finite free O X -module. In other words, there is an open covering X = igcup U i such that F ullet| U i is a strictly perfect ",lexical_candidate_only
sheaf-cohomology,46,chapter,0FPC,cohomology-example-dual-derived,cohomology.tex,13028,example,Duals,"egin example Let (X, O X) be a ringed space. Let K be a perfect object of D( O X) . Set K ee = R (K, O X) as in Lemma ef lemma-dual-perfect-complex . Then the map K O X L K ee R (K, K) is an isomorphism (by the lemma). Denote : O X K O X L K ee the map sending 1 to the section co",lexical_candidate_only
sheaf-cohomology,46,chapter,0H3E,cohomology-example-formal-functions-principal,cohomology.tex,10064,example,"Inverse systems and cohomology, III","egin example Let (X, O X) be a ringed space. Let A o (X, O X) be a ring map and let f A . Let F be an O X -module. Assume there is a c such that F [f c] = F [f n] for all n c . We are going to apply Lemma ef lemma-formal-functions-principal with E = F . By Lemma ef lemma-stabiliz",lexical_candidate_only
sheaf-cohomology,46,chapter,0BKM,cohomology-example-spectral-sequence,cohomology.tex,6897,example,Cohomology of filtered complexes,"egin example Let (X, O X) be a ringed space. Let F ullet be a complex of O X -modules. We can apply Lemma ef lemma-spectral-sequence-filtered-object with F p F ullet = au -p F ullet . (If F ullet is bounded below we can use Remark ef remark-spectral-sequence-filtered-object .) Th",lexical_candidate_only
sheaf-cohomology,46,chapter,0FLK,cohomology-example-spectral-sequence-bis,cohomology.tex,6925,example,Cohomology of filtered complexes,"egin example Let (X, O X) be a ringed space. Let F ullet be a complex of O X -modules. We can apply Lemma ef lemma-spectral-sequence-filtered-object with F p F ullet = p F ullet . Then we get a spectral sequence E 1 p, q = H p + q (X, F p[-p]) = H q(X, F p) If F ullet is bounded ",lexical_candidate_only
sheaf-cohomology,46,chapter,0GT5,cohomology-lemma-I-torsion-free,cohomology.tex,14144,lemma,An operator introduced by Berthelot and Ogus,"egin lemma In Situation ef situation-eta let F be an O X -module. The following are equivalent egin enumerate the subsheaf F [ I ] F of sections annihilated by I is zero, the subsheaf F [ I n] is zero for all n 1 , the multiplication map I O X F o F is injective, for every open U",lexical_candidate_only
sheaf-cohomology,46,chapter,06YA,cohomology-lemma-K-flat-quasi-isomorphism,cohomology.tex,5850,lemma,Flat resolutions,"egin lemma Let (X, O X) be a ringed space. Let K ullet be a K-flat complex. Then the functor K(extit Mod ( O X)) K(extit Mod ( O X)), F ullet ext Tot ( F ullet O X K ullet) transforms quasi-isomorphisms into quasi-isomorphisms.",lexical_candidate_only
sheaf-cohomology,46,chapter,06YF,cohomology-lemma-K-flat-resolution,cohomology.tex,6052,lemma,Flat resolutions,"egin lemma Let (X, O X) be a ringed space. For any complex G ullet there exists a K -flat complex K ullet whose terms are flat O X -modules and a quasi-isomorphism K ullet o G ullet which is termwise surjective.",lexical_candidate_only
sheaf-cohomology,46,chapter,079S,cohomology-lemma-K-flat-two-out-of-three,cohomology.tex,5919,lemma,Flat resolutions,"egin lemma Let (X, O X) be a ringed space. Let ( K 1 ullet, K 2 ullet, K 3 ullet) be a distinguished triangle in K(extit Mod ( O X)) . If two out of three of K i ullet are K-flat, so is the third.",lexical_candidate_only
sheaf-cohomology,46,chapter,0G6U,cohomology-lemma-K-flat-two-out-of-three-ses,cohomology.tex,5935,lemma,Flat resolutions,"egin lemma Let (X, O X) be a ringed space. Let 0 o K 1 ullet o K 2 ullet o K 3 ullet o 0 be a short exact sequence of complexes such that the terms of K 3 ullet are flat O X -modules. If two out of three of K i ullet are K-flat, so is the third.",lexical_candidate_only
sheaf-cohomology,46,chapter,071B,cohomology-lemma-K-injective,cohomology.tex,9874,lemma,Producing K-injective resolutions,"egin lemma In the situation described above. Denote H m = H m( F ullet) the m th cohomology sheaf. Let B be a set of open subsets of X . Let d N . Assume egin enumerate every open in X has a covering whose members are elements of B , for every U B we have H p(U, H q) = 0 for p > ",lexical_candidate_only
sheaf-cohomology,46,chapter,0D5Z,cohomology-lemma-K-injective-flat,cohomology.tex,8053,lemma,Some properties of K-injective complexes,"egin lemma Let f : X o Y be a flat morphism of ringed spaces. If I ullet is a K-injective complex of O X -modules, then f * I ullet is K-injective as a complex of O Y -modules.",lexical_candidate_only
sheaf-cohomology,46,chapter,01F2,cohomology-lemma-Leray,cohomology.tex,2213,lemma,The Leray spectral sequence,"egin lemma [Leray spectral sequence] Let f : X o Y be a morphism of ringed spaces. Let F ullet be a bounded below complex of O X -modules. There is a spectral sequence E 2 p, q = H p(Y, R qf *( F ullet)) converging to H p + q (X, F ullet) .",lexical_candidate_only
sheaf-cohomology,46,chapter,0D5W,cohomology-lemma-Leray-unbounded,cohomology.tex,7918,lemma,Some properties of K-injective complexes,"egin lemma Let f : X o Y be a morphism of ringed spaces. Then R (Y, -) irc Rf * = R (X, -) as functors D( O X) o D( (Y, O Y)) . More generally for V Y open and U = f -1 (V) we have R (U, -) = R (V, -) irc Rf * .",lexical_candidate_only
sheaf-cohomology,46,chapter,0F8Q,cohomology-lemma-Leta,cohomology.tex,14335,lemma,An operator introduced by Berthelot and Ogus,"egin lemma In Situation ef situation-eta there is an additive functor Beware that this functor isn't exact, i.e., does not transform distinguished triangles into distinguished triangles. L I : D( O X) o D( O X) such that if M in D( O X) is represented by a complex F ullet of I -t",lexical_candidate_only
sheaf-cohomology,46,chapter,0BLC,cohomology-lemma-ML,cohomology.tex,9332,lemma,"Inverse systems and cohomology, II","egin lemma Let A be a ring. Let f A . Let X be a topological space. Let o F 3 o F 2 o F 1 be an inverse system of sheaves of A -modules. Let p 0 . Assume egin enumerate either H p + 1 (X, F 1) is an A -module of finite length or A is Noetherian and H p + 1 (X, F 1) is a finite A ",lexical_candidate_only
sheaf-cohomology,46,chapter,0DXG,cohomology-lemma-ML-better,cohomology.tex,9365,lemma,"Inverse systems and cohomology, II","egin lemma Let A be a ring. Let f A . Let X be a topological space. Let o F 3 o F 2 o F 1 be an inverse system of sheaves of A -modules. Let p 0 . Assume egin enumerate either there is an m 1 such that the image of H p + 1 (X, F m) o H p + 1 (X, F 1) is an A -module of finite len",lexical_candidate_only
sheaf-cohomology,46,chapter,0GYK,cohomology-lemma-ML-general,cohomology.tex,8931,lemma,"Inverse systems and cohomology, I","egin lemma Let I be an ideal of a ring A . Let X be a topological space. Let o F 3 o F 2 o F 1 be an inverse system of sheaves of A -modules on X such that F n = F n + 1 /I n F n + 1 . Let p 0 . Assume igoplus n 0 H p + 1 (X, I n F n + 1 ) satisfies the ascending chain condition ",lexical_candidate_only
sheaf-cohomology,46,chapter,0GYL,cohomology-lemma-ML-general-better,cohomology.tex,8989,lemma,"Inverse systems and cohomology, I","egin lemma Let I be an ideal of a ring A . Let X be a topological space. Let o F 3 o F 2 o F 1 be an inverse system of A -modules on X such that F n = F n + 1 /I n F n + 1 . Let p 0 . Given n define N n = igcap m n ( H p + 1 (X, I n F m + 1 ) o H p + 1 (X, I n F n + 1 ) ight) If ",lexical_candidate_only
sheaf-cohomology,46,chapter,0D60,cohomology-lemma-RGamma-commutes-with-Rlim,cohomology.tex,9457,lemma,Derived limits,"egin lemma Let (X, O X) be a ringed space. For U X open the functor R (U, -) commutes with R . Moreover, there are short exact sequences 0 o R 1 H m - 1 (U, K n) o H m(U, R K n) o H m(U, K n) o 0 for any inverse system (K n) in D( O X) and any m Z .",lexical_candidate_only
sheaf-cohomology,46,chapter,0A8T,cohomology-lemma-RHom-from-K-flat-into-K-injective,cohomology.tex,10496,lemma,Hom complexes,"egin lemma Let (X, O X) be a ringed space. Let I ullet be a K-injective complex of O X -modules. Let L ullet be a K-flat complex of O X -modules. Then ullet( L ullet, I ullet) is a K-injective complex of O X -modules.",lexical_candidate_only
sheaf-cohomology,46,chapter,0A8R,cohomology-lemma-RHom-into-K-injective,cohomology.tex,10433,lemma,Hom complexes,"egin lemma Let (X, O X) be a ringed space. Let L and M be objects of D( O X) . Let I ullet be a K-injective complex of O X -modules representing M . Let L ullet be a complex of O X -modules representing L . Then H 0( (U, ullet( L ullet, I ullet))) = om D( O U) (L| U, M| U) for al",lexical_candidate_only
sheaf-cohomology,46,chapter,08I0,cohomology-lemma-RHom-triangulated,cohomology.tex,10654,lemma,Internal hom in the derived category,"egin lemma Let (X, O X) be a ringed space. The bifunctor R (- , -) transforms distinguished triangles into distinguished triangles in both variables.",lexical_candidate_only
sheaf-cohomology,46,chapter,0A8S,cohomology-lemma-RHom-well-defined,cohomology.tex,10461,lemma,Hom complexes,"egin lemma Let (X, O X) be a ringed space. Let ( I ') ullet o I ullet be a quasi-isomorphism of K-injective complexes of O X -modules. Let ( L ') ullet o L ullet be a quasi-isomorphism of complexes of O X -modules. Then ullet( L ullet, ( I ') ullet) ullet(( L ') ullet, I ullet) i",lexical_candidate_only
sheaf-cohomology,46,chapter,0BKP,cohomology-lemma-Rf-commutes-with-Rlim,cohomology.tex,9479,lemma,Derived limits,"egin lemma Let f : (X, O X) o (Y, O Y) be a morphism of ringed spaces. Then Rf * commutes with R , i.e., Rf * commutes with derived limits.",lexical_candidate_only
sheaf-cohomology,46,chapter,08I5,cohomology-lemma-Rhom-complex-of-direct-summands-finite-free,cohomology.tex,11882,lemma,Strictly perfect complexes,"egin lemma Let (X, O X) be a ringed space. Let E ullet , F ullet be complexes of O X -modules with egin enumerate F n = 0 for n 0 , E n = 0 for n 0 , and E n isomorphic to a direct summand of a finite free O X -module. Then the internal hom R ( E ullet, F ullet) is represented by",lexical_candidate_only
sheaf-cohomology,46,chapter,08DM,cohomology-lemma-Rhom-strictly-perfect,cohomology.tex,11785,lemma,Strictly perfect complexes,"egin lemma Let (X, O X) be a ringed space. Let E ullet , F ullet be complexes of O X -modules with E ullet strictly perfect. Then the internal hom R ( E ullet, F ullet) is represented by the complex H ullet with terms H n = igoplus n = p + q O X ( E -q , F p) and differential as ",lexical_candidate_only
sheaf-cohomology,46,chapter,0GM5,cohomology-lemma-Rhom-strictly-perfect-K-flat,cohomology.tex,11832,lemma,Strictly perfect complexes,"egin lemma In the situation of Lemma ef lemma-Rhom-strictly-perfect if F ullet is K-flat, then H ullet is K-flat.",lexical_candidate_only
sheaf-cohomology,46,chapter,079W,cohomology-lemma-adjoint,cohomology.tex,6611,lemma,Cohomology of unbounded complexes,"egin lemma Let f : (X, O X) o (Y, O Y) be a morphism of ringed spaces. The functor Rf * defined above and the functor Lf * defined in Lemma ef lemma-derived-base-change are adjoint: om D( O X) (Lf * G ullet, F ullet) = om D( O Y) ( G ullet, Rf * F ullet) bifunctorially in F ullet",lexical_candidate_only
sheaf-cohomology,46,chapter,08BT,cohomology-lemma-adjoint-lower-shriek-restrict,cohomology.tex,8038,lemma,Some properties of K-injective complexes,"egin lemma Let (X, O X) be a ringed space. Let U X be an open subset. Denote j : (U, O U) o (X, O X) the corresponding open immersion. The restriction functor D( O X) o D( O U) is a right adjoint to extension by zero j ! : D( O U) o D( O X) .",lexical_candidate_only
sheaf-cohomology,46,chapter,0FP1,cohomology-lemma-adjoints-push-pull-compatibility,cohomology.tex,6724,lemma,Cohomology of unbounded complexes,"egin lemma Let f : (X, O X) o (Y, O Y) be a morphism of ringed spaces. Let K ullet be a complex of O X -modules. The diagram Lf *f * K ullet f *f * K ullet \\ Lf *Rf * K ullet K ullet coming from Lf * o f * on complexes, f * o Rf * on complexes, and adjunction Lf * irc Rf * o ext",lexical_candidate_only
sheaf-cohomology,46,chapter,08C1,cohomology-lemma-alternating-cech-complex-complex,cohomology.tex,10157,lemma,Cech cohomology of unbounded complexes,"egin lemma Let (X, O X) be a ringed space. Let U : X = igcup i I U i be a finite open covering. For a complex F ullet of O X -modules there is a canonical map ext Tot (heck C ullet alt ( U , F ullet)) R (X, F ullet) functorial in F ullet and compatible with (ef equation-global-se",lexical_candidate_only
sheaf-cohomology,46,chapter,08C2,cohomology-lemma-alternating-cech-complex-complex-ss,cohomology.tex,10204,lemma,Cech cohomology of unbounded complexes,"egin lemma Let (X, O X) be a ringed space. Let U : X = igcup i I U i be a finite open covering. Let F ullet be a complex of O X -modules. Let B be a set of open subsets of X . Assume egin enumerate every open in X has a covering whose members are elements of B , we have U i 0 i p",lexical_candidate_only
sheaf-cohomology,46,chapter,0G6T,cohomology-lemma-alternating-cech-trivial,cohomology.tex,4456,lemma,The alternating Cech complex,"egin lemma Let X be a topological space. Let F be an abelian presheaf on X . Let U : U = igcup i I U i be an open covering. If U i = U for some i I , then the extended alternating Cech complex F (U) o heck C alt ullet( U , F ) obtained by putting F (U) in degree -1 with different",lexical_candidate_only
sheaf-cohomology,46,chapter,01FM,cohomology-lemma-alternating-usual,cohomology.tex,4263,lemma,The alternating Cech complex,"egin lemma Let X be a topological space. Let U : U = igcup i I U i be an open covering. Assume I comes equipped with a total ordering. The map c irc is homotopic to the identity on heck C ullet( U , F ) . In particular the inclusion map heck C alt ullet( U , F ) o heck C ullet( U",lexical_candidate_only
sheaf-cohomology,46,chapter,01F4,cohomology-lemma-apply-Leray,cohomology.tex,2255,lemma,The Leray spectral sequence,"egin lemma Let f : X o Y be a morphism of ringed spaces. Let F be an O X -module. egin enumerate If R qf * F = 0 for q > 0 , then H p(X, F ) = H p(Y, f * F ) for all p . If H p(Y, R qf * F ) = 0 for all q and p > 0 , then H q(X, F ) = H 0(Y, R qf * F ) for all q .",lexical_candidate_only
sheaf-cohomology,46,chapter,0H99,cohomology-lemma-base-change-cup-product,cohomology.tex,7766,lemma,Cup product,"egin lemma Consider a commutative square (X', O X' ) g' f' (X, O X) f \\ (Y', O Y' ) g (Y, O Y) of ringed spaces. Let K, L in D( O X) . The relative cup product is compatible with the square in the sense that the diagram Lg *(Rf *K O Y L Rf *L) = [d] Lg *(Rf *(K O X L L)) \\ Lg *",lexical_candidate_only
sheaf-cohomology,46,chapter,02N7,cohomology-lemma-base-change-map-flat-case,cohomology.tex,2977,lemma,The base change map,egin lemma Let X' g' f' X f \\ S' g S be a commutative diagram of ringed spaces. Let F ullet be a bounded below complex of O X -modules. Assume both g and g' are flat. Then there exists a canonical base change map g *Rf * F ullet R(f') *(g') * F ullet in D + (S') .,lexical_candidate_only
sheaf-cohomology,46,chapter,01EZ,cohomology-lemma-before-Leray,cohomology.tex,2092,lemma,The Leray spectral sequence,"egin lemma Let f : X o Y be a morphism of ringed spaces. There is a commutative diagram D + (X) - R (X, -) Rf * D + ( O X(X)) ext restriction \\ D + (Y) - R (Y, -) D + ( O Y(Y)) More generally for any V Y open and U = f -1 (V) there is a commutative diagram D + (X) - R (U, -) Rf ",lexical_candidate_only
sheaf-cohomology,46,chapter,0B8S,cohomology-lemma-boundary-derivation-over-cup-product,cohomology.tex,5742,lemma,Cech cohomology of complexes,"egin lemma Let X be a topological space. Let O ' o O be a surjection of sheaves of rings whose kernel I O ' has square zero. Then M = H 1(X, I ) is a R = H 0(X, O ) -module and the boundary map : R o M associated to the short exact sequence 0 o I o O ' o O o 0 is a derivation (Al",lexical_candidate_only
sheaf-cohomology,46,chapter,06YD,cohomology-lemma-bounded-flat-K-flat,cohomology.tex,5977,lemma,Flat resolutions,"egin lemma Let (X, O X) be a ringed space. A bounded above complex of flat O X -modules is K-flat.",lexical_candidate_only
sheaf-cohomology,46,chapter,0FPF,cohomology-lemma-category-summands-finite-free,cohomology.tex,13581,lemma,Invertible objects in the derived category,"egin lemma Let (X, O X) be a ringed space. Set R = (X, O X) . The category of O X -modules which are summands of finite free O X -modules is equivalent to the category of finite projective R -modules.",lexical_candidate_only
sheaf-cohomology,46,chapter,09V2,cohomology-lemma-cech-Hausdorff-quasi-compact,cohomology.tex,2667,lemma,Cohomology on Hausdorff quasi-compact spaces,"egin lemma Let X be a Hausdorff and quasi-compact topological space. Let F be an abelian sheaf on X . Then the map heck H n(X, F ) o H n(X, F ) defined in (ef equation-cech-to-cohomology ) is an isomorphism for all n .",lexical_candidate_only
sheaf-cohomology,46,chapter,09V1,cohomology-lemma-cech-always,cohomology.tex,2643,lemma,Cohomology on Hausdorff quasi-compact spaces,"egin lemma Let X be a topological space. Let F be an abelian sheaf. Then the map heck H 1(X, F ) o H 1(X, F ) defined in (ef equation-cech-to-cohomology ) is an isomorphism.",lexical_candidate_only
sheaf-cohomology,46,chapter,01EQ,cohomology-lemma-cech-cohomology,cohomology.tex,1434,lemma,Cech cohomology and cohomology,"egin lemma Let X be a ringed space. Let U : U = igcup i I U i be an open covering. There is a transformation heck C ullet( U , -) R (U, -) of functors extit Mod ( O X) o D + ( O X(U)) . In particular this provides canonical maps heck H p( U , F ) o H p(U, F ) for F ranging over e",lexical_candidate_only
sheaf-cohomology,46,chapter,01EK,cohomology-lemma-cech-cohomology-delta-functor-presheaves,cohomology.tex,1066,lemma,Cech cohomology as a functor on presheaves,"egin lemma Let X be a ringed space. Let U : U = igcup i I U i be an open covering. The functors F heck H n( U , F ) form a elta -functor from the abelian category of presheaves of O X -modules to the category of O X(U) -modules (see Homology, Definition ef homology-definition-coh",lexical_candidate_only
sheaf-cohomology,46,chapter,01EN,cohomology-lemma-cech-cohomology-derived-presheaves,cohomology.tex,1287,lemma,Cech cohomology as a functor on presheaves,"egin lemma Let X be a ringed space. Let U : U = igcup i I U i be an open covering of U X . The Cech cohomology functors heck H p( U , -) are canonically isomorphic as a elta -functor to the right derived functors of the functor heck H 0( U , -) : extit PMod ( O X) ext Mod O X(U) ",lexical_candidate_only
sheaf-cohomology,46,chapter,08BN,cohomology-lemma-cech-complex-complex,cohomology.tex,4939,lemma,Cech cohomology of complexes,"egin lemma Let (X, O X) be a ringed space. Let U : X = igcup i I U i be an open covering. For a bounded below complex F ullet of O X -modules there is a canonical map ext Tot (heck C ullet( U , F ullet)) R (X, F ullet) functorial in F ullet and compatible with (ef equation-global",lexical_candidate_only
sheaf-cohomology,46,chapter,0FLH,cohomology-lemma-cech-complex-complex-computes,cohomology.tex,5022,lemma,Cech cohomology of complexes,"egin lemma Let (X, O X) be a ringed space. Let U : X = igcup i I U i be an open covering. Let F ullet be a bounded below complex of O X -modules. If H i(U i 0 i p , F q) = 0 for all i > 0 and all p, i 0, , i p, q , then the map ext Tot (heck C ullet( U , F ullet)) o R (X, F ullet",lexical_candidate_only
sheaf-cohomology,46,chapter,01EJ,cohomology-lemma-cech-exact-presheaves,cohomology.tex,1049,lemma,Cech cohomology as a functor on presheaves,"egin lemma The functor given by Equation (ef equation-cech-functor ) is an exact functor (see Homology, Lemma ef homology-lemma-exact-functor ).",lexical_candidate_only
sheaf-cohomology,46,chapter,01EG,cohomology-lemma-cech-h0,cohomology.tex,927,lemma,The Cech complex and Cech cohomology,"egin lemma Let X be a topological space. Let F be an abelian presheaf on X . The following are equivalent egin enumerate F is an abelian sheaf and for every open covering U : U = igcup i I U i the natural map F (U) o heck H 0( U , F ) is bijective.",lexical_candidate_only
sheaf-cohomology,46,chapter,0B8R,cohomology-lemma-cech-h1,cohomology.tex,1486,lemma,Cech cohomology and cohomology,"egin lemma Let X be a topological space. Let H be an abelian sheaf on X . Let U : X = igcup i I U i be an open covering. The map heck H 1( U , H ) H 1(X, H ) is injective and identifies heck H 1( U , H ) via the bijection of Lemma ef lemma-torsors-h1 with the set of isomorphism c",lexical_candidate_only
sheaf-cohomology,46,chapter,01EL,cohomology-lemma-cech-map-into,cohomology.tex,1138,lemma,Cech cohomology as a functor on presheaves,egin lemma Let X be a ringed space. Let U : U = igcup i I U i be an open covering. Denote j i 0 i p : U i 0 i p o X the open immersion. Consider the chain complex K( U ) ullet of presheaves of O X -modules o igoplus i 0i 1i 2 (j i 0i 1i 2 ) p! O U i 0i 1i 2 o igoplus i 0i 1 (j i ,lexical_candidate_only
sheaf-cohomology,46,chapter,01ES,cohomology-lemma-cech-spectral-sequence,cohomology.tex,1541,lemma,Cech cohomology and cohomology,"egin lemma Let X be a ringed space. Let U : U = igcup i I U i be an open covering. For any sheaf of O X -modules F there is a spectral sequence (E r, d r) r 0 with E 2 p, q = heck H p( U , nderline H q( F )) converging to H p + q (U, F ) . This spectral sequence is functorial in ",lexical_candidate_only
sheaf-cohomology,46,chapter,01ET,cohomology-lemma-cech-spectral-sequence-application,cohomology.tex,1574,lemma,Cech cohomology and cohomology,"egin lemma Let X be a ringed space. Let U : U = igcup i I U i be an open covering. Let F be an O X -module. Assume that H i(U i 0 i p , F ) = 0 for all i > 0 , all p 0 and all i 0, , i p I . Then heck H p( U , F ) = H p(U, F ) as O X(U) -modules.",lexical_candidate_only
sheaf-cohomology,46,chapter,0G6S,cohomology-lemma-cech-trivial,cohomology.tex,949,lemma,The Cech complex and Cech cohomology,"egin lemma Let X be a topological space. Let F be an abelian presheaf on X . Let U : U = igcup i I U i be an open covering. If U i = U for some i I , then the extended Cech complex F (U) o heck C ullet( U , F ) obtained by putting F (U) in degree -1 with differential given by the",lexical_candidate_only
sheaf-cohomology,46,chapter,01EV,cohomology-lemma-cech-vanish,cohomology.tex,1631,lemma,Cech cohomology and cohomology,"egin lemma egin slogan If higher Cech cohomology of an abelian sheaf vanishes for all open covers, then higher cohomology vanishes. Let X be a ringed space. Let F be an O X -module such that heck H p( U , F ) = 0 for all p > 0 and any open covering U : U = igcup i I U i of an ope",lexical_candidate_only
sheaf-cohomology,46,chapter,01EW,cohomology-lemma-cech-vanish-basis,cohomology.tex,1696,lemma,Cech cohomology and cohomology,egin lemma (Variant of Lemma ef lemma-cech-vanish .) Let X be a ringed space. Let B be a basis for the topology on X . Let F be an O X -module. Assume there exists a set of open coverings ext Cov with the following properties: egin enumerate For every U ext Cov with U : U = igcup,lexical_candidate_only
sheaf-cohomology,46,chapter,06YB,cohomology-lemma-check-K-flat-stalks,cohomology.tex,5873,lemma,Flat resolutions,"egin lemma Let (X, O X) be a ringed space. Let K ullet be a complex of O X -modules. Then K ullet is K-flat if and only if for all x X the complex K x ullet of O X, x -modules is K-flat (More on Algebra, Definition ef more-algebra-definition-K-flat ).",lexical_candidate_only
sheaf-cohomology,46,chapter,02UV,cohomology-lemma-cohomology-and-closed-immersions,cohomology.tex,3447,lemma,Vanishing on Noetherian topological spaces,"egin lemma Let i : Z o X be a closed immersion of topological spaces. For any abelian sheaf F on Z we have H p(Z, F ) = H p(X, i * F ) .",lexical_candidate_only
sheaf-cohomology,46,chapter,0D61,cohomology-lemma-cohomology-derived-limit-injective,cohomology.tex,9585,lemma,Derived limits,"egin lemma Let (X, O X) be a ringed space. Let (K n) be an inverse system in D( O X) . Let x X and m Z . Assume there exist an integer n(x) and a fundamental system U x of open neighbourhoods of x such that for U U x egin enumerate R 1 H m - 1 (U, K n) = 0 , and H m(U, K n) o H m",lexical_candidate_only
sheaf-cohomology,46,chapter,09V3,cohomology-lemma-cohomology-of-closed,cohomology.tex,2848,lemma,Cohomology on Hausdorff quasi-compact spaces,"egin lemma egin reference ite[Expose V bis, 4.1.3] SGA4 Let X be a topological space. Let Z X be a quasi-compact subset such that any two points of Z have disjoint open neighbourhoods in X . For every abelian sheaf F on X the canonical map olim H p(U, F ) H p(Z, F | Z) where the ",lexical_candidate_only
sheaf-cohomology,46,chapter,0A3D,cohomology-lemma-cohomology-of-neighbourhoods-of-closed,cohomology.tex,3870,lemma,Cohomology on spectral spaces,"egin lemma Let X be a spectral space. Let F be an abelian sheaf on X . Let E X be a quasi-compact subset. Let W X be the set of points of X which specialize to a point of E . egin enumerate H p(W, F | W) = olim H p(U, F ) where the colimit is over quasi-compact open neighbourhood",lexical_candidate_only
cech,234,label;chapter;section;text,01GJ,hypercovering-lemma-covering,hypercovering.tex,1415,lemma,Covering hypercoverings,"egin lemma Let C be a site with fibre products. Let X be an object of C . Let K be a hypercovering of X . Let k 0 be an integer. Let u : Z o K k be a covering in ext SR ( C , X) . Then there exists a morphism of hypercoverings f: L o K such that L k o K k factors through u .",lexical_candidate_only
cech,234,label;chapter;section;text,01G4,hypercovering-lemma-covering-permanence,hypercovering.tex,307,lemma,Hypercoverings,"egin lemma Let C be a site. egin enumerate A composition of coverings in ext SR ( C ) is a covering. If K o L is a covering in ext SR ( C ) and L' o L is a morphism, then L' imes L K exists and L' imes L K o L' is a covering. If C has products of pairs, and A o B and K o L are co",lexical_candidate_only
cech,234,label;chapter;section;text,01GG,hypercovering-section-covering,hypercovering.tex,1283,section,Covering hypercoverings,"Covering hypercoverings Here are some ways to construct hypercoverings. We note that since the category ext SR ( C , X) has fibre products the category of simplicial objects of",lexical_candidate_only
cech,233,label;chapter;section;text,01G6,hypercovering-example-cech,hypercovering.tex,370,example,Hypercoverings,"egin example [ Cech hypercoverings] Let C be a site with fibre products. Let \ U i o X\ i I be a covering of C . Set K 0 = \ U i o X\ i I . Then K 0 is a 0 -truncated simplicial object of ext SR ( C , X) . Hence we may form K = ext cosk 0 K 0. Clearly K passes condition (1) of De",lexical_candidate_only
cech,233,label;chapter;section;text,0GMA,hypercovering-example-cech-cover,hypercovering.tex,421,example,Hypercoverings,"egin example [ Cech hypercovering associated to a cover] Let C be a site with fibre products. Let U o X be a morphism of C such that \ U o X\ is a covering of C A morphism of C with this property is sometimes called a ``cover''. . Consider the simplical object K of ext SR ( C , X",lexical_candidate_only
cech,233,label;chapter;section;text,01GK,hypercovering-lemma-covering-sheaf,hypercovering.tex,1559,lemma,Covering hypercoverings,egin lemma Let C be a site with fibre products. Let X be an object of C . Let K be a hypercovering of X . Let n 0 be an integer. Let u : F o F(K n) be a morphism of presheaves which becomes surjective on sheafification. Then there exists a morphism of hypercoverings f: L o K such,lexical_candidate_only
cech,233,label;chapter;section;text,01GI,hypercovering-lemma-product-hypercoverings,hypercovering.tex,1388,lemma,Covering hypercoverings,"egin lemma Let C be a site with fibre products. Let X be an object of C . If K, L are hypercoverings of X , then K imes L is a hypercovering of X .",lexical_candidate_only
cech,233,label;chapter;section;text,01GU,hypercovering-section-hyper-cech,hypercovering.tex,810,section,Cech cohomology and hypercoverings,Cech cohomology and hypercoverings Let C be a site. Consider a presheaf of abelian groups F on the site C . It defines a functor egin eqnarray* F : \,lexical_candidate_only
cech,233,label;chapter;section;text,09VT,hypercovering-section-hypercoverings-verdier,hypercovering.tex,1058,section,Hypercoverings a la Verdier,Hypercoverings a la Verdier The astute reader will have noticed that all we need in order to get the Cech to cohomology spectral sequence for a hypercovering of an object X,lexical_candidate_only
cech,232,label;chapter;section;text,01G3,hypercovering-definition-covering-SR,hypercovering.tex,293,definition,Hypercoverings,"egin definition Let C be a site. Let f = ( , f i) : \ U i\ i I o \ V j\ j J be a morphism in the category ext SR ( C ) . We say that f is a covering if for every j J the family of morphisms \ U i o V j\ i I, (i) = j is a covering for the site C . Let X be an object of C . A morph",lexical_candidate_only
cech,232,label;chapter;section;text,01G5,hypercovering-definition-hypercovering,hypercovering.tex,346,definition,Hypercoverings,"egin definition Let C be a site. Assume C has fibre products. Let X ( C ) be an object of C . A hypercovering of X is a simplicial object K of ext SR ( C , X) such that egin enumerate The object K 0 is a covering of X for the site C . For every n 0 the canonical morphism K n + 1 ",lexical_candidate_only
cech,232,label;chapter;section;text,01GY,hypercovering-lemma-cech-spectral-sequence,hypercovering.tex,955,lemma,Cech cohomology and hypercoverings,"egin lemma Let C be a site with fibre products. Let X be an object of C . Let K be a hypercovering of X . Let F be a sheaf of abelian groups on C . There is a map s( F (K)) R (X, F ) in D + (extit Ab ) functorial in F , which induces natural transformations heck H i(K, -) H i(X, ",lexical_candidate_only
cech,232,label;chapter;section;text,01GV,hypercovering-lemma-h0-cech,hypercovering.tex,845,lemma,Cech cohomology and hypercoverings,"egin lemma Let C be a site with fibre products. Let X be an object of C . Let K be a hypercovering of X . Let F be a sheaf of abelian groups on C . Then heck H 0(K, F ) = F (X) .",lexical_candidate_only
cech,232,label;chapter;section;text,0DAZ,hypercovering-lemma-hypercovering-continuous-functor,hypercovering.tex,2864,lemma,Constructing hypercoverings,"egin lemma Let C , D be sites. Let u : D o C be a continuous functor. Assume D and C have fibre products and u commutes with them. Let Y D and K ext SR ( D , Y) a hypercovering of Y . Then u(K) is a hypercovering of u(Y) .",lexical_candidate_only
cech,232,label;chapter;section;text,0DAY,hypercovering-lemma-hypercovering-morphism-sites,hypercovering.tex,2821,lemma,Constructing hypercoverings,"egin lemma Let f : C o D be a morphism of sites given by the functor u : D o C . Assume D and C have equalizers and fibre products and u commutes with them. If a simplicial object K of ext SR ( D ) is a hypercovering, then u(K) is a hypercovering.",lexical_candidate_only
cech,232,label;chapter;section;text,0DAV,hypercovering-lemma-hypercovering-object,hypercovering.tex,2580,lemma,Constructing hypercoverings,"egin lemma Let C be a site with fibre products. Let B ( C ) be a subset. Assume egin enumerate any object U of C has a covering \ U j o U\ j J with U j B , and if \ U j o U\ j J is a covering with U j B and \ U' o U\ is a morphism with U' B , then \ U j o U\ j J \ U' o U\ is a co",lexical_candidate_only
cech,232,label;chapter;section;text,0DAX,hypercovering-lemma-hypercovering-site,hypercovering.tex,2740,lemma,Constructing hypercoverings,egin lemma Let C be a site with equalizers and fibre products. Let B ( C ) be a subset. Assume that any object of C has a covering whose members are elements of B . Then there is a hypercovering K such that K n = \ U i\ i I n with U i B for all i I n .,lexical_candidate_only
cech,232,label;chapter;section;text,01GW,hypercovering-lemma-injective-trivial-cech,hypercovering.tex,887,lemma,Cech cohomology and hypercoverings,"egin lemma Let C be a site with fibre products. Let X be an object of C . Let K be a hypercovering of X . Let I be an injective sheaf of abelian groups on C . Then heck H p(K, I ) = \ egin matrix I (X) ext if p = 0 \\ 0 ext if p > 0 ight.",lexical_candidate_only
cech,232,label;chapter;section;text,01G8,hypercovering-remark-hypercoverings-really-set,hypercovering.tex,456,remark,Hypercoverings,"egin remark The lemma does not just say that there is a cofinal system of choices of hypercoverings that is a set, but that really the hypercoverings form a set.",lexical_candidate_only
cech,232,label;chapter;section;text,01H5,hypercovering-remark-not-covering-set,hypercovering.tex,2377,remark,Hypercoverings of spaces,egin remark One feature of this description is that if one of the multiple intersections U i 0 ap ap U i n + 1 is empty then the covering on the right hand side may be the empty covering. Thus it is not automatically the case that the maps I n + 1 o (ext cosk next sk n I) n + 1 a,lexical_candidate_only
cech,232,label;chapter;section;text,01H1,hypercovering-section-hypercoverings-spaces,hypercovering.tex,2300,section,Hypercoverings of spaces,Hypercoverings of spaces The theory above is mildly interesting even in the case of topological spaces. In this case we can work out what a hypercovering is and see what the re,lexical_candidate_only
cech,231,label;chapter;section;text,09VU,hypercovering-definition-hypercovering-variant,hypercovering.tex,1068,definition,Hypercoverings a la Verdier,egin definition Let C be a site. Assume C has equalizers and fibre products. Let G be a presheaf of sets. A hypercovering of G is a simplicial object K of ext SR ( C ) endowed with an augmentation F(K) o G such that egin enumerate F(K 0) o G becomes surjective after sheafificatio,lexical_candidate_only
cech,231,label;chapter;section;text,0GM9,hypercovering-example-hypercovering-in-C,hypercovering.tex,395,example,Hypercoverings,"egin example [Hypercovering by a simplicial object of the site] Let C be a site with fibre products. Let X ( C ) . Let U be a simplicial object of C . As usual we denote U n = U([n]) . Finally, assume given an augmentation a : U o X In this situation we can consider the simplicia",lexical_candidate_only
cech,231,label;chapter;section;text,01H6,hypercovering-lemma-basis-hypercovering,hypercovering.tex,2438,lemma,Hypercoverings of spaces,"egin lemma Let X be a topological space. Let B be a basis for the topology of X . There exists a hypercovering (I, \ U i\ ) of X such that each U i is an element of B .",lexical_candidate_only
cech,231,label;chapter;section;text,09VX,hypercovering-lemma-cech-spectral-sequence-variant,hypercovering.tex,1182,lemma,Hypercoverings a la Verdier,"egin lemma Let C be a site with equalizers and fibre products. Let G be a presheaf on C . Let K be a hypercovering of G . Let F be a sheaf of abelian groups on C . There is a map s( F (K)) R ( G , F ) in D + (extit Ab ) functorial in F , which induces a natural transformation hec",lexical_candidate_only
cech,231,label;chapter;section;text,09VY,hypercovering-lemma-cech-spectral-sequence-verdier,hypercovering.tex,1261,lemma,Hypercoverings a la Verdier,"egin lemma Let C be a site with equalizers and fibre products. Let K be a hypercovering. Let F be an abelian sheaf. There is a spectral sequence (E r, d r) r 0 with E 2 p, q = heck H p(K, nderline H q( F )) converging to the global cohomology groups H p + q ( F ) .",lexical_candidate_only
cech,231,label;chapter;section;text,01GH,hypercovering-lemma-funny-gamma,hypercovering.tex,1294,lemma,Covering hypercoverings,"egin lemma Let C be a site with fibre products. Let X be an object of C . Let K, L, M be simplicial objects of ext SR ( C , X) . Let a : K o L , b : M o L be morphisms. Assume egin enumerate K is a hypercovering of X , the morphism M 0 o L 0 is a covering, and for all n 0 in the ",lexical_candidate_only
cech,231,label;chapter;section;text,09VV,hypercovering-lemma-h0-cech-variant,hypercovering.tex,1126,lemma,Hypercoverings a la Verdier,"egin lemma Let C be a site with equalizers and fibre products. Let G be a presheaf on C . Let K be a hypercovering of G . Let F be a sheaf of abelian groups on C . Then heck H 0(K, F ) = H 0( G , F ) .",lexical_candidate_only
cech,231,label;chapter;section;text,01G9,hypercovering-lemma-hypercovering-F,hypercovering.tex,468,lemma,Hypercoverings,"egin lemma Let C be a site with fibre products. Let X ( C ) be an object of C . Let K be a hypercovering of X . Consider the simplicial object F(K) of extit PSh ( C ) , endowed with its augmentation to the constant simplicial presheaf h X . egin enumerate The morphism of presheav",lexical_candidate_only
cech,231,label;chapter;section;text,01G7,hypercovering-lemma-hypercoverings-set,hypercovering.tex,437,lemma,Hypercoverings,egin lemma Let C be a site with fibre products. Let X ( C ) be an object of C . The collection of all hypercoverings of X forms a set.,lexical_candidate_only
cech,231,label;chapter;section;text,09VW,hypercovering-lemma-injective-trivial-cech-variant,hypercovering.tex,1147,lemma,Hypercoverings a la Verdier,"egin lemma Let C be a site with equalizers and fibre products. Let G be a presheaf on C . Let K be a hypercovering of G . Let I be an injective sheaf of abelian groups on C . Then heck H p(K, I ) = \ egin matrix H 0( G , I ) ext if p = 0 \\ 0 ext if p > 0 ight.",lexical_candidate_only
cech,231,label;chapter;section;text,01H7,hypercovering-lemma-quasi-separated-quasi-compact-hypercovering,hypercovering.tex,2497,lemma,Hypercoverings of spaces,"egin lemma Let X be a topological space. Let B be a basis for the topology of X . Assume that egin enumerate X is quasi-compact, each U B is quasi-compact open, and the intersection of any two quasi-compact opens in X is quasi-compact. Then there exists a hypercovering (I, \ U i\",lexical_candidate_only
cech,231,label;chapter;section;text,09VZ,hypercovering-proposition-cohomology-hypercoverings,hypercovering.tex,2186,proposition,Cohomology and hypercoverings,"egin proposition Let C be a site with fibre products and products of pairs. Let F be an abelian sheaf on C . Let i 0 . Then egin enumerate for every H i( F ) there exists a hypercovering K such that is in the image of the canonical map heck H i(K, F ) o H i( F ) , and if K, L are",lexical_candidate_only
cech,231,label;chapter;section;text,0DB1,hypercovering-remark-take-unions-hypercovering,hypercovering.tex,2948,remark,Constructing hypercoverings,"egin remark Let C be a site. Assume C has fibre products and equalizers and let K be a hypercovering. Write K n = \ U n, i \ i I n . Suppose that egin enumerate U n = oprod i I n U n, i exists, and oprod i I n h U n, i o h U n induces an isomorphism on sheafifications. Then we ge",lexical_candidate_only
cech,231,label;chapter;section;text,0DB2,hypercovering-remark-take-unions-hypercovering-X,hypercovering.tex,2983,remark,Constructing hypercoverings,"egin remark Let C be a site. Let X ( C ) . Assume C has fibre products and let K be a hypercovering of X . Write K n = \ U n, i \ i I n . Suppose that egin enumerate U n = oprod i I n U n, i exists, given morphisms ( , f i) : \ U i\ i I o \ V j\ j J and (eta, g k) : \ W k\ k K o ",lexical_candidate_only
cech,231,label;chapter;section;text,094J,hypercovering-section-hypercovering-sites,hypercovering.tex,2532,section,Constructing hypercoverings,"Constructing hypercoverings Let C be a site. In this section we will think of a simplicial object of ext SR ( C ) as follows. As usual, we set K n = K([n])",lexical_candidate_only
cech,231,label;chapter;section;text,01FZ,hypercovering-section-hypercoverings,hypercovering.tex,286,section,Hypercoverings,"Hypercoverings If we assume our category is a site, then we can make the following definition. egin definition Let C be a site",lexical_candidate_only
cech,230,label;chapter;section;text,094K,hypercovering-lemma-w-contractible,hypercovering.tex,2888,lemma,Constructing hypercoverings,"egin lemma Let C be a site. Let B ( C ) be a subset. Assume egin enumerate C has fibre products, for all X ( C ) there exists a finite covering \ U i o X\ i I with U i B , if \ U i o X\ i I is a finite covering with U i B and U o X is a morphism with U B , then \ U i o X\ i I \ U",lexical_candidate_only
cech,229,label;chapter;section;text,02N9,hypercovering-remark-repackage-into-simplicial-space,hypercovering.tex,2396,remark,Hypercoverings of spaces,"egin remark Let us repackage this information in yet another way. Namely, suppose that (I, \ U i\ ) is a hypercovering of the topological space X . Given this data we can construct a simplicial topological space U ullet by setting U n = oprod i I n U i, and where for given arphi ",lexical_candidate_only
cech,229,label;chapter;section;text,01GZ,hypercovering-section-cohomology,hypercovering.tex,1944,section,Cohomology and hypercoverings,"Cohomology and hypercoverings Let C be a site with fibre products. Let X be an object of C . Let F be a sheaf of abelian groups on C . Let K, L",lexical_candidate_only
cech,211,label;chapter;section,01GX,hypercovering-equation-identify-cech,hypercovering.tex,924,equation,Cech cohomology and hypercoverings,"egin equation s( F (K)) = om extit Ab ( C ) (s( Z F(K) \#), F )",lexical_candidate_only
cech,210,label;chapter;section,071K,hypercovering-equation-choose-covering,hypercovering.tex,2477,equation,Hypercoverings of spaces,"egin equation U i 0 ap ap U i n + 1 = igcup i J i' U i,",lexical_candidate_only
cech,210,label;chapter;section,0DAW,hypercovering-equation-choose-covering-B,hypercovering.tex,2643,equation,Constructing hypercoverings,"egin equation \ g n + 1, j : U n + 1, j o U' n + 1, i' \ j J i'",lexical_candidate_only
cech,210,label;chapter;section,01H2,hypercovering-equation-covering-X,hypercovering.tex,2346,equation,Hypercoverings of spaces,"egin equation X = igcup i I 0 U i,",lexical_candidate_only
cech,210,label;chapter;section,01H4,hypercovering-equation-covering-general,hypercovering.tex,2360,equation,Hypercoverings of spaces,"egin equation U i 0 ap ap U i n + 1 = igcup i I n + 1 , \ d n + 1 a(i) = i a, \ a = 0, , n + 1 U i,",lexical_candidate_only
cech,210,label;chapter;section,01H3,hypercovering-equation-covering-two,hypercovering.tex,2351,equation,Hypercoverings of spaces,"egin equation U i 0 ap U i 1 = igcup i I 1, \ d 1 0(i) = i 0, \ d 1 1(i) = i 1 U i,",lexical_candidate_only
cech,210,label;chapter;section,01H0,hypercovering-theorem-cohomology-hypercoverings,hypercovering.tex,1989,theorem,Cohomology and hypercoverings,"egin theorem Let C be a site with fibre products. Let X be an object of C . Let i 0 . The functors egin eqnarray* extit Ab ( C ) extit Ab \\ F H i(X, F ) \\ F heck H i ext HC (X, F ) are canonically isomorphic.",lexical_candidate_only
cech,209,label;chapter;section,0B16,hypercovering-equation-map,hypercovering.tex,1503,equation,Covering hypercoverings,"egin equation om(C[k], T) n + 1 o (ext cosk n ext sk n om(C[k], T)) n + 1",lexical_candidate_only
cech,208,label;chapter;section,0DAU,hypercovering-lemma-split,hypercovering.tex,2550,lemma,Constructing hypercoverings,"egin lemma Let C be a site. Let K be an r -truncated simplicial object of ext SR ( C ) . The following are equivalent egin enumerate K is split (Simplicial, Definition ef simplicial-definition-split ), f arphi, i : U n, i o U m, (arphi)(i) is an isomorphism for r n 0 , arphi : [m",lexical_candidate_only
cech,208,label;chapter;section,0DB0,hypercovering-remark-taking-disjoint-unions,hypercovering.tex,2922,remark,Constructing hypercoverings,"egin remark Let C be a site. Let K and L be objects of ext SR ( C ) . Write K = \ U i\ i I and L = \ V j\ j J . Assume U = oprod i I U i and V = oprod j J V j exist. Then we get ext SR ( C ) (K, L) C (U, V) as follows. Given f : K o L given by : I o J and f i : U i o V (i) we obt",lexical_candidate_only
cech,188,label;section;text,01ED,cohomology-section-cech,cohomology.tex,869,section,The Cech complex and Cech cohomology,"The Cech complex and Cech cohomology Let X be a topological space. Let U : U = igcup i I U i be an open covering, see Topology, Basic notion (ef topology-item-covering ). As is cust",lexical_candidate_only
cech,188,label;section;text,0D8F,spaces-simplicial-lemma-hypercovering-cech-complex,spaces-simplicial.tex,4137,lemma,Cohomological descent for hypercoverings,"egin lemma Let C be a site with equalizers and fibre products. Let K be a hypercovering. The Cech complex of Lemma ef lemma-augmentation-cech-complex associated to a -1 F a 0, * a 0 -1 F o a 1, * a 1 -1 F o a 2, * a 2 -1 F o is equal to the complex (s( Z F(K) \#), F ) . Here s( Z",lexical_candidate_only
cech,187,label;section;text,01EF,cohomology-definition-cech-complex,cohomology.tex,913,definition,The Cech complex and Cech cohomology,"egin definition Let X be a topological space. Let U : U = igcup i I U i be an open covering. Let F be an abelian presheaf on X . The complex heck C ullet( U , F ) is the Cech complex associated to F and the open covering U . Its cohomology groups H i(heck C ullet( U , F )) are ca",lexical_candidate_only
cech,187,label;section;text,09X6,spaces-simplicial-remark-compare-cohomology-hypercovering-presheaf,spaces-simplicial.tex,4396,remark,Cohomological descent for hypercoverings,"egin remark Let C be a site. Let G be a presheaf of sets on C . If C has equalizers and fibre products, then we've defined the notion of a hypercovering of G in Hypercoverings, Definition ef hypercovering-definition-hypercovering-variant . We claim that all the results in this se",lexical_candidate_only
cech,186,label;section;text,01X8,coherent-section-cech-quasi-coherent,coherent.tex,33,section,Cech cohomology of quasi-coherent sheaves,Cech cohomology of quasi-coherent sheaves Let X be a scheme. Let U X be an affine open. Recall that a standard open covering of U is a covering of the form U : U =,lexical_candidate_only
cech,186,label;section;text,01FH,cohomology-definition-alternating-cech-complex,cohomology.tex,4103,definition,The alternating Cech complex,"egin definition Let X be a topological space. Let U : U = igcup i I U i be an open covering. Let F be an abelian presheaf on X . The complex heck C alt ullet( U , F ) is the alternating Cech complex associated to F and the open covering U .",lexical_candidate_only
cech,186,label;section;text,01FI,cohomology-definition-ordered-cech-complex,cohomology.tex,4153,definition,The alternating Cech complex,"egin definition Let X be a topological space. Let U : U = igcup i I U i be an open covering. Assume given a total ordering on I . Let F be an abelian presheaf on X . The complex heck C ord ullet( U , F ) is the ordered Cech complex associated to F , the open covering U and the gi",lexical_candidate_only
cech,186,label;section;text,0G6S,cohomology-lemma-cech-trivial,cohomology.tex,949,lemma,The Cech complex and Cech cohomology,"egin lemma Let X be a topological space. Let F be an abelian presheaf on X . Let U : U = igcup i I U i be an open covering. If U i = U for some i I , then the extended Cech complex F (U) o heck C ullet( U , F ) obtained by putting F (U) in degree -1 with differential given by the",lexical_candidate_only
cech,186,label;section;text,01FG,cohomology-section-alternating-cech,cohomology.tex,4072,section,The alternating Cech complex,The alternating Cech complex This section compares the Cech complex with the alternating Cech complex and some related complexes. Let X be a topological s,lexical_candidate_only
cech,186,label;section;text,02AO,exercises-section-cech-cohomology,exercises.tex,3927,section,Cech Cohomology,Cech Cohomology egin exercise Cech cohomology. Here k is a field. egin enumerate Let X be a scheme with an open covering,lexical_candidate_only
cech,186,label;section;text,03AK,sites-cohomology-section-cech,sites-cohomology.tex,790,section,The Cech complex and Cech cohomology,"The Cech complex and Cech cohomology Let C be a category. Let U = \ U i o U\ i I be a family of morphisms with fixed target, see Sites, Definition ef sites-definition-fam",lexical_candidate_only
cech,186,label;section;text,03AV,sites-cohomology-section-cech-cohomology-cohomology,sites-cohomology.tex,1310,section,Cech cohomology and cohomology,Cech cohomology and cohomology The relationship between cohomology and Cech cohomology comes from the fact that the Cech cohomology of an injective abelian sheaf is ze,lexical_candidate_only
cech,186,label;section;text,0DH4,spaces-simplicial-section-fppf-hypercovering,spaces-simplicial.tex,6971,section,Fppf hypercoverings of algebraic spaces,Fppf hypercoverings of algebraic spaces This section is the analogue of Section ef section-proper-hypercovering for the case of algebraic spaces and fppf hypercoverings. The reader who wishes,lexical_candidate_only
cech,186,label;section;text,0DHB,spaces-simplicial-section-fppf-hypercovering-modules,spaces-simplicial.tex,7260,section,Fppf hypercoverings of algebraic spaces: modules,Fppf hypercoverings of algebraic spaces: modules We continue the discussion of (cohomological) descent for fppf hypercoverings started in Section ef section-fppf-hypercovering but in this sect,lexical_candidate_only
cech,185,label;section;text,08C2,cohomology-lemma-alternating-cech-complex-complex-ss,cohomology.tex,10204,lemma,Cech cohomology of unbounded complexes,"egin lemma Let (X, O X) be a ringed space. Let U : X = igcup i I U i be a finite open covering. Let F ullet be a complex of O X -modules. Let B be a set of open subsets of X . Assume egin enumerate every open in X has a covering whose members are elements of B , we have U i 0 i p",lexical_candidate_only
cech,185,label;section;text,0G6T,cohomology-lemma-alternating-cech-trivial,cohomology.tex,4456,lemma,The alternating Cech complex,"egin lemma Let X be a topological space. Let F be an abelian presheaf on X . Let U : U = igcup i I U i be an open covering. If U i = U for some i I , then the extended alternating Cech complex F (U) o heck C alt ullet( U , F ) obtained by putting F (U) in degree -1 with different",lexical_candidate_only
cech,185,label;section;text,01EN,cohomology-lemma-cech-cohomology-derived-presheaves,cohomology.tex,1287,lemma,Cech cohomology as a functor on presheaves,"egin lemma Let X be a ringed space. Let U : U = igcup i I U i be an open covering of U X . The Cech cohomology functors heck H p( U , -) are canonically isomorphic as a elta -functor to the right derived functors of the functor heck H 0( U , -) : extit PMod ( O X) ext Mod O X(U) ",lexical_candidate_only
cech,185,label;section;text,01EG,cohomology-lemma-cech-h0,cohomology.tex,927,lemma,The Cech complex and Cech cohomology,"egin lemma Let X be a topological space. Let F be an abelian presheaf on X . The following are equivalent egin enumerate F is an abelian sheaf and for every open covering U : U = igcup i I U i the natural map F (U) o heck H 0( U , F ) is bijective.",lexical_candidate_only
cech,185,label;section;text,01EV,cohomology-lemma-cech-vanish,cohomology.tex,1631,lemma,Cech cohomology and cohomology,"egin lemma egin slogan If higher Cech cohomology of an abelian sheaf vanishes for all open covers, then higher cohomology vanishes. Let X be a ringed space. Let F be an O X -module such that heck H p( U , F ) = 0 for all p > 0 and any open covering U : U = igcup i I U i of an ope",lexical_candidate_only
cech,185,label;section;text,01EW,cohomology-lemma-cech-vanish-basis,cohomology.tex,1696,lemma,Cech cohomology and cohomology,egin lemma (Variant of Lemma ef lemma-cech-vanish .) Let X be a ringed space. Let B be a basis for the topology on X . Let F be an O X -module. Assume there exists a set of open coverings ext Cov with the following properties: egin enumerate For every U ext Cov with U : U = igcup,lexical_candidate_only
cech,185,label;section;text,01EO,cohomology-section-cech-cohomology-cohomology,cohomology.tex,1405,section,Cech cohomology and cohomology,Cech cohomology and cohomology egin lemma Let X be a ringed space. Let U : U = igcup i I U i be an open covering. Let,lexical_candidate_only
cech,185,label;section;text,08BZ,cohomology-section-cech-cohomology-of-unbounded-complexes,cohomology.tex,10117,section,Cech cohomology of unbounded complexes,Cech cohomology of unbounded complexes The construction of Section ef section-cech-cohomology-of-complexes isn't the ``correct'' one for unbounded complexes. The problem,lexical_candidate_only
cech,185,label;section;text,02FR,cohomology-section-locally-finite-cech,cohomology.tex,4565,section,Alternative view of the Cech complex,Alternative view of the Cech complex In this section we discuss an alternative way to establish the relationship between the Cech complex and cohomology. egin lemma lemma-cov,lexical_candidate_only
cech,185,label;section;text,09UY,cohomology-section-refinements-cech,cohomology.tex,2439,section,Refinements and Cech cohomology,"Refinements and Cech cohomology Let (X, O X) be a ringed space. Let U : X = igcup i I U i and V : X = igcup j J V j be open coverings. A",lexical_candidate_only
cech,185,label;section;text,03OP,etale-cohomology-lemma-cech-complex-describe,etale-cohomology.tex,1593,lemma,Cech cohomology,"egin lemma Notation and assumptions as in Definition ef definition-cech-complex . The Cech complex heck C ullet( U , F ) can be described explicitly as follows egin eqnarray* heck C ullet( U , F ) = ( i 0 I om extit PAb ( C ) ( Z U i 0 , F ) o i 0, i 1 I om extit PAb ( C ) ( Z U ",lexical_candidate_only
cech,185,label;section;text,03PF,etale-cohomology-section-etale-covering,etale-cohomology.tex,2717,section,Etale coverings,Etale coverings We recall the definition. egin definition An etale covering of a scheme U is a family of morphisms of schemes,lexical_candidate_only
cech,185,label;section;text,,examples-defos-lemma-formal-coverings-limit-algebraize,examples-defos.tex,1976,lemma,Finite locally free coverings,"egin lemma egin reference ite[Expose 195, C, Section 5, p. 388] FGA . Let (Z n o X n) be a compatible system of marked finite locally free coverings in Situation ef situation-formal-coverings . egin enumerate The isomorphism class of the system is the same datum as a compatible e",lexical_candidate_only
cech,185,label;section;text,,examples-defos-lemma-formal-coverings-local-completion,examples-defos.tex,1934,lemma,Finite locally free coverings,"egin lemma egin reference ite[Expose 195, C, Section 5, p. 388, and the 1962 erratum, p. 301] FGA . Fix A in Situation ef situation-formal-coverings . On open subsets V X A , isomorphism classes of marked finite locally free coverings form a Zariski sheaf G A . For x X A , finite",lexical_candidate_only
cech,185,label;section;text,,examples-defos-lemma-formal-coverings-rigidity,examples-defos.tex,1896,lemma,Finite locally free coverings,"egin lemma egin reference ite[Expose 195, C, Section 5, p. 387] FGA . In Situation ef situation-formal-coverings , let A be an object of A and let Z A and Z' A be two marked coverings. The restriction map X A (Z A, Z' A) X A red (Z A| X A red , Z' A| X A red ) is injective. In pa",lexical_candidate_only
cech,185,label;section;text,,examples-defos-remark-formal-coverings-trivial-etale,examples-defos.tex,2082,remark,Finite locally free coverings,"egin remark If U 0 = X 0 , then every covering in the situation is finite etale. Invariance of finite etale coverings under nilpotent thickenings (Fundamental Groups, Lemma ef pione-lemma-thickening ) makes F the one-point functor, represented by . In the ramified case the strict",lexical_candidate_only
cech,185,label;section;text,,examples-defos-section-finite-locally-free-coverings,examples-defos.tex,1849,section,Finite locally free coverings,Finite locally free coverings We formulate the extension problem for coverings in terms of an adic system. The flatness over the coefficient ring in the following situation,lexical_candidate_only
cech,185,label;section;text,02F4,exercises-exercise-cech-cohomology,exercises.tex,3930,exercise,Cech Cohomology,"egin exercise Cech cohomology. Here k is a field. egin enumerate Let X be a scheme with an open covering U : X = U 1 up U 2 , with U 1 = (k[x]) , U 2 = (k[y]) with U 1 ap U 2 = (k[z, 1/z]) and with open immersions U 1 ap U 2 o U 1 resp.\ U 1 ap U 2 o U 2 determined by x z resp.\ ",lexical_candidate_only
cech,185,label;section;text,0G6F,more-algebra-section-alternating-cech,more-algebra.tex,6913,section,The extended alternating Cech complex,"The extended alternating Cech complex Let R be a ring. Let f 1, , f r R . The extended alternating Cech complex of R is the cochain complex R o igoplus i 0",lexical_candidate_only
cech,185,label;section;text,03WA,obsolete-lemma-sheaf-fpqc-open-covering,obsolete.tex,2193,lemma,Spaces and fpqc coverings,"egin lemma Let S be a scheme. Let X be an algebraic space over S . Let X = igcup j J X j be a Zariski covering, see Spaces, Definition ef spaces-definition-Zariski-open-covering . If each X j satisfies the sheaf property for the fpqc topology then X satisfies the sheaf property f",lexical_candidate_only
cech,185,label;section;text,09A1,proetale-lemma-w-contractible-hypercovering,proetale.tex,2999,lemma,Weakly contractible hypercoverings,egin lemma Let X be a scheme. egin enumerate For every object U of X there exists a hypercovering K of U in X such that each term K n consists of a single weakly contractible object of X covering U . For every quasi-compact and quasi-separated object U of X there exists a hyperco,lexical_candidate_only
cech,185,label;section;text,09A0,proetale-section-hypercovering,proetale.tex,2991,section,Weakly contractible hypercoverings,Weakly contractible hypercoverings The results of Section ef section-weakly-contractible leads to the existence of hypercoverings made up out weakly contractible objects. egin lemma,lexical_candidate_only
cech,185,label;section;text,03AM,sites-cohomology-definition-cech-complex,sites-cohomology.tex,833,definition,The Cech complex and Cech cohomology,"egin definition Let C be a category. Let U = \ U i o U\ i I be a family of morphisms with fixed target such that all fibre products U i 0 imes U imes U U i p exist in C . Let F be an abelian presheaf on C . The complex heck C ullet( U , F ) is the Cech complex associated to F and",lexical_candidate_only
cech,185,label;section;text,03AN,sites-cohomology-lemma-cech-h0,sites-cohomology.tex,851,lemma,The Cech complex and Cech cohomology,"egin lemma Let C be a site. Let F be an abelian presheaf on C . The following are equivalent egin enumerate F is an abelian sheaf on C and for every covering U = \ U i o U\ i I of the site C the natural map F (U) o heck H 0( U , F ) (see Sites, Section ef sites-section-sheafifica",lexical_candidate_only
cech,185,label;section;text,03F9,sites-cohomology-lemma-cech-vanish-collection,sites-cohomology.tex,1565,lemma,Cech cohomology and cohomology,"egin lemma (Variant of Cohomology, Lemma ef cohomology-lemma-cech-vanish .) Let C be a site. Let ext Cov C be the set of coverings of C (see Sites, Definition ef sites-definition-site ). Let B ( C ) , and ext Cov ext Cov C be subsets. Let F be an abelian sheaf on C . Assume that ",lexical_candidate_only
cech,185,label;section;text,03FW,spaces-properties-section-special-coverings,spaces-properties.tex,694,section,Special coverings,Special coverings In this section we collect some straightforward lemmas on the existence of etale surjective coverings of algebraic spaces. egin lemma lemma-co,lexical_candidate_only
cech,185,label;section;text,0D8D,spaces-simplicial-section-cohomological-descent-hypercoverings,spaces-simplicial.tex,3936,section,Cohomological descent for hypercoverings,Cohomological descent for hypercoverings Let C be a site. In this section we assume C has equalizers and fibre products. We let K be a hypercovering as,lexical_candidate_only
cech,185,label;section;text,0D8J,spaces-simplicial-section-cohomological-descent-hypercoverings-X,spaces-simplicial.tex,4568,section,Cohomological descent for hypercoverings of an object,Cohomological descent for hypercoverings of an object In this section we assume C has fibre products and X ( C ) . We let K be a hypercovering of X as defin,lexical_candidate_only
cech,185,label;section;text,0DA3,spaces-simplicial-section-cohomological-descent-hypercoverings-X-modules,spaces-simplicial.tex,4683,section,Cohomological descent for hypercoverings of an object: modules,Cohomological descent for hypercoverings of an object: modules In this section we assume C has fibre products and X ( C ) . We let K be a hypercovering of X,lexical_candidate_only
cech,185,label;section;text,0DHI,spaces-simplicial-section-proper-hypercovering-spaces,spaces-simplicial.tex,7705,section,Proper hypercoverings of algebraic spaces,"Proper hypercoverings of algebraic spaces This section is the analogue of Section ef section-proper-hypercovering for the case of algebraic spaces. The reader who wishes to do so, can",lexical_candidate_only
cech,185,label;section;text,06X3,stacks-sheaves-section-cech,stacks-sheaves.tex,2876,section,The Cech complex,The Cech complex To compute the cohomology of a sheaf on an algebraic stack we compare it to the cohomology of the sheaf restricted to coverings of the given algebraic stack. \,lexical_candidate_only
cech,185,label;section;text,06X7,stacks-sheaves-section-sheaf-cech-complex,stacks-sheaves.tex,3090,section,The relative Cech complex,The relative Cech complex Let f : U o X be a 1 -morphism of categories fibred in groupoids over ( /S) fppf as in (ef equation-covering ). Consider,lexical_candidate_only
cech,185,label;section;text,0908,topology-section-stone-cech,topology.tex,5097,section,Stone- Cech compactification,Stone- Cech compactification The Stone- Cech compactification of a topological space X is a map X o eta(X) from X to a Hausdorff quasi-compact space eta(X) which is universa,lexical_candidate_only
cech,184,label;section;text,01XD,coherent-lemma-cech-cohomology-quasi-coherent,coherent.tex,246,lemma,Cech cohomology of quasi-coherent sheaves,"egin lemma Let X be a scheme. Let U : X = igcup i I U i be an open covering such that U i 0 i p is affine open for all p 0 and all i 0, , i p I . In this case for any quasi-coherent sheaf F we have heck H p( U , F ) = H p(X, F ) as (X, O X) -modules for all p .",lexical_candidate_only
cech,184,label;section;text,01X9,coherent-lemma-cech-cohomology-quasi-coherent-trivial,coherent.tex,45,lemma,Cech cohomology of quasi-coherent sheaves,"egin lemma Let X be a scheme. Let F be a quasi-coherent O X -module. Let U : U = igcup i = 1 n D(f i) be a standard open covering of an affine open of X . Then heck H p( U , F ) = 0 for all p > 0 .",lexical_candidate_only
cech,184,label;section;text,02FS,cohomology-definition-covering-locally-finite,cohomology.tex,4697,definition,Alternative view of the Cech complex,egin definition Let X be a topological space. An open covering X = igcup i I U i is said to be locally finite if for every x X there exists an open neighbourhood W of x such that \ i I W ap U i = \ is finite.,lexical_candidate_only
support,92,section;text,0A39,cohomology-section-cohomology-support,cohomology.tex,3740,section,Cohomology with support in a closed subset,Cohomology with support in a closed subset This section just discusses the bare minimum -- the discussion will be continued in Section ef section-cohomology-support-bis . Let,lexical_candidate_only
support,92,section;text,0G6Y,cohomology-section-cohomology-support-bis,cohomology.tex,8445,section,"Cohomology with support in a closed subset, II","Cohomology with support in a closed subset, II We continue the discussion started in Section ef section-cohomology-support . Let (X, O X) be a ringed space. Let Z",lexical_candidate_only
support,92,section;text,09XP,etale-cohomology-section-cohomology-support,etale-cohomology.tex,13966,section,Cohomology with support in a closed subscheme,"Cohomology with support in a closed subscheme Let X be a scheme and let Z X be a closed subscheme. Let F be an abelian sheaf on X . We let Z(X, F ) =",lexical_candidate_only
support,92,section;text,0G7F,perfect-section-cohomology-support,perfect.tex,779,section,Cohomology with support in a closed subset,"Cohomology with support in a closed subset We elaborate on the material in Cohomology, Sections ef cohomology-section-cohomology-support and ef cohomology-section-cohomology-support-bis for s",lexical_candidate_only
support,92,section;text,0A4L,spaces-cohomology-section-cohomology-support,spaces-cohomology.tex,1338,section,Cohomology with support in a closed subspace,"Cohomology with support in a closed subspace This section is the analogue of Cohomology, Sections ef cohomology-section-cohomology-support and ef cohomology-section-cohomology-support-bis and \",lexical_candidate_only
support,71,section,0A3B,cohomology-lemma-cohomology-with-support-sheaf-on-support,cohomology.tex,8499,lemma,"Cohomology with support in a closed subset, II","egin lemma Let (X, O X) be a ringed space. Let i : Z o X be the inclusion of a closed subset. egin enumerate R H Z : D( O X) o D( O X| Z) is right adjoint to i * : D( O X| Z) o D( O X) . For K in D( O X| Z) we have R H Z(i *K) = K . Let G be a sheaf of O X| Z -modules on Z . Then",lexical_candidate_only
support,71,section,0AEF,cohomology-lemma-complexes-with-support-on-closed,cohomology.tex,8543,lemma,"Cohomology with support in a closed subset, II","egin lemma Let (X, O X) be a ringed space. Let i : Z o X be the inclusion of a closed subset. egin enumerate For K in D( O X| Z) we have i *K in D Z( O X) . The functor i * : D( O X| Z) o D Z( O X) is an equivalence with quasi-inverse i -1 | D Z( O X) = R H Z| D Z( O X) . The fun",lexical_candidate_only
support,71,section,0G70,cohomology-lemma-local-to-global-sections-with-support,cohomology.tex,8612,lemma,"Cohomology with support in a closed subset, II","egin lemma Let (X, O X) be a ringed space. Let i : Z o X be the inclusion of a closed subset. Then R (Z, - ) irc R H Z = R Z(X, - ) as functors D( O X) o D( O X(X)) .",lexical_candidate_only
support,71,section,0G74,cohomology-lemma-sections-support-abelian-unbounded,cohomology.tex,8711,lemma,"Cohomology with support in a closed subset, II","egin lemma Let (X, O X) be a ringed space. Let Z X be a closed subset. Let K be an object of D( O X) and denote K ab its image in D(nderline Z X) . egin enumerate There is a canonical map R Z(X, K) o R Z(X, K ab ) which is an isomorphism in D(extit Ab ) . There is a canonical map",lexical_candidate_only
support,71,section,0G73,cohomology-lemma-sections-support-in-closed-disjoint-open,cohomology.tex,8688,lemma,"Cohomology with support in a closed subset, II","egin lemma Let (X, O X) be a ringed space. Let Z X be a closed subset. Let j : U o X be the inclusion of an open subset with U ap Z = . Then R H Z(Rj *K) = 0 for all K in D( O U) .",lexical_candidate_only
support,71,section,0G6Z,cohomology-lemma-sections-with-support-K-injective,cohomology.tex,8595,lemma,"Cohomology with support in a closed subset, II","egin lemma Let (X, O X) be a ringed space. Let i : Z o X be the inclusion of a closed subset. If I ullet is a K-injective complex of O X -modules, then H Z( I ullet) is K-injective complex of O X| Z -modules.",lexical_candidate_only
support,71,section,0A3A,cohomology-lemma-sections-with-support-acyclic,cohomology.tex,3840,lemma,Cohomology with support in a closed subset,egin lemma Let i : Z o X be the inclusion of a closed subset. Let I be an injective abelian sheaf on X . Then H Z( I ) is an injective abelian sheaf on Z .,lexical_candidate_only
support,71,section,0G77,cohomology-lemma-support-cup-product,cohomology.tex,8832,lemma,"Cohomology with support in a closed subset, II","egin lemma With notation as in Remark ef remark-support-cup-product the diagram H i(X, K) imes H j Z(X, M) H i + j Z(X, K O X L M) \\ H i(X, K) imes H j(X, M) H i + j (X, K O X L M) commutes where the top horizontal arrow is the cup product of Remark ef remark-support-cup-product",lexical_candidate_only
support,71,section,0G79,cohomology-lemma-support-functorial,cohomology.tex,8893,lemma,"Cohomology with support in a closed subset, II","egin lemma With notation and assumptions as in Remark ef remark-support-functorial the diagram H p Z(X, K) H p Z' (X', Lf *K) \\ H p(X, K) H p(X', Lf *K) commutes. Here the top horizontal arrow comes from the identifications H p Z(X, K) = H p(Z, R H Z(K)) and H p Z' (X', Lf *K) =",lexical_candidate_only
support,71,section,0G71,cohomology-lemma-triangle-sections-with-support,cohomology.tex,8626,lemma,"Cohomology with support in a closed subset, II","egin lemma Let (X, O X) be a ringed space. Let i : Z o X be the inclusion of a closed subset. Let U = X Z . There is a distinguished triangle R Z(X, K) o R (X, K) o R (U, K) o R Z(X, K)[1] in D( O X(X)) functorial for K in D( O X) .",lexical_candidate_only
support,71,section,0G72,cohomology-lemma-triangle-sections-with-support-sheaves,cohomology.tex,8657,lemma,"Cohomology with support in a closed subset, II","egin lemma Let (X, O X) be a ringed space. Let i : Z o X be the inclusion of a closed subset. Denote j : U = X Z o X the inclusion of the complement. There is a distinguished triangle i *R H Z(K) o K o Rj *(K| U) o i *R H Z(K)[1] in D( O X) functorial for K in D( O X) .",lexical_candidate_only
support,71,section,0G75,cohomology-remark-support-cup-product,cohomology.tex,8760,remark,"Cohomology with support in a closed subset, II","egin remark Let (X, O X) be a ringed space. Let i : Z o X be the inclusion of a closed subset. Given K and M in D( O X) there is a canonical map K| Z O X| Z L R H Z(M) R H Z(K O X L M) in D( O X| Z) . Here K| Z = i -1 K is the restriction of K to Z viewed as an object of D( O X| ",lexical_candidate_only
support,71,section,0G76,cohomology-remark-support-cup-product-global,cohomology.tex,8808,remark,"Cohomology with support in a closed subset, II","egin remark With notation as in Remark ef remark-support-cup-product we obtain a canonical cup product egin align* H a(X, K) imes H b Z(X, M) = H a(X, K) imes H b(Z, R H Z(M)) \\ o H a(Z, K| Z) imes H b(Z, R H Z(M)) \\ o H a + b (Z, K| Z O X| Z L R H Z(M)) \\ o H a + b (Z, R H Z(",lexical_candidate_only
support,71,section,0G78,cohomology-remark-support-functorial,cohomology.tex,8851,remark,"Cohomology with support in a closed subset, II","egin remark Let f : (X', O X' ) o (X, O X) be a morphism of ringed spaces. Let Z X be a closed subset and Z' = f -1 (Z) . Denote f| Z' : (Z', O X' | Z' ) o (Z, O X|Z) be the induced morphism of ringed spaces. For any K in D( O X) there is a canonical map L(f| Z' ) *R H Z(K) R H Z",lexical_candidate_only
support,71,section,0A46,etale-cohomology-lemma-cohomology-with-support-quasi-coherent,etale-cohomology.tex,14156,lemma,Cohomology with support in a closed subscheme,"egin lemma Let X be a scheme. Let Z X be a closed subscheme. Let F be a quasi-coherent O X -module and denote F a the associated quasi-coherent sheaf on the small etale site of X (Proposition ef proposition-quasi-coherent-sheaf-fpqc ). Then egin enumerate H q Z(X, F ) agrees with",lexical_candidate_only
support,71,section,09XR,etale-cohomology-lemma-cohomology-with-support-sheaf-on-support,etale-cohomology.tex,14058,lemma,Cohomology with support in a closed subscheme,egin lemma Let i : Z o X be a closed immersion of schemes. Let G be an injective abelian sheaf on Z . Then H p Z(i * G ) = 0 for p > 0 .,lexical_candidate_only
support,71,section,0A45,etale-cohomology-lemma-cohomology-with-support-triangle,etale-cohomology.tex,14072,lemma,Cohomology with support in a closed subscheme,egin lemma Let i : Z o X be a closed immersion of schemes. Let j : U o X be the inclusion of the complement of Z . Let F be an abelian sheaf on X . There is a distinguished triangle i *R H Z( F ) o F o Rj *( F | U) o i *R H Z( F )[1] in D(X ) . This produces an exact sequence 0 o,lexical_candidate_only
support,71,section,0AEG,etale-cohomology-lemma-complexes-with-support-on-closed,etale-cohomology.tex,14112,lemma,Cohomology with support in a closed subscheme,"egin lemma Let i : Z o X be a closed immersion of schemes. The map Ri small, * = i small, * : D(Z ) o D(X ) induces an equivalence D(Z ) o D Z(X ) with quasi-inverse i small -1 | D Z(X ) = R H Z| D Z(X )",lexical_candidate_only
support,71,section,09XQ,etale-cohomology-lemma-sections-with-support-acyclic,etale-cohomology.tex,14023,lemma,Cohomology with support in a closed subscheme,egin lemma Let i : Z o X be a closed immersion of schemes. Let I be an injective abelian sheaf on X . Then H Z( I ) is an injective abelian sheaf on Z .,lexical_candidate_only
support,71,section,08DA,perfect-definition-supported-on,perfect.tex,788,definition,Cohomology with support in a closed subset,egin definition Let X be a scheme. Let E be an object of D( O X) . Let T X be a closed subset. We say E is supported on T if the cohomology sheaves H i(E) are supported on T .,lexical_candidate_only
support,71,section,0G7J,perfect-equation-extended-alternating,perfect.tex,890,equation,Cohomology with support in a closed subset,egin equation 0 o F o igoplus i 0 F i 0 o o igoplus i 0 < < i p F i 0 i p o o F 1 c o 0,lexical_candidate_only
support,71,section,0G7R,perfect-example-affine-supported-map-c-equations,perfect.tex,1089,example,Cohomology with support in a closed subset,"egin example Let X = (A) be affine, f 1, , f c A , and let F = M for some A -module M . The map c f 1, , f c of Remark ef remark-supported-map-c-equations can be described as the map M/(f 1, , f c)M ( igoplus M f 1 f i f c o M f 1 f c ight) sending the class of s M to the class o",lexical_candidate_only
support,71,section,0G7M,perfect-lemma-extended-alternating-represented,perfect.tex,968,lemma,Cohomology with support in a closed subset,"egin lemma With X , f 1, , f c (X, O X) , and F as in Remark ef remark-support-c-equations . If F is quasi-coherent, then the complex (ef equation-extended-alternating ) represents i * R H Z( F ) in D Z( O X) .",lexical_candidate_only
support,71,section,0G7K,perfect-lemma-extended-alternating-zero,perfect.tex,912,lemma,Cohomology with support in a closed subset,"egin lemma With X , f 1, , f c (X, O X) , and F as in Remark ef remark-support-c-equations the complex (ef equation-extended-alternating ) restricts to an acyclic complex over X Z .",lexical_candidate_only
support,71,section,0G7H,perfect-lemma-support-direct-sums,perfect.tex,851,lemma,Cohomology with support in a closed subset,"egin lemma Let X be a scheme. Let T X be a closed subset such that X T is a retrocompact open of X . Then for a family of objects E i , i I of D ( O X) we have R H T(igoplus E i) = igoplus R H T(E i) .",lexical_candidate_only
support,71,section,0G7G,perfect-lemma-support-quasi-coherent,perfect.tex,821,lemma,Cohomology with support in a closed subset,"egin lemma Let X be a scheme. Let T X be a closed subset such that X T is a retrocompact open of X . Let i : T o X be the inclusion. egin enumerate For E in D ( O X) we have i *R H T(E) in D , T ( O X) . The functor i * irc R H T : D ( O X) o D , T ( O X) is right adjoint to the ",lexical_candidate_only
support,71,section,0G7S,perfect-lemma-supported-map-determinant,perfect.tex,1106,lemma,Cohomology with support in a closed subset,"egin lemma With X , f 1, , f c (X, O X) , and F as in Remark ef remark-support-c-equations . Let a ji (X, O X) for 1 i, j c and set g j = i = 1, , c a ji f i . Assume g 1, , g c scheme theoretically cut out Z . If F is quasi-coherent, then c f 1, , f c = et(a ji ) c g 1, , g c wh",lexical_candidate_only
support,71,section,0G7T,perfect-lemma-supported-map-global,perfect.tex,1229,lemma,Cohomology with support in a closed subset,egin lemma Let X be a scheme. Let Z o X be a closed immersion of finite presentation whose conormal sheaf C Z/X is locally free of rank c . Then there is a canonical map c : c( C Z/X ) ee O Z i * F H Z c( F ) functorial in the quasi-coherent module F .,lexical_candidate_only
support,71,section,0G7N,perfect-lemma-supported-trivial-vanishing,perfect.tex,1008,lemma,Cohomology with support in a closed subset,egin lemma Let X be a scheme. Let T X be a closed subset which can locally be cut out by at most c elements of the structure sheaf. Then H i Z( F ) = 0 for i > c and any quasi-coherent O X -module F .,lexical_candidate_only
support,71,section,0G7P,perfect-lemma-supported-vanishing,perfect.tex,1022,lemma,Cohomology with support in a closed subset,"egin lemma Let X be a scheme. Let Z X be a closed subset which can locally be cut out by a Koszul regular sequence having c elements. Then H i Z( F ) = 0 for i = c for every flat, quasi-coherent O X -module F .",lexical_candidate_only
support,71,section,0G7L,perfect-remark-extended-alternating-map-to-support,perfect.tex,943,remark,Cohomology with support in a closed subset,"egin remark Let X , f 1, , f c (X, O X) , and F be as in Remark ef remark-support-c-equations . Denote F ullet the complex (ef equation-extended-alternating ). By Lemma ef lemma-extended-alternating-zero the cohomology sheaves of F ullet are supported on Z hence F ullet is an obj",lexical_candidate_only
support,71,section,0G7I,perfect-remark-support-c-equations,perfect.tex,876,remark,Cohomology with support in a closed subset,"egin remark Let X be a scheme. Let f 1, , f c (X, O X) . Denote Z X the closed subscheme cut out by f 1, , f c . For 0 p < c and 1 i 0 < < i p c we denote U i 0 i p X the open subscheme where f i 0 f i p is invertible. For any O X -module F we set F i 0 i p = (U i 0 i p o X) *( F",lexical_candidate_only
support,71,section,0G7U,perfect-remark-supported-functorial,perfect.tex,1252,remark,Cohomology with support in a closed subset,"egin remark Let g : X' o X be a morphism of schemes. Let f 1, , f c (X, O X) . Set f' i = g (f i) (X', O X' ) . Denote Z X , resp.\ Z' X' the closed subscheme cut out by f 1, , f c , resp.\ f' 1, , f' c . Then Z' = Z imes X X' . Denote h : Z' o Z the induced morphism of schemes. ",lexical_candidate_only
support,71,section,0G7Q,perfect-remark-supported-map-c-equations,perfect.tex,1050,remark,Cohomology with support in a closed subset,"egin remark With X , f 1, , f c (X, O X) , and F as in Remark ef remark-support-c-equations . There is a canonical O X| Z -linear map c f 1, , f c : i * F H c Z( F ) functorial in F . Namely, denoting F ullet the extended alternating Cech complex (ef equation-extended-alternating",lexical_candidate_only
support,71,section,0A4N,spaces-cohomology-lemma-cohomology-with-support-sheaf-on-support,spaces-cohomology.tex,1442,lemma,Cohomology with support in a closed subspace,egin lemma Let S be a scheme. Let i : Z o X be a closed immersion of algebraic spaces over S . Let G be an injective abelian sheaf on Z . Then H p Z(i * G ) = 0 for p > 0 .,lexical_candidate_only
support,71,section,0AEI,spaces-cohomology-lemma-complexes-with-support-on-closed,spaces-cohomology.tex,1485,lemma,Cohomology with support in a closed subspace,egin lemma Let S be a scheme. Let i : Z o X be a closed immersion of algebraic spaces over S . The map Ri * = i * : D(Z ) o D(X ) induces an equivalence D(Z ) o D |Z| (X ) with quasi-inverse i -1 | D Z(X ) = R H Z| D |Z| (X ),lexical_candidate_only
support,71,section,0A4P,spaces-cohomology-lemma-etale-localization-sheaf-with-support,spaces-cohomology.tex,1457,lemma,Cohomology with support in a closed subspace,egin lemma Let S be a scheme. Let f : X o Y be an etale morphism of algebraic spaces over S . Let Z Y be a closed subspace such that f -1 (Z) o Z is an isomorphism of algebraic spaces. Let F be an abelian sheaf on X . Then H q Z( F ) = H q f -1 (Z) (f -1 F ) as abelian sheaves on,lexical_candidate_only
support,71,section,0A4M,spaces-cohomology-lemma-sections-with-support-acyclic,spaces-cohomology.tex,1406,lemma,Cohomology with support in a closed subspace,egin lemma Let S be a scheme. Let i : Z o X be a closed immersion of algebraic spaces over S . Let I be an injective abelian sheaf on X . Then H Z( I ) is an injective abelian sheaf on Z .,lexical_candidate_only
support,21,text,0DWQ,local-cohomology-section-generalities,local-cohomology.tex,53,section,Generalities,Generalities The following lemma tells us that the functor R Z is related to cohomology with supports. egin lemma lemma-local-cohomology-is-local-cohomolo,lexical_candidate_only
limits,94,section;text,0BSJ,algebra-lemma-colimit-colimit-etale,algebra.tex,42815,lemma,Filtered colimits of etale ring maps,egin lemma Let R be a ring. Let A = olim A i be a filtered colimit of R -algebras such that each A i is a filtered colimit of etale R -algebras. Then A is a filtered colimit of etale R -algebras.,lexical_candidate_only
limits,94,section;text,0BSI,algebra-lemma-composition-colimit-etale,algebra.tex,42784,lemma,Filtered colimits of etale ring maps,"egin lemma Let A o B o C be ring maps. If B is a filtered colimit of etale A -algebras and C is a filtered colimit of etale B -algebras, then C is a filtered colimit of etale A -algebras.",lexical_candidate_only
limits,93,section;text,0BSH,algebra-lemma-base-change-colimit-etale,algebra.tex,42771,lemma,Filtered colimits of etale ring maps,"egin lemma Let R o A and R o R' be ring maps. If A is a filtered colimit of etale R -algebras, then so is R' R A is a filtered colimit of etale R' -algebras.",lexical_candidate_only
limits,93,section;text,0GIM,algebra-lemma-colimit-colimit-etale-better,algebra.tex,42843,lemma,Filtered colimits of etale ring maps,"egin lemma Let I be a directed set. Let i (R i o A i) be a system of arrows of rings over I . Set R = olim R i and A = olim A i . If each A i is a filtered colimit of etale R i -algebras, then A is a filtered colimit of etale R -algebras.",lexical_candidate_only
limits,93,section;text,08HS,algebra-lemma-colimits-of-etale,algebra.tex,42859,lemma,Filtered colimits of etale ring maps,"egin lemma Let R be a ring. Let A o B be an R -algebra homomorphism. If A and B are filtered colimits of etale R -algebras, then B is a filtered colimit of etale A -algebras.",lexical_candidate_only
limits,92,section;text,04GI,algebra-lemma-colimit-henselian,algebra.tex,42926,lemma,Filtered colimits of etale ring maps,egin lemma A filtered colimit of (strictly) henselian local rings along local homomorphisms is (strictly) henselian.,lexical_candidate_only
limits,92,section;text,08HR,algebra-lemma-map-into-henselian-colimit,algebra.tex,42881,lemma,Filtered colimits of etale ring maps,"egin lemma Let R o S be a ring map with S henselian local. Given egin enumerate an R -algebra A which is a filtered colimit of etale R -algebras, a prime q of A lying over p = R ap m S , a appa( p) -algebra map au : appa( q) o S/ m S , then there exists a unique homomorphism of R",lexical_candidate_only
limits,92,section;text,08HT,algebra-lemma-uniqueness-henselian,algebra.tex,42902,lemma,Filtered colimits of etale ring maps,"egin lemma Let R be a ring. Given a commutative diagram of ring maps S K \\ R S' where S , S' are henselian local, S , S' are filtered colimits of etale R -algebras, K is a field and the arrows S o K and S' o K identify K with the residue field of both S and S' . Then there exist",lexical_candidate_only
limits,92,section;text,0BSG,algebra-section-ind-etale,algebra.tex,42762,section,Filtered colimits of etale ring maps,"Filtered colimits of etale ring maps This section is a precursor to the section on ind-etale ring maps (Pro-etale Cohomology, Section ef proetale-section-ind-etale ). The material will also be u",lexical_candidate_only
limits,92,section;text,04AX,categories-section-directed-colimits,categories.tex,2124,section,Filtered colimits,Filtered colimits Colimits are easier to compute or describe when they are over a filtered diagram. Here is the definition. egin definition W,lexical_candidate_only
limits,92,section;text,09ZJ,examples-section-lim-not-quasi-compact,examples.tex,76,section,Non-quasi-compact inverse limit of quasi-compact spaces,"Non-quasi-compact inverse limit of quasi-compact spaces Let N denote the set of natural numbers. For every integer n , let I n denote the set of all natural numbers > n . Define T n to be th",lexical_candidate_only
limits,71,section,002V,categories-definition-directed,categories.tex,2131,definition,Filtered colimits,"egin definition We say that a diagram M : I o C is directed , or filtered if the following conditions hold: egin enumerate the category I has at least one object, for every pair of objects x, y of I there exist an object z and morphisms x o z , y o z , and for every pair of objec",lexical_candidate_only
limits,71,section,002Y,categories-lemma-almost-directed-commutes-equalizers,categories.tex,2478,lemma,Filtered colimits,egin lemma Let I be an index category satisfying the hypotheses of Lemma ef lemma-split-into-directed above. Then colimits over I commute with fibre products and equalizers in sets (and more generally with finite connected limits).,lexical_candidate_only
limits,71,section,0BUC,categories-lemma-cofinal-in-filtered,categories.tex,2230,lemma,Filtered colimits,"egin lemma egin reference ite[Proposition 3.2.4] KS Let I be a category. Let J be a full subcategory. Assume that I is filtered. Assume also that for any object i of I , there exists a morphism i o j to some object j of J . Then J is filtered and cofinal in I .",lexical_candidate_only
limits,71,section,09WR,categories-lemma-colimits-abelian-as-sets,categories.tex,2296,lemma,Filtered colimits,"egin lemma Let I be an index category, i.e., a category. Assume that for every pair of objects x, y of I there exist an object z and morphisms x o z and y o z . Let M : I o extit Ab be a diagram of abelian groups over I . Then the colimit of M in the category of sets surjects ont",lexical_candidate_only
limits,71,section,002W,categories-lemma-directed-commutes,categories.tex,2182,lemma,Filtered colimits,"egin lemma Let I and J be index categories. Assume that I is filtered and J is finite. Let M : I imes J o extit Sets , (i, j) M i, j be a diagram of diagrams of sets. In this case olim i j M i, j = j olim i M i, j . In particular, colimits over I commute with finite products, fib",lexical_candidate_only
limits,71,section,09WT,categories-lemma-preserve-injective-maps,categories.tex,2349,lemma,Filtered colimits,"egin lemma Let I be an index category, i.e., a category. Assume that for every solid diagram x y ..> [d] \\ z ..> [r] w in I there exist an object w and dotted arrows making the diagram commute. Then egin enumerate an injective morphism M o N of diagrams of sets over I gives rise",lexical_candidate_only
limits,71,section,09WQ,categories-lemma-preserve-products,categories.tex,2251,lemma,Filtered colimits,"egin lemma Let I be an index category, i.e., a category. Assume that for every pair of objects x, y of I there exist an object z and morphisms x o z and y o z . Then egin enumerate If M and N are diagrams of sets over I , then olim (M i imes N i) o olim M i imes olim N i is surje",lexical_candidate_only
limits,71,section,09WS,categories-lemma-split-into-connected,categories.tex,2321,lemma,Filtered colimits,"egin lemma Let I be an index category, i.e., a category. Assume that for every solid diagram x y ..> [d] \\ z ..> [r] w in I there exist an object w and dotted arrows making the diagram commute. Then I is either empty or a nonempty disjoint union of connected categories having th",lexical_candidate_only
limits,71,section,002X,categories-lemma-split-into-directed,categories.tex,2452,lemma,Filtered colimits,"egin lemma Let I be an index category, i.e., a category. Assume egin enumerate for every pair of morphisms a : w o x and b : w o y in I there exist an object z and morphisms c : x o z and d : y o z such that c irc a = d irc b , and for every pair of morphisms a, b : x o y there e",lexical_candidate_only
limits,71,section,09ZK,examples-lemma-lim-not-quasi-compact,examples.tex,121,lemma,Non-quasi-compact inverse limit of quasi-compact spaces,egin lemma There exists an inverse system of quasi-compact topological spaces over N whose limit is not quasi-compact.,lexical_candidate_only
limits,22,text,06UV,adequate-remark-settheoretic,adequate.tex,209,remark,Adequate functors,"egin remark Consider the category extit Alg fp, A whose objects are A -algebras B of the form B = A[x 1, , x n]/(f 1, , f m) and whose morphisms are A -algebra maps. Every A -algebra B is a filtered colimit of finitely presented A -algebra, i.e., a filtered colimit of objects of ",lexical_candidate_only
limits,22,text,07BV,algebra-lemma-colimit-syntomic,algebra.tex,44527,lemma,Formal smoothness of fields,"egin lemma Let K/k be a field extension. Then K is a filtered colimit of global complete intersection algebras over k . If K/k is separable, then K is a filtered colimit of smooth algebras over k .",lexical_candidate_only
limits,22,text,0FWY,categories-lemma-extend-functor-by-colim,categories.tex,3948,lemma,Categorically compact objects,egin lemma Let C and D be big categories having filtered colimits. Let C ' C be a small full subcategory consisting of categorically compact objects of C such that every object of C is a filtered colimit of objects of C ' . Then every functor F' : C ' o D has a unique extension F,lexical_candidate_only
limits,22,text,03SA,etale-cohomology-lemma-torsion-colimit-constructible,etale-cohomology.tex,12216,lemma,More on constructible sheaves,egin lemma Let X be a quasi-compact and quasi-separated scheme. egin enumerate Let F be a sheaf of sets on X . Then F is a filtered colimit of constructible sheaves of sets. Let F be a torsion abelian sheaf on X . Then F is a filtered colimit of constructible abelian sheaves. Let,lexical_candidate_only
limits,22,text,0GNJ,functors-lemma-functor-on-fp-modules,functors.tex,41,lemma,Functors on module categories,egin lemma Let A be a ring. Let B be a category having filtered colimits. Let F : ext Mod fp A o B be a functor. Then F extends uniquely to a functor F' : ext Mod A o B which commutes with filtered colimits.,lexical_candidate_only
limits,22,text,03EU,sites-modules-lemma-colimits-flat,sites-modules.tex,4342,lemma,Flat modules,egin lemma Colimits and tensor product. egin enumerate A filtered colimit of flat presheaves of modules is flat. A direct sum of flat presheaves of modules is flat. A filtered colimit of flat sheaves of modules is flat. A direct sum of flat sheaves of modules is flat.,lexical_candidate_only
limits,22,text,07CI,smoothing-lemma-colimit-standard-smooth,smoothing.tex,675,lemma,Presentations of algebras,"egin lemma Let R o be a ring map. If is a filtered colimit of smooth R -algebras, then is a filtered colimit of standard smooth R -algebras.",lexical_candidate_only
limits,22,text,07U6,spaces-cohomology-lemma-colimit-cohomology,spaces-cohomology.tex,480,lemma,Colimits and cohomology,egin lemma egin slogan Higher direct images of qcqs morphisms commute with filtered colimits of sheaves. Let S be a scheme. Let f : X o Y be a quasi-compact and quasi-separated morphism of algebraic spaces over S . Let F = olim F i be a filtered colimit of abelian sheaves on X . ,lexical_candidate_only
limits,21,text,06UU,adequate-lemma-adequate-finite-presentation,adequate.tex,193,lemma,Adequate functors,"egin lemma Let A be a ring. Let F be an adequate functor on extit Alg A . If B = olim B i is a filtered colimit of A -algebras, then F(B) = olim F(B i) .",lexical_candidate_only
limits,21,text,0G8N,algebra-lemma-characterize-finite-module-hom,algebra.tex,1589,lemma,Characterizing finite and finitely presented modules,"egin lemma Let R be a ring. Let N be an R -module. The following are equivalent egin enumerate N is a finite R -module, for any filtered colimit M = olim M i of R -modules the map olim om R(N, M i) o om R(N, M) is injective.",lexical_candidate_only
limits,21,text,0G8P,algebra-lemma-characterize-finitely-presented-module-hom,algebra.tex,1659,lemma,Characterizing finite and finitely presented modules,"egin lemma Let R be a ring. Let N be an R -module. The following are equivalent egin enumerate N is a finitely presented R -module, for any filtered colimit M = olim M i of R -modules the map olim om R(N, M i) o om R(N, M) is bijective.",lexical_candidate_only
limits,21,text,0GIL,algebra-lemma-cofinal-system-flat,algebra.tex,44704,lemma,Constructing flat ring maps,"egin lemma Let A be a ring. Let appa = (|A|, 0) . Then every flat A -algebra B is the filtered colimit of its flat A -subalgebras B' B of cardinality |B'| appa . (Observe that B' is faithfully flat over A if B is faithfully flat over A .)",lexical_candidate_only
limits,21,text,00DQ,algebra-lemma-colimit-tensor-algebra,algebra.tex,2371,lemma,Tensor algebra,egin lemma egin slogan Taking tensor algebras commutes with filtered colimits. Let R be a ring. Let M i be a directed system of R -modules. Then olim i ext T (M i) = ext T (olim i M i) and similarly for the symmetric and exterior algebras.,lexical_candidate_only
limits,21,text,0AS4,algebra-lemma-colimit-valuation-rings,algebra.tex,11844,lemma,Valuation rings,"egin lemma egin slogan Valuation rings are stable under filtered direct limits Let I be a directed set. Let (A i, arphi ij ) be a system of valuation rings over I . Then A = olim A i is a valuation ring.",lexical_candidate_only
limits,21,text,00DB,algebra-lemma-directed-colimit-exact,algebra.tex,908,lemma,Colimits,"egin lemma egin slogan Filtered colimits are exact. Directed colimits are exact. Let I be a directed set. Let (L i, ij ) , (M i, ij ) , and (N i, ij ) be systems of R -modules over I . Let arphi i : L i o M i and i : M i o N i be morphisms of systems over I . Assume that for all ",lexical_candidate_only
limits,21,text,04GN,algebra-lemma-henselization,algebra.tex,42971,lemma,Henselization and strict henselization,"egin lemma Let (R, m, appa) be a local ring. There exists a local ring map R o R h with the following properties egin enumerate R h is henselian, R h is a filtered colimit of etale R -algebras, m R h is the maximal ideal of R h , and appa = R h/ m R h .",lexical_candidate_only
limits,21,text,0CBF,algebra-lemma-integral-closure-commutes-colim-smooth,algebra.tex,40749,lemma,Integral closure and smooth base change,"egin lemma Let R o S and R o B be ring maps. Let A B be the integral closure of R in B . Let A' S R B be the integral closure of S in S R B . If S is a filtered colimit of smooth R -algebras, then the canonical map S R A o A' is an isomorphism.",lexical_candidate_only
limits,21,text,0CAQ,algebra-lemma-smooth-descends-through-colimit,algebra.tex,38230,lemma,Formally smooth maps,egin lemma Let A = olim A i be a filtered colimit of rings. Let A o B be a smooth ring map. There exists an i and a smooth ring map A i o B i such that B = B i A i A .,lexical_candidate_only
limits,21,text,0BNF,algebra-lemma-tor-commutes-filtered-colimits,algebra.tex,18754,lemma,Functorialities for Tor,"egin lemma Let R be a ring. Let M = olim M i be a filtered colimit of R -modules. Let N be an R -module. Then ext Tor n R(M, N) = olim ext Tor n R(M i, N) for all n .",lexical_candidate_only
limits,21,text,07C3,algebra-lemma-when-colimit,algebra.tex,31952,lemma,Colimits and maps of finite presentation,"egin lemma Let R o be a ring map. Let E be a set of R -algebras such that each A E is of finite presentation over R . Then the following two statements are equivalent egin enumerate is a filtered colimit of elements of E , and for any R algebra map A o with A of finite presentati",lexical_candidate_only
limits,21,text,07TB,coherent-lemma-colimit-cohomology,coherent.tex,1146,lemma,Colimits and higher direct images,egin lemma Let f : X o S be a quasi-compact and quasi-separated morphism of schemes. Let F = olim F i be a filtered colimit of abelian sheaves on X . Then for any p 0 we have R pf * F = olim R pf * F i.,lexical_candidate_only
limits,21,text,0GN6,coherent-lemma-directed-colimit-coherent,coherent.tex,2607,lemma,Coherent sheaves on Noetherian schemes,egin lemma Let X be a Noetherian scheme. Every quasi-coherent O X -module is the filtered colimit of its coherent submodules.,lexical_candidate_only
limits,21,text,0BX0,cohomology-example-datta,cohomology.tex,3619,example,Vanishing on Noetherian topological spaces,"egin example Let X = N endowed with the topology whose opens are , X , and U n = \ i i n\ for n 1 . An abelian sheaf F on X is the same as an inverse system of abelian groups A n = F (U n) and (X, F ) = A n . Since the inverse limit functor is not an exact functor on the category",lexical_candidate_only
limits,21,text,079V,cohomology-section-unbounded,cohomology.tex,6546,section,Cohomology of unbounded complexes,"Cohomology of unbounded complexes Let (X, O X) be a ringed space. The category extit Mod ( O X) is a Grothendieck abelian category: it has all colimits, filtered colimits a",lexical_candidate_only
limits,21,text,0EEX,dualizing-lemma-completion-local-H0,dualizing.tex,2153,lemma,Torsion versus complete modules,egin lemma With notation and hypotheses as in Lemma ef lemma-completion-local assume A is I -adically complete. Then H 0(R Z(M) ) = olim H 0 V(J') (M) where the filtered colimit is over J' J such that V(J') ap V(I) = V(J) ap V(I) .,lexical_candidate_only
limits,21,text,08XL,dualizing-lemma-union-essential-extensions,dualizing.tex,141,lemma,Essential surjections and injections,egin lemma Let R be a ring. Let M be an R -module. Let E = olim E i be a filtered colimit of R -modules. Suppose given a compatible system of essential injections M o E i of R -modules. Then M o E is an essential injection.,lexical_candidate_only
limits,21,text,095P,etale-cohomology-lemma-colimit-constructible,etale-cohomology.tex,11903,lemma,Constructible sheaves,"egin lemma Let X be a quasi-compact and quasi-separated scheme. Let F = olim i I F i be a filtered colimit of sheaves of sets, abelian sheaves, or sheaves of modules. egin enumerate If F and F i are constructible sheaves of sets, then the ind-object F i is essentially constant wi",lexical_candidate_only
limits,21,text,09Z4,etale-cohomology-lemma-constructible-is-compact,etale-cohomology.tex,12497,lemma,More on constructible sheaves,"egin lemma Let X be a quasi-compact and quasi-separated scheme. Let be a Noetherian ring. Let F be a constructible sheaf of sets, abelian groups, or -modules on X . Let G = olim G i be a filtered colimit of sheaves of sets, abelian groups, or -modules. Then ( F , G ) = olim ( F ,",lexical_candidate_only
limits,21,text,0F09,etale-cohomology-lemma-smooth-base-change-general,etale-cohomology.tex,17975,lemma,Smooth base change,egin lemma Let S be a scheme. Let S' = S i be a directed inverse limit of schemes S i smooth over S with affine transition morphisms. Let f : X o S be quasi-compact and quasi-separated and form the fibre square X' f' g' X f \\ S' g S Then g -1 Rf *E = R(f') *(g') -1 E for any E D,lexical_candidate_only
limits,21,text,0F0N,etale-cohomology-lemma-support-in-subset,etale-cohomology.tex,13091,lemma,Constructible sheaves on Noetherian schemes,egin lemma Let X be a Noetherian scheme. Let E X be a subset closed under specialization. egin enumerate Let F be a torsion abelian sheaf on X whose support is contained in E . Then F = olim F i is a filtered colimit of constructible abelian sheaves F i such that for each i the s,lexical_candidate_only
limits,21,text,0F0M,etale-cohomology-lemma-zero-in-generic-point,etale-cohomology.tex,12731,lemma,More on constructible sheaves,egin lemma Let X be a quasi-compact and quasi-separated scheme. Let X be a generic point of an irreducible component of X . egin enumerate Let F be a torsion abelian sheaf on X whose stalk F is zero. Then F = olim F i is a filtered colimit of constructible abelian sheaves F i suc,lexical_candidate_only
limits,21,text,03QL,etale-cohomology-theorem-henselization,etale-cohomology.tex,4216,theorem,Henselian rings,"egin theorem Let (R, m, appa) be a local ring and appa sep a separable algebraic closure. There exist canonical flat local ring maps R o R h o R sh where egin enumerate R h , R sh are filtered colimits of etale R -algebras, R h is henselian, R sh is strictly henselian, m R h (res",lexical_candidate_only
limits,21,text,0ATF,examples-lemma-weird-flat-map,examples.tex,6723,lemma,Flat maps are not directed limits of finitely presented flat maps,"egin lemma There exists a commutative ring A and a flat A -algebra B which cannot be written as a filtered colimit of finitely presented flat A -algebras. In fact, we may either choose A to be a finite type F p -algebra or a 1 -dimensional Noetherian local ring with residue field",lexical_candidate_only
limits,21,text,0ATE,examples-section-flat-not-colimit-flat-finitely-presented,examples.tex,6629,section,Flat maps are not directed limits of finitely presented flat maps,Flat maps are not directed limits of finitely presented flat maps The goal of this section is to give an example of a flat ring map which is not a filtered colimit of flat and finitely presented rin,lexical_candidate_only
limits,21,text,05U7,flat-lemma-flat-finite-type-local-colimit-free,flat.tex,5759,lemma,How purity is used,"egin lemma Let A o B be a local ring map of local rings which is essentially of finite type. Let N be a finite B -module which is flat as an A -module. If A is henselian, then N is a filtered colimit N = olim i F i of free A -modules F i such that all transition maps u i : F i o ",lexical_candidate_only
limits,21,text,0AIT,formal-spaces-section-global-colimits,formal-spaces.tex,2745,section,Colimits of algebraic spaces along thickenings,Colimits of algebraic spaces along thickenings A special type of formal algebraic space is one which can globally be written as a cofiltered colimit of algebraic spaces along thickenings as in the followi,lexical_candidate_only
limits,21,text,0FZL,functors-lemma-functor-coherent,functors.tex,1826,lemma,Functors between categories of coherent modules,"egin lemma Let X and Y be Noetherian schemes. Let F : extit Coh ( O X) o extit Coh ( O Y) be a functor. Then F extends uniquely to a functor ( O X) o ( O Y) which commutes with filtered colimits. If F is additive, then its extension commutes with arbitrary direct sums. If F is ex",lexical_candidate_only
limits,21,text,0GP9,functors-lemma-functor-finite-modules,functors.tex,781,lemma,Extending functors on categories of modules,"egin lemma Let A and B be Noetherian rings. Let F : ext Mod fg A o ext Mod fg B be a functor. Then F extends uniquely to a functor F' : ext Mod A o ext Mod B which commutes with filtered colimits. If F is additive, then F' is additive and commutes with arbitrary direct sums. If F",lexical_candidate_only
limits,21,text,0GP4,functors-lemma-functor-fp-modules,functors.tex,714,lemma,Extending functors on categories of modules,egin lemma Let A and B be rings. Let F : ext Mod fp A o ext Mod fp B be a functor. Then F extends uniquely to a functor F' : ext Mod A o ext Mod B which commutes with filtered colimits.,lexical_candidate_only
limits,21,text,0GNM,functors-lemma-functor-on-fp-modules-left-exact,functors.tex,187,lemma,Functors on module categories,"egin lemma Let A , B , F be as in Lemma ef lemma-functor-on-fp-modules . Assume A is a coherent ring (Algebra, Definition ef algebra-definition-coherent ), B is additive, has kernels, filtered colimits commute with taking kernels, and F is left exact. Then F' is additive, left ex",lexical_candidate_only
limits,21,text,07TU,groupoids-lemma-colimit-coherent,groupoids.tex,3300,lemma,Colimits of quasi-coherent modules,"egin lemma Let (U, R, s, t, c) be a groupoid scheme over S . Assume that egin enumerate U , R are Noetherian, s, t are flat, quasi-compact, and quasi-separated. Then every quasi-coherent module ( F , eta) on (U, R, s, t, c) is a filtered colimit of coherent modules.",lexical_candidate_only
limits,21,text,07TS,groupoids-section-colimits,groupoids.tex,3106,section,Colimits of quasi-coherent modules,Colimits of quasi-coherent modules In this section we prove some technical results saying that under suitable assumptions every quasi-coherent module on a groupoid is a filtered colimit of ``small'',lexical_candidate_only
limits,21,text,079B,injectives-definition-grothendieck-conditions,injectives.tex,1273,definition,Grothendieck's AB conditions,"egin definition Let A be an abelian category. We name some conditions egin enumerate A has direct sums, A has AB3 and direct sums are exact, A has AB3 and filtered colimits are exact. Here are the dual notions egin enumerate A has products, A has AB3* and products are exact, A ha",lexical_candidate_only
limits,21,text,05NG,modules-lemma-colimits-flat,modules.tex,2611,lemma,Flat modules,"egin lemma Let (X, O X) be a ringed space. A filtered colimit of flat O X -modules is flat. A direct sum of flat O X -modules is flat.",lexical_candidate_only
limits,21,text,0CAI,modules-lemma-filtered-colimit-constructibles,modules.tex,3016,lemma,Constructible sheaves of sets,"egin lemma Let X be a topological space. Let B be a basis for the topology of X and assume that each U B is quasi-compact. Then every sheaf of sets on X is a filtered colimit of sheaves of the form egin equation ext Coequalizer ( oprod b = 1, , m j V b! nderline S b <1ex>[r] <-1e",lexical_candidate_only
limits,21,text,0GMV,modules-lemma-hom-finite-presentation-colimit,modules.tex,3759,lemma,Internal Hom,"egin lemma Let X be a ringed space. Let F be an O X -module of finite presentation. Let G = olim G be a filtered colimit of O X -modules. Then the canonical map olim O X ( F , G ) O X ( F , G ) is an isomorphism.",lexical_candidate_only
limits,21,text,092Q,more-algebra-lemma-absolutely-flat-over-field,more-algebra.tex,30504,lemma,Weakly etale ring maps,"egin lemma Let B be an algebra over a field K . The following are equivalent egin enumerate B K B o B is flat, K o B is weakly etale, and B is a filtered colimit of etale K -algebras. Moreover, every finitely generated K -subalgebra of B is etale over K .",lexical_candidate_only
limits,21,text,0G8X,more-algebra-lemma-characterize-pseudo-coherent-colimit-ext,more-algebra.tex,16628,lemma,"Pseudo-coherent modules, II","egin lemma Let R be a ring. Let K D -(R) . Let m Z . Then K is m -pseudo-coherent if and only if for any filtered colimit M = olim M i of R -modules we have olim n R(K, M i) = n R(K, M) for n < -m and olim -m R(K, M i) o -m R(K, M) is injective.",lexical_candidate_only
limits,21,text,06Y3,more-algebra-lemma-colimit-K-flat,more-algebra.tex,14314,lemma,Derived tensor product,egin lemma Let R be a ring. Let K 1 ullet o K 2 ullet o be a system of K-flat complexes. Then olim i K i ullet is K-flat. More generally any filtered colimit of K-flat complexes is K-flat.,lexical_candidate_only
limits,21,text,0BC7,more-algebra-lemma-colimit-perfect-complexes,more-algebra.tex,19268,lemma,Perfect complexes,"egin lemma Let R = olim i I R i be a filtered colimit of rings. egin enumerate Given a perfect K in D(R) there exists an i I and a perfect K i in D(R i) such that K ong K i R i L R in D(R) . Given 0 I and K 0, L 0 D(R 0) with K 0 perfect, we have om D(R) (K 0 R 0 L R, L 0 R 0 L R",lexical_candidate_only
limits,21,text,0DHX,more-algebra-lemma-colimit-relatively-perfect,more-algebra.tex,22105,lemma,Relatively perfect modules,egin lemma Let R = olim i I R i be a filtered colimit of rings. Let 0 I and R 0 o A 0 be a flat ring map of finite presentation. For i 0 set A i = R i R 0 A 0 and set A = R R 0 A 0 . egin enumerate Given an R -perfect K in D(A) there exists an i I and an R i -perfect K i in D(A i,lexical_candidate_only
limits,21,text,0DCR,more-algebra-lemma-construct-absolute-integral-closure,more-algebra.tex,3571,lemma,Absolute integral closure,"egin lemma For any ring A there exists an extension A B such that egin enumerate B is a filtered colimit of finite free A -algebras, B is free as an A -module, and B is absolutely integrally closed.",lexical_candidate_only
limits,21,text,0AH1,more-algebra-lemma-filtered-colimit-etale-noetherian-fibres,more-algebra.tex,11236,lemma,Permanence of properties under henselization,"egin lemma Let A be a ring. Let B be a filtered colimit of etale A -algebras. Let p be a prime of A . If B is Noetherian, then there are finitely many primes q 1, , q r lying over p , we have B A appa( p) = appa( q i) , and each of the field extensions appa( q i)/appa( p) is sepa",lexical_candidate_only
limits,21,text,0FWT,more-algebra-lemma-filtered-colimits-henselian,more-algebra.tex,2885,lemma,Henselian pairs,"egin lemma The property of being Henselian is preserved under filtered colimits of pairs. More precisely, let J be a directed set and let (A j, I j) be a system of henselian pairs over J . Then A = olim A j equipped with the ideal I = olim I j is a henselian pair (A, I) .",lexical_candidate_only
limits,21,text,0A41,more-algebra-lemma-henselian-local-limit-G-rings,more-algebra.tex,12674,lemma,G-rings,"egin lemma Let (A, m) be a henselian local ring. Then A is a filtered colimit of a system of henselian local G-rings with local transition maps.",lexical_candidate_only
limits,21,text,0A04,more-algebra-lemma-henselization-colimit,more-algebra.tex,3181,lemma,Henselization of pairs,"egin lemma Let (A, I) = olim (A i, I i) be a filtered colimit of pairs. The functor of Lemma ef lemma-henselization gives A h = olim A i h and I h = olim I i h .",lexical_candidate_only
limits,21,text,0G8W,more-algebra-lemma-pseudo-coherence-colimit-ext,more-algebra.tex,16596,lemma,"Pseudo-coherent modules, II","egin lemma Let R be a ring. Let M = olim M i be a filtered colimit of R -modules. Let K D(R) be m -pseudo-coherent. Then olim n R(K, M i) = n R(K, M) for n < -m and olim -m R(K, M i) o -m R(K, M) is injective.",lexical_candidate_only
limits,21,text,07D5,more-algebra-lemma-transitive-colimit-lci-at-end,more-algebra.tex,8508,lemma,Local complete intersection maps,egin lemma Let A o B o C be ring maps. If B o C is a filtered colimit of local complete intersection homomorphisms then the conclusion of Lemma ef lemma-transitive-lci-at-end remains valid.,lexical_candidate_only
limits,21,text,092N,more-algebra-lemma-when-weakly-etale,more-algebra.tex,30454,lemma,Weakly etale ring maps,"egin lemma Let A o B be a ring map. Then A o B is weakly etale in each of the following cases egin enumerate B = S -1 A is a localization of A , A o B is etale, B is a filtered colimit of weakly etale A -algebras.",lexical_candidate_only
limits,21,text,0CKQ,more-algebra-section-weakly-etale-over-field,more-algebra.tex,30838,section,Weakly etale algebras over fields,"Weakly etale algebras over fields If K is a field, then an algebra B is weakly etale over K if and only if it is a filtered colimit of etale K -algebras. This is Lemma ef",lexical_candidate_only
limits,21,text,0CN8,morphisms-lemma-colimit-inherits,morphisms.tex,11539,lemma,Universal homeomorphisms of affine schemes,"egin lemma Let A be a ring. Let B = olim B be a filtered colimit of A -algebras. If each f : (B ) o (A) is a universal homeomorphism, resp.\ a universal homeomorphism inducing isomorphisms on residue fields, resp.\ universally closed, resp.\ universally closed and universally inj",lexical_candidate_only
limits,21,text,0EUJ,morphisms-lemma-universal-homeo-limit,morphisms.tex,11911,lemma,Universal homeomorphisms of affine schemes,"egin lemma Let A o B be a ring map. egin enumerate If A o B induces a universal homeomorphism on spectra, then B = olim B i is a filtered colimit of finitely presented A -algebras B i such that A o B i induces a universal homeomorphism on spectra. If A o B induces isomorphisms on",lexical_candidate_only
limits,21,text,097I,proetale-definition-ind-etale,proetale.tex,1160,definition,Ind-etale algebra,egin definition A ring map A o B is said to be ind-etale if B can be written as a filtered colimit of etale A -algebras.,lexical_candidate_only
limits,21,text,096N,proetale-definition-ind-zariski,proetale.tex,414,definition,Ind-Zariski algebra,egin definition A ring map A o B is said to be ind-Zariski if B can be written as a filtered colimit B = olim B i with each A o B i a local isomorphism.,lexical_candidate_only
limits,21,text,097L,proetale-lemma-ind-ind-etale,proetale.tex,1191,lemma,Ind-etale algebra,egin lemma A filtered colimit of ind-etale A -algebras is ind-etale over A .,lexical_candidate_only
limits,21,text,096S,proetale-lemma-ind-ind-zariski,proetale.tex,459,lemma,Ind-Zariski algebra,egin lemma A filtered colimit of ind-Zariski A -algebras is ind-Zariski over A .,lexical_candidate_only
limits,21,text,01PJ,properties-lemma-directed-colimit-diagram-finite-presentation,properties.tex,3040,lemma,Extending quasi-coherent sheaves,egin lemma egin slogan Quasi-coherent modules on quasi-compact and quasi-separated schemes are filtered colimits of finitely presented modules. Let X be a scheme. Assume X is quasi-compact and quasi-separated. Let F be a quasi-coherent O X -module. There exist egin enumerate a fi,lexical_candidate_only
limits,21,text,0FR0,sdga-lemma-gm-abelian,sdga.tex,169,lemma,Sheaves of graded modules,"egin lemma Let ( C , O ) be a ringed site. Let A be a graded O -algebra. The category extit Mod ( A ) is an abelian category with the following properties egin enumerate extit Mod ( A ) has arbitrary direct sums, extit Mod ( A ) has arbitrary colimits, filtered colimit in extit M",lexical_candidate_only
limits,21,text,0FSD,sdga-lemma-good-direct-sum,sdga.tex,2805,lemma,Flat resolutions,"egin lemma Let ( C , O ) be a ringed site. Let A be a sheaf of differential graded algebras on ( C , O ) . An arbitrary direct sum of good differential graded A -modules is good. A filtered colimit of good differential graded A -modules is good.",lexical_candidate_only
limits,21,text,007M,sheaves-definition-algebraic-structure,sheaves.tex,1185,definition,Algebraic structures,"egin definition A type of algebraic structure is given by a category C and a functor F : C o extit Sets with the following properties egin enumerate F is faithful, C has limits and F commutes with limits, C has filtered colimits and F commutes with them, and F reflects isomorphis",lexical_candidate_only
limits,21,text,08Q5,simplicial-lemma-filtered-colimit-trivial-kan,simplicial.tex,5714,lemma,Trivial Kan fibrations,egin lemma A filtered colimit of trivial Kan fibrations is a trivial Kan fibration.,lexical_candidate_only
limits,21,text,0GN0,sites-modules-lemma-finite-presentation-quasi-compact-colimit,sites-modules.tex,4194,lemma,Internal Hom,"egin lemma Let ( C , O ) be a ringed site. Let G = olim G be a filtered colimit of O -modules. Let F be an O -module of finite presentation. Then we have olim om O ( F , G ) = om O ( F , G ). if the hypotheses of Sites, Lemma ef sites-lemma-directed-colimits-global-sections part ",lexical_candidate_only
limits,21,text,0GMZ,sites-modules-lemma-hom-finite-presentation-colimit,sites-modules.tex,4129,lemma,Internal Hom,"egin lemma Let ( C , O ) be a ringed site. Let F be an O -module of finite presentation. Let G = olim G be a filtered colimit of O -modules. Then the canonical map olim O ( F , G ) O ( F , G ) is an isomorphism.",lexical_candidate_only
limits,21,text,03DB,sites-modules-lemma-limits-colimits,sites-modules.tex,1358,lemma,The abelian category of sheaves of modules,"egin lemma Let ( ( C ), O ) be a ringed topos. All limits and colimits exist in extit Mod ( O ) and the forgetful functor extit Mod ( O ) o extit Ab ( C ) commutes with them. Moreover, filtered colimits are exact.",lexical_candidate_only
limits,21,text,093C,sites-modules-lemma-module-filtered-colimit-constructibles,sites-modules.tex,5224,lemma,Towards constructible modules,"egin lemma In Situation ef situation-quasi-compact-objects assume (ef item-enough ) and (ef item-enough-qc ) hold. egin enumerate Every sheaf of sets is a filtered colimit of sheaves of the form egin equation ext Coequalizer ( oprod j = 1, , m h V j \# <1ex>[r] <-1ex>[r] oprod i ",lexical_candidate_only
limits,21,text,07FG,smoothing-lemma-helper,smoothing.tex,2445,lemma,Inseparable residue fields,"egin lemma Let k be a field of characteristic p > 0 . Let ( , m, K) be an Artinian local k -algebra. Assume that im H 1(L K/k ) < . Then is a filtered colimit of Artinian local k -algebras A with each map A o flat, with m A = m , and with A essentially of finite type over k .",lexical_candidate_only
limits,21,text,07CK,smoothing-lemma-lift-once,smoothing.tex,1238,lemma,The lifting problem,"egin lemma Let R o be a ring map. Let I R be an ideal. Assume that egin enumerate I 2 = 0 , and /I is a filtered colimit of smooth R/I -algebras. Let arphi : A o be an R -algebra map with A of finite presentation over R . Then there exists a factorization A o B/J o where B is a s",lexical_candidate_only
limits,21,text,07CL,smoothing-lemma-lift-twice,smoothing.tex,1308,lemma,The lifting problem,"egin lemma Let R o be a ring map. Let I R be an ideal. Assume that egin enumerate I 2 = 0 , /I is a filtered colimit of smooth R/I -algebras, and R o is flat. Let arphi : B o be an R -algebra map with B smooth over R . Let J IB be a finitely generated ideal such that arphi(J) = 0",lexical_candidate_only
limits,21,text,0BJ7,smoothing-lemma-neron-colimit,smoothing.tex,1189,lemma,Intermezzo: Neron desingularization,egin lemma egin slogan Unramified extensions of DVRs are ind-smooth AKA Neron desingularization Let R be an extension of discrete valuation rings which has ramification index 1 and induces a separable extension of residue fields and of fraction fields. Then is a filtered colimit ,lexical_candidate_only
